run,date,equity,n_pos
SPY,2016-01-04,100214.24,1
SPY,2016-01-05,100383.74,1
SPY,2016-01-06,99117.48,1
SPY,2016-01-07,96739.5,1
SPY,2016-01-08,95677.63,1
SPY,2016-01-11,95772.35,1
SPY,2016-01-12,96545.07,1
SPY,2016-01-13,94137.18,1
SPY,2016-01-14,95682.61,1
SPY,2016-01-15,93628.68,1
SPY,2016-01-19,93753.31,1
SPY,2016-01-20,92551.85,1
SPY,2016-01-21,93070.33,1
SPY,2016-01-22,94979.69,1
SPY,2016-01-25,93543.93,1
SPY,2016-01-26,94820.16,1
SPY,2016-01-27,93788.21,1
SPY,2016-01-28,94276.77,1
SPY,2016-01-29,96574.98,1
SPY,2016-02-01,96540.08,1
SPY,2016-02-02,94800.22,1
SPY,2016-02-03,95368.54,1
SPY,2016-02-04,95518.11,1
SPY,2016-02-05,93698.47,1
SPY,2016-02-08,92437.19,1
SPY,2016-02-09,92442.18,1
SPY,2016-02-10,92362.42,1
SPY,2016-02-11,91160.96,1
SPY,2016-02-12,93040.42,1
SPY,2016-02-16,94610.78,1
SPY,2016-02-17,96156.22,1
SPY,2016-02-18,95762.38,1
SPY,2016-02-19,95717.51,1
SPY,2016-02-22,97103.42,1
SPY,2016-02-23,95877.05,1
SPY,2016-02-24,96315.75,1
SPY,2016-02-25,97482.3,1
SPY,2016-02-26,97257.97,1
SPY,2016-02-29,96495.22,1
SPY,2016-03-01,98763.52,1
SPY,2016-03-02,99207.21,1
SPY,2016-03-03,99596.07,1
SPY,2016-03-04,99920.11,1
SPY,2016-03-07,99999.87,1
SPY,2016-03-08,98908.09,1
SPY,2016-03-09,99396.66,1
SPY,2016-03-10,99476.42,1
SPY,2016-03-11,101081.68,1
SPY,2016-03-14,100952.06,1
SPY,2016-03-15,100787.55,1
SPY,2016-03-16,101370.83,1
SPY,2016-03-17,102013.93,1
SPY,2016-03-18,101889.3,1
SPY,2016-03-21,102033.87,1
SPY,2016-03-22,101979.03,1
SPY,2016-03-23,101306.02,1
SPY,2016-03-24,101261.15,1
SPY,2016-03-28,101320.98,1
SPY,2016-03-29,102258.21,1
SPY,2016-03-30,102706.89,1
SPY,2016-03-31,102457.62,1
SPY,2016-04-01,103155.56,1
SPY,2016-04-04,102821.55,1
SPY,2016-04-05,101794.58,1
SPY,2016-04-06,102906.3,1
SPY,2016-04-07,101674.93,1
SPY,2016-04-08,101949.12,1
SPY,2016-04-11,101709.83,1
SPY,2016-04-12,102657.03,1
SPY,2016-04-13,103693.97,1
SPY,2016-04-14,103698.96,1
SPY,2016-04-15,103584.3,1
SPY,2016-04-18,104312.15,1
SPY,2016-04-19,104641.17,1
SPY,2016-04-20,104740.89,1
SPY,2016-04-21,104177.55,1
SPY,2016-04-22,104177.55,1
SPY,2016-04-25,103998.08,1
SPY,2016-04-26,104152.62,1
SPY,2016-04-27,104366.99,1
SPY,2016-04-28,103419.78,1
SPY,2016-04-29,102861.43,1
SPY,2016-05-02,103679.02,1
SPY,2016-05-03,102776.68,1
SPY,2016-05-04,102203.37,1
SPY,2016-05-05,102183.43,1
SPY,2016-05-06,102557.33,1
SPY,2016-05-09,102642.08,1
SPY,2016-05-10,103918.31,1
SPY,2016-05-11,102946.18,1
SPY,2016-05-12,102976.09,1
SPY,2016-05-13,102078.74,1
SPY,2016-05-16,103085.77,1
SPY,2016-05-17,102123.61,1
SPY,2016-05-18,102153.52,1
SPY,2016-05-19,101799.56,1
SPY,2016-05-20,102442.67,1
SPY,2016-05-23,102303.08,1
SPY,2016-05-24,103629.16,1
SPY,2016-05-25,104332.09,1
SPY,2016-05-26,104362.0,1
SPY,2016-05-27,104810.68,1
SPY,2016-05-31,104611.26,1
SPY,2016-06-01,104825.64,1
SPY,2016-06-02,105144.69,1
SPY,2016-06-03,104830.62,1
SPY,2016-06-06,105364.05,1
SPY,2016-06-07,105528.55,1
SPY,2016-06-08,105872.54,1
SPY,2016-06-09,105727.97,1
SPY,2016-06-10,104725.93,1
SPY,2016-06-13,103918.31,1
SPY,2016-06-14,103713.91,1
SPY,2016-06-15,103569.34,1
SPY,2016-06-16,103878.43,1
SPY,2016-06-17,102956.15,1
SPY,2016-06-20,103619.2,1
SPY,2016-06-21,103913.33,1
SPY,2016-06-22,103743.83,1
SPY,2016-06-23,105094.84,1
SPY,2016-06-24,101320.98,1
SPY,2016-06-27,99506.33,1
SPY,2016-06-28,101301.03,1
SPY,2016-06-29,103025.95,1
SPY,2016-06-30,104431.79,1
SPY,2016-07-01,104651.15,1
SPY,2016-07-05,103898.37,1
SPY,2016-07-06,104521.53,1
SPY,2016-07-07,104456.72,1
SPY,2016-07-08,106012.13,1
SPY,2016-07-11,106386.02,1
SPY,2016-07-12,107158.75,1
SPY,2016-07-13,107143.79,1
SPY,2016-07-14,107742.02,1
SPY,2016-07-15,107597.45,1
SPY,2016-07-18,107886.6,1
SPY,2016-07-19,107776.92,1
SPY,2016-07-20,108225.6,1
SPY,2016-07-21,107816.81,1
SPY,2016-07-22,108300.38,1
SPY,2016-07-25,108006.24,1
SPY,2016-07-26,108056.1,1
SPY,2016-07-27,107941.44,1
SPY,2016-07-28,108066.07,1
SPY,2016-07-29,108240.55,1
SPY,2016-08-01,108150.82,1
SPY,2016-08-02,107457.87,1
SPY,2016-08-03,107771.93,1
SPY,2016-08-04,107886.6,1
SPY,2016-08-05,108768.99,1
SPY,2016-08-08,108704.19,1
SPY,2016-08-09,108768.99,1
SPY,2016-08-10,108499.79,1
SPY,2016-08-11,109003.3,1
SPY,2016-08-12,108908.59,1
SPY,2016-08-15,109222.65,1
SPY,2016-08-16,108659.32,1
SPY,2016-08-17,108863.71,1
SPY,2016-08-18,109108.0,1
SPY,2016-08-19,108948.46,1
SPY,2016-08-22,108943.48,1
SPY,2016-08-23,109162.83,1
SPY,2016-08-24,108604.48,1
SPY,2016-08-25,108529.7,1
SPY,2016-08-26,108325.3,1
SPY,2016-08-29,108858.73,1
SPY,2016-08-30,108679.26,1
SPY,2016-08-31,108370.17,1
SPY,2016-09-01,108375.16,1
SPY,2016-09-02,108863.71,1
SPY,2016-09-06,109192.74,1
SPY,2016-09-07,109182.77,1
SPY,2016-09-08,108933.51,1
SPY,2016-09-09,106326.2,1
SPY,2016-09-12,107851.7,1
SPY,2016-09-13,106301.28,1
SPY,2016-09-14,106261.39,1
SPY,2016-09-15,107323.26,1
SPY,2016-09-16,106371.07,1
SPY,2016-09-19,106391.02,1
SPY,2016-09-20,106396.0,1
SPY,2016-09-21,107592.47,1
SPY,2016-09-22,108270.46,1
SPY,2016-09-23,107677.22,1
SPY,2016-09-26,106804.79,1
SPY,2016-09-27,107467.84,1
SPY,2016-09-28,108001.26,1
SPY,2016-09-29,107024.14,1
SPY,2016-09-30,107831.76,1
SPY,2016-10-03,107572.53,1
SPY,2016-10-04,107024.14,1
SPY,2016-10-05,107497.75,1
SPY,2016-10-06,107572.53,1
SPY,2016-10-07,107203.61,1
SPY,2016-10-10,107761.97,1
SPY,2016-10-11,106400.98,1
SPY,2016-10-12,106540.58,1
SPY,2016-10-13,106191.6,1
SPY,2016-10-14,106246.44,1
SPY,2016-10-17,105877.53,1
SPY,2016-10-18,106540.58,1
SPY,2016-10-19,106824.73,1
SPY,2016-10-20,106625.32,1
SPY,2016-10-21,106675.17,1
SPY,2016-10-24,107128.84,1
SPY,2016-10-25,106769.89,1
SPY,2016-10-26,106555.53,1
SPY,2016-10-27,106271.37,1
SPY,2016-10-28,105957.29,1
SPY,2016-10-31,105962.28,1
SPY,2016-11-01,105194.54,1
SPY,2016-11-02,104561.42,1
SPY,2016-11-03,104082.82,1
SPY,2016-11-04,103968.17,1
SPY,2016-11-07,106261.39,1
SPY,2016-11-08,106739.98,1
SPY,2016-11-09,107871.65,1
SPY,2016-11-10,108140.85,1
SPY,2016-11-11,107891.58,1
SPY,2016-11-14,107976.33,1
SPY,2016-11-15,108818.85,1
SPY,2016-11-16,108614.45,1
SPY,2016-11-17,109172.81,1
SPY,2016-11-18,108928.52,1
SPY,2016-11-21,109751.09,1
SPY,2016-11-22,109965.47,1
SPY,2016-11-23,110025.29,1
SPY,2016-11-25,110434.08,1
SPY,2016-11-28,109915.61,1
SPY,2016-11-29,110129.98,1
SPY,2016-11-30,109865.76,1
SPY,2016-12-01,109461.95,1
SPY,2016-12-02,109516.78,1
SPY,2016-12-05,110174.85,1
SPY,2016-12-06,110523.81,1
SPY,2016-12-07,111969.55,1
SPY,2016-12-08,112243.74,1
SPY,2016-12-09,112921.74,1
SPY,2016-12-12,112792.12,1
SPY,2016-12-13,113544.9,1
SPY,2016-12-14,112607.67,1
SPY,2016-12-15,113071.3,1
SPY,2016-12-16,112188.9,1
SPY,2016-12-19,112433.18,1
SPY,2016-12-20,112866.9,1
SPY,2016-12-21,112552.83,1
SPY,2016-12-22,112358.4,1
SPY,2016-12-23,112522.92,1
SPY,2016-12-27,112802.09,1
SPY,2016-12-28,111869.84,1
SPY,2016-12-29,111844.92,1
SPY,2016-12-30,111436.12,1
SPY,2017-01-03,112288.61,1
SPY,2017-01-04,112956.64,1
SPY,2017-01-05,112866.9,1
SPY,2017-01-06,113270.71,1
SPY,2017-01-09,112896.82,1
SPY,2017-01-10,112896.82,1
SPY,2017-01-11,113215.87,1
SPY,2017-01-12,112931.71,1
SPY,2017-01-13,113190.95,1
SPY,2017-01-17,112792.12,1
SPY,2017-01-18,113041.39,1
SPY,2017-01-19,112622.62,1
SPY,2017-01-20,113036.4,1
SPY,2017-01-23,112742.27,1
SPY,2017-01-24,113465.14,1
SPY,2017-01-25,114447.24,1
SPY,2017-01-26,114327.59,1
SPY,2017-01-27,114148.12,1
SPY,2017-01-30,113440.21,1
SPY,2017-01-31,113430.24,1
SPY,2017-02-01,113475.1,1
SPY,2017-02-02,113549.89,1
SPY,2017-02-03,114332.57,1
SPY,2017-02-06,114128.18,1
SPY,2017-02-07,114133.17,1
SPY,2017-02-08,114282.73,1
SPY,2017-02-09,114960.72,1
SPY,2017-02-10,115414.38,1
SPY,2017-02-13,116042.53,1
SPY,2017-02-14,116506.16,1
SPY,2017-02-15,117114.37,1
SPY,2017-02-16,117014.66,1
SPY,2017-02-17,117199.11,1
SPY,2017-02-21,117897.06,1
SPY,2017-02-22,117792.36,1
SPY,2017-02-23,117872.13,1
SPY,2017-02-24,118021.69,1
SPY,2017-02-27,118206.14,1
SPY,2017-02-28,117887.09,1
SPY,2017-03-01,119537.21,1
SPY,2017-03-02,118784.44,1
SPY,2017-03-03,118859.22,1
SPY,2017-03-06,118505.26,1
SPY,2017-03-07,118151.31,1
SPY,2017-03-08,117931.95,1
SPY,2017-03-09,118081.51,1
SPY,2017-03-10,118495.29,1
SPY,2017-03-13,118555.11,1
SPY,2017-03-14,118101.45,1
SPY,2017-03-15,119123.44,1
SPY,2017-03-16,118889.13,1
SPY,2017-03-17,118166.26,1
SPY,2017-03-20,118036.65,1
SPY,2017-03-21,116521.11,1
SPY,2017-03-22,116795.31,1
SPY,2017-03-23,116670.67,1
SPY,2017-03-24,116585.93,1
SPY,2017-03-27,116466.28,1
SPY,2017-03-28,117313.78,1
SPY,2017-03-29,117423.45,1
SPY,2017-03-30,117797.35,1
SPY,2017-03-31,117523.16,1
SPY,2017-04-03,117318.76,1
SPY,2017-04-04,117393.54,1
SPY,2017-04-05,117044.57,1
SPY,2017-04-06,117373.6,1
SPY,2017-04-07,117253.95,1
SPY,2017-04-10,117323.75,1
SPY,2017-04-11,117184.16,1
SPY,2017-04-12,116670.67,1
SPY,2017-04-13,115912.91,1
SPY,2017-04-17,116939.88,1
SPY,2017-04-18,116590.91,1
SPY,2017-04-19,116376.54,1
SPY,2017-04-20,117323.75,1
SPY,2017-04-21,116949.85,1
SPY,2017-04-24,118236.05,1
SPY,2017-04-25,118924.03,1
SPY,2017-04-26,118849.24,1
SPY,2017-04-27,118948.95,1
SPY,2017-04-28,118689.72,1
SPY,2017-05-01,118988.83,1
SPY,2017-05-02,119033.7,1
SPY,2017-05-03,118889.13,1
SPY,2017-05-04,119028.71,1
SPY,2017-05-05,119497.33,1
SPY,2017-05-08,119477.39,1
SPY,2017-05-09,119367.72,1
SPY,2017-05-10,119582.08,1
SPY,2017-05-11,119337.81,1
SPY,2017-05-12,119138.39,1
SPY,2017-05-15,119796.45,1
SPY,2017-05-16,119686.78,1
SPY,2017-05-17,117563.05,1
SPY,2017-05-18,118036.65,1
SPY,2017-05-19,118804.38,1
SPY,2017-05-22,119407.6,1
SPY,2017-05-23,119671.82,1
SPY,2017-05-24,119950.99,1
SPY,2017-05-25,120524.3,1
SPY,2017-05-26,120499.38,1
SPY,2017-05-30,120394.68,1
SPY,2017-05-31,120364.77,1
SPY,2017-06-01,121321.95,1
SPY,2017-06-02,121725.76,1
SPY,2017-06-05,121636.02,1
SPY,2017-06-06,121247.17,1
SPY,2017-06-07,121471.51,1
SPY,2017-06-08,121531.33,1
SPY,2017-06-09,121346.88,1
SPY,2017-06-12,121321.95,1
SPY,2017-06-13,121915.2,1
SPY,2017-06-14,121760.66,1
SPY,2017-06-15,121526.35,1
SPY,2017-06-16,120963.01,1
SPY,2017-06-19,121970.04,1
SPY,2017-06-20,121147.46,1
SPY,2017-06-21,121117.55,1
SPY,2017-06-22,121062.71,1
SPY,2017-06-23,121207.29,1
SPY,2017-06-26,121287.05,1
SPY,2017-06-27,120309.94,1
SPY,2017-06-28,121386.76,1
SPY,2017-06-29,120319.91,1
SPY,2017-06-30,120544.25,1
SPY,2017-07-03,120748.64,1
SPY,2017-07-05,121027.82,1
SPY,2017-07-06,119921.08,1
SPY,2017-07-07,120698.79,1
SPY,2017-07-10,120828.4,1
SPY,2017-07-11,120738.67,1
SPY,2017-07-12,121645.99,1
SPY,2017-07-13,121850.39,1
SPY,2017-07-14,122418.71,1
SPY,2017-07-17,122403.76,1
SPY,2017-07-18,122468.57,1
SPY,2017-07-19,123131.61,1
SPY,2017-07-20,123186.45,1
SPY,2017-07-21,123076.77,1
SPY,2017-07-24,123046.86,1
SPY,2017-07-25,123345.97,1
SPY,2017-07-26,123350.96,1
SPY,2017-07-27,123236.3,1
SPY,2017-07-28,123091.73,1
SPY,2017-07-31,123021.93,1
SPY,2017-08-01,123296.13,1
SPY,2017-08-02,123355.95,1
SPY,2017-08-03,123116.66,1
SPY,2017-08-04,123340.99,1
SPY,2017-08-07,123570.31,1
SPY,2017-08-08,123266.21,1
SPY,2017-08-09,123261.23,1
SPY,2017-08-10,121521.36,1
SPY,2017-08-11,121700.83,1
SPY,2017-08-14,122907.27,1
SPY,2017-08-15,122892.31,1
SPY,2017-08-16,123106.68,1
SPY,2017-08-17,121187.34,1
SPY,2017-08-18,120997.91,1
SPY,2017-08-21,121092.62,1
SPY,2017-08-22,122358.89,1
SPY,2017-08-23,121920.18,1
SPY,2017-08-24,121636.02,1
SPY,2017-08-25,121920.18,1
SPY,2017-08-28,121925.17,1
SPY,2017-08-29,122064.76,1
SPY,2017-08-30,122643.05,1
SPY,2017-08-31,123380.87,1
SPY,2017-09-01,123555.36,1
SPY,2017-09-05,122667.97,1
SPY,2017-09-06,123086.74,1
SPY,2017-09-07,123071.78,1
SPY,2017-09-08,122927.21,1
SPY,2017-09-11,124238.34,1
SPY,2017-09-12,124657.11,1
SPY,2017-09-13,124716.93,1
SPY,2017-09-14,124677.04,1
SPY,2017-09-15,124228.37,1
SPY,2017-09-18,124492.59,1
SPY,2017-09-19,124617.22,1
SPY,2017-09-20,124662.09,1
SPY,2017-09-21,124328.08,1
SPY,2017-09-22,124353.0,1
SPY,2017-09-25,124098.75,1
SPY,2017-09-26,124173.53,1
SPY,2017-09-27,124657.11,1
SPY,2017-09-28,124806.67,1
SPY,2017-09-29,125245.37,1
SPY,2017-10-02,125788.77,1
SPY,2017-10-03,126057.97,1
SPY,2017-10-04,126207.53,1
SPY,2017-10-05,126955.32,1
SPY,2017-10-06,126810.75,1
SPY,2017-10-09,126601.37,1
SPY,2017-10-10,126935.38,1
SPY,2017-10-11,127134.8,1
SPY,2017-10-12,126945.35,1
SPY,2017-10-13,127099.89,1
SPY,2017-10-16,127269.39,1
SPY,2017-10-17,127359.13,1
SPY,2017-10-18,127483.76,1
SPY,2017-10-19,127518.66,1
SPY,2017-10-20,128176.71,1
SPY,2017-10-23,127678.18,1
SPY,2017-10-24,127902.53,1
SPY,2017-10-25,127269.39,1
SPY,2017-10-26,127433.91,1
SPY,2017-10-27,128475.83,1
SPY,2017-10-30,127997.25,1
SPY,2017-10-31,128196.66,1
SPY,2017-11-01,128366.15,1
SPY,2017-11-02,128416.01,1
SPY,2017-11-03,128844.75,1
SPY,2017-11-06,129044.16,1
SPY,2017-11-07,128954.43,1
SPY,2017-11-08,129173.77,1
SPY,2017-11-09,128705.17,1
SPY,2017-11-10,128665.27,1
SPY,2017-11-13,128784.92,1
SPY,2017-11-14,128485.81,1
SPY,2017-11-15,127842.71,1
SPY,2017-11-16,128929.49,1
SPY,2017-11-17,128550.61,1
SPY,2017-11-20,128769.96,1
SPY,2017-11-21,129612.48,1
SPY,2017-11-22,129497.82,1
SPY,2017-11-24,129796.93,1
SPY,2017-11-27,129732.13,1
SPY,2017-11-28,131048.24,1
SPY,2017-11-29,130968.47,1
SPY,2017-11-30,132115.1,1
SPY,2017-12-01,131840.9,1
SPY,2017-12-04,131681.38,1
SPY,2017-12-05,131207.77,1
SPY,2017-12-06,131232.69,1
SPY,2017-12-07,131646.48,1
SPY,2017-12-08,132364.36,1
SPY,2017-12-11,132763.18,1
SPY,2017-12-12,132997.49,1
SPY,2017-12-13,132982.53,1
SPY,2017-12-14,132439.14,1
SPY,2017-12-15,132862.89,1
SPY,2017-12-18,133705.41,1
SPY,2017-12-19,133191.92,1
SPY,2017-12-20,133122.12,1
SPY,2017-12-21,133396.31,1
SPY,2017-12-22,133361.42,1
SPY,2017-12-26,133201.89,1
SPY,2017-12-27,133266.7,1
SPY,2017-12-28,133540.88,1
SPY,2017-12-29,133037.37,1
SPY,2018-01-02,133989.56,1
SPY,2018-01-03,134837.06,1
SPY,2018-01-04,135405.38,1
SPY,2018-01-05,136307.73,1
SPY,2018-01-08,136556.99,1
SPY,2018-01-09,136866.08,1
SPY,2018-01-10,136656.69,1
SPY,2018-01-11,137653.75,1
SPY,2018-01-12,138551.11,1
SPY,2018-01-16,138077.5,1
SPY,2018-01-17,139393.61,1
SPY,2018-01-18,139159.31,1
SPY,2018-01-19,139792.44,1
SPY,2018-01-22,140929.08,1
SPY,2018-01-23,141228.2,1
SPY,2018-01-24,141173.36,1
SPY,2018-01-25,141233.18,1
SPY,2018-01-26,142868.35,1
SPY,2018-01-29,141921.15,1
SPY,2018-01-30,140465.46,1
SPY,2018-01-31,140535.24,1
SPY,2018-02-01,140375.71,1
SPY,2018-02-02,137319.74,1
SPY,2018-02-05,131576.68,1
SPY,2018-02-06,134169.04,1
SPY,2018-02-07,133441.19,1
SPY,2018-02-08,128435.96,1
SPY,2018-02-09,130365.26,1
SPY,2018-02-12,132279.61,1
SPY,2018-02-13,132608.64,1
SPY,2018-02-14,134398.35,1
SPY,2018-02-15,136113.29,1
SPY,2018-02-16,136153.17,1
SPY,2018-02-20,135300.69,1
SPY,2018-02-21,134627.67,1
SPY,2018-02-22,134802.16,1
SPY,2018-02-23,136950.82,1
SPY,2018-02-26,138541.13,1
SPY,2018-02-27,136811.23,1
SPY,2018-02-28,135425.32,1
SPY,2018-03-01,133456.14,1
SPY,2018-03-02,134144.1,1
SPY,2018-03-05,135694.53,1
SPY,2018-03-06,136038.52,1
SPY,2018-03-07,135988.66,1
SPY,2018-03-08,136646.72,1
SPY,2018-03-09,139024.7,1
SPY,2018-03-12,138850.21,1
SPY,2018-03-13,137952.87,1
SPY,2018-03-14,137244.95,1
SPY,2018-03-15,137095.4,1
SPY,2018-03-16,136696.58,1
SPY,2018-03-19,134847.03,1
SPY,2018-03-20,135076.36,1
SPY,2018-03-21,134817.12,1
SPY,2018-03-22,131447.07,1
SPY,2018-03-23,128645.33,1
SPY,2018-03-26,132164.94,1
SPY,2018-03-27,129916.59,1
SPY,2018-03-28,129532.71,1
SPY,2018-03-29,131187.83,1
SPY,2018-04-02,128356.19,1
SPY,2018-04-03,130001.33,1
SPY,2018-04-04,131392.23,1
SPY,2018-04-05,132429.18,1
SPY,2018-04-06,129477.88,1
SPY,2018-04-09,130115.99,1
SPY,2018-04-10,132184.89,1
SPY,2018-04-11,131491.94,1
SPY,2018-04-12,132573.74,1
SPY,2018-04-13,132184.89,1
SPY,2018-04-16,133271.67,1
SPY,2018-04-17,134697.47,1
SPY,2018-04-18,134797.19,1
SPY,2018-04-19,134049.39,1
SPY,2018-04-20,132912.73,1
SPY,2018-04-23,132892.8,1
SPY,2018-04-24,131103.09,1
SPY,2018-04-25,131427.13,1
SPY,2018-04-26,132763.18,1
SPY,2018-04-27,132887.81,1
SPY,2018-04-30,131865.84,1
SPY,2018-05-01,132100.14,1
SPY,2018-05-02,131212.76,1
SPY,2018-05-03,130923.61,1
SPY,2018-05-04,132618.6,1
SPY,2018-05-07,133067.29,1
SPY,2018-05-08,133067.29,1
SPY,2018-05-09,134353.49,1
SPY,2018-05-10,135609.78,1
SPY,2018-05-11,136023.56,1
SPY,2018-05-14,136088.37,1
SPY,2018-05-15,135151.14,1
SPY,2018-05-16,135719.45,1
SPY,2018-05-17,135604.8,1
SPY,2018-05-18,135265.79,1
SPY,2018-05-21,136282.79,1
SPY,2018-05-22,135903.91,1
SPY,2018-05-23,136277.8,1
SPY,2018-05-24,135998.63,1
SPY,2018-05-25,135674.59,1
SPY,2018-05-29,134114.19,1
SPY,2018-05-30,135903.91,1
SPY,2018-05-31,135071.37,1
SPY,2018-06-01,136397.46,1
SPY,2018-06-04,137045.54,1
SPY,2018-06-05,137145.25,1
SPY,2018-06-06,138291.86,1
SPY,2018-06-07,138276.91,1
SPY,2018-06-08,138685.7,1
SPY,2018-06-11,138870.16,1
SPY,2018-06-12,139049.64,1
SPY,2018-06-13,138605.94,1
SPY,2018-06-14,138954.91,1
SPY,2018-06-15,138157.27,1
SPY,2018-06-18,137873.1,1
SPY,2018-06-19,137344.66,1
SPY,2018-06-20,137578.97,1
SPY,2018-06-21,136716.51,1
SPY,2018-06-22,136965.77,1
SPY,2018-06-25,135101.28,1
SPY,2018-06-26,135400.4,1
SPY,2018-06-27,134278.71,1
SPY,2018-06-28,135046.45,1
SPY,2018-06-29,135240.87,1
SPY,2018-07-02,135530.01,1
SPY,2018-07-03,135051.43,1
SPY,2018-07-05,136153.17,1
SPY,2018-07-06,137304.79,1
SPY,2018-07-09,138541.13,1
SPY,2018-07-10,139039.66,1
SPY,2018-07-11,138022.65,1
SPY,2018-07-12,139273.96,1
SPY,2018-07-13,139383.64,1
SPY,2018-07-16,139259.01,1
SPY,2018-07-17,139822.35,1
SPY,2018-07-18,140116.48,1
SPY,2018-07-19,139588.04,1
SPY,2018-07-20,139428.51,1
SPY,2018-07-23,139687.75,1
SPY,2018-07-24,140390.66,1
SPY,2018-07-25,141587.15,1
SPY,2018-07-26,141253.12,1
SPY,2018-07-27,140295.96,1
SPY,2018-07-30,139563.12,1
SPY,2018-07-31,140251.08,1
SPY,2018-08-01,140016.77,1
SPY,2018-08-02,140779.53,1
SPY,2018-08-03,141382.75,1
SPY,2018-08-06,141901.22,1
SPY,2018-08-07,142369.82,1
SPY,2018-08-08,142310.0,1
SPY,2018-08-09,142115.58,1
SPY,2018-08-10,141163.39,1
SPY,2018-08-13,140634.95,1
SPY,2018-08-14,141532.3,1
SPY,2018-08-15,140475.42,1
SPY,2018-08-16,141612.07,1
SPY,2018-08-17,142110.59,1
SPY,2018-08-20,142414.7,1
SPY,2018-08-21,142748.71,1
SPY,2018-08-22,142663.97,1
SPY,2018-08-23,142474.53,1
SPY,2018-08-24,143332.0,1
SPY,2018-08-27,144463.65,1
SPY,2018-08-28,144533.45,1
SPY,2018-08-29,145311.16,1
SPY,2018-08-30,144722.88,1
SPY,2018-08-31,144727.87,1
SPY,2018-09-04,144478.61,1
SPY,2018-09-05,144089.75,1
SPY,2018-09-06,143656.04,1
SPY,2018-09-07,143376.86,1
SPY,2018-09-10,143626.13,1
SPY,2018-09-11,144099.72,1
SPY,2018-09-12,144134.62,1
SPY,2018-09-13,144987.1,1
SPY,2018-09-14,145012.04,1
SPY,2018-09-17,144244.3,1
SPY,2018-09-18,145026.99,1
SPY,2018-09-19,145181.53,1
SPY,2018-09-20,146358.05,1
SPY,2018-09-21,145565.39,1
SPY,2018-09-24,145081.82,1
SPY,2018-09-25,144947.22,1
SPY,2018-09-26,144513.51,1
SPY,2018-09-27,144917.31,1
SPY,2018-09-28,144932.27,1
SPY,2018-10-01,145435.79,1
SPY,2018-10-02,145351.03,1
SPY,2018-10-03,145430.8,1
SPY,2018-10-04,144294.15,1
SPY,2018-10-05,143486.54,1
SPY,2018-10-08,143486.54,1
SPY,2018-10-09,143277.15,1
SPY,2018-10-10,138740.54,1
SPY,2018-10-11,135684.57,1
SPY,2018-10-12,137569.01,1
SPY,2018-10-15,136796.28,1
SPY,2018-10-16,139787.45,1
SPY,2018-10-17,139812.38,1
SPY,2018-10-18,137793.33,1
SPY,2018-10-19,137718.56,1
SPY,2018-10-22,137100.39,1
SPY,2018-10-23,136402.43,1
SPY,2018-10-24,132269.64,1
SPY,2018-10-25,134642.63,1
SPY,2018-10-26,132274.62,1
SPY,2018-10-29,131541.78,1
SPY,2018-10-30,133491.03,1
SPY,2018-10-31,134916.83,1
SPY,2018-11-01,136352.59,1
SPY,2018-11-02,135544.98,1
SPY,2018-11-05,136292.77,1
SPY,2018-11-06,137155.22,1
SPY,2018-11-07,140091.56,1
SPY,2018-11-08,139837.3,1
SPY,2018-11-09,138471.34,1
SPY,2018-11-12,135883.98,1
SPY,2018-11-13,135629.72,1
SPY,2018-11-14,134702.47,1
SPY,2018-11-15,136108.3,1
SPY,2018-11-16,136462.27,1
SPY,2018-11-19,134154.08,1
SPY,2018-11-20,131671.4,1
SPY,2018-11-21,132120.07,1
SPY,2018-11-23,131237.68,1
SPY,2018-11-26,133356.43,1
SPY,2018-11-27,133805.1,1
SPY,2018-11-28,136886.01,1
SPY,2018-11-29,136586.9,1
SPY,2018-11-30,137419.44,1
SPY,2018-12-03,139239.06,1
SPY,2018-12-04,134727.39,1
SPY,2018-12-06,134522.99,1
SPY,2018-12-07,131397.22,1
SPY,2018-12-10,131646.48,1
SPY,2018-12-11,131676.39,1
SPY,2018-12-12,132339.43,1
SPY,2018-12-13,132294.56,1
SPY,2018-12-14,129851.78,1
SPY,2018-12-17,127304.29,1
SPY,2018-12-18,127164.71,1
SPY,2018-12-19,125260.32,1
SPY,2018-12-20,123221.34,1
SPY,2018-12-21,119995.86,1
SPY,2018-12-24,116825.22,1
SPY,2018-12-26,122727.8,1
SPY,2018-12-27,123670.02,1
SPY,2018-12-28,123510.49,1
SPY,2018-12-31,124592.3,1
SPY,2019-01-02,124721.91,1
SPY,2019-01-03,121745.7,1
SPY,2019-01-04,125823.66,1
SPY,2019-01-07,126815.74,1
SPY,2019-01-08,128007.21,1
SPY,2019-01-09,128605.45,1
SPY,2019-01-10,129059.12,1
SPY,2019-01-11,129108.97,1
SPY,2019-01-14,128321.29,1
SPY,2019-01-15,129791.95,1
SPY,2019-01-16,130106.03,1
SPY,2019-01-17,131093.11,1
SPY,2019-01-18,132837.96,1
SPY,2019-01-22,131043.25,1
SPY,2019-01-23,131317.45,1
SPY,2019-01-24,131387.24,1
SPY,2019-01-25,132498.96,1
SPY,2019-01-28,131491.94,1
SPY,2019-01-29,131317.45,1
SPY,2019-01-30,133396.31,1
SPY,2019-01-31,134567.85,1
SPY,2019-02-01,134632.66,1
SPY,2019-02-04,135579.87,1
SPY,2019-02-05,136148.2,1
SPY,2019-02-06,135968.72,1
SPY,2019-02-07,134672.55,1
SPY,2019-02-08,134837.06,1
SPY,2019-02-11,134911.84,1
SPY,2019-02-12,136646.72,1
SPY,2019-02-13,137090.41,1
SPY,2019-02-14,136786.31,1
SPY,2019-02-15,138276.91,1
SPY,2019-02-19,138516.21,1
SPY,2019-02-20,138795.38,1
SPY,2019-02-21,138301.84,1
SPY,2019-02-22,139159.31,1
SPY,2019-02-25,139348.74,1
SPY,2019-02-26,139249.04,1
SPY,2019-02-27,139189.22,1
SPY,2019-02-28,138929.98,1
SPY,2019-03-01,139797.43,1
SPY,2019-03-04,139288.92,1
SPY,2019-03-05,139099.48,1
SPY,2019-03-06,138256.96,1
SPY,2019-03-07,137100.39,1
SPY,2019-03-08,136826.19,1
SPY,2019-03-11,138810.34,1
SPY,2019-03-12,139333.79,1
SPY,2019-03-13,140256.07,1
SPY,2019-03-14,140166.34,1
SPY,2019-03-15,140241.11,1
SPY,2019-03-18,140749.61,1
SPY,2019-03-19,140784.51,1
SPY,2019-03-20,140360.75,1
SPY,2019-03-21,141946.09,1
SPY,2019-03-22,139214.14,1
SPY,2019-03-25,139109.46,1
SPY,2019-03-26,140146.39,1
SPY,2019-03-27,139413.55,1
SPY,2019-03-28,139941.99,1
SPY,2019-03-29,140824.4,1
SPY,2019-04-01,142494.46,1
SPY,2019-04-02,142564.26,1
SPY,2019-04-03,142788.6,1
SPY,2019-04-04,143167.47,1
SPY,2019-04-05,143860.44,1
SPY,2019-04-08,143970.11,1
SPY,2019-04-09,143232.28,1
SPY,2019-04-10,143720.85,1
SPY,2019-04-11,143680.96,1
SPY,2019-04-12,144653.09,1
SPY,2019-04-15,144558.37,1
SPY,2019-04-16,144653.09,1
SPY,2019-04-17,144299.14,1
SPY,2019-04-18,144583.29,1
SPY,2019-04-22,144707.92,1
SPY,2019-04-23,146009.09,1
SPY,2019-04-24,145685.05,1
SPY,2019-04-25,145595.31,1
SPY,2019-04-26,146273.31,1
SPY,2019-04-29,146502.63,1
SPY,2019-04-30,146577.41,1
SPY,2019-05-01,145475.66,1
SPY,2019-05-02,145161.59,1
SPY,2019-05-03,146582.4,1
SPY,2019-05-06,145979.18,1
SPY,2019-05-07,143541.37,1
SPY,2019-05-08,143341.96,1
SPY,2019-05-09,142908.24,1
SPY,2019-05-10,143626.13,1
SPY,2019-05-13,140016.77,1
SPY,2019-05-14,141283.04,1
SPY,2019-05-15,142110.59,1
SPY,2019-05-16,143426.72,1
SPY,2019-05-17,142499.45,1
SPY,2019-05-20,141557.23,1
SPY,2019-05-21,142833.47,1
SPY,2019-05-22,142394.76,1
SPY,2019-05-23,140654.9,1
SPY,2019-05-24,140973.95,1
SPY,2019-05-28,139662.82,1
SPY,2019-05-29,138725.58,1
SPY,2019-05-30,139104.47,1
SPY,2019-05-31,137229.99,1
SPY,2019-06-03,136881.03,1
SPY,2019-06-04,139852.26,1
SPY,2019-06-05,141063.68,1
SPY,2019-06-06,141980.97,1
SPY,2019-06-07,143401.78,1
SPY,2019-06-10,144059.84,1
SPY,2019-06-11,144024.94,1
SPY,2019-06-12,143770.7,1
SPY,2019-06-13,144363.94,1
SPY,2019-06-14,144204.42,1
SPY,2019-06-17,144259.25,1
SPY,2019-06-18,145769.79,1
SPY,2019-06-19,146098.82,1
SPY,2019-06-20,147494.7,1
SPY,2019-06-21,146567.44,1
SPY,2019-06-24,146387.98,1
SPY,2019-06-25,144952.21,1
SPY,2019-06-26,144807.64,1
SPY,2019-06-27,145321.12,1
SPY,2019-06-28,146068.91,1
SPY,2019-07-01,147395.0,1
SPY,2019-07-02,147778.86,1
SPY,2019-07-03,148960.37,1
SPY,2019-07-05,148790.88,1
SPY,2019-07-08,147973.3,1
SPY,2019-07-09,148157.75,1
SPY,2019-07-10,148865.65,1
SPY,2019-07-11,149214.63,1
SPY,2019-07-12,149882.66,1
SPY,2019-07-15,149932.51,1
SPY,2019-07-16,149448.94,1
SPY,2019-07-17,148431.94,1
SPY,2019-07-18,148975.33,1
SPY,2019-07-19,148147.79,1
SPY,2019-07-22,148511.7,1
SPY,2019-07-23,149573.57,1
SPY,2019-07-24,150276.5,1
SPY,2019-07-25,149558.61,1
SPY,2019-07-26,150560.66,1
SPY,2019-07-29,150286.46,1
SPY,2019-07-30,149917.56,1
SPY,2019-07-31,148277.39,1
SPY,2019-08-01,146986.2,1
SPY,2019-08-02,145879.47,1
SPY,2019-08-05,141492.42,1
SPY,2019-08-06,143476.56,1
SPY,2019-08-07,143561.31,1
SPY,2019-08-08,146378.0,1
SPY,2019-08-09,145380.94,1
SPY,2019-08-12,143611.17,1
SPY,2019-08-13,145844.57,1
SPY,2019-08-14,141532.3,1
SPY,2019-08-15,141906.2,1
SPY,2019-08-16,144000.02,1
SPY,2019-08-19,145734.89,1
SPY,2019-08-20,144618.19,1
SPY,2019-08-21,145794.73,1
SPY,2019-08-22,145749.85,1
SPY,2019-08-23,142005.91,1
SPY,2019-08-26,143576.27,1
SPY,2019-08-27,143012.93,1
SPY,2019-08-28,144019.97,1
SPY,2019-08-29,145859.53,1
SPY,2019-08-30,145794.73,1
SPY,2019-09-03,144942.23,1
SPY,2019-09-04,146587.39,1
SPY,2019-09-05,148471.83,1
SPY,2019-09-06,148586.48,1
SPY,2019-09-09,148661.27,1
SPY,2019-09-10,148626.37,1
SPY,2019-09-11,149683.25,1
SPY,2019-09-12,150201.72,1
SPY,2019-09-13,150102.01,1
SPY,2019-09-16,149638.38,1
SPY,2019-09-17,150017.27,1
SPY,2019-09-18,150107.0,1
SPY,2019-09-19,150097.02,1
SPY,2019-09-20,148701.14,1
SPY,2019-09-23,148666.24,1
SPY,2019-09-24,147499.69,1
SPY,2019-09-25,148372.11,1
SPY,2019-09-26,148063.03,1
SPY,2019-09-27,147265.38,1
SPY,2019-09-30,147948.36,1
SPY,2019-10-01,146188.56,1
SPY,2019-10-02,143606.18,1
SPY,2019-10-03,144782.72,1
SPY,2019-10-04,146741.93,1
SPY,2019-10-07,146108.79,1
SPY,2019-10-08,143840.49,1
SPY,2019-10-09,145206.45,1
SPY,2019-10-10,146188.56,1
SPY,2019-10-11,147704.09,1
SPY,2019-10-14,147539.58,1
SPY,2019-10-15,149000.27,1
SPY,2019-10-16,148760.97,1
SPY,2019-10-17,149199.67,1
SPY,2019-10-18,148546.6,1
SPY,2019-10-21,149553.62,1
SPY,2019-10-22,149065.08,1
SPY,2019-10-23,149498.79,1
SPY,2019-10-24,149743.07,1
SPY,2019-10-25,150356.26,1
SPY,2019-10-28,151203.75,1
SPY,2019-10-29,151158.89,1
SPY,2019-10-30,151622.53,1
SPY,2019-10-31,151218.71,1
SPY,2019-11-01,152619.59,1
SPY,2019-11-04,153232.77,1
SPY,2019-11-05,153063.27,1
SPY,2019-11-06,153098.17,1
SPY,2019-11-07,153636.58,1
SPY,2019-11-08,154015.46,1
SPY,2019-11-11,153721.33,1
SPY,2019-11-12,154045.37,1
SPY,2019-11-13,154095.23,1
SPY,2019-11-14,154319.56,1
SPY,2019-11-15,155436.27,1
SPY,2019-11-18,155550.92,1
SPY,2019-11-19,155506.06,1
SPY,2019-11-20,154927.76,1
SPY,2019-11-21,154678.5,1
SPY,2019-11-22,155022.49,1
SPY,2019-11-25,156223.94,1
SPY,2019-11-26,156577.89,1
SPY,2019-11-27,157275.84,1
SPY,2019-11-29,156692.56,1
SPY,2019-12-02,155361.5,1
SPY,2019-12-03,154319.56,1
SPY,2019-12-04,155271.75,1
SPY,2019-12-05,155550.92,1
SPY,2019-12-06,156971.73,1
SPY,2019-12-09,156478.2,1
SPY,2019-12-10,156303.71,1
SPY,2019-12-11,156747.41,1
SPY,2019-12-12,158098.41,1
SPY,2019-12-13,158193.14,1
SPY,2019-12-16,159279.92,1
SPY,2019-12-17,159314.83,1
SPY,2019-12-18,159324.79,1
SPY,2019-12-19,159977.86,1
SPY,2019-12-20,159893.12,1
SPY,2019-12-23,160137.39,1
SPY,2019-12-24,160142.38,1
SPY,2019-12-26,160994.86,1
SPY,2019-12-27,160954.97,1
SPY,2019-12-30,160067.59,1
SPY,2019-12-31,160456.45,1
SPY,2020-01-02,161957.02,1
SPY,2020-01-03,160730.65,1
SPY,2020-01-06,161343.84,1
SPY,2020-01-07,160890.18,1
SPY,2020-01-08,161747.65,1
SPY,2020-01-09,162844.4,1
SPY,2020-01-10,162375.78,1
SPY,2020-01-13,163492.5,1
SPY,2020-01-14,163243.23,1
SPY,2020-01-15,163612.14,1
SPY,2020-01-16,164973.13,1
SPY,2020-01-17,165486.61,1
SPY,2020-01-21,165162.56,1
SPY,2020-01-22,165182.5,1
SPY,2020-01-23,165371.95,1
SPY,2020-01-24,163901.28,1
SPY,2020-01-27,161274.04,1
SPY,2020-01-28,162964.06,1
SPY,2020-01-29,162829.45,1
SPY,2020-01-30,163357.89,1
SPY,2020-01-31,160391.65,1
SPY,2020-02-03,161583.12,1
SPY,2020-02-04,164045.86,1
SPY,2020-02-05,165940.26,1
SPY,2020-02-06,166498.63,1
SPY,2020-02-07,165611.25,1
SPY,2020-02-10,166847.59,1
SPY,2020-02-11,167136.74,1
SPY,2020-02-12,168213.57,1
SPY,2020-02-13,168034.09,1
SPY,2020-02-14,168303.3,1
SPY,2020-02-18,167869.58,1
SPY,2020-02-19,168672.2,1
SPY,2020-02-20,167979.26,1
SPY,2020-02-21,166249.36,1
SPY,2020-02-24,160735.64,1
SPY,2020-02-25,155865.0,1
SPY,2020-02-26,155291.7,1
SPY,2020-02-27,148317.28,1
SPY,2020-02-28,147694.12,1
SPY,2020-03-02,154090.24,1
SPY,2020-03-03,149678.26,1
SPY,2020-03-04,155969.69,1
SPY,2020-03-05,150784.99,1
SPY,2020-03-06,148292.35,1
SPY,2020-03-09,136711.54,1
SPY,2020-03-10,143785.66,1
SPY,2020-03-11,136776.33,1
SPY,2020-03-12,123689.96,1
SPY,2020-03-13,134263.76,1
SPY,2020-03-16,119572.12,1
SPY,2020-03-17,126028.06,1
SPY,2020-03-18,119646.89,1
SPY,2020-03-19,119901.14,1
SPY,2020-03-20,114063.37,1
SPY,2020-03-23,111146.98,1
SPY,2020-03-24,121217.25,1
SPY,2020-03-25,123031.9,1
SPY,2020-03-26,130215.71,1
SPY,2020-03-27,126337.15,1
SPY,2020-03-30,130440.04,1
SPY,2020-03-31,128495.78,1
SPY,2020-04-01,122712.84,1
SPY,2020-04-02,125544.49,1
SPY,2020-04-03,123729.84,1
SPY,2020-04-06,132040.31,1
SPY,2020-04-07,132174.92,1
SPY,2020-04-08,136611.82,1
SPY,2020-04-09,138690.69,1
SPY,2020-04-13,137424.43,1
SPY,2020-04-14,141477.47,1
SPY,2020-04-15,138471.34,1
SPY,2020-04-16,139139.37,1
SPY,2020-04-17,142898.28,1
SPY,2020-04-20,140380.7,1
SPY,2020-04-21,136118.28,1
SPY,2020-04-22,139139.37,1
SPY,2020-04-23,139129.39,1
SPY,2020-04-24,141068.67,1
SPY,2020-04-27,143102.66,1
SPY,2020-04-28,142444.62,1
SPY,2020-04-29,146173.6,1
SPY,2020-04-30,144812.63,1
SPY,2020-05-01,140978.94,1
SPY,2020-05-04,141367.79,1
SPY,2020-05-05,142673.93,1
SPY,2020-05-06,141706.79,1
SPY,2020-05-07,143416.74,1
SPY,2020-05-08,145789.74,1
SPY,2020-05-11,145819.65,1
SPY,2020-05-12,142913.23,1
SPY,2020-05-13,140385.69,1
SPY,2020-05-14,142065.73,1
SPY,2020-05-15,142718.8,1
SPY,2020-05-18,147065.97,1
SPY,2020-05-19,145555.43,1
SPY,2020-05-20,148028.13,1
SPY,2020-05-21,147006.15,1
SPY,2020-05-22,147285.33,1
SPY,2020-05-26,149099.96,1
SPY,2020-05-27,151318.42,1
SPY,2020-05-28,151039.25,1
SPY,2020-05-29,151712.26,1
SPY,2020-06-01,152325.44,1
SPY,2020-06-02,153586.72,1
SPY,2020-06-03,155630.69,1
SPY,2020-06-04,155221.89,1
SPY,2020-06-05,159200.16,1
SPY,2020-06-08,161124.49,1
SPY,2020-06-09,159923.03,1
SPY,2020-06-10,159030.66,1
SPY,2020-06-11,149862.71,1
SPY,2020-06-12,151657.42,1
SPY,2020-06-15,153073.24,1
SPY,2020-06-16,156019.54,1
SPY,2020-06-17,155371.46,1
SPY,2020-06-18,155431.28,1
SPY,2020-06-19,153865.91,1
SPY,2020-06-22,154852.99,1
SPY,2020-06-23,155565.88,1
SPY,2020-06-24,151597.6,1
SPY,2020-06-25,153222.8,1
SPY,2020-06-26,149583.54,1
SPY,2020-06-29,151782.05,1
SPY,2020-06-30,153726.31,1
SPY,2020-07-01,154803.13,1
SPY,2020-07-02,155655.63,1
SPY,2020-07-06,158058.52,1
SPY,2020-07-07,156428.34,1
SPY,2020-07-08,157624.81,1
SPY,2020-07-09,156727.46,1
SPY,2020-07-10,158327.73,1
SPY,2020-07-13,156956.78,1
SPY,2020-07-14,158990.78,1
SPY,2020-07-15,160451.47,1
SPY,2020-07-16,159923.03,1
SPY,2020-07-17,160386.66,1
SPY,2020-07-20,161682.84,1
SPY,2020-07-21,162026.82,1
SPY,2020-07-22,162949.09,1
SPY,2020-07-23,161004.83,1
SPY,2020-07-24,159967.9,1
SPY,2020-07-27,161134.45,1
SPY,2020-07-28,160112.47,1
SPY,2020-07-29,162081.65,1
SPY,2020-07-30,161503.36,1
SPY,2020-07-31,162779.59,1
SPY,2020-08-03,163911.26,1
SPY,2020-08-04,164544.39,1
SPY,2020-08-05,165566.36,1
SPY,2020-08-06,166673.1,1
SPY,2020-08-07,166792.76,1
SPY,2020-08-10,167291.28,1
SPY,2020-08-11,165910.35,1
SPY,2020-08-12,168223.53,1
SPY,2020-08-13,167919.42,1
SPY,2020-08-14,167924.41,1
SPY,2020-08-17,168457.84,1
SPY,2020-08-18,168821.77,1
SPY,2020-08-19,168118.84,1
SPY,2020-08-20,168642.29,1
SPY,2020-08-21,169240.53,1
SPY,2020-08-24,170955.47,1
SPY,2020-08-25,171553.7,1
SPY,2020-08-26,173273.63,1
SPY,2020-08-27,173652.5,1
SPY,2020-08-28,174774.19,1
SPY,2020-08-31,174141.06,1
SPY,2020-09-01,175781.23,1
SPY,2020-09-02,178323.73,1
SPY,2020-09-03,172186.84,1
SPY,2020-09-04,170780.99,1
SPY,2020-09-08,166114.75,1
SPY,2020-09-09,169395.08,1
SPY,2020-09-10,166453.76,1
SPY,2020-09-11,166538.5,1
SPY,2020-09-14,168732.02,1
SPY,2020-09-15,169584.52,1
SPY,2020-09-16,168911.5,1
SPY,2020-09-17,167425.88,1
SPY,2020-09-18,164838.52,1
SPY,2020-09-21,163003.93,1
SPY,2020-09-22,164664.03,1
SPY,2020-09-23,160845.31,1
SPY,2020-09-24,161274.04,1
SPY,2020-09-25,163881.35,1
SPY,2020-09-28,166603.31,1
SPY,2020-09-29,165695.99,1
SPY,2020-09-30,166952.29,1
SPY,2020-10-01,168024.12,1
SPY,2020-10-02,166428.82,1
SPY,2020-10-05,169380.12,1
SPY,2020-10-06,166972.22,1
SPY,2020-10-07,169878.65,1
SPY,2020-10-08,171384.2,1
SPY,2020-10-09,172914.69,1
SPY,2020-10-12,175696.47,1
SPY,2020-10-13,174549.86,1
SPY,2020-10-14,173453.09,1
SPY,2020-10-15,173238.73,1
SPY,2020-10-16,173134.04,1
SPY,2020-10-19,170501.81,1
SPY,2020-10-20,171184.79,1
SPY,2020-10-21,170860.75,1
SPY,2020-10-22,171797.97,1
SPY,2020-10-23,172381.26,1
SPY,2020-10-26,169195.67,1
SPY,2020-10-27,168612.38,1
SPY,2020-10-28,162849.39,1
SPY,2020-10-29,164504.51,1
SPY,2020-10-30,162789.57,1
SPY,2020-11-02,164614.19,1
SPY,2020-11-03,167520.6,1
SPY,2020-11-04,171264.56,1
SPY,2020-11-05,174604.69,1
SPY,2020-11-06,174564.82,1
SPY,2020-11-09,176758.34,1
SPY,2020-11-10,176499.11,1
SPY,2020-11-11,177810.24,1
SPY,2020-11-12,176085.32,1
SPY,2020-11-13,178523.14,1
SPY,2020-11-16,180751.56,1
SPY,2020-11-17,179779.42,1
SPY,2020-11-18,177615.81,1
SPY,2020-11-19,178363.6,1
SPY,2020-11-20,177142.2,1
SPY,2020-11-23,178204.07,1
SPY,2020-11-24,181075.6,1
SPY,2020-11-25,180796.43,1
SPY,2020-11-27,181299.94,1
SPY,2020-11-30,180497.31,1
SPY,2020-12-01,182471.48,1
SPY,2020-12-02,182855.35,1
SPY,2020-12-03,182805.5,1
SPY,2020-12-04,184380.85,1
SPY,2020-12-07,184001.96,1
SPY,2020-12-08,184540.38,1
SPY,2020-12-09,182885.26,1
SPY,2020-12-10,182825.44,1
SPY,2020-12-11,182611.06,1
SPY,2020-12-14,181793.48,1
SPY,2020-12-15,184251.23,1
SPY,2020-12-16,184540.38,1
SPY,2020-12-17,185572.32,1
SPY,2020-12-18,184046.83,1
SPY,2020-12-21,183388.77,1
SPY,2020-12-22,183079.68,1
SPY,2020-12-23,183244.2,1
SPY,2020-12-24,183957.1,1
SPY,2020-12-28,185537.44,1
SPY,2020-12-29,185183.47,1
SPY,2020-12-30,185447.69,1
SPY,2020-12-31,186389.92,1
SPY,2021-01-04,183852.41,1
SPY,2021-01-05,185118.66,1
SPY,2021-01-06,186225.4,1
SPY,2021-01-07,188992.24,1
SPY,2021-01-08,190069.06,1
SPY,2021-01-11,188787.84,1
SPY,2021-01-12,188827.72,1
SPY,2021-01-13,189336.23,1
SPY,2021-01-14,188673.17,1
SPY,2021-01-15,187297.24,1
SPY,2021-01-19,188767.9,1
SPY,2021-01-20,191380.2,1
SPY,2021-01-21,191554.67,1
SPY,2021-01-22,190876.68,1
SPY,2021-01-25,191629.46,1
SPY,2021-01-26,191330.34,1
SPY,2021-01-27,186654.14,1
SPY,2021-01-28,188259.4,1
SPY,2021-01-29,184490.53,1
SPY,2021-02-01,187561.46,1
SPY,2021-02-02,190213.63,1
SPY,2021-02-03,190363.19,1
SPY,2021-02-04,192526.81,1
SPY,2021-02-05,193284.56,1
SPY,2021-02-08,194680.45,1
SPY,2021-02-09,194550.83,1
SPY,2021-02-10,194466.07,1
SPY,2021-02-11,194780.15,1
SPY,2021-02-12,195742.32,1
SPY,2021-02-16,195572.81,1
SPY,2021-02-17,195617.69,1
SPY,2021-02-18,194785.14,1
SPY,2021-02-19,194441.15,1
SPY,2021-02-22,192945.57,1
SPY,2021-02-23,193179.88,1
SPY,2021-02-24,195308.59,1
SPY,2021-02-25,190602.48,1
SPY,2021-02-26,189620.38,1
SPY,2021-03-01,194216.81,1
SPY,2021-03-02,192701.29,1
SPY,2021-03-03,190148.83,1
SPY,2021-03-04,187795.77,1
SPY,2021-03-05,191250.57,1
SPY,2021-03-08,190298.38,1
SPY,2021-03-09,193015.37,1
SPY,2021-03-10,194216.81,1
SPY,2021-03-11,196186.0,1
SPY,2021-03-12,196450.22,1
SPY,2021-03-15,197621.77,1
SPY,2021-03-16,197372.51,1
SPY,2021-03-17,198045.52,1
SPY,2021-03-18,195164.03,1
SPY,2021-03-19,194166.97,1
SPY,2021-03-22,195717.39,1
SPY,2021-03-23,194176.93,1
SPY,2021-03-24,193189.84,1
SPY,2021-03-25,194276.65,1
SPY,2021-03-26,197407.41,1
SPY,2021-03-29,197307.69,1
SPY,2021-03-30,196784.25,1
SPY,2021-03-31,197581.88,1
SPY,2021-04-01,199715.58,1
SPY,2021-04-05,202582.12,1
SPY,2021-04-06,202462.48,1
SPY,2021-04-07,202696.79,1
SPY,2021-04-08,203658.95,1
SPY,2021-04-09,205139.58,1
SPY,2021-04-12,205214.37,1
SPY,2021-04-13,205822.56,1
SPY,2021-04-14,205119.65,1
SPY,2021-04-15,207323.13,1
SPY,2021-04-16,208016.1,1
SPY,2021-04-19,206994.1,1
SPY,2021-04-20,205478.59,1
SPY,2021-04-21,207422.85,1
SPY,2021-04-22,205528.43,1
SPY,2021-04-23,207756.85,1
SPY,2021-04-26,208190.57,1
SPY,2021-04-27,208145.7,1
SPY,2021-04-28,208085.88,1
SPY,2021-04-29,209411.97,1
SPY,2021-04-30,208036.03,1
SPY,2021-05-03,208484.72,1
SPY,2021-05-04,207198.5,1
SPY,2021-05-05,207263.31,1
SPY,2021-05-06,208918.43,1
SPY,2021-05-07,210438.94,1
SPY,2021-05-10,208355.09,1
SPY,2021-05-11,206495.58,1
SPY,2021-05-12,202108.53,1
SPY,2021-05-13,204536.36,1
SPY,2021-05-14,207677.09,1
SPY,2021-05-17,207148.65,1
SPY,2021-05-18,205363.92,1
SPY,2021-05-19,204825.5,1
SPY,2021-05-20,207029.0,1
SPY,2021-05-21,206859.51,1
SPY,2021-05-24,208968.29,1
SPY,2021-05-25,208504.65,1
SPY,2021-05-26,208918.43,1
SPY,2021-05-27,209028.11,1
SPY,2021-05-28,209402.01,1
SPY,2021-06-01,209217.55,1
SPY,2021-06-02,209546.57,1
SPY,2021-06-03,208768.86,1
SPY,2021-06-04,210678.24,1
SPY,2021-06-07,210473.84,1
SPY,2021-06-08,210518.71,1
SPY,2021-06-09,210204.63,1
SPY,2021-06-10,211181.74,1
SPY,2021-06-11,211530.72,1
SPY,2021-06-14,212004.33,1
SPY,2021-06-15,211615.47,1
SPY,2021-06-16,210433.95,1
SPY,2021-06-17,210364.16,1
SPY,2021-06-18,206849.54,1
SPY,2021-06-21,209810.79,1
SPY,2021-06-22,210932.48,1
SPY,2021-06-23,210678.24,1
SPY,2021-06-24,211924.56,1
SPY,2021-06-25,212677.33,1
SPY,2021-06-28,213106.07,1
SPY,2021-06-29,213220.74,1
SPY,2021-06-30,213400.2,1
SPY,2021-07-01,214581.71,1
SPY,2021-07-02,216221.88,1
SPY,2021-07-06,215828.03,1
SPY,2021-07-07,216590.78,1
SPY,2021-07-08,214826.0,1
SPY,2021-07-09,217119.22,1
SPY,2021-07-12,217896.92,1
SPY,2021-07-13,217154.12,1
SPY,2021-07-14,217478.16,1
SPY,2021-07-15,216735.36,1
SPY,2021-07-16,215035.37,1
SPY,2021-07-19,211859.75,1
SPY,2021-07-20,214895.79,1
SPY,2021-07-21,216635.65,1
SPY,2021-07-22,217089.31,1
SPY,2021-07-23,219322.72,1
SPY,2021-07-26,219861.13,1
SPY,2021-07-27,218859.1,1
SPY,2021-07-28,218769.35,1
SPY,2021-07-29,219676.68,1
SPY,2021-07-30,218609.83,1
SPY,2021-08-02,218151.18,1
SPY,2021-08-03,219925.94,1
SPY,2021-08-04,218844.14,1
SPY,2021-08-05,220230.05,1
SPY,2021-08-06,220593.97,1
SPY,2021-08-09,220414.5,1
SPY,2021-08-10,220688.69,1
SPY,2021-08-11,221237.07,1
SPY,2021-08-12,221900.11,1
SPY,2021-08-13,222303.93,1
SPY,2021-08-16,222827.38,1
SPY,2021-08-17,221366.7,1
SPY,2021-08-18,218943.84,1
SPY,2021-08-19,219282.83,1
SPY,2021-08-20,221027.68,1
SPY,2021-08-23,222971.96,1
SPY,2021-08-24,223325.91,1
SPY,2021-08-25,223794.53,1
SPY,2021-08-26,222473.43,1
SPY,2021-08-27,224462.55,1
SPY,2021-08-30,225449.65,1
SPY,2021-08-31,225115.63,1
SPY,2021-09-01,225235.27,1
SPY,2021-09-02,225928.23,1
SPY,2021-09-03,225873.38,1
SPY,2021-09-07,225065.77,1
SPY,2021-09-08,224791.59,1
SPY,2021-09-09,223829.43,1
SPY,2021-09-10,222064.63,1
SPY,2021-09-13,222632.95,1
SPY,2021-09-14,221431.51,1
SPY,2021-09-15,223281.04,1
SPY,2021-09-16,222927.09,1
SPY,2021-09-17,220050.57,1
SPY,2021-09-20,216381.41,1
SPY,2021-09-21,216177.01,1
SPY,2021-09-22,218285.78,1
SPY,2021-09-23,220937.95,1
SPY,2021-09-24,221301.88,1
SPY,2021-09-27,220668.76,1
SPY,2021-09-28,216221.88,1
SPY,2021-09-29,216585.81,1
SPY,2021-09-30,213938.62,1
SPY,2021-10-01,216481.1,1
SPY,2021-10-04,213689.36,1
SPY,2021-10-05,215912.79,1
SPY,2021-10-06,216810.14,1
SPY,2021-10-07,218684.61,1
SPY,2021-10-08,218285.78,1
SPY,2021-10-11,216705.45,1
SPY,2021-10-12,216172.02,1
SPY,2021-10-13,216949.72,1
SPY,2021-10-14,220598.96,1
SPY,2021-10-15,222279.0,1
SPY,2021-10-18,222937.06,1
SPY,2021-10-19,224656.99,1
SPY,2021-10-20,225539.38,1
SPY,2021-10-21,226127.64,1
SPY,2021-10-22,225893.33,1
SPY,2021-10-25,227104.75,1
SPY,2021-10-26,227309.15,1
SPY,2021-10-27,226302.13,1
SPY,2021-10-28,228485.68,1
SPY,2021-10-29,228949.31,1
SPY,2021-11-01,229343.15,1
SPY,2021-11-02,230270.41,1
SPY,2021-11-03,231676.27,1
SPY,2021-11-04,232768.04,1
SPY,2021-11-05,233575.66,1
SPY,2021-11-08,233775.07,1
SPY,2021-11-09,233002.35,1
SPY,2021-11-10,231127.88,1
SPY,2021-11-11,231202.66,1
SPY,2021-11-12,232947.51,1
SPY,2021-11-15,233027.27,1
SPY,2021-11-16,233949.56,1
SPY,2021-11-17,233381.24,1
SPY,2021-11-18,234173.9,1
SPY,2021-11-19,233755.14,1
SPY,2021-11-22,233097.08,1
SPY,2021-11-23,233406.16,1
SPY,2021-11-24,234029.32,1
SPY,2021-11-26,228809.73,1
SPY,2021-11-29,231616.44,1
SPY,2021-11-30,227109.74,1
SPY,2021-12-01,224587.19,1
SPY,2021-12-02,228027.03,1
SPY,2021-12-03,226042.9,1
SPY,2021-12-06,228719.99,1
SPY,2021-12-07,233451.03,1
SPY,2021-12-08,234069.2,1
SPY,2021-12-09,232488.87,1
SPY,2021-12-10,234677.4,1
SPY,2021-12-13,232598.55,1
SPY,2021-12-14,230998.26,1
SPY,2021-12-15,234607.62,1
SPY,2021-12-16,232538.73,1
SPY,2021-12-17,229258.4,1
SPY,2021-12-20,226820.6,1
SPY,2021-12-21,230848.71,1
SPY,2021-12-22,233156.9,1
SPY,2021-12-23,234607.62,1
SPY,2021-12-27,237927.82,1
SPY,2021-12-28,237733.39,1
SPY,2021-12-29,238037.5,1
SPY,2021-12-30,237379.44,1
SPY,2021-12-31,236781.19,1
SPY,2022-01-03,238152.15,1
SPY,2022-01-04,238072.38,1
SPY,2022-01-05,233500.88,1
SPY,2022-01-06,233281.53,1
SPY,2022-01-07,232359.25,1
SPY,2022-01-10,232070.11,1
SPY,2022-01-11,234183.86,1
SPY,2022-01-12,234816.99,1
SPY,2022-01-13,231581.54,1
SPY,2022-01-14,231676.27,1
SPY,2022-01-18,227573.37,1
SPY,2022-01-19,225210.35,1
SPY,2022-01-20,222717.7,1
SPY,2022-01-21,218345.61,1
SPY,2022-01-24,219272.87,1
SPY,2022-01-25,216595.77,1
SPY,2022-01-26,216052.38,1
SPY,2022-01-27,214985.52,1
SPY,2022-01-28,220324.77,1
SPY,2022-01-31,224293.06,1
SPY,2022-02-01,225808.59,1
SPY,2022-02-02,228002.11,1
SPY,2022-02-03,222642.93,1
SPY,2022-02-04,223689.84,1
SPY,2022-02-07,222971.96,1
SPY,2022-02-08,224806.54,1
SPY,2022-02-09,228096.83,1
SPY,2022-02-10,223998.93,1
SPY,2022-02-11,219581.95,1
SPY,2022-02-14,218864.07,1
SPY,2022-02-15,222393.66,1
SPY,2022-02-16,222642.93,1
SPY,2022-02-17,217886.96,1
SPY,2022-02-18,216476.13,1
SPY,2022-02-22,214152.98,1
SPY,2022-02-23,210354.2,1
SPY,2022-02-24,213519.84,1
SPY,2022-02-25,218230.95,1
SPY,2022-02-28,217672.6,1
SPY,2022-03-01,214357.38,1
SPY,2022-03-02,218300.75,1
SPY,2022-03-03,217213.94,1
SPY,2022-03-04,215449.16,1
SPY,2022-03-07,209097.9,1
SPY,2022-03-08,207512.58,1
SPY,2022-03-09,213076.16,1
SPY,2022-03-10,212114.0,1
SPY,2022-03-11,209416.96,1
SPY,2022-03-14,207886.47,1
SPY,2022-03-15,212457.99,1
SPY,2022-03-16,217169.08,1
SPY,2022-03-17,219886.06,1
SPY,2022-03-18,221605.98,1
SPY,2022-03-21,221541.18,1
SPY,2022-03-22,224133.52,1
SPY,2022-03-23,221247.04,1
SPY,2022-03-24,224582.2,1
SPY,2022-03-25,225678.97,1
SPY,2022-03-28,227284.23,1
SPY,2022-03-29,230095.92,1
SPY,2022-03-30,228675.13,1
SPY,2022-03-31,225155.52,1
SPY,2022-04-01,225793.63,1
SPY,2022-04-04,227727.91,1
SPY,2022-04-05,224851.41,1
SPY,2022-04-06,222603.04,1
SPY,2022-04-07,223724.73,1
SPY,2022-04-08,223126.5,1
SPY,2022-04-11,219312.76,1
SPY,2022-04-12,218500.16,1
SPY,2022-04-13,221002.76,1
SPY,2022-04-14,218250.89,1
SPY,2022-04-18,218340.62,1
SPY,2022-04-19,221865.22,1
SPY,2022-04-20,221700.7,1
SPY,2022-04-21,218385.49,1
SPY,2022-04-22,212393.18,1
SPY,2022-04-25,213624.54,1
SPY,2022-04-26,207437.8,1
SPY,2022-04-27,208021.07,1
SPY,2022-04-28,213275.57,1
SPY,2022-04-29,205393.83,1
SPY,2022-05-02,206630.19,1
SPY,2022-05-03,207577.39,1
SPY,2022-05-04,213898.73,1
SPY,2022-05-05,206296.17,1
SPY,2022-05-06,205064.8,1
SPY,2022-05-09,198499.19,1
SPY,2022-05-10,198957.82,1
SPY,2022-05-11,195797.15,1
SPY,2022-05-12,195592.75,1
SPY,2022-05-13,200268.96,1
SPY,2022-05-16,199456.35,1
SPY,2022-05-17,203559.25,1
SPY,2022-05-18,195353.46,1
SPY,2022-05-19,194156.99,1
SPY,2022-05-20,194241.75,1
SPY,2022-05-23,197876.02,1
SPY,2022-05-24,196365.48,1
SPY,2022-05-25,198100.35,1
SPY,2022-05-26,202058.67,1
SPY,2022-05-27,207019.04,1
SPY,2022-05-31,205857.46,1
SPY,2022-06-01,204192.37,1
SPY,2022-06-02,208080.91,1
SPY,2022-06-03,204665.98,1
SPY,2022-06-06,205289.14,1
SPY,2022-06-07,207258.32,1
SPY,2022-06-08,205004.98,1
SPY,2022-06-09,200129.37,1
SPY,2022-06-10,194326.49,1
SPY,2022-06-13,186948.27,1
SPY,2022-06-14,186384.93,1
SPY,2022-06-15,189042.1,1
SPY,2022-06-16,182785.55,1
SPY,2022-06-17,182391.71,1
SPY,2022-06-21,186983.17,1
SPY,2022-06-22,186644.17,1
SPY,2022-06-23,188473.77,1
SPY,2022-06-24,194466.07,1
SPY,2022-06-27,193723.27,1
SPY,2022-06-28,189764.95,1
SPY,2022-06-29,189610.41,1
SPY,2022-06-30,188069.96,1
SPY,2022-07-01,190059.08,1
SPY,2022-07-05,190418.02,1
SPY,2022-07-06,191061.13,1
SPY,2022-07-07,193922.68,1
SPY,2022-07-08,193763.16,1
SPY,2022-07-11,191549.69,1
SPY,2022-07-12,189854.68,1
SPY,2022-07-13,188857.63,1
SPY,2022-07-14,188398.99,1
SPY,2022-07-15,191998.37,1
SPY,2022-07-18,190413.05,1
SPY,2022-07-19,195557.85,1
SPY,2022-07-20,196804.18,1
SPY,2022-07-21,198808.27,1
SPY,2022-07-22,196963.71,1
SPY,2022-07-25,197203.01,1
SPY,2022-07-26,194869.9,1
SPY,2022-07-27,199929.96,1
SPY,2022-07-28,202437.56,1
SPY,2022-07-29,205388.84,1
SPY,2022-08-01,204780.64,1
SPY,2022-08-02,203429.63,1
SPY,2022-08-03,206615.23,1
SPY,2022-08-04,206475.64,1
SPY,2022-08-05,206126.67,1
SPY,2022-08-08,205887.37,1
SPY,2022-08-09,205069.79,1
SPY,2022-08-10,209377.07,1
SPY,2022-08-11,209377.07,1
SPY,2022-08-12,212921.62,1
SPY,2022-08-15,213799.02,1
SPY,2022-08-16,214217.8,1
SPY,2022-08-17,212697.27,1
SPY,2022-08-18,213315.46,1
SPY,2022-08-19,210448.92,1
SPY,2022-08-22,206066.85,1
SPY,2022-08-23,205568.32,1
SPY,2022-08-24,206226.38,1
SPY,2022-08-25,209137.79,1
SPY,2022-08-26,202058.67,1
SPY,2022-08-29,200722.62,1
SPY,2022-08-30,198519.12,1
SPY,2022-08-31,197008.57,1
SPY,2022-09-01,197626.76,1
SPY,2022-09-02,195542.9,1
SPY,2022-09-06,194805.09,1
SPY,2022-09-07,198304.75,1
SPY,2022-09-08,199600.93,1
SPY,2022-09-09,202701.78,1
SPY,2022-09-12,204880.35,1
SPY,2022-09-13,195971.64,1
SPY,2022-09-14,196719.43,1
SPY,2022-09-15,194486.02,1
SPY,2022-09-16,192212.73,1
SPY,2022-09-19,193703.33,1
SPY,2022-09-20,191479.89,1
SPY,2022-09-21,188139.76,1
SPY,2022-09-22,186559.42,1
SPY,2022-09-23,183433.65,1
SPY,2022-09-26,181619.0,1
SPY,2022-09-27,181155.37,1
SPY,2022-09-28,184719.84,1
SPY,2022-09-29,180861.24,1
SPY,2022-09-30,178064.48,1
SPY,2022-10-03,182765.61,1
SPY,2022-10-04,188428.9,1
SPY,2022-10-05,187990.19,1
SPY,2022-10-06,186050.92,1
SPY,2022-10-07,180861.24,1
SPY,2022-10-10,179480.3,1
SPY,2022-10-11,178343.66,1
SPY,2022-10-12,177755.4,1
SPY,2022-10-13,182446.55,1
SPY,2022-10-14,178288.83,1
SPY,2022-10-17,182870.31,1
SPY,2022-10-18,185018.96,1
SPY,2022-10-19,183707.83,1
SPY,2022-10-20,182167.38,1
SPY,2022-10-21,186594.32,1
SPY,2022-10-24,188877.57,1
SPY,2022-10-25,191893.68,1
SPY,2022-10-26,190447.93,1
SPY,2022-10-27,189430.95,1
SPY,2022-10-28,193937.64,1
SPY,2022-10-31,192536.77,1
SPY,2022-11-01,191694.26,1
SPY,2022-11-02,186883.46,1
SPY,2022-11-03,184959.14,1
SPY,2022-11-04,187621.29,1
SPY,2022-11-07,189415.99,1
SPY,2022-11-08,190437.97,1
SPY,2022-11-09,186514.55,1
SPY,2022-11-10,196764.3,1
SPY,2022-11-11,198668.68,1
SPY,2022-11-14,196978.66,1
SPY,2022-11-15,198658.7,1
SPY,2022-11-16,197143.19,1
SPY,2022-11-17,196539.96,1
SPY,2022-11-18,197432.33,1
SPY,2022-11-21,196714.44,1
SPY,2022-11-22,199361.63,1
SPY,2022-11-23,200617.93,1
SPY,2022-11-25,200573.05,1
SPY,2022-11-28,197372.51,1
SPY,2022-11-29,197033.51,1
SPY,2022-11-30,203240.18,1
SPY,2022-12-01,203090.63,1
SPY,2022-12-02,202856.32,1
SPY,2022-12-05,199207.09,1
SPY,2022-12-06,196335.56,1
SPY,2022-12-07,196001.55,1
SPY,2022-12-08,197537.01,1
SPY,2022-12-09,196061.37,1
SPY,2022-12-12,198888.04,1
SPY,2022-12-13,200393.59,1
SPY,2022-12-14,199112.37,1
SPY,2022-12-15,194241.75,1
SPY,2022-12-16,191071.1,1
SPY,2022-12-19,189450.88,1
SPY,2022-12-20,189710.12,1
SPY,2022-12-21,192546.75,1
SPY,2022-12-22,189799.85,1
SPY,2022-12-23,190891.63,1
SPY,2022-12-27,190138.85,1
SPY,2022-12-28,187775.83,1
SPY,2022-12-29,191155.85,1
SPY,2022-12-30,190652.33,1
SPY,2023-01-03,189849.71,1
SPY,2023-01-04,191315.38,1
SPY,2023-01-05,189131.83,1
SPY,2023-01-06,193469.02,1
SPY,2023-01-09,193359.34,1
SPY,2023-01-10,194715.34,1
SPY,2023-01-11,197178.07,1
SPY,2023-01-12,197895.95,1
SPY,2023-01-13,198663.69,1
SPY,2023-01-17,198299.76,1
SPY,2023-01-18,195169.0,1
SPY,2023-01-19,193748.21,1
SPY,2023-01-20,197357.55,1
SPY,2023-01-23,199725.56,1
SPY,2023-01-24,199511.2,1
SPY,2023-01-25,199585.97,1
SPY,2023-01-26,201779.5,1
SPY,2023-01-27,202243.13,1
SPY,2023-01-30,199705.62,1
SPY,2023-01-31,202641.96,1
SPY,2023-02-01,204795.59,1
SPY,2023-02-02,207776.8,1
SPY,2023-02-03,205568.32,1
SPY,2023-02-06,204312.02,1
SPY,2023-02-07,206984.14,1
SPY,2023-02-08,204720.81,1
SPY,2023-02-09,202946.05,1
SPY,2023-02-10,203419.66,1
SPY,2023-02-13,205807.6,1
SPY,2023-02-14,205712.9,1
SPY,2023-02-15,206380.92,1
SPY,2023-02-16,203539.3,1
SPY,2023-02-17,203030.81,1
SPY,2023-02-21,198957.82,1
SPY,2023-02-22,198683.64,1
SPY,2023-02-23,199740.52,1
SPY,2023-02-24,197606.81,1
SPY,2023-02-27,198279.83,1
SPY,2023-02-28,197546.99,1
SPY,2023-03-01,196789.22,1
SPY,2023-03-02,198319.71,1
SPY,2023-03-03,201500.32,1
SPY,2023-03-06,201639.91,1
SPY,2023-03-07,198549.03,1
SPY,2023-03-08,198873.08,1
SPY,2023-03-09,195203.9,1
SPY,2023-03-10,192387.22,1
SPY,2023-03-13,192113.02,1
SPY,2023-03-14,195288.66,1
SPY,2023-03-15,194067.26,1
SPY,2023-03-16,197472.2,1
SPY,2023-03-17,194421.21,1
SPY,2023-03-20,196290.69,1
SPY,2023-03-21,198868.09,1
SPY,2023-03-22,195478.09,1
SPY,2023-03-23,196006.54,1
SPY,2023-03-24,197292.74,1
SPY,2023-03-27,197661.65,1
SPY,2023-03-28,197217.96,1
SPY,2023-03-29,200084.5,1
SPY,2023-03-30,201256.05,1
SPY,2023-03-31,204092.68,1
SPY,2023-04-03,204870.38,1
SPY,2023-04-04,203733.74,1
SPY,2023-04-05,203200.31,1
SPY,2023-04-06,203992.97,1
SPY,2023-04-10,204202.34,1
SPY,2023-04-11,204257.19,1
SPY,2023-04-12,203424.64,1
SPY,2023-04-13,206126.67,1
SPY,2023-04-14,205623.15,1
SPY,2023-04-17,206360.98,1
SPY,2023-04-18,206495.58,1
SPY,2023-04-19,206460.69,1
SPY,2023-04-20,205334.01,1
SPY,2023-04-21,205493.54,1
SPY,2023-04-24,205707.91,1
SPY,2023-04-25,202442.53,1
SPY,2023-04-26,201585.06,1
SPY,2023-04-27,205598.23,1
SPY,2023-04-28,207353.05,1
SPY,2023-05-01,207143.67,1
SPY,2023-05-02,204815.54,1
SPY,2023-05-03,203409.68,1
SPY,2023-05-04,201968.94,1
SPY,2023-05-05,205707.91,1
SPY,2023-05-08,205762.74,1
SPY,2023-05-09,204860.4,1
SPY,2023-05-10,205817.58,1
SPY,2023-05-11,205458.64,1
SPY,2023-05-12,205189.43,1
SPY,2023-05-15,205897.35,1
SPY,2023-05-16,204521.41,1
SPY,2023-05-17,207004.08,1
SPY,2023-05-18,208998.2,1
SPY,2023-05-19,208694.09,1
SPY,2023-05-22,208778.85,1
SPY,2023-05-23,206435.75,1
SPY,2023-05-24,204940.17,1
SPY,2023-05-25,206714.93,1
SPY,2023-05-26,209392.03,1
SPY,2023-05-30,209471.79,1
SPY,2023-05-31,208310.23,1
SPY,2023-06-01,210289.39,1
SPY,2023-06-02,213330.41,1
SPY,2023-06-05,212921.62,1
SPY,2023-06-06,213385.25,1
SPY,2023-06-07,212647.42,1
SPY,2023-06-08,213933.63,1
SPY,2023-06-09,214317.49,1
SPY,2023-06-12,216261.75,1
SPY,2023-06-13,217687.55,1
SPY,2023-06-14,217946.78,1
SPY,2023-06-15,220648.81,1
SPY,2023-06-16,219083.43,1
SPY,2023-06-20,217946.78,1
SPY,2023-06-21,216830.08,1
SPY,2023-06-22,217612.77,1
SPY,2023-06-23,215967.62,1
SPY,2023-06-26,215085.23,1
SPY,2023-06-27,217443.28,1
SPY,2023-06-28,217552.95,1
SPY,2023-06-29,218410.41,1
SPY,2023-06-30,220987.81,1
SPY,2023-07-03,221242.06,1
SPY,2023-07-05,220913.03,1
SPY,2023-07-06,219183.14,1
SPY,2023-07-07,218629.76,1
SPY,2023-07-10,219183.14,1
SPY,2023-07-11,220579.01,1
SPY,2023-07-12,222353.77,1
SPY,2023-07-13,224118.57,1
SPY,2023-07-14,223978.98,1
SPY,2023-07-17,224756.68,1
SPY,2023-07-18,226426.76,1
SPY,2023-07-19,226930.28,1
SPY,2023-07-20,225424.71,1
SPY,2023-07-21,225424.71,1
SPY,2023-07-24,226431.75,1
SPY,2023-07-25,227049.92,1
SPY,2023-07-26,227084.82,1
SPY,2023-07-27,225579.25,1
SPY,2023-07-28,227787.75,1
SPY,2023-07-31,228221.47,1
SPY,2023-08-01,227568.39,1
SPY,2023-08-02,224402.73,1
SPY,2023-08-03,223759.63,1
SPY,2023-08-04,222747.61,1
SPY,2023-08-07,224691.87,1
SPY,2023-08-08,223714.76,1
SPY,2023-08-09,222219.18,1
SPY,2023-08-10,222298.94,1
SPY,2023-08-11,222169.32,1
SPY,2023-08-14,223395.7,1
SPY,2023-08-15,220793.39,1
SPY,2023-08-16,219173.17,1
SPY,2023-08-17,217503.1,1
SPY,2023-08-18,217607.78,1
SPY,2023-08-21,219023.6,1
SPY,2023-08-22,218430.35,1
SPY,2023-08-23,220863.18,1
SPY,2023-08-24,217802.22,1
SPY,2023-08-25,219337.68,1
SPY,2023-08-28,220728.58,1
SPY,2023-08-29,223919.16,1
SPY,2023-08-30,224841.44,1
SPY,2023-08-31,224512.41,1
SPY,2023-09-01,224931.17,1
SPY,2023-09-05,223959.04,1
SPY,2023-09-06,222453.48,1
SPY,2023-09-07,221770.5,1
SPY,2023-09-08,222104.51,1
SPY,2023-09-11,223565.21,1
SPY,2023-09-12,222338.82,1
SPY,2023-09-13,222598.06,1
SPY,2023-09-14,224517.39,1
SPY,2023-09-15,221032.67,1
SPY,2023-09-18,221162.3,1
SPY,2023-09-19,220703.64,1
SPY,2023-09-20,218674.64,1
SPY,2023-09-21,215060.31,1
SPY,2023-09-22,214576.74,1
SPY,2023-09-25,215479.07,1
SPY,2023-09-26,212313.41,1
SPY,2023-09-27,212398.15,1
SPY,2023-09-28,213629.52,1
SPY,2023-09-29,213111.06,1
SPY,2023-10-02,213026.3,1
SPY,2023-10-03,210174.72,1
SPY,2023-10-04,211705.21,1
SPY,2023-10-05,211625.44,1
SPY,2023-10-06,214138.03,1
SPY,2023-10-09,215508.98,1
SPY,2023-10-10,216630.67,1
SPY,2023-10-11,217518.05,1
SPY,2023-10-12,216191.96,1
SPY,2023-10-13,215115.14,1
SPY,2023-10-16,217378.47,1
SPY,2023-10-17,217368.49,1
SPY,2023-10-18,214472.03,1
SPY,2023-10-19,212587.6,1
SPY,2023-10-20,209975.31,1
SPY,2023-10-23,209611.38,1
SPY,2023-10-24,211191.72,1
SPY,2023-10-25,208160.66,1
SPY,2023-10-26,205668.02,1
SPY,2023-10-27,204735.77,1
SPY,2023-10-30,207183.55,1
SPY,2023-10-31,208484.72,1
SPY,2023-11-01,210708.15,1
SPY,2023-11-02,214746.23,1
SPY,2023-11-03,216705.45,1
SPY,2023-11-06,217203.98,1
SPY,2023-11-07,217822.15,1
SPY,2023-11-08,217981.68,1
SPY,2023-11-09,216281.7,1
SPY,2023-11-10,219656.73,1
SPY,2023-11-13,219447.36,1
SPY,2023-11-14,223704.8,1
SPY,2023-11-15,224178.39,1
SPY,2023-11-16,224452.59,1
SPY,2023-11-17,224731.76,1
SPY,2023-11-20,226461.66,1
SPY,2023-11-21,225968.11,1
SPY,2023-11-22,226840.53,1
SPY,2023-11-24,226980.12,1
SPY,2023-11-27,226571.34,1
SPY,2023-11-28,226795.67,1
SPY,2023-11-29,226636.13,1
SPY,2023-11-30,227528.5,1
SPY,2023-12-01,228874.54,1
SPY,2023-12-04,227673.08,1
SPY,2023-12-05,227628.21,1
SPY,2023-12-06,226710.92,1
SPY,2023-12-07,228440.82,1
SPY,2023-12-08,229422.92,1
SPY,2023-12-11,230315.28,1
SPY,2023-12-12,231367.18,1
SPY,2023-12-13,234557.76,1
SPY,2023-12-14,235310.54,1
SPY,2023-12-15,233974.48,1
SPY,2023-12-18,235290.6,1
SPY,2023-12-19,236721.37,1
SPY,2023-12-20,233441.06,1
SPY,2023-12-21,235654.53,1
SPY,2023-12-22,236128.12,1
SPY,2023-12-26,237125.18,1
SPY,2023-12-27,237553.92,1
SPY,2023-12-28,237643.65,1
SPY,2023-12-29,236955.68,1
SPY,2024-01-02,235629.59,1
SPY,2024-01-03,233705.28,1
SPY,2024-01-04,232952.5,1
SPY,2024-01-05,233271.56,1
SPY,2024-01-08,236601.73,1
SPY,2024-01-09,236242.79,1
SPY,2024-01-10,237578.84,1
SPY,2024-01-11,237474.16,1
SPY,2024-01-12,237638.66,1
SPY,2024-01-16,236766.24,1
SPY,2024-01-17,235450.13,1
SPY,2024-01-18,237543.94,1
SPY,2024-01-19,240505.2,1
SPY,2024-01-22,241013.71,1
SPY,2024-01-23,241716.63,1
SPY,2024-01-24,241980.86,1
SPY,2024-01-25,243296.97,1
SPY,2024-01-26,242987.88,1
SPY,2024-01-29,244912.2,1
SPY,2024-01-30,244722.77,1
SPY,2024-01-31,240729.55,1
SPY,2024-02-01,243880.25,1
SPY,2024-02-02,246447.67,1
SPY,2024-02-05,245550.31,1
SPY,2024-02-06,246263.22,1
SPY,2024-02-07,248317.16,1
SPY,2024-02-08,248426.83,1
SPY,2024-02-09,249862.6,1
SPY,2024-02-12,249752.92,1
SPY,2024-02-13,246313.06,1
SPY,2024-02-14,248551.47,1
SPY,2024-02-15,250266.41,1
SPY,2024-02-16,249020.08,1
SPY,2024-02-20,247649.13,1
SPY,2024-02-21,247873.46,1
SPY,2024-02-22,253003.32,1
SPY,2024-02-23,253177.81,1
SPY,2024-02-26,252250.54,1
SPY,2024-02-27,252719.16,1
SPY,2024-02-28,252385.15,1
SPY,2024-02-29,253292.46,1
SPY,2024-03-01,255670.44,1
SPY,2024-03-04,255396.26,1
SPY,2024-03-05,252843.79,1
SPY,2024-03-06,254125.01,1
SPY,2024-03-07,256647.57,1
SPY,2024-03-08,255107.12,1
SPY,2024-03-11,254887.76,1
SPY,2024-03-12,257629.68,1
SPY,2024-03-13,257225.85,1
SPY,2024-03-14,256717.37,1
SPY,2024-03-15,254164.89,1
SPY,2024-03-18,255675.43,1
SPY,2024-03-19,257096.26,1
SPY,2024-03-20,259474.22,1
SPY,2024-03-21,260331.7,1
SPY,2024-03-22,259838.16,1
SPY,2024-03-25,259120.28,1
SPY,2024-03-26,258641.68,1
SPY,2024-03-27,260815.26,1
SPY,2024-03-28,260765.42,1
SPY,2024-04-01,260311.74,1
SPY,2024-04-02,258656.65,1
SPY,2024-04-03,258940.79,1
SPY,2024-04-04,255780.13,1
SPY,2024-04-05,258452.24,1
SPY,2024-04-08,258596.8,1
SPY,2024-04-09,258895.94,1
SPY,2024-04-10,256303.58,1
SPY,2024-04-11,258237.87,1
SPY,2024-04-12,254673.4,1
SPY,2024-04-15,251482.82,1
SPY,2024-04-16,251024.16,1
SPY,2024-04-17,249538.54,1
SPY,2024-04-18,249025.06,1
SPY,2024-04-19,246851.48,1
SPY,2024-04-22,249124.77,1
SPY,2024-04-23,252081.04,1
SPY,2024-04-24,251961.4,1
SPY,2024-04-25,251004.22,1
SPY,2024-04-26,253382.21,1
SPY,2024-04-29,254279.56,1
SPY,2024-04-30,250251.45,1
SPY,2024-05-01,249438.85,1
SPY,2024-05-02,251771.96,1
SPY,2024-05-03,254892.75,1
SPY,2024-05-06,257524.98,1
SPY,2024-05-07,257809.15,1
SPY,2024-05-08,257834.07,1
SPY,2024-05-09,259319.67,1
SPY,2024-05-10,259653.71,1
SPY,2024-05-13,259688.58,1
SPY,2024-05-14,260880.07,1
SPY,2024-05-15,264110.56,1
SPY,2024-05-16,263567.15,1
SPY,2024-05-17,263946.03,1
SPY,2024-05-20,264250.13,1
SPY,2024-05-21,264898.21,1
SPY,2024-05-22,264135.48,1
SPY,2024-05-23,262206.17,1
SPY,2024-05-24,263941.04,1
SPY,2024-05-28,264125.5,1
SPY,2024-05-29,262275.95,1
SPY,2024-05-30,260536.08,1
SPY,2024-05-31,262909.09,1
SPY,2024-06-03,263123.45,1
SPY,2024-06-04,263417.6,1
SPY,2024-06-05,266548.34,1
SPY,2024-06-06,266543.35,1
SPY,2024-06-07,266219.32,1
SPY,2024-06-10,267041.88,1
SPY,2024-06-11,267685.0,1
SPY,2024-06-12,269883.5,1
SPY,2024-06-13,270426.91,1
SPY,2024-06-14,270591.43,1
SPY,2024-06-17,272745.05,1
SPY,2024-06-18,273438.01,1
SPY,2024-06-20,272695.21,1
SPY,2024-06-21,271453.88,1
SPY,2024-06-24,270571.47,1
SPY,2024-06-25,271613.41,1
SPY,2024-06-26,271952.4,1
SPY,2024-06-27,272381.13,1
SPY,2024-06-28,271309.28,1
SPY,2024-07-01,271867.66,1
SPY,2024-07-02,273697.26,1
SPY,2024-07-03,274918.66,1
SPY,2024-07-05,276503.97,1
SPY,2024-07-08,276823.04,1
SPY,2024-07-09,277092.23,1
SPY,2024-07-10,279834.14,1
SPY,2024-07-11,277421.25,1
SPY,2024-07-12,279171.09,1
SPY,2024-07-15,279938.84,1
SPY,2024-07-16,281598.92,1
SPY,2024-07-17,277650.58,1
SPY,2024-07-18,275516.87,1
SPY,2024-07-19,273687.27,1
SPY,2024-07-22,276508.96,1
SPY,2024-07-23,276075.25,1
SPY,2024-07-24,269818.69,1
SPY,2024-07-25,268412.83,1
SPY,2024-07-26,271418.98,1
SPY,2024-07-29,271578.51,1
SPY,2024-07-30,270202.56,1
SPY,2024-07-31,274594.6,1
SPY,2024-08-01,270706.08,1
SPY,2024-08-02,265665.96,1
SPY,2024-08-05,257928.79,1
SPY,2024-08-06,260306.78,1
SPY,2024-08-07,258566.89,1
SPY,2024-08-08,264544.28,1
SPY,2024-08-09,265710.82,1
SPY,2024-08-12,265850.42,1
SPY,2024-08-13,270222.49,1
SPY,2024-08-14,271074.99,1
SPY,2024-08-15,275721.28,1
SPY,2024-08-16,276339.45,1
SPY,2024-08-19,278981.65,1
SPY,2024-08-20,278528.0,1
SPY,2024-08-21,279485.17,1
SPY,2024-08-22,277291.63,1
SPY,2024-08-23,280237.95,1
SPY,2024-08-26,279569.91,1
SPY,2024-08-27,279953.78,1
SPY,2024-08-28,278328.58,1
SPY,2024-08-29,278353.5,1
SPY,2024-08-30,281010.66,1
SPY,2024-09-03,275227.74,1
SPY,2024-09-04,274664.4,1
SPY,2024-09-05,273996.36,1
SPY,2024-09-06,269384.97,1
SPY,2024-09-09,272401.06,1
SPY,2024-09-10,273587.56,1
SPY,2024-09-11,276394.28,1
SPY,2024-09-12,278722.43,1
SPY,2024-09-13,280178.13,1
SPY,2024-09-16,280591.92,1
SPY,2024-09-17,280706.57,1
SPY,2024-09-18,279874.03,1
SPY,2024-09-19,284649.92,1
SPY,2024-09-20,283288.94,1
SPY,2024-09-23,283996.85,1
SPY,2024-09-24,284809.45,1
SPY,2024-09-25,284181.3,1
SPY,2024-09-26,285307.98,1
SPY,2024-09-27,284894.19,1
SPY,2024-09-30,286035.84,1
SPY,2024-10-01,283473.4,1
SPY,2024-10-02,283593.04,1
SPY,2024-10-03,283074.58,1
SPY,2024-10-04,285646.97,1
SPY,2024-10-07,283064.6,1
SPY,2024-10-08,285741.7,1
SPY,2024-10-09,287720.87,1
SPY,2024-10-10,287217.35,1
SPY,2024-10-11,288937.28,1
SPY,2024-10-14,291300.3,1
SPY,2024-10-15,289036.99,1
SPY,2024-10-16,290293.27,1
SPY,2024-10-17,290318.19,1
SPY,2024-10-18,291434.92,1
SPY,2024-10-21,290956.32,1
SPY,2024-10-22,290801.77,1
SPY,2024-10-23,288144.61,1
SPY,2024-10-24,288767.77,1
SPY,2024-10-25,288668.06,1
SPY,2024-10-28,289560.44,1
SPY,2024-10-29,290029.06,1
SPY,2024-10-30,289151.65,1
SPY,2024-10-31,283483.38,1
SPY,2024-11-01,284679.83,1
SPY,2024-11-04,284066.65,1
SPY,2024-11-05,287501.52,1
SPY,2024-11-06,294650.4,1
SPY,2024-11-07,296928.68,1
SPY,2024-11-08,298214.89,1
SPY,2024-11-11,298499.06,1
SPY,2024-11-12,297571.8,1
SPY,2024-11-13,297716.37,1
SPY,2024-11-14,295802.0,1
SPY,2024-11-15,292013.2,1
SPY,2024-11-18,293209.68,1
SPY,2024-11-19,294281.49,1
SPY,2024-11-20,294381.21,1
SPY,2024-11-21,295961.53,1
SPY,2024-11-22,296878.84,1
SPY,2024-11-25,297885.88,1
SPY,2024-11-26,299441.29,1
SPY,2024-11-27,298533.96,1
SPY,2024-11-29,300388.47,1
SPY,2024-12-02,300926.89,1
SPY,2024-12-03,301066.46,1
SPY,2024-12-04,302935.95,1
SPY,2024-12-05,302437.42,1
SPY,2024-12-06,303010.74,1
SPY,2024-12-09,301450.34,1
SPY,2024-12-10,300513.1,1
SPY,2024-12-11,302836.26,1
SPY,2024-12-12,301275.87,1
SPY,2024-12-13,301216.05,1
SPY,2024-12-16,302502.23,1
SPY,2024-12-17,301255.91,1
SPY,2024-12-18,292277.43,1
SPY,2024-12-19,292187.67,1
SPY,2024-12-20,294705.26,1
SPY,2024-12-23,296470.04,1
SPY,2024-12-24,299765.31,1
SPY,2024-12-26,299785.27,1
SPY,2024-12-27,296629.58,1
SPY,2024-12-30,293244.55,1
SPY,2024-12-31,292177.72,1
SPY,2025-01-02,291459.84,1
SPY,2025-01-03,295104.08,1
SPY,2025-01-06,296804.05,1
SPY,2025-01-07,293448.96,1
SPY,2025-01-08,293877.69,1
SPY,2025-01-10,289390.93,1
SPY,2025-01-13,289839.62,1
SPY,2025-01-14,290238.43,1
SPY,2025-01-15,295517.87,1
SPY,2025-01-16,294949.54,1
SPY,2025-01-17,297910.8,1
SPY,2025-01-21,300637.74,1
SPY,2025-01-22,302327.76,1
SPY,2025-01-23,303977.88,1
SPY,2025-01-24,303090.49,1
SPY,2025-01-27,298803.15,1
SPY,2025-01-28,301370.59,1
SPY,2025-01-29,300019.57,1
SPY,2025-01-30,301629.8,1
SPY,2025-01-31,300024.56,1
SPY,2025-02-03,298005.52,1
SPY,2025-02-04,300004.63,1
SPY,2025-02-05,301221.01,1
SPY,2025-02-06,302267.93,1
SPY,2025-02-07,299501.11,1
SPY,2025-02-10,301535.08,1
SPY,2025-02-11,301764.42,1
SPY,2025-02-12,300792.28,1
SPY,2025-02-13,303967.9,1
SPY,2025-02-14,303952.96,1
SPY,2025-02-18,304845.32,1
SPY,2025-02-19,305563.2,1
SPY,2025-02-20,304291.96,1
SPY,2025-02-21,299087.32,1
SPY,2025-02-24,297726.35,1
SPY,2025-02-25,296245.7,1
SPY,2025-02-26,296395.25,1
SPY,2025-02-27,291664.22,1
SPY,2025-02-28,296215.79,1
SPY,2025-03-03,291026.12,1
SPY,2025-03-04,287581.27,1
SPY,2025-03-05,290672.15,1
SPY,2025-03-06,285512.39,1
SPY,2025-03-07,287112.65,1
SPY,2025-03-10,279465.24,1
SPY,2025-03-11,277142.08,1
SPY,2025-03-12,278612.74,1
SPY,2025-03-13,274898.7,1
SPY,2025-03-14,280576.95,1
SPY,2025-03-17,282740.57,1
SPY,2025-03-18,279684.59,1
SPY,2025-03-19,282730.59,1
SPY,2025-03-20,281913.0,1
SPY,2025-03-21,281160.22,1
SPY,2025-03-24,286195.37,1
SPY,2025-03-25,286883.35,1
SPY,2025-03-26,283458.46,1
SPY,2025-03-27,282705.67,1
SPY,2025-03-28,277012.45,1
SPY,2025-03-31,278871.99,1
SPY,2025-04-01,279659.64,1
SPY,2025-04-02,281429.44,1
SPY,2025-04-03,267560.37,1
SPY,2025-04-04,251896.59,1
SPY,2025-04-07,251447.92,1
SPY,2025-04-08,247509.54,1
SPY,2025-04-09,273502.82,1
SPY,2025-04-10,261518.2,1
SPY,2025-04-11,266184.42,1
SPY,2025-04-14,268766.8,1
SPY,2025-04-15,268014.02,1
SPY,2025-04-16,262056.59,1
SPY,2025-04-17,262430.49,1
SPY,2025-04-21,256183.94,1
SPY,2025-04-22,262849.27,1
SPY,2025-04-23,266922.24,1
SPY,2025-04-24,272540.66,1
SPY,2025-04-25,274509.86,1
SPY,2025-04-28,274614.53,1
SPY,2025-04-29,276344.44,1
SPY,2025-04-30,276454.1,1
SPY,2025-05-01,278413.32,1
SPY,2025-05-02,282546.14,1
SPY,2025-05-05,280925.92,1
SPY,2025-05-06,278577.84,1
SPY,2025-05-07,279749.4,1
SPY,2025-05-08,281698.63,1
SPY,2025-05-09,281339.71,1
SPY,2025-05-12,290637.25,1
SPY,2025-05-13,292556.61,1
SPY,2025-05-14,292930.5,1
SPY,2025-05-15,294361.28,1
SPY,2025-05-16,296225.77,1
SPY,2025-05-19,296549.79,1
SPY,2025-05-20,295552.74,1
SPY,2025-05-21,290572.44,1
SPY,2025-05-22,290687.12,1
SPY,2025-05-23,288702.96,1
SPY,2025-05-27,294705.26,1
SPY,2025-05-28,293000.27,1
SPY,2025-05-29,294156.86,1
SPY,2025-05-30,293827.85,1
SPY,2025-06-02,295482.97,1
SPY,2025-06-03,297168.0,1
SPY,2025-06-04,297088.21,1
SPY,2025-06-05,295652.45,1
SPY,2025-06-06,298688.5,1
SPY,2025-06-09,298957.7,1
SPY,2025-06-10,300652.71,1
SPY,2025-06-11,299795.22,1
SPY,2025-06-12,300986.71,1
SPY,2025-06-13,297621.64,1
SPY,2025-06-16,300453.28,1
SPY,2025-06-17,297885.88,1
SPY,2025-06-18,297841.0,1
SPY,2025-06-20,296265.66,1
SPY,2025-06-23,299192.02,1
SPY,2025-06-24,302497.27,1
SPY,2025-06-25,302666.75,1
SPY,2025-06-26,305034.76,1
SPY,2025-06-27,306550.28,1
SPY,2025-06-30,308015.95,1
SPY,2025-07-01,307916.27,1
SPY,2025-07-02,309312.15,1
SPY,2025-07-03,311749.96,1
SPY,2025-07-07,309426.8,1
SPY,2025-07-08,309257.32,1
SPY,2025-07-09,311111.83,1
SPY,2025-07-10,311989.24,1
SPY,2025-07-11,310892.48,1
SPY,2025-07-14,311485.73,1
SPY,2025-07-15,310154.66,1
SPY,2025-07-16,311191.58,1
SPY,2025-07-17,313095.96,1
SPY,2025-07-18,312866.66,1
SPY,2025-07-21,313459.91,1
SPY,2025-07-22,313504.76,1
SPY,2025-07-23,316171.91,1
SPY,2025-07-24,316276.58,1
SPY,2025-07-25,317612.63,1
SPY,2025-07-28,317532.88,1
SPY,2025-07-29,316695.36,1
SPY,2025-07-30,316296.54,1
SPY,2025-07-31,315110.04,1
SPY,2025-08-01,309945.26,1
SPY,2025-08-04,314656.36,1
SPY,2025-08-05,313061.06,1
SPY,2025-08-06,315459.02,1
SPY,2025-08-07,315194.78,1
SPY,2025-08-08,317652.52,1
SPY,2025-08-11,317024.37,1
SPY,2025-08-12,320399.42,1
SPY,2025-08-13,321496.19,1
SPY,2025-08-14,321526.1,1
SPY,2025-08-15,320773.32,1
SPY,2025-08-18,320703.52,1
SPY,2025-08-19,318963.66,1
SPY,2025-08-20,318116.15,1
SPY,2025-08-21,316839.92,1
SPY,2025-08-22,321705.56,1
SPY,2025-08-25,320289.73,1
SPY,2025-08-26,321630.77,1
SPY,2025-08-27,322363.63,1
SPY,2025-08-28,323505.25,1
SPY,2025-08-29,321575.94,1
SPY,2025-09-02,319192.99,1
SPY,2025-09-03,320922.87,1
SPY,2025-09-04,323604.96,1
SPY,2025-09-05,322667.72,1
SPY,2025-09-08,323460.4,1
SPY,2025-09-09,324208.19,1
SPY,2025-09-10,325145.42,1
SPY,2025-09-11,327847.44,1
SPY,2025-09-12,327737.75,1
SPY,2025-09-15,329482.6,1
SPY,2025-09-16,329028.95,1
SPY,2025-09-17,328620.16,1
SPY,2025-09-18,330155.63,1
SPY,2025-09-19,330873.51,1
SPY,2025-09-22,332438.9,1
SPY,2025-09-23,330629.24,1
SPY,2025-09-24,329577.32,1
SPY,2025-09-25,328056.82,1
SPY,2025-09-26,329936.28,1
SPY,2025-09-29,330863.53,1
SPY,2025-09-30,332109.86,1
SPY,2025-10-01,333241.53,1
SPY,2025-10-02,333625.37,1
SPY,2025-10-03,333620.41,1
SPY,2025-10-06,334816.86,1
SPY,2025-10-07,333575.53,1
SPY,2025-10-08,335564.66,1
SPY,2025-10-09,334592.52,1
SPY,2025-10-10,325549.23,1
SPY,2025-10-13,330544.47,1
SPY,2025-10-14,330140.66,1
SPY,2025-10-15,331606.34,1
SPY,2025-10-16,329348.02,1
SPY,2025-10-17,331217.5,1
SPY,2025-10-20,334662.32,1
SPY,2025-10-21,334657.33,1
SPY,2025-10-22,332917.47,1
SPY,2025-10-23,334891.66,1
SPY,2025-10-24,337628.57,1
SPY,2025-10-27,341611.81,1
SPY,2025-10-28,342519.14,1
SPY,2025-10-29,342683.66,1
SPY,2025-10-30,338914.79,1
SPY,2025-10-31,340026.49,1
SPY,2025-11-03,340664.63,1
SPY,2025-11-04,336626.53,1
SPY,2025-11-05,337793.1,1
SPY,2025-11-06,334168.78,1
SPY,2025-11-07,334497.8,1
SPY,2025-11-10,339717.41,1
SPY,2025-11-11,340495.11,1
SPY,2025-11-12,340684.56,1
SPY,2025-11-13,335031.23,1
SPY,2025-11-14,334976.4,1
SPY,2025-11-17,331855.6,1
SPY,2025-11-18,329068.84,1
SPY,2025-11-19,330340.09,1
SPY,2025-11-20,325304.96,1
SPY,2025-11-21,328545.39,1
SPY,2025-11-24,333381.1,1
SPY,2025-11-25,336516.86,1
SPY,2025-11-26,338839.99,1
SPY,2025-11-28,340689.55,1
SPY,2025-12-01,339134.14,1
SPY,2025-12-02,339762.29,1
SPY,2025-12-03,340938.81,1
SPY,2025-12-04,341188.08,1
SPY,2025-12-05,341836.16,1
SPY,2025-12-08,340809.19,1
SPY,2025-12-09,340515.04,1
SPY,2025-12-10,342773.39,1
SPY,2025-12-11,343571.03,1
SPY,2025-12-12,339876.94,1
SPY,2025-12-15,339363.44,1
SPY,2025-12-16,338436.19,1
SPY,2025-12-17,334712.19,1
SPY,2025-12-18,337239.71,1
SPY,2025-12-19,339293.67,1
SPY,2025-12-22,341407.43,1
SPY,2025-12-23,342967.83,1
SPY,2025-12-24,344174.26,1
SPY,2025-12-26,344139.36,1
SPY,2025-12-29,342912.97,1
SPY,2025-12-30,342494.22,1
SPY,2025-12-31,339956.69,1
RSP,2016-01-04,100467.01,1
RSP,2016-01-05,100705.61,1
RSP,2016-01-06,98863.04,1
RSP,2016-01-07,96622.77,1
RSP,2016-01-08,95442.99,1
RSP,2016-01-11,95138.1,1
RSP,2016-01-12,95588.81,1
RSP,2016-01-13,93189.48,1
RSP,2016-01-14,94462.05,1
RSP,2016-01-15,92659.24,1
RSP,2016-01-19,92380.87,1
RSP,2016-01-20,91399.92,1
RSP,2016-01-21,92235.05,1
RSP,2016-01-22,94051.11,1
RSP,2016-01-25,92261.56,1
RSP,2016-01-26,93958.32,1
RSP,2016-01-27,93242.5,1
RSP,2016-01-28,93308.78,1
RSP,2016-01-29,95946.72,1
RSP,2016-02-01,95906.95,1
RSP,2016-02-02,93918.55,1
RSP,2016-02-03,94833.22,1
RSP,2016-02-04,95376.71,1
RSP,2016-02-05,93759.49,1
RSP,2016-02-08,91784.34,1
RSP,2016-02-09,91505.97,1
RSP,2016-02-10,91558.99,1
RSP,2016-02-11,90259.9,1
RSP,2016-02-12,92221.79,1
RSP,2016-02-16,94064.37,1
RSP,2016-02-17,95800.9,1
RSP,2016-02-18,95602.07,1
RSP,2016-02-19,95310.44,1
RSP,2016-02-22,96980.69,1
RSP,2016-02-23,95827.42,1
RSP,2016-02-24,96397.42,1
RSP,2016-02-25,97471.15,1
RSP,2016-02-26,97643.49,1
RSP,2016-02-29,96901.15,1
RSP,2016-03-01,99141.41,1
RSP,2016-03-02,99857.23,1
RSP,2016-03-03,100771.89,1
RSP,2016-03-04,101288.88,1
RSP,2016-03-07,101779.35,1
RSP,2016-03-08,100109.09,1
RSP,2016-03-09,100639.33,1
RSP,2016-03-10,100785.15,1
RSP,2016-03-11,102680.75,1
RSP,2016-03-14,102534.94,1
RSP,2016-03-15,101951.68,1
RSP,2016-03-16,102919.36,1
RSP,2016-03-17,103873.79,1
RSP,2016-03-18,103820.77,1
RSP,2016-03-21,103847.27,1
RSP,2016-03-22,103767.74,1
RSP,2016-03-23,102707.27,1
RSP,2016-03-24,102587.96,1
RSP,2016-03-28,102733.78,1
RSP,2016-03-29,103781.0,1
RSP,2016-03-30,104099.14,1
RSP,2016-03-31,104099.14,1
RSP,2016-04-01,104510.07,1
RSP,2016-04-04,103834.02,1
RSP,2016-04-05,102667.49,1
RSP,2016-04-06,103754.48,1
RSP,2016-04-07,102455.4,1
RSP,2016-04-08,102906.1,1
RSP,2016-04-11,102786.8,1
RSP,2016-04-12,103900.3,1
RSP,2016-04-13,105212.65,1
RSP,2016-04-14,105000.55,1
RSP,2016-04-15,104974.04,1
RSP,2016-04-18,105729.63,1
RSP,2016-04-19,106193.59,1
RSP,2016-04-20,106392.43,1
RSP,2016-04-21,105676.6,1
RSP,2016-04-22,106339.4,1
RSP,2016-04-25,105888.69,1
RSP,2016-04-26,106631.04,1
RSP,2016-04-27,107320.34,1
RSP,2016-04-28,106047.77,1
RSP,2016-04-29,105398.23,1
RSP,2016-05-02,106021.26,1
RSP,2016-05-03,104828.22,1
RSP,2016-05-04,104152.17,1
RSP,2016-05-05,104125.66,1
RSP,2016-05-06,104457.06,1
RSP,2016-05-09,104417.28,1
RSP,2016-05-10,105703.11,1
RSP,2016-05-11,104642.64,1
RSP,2016-05-12,104616.12,1
RSP,2016-05-13,103608.68,1
RSP,2016-05-16,104669.15,1
RSP,2016-05-17,103953.32,1
RSP,2016-05-18,103701.47,1
RSP,2016-05-19,103396.58,1
RSP,2016-05-20,104165.42,1
RSP,2016-05-23,104099.14,1
RSP,2016-05-24,105438.0,1
RSP,2016-05-25,106259.87,1
RSP,2016-05-26,106180.33,1
RSP,2016-05-27,106790.1,1
RSP,2016-05-31,106829.87,1
RSP,2016-06-01,107055.23,1
RSP,2016-06-02,107519.18,1
RSP,2016-06-03,107148.02,1
RSP,2016-06-06,107877.09,1
RSP,2016-06-07,108274.77,1
RSP,2016-06-08,108579.67,1
RSP,2016-06-09,108301.28,1
RSP,2016-06-10,106856.38,1
RSP,2016-06-13,105901.95,1
RSP,2016-06-14,105570.55,1
RSP,2016-06-15,105583.81,1
RSP,2016-06-16,105703.11,1
RSP,2016-06-17,105636.84,1
RSP,2016-06-20,106511.73,1
RSP,2016-06-21,106578.01,1
RSP,2016-06-22,106471.96,1
RSP,2016-06-23,108022.91,1
RSP,2016-06-24,103555.65,1
RSP,2016-06-27,100930.96,1
RSP,2016-06-28,102906.1,1
RSP,2016-06-29,104881.25,1
RSP,2016-06-30,106511.73,1
RSP,2016-07-01,106843.13,1
RSP,2016-07-05,105557.3,1
RSP,2016-07-06,106193.59,1
RSP,2016-07-07,106180.33,1
RSP,2016-07-08,108168.72,1
RSP,2016-07-11,108592.91,1
RSP,2016-07-12,109878.74,1
RSP,2016-07-13,109812.46,1
RSP,2016-07-14,110276.43,1
RSP,2016-07-15,110210.14,1
RSP,2016-07-18,110408.99,1
RSP,2016-07-19,110117.35,1
RSP,2016-07-20,110660.85,1
RSP,2016-07-21,110249.91,1
RSP,2016-07-22,110952.48,1
RSP,2016-07-25,110700.62,1
RSP,2016-07-26,111191.08,1
RSP,2016-07-27,110607.83,1
RSP,2016-07-28,110819.92,1
RSP,2016-07-29,110925.97,1
RSP,2016-08-01,110515.04,1
RSP,2016-08-02,109388.27,1
RSP,2016-08-03,110011.3,1
RSP,2016-08-04,110077.59,1
RSP,2016-08-05,110992.25,1
RSP,2016-08-08,111071.78,1
RSP,2016-08-09,110899.46,1
RSP,2016-08-10,110607.83,1
RSP,2016-08-11,111429.69,1
RSP,2016-08-12,111323.65,1
RSP,2016-08-15,111853.88,1
RSP,2016-08-16,111217.6,1
RSP,2016-08-17,111297.13,1
RSP,2016-08-18,111893.66,1
RSP,2016-08-19,111933.42,1
RSP,2016-08-22,111800.86,1
RSP,2016-08-23,112291.33,1
RSP,2016-08-24,111509.23,1
RSP,2016-08-25,111495.97,1
RSP,2016-08-26,111151.32,1
RSP,2016-08-29,111774.35,1
RSP,2016-08-30,111602.02,1
RSP,2016-08-31,111098.29,1
RSP,2016-09-01,111071.78,1
RSP,2016-09-02,111628.53,1
RSP,2016-09-06,111814.12,1
RSP,2016-09-07,112132.26,1
RSP,2016-09-08,111946.67,1
RSP,2016-09-09,108924.31,1
RSP,2016-09-12,110462.01,1
RSP,2016-09-13,108606.17,1
RSP,2016-09-14,108447.1,1
RSP,2016-09-15,109534.09,1
RSP,2016-09-16,108659.2,1
RSP,2016-09-19,108911.06,1
RSP,2016-09-20,108645.94,1
RSP,2016-09-21,110117.35,1
RSP,2016-09-22,110978.99,1
RSP,2016-09-23,110422.24,1
RSP,2016-09-26,109573.86,1
RSP,2016-09-27,110064.33,1
RSP,2016-09-28,110833.18,1
RSP,2016-09-29,109905.26,1
RSP,2016-09-30,110806.66,1
RSP,2016-10-03,110342.7,1
RSP,2016-10-04,109666.65,1
RSP,2016-10-05,110316.19,1
RSP,2016-10-06,110369.22,1
RSP,2016-10-07,109772.69,1
RSP,2016-10-10,110263.17,1
RSP,2016-10-11,108619.43,1
RSP,2016-10-12,108765.25,1
RSP,2016-10-13,108367.56,1
RSP,2016-10-14,108288.03,1
RSP,2016-10-17,107916.87,1
RSP,2016-10-18,108659.2,1
RSP,2016-10-19,109189.44,1
RSP,2016-10-20,108977.34,1
RSP,2016-10-21,108911.06,1
RSP,2016-10-24,109255.71,1
RSP,2016-10-25,108632.68,1
RSP,2016-10-26,108579.67,1
RSP,2016-10-27,107943.37,1
RSP,2016-10-28,107930.12,1
RSP,2016-10-31,108102.45,1
RSP,2016-11-01,107214.29,1
RSP,2016-11-02,106445.45,1
RSP,2016-11-03,106100.79,1
RSP,2016-11-04,106114.05,1
RSP,2016-11-07,108407.33,1
RSP,2016-11-08,108818.26,1
RSP,2016-11-09,110104.09,1
RSP,2016-11-10,110912.71,1
RSP,2016-11-11,110912.71,1
RSP,2016-11-14,111840.63,1
RSP,2016-11-15,112662.5,1
RSP,2016-11-16,112172.03,1
RSP,2016-11-17,112768.55,1
RSP,2016-11-18,112503.43,1
RSP,2016-11-21,113391.58,1
RSP,2016-11-22,113736.24,1
RSP,2016-11-23,114014.61,1
RSP,2016-11-25,114425.54,1
RSP,2016-11-28,113656.69,1
RSP,2016-11-29,113736.24,1
RSP,2016-11-30,113762.74,1
RSP,2016-12-01,113418.09,1
RSP,2016-12-02,113444.6,1
RSP,2016-12-05,114292.99,1
RSP,2016-12-06,114876.25,1
RSP,2016-12-07,116519.99,1
RSP,2016-12-08,116997.2,1
RSP,2016-12-09,117328.6,1
RSP,2016-12-12,116718.83,1
RSP,2016-12-13,117209.3,1
RSP,2016-12-14,115989.75,1
RSP,2016-12-15,116400.68,1
RSP,2016-12-16,115883.7,1
RSP,2016-12-19,116056.03,1
RSP,2016-12-20,116440.45,1
RSP,2016-12-21,116175.33,1
RSP,2016-12-22,115711.37,1
RSP,2016-12-23,115949.98,1
RSP,2016-12-27,116334.41,1
RSP,2016-12-28,115141.37,1
RSP,2016-12-29,115181.13,1
RSP,2016-12-30,114849.73,1
RSP,2017-01-03,115764.4,1
RSP,2017-01-04,116891.15,1
RSP,2017-01-05,116573.01,1
RSP,2017-01-06,116891.15,1
RSP,2017-01-09,116254.86,1
RSP,2017-01-10,116360.91,1
RSP,2017-01-11,116665.81,1
RSP,2017-01-12,116480.22,1
RSP,2017-01-13,116718.83,1
RSP,2017-01-17,116413.94,1
RSP,2017-01-18,116758.6,1
RSP,2017-01-19,116175.33,1
RSP,2017-01-20,116612.78,1
RSP,2017-01-23,116268.12,1
RSP,2017-01-24,117421.4,1
RSP,2017-01-25,118309.54,1
RSP,2017-01-26,117991.4,1
RSP,2017-01-27,117633.49,1
RSP,2017-01-30,116970.69,1
RSP,2017-01-31,117156.27,1
RSP,2017-02-01,116864.65,1
RSP,2017-02-02,117116.5,1
RSP,2017-02-03,117925.12,1
RSP,2017-02-06,117606.98,1
RSP,2017-02-07,117487.67,1
RSP,2017-02-08,117739.54,1
RSP,2017-02-09,118468.62,1
RSP,2017-02-10,119131.42,1
RSP,2017-02-13,119661.65,1
RSP,2017-02-14,119979.8,1
RSP,2017-02-15,120563.05,1
RSP,2017-02-16,120258.17,1
RSP,2017-02-17,120496.78,1
RSP,2017-02-21,121345.16,1
RSP,2017-02-22,121053.53,1
RSP,2017-02-23,120841.44,1
RSP,2017-02-24,121172.84,1
RSP,2017-02-27,121451.21,1
RSP,2017-02-28,120828.18,1
RSP,2017-03-01,122312.84,1
RSP,2017-03-02,121517.49,1
RSP,2017-03-03,121504.24,1
RSP,2017-03-06,120960.74,1
RSP,2017-03-07,120417.24,1
RSP,2017-03-08,120138.86,1
RSP,2017-03-09,120032.82,1
RSP,2017-03-10,120510.04,1
RSP,2017-03-13,120748.64,1
RSP,2017-03-14,120178.64,1
RSP,2017-03-15,121490.98,1
RSP,2017-03-16,121212.6,1
RSP,2017-03-17,120708.87,1
RSP,2017-03-20,120364.22,1
RSP,2017-03-21,118786.76,1
RSP,2017-03-22,118998.85,1
RSP,2017-03-23,119051.87,1
RSP,2017-03-24,119051.87,1
RSP,2017-03-27,118839.78,1
RSP,2017-03-28,119820.72,1
RSP,2017-03-29,120231.65,1
RSP,2017-03-30,120470.26,1
RSP,2017-03-31,120390.73,1
RSP,2017-04-03,119913.51,1
RSP,2017-04-04,119767.7,1
RSP,2017-04-05,119436.3,1
RSP,2017-04-06,120072.59,1
RSP,2017-04-07,119966.54,1
RSP,2017-04-10,120244.91,1
RSP,2017-04-11,120284.68,1
RSP,2017-04-12,119542.35,1
RSP,2017-04-13,118707.23,1
RSP,2017-04-17,119674.91,1
RSP,2017-04-18,119330.25,1
RSP,2017-04-19,119370.02,1
RSP,2017-04-20,120350.96,1
RSP,2017-04-21,119966.54,1
RSP,2017-04-24,121146.32,1
RSP,2017-04-25,121782.61,1
RSP,2017-04-26,121809.12,1
RSP,2017-04-27,121756.09,1
RSP,2017-04-28,121186.09,1
RSP,2017-05-01,121133.06,1
RSP,2017-05-02,121239.11,1
RSP,2017-05-03,120854.69,1
RSP,2017-05-04,120960.74,1
RSP,2017-05-05,121756.09,1
RSP,2017-05-08,121477.72,1
RSP,2017-05-09,121398.19,1
RSP,2017-05-10,121862.14,1
RSP,2017-05-11,121358.42,1
RSP,2017-05-12,120814.92,1
RSP,2017-05-15,121544.0,1
RSP,2017-05-16,121225.85,1
RSP,2017-05-17,119356.77,1
RSP,2017-05-18,119621.88,1
RSP,2017-05-19,120589.57,1
RSP,2017-05-22,121212.6,1
RSP,2017-05-23,121239.11,1
RSP,2017-05-24,121504.24,1
RSP,2017-05-25,121994.7,1
RSP,2017-05-26,121968.19,1
RSP,2017-05-30,121742.83,1
RSP,2017-05-31,121862.14,1
RSP,2017-06-01,123121.46,1
RSP,2017-06-02,123293.79,1
RSP,2017-06-05,123028.67,1
RSP,2017-06-06,122538.2,1
RSP,2017-06-07,122657.5,1
RSP,2017-06-08,122750.29,1
RSP,2017-06-09,123121.46,1
RSP,2017-06-12,123280.53,1
RSP,2017-06-13,124062.63,1
RSP,2017-06-14,123784.26,1
RSP,2017-06-15,123519.14,1
RSP,2017-06-16,123121.46,1
RSP,2017-06-19,123890.31,1
RSP,2017-06-20,122882.85,1
RSP,2017-06-21,122538.2,1
RSP,2017-06-22,122577.97,1
RSP,2017-06-23,122856.34,1
RSP,2017-06-26,123214.25,1
RSP,2017-06-27,122392.38,1
RSP,2017-06-28,123346.82,1
RSP,2017-06-29,122471.92,1
RSP,2017-06-30,122856.34,1
RSP,2017-07-03,123373.32,1
RSP,2017-07-05,123187.74,1
RSP,2017-07-06,121835.64,1
RSP,2017-07-07,122617.73,1
RSP,2017-07-10,122644.24,1
RSP,2017-07-11,122538.2,1
RSP,2017-07-12,123386.58,1
RSP,2017-07-13,123744.49,1
RSP,2017-07-14,124287.99,1
RSP,2017-07-17,124433.81,1
RSP,2017-07-18,124168.68,1
RSP,2017-07-19,125056.83,1
RSP,2017-07-20,124990.55,1
RSP,2017-07-21,125017.06,1
RSP,2017-07-24,124924.27,1
RSP,2017-07-25,125414.74,1
RSP,2017-07-26,125162.88,1
RSP,2017-07-27,125030.32,1
RSP,2017-07-28,124871.24,1
RSP,2017-07-31,124818.23,1
RSP,2017-08-01,124950.79,1
RSP,2017-08-02,124553.1,1
RSP,2017-08-03,124234.96,1
RSP,2017-08-04,124420.55,1
RSP,2017-08-07,124553.1,1
RSP,2017-08-08,124248.22,1
RSP,2017-08-09,124075.89,1
RSP,2017-08-10,122299.59,1
RSP,2017-08-11,122326.1,1
RSP,2017-08-14,123479.37,1
RSP,2017-08-15,123254.02,1
RSP,2017-08-16,123572.17,1
RSP,2017-08-17,121676.56,1
RSP,2017-08-18,121398.19,1
RSP,2017-08-21,121504.24,1
RSP,2017-08-22,122657.5,1
RSP,2017-08-23,122299.59,1
RSP,2017-08-24,122140.52,1
RSP,2017-08-25,122564.71,1
RSP,2017-08-28,122418.89,1
RSP,2017-08-29,122299.59,1
RSP,2017-08-30,122882.85,1
RSP,2017-08-31,123572.17,1
RSP,2017-09-01,124075.89,1
RSP,2017-09-05,123227.51,1
RSP,2017-09-06,123664.96,1
RSP,2017-09-07,123611.93,1
RSP,2017-09-08,123717.98,1
RSP,2017-09-11,124964.04,1
RSP,2017-09-12,125454.51,1
RSP,2017-09-13,125467.77,1
RSP,2017-09-14,125454.51,1
RSP,2017-09-15,125096.6,1
RSP,2017-09-18,125295.44,1
RSP,2017-09-19,125123.11,1
RSP,2017-09-20,125335.21,1
RSP,2017-09-21,125070.09,1
RSP,2017-09-22,125335.21,1
RSP,2017-09-25,125481.03,1
RSP,2017-09-26,125626.83,1
RSP,2017-09-27,126130.57,1
RSP,2017-09-28,126210.1,1
RSP,2017-09-29,126647.55,1
RSP,2017-10-02,127191.04,1
RSP,2017-10-03,127403.14,1
RSP,2017-10-04,127668.26,1
RSP,2017-10-05,128171.99,1
RSP,2017-10-06,127906.86,1
RSP,2017-10-09,127456.17,1
RSP,2017-10-10,127774.31,1
RSP,2017-10-11,127800.82,1
RSP,2017-10-12,127840.59,1
RSP,2017-10-13,127973.15,1
RSP,2017-10-16,128012.91,1
RSP,2017-10-17,127999.65,1
RSP,2017-10-18,128105.71,1
RSP,2017-10-19,128264.78,1
RSP,2017-10-20,129126.42,1
RSP,2017-10-23,128688.97,1
RSP,2017-10-24,128821.53,1
RSP,2017-10-25,127959.89,1
RSP,2017-10-26,128211.76,1
RSP,2017-10-27,128410.6,1
RSP,2017-10-30,127787.56,1
RSP,2017-10-31,128026.17,1
RSP,2017-11-01,128065.94,1
RSP,2017-11-02,128039.42,1
RSP,2017-11-03,128225.01,1
RSP,2017-11-06,128755.24,1
RSP,2017-11-07,128556.41,1
RSP,2017-11-08,128715.48,1
RSP,2017-11-09,128370.82,1
RSP,2017-11-10,128450.36,1
RSP,2017-11-13,128649.2,1
RSP,2017-11-14,128582.92,1
RSP,2017-11-15,127880.36,1
RSP,2017-11-16,128980.6,1
RSP,2017-11-17,129205.95,1
RSP,2017-11-20,129404.79,1
RSP,2017-11-21,129882.01,1
RSP,2017-11-22,129828.99,1
RSP,2017-11-24,129895.26,1
RSP,2017-11-27,129762.7,1
RSP,2017-11-28,131260.62,1
RSP,2017-11-29,131870.41,1
RSP,2017-11-30,132891.11,1
RSP,2017-12-01,132626.0,1
RSP,2017-12-04,132904.37,1
RSP,2017-12-05,132055.99,1
RSP,2017-12-06,131817.38,1
RSP,2017-12-07,132413.9,1
RSP,2017-12-08,133235.77,1
RSP,2017-12-11,133355.07,1
RSP,2017-12-12,133368.33,1
RSP,2017-12-13,133249.02,1
RSP,2017-12-14,132440.41,1
RSP,2017-12-15,133010.41,1
RSP,2017-12-18,134017.87,1
RSP,2017-12-19,133567.17,1
RSP,2017-12-20,133580.42,1
RSP,2017-12-21,133845.54,1
RSP,2017-12-22,133978.1,1
RSP,2017-12-26,134137.18,1
RSP,2017-12-27,134137.18,1
RSP,2017-12-28,134468.58,1
RSP,2017-12-29,133925.08,1
RSP,2018-01-02,134919.27,1
RSP,2018-01-03,135608.59,1
RSP,2018-01-04,136072.55,1
RSP,2018-01-05,136722.09,1
RSP,2018-01-08,137172.79,1
RSP,2018-01-09,137239.07,1
RSP,2018-01-10,136828.14,1
RSP,2018-01-11,138140.47,1
RSP,2018-01-12,139028.62,1
RSP,2018-01-16,138087.45,1
RSP,2018-01-17,139240.72,1
RSP,2018-01-18,138856.3,1
RSP,2018-01-19,139770.96,1
RSP,2018-01-22,140765.16,1
RSP,2018-01-23,141149.59,1
RSP,2018-01-24,141215.86,1
RSP,2018-01-25,141096.56,1
RSP,2018-01-26,142408.9,1
RSP,2018-01-29,141388.19,1
RSP,2018-01-30,139823.99,1
RSP,2018-01-31,139797.47,1
RSP,2018-02-01,139466.07,1
RSP,2018-02-02,136602.79,1
RSP,2018-02-05,131539.01,1
RSP,2018-02-06,133341.81,1
RSP,2018-02-07,132983.9,1
RSP,2018-02-08,128304.55,1
RSP,2018-02-09,130067.59,1
RSP,2018-02-12,131671.56,1
RSP,2018-02-13,131989.7,1
RSP,2018-02-14,133991.36,1
RSP,2018-02-15,135383.23,1
RSP,2018-02-16,135449.51,1
RSP,2018-02-20,134587.87,1
RSP,2018-02-21,133779.26,1
RSP,2018-02-22,133845.54,1
RSP,2018-02-23,135886.96,1
RSP,2018-02-26,136907.67,1
RSP,2018-02-27,135131.37,1
RSP,2018-02-28,133659.96,1
RSP,2018-03-01,132228.31,1
RSP,2018-03-02,133103.21,1
RSP,2018-03-05,134707.18,1
RSP,2018-03-06,135303.7,1
RSP,2018-03-07,135184.4,1
RSP,2018-03-08,135648.36,1
RSP,2018-03-09,137756.05,1
RSP,2018-03-12,137570.47,1
RSP,2018-03-13,136987.2,1
RSP,2018-03-14,136165.34,1
RSP,2018-03-15,135807.42,1
RSP,2018-03-16,135794.17,1
RSP,2018-03-19,134269.73,1
RSP,2018-03-20,134415.55,1
RSP,2018-03-21,134455.32,1
RSP,2018-03-22,131472.72,1
RSP,2018-03-23,128967.35,1
RSP,2018-03-26,131936.68,1
RSP,2018-03-27,130372.47,1
RSP,2018-03-28,130213.41,1
RSP,2018-03-29,131870.41,1
RSP,2018-04-02,128980.6,1
RSP,2018-04-03,130531.55,1
RSP,2018-04-04,132055.99,1
RSP,2018-04-05,132904.37,1
RSP,2018-04-06,130094.1,1
RSP,2018-04-09,130359.22,1
RSP,2018-04-10,132215.05,1
RSP,2018-04-11,131751.1,1
RSP,2018-04-12,132374.13,1
RSP,2018-04-13,132095.76,1
RSP,2018-04-16,133368.33,1
RSP,2018-04-17,134455.32,1
RSP,2018-04-18,134813.22,1
RSP,2018-04-19,133872.05,1
RSP,2018-04-20,132930.88,1
RSP,2018-04-23,133103.21,1
RSP,2018-04-24,131830.63,1
RSP,2018-04-25,132201.81,1
RSP,2018-04-26,133222.51,1
RSP,2018-04-27,133580.42,1
RSP,2018-04-30,132360.87,1
RSP,2018-05-01,132413.9,1
RSP,2018-05-02,131313.65,1
RSP,2018-05-03,130876.21,1
RSP,2018-05-04,132334.36,1
RSP,2018-05-07,132559.71,1
RSP,2018-05-08,132466.92,1
RSP,2018-05-09,133540.65,1
RSP,2018-05-10,134707.18,1
RSP,2018-05-11,134839.74,1
RSP,2018-05-14,134892.77,1
RSP,2018-05-15,134216.71,1
RSP,2018-05-16,134959.04,1
RSP,2018-05-17,135131.37,1
RSP,2018-05-18,134853.0,1
RSP,2018-05-21,135727.89,1
RSP,2018-05-22,135210.91,1
RSP,2018-05-23,135462.77,1
RSP,2018-05-24,135436.26,1
RSP,2018-05-25,135144.62,1
RSP,2018-05-29,133712.99,1
RSP,2018-05-30,135489.28,1
RSP,2018-05-31,134282.99,1
RSP,2018-06-01,135423.01,1
RSP,2018-06-04,135886.96,1
RSP,2018-06-05,136138.82,1
RSP,2018-06-06,137172.79,1
RSP,2018-06-07,137239.07,1
RSP,2018-06-08,137888.61,1
RSP,2018-06-11,138180.24,1
RSP,2018-06-12,138577.92,1
RSP,2018-06-13,137888.61,1
RSP,2018-06-14,138246.53,1
RSP,2018-06-15,137716.28,1
RSP,2018-06-18,137464.42,1
RSP,2018-06-19,136907.67,1
RSP,2018-06-20,137292.09,1
RSP,2018-06-21,136496.74,1
RSP,2018-06-22,136854.64,1
RSP,2018-06-25,135356.72,1
RSP,2018-06-26,135489.28,1
RSP,2018-06-27,134282.99,1
RSP,2018-06-28,134826.48,1
RSP,2018-06-29,135065.09,1
RSP,2018-07-02,135012.06,1
RSP,2018-07-03,134945.79,1
RSP,2018-07-05,135953.24,1
RSP,2018-07-06,136987.2,1
RSP,2018-07-09,138034.42,1
RSP,2018-07-10,138392.34,1
RSP,2018-07-11,137305.35,1
RSP,2018-07-12,138074.2,1
RSP,2018-07-13,138206.76,1
RSP,2018-07-16,137795.82,1
RSP,2018-07-17,138233.27,1
RSP,2018-07-18,138551.41,1
RSP,2018-07-19,138524.9,1
RSP,2018-07-20,138074.2,1
RSP,2018-07-23,138087.45,1
RSP,2018-07-24,138021.18,1
RSP,2018-07-25,139240.72,1
RSP,2018-07-26,139731.2,1
RSP,2018-07-27,138909.32,1
RSP,2018-07-30,138312.8,1
RSP,2018-07-31,139253.98,1
RSP,2018-08-01,138352.58,1
RSP,2018-08-02,138909.32,1
RSP,2018-08-03,139611.89,1
RSP,2018-08-06,139943.29,1
RSP,2018-08-07,140221.66,1
RSP,2018-08-08,139969.8,1
RSP,2018-08-09,139810.73,1
RSP,2018-08-10,138869.56,1
RSP,2018-08-13,138153.73,1
RSP,2018-08-14,139320.26,1
RSP,2018-08-15,138392.34,1
RSP,2018-08-16,139492.59,1
RSP,2018-08-17,140234.92,1
RSP,2018-08-20,140897.72,1
RSP,2018-08-21,141255.63,1
RSP,2018-08-22,140950.74,1
RSP,2018-08-23,140606.09,1
RSP,2018-08-24,141361.68,1
RSP,2018-08-27,142157.03,1
RSP,2018-08-28,142289.59,1
RSP,2018-08-29,142846.35,1
RSP,2018-08-30,141931.68,1
RSP,2018-08-31,141984.71,1
RSP,2018-09-04,141852.15,1
RSP,2018-09-05,141918.42,1
RSP,2018-09-06,141653.31,1
RSP,2018-09-07,141149.59,1
RSP,2018-09-10,141679.82,1
RSP,2018-09-11,141785.87,1
RSP,2018-09-12,142037.73,1
RSP,2018-09-13,142634.25,1
RSP,2018-09-14,142819.83,1
RSP,2018-09-17,142342.62,1
RSP,2018-09-18,143005.41,1
RSP,2018-09-19,142939.14,1
RSP,2018-09-20,143840.55,1
RSP,2018-09-21,143933.34,1
RSP,2018-09-24,142276.34,1
RSP,2018-09-25,141891.92,1
RSP,2018-09-26,141348.42,1
RSP,2018-09-27,141361.68,1
RSP,2018-09-28,141587.03,1
RSP,2018-10-01,141587.03,1
RSP,2018-10-02,141388.19,1
RSP,2018-10-03,141401.44,1
RSP,2018-10-04,140420.5,1
RSP,2018-10-05,139731.2,1
RSP,2018-10-08,139903.52,1
RSP,2018-10-09,139240.72,1
RSP,2018-10-10,135250.67,1
RSP,2018-10-11,132254.82,1
RSP,2018-10-12,133408.09,1
RSP,2018-10-15,133355.07,1
RSP,2018-10-16,136032.78,1
RSP,2018-10-17,135754.41,1
RSP,2018-10-18,134017.87,1
RSP,2018-10-19,133620.19,1
RSP,2018-10-22,132732.04,1
RSP,2018-10-23,131883.65,1
RSP,2018-10-24,128384.08,1
RSP,2018-10-25,130067.59,1
RSP,2018-10-26,128039.42,1
RSP,2018-10-29,128092.45,1
RSP,2018-10-30,130571.32,1
RSP,2018-10-31,131326.91,1
RSP,2018-11-01,133235.77,1
RSP,2018-11-02,132758.55,1
RSP,2018-11-05,133752.75,1
RSP,2018-11-06,134680.67,1
RSP,2018-11-07,136748.6,1
RSP,2018-11-08,136642.55,1
RSP,2018-11-09,135436.26,1
RSP,2018-11-12,133368.33,1
RSP,2018-11-13,133315.3,1
RSP,2018-11-14,132466.92,1
RSP,2018-11-15,133593.68,1
RSP,2018-11-16,134017.87,1
RSP,2018-11-19,132268.08,1
RSP,2018-11-20,129948.28,1
RSP,2018-11-21,130756.9,1
RSP,2018-11-23,130372.47,1
RSP,2018-11-26,132135.52,1
RSP,2018-11-27,132201.81,1
RSP,2018-11-28,134614.39,1
RSP,2018-11-29,134216.71,1
RSP,2018-11-30,134760.21,1
RSP,2018-12-03,136390.69,1
RSP,2018-12-04,132294.6,1
RSP,2018-12-06,131896.91,1
RSP,2018-12-07,129033.62,1
RSP,2018-12-10,128795.02,1
RSP,2018-12-11,128702.22,1
RSP,2018-12-12,129351.77,1
RSP,2018-12-13,128742.0,1
RSP,2018-12-14,126912.67,1
RSP,2018-12-17,124168.68,1
RSP,2018-12-18,123996.36,1
RSP,2018-12-19,122047.73,1
RSP,2018-12-20,120125.61,1
RSP,2018-12-21,117991.4,1
RSP,2018-12-24,114253.22,1
RSP,2018-12-26,119423.04,1
RSP,2018-12-27,120496.78,1
RSP,2018-12-28,120191.89,1
RSP,2018-12-31,121159.58,1
RSP,2019-01-02,121225.85,1
RSP,2019-01-03,118879.55,1
RSP,2019-01-04,122829.83,1
RSP,2019-01-07,124115.65,1
RSP,2019-01-08,125454.51,1
RSP,2019-01-09,126342.66,1
RSP,2019-01-10,127111.51,1
RSP,2019-01-11,127204.3,1
RSP,2019-01-14,126514.99,1
RSP,2019-01-15,127482.67,1
RSP,2019-01-16,127800.82,1
RSP,2019-01-17,128993.85,1
RSP,2019-01-18,130955.74,1
RSP,2019-01-22,129205.95,1
RSP,2019-01-23,129099.9,1
RSP,2019-01-24,129696.42,1
RSP,2019-01-25,131075.04,1
RSP,2019-01-28,130558.06,1
RSP,2019-01-29,130783.42,1
RSP,2019-01-30,132175.29,1
RSP,2019-01-31,133050.19,1
RSP,2019-02-01,133381.59,1
RSP,2019-02-04,134110.66,1
RSP,2019-02-05,134627.64,1
RSP,2019-02-06,134508.34,1
RSP,2019-02-07,133540.65,1
RSP,2019-02-08,133792.52,1
RSP,2019-02-11,134163.68,1
RSP,2019-02-12,135820.68,1
RSP,2019-02-13,136417.2,1
RSP,2019-02-14,136099.05,1
RSP,2019-02-15,137623.49,1
RSP,2019-02-19,137875.36,1
RSP,2019-02-20,138365.82,1
RSP,2019-02-21,137835.59,1
RSP,2019-02-22,138564.67,1
RSP,2019-02-25,138591.18,1
RSP,2019-02-26,138220.01,1
RSP,2019-02-27,138259.78,1
RSP,2019-02-28,137928.38,1
RSP,2019-03-01,138856.3,1
RSP,2019-03-04,138193.5,1
RSP,2019-03-05,137769.31,1
RSP,2019-03-06,136563.01,1
RSP,2019-03-07,135502.54,1
RSP,2019-03-08,135078.35,1
RSP,2019-03-11,136828.14,1
RSP,2019-03-12,137278.83,1
RSP,2019-03-13,138100.71,1
RSP,2019-03-14,137901.87,1
RSP,2019-03-15,138405.6,1
RSP,2019-03-18,138418.85,1
RSP,2019-03-19,138180.24,1
RSP,2019-03-20,137212.56,1
RSP,2019-03-21,138975.6,1
RSP,2019-03-22,136125.57,1
RSP,2019-03-25,136165.34,1
RSP,2019-03-26,137305.35,1
RSP,2019-03-27,136854.64,1
RSP,2019-03-28,137623.49,1
RSP,2019-03-29,138445.37,1
RSP,2019-04-01,140208.4,1
RSP,2019-04-02,140102.36,1
RSP,2019-04-03,140486.79,1
RSP,2019-04-04,140950.74,1
RSP,2019-04-05,141865.4,1
RSP,2019-04-08,141958.19,1
RSP,2019-04-09,140844.69,1
RSP,2019-04-10,141534.0,1
RSP,2019-04-11,141719.59,1
RSP,2019-04-12,142859.6,1
RSP,2019-04-15,142461.92,1
RSP,2019-04-16,142514.95,1
RSP,2019-04-17,141679.82,1
RSP,2019-04-18,142011.22,1
RSP,2019-04-22,141653.31,1
RSP,2019-04-23,142965.65,1
RSP,2019-04-24,142925.88,1
RSP,2019-04-25,142090.76,1
RSP,2019-04-26,142952.39,1
RSP,2019-04-29,142939.14,1
RSP,2019-04-30,143416.36,1
RSP,2019-05-01,141971.45,1
RSP,2019-05-02,141984.71,1
RSP,2019-05-03,143257.28,1
RSP,2019-05-06,142581.22,1
RSP,2019-05-07,140287.95,1
RSP,2019-05-08,140062.6,1
RSP,2019-05-09,139890.26,1
RSP,2019-05-10,140500.04,1
RSP,2019-05-13,137000.46,1
RSP,2019-05-14,138352.58,1
RSP,2019-05-15,138790.01,1
RSP,2019-05-16,139731.2,1
RSP,2019-05-17,138803.27,1
RSP,2019-05-20,137928.38,1
RSP,2019-05-21,139413.05,1
RSP,2019-05-22,138710.48,1
RSP,2019-05-23,136973.95,1
RSP,2019-05-24,137225.81,1
RSP,2019-05-28,135727.89,1
RSP,2019-05-29,134799.97,1
RSP,2019-05-30,135012.06,1
RSP,2019-05-31,133474.38,1
RSP,2019-06-03,134243.22,1
RSP,2019-06-04,137252.33,1
RSP,2019-06-05,138339.32,1
RSP,2019-06-06,139028.62,1
RSP,2019-06-07,139930.03,1
RSP,2019-06-10,140367.48,1
RSP,2019-06-11,140221.66,1
RSP,2019-06-12,140049.34,1
RSP,2019-06-13,140871.2,1
RSP,2019-06-14,140486.79,1
RSP,2019-06-17,140261.43,1
RSP,2019-06-18,141640.05,1
RSP,2019-06-19,142157.03,1
RSP,2019-06-20,143403.1,1
RSP,2019-06-21,143071.7,1
RSP,2019-06-24,141812.38,1
RSP,2019-06-25,140950.74,1
RSP,2019-06-26,140712.14,1
RSP,2019-06-27,141600.28,1
RSP,2019-06-28,142899.37,1
RSP,2019-07-01,143920.08,1
RSP,2019-07-02,143761.0,1
RSP,2019-07-03,145073.35,1
RSP,2019-07-05,144887.77,1
RSP,2019-07-08,144092.4,1
RSP,2019-07-09,144039.39,1
RSP,2019-07-10,144198.45,1
RSP,2019-07-11,144490.09,1
RSP,2019-07-12,145471.03,1
RSP,2019-07-15,145351.73,1
RSP,2019-07-16,145060.09,1
RSP,2019-07-17,143853.8,1
RSP,2019-07-18,144410.55,1
RSP,2019-07-19,143800.78,1
RSP,2019-07-22,143840.55,1
RSP,2019-07-23,145086.6,1
RSP,2019-07-24,146054.29,1
RSP,2019-07-25,145113.12,1
RSP,2019-07-26,145842.19,1
RSP,2019-07-29,145418.0,1
RSP,2019-07-30,145550.57,1
RSP,2019-07-31,144105.66,1
RSP,2019-08-01,142263.08,1
RSP,2019-08-02,141123.07,1
RSP,2019-08-05,137119.77,1
RSP,2019-08-06,138644.2,1
RSP,2019-08-07,138829.79,1
RSP,2019-08-08,141335.17,1
RSP,2019-08-09,140036.08,1
RSP,2019-08-12,138246.53,1
RSP,2019-08-13,140036.08,1
RSP,2019-08-14,135741.15,1
RSP,2019-08-15,135780.91,1
RSP,2019-08-16,137981.4,1
RSP,2019-08-19,139572.12,1
RSP,2019-08-20,138445.37,1
RSP,2019-08-21,139572.12,1
RSP,2019-08-22,139664.91,1
RSP,2019-08-23,135886.96,1
RSP,2019-08-26,137080.0,1
RSP,2019-08-27,136311.15,1
RSP,2019-08-28,137490.94,1
RSP,2019-08-29,139346.77,1
RSP,2019-08-30,139399.8,1
RSP,2019-09-03,138617.69,1
RSP,2019-09-04,140261.43,1
RSP,2019-09-05,142316.11,1
RSP,2019-09-06,142660.77,1
RSP,2019-09-09,143442.86,1
RSP,2019-09-10,144105.66,1
RSP,2019-09-11,145205.91,1
RSP,2019-09-12,145378.23,1
RSP,2019-09-13,145404.75,1
RSP,2019-09-16,145510.79,1
RSP,2019-09-17,145537.31,1
RSP,2019-09-18,145378.23,1
RSP,2019-09-19,144980.56,1
RSP,2019-09-20,144331.01,1
RSP,2019-09-23,143800.78,1
RSP,2019-09-24,142634.25,1
RSP,2019-09-25,143442.86,1
RSP,2019-09-26,143098.21,1
RSP,2019-09-27,142594.48,1
RSP,2019-09-30,143270.54,1
RSP,2019-10-01,141043.54,1
RSP,2019-10-02,138379.08,1
RSP,2019-10-03,139386.54,1
RSP,2019-10-04,140937.49,1
RSP,2019-10-07,140181.9,1
RSP,2019-10-08,137756.05,1
RSP,2019-10-09,138975.6,1
RSP,2019-10-10,140022.82,1
RSP,2019-10-11,141931.68,1
RSP,2019-10-14,141613.54,1
RSP,2019-10-15,142819.83,1
RSP,2019-10-16,142581.22,1
RSP,2019-10-17,143124.72,1
RSP,2019-10-18,142952.39,1
RSP,2019-10-21,144039.39,1
RSP,2019-10-22,144052.64,1
RSP,2019-10-23,144463.58,1
RSP,2019-10-24,144529.85,1
RSP,2019-10-25,145060.09,1
RSP,2019-10-28,145510.79,1
RSP,2019-10-29,145775.92,1
RSP,2019-10-30,145789.18,1
RSP,2019-10-31,145033.59,1
RSP,2019-11-01,146823.14,1
RSP,2019-11-04,147671.52,1
RSP,2019-11-05,147671.52,1
RSP,2019-11-06,147512.45,1
RSP,2019-11-07,147870.36,1
RSP,2019-11-08,148215.01,1
RSP,2019-11-11,147817.34,1
RSP,2019-11-12,147896.87,1
RSP,2019-11-13,147790.82,1
RSP,2019-11-14,148122.22,1
RSP,2019-11-15,149209.21,1
RSP,2019-11-18,149023.63,1
RSP,2019-11-19,148904.33,1
RSP,2019-11-20,148334.32,1
RSP,2019-11-21,148029.43,1
RSP,2019-11-22,148466.88,1
RSP,2019-11-25,149805.73,1
RSP,2019-11-26,149978.06,1
RSP,2019-11-27,150614.35,1
RSP,2019-11-29,149964.8,1
RSP,2019-12-02,148705.49,1
RSP,2019-12-03,147499.19,1
RSP,2019-12-04,148572.93,1
RSP,2019-12-05,148824.78,1
RSP,2019-12-06,150203.41,1
RSP,2019-12-09,149739.45,1
RSP,2019-12-10,149580.37,1
RSP,2019-12-11,150017.82,1
RSP,2019-12-12,151595.29,1
RSP,2019-12-13,151171.1,1
RSP,2019-12-16,152125.53,1
RSP,2019-12-17,152152.04,1
RSP,2019-12-18,152377.39,1
RSP,2019-12-19,152894.37,1
RSP,2019-12-20,153676.47,1
RSP,2019-12-23,153132.98,1
RSP,2019-12-24,153239.03,1
RSP,2019-12-26,153570.42,1
RSP,2019-12-27,153358.33,1
RSP,2019-12-30,152828.09,1
RSP,2019-12-31,153398.1,1
RSP,2020-01-02,153835.55,1
RSP,2020-01-03,152960.65,1
RSP,2020-01-06,153159.49,1
RSP,2020-01-07,153026.93,1
RSP,2020-01-08,153477.63,1
RSP,2020-01-09,154180.2,1
RSP,2020-01-10,153702.98,1
RSP,2020-01-13,154657.41,1
RSP,2020-01-14,154962.31,1
RSP,2020-01-15,155200.91,1
RSP,2020-01-16,156645.81,1
RSP,2020-01-17,156950.7,1
RSP,2020-01-21,156301.16,1
RSP,2020-01-22,156102.32,1
RSP,2020-01-23,156446.97,1
RSP,2020-01-24,154843.0,1
RSP,2020-01-27,152297.85,1
RSP,2020-01-28,153716.24,1
RSP,2020-01-29,153239.03,1
RSP,2020-01-30,153570.42,1
RSP,2020-01-31,150508.3,1
RSP,2020-02-03,151515.76,1
RSP,2020-02-04,153742.76,1
RSP,2020-02-05,155983.01,1
RSP,2020-02-06,155943.24,1
RSP,2020-02-07,154683.93,1
RSP,2020-02-10,155359.98,1
RSP,2020-02-11,156287.9,1
RSP,2020-02-12,157361.63,1
RSP,2020-02-13,157215.82,1
RSP,2020-02-14,157242.33,1
RSP,2020-02-18,156765.12,1
RSP,2020-02-19,157321.87,1
RSP,2020-02-20,157282.1,1
RSP,2020-02-21,155850.45,1
RSP,2020-02-24,151131.33,1
RSP,2020-02-25,146054.29,1
RSP,2020-02-26,144662.41,1
RSP,2020-02-27,138630.95,1
RSP,2020-02-28,137159.54,1
RSP,2020-03-02,142395.64,1
RSP,2020-03-03,138843.04,1
RSP,2020-03-04,144317.76,1
RSP,2020-03-05,139147.93,1
RSP,2020-03-06,136297.9,1
RSP,2020-03-09,124486.83,1
RSP,2020-03-10,130478.53,1
RSP,2020-03-11,123439.61,1
RSP,2020-03-12,110978.99,1
RSP,2020-03-13,119993.05,1
RSP,2020-03-16,105544.05,1
RSP,2020-03-17,111522.48,1
RSP,2020-03-18,104258.22,1
RSP,2020-03-19,104536.59,1
RSP,2020-03-20,99459.55,1
RSP,2020-03-23,94992.29,1
RSP,2020-03-24,105133.1,1
RSP,2020-03-25,107771.05,1
RSP,2020-03-26,113974.84,1
RSP,2020-03-27,110581.31,1
RSP,2020-03-30,113484.37,1
RSP,2020-03-31,111376.67,1
RSP,2020-04-01,105888.69,1
RSP,2020-04-02,107558.95,1
RSP,2020-04-03,105822.42,1
RSP,2020-04-06,113829.03,1
RSP,2020-04-07,114743.68,1
RSP,2020-04-08,119489.32,1
RSP,2020-04-09,122246.57,1
RSP,2020-04-13,119608.63,1
RSP,2020-04-14,122776.81,1
RSP,2020-04-15,118813.27,1
RSP,2020-04-16,118813.27,1
RSP,2020-04-17,123254.02,1
RSP,2020-04-20,120722.13,1
RSP,2020-04-21,117196.05,1
RSP,2020-04-22,119396.53,1
RSP,2020-04-23,119502.58,1
RSP,2020-04-24,121212.6,1
RSP,2020-04-27,124698.92,1
RSP,2020-04-28,126422.2,1
RSP,2020-04-29,130809.92,1
RSP,2020-04-30,127442.91,1
RSP,2020-05-01,122843.08,1
RSP,2020-05-04,122935.87,1
RSP,2020-05-05,123492.63,1
RSP,2020-05-06,121716.33,1
RSP,2020-05-07,123903.56,1
RSP,2020-05-08,127297.09,1
RSP,2020-05-11,125785.91,1
RSP,2020-05-12,122498.43,1
RSP,2020-05-13,118906.06,1
RSP,2020-05-14,120748.64,1
RSP,2020-05-15,120974.0,1
RSP,2020-05-18,127588.72,1
RSP,2020-05-19,125825.68,1
RSP,2020-05-20,128118.96,1
RSP,2020-05-21,127548.96,1
RSP,2020-05-22,127655.01,1
RSP,2020-05-26,131790.86,1
RSP,2020-05-27,135051.83,1
RSP,2020-05-28,133699.73,1
RSP,2020-05-29,133500.88,1
RSP,2020-06-01,135065.09,1
RSP,2020-06-02,136775.11,1
RSP,2020-06-03,140473.53,1
RSP,2020-06-04,141189.35,1
RSP,2020-06-05,146398.95,1
RSP,2020-06-08,149911.77,1
RSP,2020-06-09,146160.34,1
RSP,2020-06-10,142554.72,1
RSP,2020-06-11,132692.27,1
RSP,2020-06-12,135343.46,1
RSP,2020-06-15,136841.4,1
RSP,2020-06-16,139691.42,1
RSP,2020-06-17,138127.22,1
RSP,2020-06-18,138034.42,1
RSP,2020-06-19,136602.79,1
RSP,2020-06-22,136191.85,1
RSP,2020-06-23,136350.92,1
RSP,2020-06-24,131843.89,1
RSP,2020-06-25,133196.0,1
RSP,2020-06-26,130491.78,1
RSP,2020-06-29,133089.95,1
RSP,2020-06-30,134892.77,1
RSP,2020-07-01,134707.18,1
RSP,2020-07-02,135515.8,1
RSP,2020-07-06,137000.46,1
RSP,2020-07-07,134813.22,1
RSP,2020-07-08,135210.91,1
RSP,2020-07-09,133063.44,1
RSP,2020-07-10,135303.7,1
RSP,2020-07-13,134667.41,1
RSP,2020-07-14,136854.64,1
RSP,2020-07-15,140022.82,1
RSP,2020-07-16,139823.99,1
RSP,2020-07-17,140301.19,1
RSP,2020-07-20,139558.86,1
RSP,2020-07-21,140950.74,1
RSP,2020-07-22,142077.5,1
RSP,2020-07-23,141838.89,1
RSP,2020-07-24,140804.93,1
RSP,2020-07-27,141374.94,1
RSP,2020-07-28,140513.29,1
RSP,2020-07-29,142819.83,1
RSP,2020-07-30,141693.08,1
RSP,2020-07-31,141626.79,1
RSP,2020-08-03,141971.45,1
RSP,2020-08-04,142674.01,1
RSP,2020-08-05,143827.29,1
RSP,2020-08-06,143721.24,1
RSP,2020-08-07,145179.39,1
RSP,2020-08-10,146703.83,1
RSP,2020-08-11,146544.77,1
RSP,2020-08-12,147406.4,1
RSP,2020-08-13,146690.58,1
RSP,2020-08-14,147114.77,1
RSP,2020-08-17,147181.05,1
RSP,2020-08-18,146332.67,1
RSP,2020-08-19,145762.66,1
RSP,2020-08-20,145086.6,1
RSP,2020-08-21,144821.49,1
RSP,2020-08-24,147194.31,1
RSP,2020-08-25,147194.31,1
RSP,2020-08-26,146942.44,1
RSP,2020-08-27,147698.03,1
RSP,2020-08-28,148917.58,1
RSP,2020-08-31,147671.52,1
RSP,2020-09-01,148427.11,1
RSP,2020-09-02,151065.05,1
RSP,2020-09-03,147591.98,1
RSP,2020-09-04,147247.33,1
RSP,2020-09-08,144185.19,1
RSP,2020-09-09,145855.45,1
RSP,2020-09-10,143761.0,1
RSP,2020-09-11,144516.59,1
RSP,2020-09-14,146849.65,1
RSP,2020-09-15,146995.46,1
RSP,2020-09-16,147976.4,1
RSP,2020-09-17,147340.12,1
RSP,2020-09-18,145563.82,1
RSP,2020-09-21,141255.63,1
RSP,2020-09-22,141918.42,1
RSP,2020-09-23,138869.56,1
RSP,2020-09-24,139094.91,1
RSP,2020-09-25,141030.28,1
RSP,2020-09-28,143747.76,1
RSP,2020-09-29,142594.48,1
RSP,2020-09-30,143310.31,1
RSP,2020-10-01,143827.29,1
RSP,2020-10-02,144463.58,1
RSP,2020-10-05,146995.46,1
RSP,2020-10-06,145484.28,1
RSP,2020-10-07,148135.48,1
RSP,2020-10-08,150322.72,1
RSP,2020-10-09,150548.06,1
RSP,2020-10-12,151714.59,1
RSP,2020-10-13,150176.9,1
RSP,2020-10-14,149765.97,1
RSP,2020-10-15,150455.27,1
RSP,2020-10-16,150322.72,1
RSP,2020-10-19,148321.06,1
RSP,2020-10-20,149129.68,1
RSP,2020-10-21,148625.95,1
RSP,2020-10-22,150521.56,1
RSP,2020-10-23,151316.91,1
RSP,2020-10-26,147790.82,1
RSP,2020-10-27,146014.52,1
RSP,2020-10-28,141547.26,1
RSP,2020-10-29,142978.91,1
RSP,2020-10-30,142514.95,1
RSP,2020-11-02,145696.38,1
RSP,2020-11-03,148731.99,1
RSP,2020-11-04,148851.3,1
RSP,2020-11-05,151741.1,1
RSP,2020-11-06,151118.07,1
RSP,2020-11-09,157600.24,1
RSP,2020-11-10,158461.88,1
RSP,2020-11-11,158170.25,1
RSP,2020-11-12,155704.64,1
RSP,2020-11-13,159137.94,1
RSP,2020-11-16,162465.18,1
RSP,2020-11-17,162080.76,1
RSP,2020-11-18,160158.64,1
RSP,2020-11-19,160967.26,1
RSP,2020-11-20,160052.59,1
RSP,2020-11-23,162425.41,1
RSP,2020-11-24,165964.76,1
RSP,2020-11-25,164731.95,1
RSP,2020-11-27,164652.42,1
RSP,2020-11-30,162889.37,1
RSP,2020-12-01,164400.55,1
RSP,2020-12-02,164864.52,1
RSP,2020-12-03,165792.43,1
RSP,2020-12-04,168456.88,1
RSP,2020-12-07,167621.75,1
RSP,2020-12-08,168085.72,1
RSP,2020-12-09,167542.22,1
RSP,2020-12-10,167688.04,1
RSP,2020-12-11,166654.07,1
RSP,2020-12-14,165461.03,1
RSP,2020-12-15,168205.02,1
RSP,2020-12-16,167847.11,1
RSP,2020-12-17,168801.53,1
RSP,2020-12-18,168403.86,1
RSP,2020-12-21,166481.74,1
RSP,2020-12-22,165845.46,1
RSP,2020-12-23,166813.14,1
RSP,2020-12-24,167131.29,1
RSP,2020-12-28,167635.01,1
RSP,2020-12-29,166799.89,1
RSP,2020-12-30,167992.93,1
RSP,2020-12-31,169066.66,1
RSP,2021-01-04,166627.55,1
RSP,2021-01-05,168045.94,1
RSP,2021-01-06,172062.51,1
RSP,2021-01-07,173772.52,1
RSP,2021-01-08,174077.42,1
RSP,2021-01-11,173878.57,1
RSP,2021-01-12,175243.94,1
RSP,2021-01-13,174673.94,1
RSP,2021-01-14,175257.2,1
RSP,2021-01-15,173944.86,1
RSP,2021-01-19,174779.99,1
RSP,2021-01-20,175866.97,1
RSP,2021-01-21,174978.82,1
RSP,2021-01-22,174236.49,1
RSP,2021-01-25,174077.42,1
RSP,2021-01-26,173215.77,1
RSP,2021-01-27,169225.73,1
RSP,2021-01-28,170723.64,1
RSP,2021-01-29,167688.04,1
RSP,2021-02-01,169915.03,1
RSP,2021-02-02,172155.29,1
RSP,2021-02-03,172606.01,1
RSP,2021-02-04,174806.49,1
RSP,2021-02-05,175707.9,1
RSP,2021-02-08,177762.58,1
RSP,2021-02-09,177696.3,1
RSP,2021-02-10,178239.8,1
RSP,2021-02-11,178292.81,1
RSP,2021-02-12,179366.54,1
RSP,2021-02-16,179499.11,1
RSP,2021-02-17,179406.31,1
RSP,2021-02-18,178398.86,1
RSP,2021-02-19,179750.98,1
RSP,2021-02-22,180055.86,1
RSP,2021-02-23,180533.08,1
RSP,2021-02-24,183383.1,1
RSP,2021-02-25,179114.68,1
RSP,2021-02-26,177895.13,1
RSP,2021-03-01,181924.96,1
RSP,2021-03-02,181023.54,1
RSP,2021-03-03,180095.63,1
RSP,2021-03-04,177643.26,1
RSP,2021-03-05,181699.61,1
RSP,2021-03-08,182892.64,1
RSP,2021-03-09,183157.75,1
RSP,2021-03-10,185040.1,1
RSP,2021-03-11,186286.16,1
RSP,2021-03-12,187704.56,1
RSP,2021-03-15,189295.27,1
RSP,2021-03-16,187545.48,1
RSP,2021-03-17,188513.18,1
RSP,2021-03-18,186670.6,1
RSP,2021-03-19,186325.93,1
RSP,2021-03-22,185716.16,1
RSP,2021-03-23,183038.45,1
RSP,2021-03-24,182799.83,1
RSP,2021-03-25,185000.33,1
RSP,2021-03-26,188460.14,1
RSP,2021-03-29,187479.19,1
RSP,2021-03-30,187837.11,1
RSP,2021-03-31,187784.09,1
RSP,2021-04-01,189666.44,1
RSP,2021-04-05,191389.72,1
RSP,2021-04-06,191641.59,1
RSP,2021-04-07,190925.75,1
RSP,2021-04-08,191283.67,1
RSP,2021-04-09,192383.92,1
RSP,2021-04-12,192715.32,1
RSP,2021-04-13,192383.92,1
RSP,2021-04-14,192688.8,1
RSP,2021-04-15,194199.98,1
RSP,2021-04-16,195061.61,1
RSP,2021-04-19,194146.96,1
RSP,2021-04-20,192702.05,1
RSP,2021-04-21,195247.19,1
RSP,2021-04-22,194014.4,1
RSP,2021-04-23,196108.84,1
RSP,2021-04-26,196440.24,1
RSP,2021-04-27,196652.34,1
RSP,2021-04-28,196705.36,1
RSP,2021-04-29,197991.19,1
RSP,2021-04-30,196559.54,1
RSP,2021-05-03,197726.07,1
RSP,2021-05-04,197500.72,1
RSP,2021-05-05,197911.65,1
RSP,2021-05-06,198919.1,1
RSP,2021-05-07,201013.55,1
RSP,2021-05-10,200337.5,1
RSP,2021-05-11,197924.9,1
RSP,2021-05-12,193537.18,1
RSP,2021-05-13,196148.61,1
RSP,2021-05-14,199223.98,1
RSP,2021-05-17,199011.9,1
RSP,2021-05-18,197248.86,1
RSP,2021-05-19,196228.14,1
RSP,2021-05-20,197712.8,1
RSP,2021-05-21,197977.94,1
RSP,2021-05-24,199117.95,1
RSP,2021-05-25,198282.82,1
RSP,2021-05-26,198958.87,1
RSP,2021-05-27,199939.82,1
RSP,2021-05-28,200324.23,1
RSP,2021-06-01,200987.03,1
RSP,2021-06-02,201132.85,1
RSP,2021-06-03,200841.21,1
RSP,2021-06-04,201835.41,1
RSP,2021-06-07,201477.51,1
RSP,2021-06-08,201729.36,1
RSP,2021-06-09,200814.72,1
RSP,2021-06-10,201199.13,1
RSP,2021-06-11,201729.36,1
RSP,2021-06-14,201106.35,1
RSP,2021-06-15,201132.85,1
RSP,2021-06-16,199767.48,1
RSP,2021-06-17,197805.6,1
RSP,2021-06-18,194398.81,1
RSP,2021-06-21,197580.26,1
RSP,2021-06-22,197991.19,1
RSP,2021-06-23,197659.79,1
RSP,2021-06-24,198958.87,1
RSP,2021-06-25,200350.75,1
RSP,2021-06-28,199515.62,1
RSP,2021-06-29,199369.8,1
RSP,2021-06-30,199807.25,1
RSP,2021-07-01,201199.13,1
RSP,2021-07-02,201795.64,1
RSP,2021-07-06,200032.6,1
RSP,2021-07-07,200509.81,1
RSP,2021-07-08,198667.23,1
RSP,2021-07-09,201490.76,1
RSP,2021-07-12,202140.31,1
RSP,2021-07-13,200231.45,1
RSP,2021-07-14,199939.82,1
RSP,2021-07-15,199409.57,1
RSP,2021-07-16,197924.9,1
RSP,2021-07-19,194345.79,1
RSP,2021-07-20,198030.95,1
RSP,2021-07-21,200019.35,1
RSP,2021-07-22,199462.6,1
RSP,2021-07-23,201119.6,1
RSP,2021-07-26,201689.59,1
RSP,2021-07-27,201331.7,1
RSP,2021-07-28,201437.75,1
RSP,2021-07-29,202948.93,1
RSP,2021-07-30,202392.16,1
RSP,2021-08-02,202087.28,1
RSP,2021-08-03,203784.04,1
RSP,2021-08-04,201861.93,1
RSP,2021-08-05,203386.36,1
RSP,2021-08-06,204221.49,1
RSP,2021-08-09,203757.54,1
RSP,2021-08-10,204711.95,1
RSP,2021-08-11,206024.3,1
RSP,2021-08-12,205918.25,1
RSP,2021-08-13,205891.75,1
RSP,2021-08-16,205958.02,1
RSP,2021-08-17,204407.07,1
RSP,2021-08-18,202299.38,1
RSP,2021-08-19,201848.68,1
RSP,2021-08-20,203306.82,1
RSP,2021-08-23,204831.27,1
RSP,2021-08-24,205666.39,1
RSP,2021-08-25,206753.38,1
RSP,2021-08-26,205334.99,1
RSP,2021-08-27,207535.48,1
RSP,2021-08-30,207230.6,1
RSP,2021-08-31,207190.83,1
RSP,2021-09-01,207230.6,1
RSP,2021-09-02,208635.73,1
RSP,2021-09-03,207959.68,1
RSP,2021-09-07,206223.15,1
RSP,2021-09-08,206090.59,1
RSP,2021-09-09,205507.32,1
RSP,2021-09-10,204155.21,1
RSP,2021-09-13,204725.22,1
RSP,2021-09-14,203267.06,1
RSP,2021-09-15,205069.87,1
RSP,2021-09-16,204685.46,1
RSP,2021-09-17,202869.37,1
RSP,2021-09-20,199078.17,1
RSP,2021-09-21,198362.35,1
RSP,2021-09-22,200589.37,1
RSP,2021-09-23,203532.17,1
RSP,2021-09-24,203876.84,1
RSP,2021-09-27,204552.89,1
RSP,2021-09-28,201490.76,1
RSP,2021-09-29,201928.21,1
RSP,2021-09-30,198600.97,1
RSP,2021-10-01,201278.66,1
RSP,2021-10-04,200006.1,1
RSP,2021-10-05,201437.75,1
RSP,2021-10-06,201716.11,1
RSP,2021-10-07,203426.14,1
RSP,2021-10-08,202948.93,1
RSP,2021-10-11,201835.41,1
RSP,2021-10-12,201888.45,1
RSP,2021-10-13,202219.84,1
RSP,2021-10-14,205692.9,1
RSP,2021-10-15,206395.47,1
RSP,2021-10-18,206475.0,1
RSP,2021-10-19,207681.3,1
RSP,2021-10-20,209272.01,1
RSP,2021-10-21,209523.88,1
RSP,2021-10-22,210120.39,1
RSP,2021-10-25,210597.61,1
RSP,2021-10-26,210186.68,1
RSP,2021-10-27,207389.67,1
RSP,2021-10-28,209497.36,1
RSP,2021-10-29,209126.19,1
RSP,2021-11-01,210796.46,1
RSP,2021-11-02,211379.73,1
RSP,2021-11-03,212625.77,1
RSP,2021-11-04,212188.34,1
RSP,2021-11-05,213805.55,1
RSP,2021-11-08,214123.7,1
RSP,2021-11-09,214097.18,1
RSP,2021-11-10,212731.82,1
RSP,2021-11-11,213248.8,1
RSP,2021-11-12,214282.77,1
RSP,2021-11-15,214653.93,1
RSP,2021-11-16,214932.32,1
RSP,2021-11-17,213792.3,1
RSP,2021-11-18,213010.2,1
RSP,2021-11-19,211631.57,1
RSP,2021-11-22,211962.97,1
RSP,2021-11-23,212837.87,1
RSP,2021-11-24,212943.92,1
RSP,2021-11-26,207402.93,1
RSP,2021-11-29,209139.46,1
RSP,2021-11-30,203598.46,1
RSP,2021-12-01,201066.56,1
RSP,2021-12-02,205931.52,1
RSP,2021-12-03,204804.76,1
RSP,2021-12-06,207840.36,1
RSP,2021-12-07,211353.21,1
RSP,2021-12-08,211896.71,1
RSP,2021-12-09,210385.53,1
RSP,2021-12-10,211750.89,1
RSP,2021-12-13,210213.19,1
RSP,2021-12-14,208953.88,1
RSP,2021-12-15,211233.91,1
RSP,2021-12-16,210862.74,1
RSP,2021-12-17,208065.73,1
RSP,2021-12-20,205334.99,1
RSP,2021-12-21,209497.36,1
RSP,2021-12-22,210968.77,1
RSP,2021-12-23,212400.42,1
RSP,2021-12-27,215117.9,1
RSP,2021-12-28,215449.3,1
RSP,2021-12-29,216085.58,1
RSP,2021-12-30,215740.93,1
RSP,2021-12-31,215740.93,1
RSP,2022-01-03,215926.51,1
RSP,2022-01-04,217663.04,1
RSP,2022-01-05,214309.28,1
RSP,2022-01-06,214786.5,1
RSP,2022-01-07,214441.85,1
RSP,2022-01-10,213368.12,1
RSP,2022-01-11,215383.01,1
RSP,2022-01-12,215555.35,1
RSP,2022-01-13,214561.15,1
RSP,2022-01-14,214189.99,1
RSP,2022-01-18,210783.19,1
RSP,2022-01-19,208595.96,1
RSP,2022-01-20,205944.77,1
RSP,2022-01-21,202935.66,1
RSP,2022-01-24,204460.11,1
RSP,2022-01-25,202524.73,1
RSP,2022-01-26,200894.25,1
RSP,2022-01-27,199767.48,1
RSP,2022-01-28,203187.53,1
RSP,2022-01-31,206315.94,1
RSP,2022-02-01,207919.92,1
RSP,2022-02-02,209272.01,1
RSP,2022-02-03,206620.82,1
RSP,2022-02-04,206435.23,1
RSP,2022-02-07,206567.8,1
RSP,2022-02-08,208463.4,1
RSP,2022-02-09,211989.49,1
RSP,2022-02-10,208648.98,1
RSP,2022-02-11,205891.75,1
RSP,2022-02-14,204248.01,1
RSP,2022-02-15,207363.15,1
RSP,2022-02-16,208052.46,1
RSP,2022-02-17,204314.29,1
RSP,2022-02-18,203545.44,1
RSP,2022-02-22,201517.28,1
RSP,2022-02-23,198402.12,1
RSP,2022-02-24,200297.73,1
RSP,2022-02-25,205679.65,1
RSP,2022-02-28,204473.36,1
RSP,2022-03-01,200960.53,1
RSP,2022-03-02,205242.2,1
RSP,2022-03-03,204818.0,1
RSP,2022-03-04,203585.21,1
RSP,2022-03-07,197951.42,1
RSP,2022-03-08,196533.02,1
RSP,2022-03-09,200695.4,1
RSP,2022-03-10,200310.98,1
RSP,2022-03-11,198203.29,1
RSP,2022-03-14,197474.2,1
RSP,2022-03-15,200655.63,1
RSP,2022-03-16,204446.84,1
RSP,2022-03-17,207018.5,1
RSP,2022-03-18,208344.1,1
RSP,2022-03-21,206899.2,1
RSP,2022-03-22,208635.73,1
RSP,2022-03-23,205653.14,1
RSP,2022-03-24,208052.46,1
RSP,2022-03-25,209470.86,1
RSP,2022-03-28,210093.9,1
RSP,2022-03-29,213580.2,1
RSP,2022-03-30,211949.72,1
RSP,2022-03-31,209059.93,1
RSP,2022-04-01,209735.98,1
RSP,2022-04-04,210186.68,1
RSP,2022-04-05,207946.41,1
RSP,2022-04-06,206899.2,1
RSP,2022-04-07,207535.48,1
RSP,2022-04-08,207972.93,1
RSP,2022-04-11,205958.02,1
RSP,2022-04-12,205268.72,1
RSP,2022-04-13,207588.52,1
RSP,2022-04-14,206170.12,1
RSP,2022-04-18,205732.67,1
RSP,2022-04-19,209378.06,1
RSP,2022-04-20,210716.93,1
RSP,2022-04-21,207668.05,1
RSP,2022-04-22,202007.74,1
RSP,2022-04-25,202617.53,1
RSP,2022-04-26,197765.84,1
RSP,2022-04-27,198137.0,1
RSP,2022-04-28,201583.56,1
RSP,2022-04-29,195459.29,1
RSP,2022-05-02,195989.54,1
RSP,2022-05-03,197606.77,1
RSP,2022-05-04,203107.99,1
RSP,2022-05-05,196996.99,1
RSP,2022-05-06,195194.18,1
RSP,2022-05-09,189401.32,1
RSP,2022-05-10,188910.84,1
RSP,2022-05-11,186471.74,1
RSP,2022-05-12,187267.11,1
RSP,2022-05-13,191548.78,1
RSP,2022-05-16,190872.74,1
RSP,2022-05-17,194915.79,1
RSP,2022-05-18,187585.24,1
RSP,2022-05-19,187161.06,1
RSP,2022-05-20,187161.06,1
RSP,2022-05-23,189798.99,1
RSP,2022-05-24,188619.21,1
RSP,2022-05-25,190793.18,1
RSP,2022-05-26,194823.01,1
RSP,2022-05-27,199290.27,1
RSP,2022-05-31,197421.17,1
RSP,2022-06-01,195326.74,1
RSP,2022-06-02,198760.04,1
RSP,2022-06-03,196413.72,1
RSP,2022-06-06,197129.56,1
RSP,2022-06-07,199011.9,1
RSP,2022-06-08,196201.62,1
RSP,2022-06-09,191747.62,1
RSP,2022-06-10,186524.78,1
RSP,2022-06-13,179021.9,1
RSP,2022-06-14,178093.98,1
RSP,2022-06-15,179803.99,1
RSP,2022-06-16,173441.12,1
RSP,2022-06-17,173838.81,1
RSP,2022-06-21,175893.49,1
RSP,2022-06-22,175800.68,1
RSP,2022-06-23,177258.85,1
RSP,2022-06-24,183025.2,1
RSP,2022-06-27,182932.4,1
RSP,2022-06-28,180148.64,1
RSP,2022-06-29,179048.41,1
RSP,2022-06-30,177934.9,1
RSP,2022-07-01,180108.87,1
RSP,2022-07-05,179684.69,1
RSP,2022-07-06,179724.46,1
RSP,2022-07-07,182335.89,1
RSP,2022-07-08,181659.82,1
RSP,2022-07-11,179989.58,1
RSP,2022-07-12,179127.95,1
RSP,2022-07-13,178133.75,1
RSP,2022-07-14,176728.62,1
RSP,2022-07-15,180082.38,1
RSP,2022-07-18,179300.26,1
RSP,2022-07-19,184443.58,1
RSP,2022-07-20,185676.4,1
RSP,2022-07-21,187121.29,1
RSP,2022-07-22,186034.3,1
RSP,2022-07-25,186498.26,1
RSP,2022-07-26,185040.1,1
RSP,2022-07-27,188632.47,1
RSP,2022-07-28,191615.07,1
RSP,2022-07-29,193325.08,1
RSP,2022-08-01,192953.91,1
RSP,2022-08-02,191588.55,1
RSP,2022-08-03,193576.95,1
RSP,2022-08-04,193166.01,1
RSP,2022-08-05,193378.11,1
RSP,2022-08-08,193921.59,1
RSP,2022-08-09,192794.85,1
RSP,2022-08-10,196917.46,1
RSP,2022-08-11,197792.36,1
RSP,2022-08-12,200987.03,1
RSP,2022-08-15,201424.48,1
RSP,2022-08-16,202007.74,1
RSP,2022-08-17,200112.15,1
RSP,2022-08-18,200748.43,1
RSP,2022-08-19,198097.24,1
RSP,2022-08-22,193961.38,1
RSP,2022-08-23,193457.65,1
RSP,2022-08-24,194425.33,1
RSP,2022-08-25,197421.17,1
RSP,2022-08-26,191058.32,1
RSP,2022-08-29,189944.8,1
RSP,2022-08-30,187943.16,1
RSP,2022-08-31,186591.04,1
RSP,2022-09-01,186750.13,1
RSP,2022-09-02,185398.01,1
RSP,2022-09-06,184881.03,1
RSP,2022-09-07,188937.36,1
RSP,2022-09-08,190567.83,1
RSP,2022-09-09,193192.53,1
RSP,2022-09-12,194995.34,1
RSP,2022-09-13,187280.36,1
RSP,2022-09-14,187267.11,1
RSP,2022-09-15,185782.43,1
RSP,2022-09-16,183926.6,1
RSP,2022-09-19,184456.83,1
RSP,2022-09-20,181487.51,1
RSP,2022-09-21,178478.4,1
RSP,2022-09-22,175920.0,1
RSP,2022-09-23,172963.91,1
RSP,2022-09-26,170458.53,1
RSP,2022-09-27,169915.03,1
RSP,2022-09-28,173865.32,1
RSP,2022-09-29,170577.83,1
RSP,2022-09-30,168722.0,1
RSP,2022-10-03,173427.87,1
RSP,2022-10-04,179406.31,1
RSP,2022-10-05,178703.74,1
RSP,2022-10-06,176715.35,1
RSP,2022-10-07,172526.46,1
RSP,2022-10-10,171359.95,1
RSP,2022-10-11,170591.1,1
RSP,2022-10-12,169702.95,1
RSP,2022-10-13,173785.79,1
RSP,2022-10-14,169941.55,1
RSP,2022-10-17,173639.97,1
RSP,2022-10-18,176211.62,1
RSP,2022-10-19,174130.44,1
RSP,2022-10-20,172195.06,1
RSP,2022-10-21,176132.08,1
RSP,2022-10-24,178093.98,1
RSP,2022-10-25,181514.0,1
RSP,2022-10-26,181871.92,1
RSP,2022-10-27,182044.26,1
RSP,2022-10-28,185822.19,1
RSP,2022-10-31,185000.33,1
RSP,2022-11-01,185451.03,1
RSP,2022-11-02,180930.76,1
RSP,2022-11-03,180016.09,1
RSP,2022-11-04,182813.1,1
RSP,2022-11-07,184271.25,1
RSP,2022-11-08,185371.5,1
RSP,2022-11-09,182044.26,1
RSP,2022-11-10,191800.65,1
RSP,2022-11-11,193643.23,1
RSP,2022-11-14,191535.54,1
RSP,2022-11-15,193338.35,1
RSP,2022-11-16,191283.67,1
RSP,2022-11-17,190170.17,1
RSP,2022-11-18,191588.55,1
RSP,2022-11-21,191509.02,1
RSP,2022-11-22,194054.16,1
RSP,2022-11-23,194862.78,1
RSP,2022-11-25,195525.58,1
RSP,2022-11-28,192039.25,1
RSP,2022-11-29,192649.03,1
RSP,2022-11-30,197275.37,1
RSP,2022-12-01,197553.74,1
RSP,2022-12-02,197434.44,1
RSP,2022-12-05,193616.71,1
RSP,2022-12-06,191495.77,1
RSP,2022-12-07,191177.62,1
RSP,2022-12-08,192410.41,1
RSP,2022-12-09,190925.75,1
RSP,2022-12-12,193736.01,1
RSP,2022-12-13,195088.13,1
RSP,2022-12-14,193934.86,1
RSP,2022-12-15,189679.69,1
RSP,2022-12-16,187386.41,1
RSP,2022-12-19,185093.13,1
RSP,2022-12-20,185278.72,1
RSP,2022-12-21,188141.99,1
RSP,2022-12-22,186100.58,1
RSP,2022-12-23,187293.61,1
RSP,2022-12-27,187412.93,1
RSP,2022-12-28,184721.97,1
RSP,2022-12-29,188009.44,1
RSP,2022-12-30,187240.59,1
RSP,2023-01-03,187068.26,1
RSP,2023-01-04,189984.59,1
RSP,2023-01-05,188009.44,1
RSP,2023-01-06,192516.46,1
RSP,2023-01-09,192596.0,1
RSP,2023-01-10,194040.91,1
RSP,2023-01-11,196400.47,1
RSP,2023-01-12,197142.81,1
RSP,2023-01-13,197606.77,1
RSP,2023-01-17,197169.32,1
RSP,2023-01-18,194133.69,1
RSP,2023-01-19,192132.05,1
RSP,2023-01-20,195472.56,1
RSP,2023-01-23,197951.42,1
RSP,2023-01-24,197487.45,1
RSP,2023-01-25,197938.17,1
RSP,2023-01-26,199528.88,1
RSP,2023-01-27,199900.05,1
RSP,2023-01-30,197779.09,1
RSP,2023-01-31,201132.85,1
RSP,2023-02-01,203187.53,1
RSP,2023-02-02,205414.54,1
RSP,2023-02-03,202895.89,1
RSP,2023-02-06,201464.24,1
RSP,2023-02-07,203346.59,1
RSP,2023-02-08,201344.95,1
RSP,2023-02-09,199502.37,1
RSP,2023-02-10,200112.15,1
RSP,2023-02-13,202352.39,1
RSP,2023-02-14,201967.98,1
RSP,2023-02-15,202922.41,1
RSP,2023-02-16,200629.13,1
RSP,2023-02-17,200204.93,1
RSP,2023-02-21,195856.97,1
RSP,2023-02-22,195618.38,1
RSP,2023-02-23,196347.44,1
RSP,2023-02-24,194663.95,1
RSP,2023-02-27,194902.54,1
RSP,2023-02-28,194332.55,1
RSP,2023-03-01,193974.63,1
RSP,2023-03-02,195499.06,1
RSP,2023-03-03,198243.05,1
RSP,2023-03-06,197288.62,1
RSP,2023-03-07,194107.18,1
RSP,2023-03-08,194518.13,1
RSP,2023-03-09,190223.19,1
RSP,2023-03-10,186206.63,1
RSP,2023-03-13,183926.6,1
RSP,2023-03-14,186511.51,1
RSP,2023-03-15,183900.08,1
RSP,2023-03-16,186113.83,1
RSP,2023-03-17,182972.17,1
RSP,2023-03-20,184417.07,1
RSP,2023-03-21,186882.68,1
RSP,2023-03-22,182680.54,1
RSP,2023-03-23,182070.77,1
RSP,2023-03-24,183621.72,1
RSP,2023-03-27,184841.27,1
RSP,2023-03-28,185212.43,1
RSP,2023-03-29,187996.19,1
RSP,2023-03-30,188924.11,1
RSP,2023-03-31,191707.85,1
RSP,2023-04-03,191866.93,1
RSP,2023-04-04,189944.8,1
RSP,2023-04-05,189547.14,1
RSP,2023-04-06,189679.69,1
RSP,2023-04-10,190832.97,1
RSP,2023-04-11,192079.01,1
RSP,2023-04-12,191151.1,1
RSP,2023-04-13,192622.51,1
RSP,2023-04-14,191747.62,1
RSP,2023-04-17,193046.72,1
RSP,2023-04-18,193059.96,1
RSP,2023-04-19,193112.98,1
RSP,2023-04-20,192052.52,1
RSP,2023-04-21,192105.53,1
RSP,2023-04-24,192463.45,1
RSP,2023-04-25,189189.22,1
RSP,2023-04-26,187214.08,1
RSP,2023-04-27,190289.47,1
RSP,2023-04-28,192397.17,1
RSP,2023-05-01,192224.83,1
RSP,2023-05-02,189348.29,1
RSP,2023-05-03,188248.04,1
RSP,2023-05-04,186458.5,1
RSP,2023-05-05,189600.15,1
RSP,2023-05-08,189255.51,1
RSP,2023-05-09,188552.94,1
RSP,2023-05-10,188526.42,1
RSP,2023-05-11,187585.24,1
RSP,2023-05-12,187598.51,1
RSP,2023-05-15,188658.99,1
RSP,2023-05-16,185994.53,1
RSP,2023-05-17,188354.09,1
RSP,2023-05-18,189878.54,1
RSP,2023-05-19,189374.81,1
RSP,2023-05-22,189666.44,1
RSP,2023-05-23,187638.28,1
RSP,2023-05-24,185596.85,1
RSP,2023-05-25,185477.55,1
RSP,2023-05-26,187028.49,1
RSP,2023-05-30,186697.09,1
RSP,2023-05-31,185066.61,1
RSP,2023-06-01,186458.5,1
RSP,2023-06-02,190528.07,1
RSP,2023-06-05,189878.54,1
RSP,2023-06-06,191164.37,1
RSP,2023-06-07,192569.5,1
RSP,2023-06-08,192649.03,1
RSP,2023-06-09,192423.68,1
RSP,2023-06-12,193696.24,1
RSP,2023-06-13,195565.34,1
RSP,2023-06-14,195194.18,1
RSP,2023-06-15,197447.69,1
RSP,2023-06-16,197288.62,1
RSP,2023-06-20,194650.68,1
RSP,2023-06-21,194372.31,1
RSP,2023-06-22,193576.95,1
RSP,2023-06-23,191906.7,1
RSP,2023-06-26,193073.21,1
RSP,2023-06-27,195432.77,1
RSP,2023-06-28,195101.37,1
RSP,2023-06-29,196625.82,1
RSP,2023-06-30,198362.35,1
RSP,2023-07-03,198852.82,1
RSP,2023-07-05,198004.44,1
RSP,2023-07-06,196387.21,1
RSP,2023-07-07,196877.69,1
RSP,2023-07-10,198640.74,1
RSP,2023-07-11,200880.98,1
RSP,2023-07-12,201808.91,1
RSP,2023-07-13,202763.34,1
RSP,2023-07-14,201570.3,1
RSP,2023-07-17,201954.73,1
RSP,2023-07-18,203200.77,1
RSP,2023-07-19,204208.24,1
RSP,2023-07-20,203996.14,1
RSP,2023-07-21,204287.77,1
RSP,2023-07-24,204857.77,1
RSP,2023-07-25,205003.59,1
RSP,2023-07-26,205467.55,1
RSP,2023-07-27,203664.74,1
RSP,2023-07-28,204672.19,1
RSP,2023-07-31,205308.49,1
RSP,2023-08-01,204473.36,1
RSP,2023-08-02,202524.73,1
RSP,2023-08-03,201517.28,1
RSP,2023-08-04,200615.86,1
RSP,2023-08-07,202312.63,1
RSP,2023-08-08,201305.18,1
RSP,2023-08-09,200721.91,1
RSP,2023-08-10,200483.32,1
RSP,2023-08-11,200523.08,1
RSP,2023-08-14,200483.32,1
RSP,2023-08-15,197845.37,1
RSP,2023-08-16,196400.47,1
RSP,2023-08-17,194889.29,1
RSP,2023-08-18,195233.94,1
RSP,2023-08-21,195194.18,1
RSP,2023-08-22,194425.33,1
RSP,2023-08-23,196042.56,1
RSP,2023-08-24,194160.21,1
RSP,2023-08-25,195141.16,1
RSP,2023-08-28,196599.31,1
RSP,2023-08-29,198813.05,1
RSP,2023-08-30,199436.08,1
RSP,2023-08-31,198733.52,1
RSP,2023-09-01,199555.38,1
RSP,2023-09-05,197089.77,1
RSP,2023-09-06,196413.72,1
RSP,2023-09-07,195631.63,1
RSP,2023-09-08,195724.41,1
RSP,2023-09-11,196042.56,1
RSP,2023-09-12,195790.69,1
RSP,2023-09-13,195008.59,1
RSP,2023-09-14,197288.62,1
RSP,2023-09-15,195631.63,1
RSP,2023-09-18,194319.28,1
RSP,2023-09-19,194001.15,1
RSP,2023-09-20,193112.98,1
RSP,2023-09-21,189905.04,1
RSP,2023-09-22,189149.46,1
RSP,2023-09-25,189626.67,1
RSP,2023-09-26,186962.21,1
RSP,2023-09-27,187028.49,1
RSP,2023-09-28,188327.59,1
RSP,2023-09-29,187823.86,1
RSP,2023-10-02,185702.9,1
RSP,2023-10-03,183475.9,1
RSP,2023-10-04,184523.12,1
RSP,2023-10-05,183992.88,1
RSP,2023-10-06,185583.6,1
RSP,2023-10-09,186909.19,1
RSP,2023-10-10,188340.84,1
RSP,2023-10-11,188738.52,1
RSP,2023-10-12,186378.96,1
RSP,2023-10-13,185968.01,1
RSP,2023-10-16,188287.81,1
RSP,2023-10-17,189215.74,1
RSP,2023-10-18,186219.88,1
RSP,2023-10-19,183913.35,1
RSP,2023-10-20,181620.05,1
RSP,2023-10-23,180466.79,1
RSP,2023-10-24,181620.05,1
RSP,2023-10-25,179618.41,1
RSP,2023-10-26,179247.24,1
RSP,2023-10-27,177179.32,1
RSP,2023-10-30,178571.2,1
RSP,2023-10-31,180055.86,1
RSP,2023-11-01,180665.62,1
RSP,2023-11-02,184668.93,1
RSP,2023-11-03,187691.29,1
RSP,2023-11-06,186710.36,1
RSP,2023-11-07,186312.68,1
RSP,2023-11-08,186007.8,1
RSP,2023-11-09,184430.33,1
RSP,2023-11-10,186591.04,1
RSP,2023-11-13,186352.45,1
RSP,2023-11-14,191668.08,1
RSP,2023-11-15,192569.5,1
RSP,2023-11-16,191933.2,1
RSP,2023-11-17,192861.13,1
RSP,2023-11-20,193629.98,1
RSP,2023-11-21,193272.06,1
RSP,2023-11-22,194173.46,1
RSP,2023-11-24,194743.48,1
RSP,2023-11-27,194345.79,1
RSP,2023-11-28,194160.21,1
RSP,2023-11-29,194929.06,1
RSP,2023-11-30,196586.06,1
RSP,2023-12-01,199542.13,1
RSP,2023-12-04,199634.93,1
RSP,2023-12-05,197858.62,1
RSP,2023-12-06,197924.9,1
RSP,2023-12-07,198972.14,1
RSP,2023-12-08,199595.17,1
RSP,2023-12-11,201371.46,1
RSP,2023-12-12,201729.36,1
RSP,2023-12-13,206011.05,1
RSP,2023-12-14,208821.31,1
RSP,2023-12-15,207336.65,1
RSP,2023-12-18,206620.82,1
RSP,2023-12-19,208357.35,1
RSP,2023-12-20,204910.81,1
RSP,2023-12-21,207429.43,1
RSP,2023-12-22,208132.0,1
RSP,2023-12-26,209325.05,1
RSP,2023-12-27,209523.88,1
RSP,2023-12-28,209987.84,1
RSP,2023-12-29,209179.23,1
RSP,2024-01-02,209245.51,1
RSP,2024-01-03,206156.87,1
RSP,2024-01-04,205812.2,1
RSP,2024-01-05,206408.74,1
RSP,2024-01-08,208622.48,1
RSP,2024-01-09,207562.0,1
RSP,2024-01-10,207919.92,1
RSP,2024-01-11,207323.38,1
RSP,2024-01-12,206859.43,1
RSP,2024-01-16,205547.09,1
RSP,2024-01-17,203929.86,1
RSP,2024-01-18,204977.09,1
RSP,2024-01-19,206554.55,1
RSP,2024-01-22,207641.53,1
RSP,2024-01-23,207747.58,1
RSP,2024-01-24,206673.85,1
RSP,2024-01-25,208755.03,1
RSP,2024-01-26,208781.55,1
RSP,2024-01-29,210054.13,1
RSP,2024-01-30,210093.9,1
RSP,2024-01-31,207402.93,1
RSP,2024-02-01,209815.51,1
RSP,2024-02-02,209629.93,1
RSP,2024-02-05,207827.12,1
RSP,2024-02-06,209139.46,1
RSP,2024-02-07,209961.33,1
RSP,2024-02-08,210425.29,1
RSP,2024-02-09,210677.14,1
RSP,2024-02-12,212108.79,1
RSP,2024-02-13,208582.72,1
RSP,2024-02-14,210491.56,1
RSP,2024-02-15,213102.99,1
RSP,2024-02-16,212135.31,1
RSP,2024-02-20,211644.84,1
RSP,2024-02-21,212069.02,1
RSP,2024-02-22,214176.74,1
RSP,2024-02-23,214746.73,1
RSP,2024-02-26,213885.1,1
RSP,2024-02-27,214826.27,1
RSP,2024-02-28,214905.8,1
RSP,2024-02-29,215793.95,1
RSP,2024-03-01,217305.13,1
RSP,2024-03-04,217702.81,1
RSP,2024-03-05,216708.61,1
RSP,2024-03-06,217941.43,1
RSP,2024-03-07,219651.44,1
RSP,2024-03-08,219399.57,1
RSP,2024-03-11,219677.96,1
RSP,2024-03-12,220247.95,1
RSP,2024-03-13,220354.0,1
RSP,2024-03-14,218378.88,1
RSP,2024-03-15,217954.68,1
RSP,2024-03-18,217649.79,1
RSP,2024-03-19,218948.87,1
RSP,2024-03-20,220817.97,1
RSP,2024-03-21,222329.15,1
RSP,2024-03-22,220897.5,1
RSP,2024-03-25,220420.29,1
RSP,2024-03-26,220208.19,1
RSP,2024-03-27,223734.28,1
RSP,2024-03-28,224516.38,1
RSP,2024-04-01,223190.78,1
RSP,2024-04-02,221268.67,1
RSP,2024-04-03,221507.29,1
RSP,2024-04-04,219253.76,1
RSP,2024-04-05,220566.1,1
RSP,2024-04-08,221242.15,1
RSP,2024-04-09,222117.05,1
RSP,2024-04-10,218339.11,1
RSP,2024-04-11,218180.03,1
RSP,2024-04-12,214720.22,1
RSP,2024-04-15,212864.39,1
RSP,2024-04-16,211684.61,1
RSP,2024-04-17,211247.16,1
RSP,2024-04-18,211048.33,1
RSP,2024-04-19,211843.67,1
RSP,2024-04-22,213460.9,1
RSP,2024-04-23,215356.52,1
RSP,2024-04-24,215661.4,1
RSP,2024-04-25,215210.7,1
RSP,2024-04-26,215316.73,1
RSP,2024-04-29,216814.66,1
RSP,2024-04-30,213686.25,1
RSP,2024-05-01,212957.17,1
RSP,2024-05-02,214269.52,1
RSP,2024-05-03,215793.95,1
RSP,2024-05-06,217450.94,1
RSP,2024-05-07,218060.73,1
RSP,2024-05-08,218007.71,1
RSP,2024-05-09,219837.02,1
RSP,2024-05-10,220194.94,1
RSP,2024-05-13,220141.92,1
RSP,2024-05-14,221016.8,1
RSP,2024-05-15,222779.85,1
RSP,2024-05-16,222421.93,1
RSP,2024-05-17,222753.33,1
RSP,2024-05-20,222567.75,1
RSP,2024-05-21,222474.97,1
RSP,2024-05-22,221626.59,1
RSP,2024-05-23,218524.69,1
RSP,2024-05-24,219969.59,1
RSP,2024-05-28,218445.14,1
RSP,2024-05-29,215886.75,1
RSP,2024-05-30,216880.95,1
RSP,2024-05-31,219757.49,1
RSP,2024-06-03,218590.96,1
RSP,2024-06-04,217928.16,1
RSP,2024-06-05,219253.76,1
RSP,2024-06-06,218829.58,1
RSP,2024-06-07,218140.26,1
RSP,2024-06-10,218723.53,1
RSP,2024-06-11,217822.13,1
RSP,2024-06-12,218988.64,1
RSP,2024-06-13,218365.61,1
RSP,2024-06-14,216973.73,1
RSP,2024-06-17,218551.19,1
RSP,2024-06-18,219094.69,1
RSP,2024-06-20,219227.26,1
RSP,2024-06-21,219505.62,1
RSP,2024-06-24,219677.96,1
RSP,2024-06-25,218166.78,1
RSP,2024-06-26,217344.91,1
RSP,2024-06-27,217610.03,1
RSP,2024-06-28,217769.09,1
RSP,2024-07-01,216006.05,1
RSP,2024-07-02,216973.73,1
RSP,2024-07-03,217066.53,1
RSP,2024-07-05,216973.73,1
RSP,2024-07-08,217397.93,1
RSP,2024-07-09,217026.76,1
RSP,2024-07-10,218816.33,1
RSP,2024-07-11,221454.25,1
RSP,2024-07-12,223402.88,1
RSP,2024-07-15,223654.75,1
RSP,2024-07-16,227618.29,1
RSP,2024-07-17,226690.36,1
RSP,2024-07-18,224741.73,1
RSP,2024-07-19,223230.55,1
RSP,2024-07-22,224993.59,1
RSP,2024-07-23,224198.25,1
RSP,2024-07-24,221573.55,1
RSP,2024-07-25,221838.69,1
RSP,2024-07-26,225006.86,1
RSP,2024-07-29,225311.74,1
RSP,2024-07-30,226398.72,1
RSP,2024-07-31,227472.47,1
RSP,2024-08-01,224940.58,1
RSP,2024-08-02,221069.84,1
RSP,2024-08-05,215846.98,1
RSP,2024-08-06,218060.73,1
RSP,2024-08-07,216523.03,1
RSP,2024-08-08,220446.81,1
RSP,2024-08-09,220910.75,1
RSP,2024-08-12,219850.29,1
RSP,2024-08-13,222355.67,1
RSP,2024-08-14,222819.62,1
RSP,2024-08-15,225841.98,1
RSP,2024-08-16,226385.47,1
RSP,2024-08-19,228108.76,1
RSP,2024-08-20,227207.34,1
RSP,2024-08-21,228798.07,1
RSP,2024-08-22,228148.52,1
RSP,2024-08-23,231051.58,1
RSP,2024-08-26,231011.82,1
RSP,2024-08-27,231117.87,1
RSP,2024-08-28,230481.57,1
RSP,2024-08-29,231343.22,1
RSP,2024-08-30,233132.76,1
RSP,2024-09-03,230136.92,1
RSP,2024-09-04,229805.52,1
RSP,2024-09-05,228400.39,1
RSP,2024-09-06,225948.03,1
RSP,2024-09-09,228135.27,1
RSP,2024-09-10,228267.82,1
RSP,2024-09-11,228373.87,1
RSP,2024-09-12,229792.27,1
RSP,2024-09-13,231992.74,1
RSP,2024-09-16,233676.26,1
RSP,2024-09-17,234020.91,1
RSP,2024-09-18,233583.48,1
RSP,2024-09-19,236075.59,1
RSP,2024-09-20,235213.96,1
RSP,2024-09-23,235492.32,1
RSP,2024-09-24,235836.99,1
RSP,2024-09-25,234378.82,1
RSP,2024-09-26,236340.7,1
RSP,2024-09-27,237189.08,1
RSP,2024-09-30,237493.99,1
RSP,2024-10-01,236234.67,1
RSP,2024-10-02,235982.81,1
RSP,2024-10-03,234869.29,1
RSP,2024-10-04,236711.89,1
RSP,2024-10-07,234869.29,1
RSP,2024-10-08,235426.06,1
RSP,2024-10-09,237043.29,1
RSP,2024-10-10,236155.12,1
RSP,2024-10-11,238474.91,1
RSP,2024-10-14,240224.71,1
RSP,2024-10-15,239137.71,1
RSP,2024-10-16,240754.94,1
RSP,2024-10-17,240370.53,1
RSP,2024-10-18,241086.34,1
RSP,2024-10-21,239031.68,1
RSP,2024-10-22,237957.93,1
RSP,2024-10-23,237175.83,1
RSP,2024-10-24,237228.87,1
RSP,2024-10-25,236102.1,1
RSP,2024-10-28,237440.95,1
RSP,2024-10-29,236725.14,1
RSP,2024-10-30,236208.15,1
RSP,2024-10-31,233689.51,1
RSP,2024-11-01,233835.32,1
RSP,2024-11-04,234113.71,1
RSP,2024-11-05,236844.44,1
RSP,2024-11-06,242451.71,1
RSP,2024-11-07,242690.32,1
RSP,2024-11-08,244042.44,1
RSP,2024-11-11,245261.99,1
RSP,2024-11-12,243392.89,1
RSP,2024-11-13,243525.46,1
RSP,2024-11-14,241576.83,1
RSP,2024-11-15,239853.55,1
RSP,2024-11-18,240821.23,1
RSP,2024-11-19,240171.68,1
RSP,2024-11-20,240980.29,1
RSP,2024-11-21,244015.92,1
RSP,2024-11-22,245938.03,1
RSP,2024-11-25,248165.05,1
RSP,2024-11-26,248191.54,1
RSP,2024-11-27,247952.95,1
RSP,2024-11-29,248708.53,1
RSP,2024-12-02,248085.49,1
RSP,2024-12-03,246985.27,1
RSP,2024-12-04,246998.51,1
RSP,2024-12-05,245765.7,1
RSP,2024-12-06,245487.33,1
RSP,2024-12-09,244479.87,1
RSP,2024-12-10,242981.96,1
RSP,2024-12-11,243207.31,1
RSP,2024-12-12,242319.16,1
RSP,2024-12-13,241470.78,1
RSP,2024-12-16,240675.41,1
RSP,2024-12-17,238779.82,1
RSP,2024-12-18,231714.38,1
RSP,2024-12-19,230945.53,1
RSP,2024-12-20,234179.99,1
RSP,2024-12-23,233676.26,1
RSP,2024-12-24,235439.31,1
RSP,2024-12-26,235823.72,1
RSP,2024-12-27,234219.76,1
RSP,2024-12-30,231860.2,1
RSP,2024-12-31,232284.38,1
RSP,2025-01-02,231608.33,1
RSP,2025-01-03,233729.29,1
RSP,2025-01-06,233570.21,1
RSP,2025-01-07,232788.11,1
RSP,2025-01-08,233066.5,1
RSP,2025-01-10,229659.7,1
RSP,2025-01-13,231542.05,1
RSP,2025-01-14,233411.14,1
RSP,2025-01-15,235651.41,1
RSP,2025-01-16,237507.23,1
RSP,2025-01-17,238660.5,1
RSP,2025-01-21,241431.01,1
RSP,2025-01-22,240582.63,1
RSP,2025-01-23,241722.64,1
RSP,2025-01-24,241510.54,1
RSP,2025-01-27,241669.61,1
RSP,2025-01-28,240476.58,1
RSP,2025-01-29,239681.21,1
RSP,2025-01-30,242239.63,1
RSP,2025-01-31,240251.23,1
RSP,2025-02-03,238938.88,1
RSP,2025-02-04,239230.51,1
RSP,2025-02-05,240397.05,1
RSP,2025-02-06,240078.9,1
RSP,2025-02-07,238899.11,1
RSP,2025-02-10,239575.16,1
RSP,2025-02-11,239601.68,1
RSP,2025-02-12,238209.8,1
RSP,2025-02-13,240277.73,1
RSP,2025-02-14,240039.13,1
RSP,2025-02-18,241881.71,1
RSP,2025-02-19,242372.17,1
RSP,2025-02-20,241762.41,1
RSP,2025-02-21,238368.88,1
RSP,2025-02-24,238567.72,1
RSP,2025-02-25,238806.31,1
RSP,2025-02-26,238302.6,1
RSP,2025-02-27,236221.4,1
RSP,2025-02-28,238846.08,1
RSP,2025-03-03,236300.94,1
RSP,2025-03-04,232483.23,1
RSP,2025-03-05,234643.94,1
RSP,2025-03-06,232045.78,1
RSP,2025-03-07,234219.76,1
RSP,2025-03-10,230919.01,1
RSP,2025-03-11,227843.64,1
RSP,2025-03-12,226769.91,1
RSP,2025-03-13,224595.91,1
RSP,2025-03-14,228877.6,1
RSP,2025-03-17,231966.25,1
RSP,2025-03-18,230759.95,1
RSP,2025-03-19,232469.96,1
RSP,2025-03-20,231502.28,1
RSP,2025-03-21,230441.8,1
RSP,2025-03-24,232894.16,1
RSP,2025-03-25,232337.41,1
RSP,2025-03-26,231899.96,1
RSP,2025-03-27,231303.45,1
RSP,2025-03-28,227737.59,1
RSP,2025-03-31,229633.18,1
RSP,2025-04-01,229871.8,1
RSP,2025-04-02,231793.91,1
RSP,2025-04-03,220751.69,1
RSP,2025-04-04,208357.35,1
RSP,2025-04-07,206620.82,1
RSP,2025-04-08,202723.56,1
RSP,2025-04-09,218935.63,1
RSP,2025-04-10,211565.31,1
RSP,2025-04-11,214773.25,1
RSP,2025-04-14,217517.23,1
RSP,2025-04-15,216814.66,1
RSP,2025-04-16,214030.92,1
RSP,2025-04-17,215621.63,1
RSP,2025-04-21,211286.92,1
RSP,2025-04-22,216496.53,1
RSP,2025-04-23,218590.96,1
RSP,2025-04-24,222289.38,1
RSP,2025-04-25,221971.23,1
RSP,2025-04-28,222594.27,1
RSP,2025-04-29,223893.35,1
RSP,2025-04-30,224211.5,1
RSP,2025-05-01,223906.61,1
RSP,2025-05-02,227856.89,1
RSP,2025-05-05,227101.31,1
RSP,2025-05-06,225417.79,1
RSP,2025-05-07,226902.46,1
RSP,2025-05-08,228811.32,1
RSP,2025-05-09,228758.3,1
RSP,2025-05-12,235028.37,1
RSP,2025-05-13,235558.6,1
RSP,2025-05-14,234140.23,1
RSP,2025-05-15,236274.44,1
RSP,2025-05-16,238594.23,1
RSP,2025-05-19,238567.72,1
RSP,2025-05-20,237944.68,1
RSP,2025-05-21,232761.59,1
RSP,2025-05-22,232019.26,1
RSP,2025-05-23,231091.35,1
RSP,2025-05-27,235399.54,1
RSP,2025-05-28,233397.89,1
RSP,2025-05-29,233967.89,1
RSP,2025-05-30,233875.09,1
RSP,2025-06-02,234060.69,1
RSP,2025-06-03,236009.3,1
RSP,2025-06-04,235479.07,1
RSP,2025-06-05,234842.79,1
RSP,2025-06-06,236870.95,1
RSP,2025-06-09,236910.72,1
RSP,2025-06-10,238090.5,1
RSP,2025-06-11,237414.45,1
RSP,2025-06-12,237971.2,1
RSP,2025-06-13,235094.66,1
RSP,2025-06-16,237361.42,1
RSP,2025-06-17,235081.39,1
RSP,2025-06-18,235107.91,1
RSP,2025-06-20,235492.32,1
RSP,2025-06-23,236605.84,1
RSP,2025-06-24,238846.08,1
RSP,2025-06-25,237122.82,1
RSP,2025-06-26,238912.36,1
RSP,2025-06-27,239787.26,1
RSP,2025-06-30,240914.03,1
RSP,2025-07-01,243737.54,1
RSP,2025-07-02,244294.28,1
RSP,2025-07-03,245474.07,1
RSP,2025-07-07,243512.19,1
RSP,2025-07-08,244121.97,1
RSP,2025-07-09,244851.05,1
RSP,2025-07-10,246269.43,1
RSP,2025-07-11,244466.62,1
RSP,2025-07-14,244718.49,1
RSP,2025-07-15,241324.96,1
RSP,2025-07-16,242266.12,1
RSP,2025-07-17,244241.27,1
RSP,2025-07-18,244148.47,1
RSP,2025-07-21,243313.36,1
RSP,2025-07-22,246415.25,1
RSP,2025-07-23,248456.66,1
RSP,2025-07-24,247661.31,1
RSP,2025-07-25,248854.34,1
RSP,2025-07-28,247382.93,1
RSP,2025-07-29,247263.63,1
RSP,2025-07-30,245659.67,1
RSP,2025-07-31,243419.41,1
RSP,2025-08-01,240675.41,1
RSP,2025-08-04,243618.24,1
RSP,2025-08-05,242942.19,1
RSP,2025-08-06,242398.69,1
RSP,2025-08-07,242252.87,1
RSP,2025-08-08,242690.32,1
RSP,2025-08-11,242027.52,1
RSP,2025-08-12,245102.9,1
RSP,2025-08-13,248602.48,1
RSP,2025-08-14,246985.27,1
RSP,2025-08-15,246375.48,1
RSP,2025-08-18,246322.47,1
RSP,2025-08-19,247475.73,1
RSP,2025-08-20,247250.38,1
RSP,2025-08-21,246388.73,1
RSP,2025-08-22,251187.41,1
RSP,2025-08-25,249265.27,1
RSP,2025-08-26,249437.61,1
RSP,2025-08-27,250339.02,1
RSP,2025-08-28,250219.71,1
RSP,2025-08-29,250034.12,1
RSP,2025-09-02,248059.0,1
RSP,2025-09-03,247674.56,1
RSP,2025-09-04,249503.89,1
RSP,2025-09-05,249795.52,1
RSP,2025-09-08,249596.67,1
RSP,2025-09-09,248827.84,1
RSP,2025-09-10,248575.98,1
RSP,2025-09-11,252300.9,1
RSP,2025-09-12,250484.84,1
RSP,2025-09-15,250047.39,1
RSP,2025-09-16,249384.59,1
RSP,2025-09-17,249623.19,1
RSP,2025-09-18,251253.67,1
RSP,2025-09-19,250816.24,1
RSP,2025-09-22,249848.54,1
RSP,2025-09-23,250153.44,1
RSP,2025-09-24,249570.18,1
RSP,2025-09-25,247515.5,1
RSP,2025-09-26,249967.86,1
RSP,2025-09-29,250802.97,1
RSP,2025-09-30,251465.77,1
RSP,2025-10-01,252035.79,1
RSP,2025-10-02,252632.3,1
RSP,2025-10-03,253520.45,1
RSP,2025-10-06,253440.92,1
RSP,2025-10-07,252327.42,1
RSP,2025-10-08,253149.28,1
RSP,2025-10-09,251054.84,1
RSP,2025-10-10,245394.53,1
RSP,2025-10-13,247780.61,1
RSP,2025-10-14,249835.29,1
RSP,2025-10-15,250339.02,1
RSP,2025-10-16,247966.19,1
RSP,2025-10-17,249225.51,1
RSP,2025-10-20,251717.64,1
RSP,2025-10-21,252870.9,1
RSP,2025-10-22,251651.35,1
RSP,2025-10-23,252844.4,1
RSP,2025-10-24,253533.7,1
RSP,2025-10-27,254660.46,1
RSP,2025-10-28,252473.24,1
RSP,2025-10-29,249649.71,1
RSP,2025-10-30,248575.98,1
RSP,2025-10-31,249119.46,1
RSP,2025-11-03,248509.69,1
RSP,2025-11-04,246865.95,1
RSP,2025-11-05,248310.86,1
RSP,2025-11-06,246561.06,1
RSP,2025-11-07,248628.99,1
RSP,2025-11-10,250060.64,1
RSP,2025-11-11,251505.54,1
RSP,2025-11-12,252102.05,1
RSP,2025-11-13,249252.03,1
RSP,2025-11-14,248337.36,1
RSP,2025-11-17,245076.4,1
RSP,2025-11-18,245222.22,1
RSP,2025-11-19,244479.87,1
RSP,2025-11-20,241497.27,1
RSP,2025-11-21,246242.91,1
RSP,2025-11-24,247263.63,1
RSP,2025-11-25,250776.45,1
RSP,2025-11-26,252526.25,1
RSP,2025-11-28,253891.62,1
RSP,2025-12-01,252155.09,1
RSP,2025-12-02,251916.47,1
RSP,2025-12-03,253838.6,1
RSP,2025-12-04,253918.13,1
RSP,2025-12-05,254514.65,1
RSP,2025-12-08,252990.22,1
RSP,2025-12-09,252513.0,1
RSP,2025-12-10,256065.59,1
RSP,2025-12-11,258133.52,1
RSP,2025-12-12,256383.74,1
RSP,2025-12-15,256701.87,1
RSP,2025-12-16,254899.06,1
RSP,2025-12-17,254209.77,1
RSP,2025-12-18,254753.25,1
RSP,2025-12-19,255681.18,1
RSP,2025-12-22,256556.06,1
RSP,2025-12-23,255959.54,1
RSP,2025-12-24,256887.46,1
RSP,2025-12-26,256953.74,1
RSP,2025-12-29,256529.56,1
RSP,2025-12-30,256118.63,1
RSP,2025-12-31,253931.38,1
RANKVOL_BENCH_N10,2016-01-04,100000.0,0
RANKVOL_BENCH_N10,2016-01-05,100000.0,0
RANKVOL_BENCH_N10,2016-01-06,100000.0,0
RANKVOL_BENCH_N10,2016-01-07,100000.0,0
RANKVOL_BENCH_N10,2016-01-08,100000.0,0
RANKVOL_BENCH_N10,2016-01-11,100000.0,0
RANKVOL_BENCH_N10,2016-01-12,100000.0,0
RANKVOL_BENCH_N10,2016-01-13,100000.0,0
RANKVOL_BENCH_N10,2016-01-14,100000.0,0
RANKVOL_BENCH_N10,2016-01-15,100000.0,0
RANKVOL_BENCH_N10,2016-01-19,100000.0,0
RANKVOL_BENCH_N10,2016-01-20,100000.0,0
RANKVOL_BENCH_N10,2016-01-21,100000.0,0
RANKVOL_BENCH_N10,2016-01-22,100000.0,0
RANKVOL_BENCH_N10,2016-01-25,100000.0,0
RANKVOL_BENCH_N10,2016-01-26,100000.0,0
RANKVOL_BENCH_N10,2016-01-27,100000.0,0
RANKVOL_BENCH_N10,2016-01-28,100000.0,0
RANKVOL_BENCH_N10,2016-01-29,100000.0,0
RANKVOL_BENCH_N10,2016-02-01,100682.42,10
RANKVOL_BENCH_N10,2016-02-02,97832.08,10
RANKVOL_BENCH_N10,2016-02-03,98890.22,10
RANKVOL_BENCH_N10,2016-02-04,98972.39,10
RANKVOL_BENCH_N10,2016-02-05,96938.75,10
RANKVOL_BENCH_N10,2016-02-08,94212.93,9
RANKVOL_BENCH_N10,2016-02-09,93539.51,10
RANKVOL_BENCH_N10,2016-02-10,93750.24,10
RANKVOL_BENCH_N10,2016-02-11,92265.48,10
RANKVOL_BENCH_N10,2016-02-12,94200.46,9
RANKVOL_BENCH_N10,2016-02-16,96002.19,10
RANKVOL_BENCH_N10,2016-02-17,97698.22,10
RANKVOL_BENCH_N10,2016-02-18,97023.26,10
RANKVOL_BENCH_N10,2016-02-19,98299.56,10
RANKVOL_BENCH_N10,2016-02-22,99578.4,10
RANKVOL_BENCH_N10,2016-02-23,98434.26,10
RANKVOL_BENCH_N10,2016-02-24,99454.57,9
RANKVOL_BENCH_N10,2016-02-25,100781.93,10
RANKVOL_BENCH_N10,2016-02-26,100436.95,10
RANKVOL_BENCH_N10,2016-02-29,99819.21,10
RANKVOL_BENCH_N10,2016-03-01,102765.77,10
RANKVOL_BENCH_N10,2016-03-02,102900.61,10
RANKVOL_BENCH_N10,2016-03-03,102987.34,10
RANKVOL_BENCH_N10,2016-03-04,103073.86,10
RANKVOL_BENCH_N10,2016-03-07,103071.19,10
RANKVOL_BENCH_N10,2016-03-08,101540.56,10
RANKVOL_BENCH_N10,2016-03-09,101966.55,5
RANKVOL_BENCH_N10,2016-03-10,102395.43,5
RANKVOL_BENCH_N10,2016-03-11,102987.36,5
RANKVOL_BENCH_N10,2016-03-14,103446.53,8
RANKVOL_BENCH_N10,2016-03-15,103221.53,8
RANKVOL_BENCH_N10,2016-03-16,103503.78,8
RANKVOL_BENCH_N10,2016-03-17,103958.24,10
RANKVOL_BENCH_N10,2016-03-18,104624.76,10
RANKVOL_BENCH_N10,2016-03-21,105066.41,10
RANKVOL_BENCH_N10,2016-03-22,105122.49,10
RANKVOL_BENCH_N10,2016-03-23,104393.16,10
RANKVOL_BENCH_N10,2016-03-24,104101.0,9
RANKVOL_BENCH_N10,2016-03-28,104228.03,9
RANKVOL_BENCH_N10,2016-03-29,105373.51,9
RANKVOL_BENCH_N10,2016-03-30,106143.1,10
RANKVOL_BENCH_N10,2016-03-31,105576.38,10
RANKVOL_BENCH_N10,2016-04-01,105978.76,10
RANKVOL_BENCH_N10,2016-04-04,105931.47,10
RANKVOL_BENCH_N10,2016-04-05,105406.4,9
RANKVOL_BENCH_N10,2016-04-06,106602.59,8
RANKVOL_BENCH_N10,2016-04-07,105754.1,10
RANKVOL_BENCH_N10,2016-04-08,106715.56,10
RANKVOL_BENCH_N10,2016-04-11,106086.81,10
RANKVOL_BENCH_N10,2016-04-12,108159.29,10
RANKVOL_BENCH_N10,2016-04-13,109552.62,10
RANKVOL_BENCH_N10,2016-04-14,109733.8,10
RANKVOL_BENCH_N10,2016-04-15,109464.55,10
RANKVOL_BENCH_N10,2016-04-18,110411.13,10
RANKVOL_BENCH_N10,2016-04-19,111171.56,10
RANKVOL_BENCH_N10,2016-04-20,111487.38,10
RANKVOL_BENCH_N10,2016-04-21,110479.13,10
RANKVOL_BENCH_N10,2016-04-22,110180.99,10
RANKVOL_BENCH_N10,2016-04-25,109727.73,8
RANKVOL_BENCH_N10,2016-04-26,109329.59,7
RANKVOL_BENCH_N10,2016-04-27,109773.75,7
RANKVOL_BENCH_N10,2016-04-28,108997.63,10
RANKVOL_BENCH_N10,2016-04-29,107449.78,10
RANKVOL_BENCH_N10,2016-05-02,108083.95,10
RANKVOL_BENCH_N10,2016-05-03,107195.5,10
RANKVOL_BENCH_N10,2016-05-04,106285.69,9
RANKVOL_BENCH_N10,2016-05-05,106623.1,9
RANKVOL_BENCH_N10,2016-05-06,106746.22,10
RANKVOL_BENCH_N10,2016-05-09,107497.88,10
RANKVOL_BENCH_N10,2016-05-10,108112.97,10
RANKVOL_BENCH_N10,2016-05-11,107162.83,10
RANKVOL_BENCH_N10,2016-05-12,106344.46,10
RANKVOL_BENCH_N10,2016-05-13,105717.38,10
RANKVOL_BENCH_N10,2016-05-16,106485.01,10
RANKVOL_BENCH_N10,2016-05-17,105640.19,10
RANKVOL_BENCH_N10,2016-05-18,105540.07,10
RANKVOL_BENCH_N10,2016-05-19,106330.6,10
RANKVOL_BENCH_N10,2016-05-20,107588.75,10
RANKVOL_BENCH_N10,2016-05-23,107535.87,10
RANKVOL_BENCH_N10,2016-05-24,109287.91,10
RANKVOL_BENCH_N10,2016-05-25,109795.89,10
RANKVOL_BENCH_N10,2016-05-26,110213.99,10
RANKVOL_BENCH_N10,2016-05-27,110888.97,10
RANKVOL_BENCH_N10,2016-05-31,111522.04,10
RANKVOL_BENCH_N10,2016-06-01,112070.88,10
RANKVOL_BENCH_N10,2016-06-02,112096.97,10
RANKVOL_BENCH_N10,2016-06-03,111205.43,10
RANKVOL_BENCH_N10,2016-06-06,111057.96,10
RANKVOL_BENCH_N10,2016-06-07,111725.5,10
RANKVOL_BENCH_N10,2016-06-08,111520.62,10
RANKVOL_BENCH_N10,2016-06-09,111438.07,10
RANKVOL_BENCH_N10,2016-06-10,110188.47,10
RANKVOL_BENCH_N10,2016-06-13,109217.18,9
RANKVOL_BENCH_N10,2016-06-14,109219.38,9
RANKVOL_BENCH_N10,2016-06-15,109333.85,10
RANKVOL_BENCH_N10,2016-06-16,109460.59,10
RANKVOL_BENCH_N10,2016-06-17,109203.44,10
RANKVOL_BENCH_N10,2016-06-20,110157.08,10
RANKVOL_BENCH_N10,2016-06-21,110602.8,10
RANKVOL_BENCH_N10,2016-06-22,110465.78,10
RANKVOL_BENCH_N10,2016-06-23,111912.58,10
RANKVOL_BENCH_N10,2016-06-24,106463.16,10
RANKVOL_BENCH_N10,2016-06-27,103952.64,10
RANKVOL_BENCH_N10,2016-06-28,105951.72,10
RANKVOL_BENCH_N10,2016-06-29,108479.46,10
RANKVOL_BENCH_N10,2016-06-30,110028.78,10
RANKVOL_BENCH_N10,2016-07-01,110902.09,10
RANKVOL_BENCH_N10,2016-07-05,109839.63,10
RANKVOL_BENCH_N10,2016-07-06,110069.39,10
RANKVOL_BENCH_N10,2016-07-07,110211.73,10
RANKVOL_BENCH_N10,2016-07-08,111628.42,10
RANKVOL_BENCH_N10,2016-07-11,112464.7,10
RANKVOL_BENCH_N10,2016-07-12,113639.24,10
RANKVOL_BENCH_N10,2016-07-13,112778.12,10
RANKVOL_BENCH_N10,2016-07-14,114161.81,10
RANKVOL_BENCH_N10,2016-07-15,114004.26,10
RANKVOL_BENCH_N10,2016-07-18,114493.71,10
RANKVOL_BENCH_N10,2016-07-19,114541.6,10
RANKVOL_BENCH_N10,2016-07-20,114715.33,10
RANKVOL_BENCH_N10,2016-07-21,115211.04,10
RANKVOL_BENCH_N10,2016-07-22,116081.09,10
RANKVOL_BENCH_N10,2016-07-25,115463.85,10
RANKVOL_BENCH_N10,2016-07-26,115664.65,10
RANKVOL_BENCH_N10,2016-07-27,115948.15,9
RANKVOL_BENCH_N10,2016-07-28,116126.19,9
RANKVOL_BENCH_N10,2016-07-29,116159.17,10
RANKVOL_BENCH_N10,2016-08-01,116767.41,10
RANKVOL_BENCH_N10,2016-08-02,115829.23,10
RANKVOL_BENCH_N10,2016-08-03,116402.82,10
RANKVOL_BENCH_N10,2016-08-04,116059.8,10
RANKVOL_BENCH_N10,2016-08-05,116930.84,10
RANKVOL_BENCH_N10,2016-08-08,116819.09,10
RANKVOL_BENCH_N10,2016-08-09,116936.03,10
RANKVOL_BENCH_N10,2016-08-10,116915.41,10
RANKVOL_BENCH_N10,2016-08-11,118004.61,10
RANKVOL_BENCH_N10,2016-08-12,118374.72,10
RANKVOL_BENCH_N10,2016-08-15,118603.99,10
RANKVOL_BENCH_N10,2016-08-16,118035.5,10
RANKVOL_BENCH_N10,2016-08-17,118487.87,10
RANKVOL_BENCH_N10,2016-08-18,118819.87,10
RANKVOL_BENCH_N10,2016-08-19,118547.44,10
RANKVOL_BENCH_N10,2016-08-22,118304.56,10
RANKVOL_BENCH_N10,2016-08-23,118182.92,10
RANKVOL_BENCH_N10,2016-08-24,117763.35,10
RANKVOL_BENCH_N10,2016-08-25,117658.43,10
RANKVOL_BENCH_N10,2016-08-26,117574.95,10
RANKVOL_BENCH_N10,2016-08-29,118292.32,10
RANKVOL_BENCH_N10,2016-08-30,118191.42,10
RANKVOL_BENCH_N10,2016-08-31,117781.97,10
RANKVOL_BENCH_N10,2016-09-01,118255.86,10
RANKVOL_BENCH_N10,2016-09-02,118496.51,10
RANKVOL_BENCH_N10,2016-09-06,118606.8,10
RANKVOL_BENCH_N10,2016-09-07,118319.56,10
RANKVOL_BENCH_N10,2016-09-08,118188.21,10
RANKVOL_BENCH_N10,2016-09-09,115006.04,10
RANKVOL_BENCH_N10,2016-09-12,116765.86,10
RANKVOL_BENCH_N10,2016-09-13,115220.53,10
RANKVOL_BENCH_N10,2016-09-14,115207.72,10
RANKVOL_BENCH_N10,2016-09-15,116432.7,10
RANKVOL_BENCH_N10,2016-09-16,116096.11,10
RANKVOL_BENCH_N10,2016-09-19,116152.1,10
RANKVOL_BENCH_N10,2016-09-20,116021.86,10
RANKVOL_BENCH_N10,2016-09-21,117213.21,10
RANKVOL_BENCH_N10,2016-09-22,117989.62,10
RANKVOL_BENCH_N10,2016-09-23,117527.35,10
RANKVOL_BENCH_N10,2016-09-26,116652.97,10
RANKVOL_BENCH_N10,2016-09-27,117619.92,10
RANKVOL_BENCH_N10,2016-09-28,118016.3,10
RANKVOL_BENCH_N10,2016-09-29,116874.06,10
RANKVOL_BENCH_N10,2016-09-30,118512.93,10
RANKVOL_BENCH_N10,2016-10-03,118654.08,10
RANKVOL_BENCH_N10,2016-10-04,118075.15,10
RANKVOL_BENCH_N10,2016-10-05,118760.79,10
RANKVOL_BENCH_N10,2016-10-06,118618.4,10
RANKVOL_BENCH_N10,2016-10-07,118704.49,10
RANKVOL_BENCH_N10,2016-10-10,119277.35,10
RANKVOL_BENCH_N10,2016-10-11,117790.14,10
RANKVOL_BENCH_N10,2016-10-12,118037.33,10
RANKVOL_BENCH_N10,2016-10-13,117557.37,10
RANKVOL_BENCH_N10,2016-10-14,116768.01,10
RANKVOL_BENCH_N10,2016-10-17,115801.98,10
RANKVOL_BENCH_N10,2016-10-18,116750.18,10
RANKVOL_BENCH_N10,2016-10-19,117203.87,10
RANKVOL_BENCH_N10,2016-10-20,117258.95,10
RANKVOL_BENCH_N10,2016-10-21,117300.25,10
RANKVOL_BENCH_N10,2016-10-24,117844.08,10
RANKVOL_BENCH_N10,2016-10-25,117192.67,10
RANKVOL_BENCH_N10,2016-10-26,115860.12,10
RANKVOL_BENCH_N10,2016-10-27,115344.37,10
RANKVOL_BENCH_N10,2016-10-28,115575.3,10
RANKVOL_BENCH_N10,2016-10-31,115910.98,10
RANKVOL_BENCH_N10,2016-11-01,115218.84,10
RANKVOL_BENCH_N10,2016-11-02,114731.94,10
RANKVOL_BENCH_N10,2016-11-03,114468.55,10
RANKVOL_BENCH_N10,2016-11-04,114976.38,10
RANKVOL_BENCH_N10,2016-11-07,117676.77,10
RANKVOL_BENCH_N10,2016-11-08,118968.28,10
RANKVOL_BENCH_N10,2016-11-09,121165.16,10
RANKVOL_BENCH_N10,2016-11-10,122982.09,10
RANKVOL_BENCH_N10,2016-11-11,123329.6,10
RANKVOL_BENCH_N10,2016-11-14,123895.73,10
RANKVOL_BENCH_N10,2016-11-15,124522.84,10
RANKVOL_BENCH_N10,2016-11-16,123780.71,10
RANKVOL_BENCH_N10,2016-11-17,124645.85,10
RANKVOL_BENCH_N10,2016-11-18,124402.87,10
RANKVOL_BENCH_N10,2016-11-21,125427.33,10
RANKVOL_BENCH_N10,2016-11-22,125672.05,10
RANKVOL_BENCH_N10,2016-11-23,124622.12,10
RANKVOL_BENCH_N10,2016-11-25,125183.19,10
RANKVOL_BENCH_N10,2016-11-28,123511.67,10
RANKVOL_BENCH_N10,2016-11-29,123543.11,10
RANKVOL_BENCH_N10,2016-11-30,123806.14,10
RANKVOL_BENCH_N10,2016-12-01,122231.34,10
RANKVOL_BENCH_N10,2016-12-02,122506.08,10
RANKVOL_BENCH_N10,2016-12-05,123868.68,10
RANKVOL_BENCH_N10,2016-12-06,124505.31,10
RANKVOL_BENCH_N10,2016-12-07,126133.53,10
RANKVOL_BENCH_N10,2016-12-08,125284.07,10
RANKVOL_BENCH_N10,2016-12-09,125389.29,10
RANKVOL_BENCH_N10,2016-12-12,125671.25,10
RANKVOL_BENCH_N10,2016-12-13,126666.43,10
RANKVOL_BENCH_N10,2016-12-14,125339.72,10
RANKVOL_BENCH_N10,2016-12-15,125460.59,10
RANKVOL_BENCH_N10,2016-12-16,124819.77,10
RANKVOL_BENCH_N10,2016-12-19,124875.45,10
RANKVOL_BENCH_N10,2016-12-20,124816.24,10
RANKVOL_BENCH_N10,2016-12-21,125153.31,10
RANKVOL_BENCH_N10,2016-12-22,124809.88,10
RANKVOL_BENCH_N10,2016-12-23,124835.1,10
RANKVOL_BENCH_N10,2016-12-27,125596.57,10
RANKVOL_BENCH_N10,2016-12-28,124160.91,10
RANKVOL_BENCH_N10,2016-12-29,123912.02,9
RANKVOL_BENCH_N10,2016-12-30,122821.62,9
RANKVOL_BENCH_N10,2017-01-03,124223.02,10
RANKVOL_BENCH_N10,2017-01-04,125174.27,10
RANKVOL_BENCH_N10,2017-01-05,125944.88,10
RANKVOL_BENCH_N10,2017-01-06,126895.2,10
RANKVOL_BENCH_N10,2017-01-09,126364.67,10
RANKVOL_BENCH_N10,2017-01-10,126115.41,10
RANKVOL_BENCH_N10,2017-01-11,127169.25,10
RANKVOL_BENCH_N10,2017-01-12,127193.24,10
RANKVOL_BENCH_N10,2017-01-13,128577.45,10
RANKVOL_BENCH_N10,2017-01-17,126762.29,10
RANKVOL_BENCH_N10,2017-01-18,127592.07,10
RANKVOL_BENCH_N10,2017-01-19,128352.98,10
RANKVOL_BENCH_N10,2017-01-20,128501.68,10
RANKVOL_BENCH_N10,2017-01-23,126906.28,10
RANKVOL_BENCH_N10,2017-01-24,129035.6,10
RANKVOL_BENCH_N10,2017-01-25,130836.6,10
RANKVOL_BENCH_N10,2017-01-26,129433.37,10
RANKVOL_BENCH_N10,2017-01-27,129919.58,10
RANKVOL_BENCH_N10,2017-01-30,128201.93,10
RANKVOL_BENCH_N10,2017-01-31,128125.56,10
RANKVOL_BENCH_N10,2017-02-01,127781.47,9
RANKVOL_BENCH_N10,2017-02-02,128359.96,10
RANKVOL_BENCH_N10,2017-02-03,128992.87,10
RANKVOL_BENCH_N10,2017-02-06,129623.86,10
RANKVOL_BENCH_N10,2017-02-07,129651.56,10
RANKVOL_BENCH_N10,2017-02-08,129273.73,10
RANKVOL_BENCH_N10,2017-02-09,129536.27,10
RANKVOL_BENCH_N10,2017-02-10,129656.9,10
RANKVOL_BENCH_N10,2017-02-13,130837.1,10
RANKVOL_BENCH_N10,2017-02-14,131774.69,10
RANKVOL_BENCH_N10,2017-02-15,132082.21,10
RANKVOL_BENCH_N10,2017-02-16,131065.13,10
RANKVOL_BENCH_N10,2017-02-17,130940.85,8
RANKVOL_BENCH_N10,2017-02-21,132228.47,9
RANKVOL_BENCH_N10,2017-02-22,131284.91,10
RANKVOL_BENCH_N10,2017-02-23,132081.85,10
RANKVOL_BENCH_N10,2017-02-24,131998.97,10
RANKVOL_BENCH_N10,2017-02-27,132138.19,10
RANKVOL_BENCH_N10,2017-02-28,131285.6,10
RANKVOL_BENCH_N10,2017-03-01,132542.44,10
RANKVOL_BENCH_N10,2017-03-02,132290.61,10
RANKVOL_BENCH_N10,2017-03-03,132046.69,10
RANKVOL_BENCH_N10,2017-03-06,131090.44,10
RANKVOL_BENCH_N10,2017-03-07,130628.19,10
RANKVOL_BENCH_N10,2017-03-08,129842.05,10
RANKVOL_BENCH_N10,2017-03-09,130253.21,10
RANKVOL_BENCH_N10,2017-03-10,131578.23,10
RANKVOL_BENCH_N10,2017-03-13,131920.62,10
RANKVOL_BENCH_N10,2017-03-14,131007.15,10
RANKVOL_BENCH_N10,2017-03-15,132921.3,10
RANKVOL_BENCH_N10,2017-03-16,132258.08,10
RANKVOL_BENCH_N10,2017-03-17,131949.93,10
RANKVOL_BENCH_N10,2017-03-20,131595.13,10
RANKVOL_BENCH_N10,2017-03-21,129705.7,10
RANKVOL_BENCH_N10,2017-03-22,129837.47,10
RANKVOL_BENCH_N10,2017-03-23,129726.99,10
RANKVOL_BENCH_N10,2017-03-24,129982.26,10
RANKVOL_BENCH_N10,2017-03-27,129541.76,10
RANKVOL_BENCH_N10,2017-03-28,129794.29,10
RANKVOL_BENCH_N10,2017-03-29,130269.08,10
RANKVOL_BENCH_N10,2017-03-30,129830.16,10
RANKVOL_BENCH_N10,2017-03-31,130431.18,10
RANKVOL_BENCH_N10,2017-04-03,130580.97,10
RANKVOL_BENCH_N10,2017-04-04,130767.67,10
RANKVOL_BENCH_N10,2017-04-05,130380.56,10
RANKVOL_BENCH_N10,2017-04-06,130544.81,10
RANKVOL_BENCH_N10,2017-04-07,130336.85,10
RANKVOL_BENCH_N10,2017-04-10,130891.25,10
RANKVOL_BENCH_N10,2017-04-11,130379.75,10
RANKVOL_BENCH_N10,2017-04-12,129735.35,10
RANKVOL_BENCH_N10,2017-04-13,128535.02,10
RANKVOL_BENCH_N10,2017-04-17,129153.52,10
RANKVOL_BENCH_N10,2017-04-18,128776.94,10
RANKVOL_BENCH_N10,2017-04-19,128252.58,10
RANKVOL_BENCH_N10,2017-04-20,128895.78,10
RANKVOL_BENCH_N10,2017-04-21,128479.74,10
RANKVOL_BENCH_N10,2017-04-24,128906.9,10
RANKVOL_BENCH_N10,2017-04-25,129460.38,10
RANKVOL_BENCH_N10,2017-04-26,131221.46,10
RANKVOL_BENCH_N10,2017-04-27,130661.04,10
RANKVOL_BENCH_N10,2017-04-28,130495.91,10
RANKVOL_BENCH_N10,2017-05-01,129459.29,9
RANKVOL_BENCH_N10,2017-05-02,127033.89,10
RANKVOL_BENCH_N10,2017-05-03,127483.39,10
RANKVOL_BENCH_N10,2017-05-04,125843.3,10
RANKVOL_BENCH_N10,2017-05-05,127813.55,10
RANKVOL_BENCH_N10,2017-05-08,127653.04,10
RANKVOL_BENCH_N10,2017-05-09,127171.74,10
RANKVOL_BENCH_N10,2017-05-10,128700.34,10
RANKVOL_BENCH_N10,2017-05-11,128702.89,10
RANKVOL_BENCH_N10,2017-05-12,128442.29,10
RANKVOL_BENCH_N10,2017-05-15,129264.56,10
RANKVOL_BENCH_N10,2017-05-16,130477.34,10
RANKVOL_BENCH_N10,2017-05-17,127498.03,10
RANKVOL_BENCH_N10,2017-05-18,127664.65,10
RANKVOL_BENCH_N10,2017-05-19,128871.99,10
RANKVOL_BENCH_N10,2017-05-22,129207.01,10
RANKVOL_BENCH_N10,2017-05-23,128832.74,10
RANKVOL_BENCH_N10,2017-05-24,128679.5,10
RANKVOL_BENCH_N10,2017-05-25,127623.96,10
RANKVOL_BENCH_N10,2017-05-26,127500.1,10
RANKVOL_BENCH_N10,2017-05-30,126536.45,10
RANKVOL_BENCH_N10,2017-05-31,126765.39,10
RANKVOL_BENCH_N10,2017-06-01,127476.06,10
RANKVOL_BENCH_N10,2017-06-02,127707.5,10
RANKVOL_BENCH_N10,2017-06-05,127940.54,10
RANKVOL_BENCH_N10,2017-06-06,128444.01,10
RANKVOL_BENCH_N10,2017-06-07,128127.05,10
RANKVOL_BENCH_N10,2017-06-08,128407.49,10
RANKVOL_BENCH_N10,2017-06-09,128647.35,10
RANKVOL_BENCH_N10,2017-06-12,128545.5,10
RANKVOL_BENCH_N10,2017-06-13,128679.96,10
RANKVOL_BENCH_N10,2017-06-14,127314.31,10
RANKVOL_BENCH_N10,2017-06-15,126477.61,10
RANKVOL_BENCH_N10,2017-06-16,127032.45,10
RANKVOL_BENCH_N10,2017-06-19,127479.51,10
RANKVOL_BENCH_N10,2017-06-20,125621.07,10
RANKVOL_BENCH_N10,2017-06-21,124581.57,10
RANKVOL_BENCH_N10,2017-06-22,125269.35,10
RANKVOL_BENCH_N10,2017-06-23,125593.04,10
RANKVOL_BENCH_N10,2017-06-26,126084.85,10
RANKVOL_BENCH_N10,2017-06-27,125721.42,10
RANKVOL_BENCH_N10,2017-06-28,127181.15,10
RANKVOL_BENCH_N10,2017-06-29,127247.91,10
RANKVOL_BENCH_N10,2017-06-30,127844.34,10
RANKVOL_BENCH_N10,2017-07-03,128800.7,10
RANKVOL_BENCH_N10,2017-07-05,128680.01,10
RANKVOL_BENCH_N10,2017-07-06,126768.4,10
RANKVOL_BENCH_N10,2017-07-07,126780.89,9
RANKVOL_BENCH_N10,2017-07-10,126994.46,10
RANKVOL_BENCH_N10,2017-07-11,127184.07,10
RANKVOL_BENCH_N10,2017-07-12,127945.37,10
RANKVOL_BENCH_N10,2017-07-13,128296.43,10
RANKVOL_BENCH_N10,2017-07-14,129141.32,10
RANKVOL_BENCH_N10,2017-07-17,129217.36,10
RANKVOL_BENCH_N10,2017-07-18,129368.04,10
RANKVOL_BENCH_N10,2017-07-19,130489.69,10
RANKVOL_BENCH_N10,2017-07-20,131261.48,10
RANKVOL_BENCH_N10,2017-07-21,131245.32,10
RANKVOL_BENCH_N10,2017-07-24,130080.4,10
RANKVOL_BENCH_N10,2017-07-25,131016.92,9
RANKVOL_BENCH_N10,2017-07-26,131828.49,10
RANKVOL_BENCH_N10,2017-07-27,133213.65,10
RANKVOL_BENCH_N10,2017-07-28,132508.26,10
RANKVOL_BENCH_N10,2017-07-31,132286.71,10
RANKVOL_BENCH_N10,2017-08-01,133111.38,10
RANKVOL_BENCH_N10,2017-08-02,133005.52,9
RANKVOL_BENCH_N10,2017-08-03,132346.13,10
RANKVOL_BENCH_N10,2017-08-04,133269.0,10
RANKVOL_BENCH_N10,2017-08-07,133498.49,9
RANKVOL_BENCH_N10,2017-08-08,133288.49,10
RANKVOL_BENCH_N10,2017-08-09,132409.56,10
RANKVOL_BENCH_N10,2017-08-10,130522.1,8
RANKVOL_BENCH_N10,2017-08-11,130599.79,7
RANKVOL_BENCH_N10,2017-08-14,132153.23,7
RANKVOL_BENCH_N10,2017-08-15,132231.0,10
RANKVOL_BENCH_N10,2017-08-16,132769.49,10
RANKVOL_BENCH_N10,2017-08-17,129934.08,10
RANKVOL_BENCH_N10,2017-08-18,130224.3,10
RANKVOL_BENCH_N10,2017-08-21,129612.33,10
RANKVOL_BENCH_N10,2017-08-22,132327.84,10
RANKVOL_BENCH_N10,2017-08-23,131672.81,10
RANKVOL_BENCH_N10,2017-08-24,131459.66,9
RANKVOL_BENCH_N10,2017-08-25,131402.59,10
RANKVOL_BENCH_N10,2017-08-28,130887.76,10
RANKVOL_BENCH_N10,2017-08-29,130833.41,10
RANKVOL_BENCH_N10,2017-08-30,131623.72,10
RANKVOL_BENCH_N10,2017-08-31,132282.8,10
RANKVOL_BENCH_N10,2017-09-01,132770.16,10
RANKVOL_BENCH_N10,2017-09-05,131098.87,10
RANKVOL_BENCH_N10,2017-09-06,132885.43,10
RANKVOL_BENCH_N10,2017-09-07,132497.14,10
RANKVOL_BENCH_N10,2017-09-08,131605.82,10
RANKVOL_BENCH_N10,2017-09-11,133185.69,10
RANKVOL_BENCH_N10,2017-09-12,134523.11,10
RANKVOL_BENCH_N10,2017-09-13,135214.09,10
RANKVOL_BENCH_N10,2017-09-14,135100.42,10
RANKVOL_BENCH_N10,2017-09-15,136027.82,10
RANKVOL_BENCH_N10,2017-09-18,135796.06,10
RANKVOL_BENCH_N10,2017-09-19,136129.86,10
RANKVOL_BENCH_N10,2017-09-20,136553.0,10
RANKVOL_BENCH_N10,2017-09-21,136453.91,10
RANKVOL_BENCH_N10,2017-09-22,136732.36,10
RANKVOL_BENCH_N10,2017-09-25,136814.09,10
RANKVOL_BENCH_N10,2017-09-26,137512.88,10
RANKVOL_BENCH_N10,2017-09-27,138186.82,10
RANKVOL_BENCH_N10,2017-09-28,137927.28,10
RANKVOL_BENCH_N10,2017-09-29,138178.79,10
RANKVOL_BENCH_N10,2017-10-02,137950.01,10
RANKVOL_BENCH_N10,2017-10-03,137550.79,10
RANKVOL_BENCH_N10,2017-10-04,137835.67,10
RANKVOL_BENCH_N10,2017-10-05,138644.02,10
RANKVOL_BENCH_N10,2017-10-06,138741.34,10
RANKVOL_BENCH_N10,2017-10-09,138695.39,10
RANKVOL_BENCH_N10,2017-10-10,139410.33,10
RANKVOL_BENCH_N10,2017-10-11,140469.95,10
RANKVOL_BENCH_N10,2017-10-12,140979.75,10
RANKVOL_BENCH_N10,2017-10-13,141735.25,10
RANKVOL_BENCH_N10,2017-10-16,141595.02,10
RANKVOL_BENCH_N10,2017-10-17,141311.12,10
RANKVOL_BENCH_N10,2017-10-18,140505.21,10
RANKVOL_BENCH_N10,2017-10-19,140286.53,10
RANKVOL_BENCH_N10,2017-10-20,139945.31,10
RANKVOL_BENCH_N10,2017-10-23,139593.14,10
RANKVOL_BENCH_N10,2017-10-24,140051.1,10
RANKVOL_BENCH_N10,2017-10-25,135368.91,10
RANKVOL_BENCH_N10,2017-10-26,135147.03,10
RANKVOL_BENCH_N10,2017-10-27,135292.2,10
RANKVOL_BENCH_N10,2017-10-30,133687.34,10
RANKVOL_BENCH_N10,2017-10-31,133634.58,9
RANKVOL_BENCH_N10,2017-11-01,132965.49,10
RANKVOL_BENCH_N10,2017-11-02,131071.38,10
RANKVOL_BENCH_N10,2017-11-03,132781.62,10
RANKVOL_BENCH_N10,2017-11-06,133637.12,10
RANKVOL_BENCH_N10,2017-11-07,133762.79,10
RANKVOL_BENCH_N10,2017-11-08,133406.51,10
RANKVOL_BENCH_N10,2017-11-09,131120.0,10
RANKVOL_BENCH_N10,2017-11-10,130946.64,10
RANKVOL_BENCH_N10,2017-11-13,131197.74,10
RANKVOL_BENCH_N10,2017-11-14,130450.02,10
RANKVOL_BENCH_N10,2017-11-15,130720.74,10
RANKVOL_BENCH_N10,2017-11-16,131627.1,10
RANKVOL_BENCH_N10,2017-11-17,132101.02,10
RANKVOL_BENCH_N10,2017-11-20,132119.4,10
RANKVOL_BENCH_N10,2017-11-21,132006.69,10
RANKVOL_BENCH_N10,2017-11-22,132668.26,10
RANKVOL_BENCH_N10,2017-11-24,132482.91,10
RANKVOL_BENCH_N10,2017-11-27,132957.57,10
RANKVOL_BENCH_N10,2017-11-28,134835.58,10
RANKVOL_BENCH_N10,2017-11-29,137553.94,10
RANKVOL_BENCH_N10,2017-11-30,138642.72,10
RANKVOL_BENCH_N10,2017-12-01,139481.92,10
RANKVOL_BENCH_N10,2017-12-04,141002.75,10
RANKVOL_BENCH_N10,2017-12-05,139220.61,10
RANKVOL_BENCH_N10,2017-12-06,138269.73,9
RANKVOL_BENCH_N10,2017-12-07,138508.01,9
RANKVOL_BENCH_N10,2017-12-08,139410.84,10
RANKVOL_BENCH_N10,2017-12-11,140197.67,10
RANKVOL_BENCH_N10,2017-12-12,141084.13,10
RANKVOL_BENCH_N10,2017-12-13,141776.45,10
RANKVOL_BENCH_N10,2017-12-14,141317.04,10
RANKVOL_BENCH_N10,2017-12-15,141803.59,9
RANKVOL_BENCH_N10,2017-12-18,143830.47,10
RANKVOL_BENCH_N10,2017-12-19,143298.53,10
RANKVOL_BENCH_N10,2017-12-20,144169.14,10
RANKVOL_BENCH_N10,2017-12-21,144166.85,10
RANKVOL_BENCH_N10,2017-12-22,143699.89,10
RANKVOL_BENCH_N10,2017-12-26,143091.48,10
RANKVOL_BENCH_N10,2017-12-27,143252.95,10
RANKVOL_BENCH_N10,2017-12-28,144086.57,10
RANKVOL_BENCH_N10,2017-12-29,142813.13,10
RANKVOL_BENCH_N10,2018-01-02,147112.85,10
RANKVOL_BENCH_N10,2018-01-03,149215.27,10
RANKVOL_BENCH_N10,2018-01-04,151177.67,10
RANKVOL_BENCH_N10,2018-01-05,151340.84,10
RANKVOL_BENCH_N10,2018-01-08,152411.29,10
RANKVOL_BENCH_N10,2018-01-09,150715.83,9
RANKVOL_BENCH_N10,2018-01-10,150343.49,8
RANKVOL_BENCH_N10,2018-01-11,152674.48,8
RANKVOL_BENCH_N10,2018-01-12,154215.91,8
RANKVOL_BENCH_N10,2018-01-16,152381.07,8
RANKVOL_BENCH_N10,2018-01-17,153521.72,8
RANKVOL_BENCH_N10,2018-01-18,154395.75,10
RANKVOL_BENCH_N10,2018-01-19,155417.89,10
RANKVOL_BENCH_N10,2018-01-22,156580.1,10
RANKVOL_BENCH_N10,2018-01-23,158741.86,10
RANKVOL_BENCH_N10,2018-01-24,159621.38,10
RANKVOL_BENCH_N10,2018-01-25,158805.23,9
RANKVOL_BENCH_N10,2018-01-26,161301.61,8
RANKVOL_BENCH_N10,2018-01-29,161964.03,10
RANKVOL_BENCH_N10,2018-01-30,158854.54,10
RANKVOL_BENCH_N10,2018-01-31,158136.37,9
RANKVOL_BENCH_N10,2018-02-01,157224.69,9
RANKVOL_BENCH_N10,2018-02-02,155415.29,10
RANKVOL_BENCH_N10,2018-02-05,149705.64,9
RANKVOL_BENCH_N10,2018-02-06,153096.21,8
RANKVOL_BENCH_N10,2018-02-07,152499.6,8
RANKVOL_BENCH_N10,2018-02-08,147464.33,9
RANKVOL_BENCH_N10,2018-02-09,148613.91,9
RANKVOL_BENCH_N10,2018-02-12,150278.93,9
RANKVOL_BENCH_N10,2018-02-13,150956.01,10
RANKVOL_BENCH_N10,2018-02-14,153614.13,10
RANKVOL_BENCH_N10,2018-02-15,157587.01,10
RANKVOL_BENCH_N10,2018-02-16,158010.48,10
RANKVOL_BENCH_N10,2018-02-20,156713.01,10
RANKVOL_BENCH_N10,2018-02-21,155483.12,10
RANKVOL_BENCH_N10,2018-02-22,155379.11,10
RANKVOL_BENCH_N10,2018-02-23,158196.83,10
RANKVOL_BENCH_N10,2018-02-26,161315.85,10
RANKVOL_BENCH_N10,2018-02-27,159983.71,10
RANKVOL_BENCH_N10,2018-02-28,158238.1,9
RANKVOL_BENCH_N10,2018-03-01,157651.3,9
RANKVOL_BENCH_N10,2018-03-02,158980.89,10
RANKVOL_BENCH_N10,2018-03-05,161306.31,10
RANKVOL_BENCH_N10,2018-03-06,161208.8,10
RANKVOL_BENCH_N10,2018-03-07,160099.84,10
RANKVOL_BENCH_N10,2018-03-08,159882.53,9
RANKVOL_BENCH_N10,2018-03-09,161091.31,10
RANKVOL_BENCH_N10,2018-03-12,161705.45,10
RANKVOL_BENCH_N10,2018-03-13,161214.42,10
RANKVOL_BENCH_N10,2018-03-14,160871.45,10
RANKVOL_BENCH_N10,2018-03-15,160134.42,10
RANKVOL_BENCH_N10,2018-03-16,161061.85,10
RANKVOL_BENCH_N10,2018-03-19,158750.99,10
RANKVOL_BENCH_N10,2018-03-20,158337.18,9
RANKVOL_BENCH_N10,2018-03-21,158229.33,10
RANKVOL_BENCH_N10,2018-03-22,155856.43,10
RANKVOL_BENCH_N10,2018-03-23,153381.74,10
RANKVOL_BENCH_N10,2018-03-26,156874.86,10
RANKVOL_BENCH_N10,2018-03-27,154431.85,10
RANKVOL_BENCH_N10,2018-03-28,155883.76,10
RANKVOL_BENCH_N10,2018-03-29,156937.46,10
RANKVOL_BENCH_N10,2018-04-02,152872.27,10
RANKVOL_BENCH_N10,2018-04-03,154450.2,10
RANKVOL_BENCH_N10,2018-04-04,157590.03,10
RANKVOL_BENCH_N10,2018-04-05,157939.66,10
RANKVOL_BENCH_N10,2018-04-06,154980.06,10
RANKVOL_BENCH_N10,2018-04-09,155033.78,9
RANKVOL_BENCH_N10,2018-04-10,157171.63,10
RANKVOL_BENCH_N10,2018-04-11,156788.31,10
RANKVOL_BENCH_N10,2018-04-12,157379.3,10
RANKVOL_BENCH_N10,2018-04-13,156931.18,10
RANKVOL_BENCH_N10,2018-04-16,158244.6,10
RANKVOL_BENCH_N10,2018-04-17,161321.47,10
RANKVOL_BENCH_N10,2018-04-18,161380.11,10
RANKVOL_BENCH_N10,2018-04-19,158907.95,10
RANKVOL_BENCH_N10,2018-04-20,157414.64,10
RANKVOL_BENCH_N10,2018-04-23,156796.97,10
RANKVOL_BENCH_N10,2018-04-24,155960.42,10
RANKVOL_BENCH_N10,2018-04-25,156716.63,9
RANKVOL_BENCH_N10,2018-04-26,160717.49,9
RANKVOL_BENCH_N10,2018-04-27,161394.99,10
RANKVOL_BENCH_N10,2018-04-30,158491.65,10
RANKVOL_BENCH_N10,2018-05-01,160051.63,10
RANKVOL_BENCH_N10,2018-05-02,158661.4,10
RANKVOL_BENCH_N10,2018-05-03,158692.32,10
RANKVOL_BENCH_N10,2018-05-04,161560.21,10
RANKVOL_BENCH_N10,2018-05-07,163068.1,10
RANKVOL_BENCH_N10,2018-05-08,161995.98,10
RANKVOL_BENCH_N10,2018-05-09,162895.16,10
RANKVOL_BENCH_N10,2018-05-10,164754.48,10
RANKVOL_BENCH_N10,2018-05-11,164792.68,10
RANKVOL_BENCH_N10,2018-05-14,165444.0,10
RANKVOL_BENCH_N10,2018-05-15,164250.48,10
RANKVOL_BENCH_N10,2018-05-16,166022.27,10
RANKVOL_BENCH_N10,2018-05-17,165429.45,10
RANKVOL_BENCH_N10,2018-05-18,163807.0,10
RANKVOL_BENCH_N10,2018-05-21,165024.44,8
RANKVOL_BENCH_N10,2018-05-22,166200.62,8
RANKVOL_BENCH_N10,2018-05-23,166595.37,8
RANKVOL_BENCH_N10,2018-05-24,166948.74,10
RANKVOL_BENCH_N10,2018-05-25,166749.9,10
RANKVOL_BENCH_N10,2018-05-29,166032.36,10
RANKVOL_BENCH_N10,2018-05-30,166932.0,10
RANKVOL_BENCH_N10,2018-05-31,164088.56,10
RANKVOL_BENCH_N10,2018-06-01,164614.69,9
RANKVOL_BENCH_N10,2018-06-04,164822.05,10
RANKVOL_BENCH_N10,2018-06-05,164990.42,10
RANKVOL_BENCH_N10,2018-06-06,166775.55,10
RANKVOL_BENCH_N10,2018-06-07,167099.21,10
RANKVOL_BENCH_N10,2018-06-08,168331.54,10
RANKVOL_BENCH_N10,2018-06-11,168712.52,10
RANKVOL_BENCH_N10,2018-06-12,169615.01,9
RANKVOL_BENCH_N10,2018-06-13,170137.25,10
RANKVOL_BENCH_N10,2018-06-14,170982.11,10
RANKVOL_BENCH_N10,2018-06-15,170261.7,10
RANKVOL_BENCH_N10,2018-06-18,169553.97,10
RANKVOL_BENCH_N10,2018-06-19,169387.93,10
RANKVOL_BENCH_N10,2018-06-20,171169.51,10
RANKVOL_BENCH_N10,2018-06-21,169345.95,10
RANKVOL_BENCH_N10,2018-06-22,170965.92,10
RANKVOL_BENCH_N10,2018-06-25,168279.03,10
RANKVOL_BENCH_N10,2018-06-26,168536.39,10
RANKVOL_BENCH_N10,2018-06-27,168088.06,10
RANKVOL_BENCH_N10,2018-06-28,168558.29,10
RANKVOL_BENCH_N10,2018-06-29,169251.86,10
RANKVOL_BENCH_N10,2018-07-02,168752.86,10
RANKVOL_BENCH_N10,2018-07-03,169244.36,10
RANKVOL_BENCH_N10,2018-07-05,170573.0,10
RANKVOL_BENCH_N10,2018-07-06,172374.1,10
RANKVOL_BENCH_N10,2018-07-09,174187.76,10
RANKVOL_BENCH_N10,2018-07-10,174663.27,10
RANKVOL_BENCH_N10,2018-07-11,173090.04,10
RANKVOL_BENCH_N10,2018-07-12,173546.69,10
RANKVOL_BENCH_N10,2018-07-13,174089.32,10
RANKVOL_BENCH_N10,2018-07-16,172396.03,10
RANKVOL_BENCH_N10,2018-07-17,172686.12,10
RANKVOL_BENCH_N10,2018-07-18,172603.76,10
RANKVOL_BENCH_N10,2018-07-19,173263.91,10
RANKVOL_BENCH_N10,2018-07-20,173453.93,10
RANKVOL_BENCH_N10,2018-07-23,174056.56,10
RANKVOL_BENCH_N10,2018-07-24,173921.9,10
RANKVOL_BENCH_N10,2018-07-25,174939.93,10
RANKVOL_BENCH_N10,2018-07-26,175230.93,10
RANKVOL_BENCH_N10,2018-07-27,175199.72,10
RANKVOL_BENCH_N10,2018-07-30,175077.71,10
RANKVOL_BENCH_N10,2018-07-31,174592.19,10
RANKVOL_BENCH_N10,2018-08-01,173921.67,10
RANKVOL_BENCH_N10,2018-08-02,176498.1,10
RANKVOL_BENCH_N10,2018-08-03,176581.89,10
RANKVOL_BENCH_N10,2018-08-06,175900.94,9
RANKVOL_BENCH_N10,2018-08-07,175800.89,10
RANKVOL_BENCH_N10,2018-08-08,175098.77,10
RANKVOL_BENCH_N10,2018-08-09,174000.94,10
RANKVOL_BENCH_N10,2018-08-10,173482.32,10
RANKVOL_BENCH_N10,2018-08-13,170918.88,10
RANKVOL_BENCH_N10,2018-08-14,171790.56,9
RANKVOL_BENCH_N10,2018-08-15,171895.55,10
RANKVOL_BENCH_N10,2018-08-16,171855.03,10
RANKVOL_BENCH_N10,2018-08-17,170979.57,10
RANKVOL_BENCH_N10,2018-08-20,171412.85,10
RANKVOL_BENCH_N10,2018-08-21,172456.56,10
RANKVOL_BENCH_N10,2018-08-22,172767.92,10
RANKVOL_BENCH_N10,2018-08-23,172867.81,10
RANKVOL_BENCH_N10,2018-08-24,172906.13,10
RANKVOL_BENCH_N10,2018-08-27,174921.19,10
RANKVOL_BENCH_N10,2018-08-28,174424.45,10
RANKVOL_BENCH_N10,2018-08-29,175599.65,10
RANKVOL_BENCH_N10,2018-08-30,173823.6,10
RANKVOL_BENCH_N10,2018-08-31,173253.22,9
RANKVOL_BENCH_N10,2018-09-04,172083.43,10
RANKVOL_BENCH_N10,2018-09-05,171408.19,10
RANKVOL_BENCH_N10,2018-09-06,169717.11,10
RANKVOL_BENCH_N10,2018-09-07,168680.25,10
RANKVOL_BENCH_N10,2018-09-10,168796.39,10
RANKVOL_BENCH_N10,2018-09-11,168168.03,10
RANKVOL_BENCH_N10,2018-09-12,168770.96,10
RANKVOL_BENCH_N10,2018-09-13,169786.2,10
RANKVOL_BENCH_N10,2018-09-14,169834.4,10
RANKVOL_BENCH_N10,2018-09-17,169170.54,10
RANKVOL_BENCH_N10,2018-09-18,170203.35,10
RANKVOL_BENCH_N10,2018-09-19,171716.34,10
RANKVOL_BENCH_N10,2018-09-20,172743.24,10
RANKVOL_BENCH_N10,2018-09-21,172410.54,10
RANKVOL_BENCH_N10,2018-09-24,170119.39,10
RANKVOL_BENCH_N10,2018-09-25,168106.28,10
RANKVOL_BENCH_N10,2018-09-26,167340.51,10
RANKVOL_BENCH_N10,2018-09-27,167288.78,10
RANKVOL_BENCH_N10,2018-09-28,167976.13,10
RANKVOL_BENCH_N10,2018-10-01,169430.17,10
RANKVOL_BENCH_N10,2018-10-02,170560.18,10
RANKVOL_BENCH_N10,2018-10-03,171016.97,10
RANKVOL_BENCH_N10,2018-10-04,168212.38,10
RANKVOL_BENCH_N10,2018-10-05,167292.87,10
RANKVOL_BENCH_N10,2018-10-08,169096.26,10
RANKVOL_BENCH_N10,2018-10-09,167491.28,10
RANKVOL_BENCH_N10,2018-10-10,163305.09,10
RANKVOL_BENCH_N10,2018-10-11,159215.76,10
RANKVOL_BENCH_N10,2018-10-12,158413.84,9
RANKVOL_BENCH_N10,2018-10-15,158304.81,10
RANKVOL_BENCH_N10,2018-10-16,160548.17,10
RANKVOL_BENCH_N10,2018-10-17,161400.16,10
RANKVOL_BENCH_N10,2018-10-18,157809.49,10
RANKVOL_BENCH_N10,2018-10-19,157455.71,10
RANKVOL_BENCH_N10,2018-10-22,154851.53,10
RANKVOL_BENCH_N10,2018-10-23,155010.61,10
RANKVOL_BENCH_N10,2018-10-24,149714.88,10
RANKVOL_BENCH_N10,2018-10-25,153727.7,10
RANKVOL_BENCH_N10,2018-10-26,151924.8,10
RANKVOL_BENCH_N10,2018-10-29,152815.46,10
RANKVOL_BENCH_N10,2018-10-30,155454.34,10
RANKVOL_BENCH_N10,2018-10-31,157593.98,10
RANKVOL_BENCH_N10,2018-11-01,159865.44,10
RANKVOL_BENCH_N10,2018-11-02,160836.66,10
RANKVOL_BENCH_N10,2018-11-05,162191.25,10
RANKVOL_BENCH_N10,2018-11-06,163576.64,10
RANKVOL_BENCH_N10,2018-11-07,161541.03,10
RANKVOL_BENCH_N10,2018-11-08,160619.19,10
RANKVOL_BENCH_N10,2018-11-09,160209.08,10
RANKVOL_BENCH_N10,2018-11-12,159019.28,8
RANKVOL_BENCH_N10,2018-11-13,158142.32,6
RANKVOL_BENCH_N10,2018-11-14,158337.83,6
RANKVOL_BENCH_N10,2018-11-15,159609.8,6
RANKVOL_BENCH_N10,2018-11-16,160538.69,7
RANKVOL_BENCH_N10,2018-11-19,159859.3,7
RANKVOL_BENCH_N10,2018-11-20,158433.65,7
RANKVOL_BENCH_N10,2018-11-21,158448.39,9
RANKVOL_BENCH_N10,2018-11-23,157183.51,10
RANKVOL_BENCH_N10,2018-11-26,159826.38,10
RANKVOL_BENCH_N10,2018-11-27,160286.05,10
RANKVOL_BENCH_N10,2018-11-28,162936.7,10
RANKVOL_BENCH_N10,2018-11-29,162628.88,10
RANKVOL_BENCH_N10,2018-11-30,163484.71,10
RANKVOL_BENCH_N10,2018-12-03,165707.57,10
RANKVOL_BENCH_N10,2018-12-04,160326.25,10
RANKVOL_BENCH_N10,2018-12-06,158730.59,6
RANKVOL_BENCH_N10,2018-12-07,155070.55,10
RANKVOL_BENCH_N10,2018-12-10,155819.13,10
RANKVOL_BENCH_N10,2018-12-11,155830.81,10
RANKVOL_BENCH_N10,2018-12-12,157442.97,10
RANKVOL_BENCH_N10,2018-12-13,156860.06,10
RANKVOL_BENCH_N10,2018-12-14,154078.96,10
RANKVOL_BENCH_N10,2018-12-17,150178.67,10
RANKVOL_BENCH_N10,2018-12-18,151146.54,10
RANKVOL_BENCH_N10,2018-12-19,146943.91,10
RANKVOL_BENCH_N10,2018-12-20,144836.24,10
RANKVOL_BENCH_N10,2018-12-21,141866.68,10
RANKVOL_BENCH_N10,2018-12-24,138430.74,10
RANKVOL_BENCH_N10,2018-12-26,145520.89,10
RANKVOL_BENCH_N10,2018-12-27,145935.5,10
RANKVOL_BENCH_N10,2018-12-28,146167.12,10
RANKVOL_BENCH_N10,2018-12-31,147380.66,10
RANKVOL_BENCH_N10,2019-01-02,149442.92,10
RANKVOL_BENCH_N10,2019-01-03,143598.52,10
RANKVOL_BENCH_N10,2019-01-04,148496.59,10
RANKVOL_BENCH_N10,2019-01-07,151037.12,10
RANKVOL_BENCH_N10,2019-01-08,152486.9,10
RANKVOL_BENCH_N10,2019-01-09,152887.09,10
RANKVOL_BENCH_N10,2019-01-10,153993.27,10
RANKVOL_BENCH_N10,2019-01-11,153898.37,10
RANKVOL_BENCH_N10,2019-01-14,153306.62,10
RANKVOL_BENCH_N10,2019-01-15,154913.88,10
RANKVOL_BENCH_N10,2019-01-16,154709.35,10
RANKVOL_BENCH_N10,2019-01-17,155778.25,9
RANKVOL_BENCH_N10,2019-01-18,157795.7,10
RANKVOL_BENCH_N10,2019-01-22,155521.82,10
RANKVOL_BENCH_N10,2019-01-23,154460.12,8
RANKVOL_BENCH_N10,2019-01-24,154512.12,8
RANKVOL_BENCH_N10,2019-01-25,154188.75,9
RANKVOL_BENCH_N10,2019-01-28,154095.2,10
RANKVOL_BENCH_N10,2019-01-29,153518.25,10
RANKVOL_BENCH_N10,2019-01-30,156326.96,10
RANKVOL_BENCH_N10,2019-01-31,156829.74,10
RANKVOL_BENCH_N10,2019-02-01,158298.38,10
RANKVOL_BENCH_N10,2019-02-04,160017.05,10
RANKVOL_BENCH_N10,2019-02-05,160725.54,10
RANKVOL_BENCH_N10,2019-02-06,160556.07,10
RANKVOL_BENCH_N10,2019-02-07,158787.63,8
RANKVOL_BENCH_N10,2019-02-08,158374.87,10
RANKVOL_BENCH_N10,2019-02-11,158380.1,10
RANKVOL_BENCH_N10,2019-02-12,160578.25,9
RANKVOL_BENCH_N10,2019-02-13,161712.37,10
RANKVOL_BENCH_N10,2019-02-14,161654.85,10
RANKVOL_BENCH_N10,2019-02-15,163617.98,10
RANKVOL_BENCH_N10,2019-02-19,164690.43,10
RANKVOL_BENCH_N10,2019-02-20,163597.81,10
RANKVOL_BENCH_N10,2019-02-21,161624.76,10
RANKVOL_BENCH_N10,2019-02-22,162781.32,10
RANKVOL_BENCH_N10,2019-02-25,161888.6,10
RANKVOL_BENCH_N10,2019-02-26,161676.12,10
RANKVOL_BENCH_N10,2019-02-27,161128.15,10
RANKVOL_BENCH_N10,2019-02-28,158714.53,10
RANKVOL_BENCH_N10,2019-03-01,160348.43,10
RANKVOL_BENCH_N10,2019-03-04,159883.7,10
RANKVOL_BENCH_N10,2019-03-05,159914.23,10
RANKVOL_BENCH_N10,2019-03-06,158835.64,10
RANKVOL_BENCH_N10,2019-03-07,157473.3,9
RANKVOL_BENCH_N10,2019-03-08,158170.55,10
RANKVOL_BENCH_N10,2019-03-11,160767.94,10
RANKVOL_BENCH_N10,2019-03-12,161080.12,10
RANKVOL_BENCH_N10,2019-03-13,162955.49,10
RANKVOL_BENCH_N10,2019-03-14,162249.18,10
RANKVOL_BENCH_N10,2019-03-15,163417.04,10
RANKVOL_BENCH_N10,2019-03-18,164448.4,10
RANKVOL_BENCH_N10,2019-03-19,164907.56,10
RANKVOL_BENCH_N10,2019-03-20,163430.51,10
RANKVOL_BENCH_N10,2019-03-21,166622.98,10
RANKVOL_BENCH_N10,2019-03-22,162041.99,10
RANKVOL_BENCH_N10,2019-03-25,162072.97,8
RANKVOL_BENCH_N10,2019-03-26,163379.11,8
RANKVOL_BENCH_N10,2019-03-27,162040.55,10
RANKVOL_BENCH_N10,2019-03-28,161768.63,10
RANKVOL_BENCH_N10,2019-03-29,162623.3,10
RANKVOL_BENCH_N10,2019-04-01,165474.26,10
RANKVOL_BENCH_N10,2019-04-02,160453.34,10
RANKVOL_BENCH_N10,2019-04-03,161319.32,10
RANKVOL_BENCH_N10,2019-04-04,163080.77,10
RANKVOL_BENCH_N10,2019-04-05,163199.45,10
RANKVOL_BENCH_N10,2019-04-08,163834.41,10
RANKVOL_BENCH_N10,2019-04-09,163123.89,10
RANKVOL_BENCH_N10,2019-04-10,163917.05,10
RANKVOL_BENCH_N10,2019-04-11,164168.93,10
RANKVOL_BENCH_N10,2019-04-12,165529.84,10
RANKVOL_BENCH_N10,2019-04-15,165627.0,10
RANKVOL_BENCH_N10,2019-04-16,169804.4,10
RANKVOL_BENCH_N10,2019-04-17,171901.68,10
RANKVOL_BENCH_N10,2019-04-18,172192.63,10
RANKVOL_BENCH_N10,2019-04-22,172302.6,10
RANKVOL_BENCH_N10,2019-04-23,174257.36,10
RANKVOL_BENCH_N10,2019-04-24,173576.26,10
RANKVOL_BENCH_N10,2019-04-25,173846.65,10
RANKVOL_BENCH_N10,2019-04-26,174998.98,10
RANKVOL_BENCH_N10,2019-04-29,175863.33,10
RANKVOL_BENCH_N10,2019-04-30,176404.76,10
RANKVOL_BENCH_N10,2019-05-01,177095.16,10
RANKVOL_BENCH_N10,2019-05-02,176961.88,9
RANKVOL_BENCH_N10,2019-05-03,177994.01,10
RANKVOL_BENCH_N10,2019-05-06,178051.86,10
RANKVOL_BENCH_N10,2019-05-07,174196.15,10
RANKVOL_BENCH_N10,2019-05-08,172975.55,9
RANKVOL_BENCH_N10,2019-05-09,171117.11,9
RANKVOL_BENCH_N10,2019-05-10,171793.2,10
RANKVOL_BENCH_N10,2019-05-13,166218.26,10
RANKVOL_BENCH_N10,2019-05-14,169617.59,10
RANKVOL_BENCH_N10,2019-05-15,173038.85,10
RANKVOL_BENCH_N10,2019-05-16,173742.07,10
RANKVOL_BENCH_N10,2019-05-17,173131.9,10
RANKVOL_BENCH_N10,2019-05-20,169966.43,10
RANKVOL_BENCH_N10,2019-05-21,171919.83,10
RANKVOL_BENCH_N10,2019-05-22,169799.44,10
RANKVOL_BENCH_N10,2019-05-23,165825.84,10
RANKVOL_BENCH_N10,2019-05-24,166414.79,10
RANKVOL_BENCH_N10,2019-05-28,168384.9,10
RANKVOL_BENCH_N10,2019-05-29,168130.56,10
RANKVOL_BENCH_N10,2019-05-30,168779.96,10
RANKVOL_BENCH_N10,2019-05-31,165446.18,10
RANKVOL_BENCH_N10,2019-06-03,164927.3,9
RANKVOL_BENCH_N10,2019-06-04,169470.62,9
RANKVOL_BENCH_N10,2019-06-05,170531.82,10
RANKVOL_BENCH_N10,2019-06-06,173781.28,10
RANKVOL_BENCH_N10,2019-06-07,175154.59,10
RANKVOL_BENCH_N10,2019-06-10,177016.72,10
RANKVOL_BENCH_N10,2019-06-11,177701.71,10
RANKVOL_BENCH_N10,2019-06-12,175787.43,10
RANKVOL_BENCH_N10,2019-06-13,177236.83,9
RANKVOL_BENCH_N10,2019-06-14,176725.05,10
RANKVOL_BENCH_N10,2019-06-17,176946.51,10
RANKVOL_BENCH_N10,2019-06-18,180112.98,10
RANKVOL_BENCH_N10,2019-06-19,179596.6,10
RANKVOL_BENCH_N10,2019-06-20,180751.95,10
RANKVOL_BENCH_N10,2019-06-21,181140.72,10
RANKVOL_BENCH_N10,2019-06-24,182264.22,9
RANKVOL_BENCH_N10,2019-06-25,180347.42,9
RANKVOL_BENCH_N10,2019-06-26,181851.6,8
RANKVOL_BENCH_N10,2019-06-27,183699.79,9
RANKVOL_BENCH_N10,2019-06-28,184210.45,10
RANKVOL_BENCH_N10,2019-07-01,185803.92,10
RANKVOL_BENCH_N10,2019-07-02,186025.2,10
RANKVOL_BENCH_N10,2019-07-03,187390.87,10
RANKVOL_BENCH_N10,2019-07-05,187682.04,10
RANKVOL_BENCH_N10,2019-07-08,186670.98,10
RANKVOL_BENCH_N10,2019-07-09,186785.63,9
RANKVOL_BENCH_N10,2019-07-10,187826.78,10
RANKVOL_BENCH_N10,2019-07-11,188410.57,10
RANKVOL_BENCH_N10,2019-07-12,188395.76,10
RANKVOL_BENCH_N10,2019-07-15,189013.99,10
RANKVOL_BENCH_N10,2019-07-16,187892.18,10
RANKVOL_BENCH_N10,2019-07-17,186827.26,10
RANKVOL_BENCH_N10,2019-07-18,185008.45,10
RANKVOL_BENCH_N10,2019-07-19,183197.49,10
RANKVOL_BENCH_N10,2019-07-22,182493.55,10
RANKVOL_BENCH_N10,2019-07-23,183757.53,10
RANKVOL_BENCH_N10,2019-07-24,188184.9,10
RANKVOL_BENCH_N10,2019-07-25,185850.03,10
RANKVOL_BENCH_N10,2019-07-26,187477.4,10
RANKVOL_BENCH_N10,2019-07-29,187848.99,10
RANKVOL_BENCH_N10,2019-07-30,187296.44,10
RANKVOL_BENCH_N10,2019-07-31,183305.61,10
RANKVOL_BENCH_N10,2019-08-01,182043.99,10
RANKVOL_BENCH_N10,2019-08-02,180437.34,10
RANKVOL_BENCH_N10,2019-08-05,175988.5,10
RANKVOL_BENCH_N10,2019-08-06,177772.95,9
RANKVOL_BENCH_N10,2019-08-07,177873.11,10
RANKVOL_BENCH_N10,2019-08-08,182968.84,10
RANKVOL_BENCH_N10,2019-08-09,181374.68,10
RANKVOL_BENCH_N10,2019-08-12,178597.76,10
RANKVOL_BENCH_N10,2019-08-13,180302.06,10
RANKVOL_BENCH_N10,2019-08-14,174041.8,10
RANKVOL_BENCH_N10,2019-08-15,172929.22,9
RANKVOL_BENCH_N10,2019-08-16,176031.85,9
RANKVOL_BENCH_N10,2019-08-19,178056.63,10
RANKVOL_BENCH_N10,2019-08-20,176411.87,10
RANKVOL_BENCH_N10,2019-08-21,177663.06,10
RANKVOL_BENCH_N10,2019-08-22,177789.44,10
RANKVOL_BENCH_N10,2019-08-23,171876.79,10
RANKVOL_BENCH_N10,2019-08-26,174146.3,10
RANKVOL_BENCH_N10,2019-08-27,174459.67,10
RANKVOL_BENCH_N10,2019-08-28,175701.35,10
RANKVOL_BENCH_N10,2019-08-29,178062.08,10
RANKVOL_BENCH_N10,2019-08-30,178131.46,10
RANKVOL_BENCH_N10,2019-09-03,176732.98,10
RANKVOL_BENCH_N10,2019-09-04,179093.07,10
RANKVOL_BENCH_N10,2019-09-05,181822.7,10
RANKVOL_BENCH_N10,2019-09-06,180825.18,10
RANKVOL_BENCH_N10,2019-09-09,182318.92,10
RANKVOL_BENCH_N10,2019-09-10,183379.95,10
RANKVOL_BENCH_N10,2019-09-11,183133.62,10
RANKVOL_BENCH_N10,2019-09-12,184224.86,10
RANKVOL_BENCH_N10,2019-09-13,185203.85,10
RANKVOL_BENCH_N10,2019-09-16,184282.24,9
RANKVOL_BENCH_N10,2019-09-17,184133.31,8
RANKVOL_BENCH_N10,2019-09-18,182833.61,10
RANKVOL_BENCH_N10,2019-09-19,183311.64,10
RANKVOL_BENCH_N10,2019-09-20,182890.08,9
RANKVOL_BENCH_N10,2019-09-23,182791.13,10
RANKVOL_BENCH_N10,2019-09-24,180219.38,9
RANKVOL_BENCH_N10,2019-09-25,180342.72,9
RANKVOL_BENCH_N10,2019-09-26,179715.32,10
RANKVOL_BENCH_N10,2019-09-27,177556.28,10
RANKVOL_BENCH_N10,2019-09-30,179076.35,10
RANKVOL_BENCH_N10,2019-10-01,178805.27,10
RANKVOL_BENCH_N10,2019-10-02,177068.76,10
RANKVOL_BENCH_N10,2019-10-03,178566.0,10
RANKVOL_BENCH_N10,2019-10-04,180508.16,10
RANKVOL_BENCH_N10,2019-10-07,179661.77,10
RANKVOL_BENCH_N10,2019-10-08,177805.28,10
RANKVOL_BENCH_N10,2019-10-09,178848.67,10
RANKVOL_BENCH_N10,2019-10-10,180075.05,10
RANKVOL_BENCH_N10,2019-10-11,181502.43,10
RANKVOL_BENCH_N10,2019-10-14,182592.29,10
RANKVOL_BENCH_N10,2019-10-15,183594.79,10
RANKVOL_BENCH_N10,2019-10-16,182849.46,10
RANKVOL_BENCH_N10,2019-10-17,184143.64,10
RANKVOL_BENCH_N10,2019-10-18,181687.85,10
RANKVOL_BENCH_N10,2019-10-21,182884.46,10
RANKVOL_BENCH_N10,2019-10-22,180893.91,10
RANKVOL_BENCH_N10,2019-10-23,182537.74,10
RANKVOL_BENCH_N10,2019-10-24,183774.45,10
RANKVOL_BENCH_N10,2019-10-25,183891.37,10
RANKVOL_BENCH_N10,2019-10-28,184811.86,10
RANKVOL_BENCH_N10,2019-10-29,184392.49,10
RANKVOL_BENCH_N10,2019-10-30,186113.47,9
RANKVOL_BENCH_N10,2019-10-31,186054.12,10
RANKVOL_BENCH_N10,2019-11-01,187594.67,8
RANKVOL_BENCH_N10,2019-11-04,187795.04,10
RANKVOL_BENCH_N10,2019-11-05,187866.74,10
RANKVOL_BENCH_N10,2019-11-06,188240.75,10
RANKVOL_BENCH_N10,2019-11-07,187244.12,9
RANKVOL_BENCH_N10,2019-11-08,187803.57,10
RANKVOL_BENCH_N10,2019-11-11,187302.59,10
RANKVOL_BENCH_N10,2019-11-12,187140.54,10
RANKVOL_BENCH_N10,2019-11-13,187312.73,10
RANKVOL_BENCH_N10,2019-11-14,187790.46,10
RANKVOL_BENCH_N10,2019-11-15,189179.82,10
RANKVOL_BENCH_N10,2019-11-18,189624.5,10
RANKVOL_BENCH_N10,2019-11-19,188450.67,10
RANKVOL_BENCH_N10,2019-11-20,188391.09,10
RANKVOL_BENCH_N10,2019-11-21,188582.75,10
RANKVOL_BENCH_N10,2019-11-22,188163.85,10
RANKVOL_BENCH_N10,2019-11-25,189962.01,10
RANKVOL_BENCH_N10,2019-11-26,190253.81,10
RANKVOL_BENCH_N10,2019-11-27,190835.71,10
RANKVOL_BENCH_N10,2019-11-29,190218.88,10
RANKVOL_BENCH_N10,2019-12-02,189612.01,10
RANKVOL_BENCH_N10,2019-12-03,188721.87,10
RANKVOL_BENCH_N10,2019-12-04,189109.86,10
RANKVOL_BENCH_N10,2019-12-05,189396.91,10
RANKVOL_BENCH_N10,2019-12-06,191707.72,10
RANKVOL_BENCH_N10,2019-12-09,191419.86,10
RANKVOL_BENCH_N10,2019-12-10,192564.84,10
RANKVOL_BENCH_N10,2019-12-11,193988.4,10
RANKVOL_BENCH_N10,2019-12-12,198176.66,10
RANKVOL_BENCH_N10,2019-12-13,197038.66,10
RANKVOL_BENCH_N10,2019-12-16,198766.74,9
RANKVOL_BENCH_N10,2019-12-17,199677.47,10
RANKVOL_BENCH_N10,2019-12-18,199705.14,10
RANKVOL_BENCH_N10,2019-12-19,200858.99,10
RANKVOL_BENCH_N10,2019-12-20,201550.73,10
RANKVOL_BENCH_N10,2019-12-23,201401.7,10
RANKVOL_BENCH_N10,2019-12-24,201784.87,10
RANKVOL_BENCH_N10,2019-12-26,202131.52,10
RANKVOL_BENCH_N10,2019-12-27,201387.33,10
RANKVOL_BENCH_N10,2019-12-30,200284.06,9
RANKVOL_BENCH_N10,2019-12-31,200547.48,9
RANKVOL_BENCH_N10,2020-01-02,200479.0,10
RANKVOL_BENCH_N10,2020-01-03,197879.2,10
RANKVOL_BENCH_N10,2020-01-06,198473.43,10
RANKVOL_BENCH_N10,2020-01-07,197356.17,10
RANKVOL_BENCH_N10,2020-01-08,197892.1,10
RANKVOL_BENCH_N10,2020-01-09,197630.06,10
RANKVOL_BENCH_N10,2020-01-10,196729.55,10
RANKVOL_BENCH_N10,2020-01-13,197775.51,10
RANKVOL_BENCH_N10,2020-01-14,198385.46,10
RANKVOL_BENCH_N10,2020-01-15,197584.98,10
RANKVOL_BENCH_N10,2020-01-16,198593.99,10
RANKVOL_BENCH_N10,2020-01-17,198999.3,10
RANKVOL_BENCH_N10,2020-01-21,198300.94,10
RANKVOL_BENCH_N10,2020-01-22,198498.31,10
RANKVOL_BENCH_N10,2020-01-23,197626.16,10
RANKVOL_BENCH_N10,2020-01-24,195238.42,10
RANKVOL_BENCH_N10,2020-01-27,193556.13,10
RANKVOL_BENCH_N10,2020-01-28,194955.44,10
RANKVOL_BENCH_N10,2020-01-29,193570.17,10
RANKVOL_BENCH_N10,2020-01-30,194416.94,10
RANKVOL_BENCH_N10,2020-01-31,191472.09,10
RANKVOL_BENCH_N10,2020-02-03,190306.09,10
RANKVOL_BENCH_N10,2020-02-04,192244.53,10
RANKVOL_BENCH_N10,2020-02-05,196747.06,10
RANKVOL_BENCH_N10,2020-02-06,197630.23,10
RANKVOL_BENCH_N10,2020-02-07,197691.61,10
RANKVOL_BENCH_N10,2020-02-10,199016.43,10
RANKVOL_BENCH_N10,2020-02-11,201206.83,10
RANKVOL_BENCH_N10,2020-02-12,202081.03,10
RANKVOL_BENCH_N10,2020-02-13,202291.87,10
RANKVOL_BENCH_N10,2020-02-14,201960.94,10
RANKVOL_BENCH_N10,2020-02-18,201971.39,9
RANKVOL_BENCH_N10,2020-02-19,202040.67,9
RANKVOL_BENCH_N10,2020-02-20,202201.54,10
RANKVOL_BENCH_N10,2020-02-21,199101.45,10
RANKVOL_BENCH_N10,2020-02-24,189915.0,9
RANKVOL_BENCH_N10,2020-02-25,183166.44,9
RANKVOL_BENCH_N10,2020-02-26,180167.62,9
RANKVOL_BENCH_N10,2020-02-27,173877.86,9
RANKVOL_BENCH_N10,2020-02-28,172833.21,9
RANKVOL_BENCH_N10,2020-03-02,180040.87,9
RANKVOL_BENCH_N10,2020-03-03,174715.84,10
RANKVOL_BENCH_N10,2020-03-04,180573.79,10
RANKVOL_BENCH_N10,2020-03-05,174170.14,10
RANKVOL_BENCH_N10,2020-03-06,169349.01,10
RANKVOL_BENCH_N10,2020-03-09,149875.5,10
RANKVOL_BENCH_N10,2020-03-10,156767.65,10
RANKVOL_BENCH_N10,2020-03-11,148114.44,10
RANKVOL_BENCH_N10,2020-03-12,134019.85,10
RANKVOL_BENCH_N10,2020-03-13,148175.55,10
RANKVOL_BENCH_N10,2020-03-16,131714.61,10
RANKVOL_BENCH_N10,2020-03-17,141681.79,10
RANKVOL_BENCH_N10,2020-03-18,135491.1,10
RANKVOL_BENCH_N10,2020-03-19,135659.31,10
RANKVOL_BENCH_N10,2020-03-20,128272.98,10
RANKVOL_BENCH_N10,2020-03-23,124089.35,10
RANKVOL_BENCH_N10,2020-03-24,131168.23,10
RANKVOL_BENCH_N10,2020-03-25,131930.28,10
RANKVOL_BENCH_N10,2020-03-26,141170.54,10
RANKVOL_BENCH_N10,2020-03-27,136374.03,10
RANKVOL_BENCH_N10,2020-03-30,138920.3,10
RANKVOL_BENCH_N10,2020-03-31,136802.56,10
RANKVOL_BENCH_N10,2020-04-01,130788.97,10
RANKVOL_BENCH_N10,2020-04-02,133000.27,9
RANKVOL_BENCH_N10,2020-04-03,131245.29,10
RANKVOL_BENCH_N10,2020-04-06,138744.63,10
RANKVOL_BENCH_N10,2020-04-07,139361.36,10
RANKVOL_BENCH_N10,2020-04-08,144464.69,9
RANKVOL_BENCH_N10,2020-04-09,146949.78,10
RANKVOL_BENCH_N10,2020-04-13,144104.15,10
RANKVOL_BENCH_N10,2020-04-14,146218.21,7
RANKVOL_BENCH_N10,2020-04-15,143164.05,8
RANKVOL_BENCH_N10,2020-04-16,140656.91,7
RANKVOL_BENCH_N10,2020-04-17,143987.31,8
RANKVOL_BENCH_N10,2020-04-20,141163.6,8
RANKVOL_BENCH_N10,2020-04-21,138541.12,8
RANKVOL_BENCH_N10,2020-04-22,139458.05,6
RANKVOL_BENCH_N10,2020-04-23,140257.95,10
RANKVOL_BENCH_N10,2020-04-24,141881.62,10
RANKVOL_BENCH_N10,2020-04-27,146611.97,10
RANKVOL_BENCH_N10,2020-04-28,151233.39,10
RANKVOL_BENCH_N10,2020-04-29,163771.23,9
RANKVOL_BENCH_N10,2020-04-30,158548.42,10
RANKVOL_BENCH_N10,2020-05-01,149643.41,9
RANKVOL_BENCH_N10,2020-05-04,148947.53,6
RANKVOL_BENCH_N10,2020-05-05,148567.19,6
RANKVOL_BENCH_N10,2020-05-06,147384.62,5
RANKVOL_BENCH_N10,2020-05-07,152568.04,5
RANKVOL_BENCH_N10,2020-05-08,156325.72,6
RANKVOL_BENCH_N10,2020-05-11,155062.37,10
RANKVOL_BENCH_N10,2020-05-12,150880.68,10
RANKVOL_BENCH_N10,2020-05-13,144887.96,10
RANKVOL_BENCH_N10,2020-05-14,149555.71,10
RANKVOL_BENCH_N10,2020-05-15,148562.14,10
RANKVOL_BENCH_N10,2020-05-18,157840.43,10
RANKVOL_BENCH_N10,2020-05-19,156769.75,10
RANKVOL_BENCH_N10,2020-05-20,161357.1,10
RANKVOL_BENCH_N10,2020-05-21,159293.92,10
RANKVOL_BENCH_N10,2020-05-22,158143.82,10
RANKVOL_BENCH_N10,2020-05-26,164702.86,10
RANKVOL_BENCH_N10,2020-05-27,173213.84,10
RANKVOL_BENCH_N10,2020-05-28,164109.05,10
RANKVOL_BENCH_N10,2020-05-29,161330.79,10
RANKVOL_BENCH_N10,2020-06-01,160956.43,9
RANKVOL_BENCH_N10,2020-06-02,161723.1,10
RANKVOL_BENCH_N10,2020-06-03,169575.59,10
RANKVOL_BENCH_N10,2020-06-04,172053.48,10
RANKVOL_BENCH_N10,2020-06-05,180460.87,10
RANKVOL_BENCH_N10,2020-06-08,190182.86,10
RANKVOL_BENCH_N10,2020-06-09,184604.39,10
RANKVOL_BENCH_N10,2020-06-10,177598.33,10
RANKVOL_BENCH_N10,2020-06-11,163983.16,7
RANKVOL_BENCH_N10,2020-06-12,166363.03,5
RANKVOL_BENCH_N10,2020-06-15,167385.48,5
RANKVOL_BENCH_N10,2020-06-16,168094.88,5
RANKVOL_BENCH_N10,2020-06-17,168585.33,5
RANKVOL_BENCH_N10,2020-06-18,169028.8,5
RANKVOL_BENCH_N10,2020-06-19,167155.55,10
RANKVOL_BENCH_N10,2020-06-22,168498.22,10
RANKVOL_BENCH_N10,2020-06-23,166893.41,10
RANKVOL_BENCH_N10,2020-06-24,161526.42,9
RANKVOL_BENCH_N10,2020-06-25,163166.57,8
RANKVOL_BENCH_N10,2020-06-26,158487.59,10
RANKVOL_BENCH_N10,2020-06-29,161029.07,10
RANKVOL_BENCH_N10,2020-06-30,164536.05,10
RANKVOL_BENCH_N10,2020-07-01,163786.87,10
RANKVOL_BENCH_N10,2020-07-02,165150.05,10
RANKVOL_BENCH_N10,2020-07-06,167405.36,10
RANKVOL_BENCH_N10,2020-07-07,163538.73,10
RANKVOL_BENCH_N10,2020-07-08,164576.24,10
RANKVOL_BENCH_N10,2020-07-09,162912.24,10
RANKVOL_BENCH_N10,2020-07-10,165005.58,10
RANKVOL_BENCH_N10,2020-07-13,162995.78,10
RANKVOL_BENCH_N10,2020-07-14,165504.46,8
RANKVOL_BENCH_N10,2020-07-15,169091.07,10
RANKVOL_BENCH_N10,2020-07-16,169734.31,10
RANKVOL_BENCH_N10,2020-07-17,169315.99,10
RANKVOL_BENCH_N10,2020-07-20,170717.23,10
RANKVOL_BENCH_N10,2020-07-21,174303.46,10
RANKVOL_BENCH_N10,2020-07-22,175792.93,10
RANKVOL_BENCH_N10,2020-07-23,173514.08,10
RANKVOL_BENCH_N10,2020-07-24,175693.63,9
RANKVOL_BENCH_N10,2020-07-27,176215.05,9
RANKVOL_BENCH_N10,2020-07-28,173553.0,10
RANKVOL_BENCH_N10,2020-07-29,179361.63,10
RANKVOL_BENCH_N10,2020-07-30,175903.72,10
RANKVOL_BENCH_N10,2020-07-31,174895.28,10
RANKVOL_BENCH_N10,2020-08-03,175815.15,10
RANKVOL_BENCH_N10,2020-08-04,180936.01,10
RANKVOL_BENCH_N10,2020-08-05,183494.24,10
RANKVOL_BENCH_N10,2020-08-06,182700.05,10
RANKVOL_BENCH_N10,2020-08-07,182954.81,10
RANKVOL_BENCH_N10,2020-08-10,184749.41,10
RANKVOL_BENCH_N10,2020-08-11,183688.34,10
RANKVOL_BENCH_N10,2020-08-12,186808.13,10
RANKVOL_BENCH_N10,2020-08-13,184982.06,10
RANKVOL_BENCH_N10,2020-08-14,185567.62,10
RANKVOL_BENCH_N10,2020-08-17,185618.83,10
RANKVOL_BENCH_N10,2020-08-18,185375.16,10
RANKVOL_BENCH_N10,2020-08-19,183466.9,10
RANKVOL_BENCH_N10,2020-08-20,182434.9,10
RANKVOL_BENCH_N10,2020-08-21,181504.97,10
RANKVOL_BENCH_N10,2020-08-24,184226.59,10
RANKVOL_BENCH_N10,2020-08-25,184776.73,10
RANKVOL_BENCH_N10,2020-08-26,183716.11,10
RANKVOL_BENCH_N10,2020-08-27,184458.4,10
RANKVOL_BENCH_N10,2020-08-28,186780.1,10
RANKVOL_BENCH_N10,2020-08-31,185455.18,10
RANKVOL_BENCH_N10,2020-09-01,186451.51,10
RANKVOL_BENCH_N10,2020-09-02,187164.75,10
RANKVOL_BENCH_N10,2020-09-03,183292.08,10
RANKVOL_BENCH_N10,2020-09-04,183035.07,9
RANKVOL_BENCH_N10,2020-09-08,176976.24,10
RANKVOL_BENCH_N10,2020-09-09,177956.0,10
RANKVOL_BENCH_N10,2020-09-10,173893.63,10
RANKVOL_BENCH_N10,2020-09-11,174764.36,10
RANKVOL_BENCH_N10,2020-09-14,177640.6,10
RANKVOL_BENCH_N10,2020-09-15,177191.69,10
RANKVOL_BENCH_N10,2020-09-16,180303.6,10
RANKVOL_BENCH_N10,2020-09-17,179470.36,10
RANKVOL_BENCH_N10,2020-09-18,179048.28,10
RANKVOL_BENCH_N10,2020-09-21,173392.49,10
RANKVOL_BENCH_N10,2020-09-22,173311.2,10
RANKVOL_BENCH_N10,2020-09-23,170291.23,10
RANKVOL_BENCH_N10,2020-09-24,169461.6,10
RANKVOL_BENCH_N10,2020-09-25,169767.1,10
RANKVOL_BENCH_N10,2020-09-28,173953.71,10
RANKVOL_BENCH_N10,2020-09-29,170879.9,10
RANKVOL_BENCH_N10,2020-09-30,171227.71,10
RANKVOL_BENCH_N10,2020-10-01,168628.7,10
RANKVOL_BENCH_N10,2020-10-02,169203.22,10
RANKVOL_BENCH_N10,2020-10-05,173233.58,10
RANKVOL_BENCH_N10,2020-10-06,170590.08,10
RANKVOL_BENCH_N10,2020-10-07,172830.1,10
RANKVOL_BENCH_N10,2020-10-08,176583.14,10
RANKVOL_BENCH_N10,2020-10-09,176241.25,10
RANKVOL_BENCH_N10,2020-10-12,177968.13,10
RANKVOL_BENCH_N10,2020-10-13,176375.84,10
RANKVOL_BENCH_N10,2020-10-14,175292.72,10
RANKVOL_BENCH_N10,2020-10-15,176544.85,10
RANKVOL_BENCH_N10,2020-10-16,173764.6,10
RANKVOL_BENCH_N10,2020-10-19,171103.76,10
RANKVOL_BENCH_N10,2020-10-20,173204.74,10
RANKVOL_BENCH_N10,2020-10-21,171627.76,10
RANKVOL_BENCH_N10,2020-10-22,176217.4,10
RANKVOL_BENCH_N10,2020-10-23,176510.23,10
RANKVOL_BENCH_N10,2020-10-26,172347.35,10
RANKVOL_BENCH_N10,2020-10-27,170272.34,10
RANKVOL_BENCH_N10,2020-10-28,164742.16,10
RANKVOL_BENCH_N10,2020-10-29,166776.03,10
RANKVOL_BENCH_N10,2020-10-30,168423.46,10
RANKVOL_BENCH_N10,2020-11-02,173173.27,10
RANKVOL_BENCH_N10,2020-11-03,175006.53,10
RANKVOL_BENCH_N10,2020-11-04,176811.46,10
RANKVOL_BENCH_N10,2020-11-05,178349.83,10
RANKVOL_BENCH_N10,2020-11-06,175938.1,10
RANKVOL_BENCH_N10,2020-11-09,188534.4,10
RANKVOL_BENCH_N10,2020-11-10,190366.68,10
RANKVOL_BENCH_N10,2020-11-11,189974.0,10
RANKVOL_BENCH_N10,2020-11-12,187183.99,10
RANKVOL_BENCH_N10,2020-11-13,190437.83,9
RANKVOL_BENCH_N10,2020-11-16,194916.2,10
RANKVOL_BENCH_N10,2020-11-17,196348.67,9
RANKVOL_BENCH_N10,2020-11-18,194491.24,10
RANKVOL_BENCH_N10,2020-11-19,197648.96,9
RANKVOL_BENCH_N10,2020-11-20,196331.03,10
RANKVOL_BENCH_N10,2020-11-23,203619.75,10
RANKVOL_BENCH_N10,2020-11-24,208025.63,10
RANKVOL_BENCH_N10,2020-11-25,207952.26,10
RANKVOL_BENCH_N10,2020-11-27,208474.43,10
RANKVOL_BENCH_N10,2020-11-30,207199.8,10
RANKVOL_BENCH_N10,2020-12-01,209206.24,10
RANKVOL_BENCH_N10,2020-12-02,209005.85,10
RANKVOL_BENCH_N10,2020-12-03,207356.37,10
RANKVOL_BENCH_N10,2020-12-04,209455.05,10
RANKVOL_BENCH_N10,2020-12-07,210073.87,10
RANKVOL_BENCH_N10,2020-12-08,212172.56,10
RANKVOL_BENCH_N10,2020-12-09,209825.0,9
RANKVOL_BENCH_N10,2020-12-10,210625.64,9
RANKVOL_BENCH_N10,2020-12-11,210985.45,9
RANKVOL_BENCH_N10,2020-12-14,210578.4,10
RANKVOL_BENCH_N10,2020-12-15,213769.16,10
RANKVOL_BENCH_N10,2020-12-16,215982.63,10
RANKVOL_BENCH_N10,2020-12-17,216405.64,10
RANKVOL_BENCH_N10,2020-12-18,216353.91,10
RANKVOL_BENCH_N10,2020-12-21,214663.65,10
RANKVOL_BENCH_N10,2020-12-22,215047.49,10
RANKVOL_BENCH_N10,2020-12-23,214916.19,10
RANKVOL_BENCH_N10,2020-12-24,214835.12,10
RANKVOL_BENCH_N10,2020-12-28,215696.52,10
RANKVOL_BENCH_N10,2020-12-29,215716.67,10
RANKVOL_BENCH_N10,2020-12-30,216093.28,10
RANKVOL_BENCH_N10,2020-12-31,216906.88,10
RANKVOL_BENCH_N10,2021-01-04,213482.93,10
RANKVOL_BENCH_N10,2021-01-05,215906.33,10
RANKVOL_BENCH_N10,2021-01-06,216172.5,10
RANKVOL_BENCH_N10,2021-01-07,217113.28,10
RANKVOL_BENCH_N10,2021-01-08,219095.6,10
RANKVOL_BENCH_N10,2021-01-11,217954.43,10
RANKVOL_BENCH_N10,2021-01-12,220458.88,10
RANKVOL_BENCH_N10,2021-01-13,219896.03,10
RANKVOL_BENCH_N10,2021-01-14,219588.73,10
RANKVOL_BENCH_N10,2021-01-15,217613.92,10
RANKVOL_BENCH_N10,2021-01-19,218303.09,10
RANKVOL_BENCH_N10,2021-01-20,222316.32,10
RANKVOL_BENCH_N10,2021-01-21,222501.55,10
RANKVOL_BENCH_N10,2021-01-22,222644.74,10
RANKVOL_BENCH_N10,2021-01-25,223353.66,10
RANKVOL_BENCH_N10,2021-01-26,224334.49,10
RANKVOL_BENCH_N10,2021-01-27,222349.32,10
RANKVOL_BENCH_N10,2021-01-28,219884.66,10
RANKVOL_BENCH_N10,2021-01-29,214795.64,10
RANKVOL_BENCH_N10,2021-02-01,216829.96,8
RANKVOL_BENCH_N10,2021-02-02,219264.68,9
RANKVOL_BENCH_N10,2021-02-03,220522.64,10
RANKVOL_BENCH_N10,2021-02-04,223651.53,10
RANKVOL_BENCH_N10,2021-02-05,225064.62,10
RANKVOL_BENCH_N10,2021-02-08,229846.21,10
RANKVOL_BENCH_N10,2021-02-09,229061.04,10
RANKVOL_BENCH_N10,2021-02-10,228671.45,7
RANKVOL_BENCH_N10,2021-02-11,226121.6,8
RANKVOL_BENCH_N10,2021-02-12,229090.11,9
RANKVOL_BENCH_N10,2021-02-16,231281.72,10
RANKVOL_BENCH_N10,2021-02-17,231593.22,10
RANKVOL_BENCH_N10,2021-02-18,228729.84,10
RANKVOL_BENCH_N10,2021-02-19,230821.37,10
RANKVOL_BENCH_N10,2021-02-22,231861.74,10
RANKVOL_BENCH_N10,2021-02-23,231129.45,10
RANKVOL_BENCH_N10,2021-02-24,234916.74,10
RANKVOL_BENCH_N10,2021-02-25,230350.07,10
RANKVOL_BENCH_N10,2021-02-26,228935.3,7
RANKVOL_BENCH_N10,2021-03-01,232374.48,7
RANKVOL_BENCH_N10,2021-03-02,230161.89,10
RANKVOL_BENCH_N10,2021-03-03,226111.46,10
RANKVOL_BENCH_N10,2021-03-04,223066.22,10
RANKVOL_BENCH_N10,2021-03-05,228372.46,10
RANKVOL_BENCH_N10,2021-03-08,226967.27,10
RANKVOL_BENCH_N10,2021-03-09,228692.77,10
RANKVOL_BENCH_N10,2021-03-10,231446.02,10
RANKVOL_BENCH_N10,2021-03-11,233585.8,10
RANKVOL_BENCH_N10,2021-03-12,234260.79,10
RANKVOL_BENCH_N10,2021-03-15,235879.11,10
RANKVOL_BENCH_N10,2021-03-16,234125.34,10
RANKVOL_BENCH_N10,2021-03-17,235854.42,10
RANKVOL_BENCH_N10,2021-03-18,229737.84,10
RANKVOL_BENCH_N10,2021-03-19,230410.01,10
RANKVOL_BENCH_N10,2021-03-22,231962.36,10
RANKVOL_BENCH_N10,2021-03-23,230690.5,10
RANKVOL_BENCH_N10,2021-03-24,230165.53,10
RANKVOL_BENCH_N10,2021-03-25,230169.4,10
RANKVOL_BENCH_N10,2021-03-26,234174.0,10
RANKVOL_BENCH_N10,2021-03-29,233300.04,10
RANKVOL_BENCH_N10,2021-03-30,232604.91,10
RANKVOL_BENCH_N10,2021-03-31,233540.75,10
RANKVOL_BENCH_N10,2021-04-01,237152.44,10
RANKVOL_BENCH_N10,2021-04-05,236682.46,10
RANKVOL_BENCH_N10,2021-04-06,237771.48,10
RANKVOL_BENCH_N10,2021-04-07,239405.5,10
RANKVOL_BENCH_N10,2021-04-08,239866.97,10
RANKVOL_BENCH_N10,2021-04-09,240294.6,10
RANKVOL_BENCH_N10,2021-04-12,240144.95,10
RANKVOL_BENCH_N10,2021-04-13,238994.36,10
RANKVOL_BENCH_N10,2021-04-14,240371.11,10
RANKVOL_BENCH_N10,2021-04-15,240652.44,10
RANKVOL_BENCH_N10,2021-04-16,241031.37,10
RANKVOL_BENCH_N10,2021-04-19,240516.5,10
RANKVOL_BENCH_N10,2021-04-20,235945.65,10
RANKVOL_BENCH_N10,2021-04-21,238191.2,10
RANKVOL_BENCH_N10,2021-04-22,238180.62,10
RANKVOL_BENCH_N10,2021-04-23,241122.05,10
RANKVOL_BENCH_N10,2021-04-26,242027.87,10
RANKVOL_BENCH_N10,2021-04-27,243198.65,10
RANKVOL_BENCH_N10,2021-04-28,245973.22,10
RANKVOL_BENCH_N10,2021-04-29,244242.32,10
RANKVOL_BENCH_N10,2021-04-30,242694.72,10
RANKVOL_BENCH_N10,2021-05-03,245767.55,10
RANKVOL_BENCH_N10,2021-05-04,244502.24,10
RANKVOL_BENCH_N10,2021-05-05,247617.77,9
RANKVOL_BENCH_N10,2021-05-06,249060.26,9
RANKVOL_BENCH_N10,2021-05-07,252517.9,10
RANKVOL_BENCH_N10,2021-05-10,251265.76,10
RANKVOL_BENCH_N10,2021-05-11,249168.85,10
RANKVOL_BENCH_N10,2021-05-12,245963.89,7
RANKVOL_BENCH_N10,2021-05-13,247801.33,7
RANKVOL_BENCH_N10,2021-05-14,251672.04,7
RANKVOL_BENCH_N10,2021-05-17,254818.92,8
RANKVOL_BENCH_N10,2021-05-18,254886.5,8
RANKVOL_BENCH_N10,2021-05-19,253963.11,10
RANKVOL_BENCH_N10,2021-05-20,256242.06,10
RANKVOL_BENCH_N10,2021-05-21,257784.57,10
RANKVOL_BENCH_N10,2021-05-24,259998.32,10
RANKVOL_BENCH_N10,2021-05-25,260876.56,10
RANKVOL_BENCH_N10,2021-05-26,265902.29,10
RANKVOL_BENCH_N10,2021-05-27,269150.38,10
RANKVOL_BENCH_N10,2021-05-28,268173.59,10
RANKVOL_BENCH_N10,2021-06-01,270949.32,10
RANKVOL_BENCH_N10,2021-06-02,275112.65,10
RANKVOL_BENCH_N10,2021-06-03,274160.78,10
RANKVOL_BENCH_N10,2021-06-04,276499.95,7
RANKVOL_BENCH_N10,2021-06-07,276089.56,9
RANKVOL_BENCH_N10,2021-06-08,275119.52,9
RANKVOL_BENCH_N10,2021-06-09,275415.9,10
RANKVOL_BENCH_N10,2021-06-10,277112.92,10
RANKVOL_BENCH_N10,2021-06-11,277699.08,10
RANKVOL_BENCH_N10,2021-06-14,275491.52,9
RANKVOL_BENCH_N10,2021-06-15,273671.6,8
RANKVOL_BENCH_N10,2021-06-16,271768.67,10
RANKVOL_BENCH_N10,2021-06-17,273013.98,10
RANKVOL_BENCH_N10,2021-06-18,270299.46,10
RANKVOL_BENCH_N10,2021-06-21,271840.63,10
RANKVOL_BENCH_N10,2021-06-22,273556.53,10
RANKVOL_BENCH_N10,2021-06-23,274182.13,10
RANKVOL_BENCH_N10,2021-06-24,276407.52,10
RANKVOL_BENCH_N10,2021-06-25,278368.38,10
RANKVOL_BENCH_N10,2021-06-28,278722.59,10
RANKVOL_BENCH_N10,2021-06-29,277668.48,10
RANKVOL_BENCH_N10,2021-06-30,282194.78,10
RANKVOL_BENCH_N10,2021-07-01,281163.63,10
RANKVOL_BENCH_N10,2021-07-02,280814.2,10
RANKVOL_BENCH_N10,2021-07-06,278148.86,10
RANKVOL_BENCH_N10,2021-07-07,274618.17,10
RANKVOL_BENCH_N10,2021-07-08,272166.54,9
RANKVOL_BENCH_N10,2021-07-09,276030.21,10
RANKVOL_BENCH_N10,2021-07-12,276002.76,10
RANKVOL_BENCH_N10,2021-07-13,272579.93,10
RANKVOL_BENCH_N10,2021-07-14,272420.45,10
RANKVOL_BENCH_N10,2021-07-15,271480.06,10
RANKVOL_BENCH_N10,2021-07-16,269152.78,10
RANKVOL_BENCH_N10,2021-07-19,264858.58,10
RANKVOL_BENCH_N10,2021-07-20,268921.31,10
RANKVOL_BENCH_N10,2021-07-21,271488.94,10
RANKVOL_BENCH_N10,2021-07-22,270178.99,10
RANKVOL_BENCH_N10,2021-07-23,271255.84,10
RANKVOL_BENCH_N10,2021-07-26,273107.08,10
RANKVOL_BENCH_N10,2021-07-27,271436.58,10
RANKVOL_BENCH_N10,2021-07-28,273088.0,10
RANKVOL_BENCH_N10,2021-07-29,274386.08,10
RANKVOL_BENCH_N10,2021-07-30,271885.47,10
RANKVOL_BENCH_N10,2021-08-02,271543.36,10
RANKVOL_BENCH_N10,2021-08-03,272883.14,10
RANKVOL_BENCH_N10,2021-08-04,271931.52,10
RANKVOL_BENCH_N10,2021-08-05,276650.57,10
RANKVOL_BENCH_N10,2021-08-06,276428.66,10
RANKVOL_BENCH_N10,2021-08-09,275318.43,10
RANKVOL_BENCH_N10,2021-08-10,277643.97,10
RANKVOL_BENCH_N10,2021-08-11,279322.9,10
RANKVOL_BENCH_N10,2021-08-12,279082.05,10
RANKVOL_BENCH_N10,2021-08-13,278983.23,10
RANKVOL_BENCH_N10,2021-08-16,278137.7,10
RANKVOL_BENCH_N10,2021-08-17,277249.58,10
RANKVOL_BENCH_N10,2021-08-18,276032.14,10
RANKVOL_BENCH_N10,2021-08-19,276047.23,9
RANKVOL_BENCH_N10,2021-08-20,278299.87,10
RANKVOL_BENCH_N10,2021-08-23,281650.12,10
RANKVOL_BENCH_N10,2021-08-24,282930.36,10
RANKVOL_BENCH_N10,2021-08-25,283083.68,10
RANKVOL_BENCH_N10,2021-08-26,281542.14,10
RANKVOL_BENCH_N10,2021-08-27,284872.5,10
RANKVOL_BENCH_N10,2021-08-30,285641.23,10
RANKVOL_BENCH_N10,2021-08-31,286816.58,10
RANKVOL_BENCH_N10,2021-09-01,286824.22,10
RANKVOL_BENCH_N10,2021-09-02,288552.47,10
RANKVOL_BENCH_N10,2021-09-03,288981.26,10
RANKVOL_BENCH_N10,2021-09-07,288484.31,10
RANKVOL_BENCH_N10,2021-09-08,285522.82,10
RANKVOL_BENCH_N10,2021-09-09,284947.73,10
RANKVOL_BENCH_N10,2021-09-10,282112.2,10
RANKVOL_BENCH_N10,2021-09-13,282035.72,10
RANKVOL_BENCH_N10,2021-09-14,278147.85,10
RANKVOL_BENCH_N10,2021-09-15,279895.88,10
RANKVOL_BENCH_N10,2021-09-16,280039.1,10
RANKVOL_BENCH_N10,2021-09-17,279824.32,10
RANKVOL_BENCH_N10,2021-09-20,277031.92,10
RANKVOL_BENCH_N10,2021-09-21,276697.04,10
RANKVOL_BENCH_N10,2021-09-22,280946.03,10
RANKVOL_BENCH_N10,2021-09-23,286506.81,10
RANKVOL_BENCH_N10,2021-09-24,288483.27,10
RANKVOL_BENCH_N10,2021-09-27,290071.7,10
RANKVOL_BENCH_N10,2021-09-28,286550.5,10
RANKVOL_BENCH_N10,2021-09-29,286076.29,10
RANKVOL_BENCH_N10,2021-09-30,279298.42,10
RANKVOL_BENCH_N10,2021-10-01,283687.22,10
RANKVOL_BENCH_N10,2021-10-04,281344.43,10
RANKVOL_BENCH_N10,2021-10-05,283076.85,10
RANKVOL_BENCH_N10,2021-10-06,283265.95,10
RANKVOL_BENCH_N10,2021-10-07,285125.31,10
RANKVOL_BENCH_N10,2021-10-08,283317.19,10
RANKVOL_BENCH_N10,2021-10-11,280086.18,10
RANKVOL_BENCH_N10,2021-10-12,278957.62,10
RANKVOL_BENCH_N10,2021-10-13,279157.53,10
RANKVOL_BENCH_N10,2021-10-14,280521.81,10
RANKVOL_BENCH_N10,2021-10-15,279488.26,10
RANKVOL_BENCH_N10,2021-10-18,280916.4,10
RANKVOL_BENCH_N10,2021-10-19,282485.06,10
RANKVOL_BENCH_N10,2021-10-20,283376.09,10
RANKVOL_BENCH_N10,2021-10-21,281462.31,10
RANKVOL_BENCH_N10,2021-10-22,278512.86,10
RANKVOL_BENCH_N10,2021-10-25,279398.74,10
RANKVOL_BENCH_N10,2021-10-26,279262.8,10
RANKVOL_BENCH_N10,2021-10-27,272757.4,10
RANKVOL_BENCH_N10,2021-10-28,276170.85,10
RANKVOL_BENCH_N10,2021-10-29,272816.63,10
RANKVOL_BENCH_N10,2021-11-01,277884.26,9
RANKVOL_BENCH_N10,2021-11-02,277187.88,10
RANKVOL_BENCH_N10,2021-11-03,280617.82,10
RANKVOL_BENCH_N10,2021-11-04,278021.05,10
RANKVOL_BENCH_N10,2021-11-05,283984.6,10
RANKVOL_BENCH_N10,2021-11-08,282521.53,10
RANKVOL_BENCH_N10,2021-11-09,281443.47,9
RANKVOL_BENCH_N10,2021-11-10,280448.87,10
RANKVOL_BENCH_N10,2021-11-11,279868.1,10
RANKVOL_BENCH_N10,2021-11-12,280899.81,10
RANKVOL_BENCH_N10,2021-11-15,282567.9,10
RANKVOL_BENCH_N10,2021-11-16,279132.09,10
RANKVOL_BENCH_N10,2021-11-17,277252.71,10
RANKVOL_BENCH_N10,2021-11-18,273264.15,10
RANKVOL_BENCH_N10,2021-11-19,270830.54,10
RANKVOL_BENCH_N10,2021-11-22,270444.0,10
RANKVOL_BENCH_N10,2021-11-23,270150.08,10
RANKVOL_BENCH_N10,2021-11-24,269931.68,10
RANKVOL_BENCH_N10,2021-11-26,266550.16,10
RANKVOL_BENCH_N10,2021-11-29,265786.16,10
RANKVOL_BENCH_N10,2021-11-30,258808.88,10
RANKVOL_BENCH_N10,2021-12-01,254774.68,10
RANKVOL_BENCH_N10,2021-12-02,257706.32,10
RANKVOL_BENCH_N10,2021-12-03,258521.67,10
RANKVOL_BENCH_N10,2021-12-06,262140.95,10
RANKVOL_BENCH_N10,2021-12-07,265797.46,10
RANKVOL_BENCH_N10,2021-12-08,265349.97,10
RANKVOL_BENCH_N10,2021-12-09,263669.32,10
RANKVOL_BENCH_N10,2021-12-10,266853.01,10
RANKVOL_BENCH_N10,2021-12-13,265048.29,10
RANKVOL_BENCH_N10,2021-12-14,264690.76,10
RANKVOL_BENCH_N10,2021-12-15,266392.94,10
RANKVOL_BENCH_N10,2021-12-16,270232.83,10
RANKVOL_BENCH_N10,2021-12-17,267332.62,10
RANKVOL_BENCH_N10,2021-12-20,264598.78,10
RANKVOL_BENCH_N10,2021-12-21,268819.77,10
RANKVOL_BENCH_N10,2021-12-22,270105.34,10
RANKVOL_BENCH_N10,2021-12-23,272059.51,10
RANKVOL_BENCH_N10,2021-12-27,272614.87,10
RANKVOL_BENCH_N10,2021-12-28,271453.61,10
RANKVOL_BENCH_N10,2021-12-29,270002.68,10
RANKVOL_BENCH_N10,2021-12-30,272078.45,10
RANKVOL_BENCH_N10,2021-12-31,269880.2,10
RANKVOL_BENCH_N10,2022-01-03,275049.96,10
RANKVOL_BENCH_N10,2022-01-04,277636.44,10
RANKVOL_BENCH_N10,2022-01-05,274750.64,10
RANKVOL_BENCH_N10,2022-01-06,277379.4,9
RANKVOL_BENCH_N10,2022-01-07,281445.73,9
RANKVOL_BENCH_N10,2022-01-10,279499.93,10
RANKVOL_BENCH_N10,2022-01-11,281944.79,10
RANKVOL_BENCH_N10,2022-01-12,281682.38,10
RANKVOL_BENCH_N10,2022-01-13,280454.23,10
RANKVOL_BENCH_N10,2022-01-14,286790.88,10
RANKVOL_BENCH_N10,2022-01-18,281863.93,10
RANKVOL_BENCH_N10,2022-01-19,279598.06,10
RANKVOL_BENCH_N10,2022-01-20,276819.02,10
RANKVOL_BENCH_N10,2022-01-21,269850.37,10
RANKVOL_BENCH_N10,2022-01-24,271106.77,8
RANKVOL_BENCH_N10,2022-01-25,272751.45,8
RANKVOL_BENCH_N10,2022-01-26,271148.85,9
RANKVOL_BENCH_N10,2022-01-27,267569.46,9
RANKVOL_BENCH_N10,2022-01-28,272192.36,10
RANKVOL_BENCH_N10,2022-01-31,276927.82,10
RANKVOL_BENCH_N10,2022-02-01,279737.01,10
RANKVOL_BENCH_N10,2022-02-02,272433.12,10
RANKVOL_BENCH_N10,2022-02-03,267601.49,10
RANKVOL_BENCH_N10,2022-02-04,268987.72,10
RANKVOL_BENCH_N10,2022-02-07,269331.19,10
RANKVOL_BENCH_N10,2022-02-08,271817.36,10
RANKVOL_BENCH_N10,2022-02-09,277966.29,10
RANKVOL_BENCH_N10,2022-02-10,274166.68,10
RANKVOL_BENCH_N10,2022-02-11,269109.32,9
RANKVOL_BENCH_N10,2022-02-14,267497.13,10
RANKVOL_BENCH_N10,2022-02-15,269444.05,10
RANKVOL_BENCH_N10,2022-02-16,265105.74,10
RANKVOL_BENCH_N10,2022-02-17,264485.61,10
RANKVOL_BENCH_N10,2022-02-18,263620.62,10
RANKVOL_BENCH_N10,2022-02-22,262599.77,10
RANKVOL_BENCH_N10,2022-02-23,262208.62,10
RANKVOL_BENCH_N10,2022-02-24,260729.66,10
RANKVOL_BENCH_N10,2022-02-25,267039.01,10
RANKVOL_BENCH_N10,2022-02-28,265689.96,10
RANKVOL_BENCH_N10,2022-03-01,265255.78,10
RANKVOL_BENCH_N10,2022-03-02,269916.79,10
RANKVOL_BENCH_N10,2022-03-03,270104.12,10
RANKVOL_BENCH_N10,2022-03-04,270742.05,10
RANKVOL_BENCH_N10,2022-03-07,268664.41,10
RANKVOL_BENCH_N10,2022-03-08,265890.06,10
RANKVOL_BENCH_N10,2022-03-09,266971.9,7
RANKVOL_BENCH_N10,2022-03-10,267809.65,8
RANKVOL_BENCH_N10,2022-03-11,264790.17,9
RANKVOL_BENCH_N10,2022-03-14,262073.11,8
RANKVOL_BENCH_N10,2022-03-15,266061.73,9
RANKVOL_BENCH_N10,2022-03-16,271959.48,10
RANKVOL_BENCH_N10,2022-03-17,274069.52,10
RANKVOL_BENCH_N10,2022-03-18,276076.7,10
RANKVOL_BENCH_N10,2022-03-21,273515.42,10
RANKVOL_BENCH_N10,2022-03-22,276618.45,10
RANKVOL_BENCH_N10,2022-03-23,274259.29,10
RANKVOL_BENCH_N10,2022-03-24,275425.83,7
RANKVOL_BENCH_N10,2022-03-25,277584.52,10
RANKVOL_BENCH_N10,2022-03-28,277445.01,10
RANKVOL_BENCH_N10,2022-03-29,280762.55,9
RANKVOL_BENCH_N10,2022-03-30,277408.93,10
RANKVOL_BENCH_N10,2022-03-31,274913.8,10
RANKVOL_BENCH_N10,2022-04-01,275690.64,8
RANKVOL_BENCH_N10,2022-04-04,277346.59,8
RANKVOL_BENCH_N10,2022-04-05,273339.37,7
RANKVOL_BENCH_N10,2022-04-06,272591.02,7
RANKVOL_BENCH_N10,2022-04-07,272439.07,7
RANKVOL_BENCH_N10,2022-04-08,276207.43,8
RANKVOL_BENCH_N10,2022-04-11,270526.29,10
RANKVOL_BENCH_N10,2022-04-12,272705.57,9
RANKVOL_BENCH_N10,2022-04-13,276176.95,8
RANKVOL_BENCH_N10,2022-04-14,274526.28,10
RANKVOL_BENCH_N10,2022-04-18,275321.99,10
RANKVOL_BENCH_N10,2022-04-19,278069.21,10
RANKVOL_BENCH_N10,2022-04-20,278400.9,10
RANKVOL_BENCH_N10,2022-04-21,273806.5,10
RANKVOL_BENCH_N10,2022-04-22,268116.09,10
RANKVOL_BENCH_N10,2022-04-25,264767.38,10
RANKVOL_BENCH_N10,2022-04-26,260193.41,10
RANKVOL_BENCH_N10,2022-04-27,261022.12,8
RANKVOL_BENCH_N10,2022-04-28,266265.99,8
RANKVOL_BENCH_N10,2022-04-29,258699.86,10
RANKVOL_BENCH_N10,2022-05-02,261418.55,10
RANKVOL_BENCH_N10,2022-05-03,265648.08,10
RANKVOL_BENCH_N10,2022-05-04,274696.44,10
RANKVOL_BENCH_N10,2022-05-05,267900.4,10
RANKVOL_BENCH_N10,2022-05-06,269203.57,9
RANKVOL_BENCH_N10,2022-05-09,251591.48,10
RANKVOL_BENCH_N10,2022-05-10,254140.33,10
RANKVOL_BENCH_N10,2022-05-11,253611.12,10
RANKVOL_BENCH_N10,2022-05-12,252063.71,10
RANKVOL_BENCH_N10,2022-05-13,262352.7,10
RANKVOL_BENCH_N10,2022-05-16,264777.95,10
RANKVOL_BENCH_N10,2022-05-17,272182.33,10
RANKVOL_BENCH_N10,2022-05-18,261212.67,10
RANKVOL_BENCH_N10,2022-05-19,254625.29,6
RANKVOL_BENCH_N10,2022-05-20,252563.56,8
RANKVOL_BENCH_N10,2022-05-23,258576.3,9
RANKVOL_BENCH_N10,2022-05-24,256108.85,10
RANKVOL_BENCH_N10,2022-05-25,258157.4,9
RANKVOL_BENCH_N10,2022-05-26,265206.02,10
RANKVOL_BENCH_N10,2022-05-27,270112.35,10
RANKVOL_BENCH_N10,2022-05-31,268456.14,10
RANKVOL_BENCH_N10,2022-06-01,265837.17,10
RANKVOL_BENCH_N10,2022-06-02,269424.61,7
RANKVOL_BENCH_N10,2022-06-03,264233.5,10
RANKVOL_BENCH_N10,2022-06-06,265812.56,9
RANKVOL_BENCH_N10,2022-06-07,267588.23,9
RANKVOL_BENCH_N10,2022-06-08,264381.92,10
RANKVOL_BENCH_N10,2022-06-09,256959.82,8
RANKVOL_BENCH_N10,2022-06-10,250527.3,8
RANKVOL_BENCH_N10,2022-06-13,239499.39,8
RANKVOL_BENCH_N10,2022-06-14,238675.37,8
RANKVOL_BENCH_N10,2022-06-15,244476.25,8
RANKVOL_BENCH_N10,2022-06-16,234330.79,8
RANKVOL_BENCH_N10,2022-06-17,238521.21,8
RANKVOL_BENCH_N10,2022-06-21,242573.98,8
RANKVOL_BENCH_N10,2022-06-22,243532.89,10
RANKVOL_BENCH_N10,2022-06-23,244187.43,10
RANKVOL_BENCH_N10,2022-06-24,256264.55,10
RANKVOL_BENCH_N10,2022-06-27,254400.6,10
RANKVOL_BENCH_N10,2022-06-28,248803.79,9
RANKVOL_BENCH_N10,2022-06-29,242750.94,9
RANKVOL_BENCH_N10,2022-06-30,238626.37,10
RANKVOL_BENCH_N10,2022-07-01,240867.67,10
RANKVOL_BENCH_N10,2022-07-05,245520.39,10
RANKVOL_BENCH_N10,2022-07-06,241676.77,10
RANKVOL_BENCH_N10,2022-07-07,247774.92,10
RANKVOL_BENCH_N10,2022-07-08,246887.6,10
RANKVOL_BENCH_N10,2022-07-11,239769.19,10
RANKVOL_BENCH_N10,2022-07-12,241508.47,9
RANKVOL_BENCH_N10,2022-07-13,241649.93,9
RANKVOL_BENCH_N10,2022-07-14,240448.13,10
RANKVOL_BENCH_N10,2022-07-15,247044.96,10
RANKVOL_BENCH_N10,2022-07-18,249532.83,10
RANKVOL_BENCH_N10,2022-07-19,257414.56,10
RANKVOL_BENCH_N10,2022-07-20,262972.77,10
RANKVOL_BENCH_N10,2022-07-21,262637.16,10
RANKVOL_BENCH_N10,2022-07-22,261386.52,10
RANKVOL_BENCH_N10,2022-07-25,262794.47,10
RANKVOL_BENCH_N10,2022-07-26,259686.87,10
RANKVOL_BENCH_N10,2022-07-27,268234.13,10
RANKVOL_BENCH_N10,2022-07-28,271349.31,10
RANKVOL_BENCH_N10,2022-07-29,273310.76,10
RANKVOL_BENCH_N10,2022-08-01,273338.12,10
RANKVOL_BENCH_N10,2022-08-02,270788.91,10
RANKVOL_BENCH_N10,2022-08-03,276430.62,9
RANKVOL_BENCH_N10,2022-08-04,275429.47,9
RANKVOL_BENCH_N10,2022-08-05,274324.59,8
RANKVOL_BENCH_N10,2022-08-08,276399.54,9
RANKVOL_BENCH_N10,2022-08-09,275412.25,10
RANKVOL_BENCH_N10,2022-08-10,282563.74,10
RANKVOL_BENCH_N10,2022-08-11,282757.33,10
RANKVOL_BENCH_N10,2022-08-12,287877.61,10
RANKVOL_BENCH_N10,2022-08-15,288347.83,10
RANKVOL_BENCH_N10,2022-08-16,292969.26,10
RANKVOL_BENCH_N10,2022-08-17,287916.2,9
RANKVOL_BENCH_N10,2022-08-18,287255.21,8
RANKVOL_BENCH_N10,2022-08-19,282660.6,10
RANKVOL_BENCH_N10,2022-08-22,278241.43,7
RANKVOL_BENCH_N10,2022-08-23,282117.93,7
RANKVOL_BENCH_N10,2022-08-24,284407.12,7
RANKVOL_BENCH_N10,2022-08-25,288041.67,7
RANKVOL_BENCH_N10,2022-08-26,280644.91,8
RANKVOL_BENCH_N10,2022-08-29,278793.87,7
RANKVOL_BENCH_N10,2022-08-30,275505.3,7
RANKVOL_BENCH_N10,2022-08-31,273416.16,7
RANKVOL_BENCH_N10,2022-09-01,274453.23,6
RANKVOL_BENCH_N10,2022-09-02,272364.24,7
RANKVOL_BENCH_N10,2022-09-06,272690.59,7
RANKVOL_BENCH_N10,2022-09-07,278466.45,7
RANKVOL_BENCH_N10,2022-09-08,282431.51,10
RANKVOL_BENCH_N10,2022-09-09,286963.11,10
RANKVOL_BENCH_N10,2022-09-12,290659.85,10
RANKVOL_BENCH_N10,2022-09-13,277913.7,10
RANKVOL_BENCH_N10,2022-09-14,279938.72,8
RANKVOL_BENCH_N10,2022-09-15,281105.04,10
RANKVOL_BENCH_N10,2022-09-16,276937.29,10
RANKVOL_BENCH_N10,2022-09-19,277506.27,9
RANKVOL_BENCH_N10,2022-09-20,273571.05,9
RANKVOL_BENCH_N10,2022-09-21,268390.3,9
RANKVOL_BENCH_N10,2022-09-22,263406.57,9
RANKVOL_BENCH_N10,2022-09-23,258720.78,10
RANKVOL_BENCH_N10,2022-09-26,254251.46,10
RANKVOL_BENCH_N10,2022-09-27,256921.98,10
RANKVOL_BENCH_N10,2022-09-28,263860.14,10
RANKVOL_BENCH_N10,2022-09-29,258954.52,10
RANKVOL_BENCH_N10,2022-09-30,255499.07,10
RANKVOL_BENCH_N10,2022-10-03,261192.96,10
RANKVOL_BENCH_N10,2022-10-04,272119.38,10
RANKVOL_BENCH_N10,2022-10-05,271635.51,10
RANKVOL_BENCH_N10,2022-10-06,271300.38,10
RANKVOL_BENCH_N10,2022-10-07,267557.88,10
RANKVOL_BENCH_N10,2022-10-10,263402.25,10
RANKVOL_BENCH_N10,2022-10-11,265337.18,10
RANKVOL_BENCH_N10,2022-10-12,265510.73,10
RANKVOL_BENCH_N10,2022-10-13,271762.21,10
RANKVOL_BENCH_N10,2022-10-14,266889.7,10
RANKVOL_BENCH_N10,2022-10-17,270671.94,10
RANKVOL_BENCH_N10,2022-10-18,273522.95,10
RANKVOL_BENCH_N10,2022-10-19,274038.07,10
RANKVOL_BENCH_N10,2022-10-20,272340.47,10
RANKVOL_BENCH_N10,2022-10-21,277842.52,10
RANKVOL_BENCH_N10,2022-10-24,280859.74,10
RANKVOL_BENCH_N10,2022-10-25,285154.68,10
RANKVOL_BENCH_N10,2022-10-26,286425.29,10
RANKVOL_BENCH_N10,2022-10-27,284400.55,10
RANKVOL_BENCH_N10,2022-10-28,289542.97,9
RANKVOL_BENCH_N10,2022-10-31,288031.88,10
RANKVOL_BENCH_N10,2022-11-01,288184.29,10
RANKVOL_BENCH_N10,2022-11-02,280784.1,10
RANKVOL_BENCH_N10,2022-11-03,276158.05,6
RANKVOL_BENCH_N10,2022-11-04,279421.4,6
RANKVOL_BENCH_N10,2022-11-07,282888.16,7
RANKVOL_BENCH_N10,2022-11-08,285637.24,8
RANKVOL_BENCH_N10,2022-11-09,277628.06,10
RANKVOL_BENCH_N10,2022-11-10,291165.31,8
RANKVOL_BENCH_N10,2022-11-11,295012.19,10
RANKVOL_BENCH_N10,2022-11-14,294202.07,10
RANKVOL_BENCH_N10,2022-11-15,298293.02,10
RANKVOL_BENCH_N10,2022-11-16,290142.97,10
RANKVOL_BENCH_N10,2022-11-17,288552.63,6
RANKVOL_BENCH_N10,2022-11-18,288697.85,6
RANKVOL_BENCH_N10,2022-11-21,287480.19,7
RANKVOL_BENCH_N10,2022-11-22,290148.07,6
RANKVOL_BENCH_N10,2022-11-23,290368.93,7
RANKVOL_BENCH_N10,2022-11-25,289984.21,9
RANKVOL_BENCH_N10,2022-11-28,285762.75,9
RANKVOL_BENCH_N10,2022-11-29,286182.45,9
RANKVOL_BENCH_N10,2022-11-30,290587.4,10
RANKVOL_BENCH_N10,2022-12-01,289962.76,10
RANKVOL_BENCH_N10,2022-12-02,288799.43,10
RANKVOL_BENCH_N10,2022-12-05,282785.97,10
RANKVOL_BENCH_N10,2022-12-06,281127.64,8
RANKVOL_BENCH_N10,2022-12-07,279517.94,8
RANKVOL_BENCH_N10,2022-12-08,279139.21,8
RANKVOL_BENCH_N10,2022-12-09,278440.67,8
RANKVOL_BENCH_N10,2022-12-12,282521.93,7
RANKVOL_BENCH_N10,2022-12-13,278197.34,10
RANKVOL_BENCH_N10,2022-12-14,278667.9,10
RANKVOL_BENCH_N10,2022-12-15,269656.12,10
RANKVOL_BENCH_N10,2022-12-16,267265.31,9
RANKVOL_BENCH_N10,2022-12-19,260846.84,9
RANKVOL_BENCH_N10,2022-12-20,260274.0,9
RANKVOL_BENCH_N10,2022-12-21,264382.76,10
RANKVOL_BENCH_N10,2022-12-22,257312.35,10
RANKVOL_BENCH_N10,2022-12-23,260183.93,10
RANKVOL_BENCH_N10,2022-12-27,258769.44,10
RANKVOL_BENCH_N10,2022-12-28,252973.32,10
RANKVOL_BENCH_N10,2022-12-29,260730.91,10
RANKVOL_BENCH_N10,2022-12-30,260825.67,10
RANKVOL_BENCH_N10,2023-01-03,259755.85,10
RANKVOL_BENCH_N10,2023-01-04,270007.81,10
RANKVOL_BENCH_N10,2023-01-05,271193.6,10
RANKVOL_BENCH_N10,2023-01-06,278497.32,10
RANKVOL_BENCH_N10,2023-01-09,282608.21,10
RANKVOL_BENCH_N10,2023-01-10,288190.74,10
RANKVOL_BENCH_N10,2023-01-11,290004.01,10
RANKVOL_BENCH_N10,2023-01-12,299670.99,10
RANKVOL_BENCH_N10,2023-01-13,300574.4,10
RANKVOL_BENCH_N10,2023-01-17,301823.59,10
RANKVOL_BENCH_N10,2023-01-18,294526.62,8
RANKVOL_BENCH_N10,2023-01-19,291688.24,8
RANKVOL_BENCH_N10,2023-01-20,297613.77,9
RANKVOL_BENCH_N10,2023-01-23,302251.18,9
RANKVOL_BENCH_N10,2023-01-24,299539.84,10
RANKVOL_BENCH_N10,2023-01-25,301996.93,9
RANKVOL_BENCH_N10,2023-01-26,307664.09,10
RANKVOL_BENCH_N10,2023-01-27,312055.91,10
RANKVOL_BENCH_N10,2023-01-30,304408.66,10
RANKVOL_BENCH_N10,2023-01-31,310121.95,10
RANKVOL_BENCH_N10,2023-02-01,312278.11,10
RANKVOL_BENCH_N10,2023-02-02,319018.3,10
RANKVOL_BENCH_N10,2023-02-03,316511.55,10
RANKVOL_BENCH_N10,2023-02-06,315356.07,10
RANKVOL_BENCH_N10,2023-02-07,317955.35,10
RANKVOL_BENCH_N10,2023-02-08,314109.43,10
RANKVOL_BENCH_N10,2023-02-09,312755.89,10
RANKVOL_BENCH_N10,2023-02-10,314520.63,10
RANKVOL_BENCH_N10,2023-02-13,313880.53,10
RANKVOL_BENCH_N10,2023-02-14,315374.52,10
RANKVOL_BENCH_N10,2023-02-15,315800.84,10
RANKVOL_BENCH_N10,2023-02-16,309957.27,10
RANKVOL_BENCH_N10,2023-02-17,307018.57,10
RANKVOL_BENCH_N10,2023-02-21,303977.34,10
RANKVOL_BENCH_N10,2023-02-22,304295.28,10
RANKVOL_BENCH_N10,2023-02-23,305319.41,10
RANKVOL_BENCH_N10,2023-02-24,305718.56,10
RANKVOL_BENCH_N10,2023-02-27,304097.03,10
RANKVOL_BENCH_N10,2023-02-28,302128.9,10
RANKVOL_BENCH_N10,2023-03-01,302504.7,10
RANKVOL_BENCH_N10,2023-03-02,303531.22,10
RANKVOL_BENCH_N10,2023-03-03,307809.58,10
RANKVOL_BENCH_N10,2023-03-06,305874.7,10
RANKVOL_BENCH_N10,2023-03-07,300805.53,10
RANKVOL_BENCH_N10,2023-03-08,301802.55,10
RANKVOL_BENCH_N10,2023-03-09,292921.19,10
RANKVOL_BENCH_N10,2023-03-10,285703.26,10
RANKVOL_BENCH_N10,2023-03-13,280315.47,10
RANKVOL_BENCH_N10,2023-03-14,283887.08,10
RANKVOL_BENCH_N10,2023-03-15,280638.75,10
RANKVOL_BENCH_N10,2023-03-16,283921.32,10
RANKVOL_BENCH_N10,2023-03-17,279646.17,10
RANKVOL_BENCH_N10,2023-03-20,282594.79,10
RANKVOL_BENCH_N10,2023-03-21,287852.34,10
RANKVOL_BENCH_N10,2023-03-22,281096.63,10
RANKVOL_BENCH_N10,2023-03-23,279089.51,10
RANKVOL_BENCH_N10,2023-03-24,280579.43,10
RANKVOL_BENCH_N10,2023-03-27,282664.63,10
RANKVOL_BENCH_N10,2023-03-28,283478.75,10
RANKVOL_BENCH_N10,2023-03-29,287495.39,10
RANKVOL_BENCH_N10,2023-03-30,287210.66,10
RANKVOL_BENCH_N10,2023-03-31,291198.97,10
RANKVOL_BENCH_N10,2023-04-03,292294.96,10
RANKVOL_BENCH_N10,2023-04-04,289246.14,10
RANKVOL_BENCH_N10,2023-04-05,287066.59,7
RANKVOL_BENCH_N10,2023-04-06,287350.81,8
RANKVOL_BENCH_N10,2023-04-10,290394.56,8
RANKVOL_BENCH_N10,2023-04-11,290923.4,8
RANKVOL_BENCH_N10,2023-04-12,286679.04,8
RANKVOL_BENCH_N10,2023-04-13,288153.67,7
RANKVOL_BENCH_N10,2023-04-14,286985.45,10
RANKVOL_BENCH_N10,2023-04-17,289850.48,10
RANKVOL_BENCH_N10,2023-04-18,290928.88,10
RANKVOL_BENCH_N10,2023-04-19,292210.48,10
RANKVOL_BENCH_N10,2023-04-20,290022.24,10
RANKVOL_BENCH_N10,2023-04-21,289433.56,10
RANKVOL_BENCH_N10,2023-04-24,287503.0,10
RANKVOL_BENCH_N10,2023-04-25,280627.97,9
RANKVOL_BENCH_N10,2023-04-26,279664.05,9
RANKVOL_BENCH_N10,2023-04-27,290693.54,10
RANKVOL_BENCH_N10,2023-04-28,296090.38,10
RANKVOL_BENCH_N10,2023-05-01,294543.95,10
RANKVOL_BENCH_N10,2023-05-02,288239.14,10
RANKVOL_BENCH_N10,2023-05-03,284732.35,10
RANKVOL_BENCH_N10,2023-05-04,281102.86,10
RANKVOL_BENCH_N10,2023-05-05,289433.12,10
RANKVOL_BENCH_N10,2023-05-08,288809.89,10
RANKVOL_BENCH_N10,2023-05-09,284020.21,10
RANKVOL_BENCH_N10,2023-05-10,283294.81,10
RANKVOL_BENCH_N10,2023-05-11,281227.37,10
RANKVOL_BENCH_N10,2023-05-12,281929.5,10
RANKVOL_BENCH_N10,2023-05-15,290527.37,10
RANKVOL_BENCH_N10,2023-05-16,288745.95,10
RANKVOL_BENCH_N10,2023-05-17,295281.37,10
RANKVOL_BENCH_N10,2023-05-18,300380.28,10
RANKVOL_BENCH_N10,2023-05-19,297601.7,10
RANKVOL_BENCH_N10,2023-05-22,298977.94,10
RANKVOL_BENCH_N10,2023-05-23,296353.9,10
RANKVOL_BENCH_N10,2023-05-24,292725.51,10
RANKVOL_BENCH_N10,2023-05-25,292358.51,10
RANKVOL_BENCH_N10,2023-05-26,297527.03,10
RANKVOL_BENCH_N10,2023-05-30,300221.05,10
RANKVOL_BENCH_N10,2023-05-31,294360.7,10
RANKVOL_BENCH_N10,2023-06-01,297484.91,10
RANKVOL_BENCH_N10,2023-06-02,303358.29,10
RANKVOL_BENCH_N10,2023-06-05,301052.01,10
RANKVOL_BENCH_N10,2023-06-06,304477.19,10
RANKVOL_BENCH_N10,2023-06-07,312744.35,10
RANKVOL_BENCH_N10,2023-06-08,314316.94,10
RANKVOL_BENCH_N10,2023-06-09,312841.59,9
RANKVOL_BENCH_N10,2023-06-12,313935.37,9
RANKVOL_BENCH_N10,2023-06-13,316020.69,10
RANKVOL_BENCH_N10,2023-06-14,315072.71,10
RANKVOL_BENCH_N10,2023-06-15,317440.62,10
RANKVOL_BENCH_N10,2023-06-16,317526.18,10
RANKVOL_BENCH_N10,2023-06-20,313472.34,10
RANKVOL_BENCH_N10,2023-06-21,311988.95,10
RANKVOL_BENCH_N10,2023-06-22,308729.95,8
RANKVOL_BENCH_N10,2023-06-23,306914.69,9
RANKVOL_BENCH_N10,2023-06-26,308862.25,9
RANKVOL_BENCH_N10,2023-06-27,311065.16,9
RANKVOL_BENCH_N10,2023-06-28,313016.92,10
RANKVOL_BENCH_N10,2023-06-29,315226.65,10
RANKVOL_BENCH_N10,2023-06-30,316692.74,10
RANKVOL_BENCH_N10,2023-07-03,318327.45,10
RANKVOL_BENCH_N10,2023-07-05,318148.6,10
RANKVOL_BENCH_N10,2023-07-06,314829.08,10
RANKVOL_BENCH_N10,2023-07-07,317474.32,9
RANKVOL_BENCH_N10,2023-07-10,317653.18,10
RANKVOL_BENCH_N10,2023-07-11,322344.88,10
RANKVOL_BENCH_N10,2023-07-12,325611.44,10
RANKVOL_BENCH_N10,2023-07-13,327979.87,10
RANKVOL_BENCH_N10,2023-07-14,323576.21,10
RANKVOL_BENCH_N10,2023-07-17,322132.51,10
RANKVOL_BENCH_N10,2023-07-18,326757.85,10
RANKVOL_BENCH_N10,2023-07-19,330231.52,10
RANKVOL_BENCH_N10,2023-07-20,329345.47,10
RANKVOL_BENCH_N10,2023-07-21,328998.07,10
RANKVOL_BENCH_N10,2023-07-24,328804.17,10
RANKVOL_BENCH_N10,2023-07-25,327484.27,10
RANKVOL_BENCH_N10,2023-07-26,327572.94,9
RANKVOL_BENCH_N10,2023-07-27,324227.52,9
RANKVOL_BENCH_N10,2023-07-28,327906.52,10
RANKVOL_BENCH_N10,2023-07-31,329026.57,10
RANKVOL_BENCH_N10,2023-08-01,327294.29,10
RANKVOL_BENCH_N10,2023-08-02,323089.46,10
RANKVOL_BENCH_N10,2023-08-03,322011.41,9
RANKVOL_BENCH_N10,2023-08-04,322529.46,10
RANKVOL_BENCH_N10,2023-08-07,326541.59,10
RANKVOL_BENCH_N10,2023-08-08,323997.91,10
RANKVOL_BENCH_N10,2023-08-09,320529.52,9
RANKVOL_BENCH_N10,2023-08-10,320348.54,8
RANKVOL_BENCH_N10,2023-08-11,319541.94,8
RANKVOL_BENCH_N10,2023-08-14,321505.2,10
RANKVOL_BENCH_N10,2023-08-15,319475.48,10
RANKVOL_BENCH_N10,2023-08-16,316539.65,10
RANKVOL_BENCH_N10,2023-08-17,314382.41,10
RANKVOL_BENCH_N10,2023-08-18,315533.05,10
RANKVOL_BENCH_N10,2023-08-21,316493.94,10
RANKVOL_BENCH_N10,2023-08-22,315192.88,10
RANKVOL_BENCH_N10,2023-08-23,319482.91,10
RANKVOL_BENCH_N10,2023-08-24,314382.7,10
RANKVOL_BENCH_N10,2023-08-25,316471.58,9
RANKVOL_BENCH_N10,2023-08-28,317295.4,10
RANKVOL_BENCH_N10,2023-08-29,323277.66,10
RANKVOL_BENCH_N10,2023-08-30,324128.92,10
RANKVOL_BENCH_N10,2023-08-31,322847.22,10
RANKVOL_BENCH_N10,2023-09-01,322883.24,10
RANKVOL_BENCH_N10,2023-09-05,322562.81,10
RANKVOL_BENCH_N10,2023-09-06,320687.76,10
RANKVOL_BENCH_N10,2023-09-07,320367.11,10
RANKVOL_BENCH_N10,2023-09-08,320832.99,10
RANKVOL_BENCH_N10,2023-09-11,323114.48,10
RANKVOL_BENCH_N10,2023-09-12,318080.68,10
RANKVOL_BENCH_N10,2023-09-13,319228.33,10
RANKVOL_BENCH_N10,2023-09-14,322696.5,9
RANKVOL_BENCH_N10,2023-09-15,318477.47,10
RANKVOL_BENCH_N10,2023-09-18,318175.68,10
RANKVOL_BENCH_N10,2023-09-19,317399.51,10
RANKVOL_BENCH_N10,2023-09-20,314615.04,10
RANKVOL_BENCH_N10,2023-09-21,310176.5,10
RANKVOL_BENCH_N10,2023-09-22,308767.91,10
RANKVOL_BENCH_N10,2023-09-25,308620.04,9
RANKVOL_BENCH_N10,2023-09-26,304691.36,9
RANKVOL_BENCH_N10,2023-09-27,305896.74,9
RANKVOL_BENCH_N10,2023-09-28,310492.53,10
RANKVOL_BENCH_N10,2023-09-29,307396.66,10
RANKVOL_BENCH_N10,2023-10-02,307912.93,10
RANKVOL_BENCH_N10,2023-10-03,301685.55,10
RANKVOL_BENCH_N10,2023-10-04,304063.62,10
RANKVOL_BENCH_N10,2023-10-05,304666.02,10
RANKVOL_BENCH_N10,2023-10-06,309162.64,10
RANKVOL_BENCH_N10,2023-10-09,312606.18,10
RANKVOL_BENCH_N10,2023-10-10,314191.87,10
RANKVOL_BENCH_N10,2023-10-11,314750.82,10
RANKVOL_BENCH_N10,2023-10-12,313506.05,10
RANKVOL_BENCH_N10,2023-10-13,311697.51,10
RANKVOL_BENCH_N10,2023-10-16,315530.99,10
RANKVOL_BENCH_N10,2023-10-17,316760.91,10
RANKVOL_BENCH_N10,2023-10-18,312305.94,10
RANKVOL_BENCH_N10,2023-10-19,310378.5,10
RANKVOL_BENCH_N10,2023-10-20,305815.2,10
RANKVOL_BENCH_N10,2023-10-23,306100.06,10
RANKVOL_BENCH_N10,2023-10-24,309038.74,9
RANKVOL_BENCH_N10,2023-10-25,299865.89,9
RANKVOL_BENCH_N10,2023-10-26,294409.52,9
RANKVOL_BENCH_N10,2023-10-27,296162.62,10
RANKVOL_BENCH_N10,2023-10-30,299344.95,10
RANKVOL_BENCH_N10,2023-10-31,302183.1,10
RANKVOL_BENCH_N10,2023-11-01,307978.75,10
RANKVOL_BENCH_N10,2023-11-02,311840.39,10
RANKVOL_BENCH_N10,2023-11-03,317014.36,10
RANKVOL_BENCH_N10,2023-11-06,317038.76,10
RANKVOL_BENCH_N10,2023-11-07,318328.74,10
RANKVOL_BENCH_N10,2023-11-08,319848.35,10
RANKVOL_BENCH_N10,2023-11-09,319651.5,10
RANKVOL_BENCH_N10,2023-11-10,323818.66,9
RANKVOL_BENCH_N10,2023-11-13,324542.65,10
RANKVOL_BENCH_N10,2023-11-14,330593.36,10
RANKVOL_BENCH_N10,2023-11-15,331992.5,10
RANKVOL_BENCH_N10,2023-11-16,334985.92,10
RANKVOL_BENCH_N10,2023-11-17,334272.32,10
RANKVOL_BENCH_N10,2023-11-20,335727.67,10
RANKVOL_BENCH_N10,2023-11-21,333678.59,10
RANKVOL_BENCH_N10,2023-11-22,336197.3,10
RANKVOL_BENCH_N10,2023-11-24,336377.33,10
RANKVOL_BENCH_N10,2023-11-27,334954.91,8
RANKVOL_BENCH_N10,2023-11-28,333696.99,5
RANKVOL_BENCH_N10,2023-11-29,332762.57,4
RANKVOL_BENCH_N10,2023-11-30,334053.68,5
RANKVOL_BENCH_N10,2023-12-01,335490.15,8
RANKVOL_BENCH_N10,2023-12-04,336783.09,9
RANKVOL_BENCH_N10,2023-12-05,334876.58,9
RANKVOL_BENCH_N10,2023-12-06,338193.67,10
RANKVOL_BENCH_N10,2023-12-07,339881.63,10
RANKVOL_BENCH_N10,2023-12-08,342926.73,10
RANKVOL_BENCH_N10,2023-12-11,344940.13,10
RANKVOL_BENCH_N10,2023-12-12,344115.14,10
RANKVOL_BENCH_N10,2023-12-13,352262.81,10
RANKVOL_BENCH_N10,2023-12-14,353012.47,10
RANKVOL_BENCH_N10,2023-12-15,351787.1,10
RANKVOL_BENCH_N10,2023-12-18,352270.19,8
RANKVOL_BENCH_N10,2023-12-19,356574.79,10
RANKVOL_BENCH_N10,2023-12-20,353647.56,10
RANKVOL_BENCH_N10,2023-12-21,358536.31,8
RANKVOL_BENCH_N10,2023-12-22,360200.18,10
RANKVOL_BENCH_N10,2023-12-26,362305.06,10
RANKVOL_BENCH_N10,2023-12-27,361589.79,10
RANKVOL_BENCH_N10,2023-12-28,361159.06,8
RANKVOL_BENCH_N10,2023-12-29,360242.28,7
RANKVOL_BENCH_N10,2024-01-02,365732.06,8
RANKVOL_BENCH_N10,2024-01-03,362617.44,10
RANKVOL_BENCH_N10,2024-01-04,358481.21,9
RANKVOL_BENCH_N10,2024-01-05,360480.54,9
RANKVOL_BENCH_N10,2024-01-08,360688.12,9
RANKVOL_BENCH_N10,2024-01-09,357493.84,10
RANKVOL_BENCH_N10,2024-01-10,358337.3,10
RANKVOL_BENCH_N10,2024-01-11,360182.65,10
RANKVOL_BENCH_N10,2024-01-12,354504.05,10
RANKVOL_BENCH_N10,2024-01-16,350148.45,10
RANKVOL_BENCH_N10,2024-01-17,348357.8,10
RANKVOL_BENCH_N10,2024-01-18,354447.31,10
RANKVOL_BENCH_N10,2024-01-19,356729.79,10
RANKVOL_BENCH_N10,2024-01-22,356193.44,10
RANKVOL_BENCH_N10,2024-01-23,361024.06,10
RANKVOL_BENCH_N10,2024-01-24,359043.42,10
RANKVOL_BENCH_N10,2024-01-25,367028.38,10
RANKVOL_BENCH_N10,2024-01-26,367873.46,10
RANKVOL_BENCH_N10,2024-01-29,369271.39,10
RANKVOL_BENCH_N10,2024-01-30,366968.05,10
RANKVOL_BENCH_N10,2024-01-31,360686.5,10
RANKVOL_BENCH_N10,2024-02-01,363712.78,9
RANKVOL_BENCH_N10,2024-02-02,361424.56,10
RANKVOL_BENCH_N10,2024-02-05,354744.59,10
RANKVOL_BENCH_N10,2024-02-06,357489.29,10
RANKVOL_BENCH_N10,2024-02-07,355737.48,10
RANKVOL_BENCH_N10,2024-02-08,356926.79,10
RANKVOL_BENCH_N10,2024-02-09,354781.25,10
RANKVOL_BENCH_N10,2024-02-12,359258.91,10
RANKVOL_BENCH_N10,2024-02-13,352664.82,10
RANKVOL_BENCH_N10,2024-02-14,354715.36,10
RANKVOL_BENCH_N10,2024-02-15,356524.29,10
RANKVOL_BENCH_N10,2024-02-16,352580.8,10
RANKVOL_BENCH_N10,2024-02-20,350757.14,10
RANKVOL_BENCH_N10,2024-02-21,351410.97,10
RANKVOL_BENCH_N10,2024-02-22,355620.11,10
RANKVOL_BENCH_N10,2024-02-23,348909.84,10
RANKVOL_BENCH_N10,2024-02-26,346915.46,10
RANKVOL_BENCH_N10,2024-02-27,349734.51,10
RANKVOL_BENCH_N10,2024-02-28,348840.4,10
RANKVOL_BENCH_N10,2024-02-29,351961.73,10
RANKVOL_BENCH_N10,2024-03-01,352320.35,10
RANKVOL_BENCH_N10,2024-03-04,347907.03,10
RANKVOL_BENCH_N10,2024-03-05,348731.64,10
RANKVOL_BENCH_N10,2024-03-06,353284.72,10
RANKVOL_BENCH_N10,2024-03-07,356087.75,10
RANKVOL_BENCH_N10,2024-03-08,355850.99,10
RANKVOL_BENCH_N10,2024-03-11,357669.82,10
RANKVOL_BENCH_N10,2024-03-12,356123.32,10
RANKVOL_BENCH_N10,2024-03-13,356850.24,10
RANKVOL_BENCH_N10,2024-03-14,353836.85,10
RANKVOL_BENCH_N10,2024-03-15,352090.07,10
RANKVOL_BENCH_N10,2024-03-18,353290.13,10
RANKVOL_BENCH_N10,2024-03-19,355254.36,10
RANKVOL_BENCH_N10,2024-03-20,364630.73,10
RANKVOL_BENCH_N10,2024-03-21,363053.52,10
RANKVOL_BENCH_N10,2024-03-22,360591.32,10
RANKVOL_BENCH_N10,2024-03-25,361579.61,9
RANKVOL_BENCH_N10,2024-03-26,359911.63,10
RANKVOL_BENCH_N10,2024-03-27,364205.37,10
RANKVOL_BENCH_N10,2024-03-28,365795.02,10
RANKVOL_BENCH_N10,2024-04-01,364352.7,10
RANKVOL_BENCH_N10,2024-04-02,360725.59,9
RANKVOL_BENCH_N10,2024-04-03,361100.06,9
RANKVOL_BENCH_N10,2024-04-04,355240.99,10
RANKVOL_BENCH_N10,2024-04-05,356641.08,9
RANKVOL_BENCH_N10,2024-04-08,356776.74,10
RANKVOL_BENCH_N10,2024-04-09,357731.5,10
RANKVOL_BENCH_N10,2024-04-10,353444.01,10
RANKVOL_BENCH_N10,2024-04-11,356466.68,10
RANKVOL_BENCH_N10,2024-04-12,352066.18,10
RANKVOL_BENCH_N10,2024-04-15,349293.39,10
RANKVOL_BENCH_N10,2024-04-16,348231.08,10
RANKVOL_BENCH_N10,2024-04-17,347438.51,10
RANKVOL_BENCH_N10,2024-04-18,346863.84,10
RANKVOL_BENCH_N10,2024-04-19,346972.17,10
RANKVOL_BENCH_N10,2024-04-22,349377.13,10
RANKVOL_BENCH_N10,2024-04-23,350386.54,10
RANKVOL_BENCH_N10,2024-04-24,352057.25,10
RANKVOL_BENCH_N10,2024-04-25,352779.19,10
RANKVOL_BENCH_N10,2024-04-26,354399.66,10
RANKVOL_BENCH_N10,2024-04-29,357168.79,10
RANKVOL_BENCH_N10,2024-04-30,349729.17,10
RANKVOL_BENCH_N10,2024-05-01,344320.12,10
RANKVOL_BENCH_N10,2024-05-02,348243.58,10
RANKVOL_BENCH_N10,2024-05-03,351872.15,10
RANKVOL_BENCH_N10,2024-05-06,352805.05,10
RANKVOL_BENCH_N10,2024-05-07,352282.8,10
RANKVOL_BENCH_N10,2024-05-08,354581.73,10
RANKVOL_BENCH_N10,2024-05-09,354824.81,10
RANKVOL_BENCH_N10,2024-05-10,355520.74,10
RANKVOL_BENCH_N10,2024-05-13,358006.56,10
RANKVOL_BENCH_N10,2024-05-14,358916.4,10
RANKVOL_BENCH_N10,2024-05-15,359456.82,10
RANKVOL_BENCH_N10,2024-05-16,362193.3,10
RANKVOL_BENCH_N10,2024-05-17,362918.91,10
RANKVOL_BENCH_N10,2024-05-20,362807.41,10
RANKVOL_BENCH_N10,2024-05-21,361670.44,10
RANKVOL_BENCH_N10,2024-05-22,359549.03,10
RANKVOL_BENCH_N10,2024-05-23,350875.43,10
RANKVOL_BENCH_N10,2024-05-24,353529.25,9
RANKVOL_BENCH_N10,2024-05-28,353566.83,9
RANKVOL_BENCH_N10,2024-05-29,350370.91,9
RANKVOL_BENCH_N10,2024-05-30,354366.84,9
RANKVOL_BENCH_N10,2024-05-31,361473.27,10
RANKVOL_BENCH_N10,2024-06-03,362619.14,10
RANKVOL_BENCH_N10,2024-06-04,363997.25,10
RANKVOL_BENCH_N10,2024-06-05,365329.36,10
RANKVOL_BENCH_N10,2024-06-06,364756.15,10
RANKVOL_BENCH_N10,2024-06-07,362792.8,10
RANKVOL_BENCH_N10,2024-06-10,365083.6,10
RANKVOL_BENCH_N10,2024-06-11,363271.52,10
RANKVOL_BENCH_N10,2024-06-12,362285.2,10
RANKVOL_BENCH_N10,2024-06-13,361603.22,10
RANKVOL_BENCH_N10,2024-06-14,358729.22,10
RANKVOL_BENCH_N10,2024-06-17,363331.98,10
RANKVOL_BENCH_N10,2024-06-18,361084.69,10
RANKVOL_BENCH_N10,2024-06-20,362308.13,10
RANKVOL_BENCH_N10,2024-06-21,362034.37,10
RANKVOL_BENCH_N10,2024-06-24,364806.01,10
RANKVOL_BENCH_N10,2024-06-25,363628.52,10
RANKVOL_BENCH_N10,2024-06-26,366276.61,10
RANKVOL_BENCH_N10,2024-06-27,369836.1,10
RANKVOL_BENCH_N10,2024-06-28,372377.3,10
RANKVOL_BENCH_N10,2024-07-01,373245.68,10
RANKVOL_BENCH_N10,2024-07-02,377313.5,10
RANKVOL_BENCH_N10,2024-07-03,380579.88,10
RANKVOL_BENCH_N10,2024-07-05,381060.86,10
RANKVOL_BENCH_N10,2024-07-08,380657.73,8
RANKVOL_BENCH_N10,2024-07-09,382265.09,7
RANKVOL_BENCH_N10,2024-07-10,383425.54,8
RANKVOL_BENCH_N10,2024-07-11,382902.76,10
RANKVOL_BENCH_N10,2024-07-12,386416.05,10
RANKVOL_BENCH_N10,2024-07-15,383100.53,10
RANKVOL_BENCH_N10,2024-07-16,393110.14,10
RANKVOL_BENCH_N10,2024-07-17,396451.34,10
RANKVOL_BENCH_N10,2024-07-18,396122.73,10
RANKVOL_BENCH_N10,2024-07-19,393161.0,9
RANKVOL_BENCH_N10,2024-07-22,392630.27,7
RANKVOL_BENCH_N10,2024-07-23,391717.41,9
RANKVOL_BENCH_N10,2024-07-24,386469.48,8
RANKVOL_BENCH_N10,2024-07-25,382862.12,7
RANKVOL_BENCH_N10,2024-07-26,397163.31,8
RANKVOL_BENCH_N10,2024-07-29,397500.28,9
RANKVOL_BENCH_N10,2024-07-30,400789.63,10
RANKVOL_BENCH_N10,2024-07-31,405188.51,10
RANKVOL_BENCH_N10,2024-08-01,399992.68,10
RANKVOL_BENCH_N10,2024-08-02,392326.65,10
RANKVOL_BENCH_N10,2024-08-05,384150.25,10
RANKVOL_BENCH_N10,2024-08-06,383775.54,9
RANKVOL_BENCH_N10,2024-08-07,382157.68,10
RANKVOL_BENCH_N10,2024-08-08,384857.98,10
RANKVOL_BENCH_N10,2024-08-09,385422.59,10
RANKVOL_BENCH_N10,2024-08-12,384473.14,10
RANKVOL_BENCH_N10,2024-08-13,399394.5,10
RANKVOL_BENCH_N10,2024-08-14,399273.0,10
RANKVOL_BENCH_N10,2024-08-15,404296.76,10
RANKVOL_BENCH_N10,2024-08-16,405520.79,10
RANKVOL_BENCH_N10,2024-08-19,407520.02,10
RANKVOL_BENCH_N10,2024-08-20,405865.61,10
RANKVOL_BENCH_N10,2024-08-21,407386.68,10
RANKVOL_BENCH_N10,2024-08-22,401329.68,10
RANKVOL_BENCH_N10,2024-08-23,409300.7,10
RANKVOL_BENCH_N10,2024-08-26,409576.48,10
RANKVOL_BENCH_N10,2024-08-27,410281.18,10
RANKVOL_BENCH_N10,2024-08-28,405634.28,9
RANKVOL_BENCH_N10,2024-08-29,406292.41,9
RANKVOL_BENCH_N10,2024-08-30,409483.67,10
RANKVOL_BENCH_N10,2024-09-03,402629.99,10
RANKVOL_BENCH_N10,2024-09-04,404213.64,10
RANKVOL_BENCH_N10,2024-09-05,406174.1,10
RANKVOL_BENCH_N10,2024-09-06,399047.7,10
RANKVOL_BENCH_N10,2024-09-09,403984.28,9
RANKVOL_BENCH_N10,2024-09-10,404485.62,10
RANKVOL_BENCH_N10,2024-09-11,405380.37,10
RANKVOL_BENCH_N10,2024-09-12,407833.54,10
RANKVOL_BENCH_N10,2024-09-13,408571.49,10
RANKVOL_BENCH_N10,2024-09-16,411840.86,10
RANKVOL_BENCH_N10,2024-09-17,411518.16,10
RANKVOL_BENCH_N10,2024-09-18,412294.84,10
RANKVOL_BENCH_N10,2024-09-19,417084.37,10
RANKVOL_BENCH_N10,2024-09-20,412825.08,10
RANKVOL_BENCH_N10,2024-09-23,414986.39,10
RANKVOL_BENCH_N10,2024-09-24,416283.33,10
RANKVOL_BENCH_N10,2024-09-25,412654.72,10
RANKVOL_BENCH_N10,2024-09-26,423091.93,10
RANKVOL_BENCH_N10,2024-09-27,424661.08,10
RANKVOL_BENCH_N10,2024-09-30,421706.61,10
RANKVOL_BENCH_N10,2024-10-01,421911.23,10
RANKVOL_BENCH_N10,2024-10-02,418909.03,8
RANKVOL_BENCH_N10,2024-10-03,417510.92,8
RANKVOL_BENCH_N10,2024-10-04,419950.47,8
RANKVOL_BENCH_N10,2024-10-07,416967.2,10
RANKVOL_BENCH_N10,2024-10-08,414939.67,10
RANKVOL_BENCH_N10,2024-10-09,417474.94,10
RANKVOL_BENCH_N10,2024-10-10,416369.59,10
RANKVOL_BENCH_N10,2024-10-11,420598.93,10
RANKVOL_BENCH_N10,2024-10-14,421206.71,10
RANKVOL_BENCH_N10,2024-10-15,421025.45,10
RANKVOL_BENCH_N10,2024-10-16,424287.09,10
RANKVOL_BENCH_N10,2024-10-17,421208.62,10
RANKVOL_BENCH_N10,2024-10-18,425363.02,10
RANKVOL_BENCH_N10,2024-10-21,421803.64,10
RANKVOL_BENCH_N10,2024-10-22,423315.65,10
RANKVOL_BENCH_N10,2024-10-23,419139.52,10
RANKVOL_BENCH_N10,2024-10-24,419067.62,10
RANKVOL_BENCH_N10,2024-10-25,418010.28,10
RANKVOL_BENCH_N10,2024-10-28,421031.66,10
RANKVOL_BENCH_N10,2024-10-29,417553.91,10
RANKVOL_BENCH_N10,2024-10-30,417623.64,10
RANKVOL_BENCH_N10,2024-10-31,412663.13,10
RANKVOL_BENCH_N10,2024-11-01,415968.02,10
RANKVOL_BENCH_N10,2024-11-04,415405.31,10
RANKVOL_BENCH_N10,2024-11-05,418734.92,10
RANKVOL_BENCH_N10,2024-11-06,422316.13,10
RANKVOL_BENCH_N10,2024-11-07,430277.35,10
RANKVOL_BENCH_N10,2024-11-08,429343.87,10
RANKVOL_BENCH_N10,2024-11-11,429104.53,10
RANKVOL_BENCH_N10,2024-11-12,425304.65,10
RANKVOL_BENCH_N10,2024-11-13,425460.8,10
RANKVOL_BENCH_N10,2024-11-14,421554.45,10
RANKVOL_BENCH_N10,2024-11-15,415811.98,10
RANKVOL_BENCH_N10,2024-11-18,419218.16,10
RANKVOL_BENCH_N10,2024-11-19,418442.95,10
RANKVOL_BENCH_N10,2024-11-20,419179.87,10
RANKVOL_BENCH_N10,2024-11-21,422556.92,10
RANKVOL_BENCH_N10,2024-11-22,427470.42,10
RANKVOL_BENCH_N10,2024-11-25,432770.05,10
RANKVOL_BENCH_N10,2024-11-26,428109.05,10
RANKVOL_BENCH_N10,2024-11-27,428628.16,10
RANKVOL_BENCH_N10,2024-11-29,430357.75,10
RANKVOL_BENCH_N10,2024-12-02,432305.66,10
RANKVOL_BENCH_N10,2024-12-03,430574.0,10
RANKVOL_BENCH_N10,2024-12-04,428077.01,10
RANKVOL_BENCH_N10,2024-12-05,426062.17,10
RANKVOL_BENCH_N10,2024-12-06,427343.11,10
RANKVOL_BENCH_N10,2024-12-09,427351.84,10
RANKVOL_BENCH_N10,2024-12-10,425092.91,10
RANKVOL_BENCH_N10,2024-12-11,427569.79,9
RANKVOL_BENCH_N10,2024-12-12,428219.62,10
RANKVOL_BENCH_N10,2024-12-13,422380.17,10
RANKVOL_BENCH_N10,2024-12-16,419084.17,10
RANKVOL_BENCH_N10,2024-12-17,419598.1,10
RANKVOL_BENCH_N10,2024-12-18,410579.01,10
RANKVOL_BENCH_N10,2024-12-19,410445.29,9
RANKVOL_BENCH_N10,2024-12-20,415065.0,9
RANKVOL_BENCH_N10,2024-12-23,415708.5,10
RANKVOL_BENCH_N10,2024-12-24,417754.02,10
RANKVOL_BENCH_N10,2024-12-26,417312.47,10
RANKVOL_BENCH_N10,2024-12-27,414541.58,10
RANKVOL_BENCH_N10,2024-12-30,410272.79,10
RANKVOL_BENCH_N10,2024-12-31,411620.45,10
RANKVOL_BENCH_N10,2025-01-02,412318.67,10
RANKVOL_BENCH_N10,2025-01-03,414591.56,10
RANKVOL_BENCH_N10,2025-01-06,415641.24,10
RANKVOL_BENCH_N10,2025-01-07,412178.86,10
RANKVOL_BENCH_N10,2025-01-08,410861.6,10
RANKVOL_BENCH_N10,2025-01-10,420453.46,10
RANKVOL_BENCH_N10,2025-01-13,424031.42,10
RANKVOL_BENCH_N10,2025-01-14,427759.27,10
RANKVOL_BENCH_N10,2025-01-15,431659.37,10
RANKVOL_BENCH_N10,2025-01-16,432303.58,10
RANKVOL_BENCH_N10,2025-01-17,433610.77,10
RANKVOL_BENCH_N10,2025-01-21,431155.51,10
RANKVOL_BENCH_N10,2025-01-22,429303.42,10
RANKVOL_BENCH_N10,2025-01-23,433508.66,10
RANKVOL_BENCH_N10,2025-01-24,432845.24,10
RANKVOL_BENCH_N10,2025-01-27,428660.21,10
RANKVOL_BENCH_N10,2025-01-28,428903.62,10
RANKVOL_BENCH_N10,2025-01-29,431576.74,10
RANKVOL_BENCH_N10,2025-01-30,433850.42,10
RANKVOL_BENCH_N10,2025-01-31,430022.71,10
RANKVOL_BENCH_N10,2025-02-03,422703.93,10
RANKVOL_BENCH_N10,2025-02-04,427006.83,9
RANKVOL_BENCH_N10,2025-02-05,430648.09,10
RANKVOL_BENCH_N10,2025-02-06,428576.74,10
RANKVOL_BENCH_N10,2025-02-07,427762.11,10
RANKVOL_BENCH_N10,2025-02-10,437909.22,10
RANKVOL_BENCH_N10,2025-02-11,433054.79,10
RANKVOL_BENCH_N10,2025-02-12,437925.32,10
RANKVOL_BENCH_N10,2025-02-13,446666.74,10
RANKVOL_BENCH_N10,2025-02-14,447582.99,10
RANKVOL_BENCH_N10,2025-02-18,459064.74,10
RANKVOL_BENCH_N10,2025-02-19,458345.71,10
RANKVOL_BENCH_N10,2025-02-20,461137.82,10
RANKVOL_BENCH_N10,2025-02-21,456268.35,10
RANKVOL_BENCH_N10,2025-02-24,457367.82,10
RANKVOL_BENCH_N10,2025-02-25,457494.32,10
RANKVOL_BENCH_N10,2025-02-26,453330.11,10
RANKVOL_BENCH_N10,2025-02-27,453227.81,10
RANKVOL_BENCH_N10,2025-02-28,459955.72,10
RANKVOL_BENCH_N10,2025-03-03,455656.21,10
RANKVOL_BENCH_N10,2025-03-04,449276.48,10
RANKVOL_BENCH_N10,2025-03-05,452578.45,10
RANKVOL_BENCH_N10,2025-03-06,452327.03,10
RANKVOL_BENCH_N10,2025-03-07,460343.22,10
RANKVOL_BENCH_N10,2025-03-10,460881.27,10
RANKVOL_BENCH_N10,2025-03-11,455757.8,10
RANKVOL_BENCH_N10,2025-03-12,452613.57,10
RANKVOL_BENCH_N10,2025-03-13,451732.67,9
RANKVOL_BENCH_N10,2025-03-14,462693.66,10
RANKVOL_BENCH_N10,2025-03-17,470901.06,10
RANKVOL_BENCH_N10,2025-03-18,470813.05,10
RANKVOL_BENCH_N10,2025-03-19,471980.8,10
RANKVOL_BENCH_N10,2025-03-20,471590.59,10
RANKVOL_BENCH_N10,2025-03-21,468715.01,10
RANKVOL_BENCH_N10,2025-03-24,474152.38,10
RANKVOL_BENCH_N10,2025-03-25,473693.22,10
RANKVOL_BENCH_N10,2025-03-26,469499.43,10
RANKVOL_BENCH_N10,2025-03-27,462708.73,10
RANKVOL_BENCH_N10,2025-03-28,457415.47,10
RANKVOL_BENCH_N10,2025-03-31,459195.67,10
RANKVOL_BENCH_N10,2025-04-01,453860.53,10
RANKVOL_BENCH_N10,2025-04-02,454467.62,10
RANKVOL_BENCH_N10,2025-04-03,431394.86,10
RANKVOL_BENCH_N10,2025-04-04,400423.19,10
RANKVOL_BENCH_N10,2025-04-07,396593.21,10
RANKVOL_BENCH_N10,2025-04-08,383691.72,10
RANKVOL_BENCH_N10,2025-04-09,418267.47,10
RANKVOL_BENCH_N10,2025-04-10,394986.77,10
RANKVOL_BENCH_N10,2025-04-11,399719.6,10
RANKVOL_BENCH_N10,2025-04-14,404163.46,10
RANKVOL_BENCH_N10,2025-04-15,403370.37,10
RANKVOL_BENCH_N10,2025-04-16,397702.46,10
RANKVOL_BENCH_N10,2025-04-17,401466.2,10
RANKVOL_BENCH_N10,2025-04-21,395212.05,10
RANKVOL_BENCH_N10,2025-04-22,403764.22,10
RANKVOL_BENCH_N10,2025-04-23,407587.5,10
RANKVOL_BENCH_N10,2025-04-24,417189.62,10
RANKVOL_BENCH_N10,2025-04-25,412244.65,10
RANKVOL_BENCH_N10,2025-04-28,412768.26,10
RANKVOL_BENCH_N10,2025-04-29,415132.43,10
RANKVOL_BENCH_N10,2025-04-30,415476.73,10
RANKVOL_BENCH_N10,2025-05-01,416013.21,10
RANKVOL_BENCH_N10,2025-05-02,423766.6,10
RANKVOL_BENCH_N10,2025-05-05,419294.96,10
RANKVOL_BENCH_N10,2025-05-06,417783.17,9
RANKVOL_BENCH_N10,2025-05-07,422073.92,7
RANKVOL_BENCH_N10,2025-05-08,426228.21,6
RANKVOL_BENCH_N10,2025-05-09,429579.65,8
RANKVOL_BENCH_N10,2025-05-12,439866.42,9
RANKVOL_BENCH_N10,2025-05-13,450536.15,10
RANKVOL_BENCH_N10,2025-05-14,446325.24,9
RANKVOL_BENCH_N10,2025-05-15,448141.99,10
RANKVOL_BENCH_N10,2025-05-16,449299.81,10
RANKVOL_BENCH_N10,2025-05-19,443534.13,10
RANKVOL_BENCH_N10,2025-05-20,442236.98,10
RANKVOL_BENCH_N10,2025-05-21,434609.49,10
RANKVOL_BENCH_N10,2025-05-22,431839.76,8
RANKVOL_BENCH_N10,2025-05-23,430544.28,8
RANKVOL_BENCH_N10,2025-05-27,435272.6,10
RANKVOL_BENCH_N10,2025-05-28,432117.18,10
RANKVOL_BENCH_N10,2025-05-29,432643.03,10
RANKVOL_BENCH_N10,2025-05-30,430874.53,10
RANKVOL_BENCH_N10,2025-06-02,435940.22,10
RANKVOL_BENCH_N10,2025-06-03,437564.58,10
RANKVOL_BENCH_N10,2025-06-04,435529.6,10
RANKVOL_BENCH_N10,2025-06-05,434495.12,10
RANKVOL_BENCH_N10,2025-06-06,437172.64,10
RANKVOL_BENCH_N10,2025-06-09,440815.5,10
RANKVOL_BENCH_N10,2025-06-10,448222.49,10
RANKVOL_BENCH_N10,2025-06-11,445130.68,10
RANKVOL_BENCH_N10,2025-06-12,446829.9,10
RANKVOL_BENCH_N10,2025-06-13,446424.42,10
RANKVOL_BENCH_N10,2025-06-16,447946.01,10
RANKVOL_BENCH_N10,2025-06-17,444826.36,10
RANKVOL_BENCH_N10,2025-06-18,447383.52,10
RANKVOL_BENCH_N10,2025-06-20,450706.51,10
RANKVOL_BENCH_N10,2025-06-23,448524.31,10
RANKVOL_BENCH_N10,2025-06-24,453673.29,10
RANKVOL_BENCH_N10,2025-06-25,453609.66,10
RANKVOL_BENCH_N10,2025-06-26,459419.22,10
RANKVOL_BENCH_N10,2025-06-27,461148.91,10
RANKVOL_BENCH_N10,2025-06-30,463954.98,10
RANKVOL_BENCH_N10,2025-07-01,469142.19,10
RANKVOL_BENCH_N10,2025-07-02,475754.02,10
RANKVOL_BENCH_N10,2025-07-03,479265.73,10
RANKVOL_BENCH_N10,2025-07-07,472542.73,10
RANKVOL_BENCH_N10,2025-07-08,475771.46,8
RANKVOL_BENCH_N10,2025-07-09,487157.49,10
RANKVOL_BENCH_N10,2025-07-10,484519.12,10
RANKVOL_BENCH_N10,2025-07-11,480890.26,10
RANKVOL_BENCH_N10,2025-07-14,478906.38,9
RANKVOL_BENCH_N10,2025-07-15,480311.64,10
RANKVOL_BENCH_N10,2025-07-16,482318.75,10
RANKVOL_BENCH_N10,2025-07-17,484794.73,10
RANKVOL_BENCH_N10,2025-07-18,485027.1,10
RANKVOL_BENCH_N10,2025-07-21,483132.96,10
RANKVOL_BENCH_N10,2025-07-22,485214.36,10
RANKVOL_BENCH_N10,2025-07-23,489983.0,10
RANKVOL_BENCH_N10,2025-07-24,489988.8,10
RANKVOL_BENCH_N10,2025-07-25,486263.09,10
RANKVOL_BENCH_N10,2025-07-28,487485.34,10
RANKVOL_BENCH_N10,2025-07-29,483120.46,10
RANKVOL_BENCH_N10,2025-07-30,483516.51,10
RANKVOL_BENCH_N10,2025-07-31,483434.02,10
RANKVOL_BENCH_N10,2025-08-01,473908.45,10
RANKVOL_BENCH_N10,2025-08-04,478954.41,9
RANKVOL_BENCH_N10,2025-08-05,481804.99,10
RANKVOL_BENCH_N10,2025-08-06,472621.33,10
RANKVOL_BENCH_N10,2025-08-07,471359.15,10
RANKVOL_BENCH_N10,2025-08-08,473673.31,10
RANKVOL_BENCH_N10,2025-08-11,471765.1,10
RANKVOL_BENCH_N10,2025-08-12,478193.81,10
RANKVOL_BENCH_N10,2025-08-13,481914.67,10
RANKVOL_BENCH_N10,2025-08-14,483081.15,10
RANKVOL_BENCH_N10,2025-08-15,488058.21,10
RANKVOL_BENCH_N10,2025-08-18,485940.31,10
RANKVOL_BENCH_N10,2025-08-19,488405.44,10
RANKVOL_BENCH_N10,2025-08-20,483086.69,10
RANKVOL_BENCH_N10,2025-08-21,483918.1,10
RANKVOL_BENCH_N10,2025-08-22,491664.34,10
RANKVOL_BENCH_N10,2025-08-25,490424.52,10
RANKVOL_BENCH_N10,2025-08-26,490631.71,9
RANKVOL_BENCH_N10,2025-08-27,492946.79,9
RANKVOL_BENCH_N10,2025-08-28,493252.28,10
RANKVOL_BENCH_N10,2025-08-29,486337.72,10
RANKVOL_BENCH_N10,2025-09-02,484024.59,9
RANKVOL_BENCH_N10,2025-09-03,482757.41,10
RANKVOL_BENCH_N10,2025-09-04,483843.17,10
RANKVOL_BENCH_N10,2025-09-05,488016.79,10
RANKVOL_BENCH_N10,2025-09-08,489978.95,10
RANKVOL_BENCH_N10,2025-09-09,492661.14,10
RANKVOL_BENCH_N10,2025-09-10,498867.98,10
RANKVOL_BENCH_N10,2025-09-11,516475.17,10
RANKVOL_BENCH_N10,2025-09-12,530366.29,10
RANKVOL_BENCH_N10,2025-09-15,534399.99,10
RANKVOL_BENCH_N10,2025-09-16,530955.07,10
RANKVOL_BENCH_N10,2025-09-17,527684.0,10
RANKVOL_BENCH_N10,2025-09-18,530270.29,10
RANKVOL_BENCH_N10,2025-09-19,531985.22,10
RANKVOL_BENCH_N10,2025-09-22,534238.76,10
RANKVOL_BENCH_N10,2025-09-23,532822.45,10
RANKVOL_BENCH_N10,2025-09-24,536825.97,10
RANKVOL_BENCH_N10,2025-09-25,532009.04,10
RANKVOL_BENCH_N10,2025-09-26,534466.3,10
RANKVOL_BENCH_N10,2025-09-29,537788.4,10
RANKVOL_BENCH_N10,2025-09-30,538423.21,10
RANKVOL_BENCH_N10,2025-10-01,543769.09,10
RANKVOL_BENCH_N10,2025-10-02,542058.5,10
RANKVOL_BENCH_N10,2025-10-03,545222.31,10
RANKVOL_BENCH_N10,2025-10-06,549515.5,10
RANKVOL_BENCH_N10,2025-10-07,551728.51,10
RANKVOL_BENCH_N10,2025-10-08,555619.73,10
RANKVOL_BENCH_N10,2025-10-09,552461.68,10
RANKVOL_BENCH_N10,2025-10-10,531258.98,10
RANKVOL_BENCH_N10,2025-10-13,540234.82,10
RANKVOL_BENCH_N10,2025-10-14,540746.87,10
RANKVOL_BENCH_N10,2025-10-15,542296.46,10
RANKVOL_BENCH_N10,2025-10-16,540816.9,10
RANKVOL_BENCH_N10,2025-10-17,540044.78,10
RANKVOL_BENCH_N10,2025-10-20,550247.35,10
RANKVOL_BENCH_N10,2025-10-21,553953.73,10
RANKVOL_BENCH_N10,2025-10-22,545558.82,10
RANKVOL_BENCH_N10,2025-10-23,539402.76,10
RANKVOL_BENCH_N10,2025-10-24,545539.78,10
RANKVOL_BENCH_N10,2025-10-27,554280.49,10
RANKVOL_BENCH_N10,2025-10-28,551335.97,10
RANKVOL_BENCH_N10,2025-10-29,558396.33,10
RANKVOL_BENCH_N10,2025-10-30,555134.05,10
RANKVOL_BENCH_N10,2025-10-31,564961.21,10
RANKVOL_BENCH_N10,2025-11-03,568986.12,10
RANKVOL_BENCH_N10,2025-11-04,554344.5,9
RANKVOL_BENCH_N10,2025-11-05,556475.65,9
RANKVOL_BENCH_N10,2025-11-06,548442.94,10
RANKVOL_BENCH_N10,2025-11-07,551618.9,10
RANKVOL_BENCH_N10,2025-11-10,551889.9,10
RANKVOL_BENCH_N10,2025-11-11,552592.26,10
RANKVOL_BENCH_N10,2025-11-12,554223.43,10
RANKVOL_BENCH_N10,2025-11-13,542264.77,10
RANKVOL_BENCH_N10,2025-11-14,540333.55,10
RANKVOL_BENCH_N10,2025-11-17,530023.98,10
RANKVOL_BENCH_N10,2025-11-18,530283.24,8
RANKVOL_BENCH_N10,2025-11-19,526120.85,10
RANKVOL_BENCH_N10,2025-11-20,516256.16,10
RANKVOL_BENCH_N10,2025-11-21,525431.42,10
RANKVOL_BENCH_N10,2025-11-24,532750.63,10
RANKVOL_BENCH_N10,2025-11-25,536953.67,10
RANKVOL_BENCH_N10,2025-11-26,547347.08,10
RANKVOL_BENCH_N10,2025-11-28,549975.98,10
RANKVOL_BENCH_N10,2025-12-01,544710.81,10
RANKVOL_BENCH_N10,2025-12-02,544474.36,10
RANKVOL_BENCH_N10,2025-12-03,553478.91,10
RANKVOL_BENCH_N10,2025-12-04,557641.77,10
RANKVOL_BENCH_N10,2025-12-05,554617.84,10
RANKVOL_BENCH_N10,2025-12-08,553365.76,10
RANKVOL_BENCH_N10,2025-12-09,552639.1,10
RANKVOL_BENCH_N10,2025-12-10,562086.63,10
RANKVOL_BENCH_N10,2025-12-11,561578.69,10
RANKVOL_BENCH_N10,2025-12-12,558263.57,10
RANKVOL_BENCH_N10,2025-12-15,555371.29,9
RANKVOL_BENCH_N10,2025-12-16,552585.7,8
RANKVOL_BENCH_N10,2025-12-17,548844.37,8
RANKVOL_BENCH_N10,2025-12-18,549073.74,9
RANKVOL_BENCH_N10,2025-12-19,544186.52,10
RANKVOL_BENCH_N10,2025-12-22,547732.3,10
RANKVOL_BENCH_N10,2025-12-23,546174.83,10
RANKVOL_BENCH_N10,2025-12-24,551155.68,10
RANKVOL_BENCH_N10,2025-12-26,552717.21,10
RANKVOL_BENCH_N10,2025-12-29,553742.87,10
RANKVOL_BENCH_N10,2025-12-30,553406.81,10
RANKVOL_BENCH_N10,2025-12-31,552887.57,10
ADDS_BENCH_N10,2016-01-04,100000.0,0
ADDS_BENCH_N10,2016-01-05,100000.0,0
ADDS_BENCH_N10,2016-01-06,100000.0,0
ADDS_BENCH_N10,2016-01-07,100000.0,0
ADDS_BENCH_N10,2016-01-08,100000.0,0
ADDS_BENCH_N10,2016-01-11,100000.0,0
ADDS_BENCH_N10,2016-01-12,100000.0,0
ADDS_BENCH_N10,2016-01-13,100000.0,0
ADDS_BENCH_N10,2016-01-14,100000.0,0
ADDS_BENCH_N10,2016-01-15,100000.0,0
ADDS_BENCH_N10,2016-01-19,100000.0,0
ADDS_BENCH_N10,2016-01-20,100000.0,0
ADDS_BENCH_N10,2016-01-21,100000.0,0
ADDS_BENCH_N10,2016-01-22,100000.0,0
ADDS_BENCH_N10,2016-01-25,100000.0,0
ADDS_BENCH_N10,2016-01-26,100000.0,0
ADDS_BENCH_N10,2016-01-27,100000.0,0
ADDS_BENCH_N10,2016-01-28,100000.0,0
ADDS_BENCH_N10,2016-01-29,100000.0,0
ADDS_BENCH_N10,2016-02-01,100682.42,10
ADDS_BENCH_N10,2016-02-02,97832.08,10
ADDS_BENCH_N10,2016-02-03,99059.36,9
ADDS_BENCH_N10,2016-02-04,99152.03,9
ADDS_BENCH_N10,2016-02-05,96924.25,9
ADDS_BENCH_N10,2016-02-08,94097.72,8
ADDS_BENCH_N10,2016-02-09,93345.04,9
ADDS_BENCH_N10,2016-02-10,93675.92,9
ADDS_BENCH_N10,2016-02-11,92476.88,9
ADDS_BENCH_N10,2016-02-12,94590.1,9
ADDS_BENCH_N10,2016-02-16,96281.36,9
ADDS_BENCH_N10,2016-02-17,98561.09,9
ADDS_BENCH_N10,2016-02-18,97746.0,9
ADDS_BENCH_N10,2016-02-19,98947.91,8
ADDS_BENCH_N10,2016-02-22,100115.67,8
ADDS_BENCH_N10,2016-02-23,98913.42,8
ADDS_BENCH_N10,2016-02-24,100102.62,7
ADDS_BENCH_N10,2016-02-25,101696.43,7
ADDS_BENCH_N10,2016-02-26,101955.86,7
ADDS_BENCH_N10,2016-02-29,101447.37,7
ADDS_BENCH_N10,2016-03-01,104332.73,7
ADDS_BENCH_N10,2016-03-02,104408.03,7
ADDS_BENCH_N10,2016-03-03,105937.1,8
ADDS_BENCH_N10,2016-03-04,106911.12,8
ADDS_BENCH_N10,2016-03-07,107461.63,8
ADDS_BENCH_N10,2016-03-08,104358.35,8
ADDS_BENCH_N10,2016-03-09,104601.46,3
ADDS_BENCH_N10,2016-03-10,104890.4,3
ADDS_BENCH_N10,2016-03-11,105486.17,3
ADDS_BENCH_N10,2016-03-14,105414.7,7
ADDS_BENCH_N10,2016-03-15,105639.57,7
ADDS_BENCH_N10,2016-03-16,106262.56,7
ADDS_BENCH_N10,2016-03-17,106759.02,8
ADDS_BENCH_N10,2016-03-18,107541.52,8
ADDS_BENCH_N10,2016-03-21,107716.08,8
ADDS_BENCH_N10,2016-03-22,107823.86,8
ADDS_BENCH_N10,2016-03-23,106765.89,7
ADDS_BENCH_N10,2016-03-24,106824.71,6
ADDS_BENCH_N10,2016-03-28,106930.14,6
ADDS_BENCH_N10,2016-03-29,107442.87,6
ADDS_BENCH_N10,2016-03-30,107752.9,8
ADDS_BENCH_N10,2016-03-31,107388.77,8
ADDS_BENCH_N10,2016-04-01,108084.22,8
ADDS_BENCH_N10,2016-04-04,108611.61,8
ADDS_BENCH_N10,2016-04-05,108314.05,7
ADDS_BENCH_N10,2016-04-06,110305.79,7
ADDS_BENCH_N10,2016-04-07,108624.38,7
ADDS_BENCH_N10,2016-04-08,108655.37,6
ADDS_BENCH_N10,2016-04-11,108310.19,7
ADDS_BENCH_N10,2016-04-12,109251.75,7
ADDS_BENCH_N10,2016-04-13,111582.99,7
ADDS_BENCH_N10,2016-04-14,110932.09,7
ADDS_BENCH_N10,2016-04-15,110735.59,7
ADDS_BENCH_N10,2016-04-18,110764.03,7
ADDS_BENCH_N10,2016-04-19,111719.22,7
ADDS_BENCH_N10,2016-04-20,112947.13,7
ADDS_BENCH_N10,2016-04-21,112238.87,7
ADDS_BENCH_N10,2016-04-22,112224.24,7
ADDS_BENCH_N10,2016-04-25,112539.74,5
ADDS_BENCH_N10,2016-04-26,112082.35,4
ADDS_BENCH_N10,2016-04-27,112245.63,4
ADDS_BENCH_N10,2016-04-28,111831.21,9
ADDS_BENCH_N10,2016-04-29,110355.59,9
ADDS_BENCH_N10,2016-05-02,110787.24,9
ADDS_BENCH_N10,2016-05-03,110329.0,9
ADDS_BENCH_N10,2016-05-04,109852.98,9
ADDS_BENCH_N10,2016-05-05,109978.27,9
ADDS_BENCH_N10,2016-05-06,109913.48,9
ADDS_BENCH_N10,2016-05-09,110854.01,9
ADDS_BENCH_N10,2016-05-10,111315.86,9
ADDS_BENCH_N10,2016-05-11,109947.56,9
ADDS_BENCH_N10,2016-05-12,109475.83,9
ADDS_BENCH_N10,2016-05-13,108588.16,9
ADDS_BENCH_N10,2016-05-16,108861.15,8
ADDS_BENCH_N10,2016-05-17,107568.85,9
ADDS_BENCH_N10,2016-05-18,107154.8,9
ADDS_BENCH_N10,2016-05-19,107814.46,9
ADDS_BENCH_N10,2016-05-20,108674.02,9
ADDS_BENCH_N10,2016-05-23,108931.78,9
ADDS_BENCH_N10,2016-05-24,110885.52,9
ADDS_BENCH_N10,2016-05-25,111367.69,9
ADDS_BENCH_N10,2016-05-26,111836.09,9
ADDS_BENCH_N10,2016-05-27,112691.19,9
ADDS_BENCH_N10,2016-05-31,113450.58,9
ADDS_BENCH_N10,2016-06-01,114324.03,9
ADDS_BENCH_N10,2016-06-02,115084.26,8
ADDS_BENCH_N10,2016-06-03,114153.52,9
ADDS_BENCH_N10,2016-06-06,114261.07,9
ADDS_BENCH_N10,2016-06-07,114586.42,9
ADDS_BENCH_N10,2016-06-08,114256.87,9
ADDS_BENCH_N10,2016-06-09,113804.11,9
ADDS_BENCH_N10,2016-06-10,112273.34,9
ADDS_BENCH_N10,2016-06-13,110933.53,8
ADDS_BENCH_N10,2016-06-14,111513.54,8
ADDS_BENCH_N10,2016-06-15,112289.61,8
ADDS_BENCH_N10,2016-06-16,112927.41,8
ADDS_BENCH_N10,2016-06-17,113602.89,8
ADDS_BENCH_N10,2016-06-20,114553.88,8
ADDS_BENCH_N10,2016-06-21,114851.3,8
ADDS_BENCH_N10,2016-06-22,114743.28,8
ADDS_BENCH_N10,2016-06-23,116366.03,8
ADDS_BENCH_N10,2016-06-24,110640.11,8
ADDS_BENCH_N10,2016-06-27,107521.17,8
ADDS_BENCH_N10,2016-06-28,109516.25,8
ADDS_BENCH_N10,2016-06-29,112667.94,8
ADDS_BENCH_N10,2016-06-30,113977.74,8
ADDS_BENCH_N10,2016-07-01,114923.56,8
ADDS_BENCH_N10,2016-07-05,113283.72,7
ADDS_BENCH_N10,2016-07-06,113822.89,7
ADDS_BENCH_N10,2016-07-07,114275.12,7
ADDS_BENCH_N10,2016-07-08,116070.16,7
ADDS_BENCH_N10,2016-07-11,117007.11,7
ADDS_BENCH_N10,2016-07-12,117818.3,7
ADDS_BENCH_N10,2016-07-13,116326.49,7
ADDS_BENCH_N10,2016-07-14,117716.2,7
ADDS_BENCH_N10,2016-07-15,117342.22,8
ADDS_BENCH_N10,2016-07-18,117561.97,8
ADDS_BENCH_N10,2016-07-19,117515.87,8
ADDS_BENCH_N10,2016-07-20,118167.22,8
ADDS_BENCH_N10,2016-07-21,119209.43,8
ADDS_BENCH_N10,2016-07-22,120078.41,8
ADDS_BENCH_N10,2016-07-25,119317.91,8
ADDS_BENCH_N10,2016-07-26,120103.73,8
ADDS_BENCH_N10,2016-07-27,119926.88,8
ADDS_BENCH_N10,2016-07-28,119827.68,8
ADDS_BENCH_N10,2016-07-29,119422.51,8
ADDS_BENCH_N10,2016-08-01,119636.45,7
ADDS_BENCH_N10,2016-08-02,118687.49,7
ADDS_BENCH_N10,2016-08-03,119292.96,7
ADDS_BENCH_N10,2016-08-04,120601.82,7
ADDS_BENCH_N10,2016-08-05,122097.74,7
ADDS_BENCH_N10,2016-08-08,122331.19,7
ADDS_BENCH_N10,2016-08-09,122127.9,7
ADDS_BENCH_N10,2016-08-10,122464.72,7
ADDS_BENCH_N10,2016-08-11,124262.33,7
ADDS_BENCH_N10,2016-08-12,125160.63,7
ADDS_BENCH_N10,2016-08-15,125493.63,7
ADDS_BENCH_N10,2016-08-16,124983.63,7
ADDS_BENCH_N10,2016-08-17,125242.68,7
ADDS_BENCH_N10,2016-08-18,125565.8,7
ADDS_BENCH_N10,2016-08-19,125527.9,7
ADDS_BENCH_N10,2016-08-22,125302.39,7
ADDS_BENCH_N10,2016-08-23,125072.5,7
ADDS_BENCH_N10,2016-08-24,124575.91,8
ADDS_BENCH_N10,2016-08-25,124560.21,8
ADDS_BENCH_N10,2016-08-26,124476.88,8
ADDS_BENCH_N10,2016-08-29,124824.19,8
ADDS_BENCH_N10,2016-08-30,124998.45,8
ADDS_BENCH_N10,2016-08-31,124697.67,8
ADDS_BENCH_N10,2016-09-01,124561.61,8
ADDS_BENCH_N10,2016-09-02,124737.53,8
ADDS_BENCH_N10,2016-09-06,124490.35,8
ADDS_BENCH_N10,2016-09-07,124235.09,8
ADDS_BENCH_N10,2016-09-08,124181.77,8
ADDS_BENCH_N10,2016-09-09,121081.93,8
ADDS_BENCH_N10,2016-09-12,122575.13,8
ADDS_BENCH_N10,2016-09-13,121046.0,8
ADDS_BENCH_N10,2016-09-14,120843.18,8
ADDS_BENCH_N10,2016-09-15,121805.63,8
ADDS_BENCH_N10,2016-09-16,120773.9,8
ADDS_BENCH_N10,2016-09-19,120980.24,8
ADDS_BENCH_N10,2016-09-20,120256.62,8
ADDS_BENCH_N10,2016-09-21,121053.38,8
ADDS_BENCH_N10,2016-09-22,122081.52,8
ADDS_BENCH_N10,2016-09-23,121645.13,8
ADDS_BENCH_N10,2016-09-26,120433.72,8
ADDS_BENCH_N10,2016-09-27,121342.54,8
ADDS_BENCH_N10,2016-09-28,122004.89,8
ADDS_BENCH_N10,2016-09-29,120868.47,8
ADDS_BENCH_N10,2016-09-30,123113.48,8
ADDS_BENCH_N10,2016-10-03,123057.65,8
ADDS_BENCH_N10,2016-10-04,122919.02,8
ADDS_BENCH_N10,2016-10-05,123736.36,8
ADDS_BENCH_N10,2016-10-06,123924.41,8
ADDS_BENCH_N10,2016-10-07,123417.58,8
ADDS_BENCH_N10,2016-10-10,123662.91,8
ADDS_BENCH_N10,2016-10-11,122484.04,9
ADDS_BENCH_N10,2016-10-12,122919.05,9
ADDS_BENCH_N10,2016-10-13,122605.78,9
ADDS_BENCH_N10,2016-10-14,122845.75,9
ADDS_BENCH_N10,2016-10-17,122531.87,9
ADDS_BENCH_N10,2016-10-18,123490.63,9
ADDS_BENCH_N10,2016-10-19,124364.5,9
ADDS_BENCH_N10,2016-10-20,122612.48,9
ADDS_BENCH_N10,2016-10-21,122748.9,9
ADDS_BENCH_N10,2016-10-24,123137.05,9
ADDS_BENCH_N10,2016-10-25,122765.56,8
ADDS_BENCH_N10,2016-10-26,122884.19,8
ADDS_BENCH_N10,2016-10-27,122404.85,8
ADDS_BENCH_N10,2016-10-28,122864.11,8
ADDS_BENCH_N10,2016-10-31,122889.49,8
ADDS_BENCH_N10,2016-11-01,122302.78,8
ADDS_BENCH_N10,2016-11-02,121277.66,8
ADDS_BENCH_N10,2016-11-03,120645.74,8
ADDS_BENCH_N10,2016-11-04,121317.04,8
ADDS_BENCH_N10,2016-11-07,123688.72,8
ADDS_BENCH_N10,2016-11-08,124584.66,8
ADDS_BENCH_N10,2016-11-09,127959.2,8
ADDS_BENCH_N10,2016-11-10,130612.81,8
ADDS_BENCH_N10,2016-11-11,130516.43,8
ADDS_BENCH_N10,2016-11-14,131256.8,8
ADDS_BENCH_N10,2016-11-15,132508.43,8
ADDS_BENCH_N10,2016-11-16,131252.61,9
ADDS_BENCH_N10,2016-11-17,132527.46,9
ADDS_BENCH_N10,2016-11-18,132243.73,9
ADDS_BENCH_N10,2016-11-21,133046.67,9
ADDS_BENCH_N10,2016-11-22,133705.18,9
ADDS_BENCH_N10,2016-11-23,133762.69,9
ADDS_BENCH_N10,2016-11-25,134193.33,9
ADDS_BENCH_N10,2016-11-28,132316.06,9
ADDS_BENCH_N10,2016-11-29,132170.09,10
ADDS_BENCH_N10,2016-11-30,132073.23,10
ADDS_BENCH_N10,2016-12-01,130292.69,10
ADDS_BENCH_N10,2016-12-02,130968.03,10
ADDS_BENCH_N10,2016-12-05,132681.7,9
ADDS_BENCH_N10,2016-12-06,133027.1,9
ADDS_BENCH_N10,2016-12-07,135134.05,9
ADDS_BENCH_N10,2016-12-08,136188.87,9
ADDS_BENCH_N10,2016-12-09,137869.48,8
ADDS_BENCH_N10,2016-12-12,137522.94,8
ADDS_BENCH_N10,2016-12-13,138505.32,8
ADDS_BENCH_N10,2016-12-14,136685.59,8
ADDS_BENCH_N10,2016-12-15,136732.94,7
ADDS_BENCH_N10,2016-12-16,136456.94,9
ADDS_BENCH_N10,2016-12-19,136511.9,9
ADDS_BENCH_N10,2016-12-20,136171.0,9
ADDS_BENCH_N10,2016-12-21,136679.8,9
ADDS_BENCH_N10,2016-12-22,136271.13,9
ADDS_BENCH_N10,2016-12-23,136638.81,9
ADDS_BENCH_N10,2016-12-27,137058.28,9
ADDS_BENCH_N10,2016-12-28,135521.48,9
ADDS_BENCH_N10,2016-12-29,135467.43,9
ADDS_BENCH_N10,2016-12-30,134362.28,9
ADDS_BENCH_N10,2017-01-03,136868.71,9
ADDS_BENCH_N10,2017-01-04,137480.33,9
ADDS_BENCH_N10,2017-01-05,138347.71,9
ADDS_BENCH_N10,2017-01-06,139463.35,9
ADDS_BENCH_N10,2017-01-09,139621.59,9
ADDS_BENCH_N10,2017-01-10,139377.0,8
ADDS_BENCH_N10,2017-01-11,139554.19,8
ADDS_BENCH_N10,2017-01-12,139841.72,8
ADDS_BENCH_N10,2017-01-13,141179.74,8
ADDS_BENCH_N10,2017-01-17,139455.14,8
ADDS_BENCH_N10,2017-01-18,140295.14,8
ADDS_BENCH_N10,2017-01-19,139776.72,8
ADDS_BENCH_N10,2017-01-20,138394.56,8
ADDS_BENCH_N10,2017-01-23,135273.55,8
ADDS_BENCH_N10,2017-01-24,136272.98,8
ADDS_BENCH_N10,2017-01-25,137943.1,8
ADDS_BENCH_N10,2017-01-26,135353.84,8
ADDS_BENCH_N10,2017-01-27,136587.81,8
ADDS_BENCH_N10,2017-01-30,135712.68,8
ADDS_BENCH_N10,2017-01-31,135906.55,8
ADDS_BENCH_N10,2017-02-01,136096.17,7
ADDS_BENCH_N10,2017-02-02,137310.72,7
ADDS_BENCH_N10,2017-02-03,137834.0,7
ADDS_BENCH_N10,2017-02-06,137181.05,7
ADDS_BENCH_N10,2017-02-07,137194.46,6
ADDS_BENCH_N10,2017-02-08,136735.61,6
ADDS_BENCH_N10,2017-02-09,136306.08,6
ADDS_BENCH_N10,2017-02-10,136939.54,6
ADDS_BENCH_N10,2017-02-13,138135.03,6
ADDS_BENCH_N10,2017-02-14,139719.96,6
ADDS_BENCH_N10,2017-02-15,140710.92,6
ADDS_BENCH_N10,2017-02-16,139561.32,6
ADDS_BENCH_N10,2017-02-17,139709.89,6
ADDS_BENCH_N10,2017-02-21,140933.8,6
ADDS_BENCH_N10,2017-02-22,140178.99,6
ADDS_BENCH_N10,2017-02-23,140673.67,6
ADDS_BENCH_N10,2017-02-24,140920.77,6
ADDS_BENCH_N10,2017-02-27,141013.08,6
ADDS_BENCH_N10,2017-02-28,140429.72,7
ADDS_BENCH_N10,2017-03-01,142029.04,7
ADDS_BENCH_N10,2017-03-02,141708.75,7
ADDS_BENCH_N10,2017-03-03,141476.0,7
ADDS_BENCH_N10,2017-03-06,140583.31,7
ADDS_BENCH_N10,2017-03-07,139645.33,7
ADDS_BENCH_N10,2017-03-08,139556.25,7
ADDS_BENCH_N10,2017-03-09,138763.99,7
ADDS_BENCH_N10,2017-03-10,139834.9,7
ADDS_BENCH_N10,2017-03-13,139768.75,7
ADDS_BENCH_N10,2017-03-14,138487.94,7
ADDS_BENCH_N10,2017-03-15,140763.22,7
ADDS_BENCH_N10,2017-03-16,139950.13,7
ADDS_BENCH_N10,2017-03-17,138831.05,7
ADDS_BENCH_N10,2017-03-20,138185.6,7
ADDS_BENCH_N10,2017-03-21,135378.52,7
ADDS_BENCH_N10,2017-03-22,135946.57,7
ADDS_BENCH_N10,2017-03-23,136061.93,7
ADDS_BENCH_N10,2017-03-24,136073.42,7
ADDS_BENCH_N10,2017-03-27,135177.3,7
ADDS_BENCH_N10,2017-03-28,136065.07,7
ADDS_BENCH_N10,2017-03-29,136831.22,7
ADDS_BENCH_N10,2017-03-30,136732.4,7
ADDS_BENCH_N10,2017-03-31,137690.1,7
ADDS_BENCH_N10,2017-04-03,136592.94,7
ADDS_BENCH_N10,2017-04-04,137061.84,7
ADDS_BENCH_N10,2017-04-05,136025.35,7
ADDS_BENCH_N10,2017-04-06,137375.88,7
ADDS_BENCH_N10,2017-04-07,137043.46,7
ADDS_BENCH_N10,2017-04-10,137939.6,7
ADDS_BENCH_N10,2017-04-11,136966.98,7
ADDS_BENCH_N10,2017-04-12,133476.33,7
ADDS_BENCH_N10,2017-04-13,131895.62,7
ADDS_BENCH_N10,2017-04-17,132259.22,7
ADDS_BENCH_N10,2017-04-18,131657.51,7
ADDS_BENCH_N10,2017-04-19,131177.46,7
ADDS_BENCH_N10,2017-04-20,131685.91,7
ADDS_BENCH_N10,2017-04-21,130865.86,7
ADDS_BENCH_N10,2017-04-24,131650.07,7
ADDS_BENCH_N10,2017-04-25,132546.89,7
ADDS_BENCH_N10,2017-04-26,133049.96,7
ADDS_BENCH_N10,2017-04-27,131041.34,7
ADDS_BENCH_N10,2017-04-28,131075.35,7
ADDS_BENCH_N10,2017-05-01,130272.1,7
ADDS_BENCH_N10,2017-05-02,129592.45,7
ADDS_BENCH_N10,2017-05-03,130264.1,7
ADDS_BENCH_N10,2017-05-04,128480.96,7
ADDS_BENCH_N10,2017-05-05,130474.6,7
ADDS_BENCH_N10,2017-05-08,130196.02,7
ADDS_BENCH_N10,2017-05-09,129829.5,7
ADDS_BENCH_N10,2017-05-10,130192.26,7
ADDS_BENCH_N10,2017-05-11,129159.18,7
ADDS_BENCH_N10,2017-05-12,128426.46,7
ADDS_BENCH_N10,2017-05-15,128525.38,7
ADDS_BENCH_N10,2017-05-16,128172.71,7
ADDS_BENCH_N10,2017-05-17,126185.46,7
ADDS_BENCH_N10,2017-05-18,126523.2,7
ADDS_BENCH_N10,2017-05-19,127338.34,7
ADDS_BENCH_N10,2017-05-22,127766.63,7
ADDS_BENCH_N10,2017-05-23,127209.27,7
ADDS_BENCH_N10,2017-05-24,125881.12,7
ADDS_BENCH_N10,2017-05-25,125305.97,7
ADDS_BENCH_N10,2017-05-26,124849.68,8
ADDS_BENCH_N10,2017-05-30,123186.68,8
ADDS_BENCH_N10,2017-05-31,123622.69,8
ADDS_BENCH_N10,2017-06-01,124909.97,8
ADDS_BENCH_N10,2017-06-02,124619.07,8
ADDS_BENCH_N10,2017-06-05,124909.63,7
ADDS_BENCH_N10,2017-06-06,124114.62,7
ADDS_BENCH_N10,2017-06-07,122778.84,7
ADDS_BENCH_N10,2017-06-08,122788.08,7
ADDS_BENCH_N10,2017-06-09,124660.49,7
ADDS_BENCH_N10,2017-06-12,125366.34,7
ADDS_BENCH_N10,2017-06-13,125547.02,7
ADDS_BENCH_N10,2017-06-14,123742.96,7
ADDS_BENCH_N10,2017-06-15,122896.04,7
ADDS_BENCH_N10,2017-06-16,123493.79,7
ADDS_BENCH_N10,2017-06-19,123766.47,7
ADDS_BENCH_N10,2017-06-20,121845.71,7
ADDS_BENCH_N10,2017-06-21,121609.3,7
ADDS_BENCH_N10,2017-06-22,123998.04,7
ADDS_BENCH_N10,2017-06-23,124941.93,7
ADDS_BENCH_N10,2017-06-26,125512.09,7
ADDS_BENCH_N10,2017-06-27,125515.01,7
ADDS_BENCH_N10,2017-06-28,126530.44,7
ADDS_BENCH_N10,2017-06-29,125844.8,7
ADDS_BENCH_N10,2017-06-30,126605.94,7
ADDS_BENCH_N10,2017-07-03,127711.25,7
ADDS_BENCH_N10,2017-07-05,126455.87,7
ADDS_BENCH_N10,2017-07-06,124328.51,6
ADDS_BENCH_N10,2017-07-07,124431.83,5
ADDS_BENCH_N10,2017-07-10,124395.43,7
ADDS_BENCH_N10,2017-07-11,124647.43,7
ADDS_BENCH_N10,2017-07-12,125620.41,7
ADDS_BENCH_N10,2017-07-13,126054.89,7
ADDS_BENCH_N10,2017-07-14,127410.29,7
ADDS_BENCH_N10,2017-07-17,127567.09,7
ADDS_BENCH_N10,2017-07-18,127459.81,7
ADDS_BENCH_N10,2017-07-19,128675.99,7
ADDS_BENCH_N10,2017-07-20,129657.71,7
ADDS_BENCH_N10,2017-07-21,129860.71,6
ADDS_BENCH_N10,2017-07-24,128669.4,6
ADDS_BENCH_N10,2017-07-25,129724.52,6
ADDS_BENCH_N10,2017-07-26,129670.85,7
ADDS_BENCH_N10,2017-07-27,132198.55,7
ADDS_BENCH_N10,2017-07-28,131562.61,7
ADDS_BENCH_N10,2017-07-31,131668.08,7
ADDS_BENCH_N10,2017-08-01,132800.76,7
ADDS_BENCH_N10,2017-08-02,132596.85,6
ADDS_BENCH_N10,2017-08-03,132537.96,7
ADDS_BENCH_N10,2017-08-04,133837.92,9
ADDS_BENCH_N10,2017-08-07,133805.21,9
ADDS_BENCH_N10,2017-08-08,133477.87,9
ADDS_BENCH_N10,2017-08-09,132863.5,9
ADDS_BENCH_N10,2017-08-10,131572.5,8
ADDS_BENCH_N10,2017-08-11,131378.34,7
ADDS_BENCH_N10,2017-08-14,132291.3,7
ADDS_BENCH_N10,2017-08-15,132353.73,10
ADDS_BENCH_N10,2017-08-16,132558.43,10
ADDS_BENCH_N10,2017-08-17,129984.97,10
ADDS_BENCH_N10,2017-08-18,129808.73,10
ADDS_BENCH_N10,2017-08-21,129746.05,10
ADDS_BENCH_N10,2017-08-22,131976.69,10
ADDS_BENCH_N10,2017-08-23,131414.74,10
ADDS_BENCH_N10,2017-08-24,131457.96,10
ADDS_BENCH_N10,2017-08-25,131888.67,9
ADDS_BENCH_N10,2017-08-28,131859.05,9
ADDS_BENCH_N10,2017-08-29,131780.04,9
ADDS_BENCH_N10,2017-08-30,132713.36,9
ADDS_BENCH_N10,2017-08-31,133406.58,9
ADDS_BENCH_N10,2017-09-01,133393.54,9
ADDS_BENCH_N10,2017-09-05,131223.04,9
ADDS_BENCH_N10,2017-09-06,132075.77,8
ADDS_BENCH_N10,2017-09-07,130782.64,8
ADDS_BENCH_N10,2017-09-08,129813.57,8
ADDS_BENCH_N10,2017-09-11,131091.29,8
ADDS_BENCH_N10,2017-09-12,132182.72,8
ADDS_BENCH_N10,2017-09-13,133008.02,8
ADDS_BENCH_N10,2017-09-14,133343.89,8
ADDS_BENCH_N10,2017-09-15,133439.94,8
ADDS_BENCH_N10,2017-09-18,133972.73,8
ADDS_BENCH_N10,2017-09-19,134096.16,8
ADDS_BENCH_N10,2017-09-20,135462.5,8
ADDS_BENCH_N10,2017-09-21,135934.89,8
ADDS_BENCH_N10,2017-09-22,136062.1,8
ADDS_BENCH_N10,2017-09-25,136214.89,8
ADDS_BENCH_N10,2017-09-26,136159.03,9
ADDS_BENCH_N10,2017-09-27,136108.71,8
ADDS_BENCH_N10,2017-09-28,135900.57,10
ADDS_BENCH_N10,2017-09-29,135850.88,10
ADDS_BENCH_N10,2017-10-02,135298.9,10
ADDS_BENCH_N10,2017-10-03,135358.16,10
ADDS_BENCH_N10,2017-10-04,135415.99,9
ADDS_BENCH_N10,2017-10-05,136325.11,9
ADDS_BENCH_N10,2017-10-06,135469.79,9
ADDS_BENCH_N10,2017-10-09,135307.04,9
ADDS_BENCH_N10,2017-10-10,136500.3,8
ADDS_BENCH_N10,2017-10-11,136961.66,8
ADDS_BENCH_N10,2017-10-12,137350.83,8
ADDS_BENCH_N10,2017-10-13,138397.89,8
ADDS_BENCH_N10,2017-10-16,138049.37,7
ADDS_BENCH_N10,2017-10-17,139005.33,7
ADDS_BENCH_N10,2017-10-18,137598.86,7
ADDS_BENCH_N10,2017-10-19,138653.74,7
ADDS_BENCH_N10,2017-10-20,137918.1,7
ADDS_BENCH_N10,2017-10-23,137125.64,7
ADDS_BENCH_N10,2017-10-24,137499.05,7
ADDS_BENCH_N10,2017-10-25,131873.61,7
ADDS_BENCH_N10,2017-10-26,132140.12,7
ADDS_BENCH_N10,2017-10-27,130812.03,7
ADDS_BENCH_N10,2017-10-30,129143.25,7
ADDS_BENCH_N10,2017-10-31,128598.49,7
ADDS_BENCH_N10,2017-11-01,128675.02,7
ADDS_BENCH_N10,2017-11-02,130594.27,7
ADDS_BENCH_N10,2017-11-03,129125.34,7
ADDS_BENCH_N10,2017-11-06,129343.96,7
ADDS_BENCH_N10,2017-11-07,130186.66,7
ADDS_BENCH_N10,2017-11-08,130448.47,7
ADDS_BENCH_N10,2017-11-09,129387.51,7
ADDS_BENCH_N10,2017-11-10,129394.79,7
ADDS_BENCH_N10,2017-11-13,130601.61,7
ADDS_BENCH_N10,2017-11-14,129397.8,7
ADDS_BENCH_N10,2017-11-15,129440.19,7
ADDS_BENCH_N10,2017-11-16,130247.0,7
ADDS_BENCH_N10,2017-11-17,130751.84,7
ADDS_BENCH_N10,2017-11-20,130083.58,7
ADDS_BENCH_N10,2017-11-21,130715.13,7
ADDS_BENCH_N10,2017-11-22,131279.4,7
ADDS_BENCH_N10,2017-11-24,131019.66,7
ADDS_BENCH_N10,2017-11-27,129952.05,7
ADDS_BENCH_N10,2017-11-28,132069.52,7
ADDS_BENCH_N10,2017-11-29,135536.22,7
ADDS_BENCH_N10,2017-11-30,136455.41,7
ADDS_BENCH_N10,2017-12-01,137546.81,7
ADDS_BENCH_N10,2017-12-04,139534.3,7
ADDS_BENCH_N10,2017-12-05,138058.31,7
ADDS_BENCH_N10,2017-12-06,137392.29,7
ADDS_BENCH_N10,2017-12-07,138110.84,6
ADDS_BENCH_N10,2017-12-08,139055.36,7
ADDS_BENCH_N10,2017-12-11,139457.22,7
ADDS_BENCH_N10,2017-12-12,140221.84,7
ADDS_BENCH_N10,2017-12-13,141014.93,7
ADDS_BENCH_N10,2017-12-14,139961.05,7
ADDS_BENCH_N10,2017-12-15,138893.82,6
ADDS_BENCH_N10,2017-12-18,140869.46,8
ADDS_BENCH_N10,2017-12-19,141214.85,8
ADDS_BENCH_N10,2017-12-20,142191.66,8
ADDS_BENCH_N10,2017-12-21,142484.82,8
ADDS_BENCH_N10,2017-12-22,142571.38,8
ADDS_BENCH_N10,2017-12-26,142255.63,8
ADDS_BENCH_N10,2017-12-27,142217.85,7
ADDS_BENCH_N10,2017-12-28,143142.31,8
ADDS_BENCH_N10,2017-12-29,142394.81,8
ADDS_BENCH_N10,2018-01-02,146143.4,8
ADDS_BENCH_N10,2018-01-03,147430.15,8
ADDS_BENCH_N10,2018-01-04,148766.05,8
ADDS_BENCH_N10,2018-01-05,149322.95,8
ADDS_BENCH_N10,2018-01-08,149634.55,8
ADDS_BENCH_N10,2018-01-09,148761.0,7
ADDS_BENCH_N10,2018-01-10,148600.8,7
ADDS_BENCH_N10,2018-01-11,151290.35,8
ADDS_BENCH_N10,2018-01-12,152879.99,8
ADDS_BENCH_N10,2018-01-16,150421.63,8
ADDS_BENCH_N10,2018-01-17,151408.36,7
ADDS_BENCH_N10,2018-01-18,153298.54,9
ADDS_BENCH_N10,2018-01-19,154584.28,9
ADDS_BENCH_N10,2018-01-22,155010.2,9
ADDS_BENCH_N10,2018-01-23,157231.79,9
ADDS_BENCH_N10,2018-01-24,157759.48,9
ADDS_BENCH_N10,2018-01-25,157211.19,8
ADDS_BENCH_N10,2018-01-26,159624.28,8
ADDS_BENCH_N10,2018-01-29,160239.91,10
ADDS_BENCH_N10,2018-01-30,157169.73,10
ADDS_BENCH_N10,2018-01-31,156487.46,9
ADDS_BENCH_N10,2018-02-01,155585.32,9
ADDS_BENCH_N10,2018-02-02,153790.17,10
ADDS_BENCH_N10,2018-02-05,148135.97,9
ADDS_BENCH_N10,2018-02-06,151493.07,8
ADDS_BENCH_N10,2018-02-07,150896.56,8
ADDS_BENCH_N10,2018-02-08,145917.58,9
ADDS_BENCH_N10,2018-02-09,147059.57,9
ADDS_BENCH_N10,2018-02-12,148695.44,9
ADDS_BENCH_N10,2018-02-13,149702.43,9
ADDS_BENCH_N10,2018-02-14,152724.01,9
ADDS_BENCH_N10,2018-02-15,156642.1,9
ADDS_BENCH_N10,2018-02-16,157000.37,9
ADDS_BENCH_N10,2018-02-20,155412.69,9
ADDS_BENCH_N10,2018-02-21,154606.16,8
ADDS_BENCH_N10,2018-02-22,155066.11,7
ADDS_BENCH_N10,2018-02-23,157786.4,6
ADDS_BENCH_N10,2018-02-26,160226.1,6
ADDS_BENCH_N10,2018-02-27,159836.88,6
ADDS_BENCH_N10,2018-02-28,157024.58,6
ADDS_BENCH_N10,2018-03-01,157089.24,7
ADDS_BENCH_N10,2018-03-02,159237.31,7
ADDS_BENCH_N10,2018-03-05,161062.28,7
ADDS_BENCH_N10,2018-03-06,160892.85,7
ADDS_BENCH_N10,2018-03-07,159996.14,7
ADDS_BENCH_N10,2018-03-08,160114.37,6
ADDS_BENCH_N10,2018-03-09,160436.31,7
ADDS_BENCH_N10,2018-03-12,162285.31,7
ADDS_BENCH_N10,2018-03-13,161299.64,7
ADDS_BENCH_N10,2018-03-14,160945.63,7
ADDS_BENCH_N10,2018-03-15,160592.0,7
ADDS_BENCH_N10,2018-03-16,161086.13,7
ADDS_BENCH_N10,2018-03-19,157900.65,7
ADDS_BENCH_N10,2018-03-20,157881.32,6
ADDS_BENCH_N10,2018-03-21,158514.9,8
ADDS_BENCH_N10,2018-03-22,155427.4,8
ADDS_BENCH_N10,2018-03-23,152938.88,7
ADDS_BENCH_N10,2018-03-26,156456.13,8
ADDS_BENCH_N10,2018-03-27,153415.19,8
ADDS_BENCH_N10,2018-03-28,154423.86,8
ADDS_BENCH_N10,2018-03-29,155891.31,8
ADDS_BENCH_N10,2018-04-02,151975.41,8
ADDS_BENCH_N10,2018-04-03,153519.38,8
ADDS_BENCH_N10,2018-04-04,157096.88,8
ADDS_BENCH_N10,2018-04-05,157598.63,8
ADDS_BENCH_N10,2018-04-06,154686.57,8
ADDS_BENCH_N10,2018-04-09,153943.75,7
ADDS_BENCH_N10,2018-04-10,157027.37,7
ADDS_BENCH_N10,2018-04-11,157070.58,7
ADDS_BENCH_N10,2018-04-12,157936.25,7
ADDS_BENCH_N10,2018-04-13,157637.25,7
ADDS_BENCH_N10,2018-04-16,158968.15,7
ADDS_BENCH_N10,2018-04-17,161281.42,7
ADDS_BENCH_N10,2018-04-18,161290.2,7
ADDS_BENCH_N10,2018-04-19,158695.11,7
ADDS_BENCH_N10,2018-04-20,157407.69,7
ADDS_BENCH_N10,2018-04-23,157669.58,7
ADDS_BENCH_N10,2018-04-24,157589.71,7
ADDS_BENCH_N10,2018-04-25,157597.39,5
ADDS_BENCH_N10,2018-04-26,159964.28,6
ADDS_BENCH_N10,2018-04-27,161729.45,7
ADDS_BENCH_N10,2018-04-30,159014.88,7
ADDS_BENCH_N10,2018-05-01,159991.46,7
ADDS_BENCH_N10,2018-05-02,158703.29,7
ADDS_BENCH_N10,2018-05-03,158344.09,7
ADDS_BENCH_N10,2018-05-04,161692.53,7
ADDS_BENCH_N10,2018-05-07,162107.08,7
ADDS_BENCH_N10,2018-05-08,160391.61,7
ADDS_BENCH_N10,2018-05-09,159792.89,7
ADDS_BENCH_N10,2018-05-10,161449.49,7
ADDS_BENCH_N10,2018-05-11,161625.06,7
ADDS_BENCH_N10,2018-05-14,161853.63,7
ADDS_BENCH_N10,2018-05-15,159431.97,7
ADDS_BENCH_N10,2018-05-16,160306.78,6
ADDS_BENCH_N10,2018-05-17,160405.47,6
ADDS_BENCH_N10,2018-05-18,158949.88,6
ADDS_BENCH_N10,2018-05-21,158243.33,6
ADDS_BENCH_N10,2018-05-22,158961.62,6
ADDS_BENCH_N10,2018-05-23,158437.71,6
ADDS_BENCH_N10,2018-05-24,158527.12,6
ADDS_BENCH_N10,2018-05-25,158249.7,6
ADDS_BENCH_N10,2018-05-29,156908.7,6
ADDS_BENCH_N10,2018-05-30,157293.08,6
ADDS_BENCH_N10,2018-05-31,155559.71,6
ADDS_BENCH_N10,2018-06-01,155756.6,6
ADDS_BENCH_N10,2018-06-04,155955.92,6
ADDS_BENCH_N10,2018-06-05,156363.33,6
ADDS_BENCH_N10,2018-06-06,158859.44,6
ADDS_BENCH_N10,2018-06-07,159466.63,6
ADDS_BENCH_N10,2018-06-08,160241.33,6
ADDS_BENCH_N10,2018-06-11,160909.41,6
ADDS_BENCH_N10,2018-06-12,162107.14,7
ADDS_BENCH_N10,2018-06-13,162976.34,7
ADDS_BENCH_N10,2018-06-14,165382.46,7
ADDS_BENCH_N10,2018-06-15,164312.49,7
ADDS_BENCH_N10,2018-06-18,162660.28,7
ADDS_BENCH_N10,2018-06-19,163875.6,8
ADDS_BENCH_N10,2018-06-20,166485.53,8
ADDS_BENCH_N10,2018-06-21,164499.48,7
ADDS_BENCH_N10,2018-06-22,166251.59,8
ADDS_BENCH_N10,2018-06-25,164569.97,8
ADDS_BENCH_N10,2018-06-26,164881.27,8
ADDS_BENCH_N10,2018-06-27,165332.01,8
ADDS_BENCH_N10,2018-06-28,165086.44,8
ADDS_BENCH_N10,2018-06-29,165761.54,8
ADDS_BENCH_N10,2018-07-02,165250.31,8
ADDS_BENCH_N10,2018-07-03,165724.42,8
ADDS_BENCH_N10,2018-07-05,167356.22,8
ADDS_BENCH_N10,2018-07-06,168984.14,8
ADDS_BENCH_N10,2018-07-09,171052.75,8
ADDS_BENCH_N10,2018-07-10,171573.17,8
ADDS_BENCH_N10,2018-07-11,169422.89,8
ADDS_BENCH_N10,2018-07-12,169498.75,8
ADDS_BENCH_N10,2018-07-13,170031.61,9
ADDS_BENCH_N10,2018-07-16,168351.34,9
ADDS_BENCH_N10,2018-07-17,168731.85,9
ADDS_BENCH_N10,2018-07-18,168277.03,9
ADDS_BENCH_N10,2018-07-19,169091.12,9
ADDS_BENCH_N10,2018-07-20,169057.13,9
ADDS_BENCH_N10,2018-07-23,169467.5,9
ADDS_BENCH_N10,2018-07-24,169454.66,9
ADDS_BENCH_N10,2018-07-25,169986.16,9
ADDS_BENCH_N10,2018-07-26,170591.69,9
ADDS_BENCH_N10,2018-07-27,170551.54,9
ADDS_BENCH_N10,2018-07-30,170796.47,9
ADDS_BENCH_N10,2018-07-31,169983.92,9
ADDS_BENCH_N10,2018-08-01,169073.37,9
ADDS_BENCH_N10,2018-08-02,171696.46,9
ADDS_BENCH_N10,2018-08-03,172090.64,9
ADDS_BENCH_N10,2018-08-06,168794.14,9
ADDS_BENCH_N10,2018-08-07,168272.19,9
ADDS_BENCH_N10,2018-08-08,167335.47,9
ADDS_BENCH_N10,2018-08-09,167102.07,9
ADDS_BENCH_N10,2018-08-10,167156.02,9
ADDS_BENCH_N10,2018-08-13,165032.19,9
ADDS_BENCH_N10,2018-08-14,166601.12,8
ADDS_BENCH_N10,2018-08-15,166881.86,9
ADDS_BENCH_N10,2018-08-16,168861.37,9
ADDS_BENCH_N10,2018-08-17,168158.1,9
ADDS_BENCH_N10,2018-08-20,168560.13,9
ADDS_BENCH_N10,2018-08-21,169560.93,9
ADDS_BENCH_N10,2018-08-22,170143.78,9
ADDS_BENCH_N10,2018-08-23,170975.92,9
ADDS_BENCH_N10,2018-08-24,171283.94,9
ADDS_BENCH_N10,2018-08-27,173716.21,8
ADDS_BENCH_N10,2018-08-28,173503.44,8
ADDS_BENCH_N10,2018-08-29,175158.3,8
ADDS_BENCH_N10,2018-08-30,172800.46,8
ADDS_BENCH_N10,2018-08-31,172348.05,7
ADDS_BENCH_N10,2018-09-04,171379.76,7
ADDS_BENCH_N10,2018-09-05,170770.36,7
ADDS_BENCH_N10,2018-09-06,169126.45,7
ADDS_BENCH_N10,2018-09-07,167435.13,7
ADDS_BENCH_N10,2018-09-10,168515.49,7
ADDS_BENCH_N10,2018-09-11,167648.08,7
ADDS_BENCH_N10,2018-09-12,168993.36,7
ADDS_BENCH_N10,2018-09-13,169802.84,7
ADDS_BENCH_N10,2018-09-14,169550.63,7
ADDS_BENCH_N10,2018-09-17,169480.79,7
ADDS_BENCH_N10,2018-09-18,170105.94,7
ADDS_BENCH_N10,2018-09-19,171679.34,7
ADDS_BENCH_N10,2018-09-20,171825.96,7
ADDS_BENCH_N10,2018-09-21,171367.55,7
ADDS_BENCH_N10,2018-09-24,167420.26,7
ADDS_BENCH_N10,2018-09-25,164675.28,7
ADDS_BENCH_N10,2018-09-26,164169.78,7
ADDS_BENCH_N10,2018-09-27,164338.29,7
ADDS_BENCH_N10,2018-09-28,163891.35,7
ADDS_BENCH_N10,2018-10-01,166394.57,7
ADDS_BENCH_N10,2018-10-02,167101.71,7
ADDS_BENCH_N10,2018-10-03,167042.77,7
ADDS_BENCH_N10,2018-10-04,165202.15,7
ADDS_BENCH_N10,2018-10-05,165466.64,6
ADDS_BENCH_N10,2018-10-08,168589.05,6
ADDS_BENCH_N10,2018-10-09,166389.14,6
ADDS_BENCH_N10,2018-10-10,163373.61,6
ADDS_BENCH_N10,2018-10-11,159974.19,6
ADDS_BENCH_N10,2018-10-12,158152.36,5
ADDS_BENCH_N10,2018-10-15,159170.02,6
ADDS_BENCH_N10,2018-10-16,160588.69,6
ADDS_BENCH_N10,2018-10-17,160590.56,6
ADDS_BENCH_N10,2018-10-18,157101.55,6
ADDS_BENCH_N10,2018-10-19,157500.02,6
ADDS_BENCH_N10,2018-10-22,155388.2,6
ADDS_BENCH_N10,2018-10-23,156606.77,6
ADDS_BENCH_N10,2018-10-24,151987.6,6
ADDS_BENCH_N10,2018-10-25,157087.86,6
ADDS_BENCH_N10,2018-10-26,154821.9,6
ADDS_BENCH_N10,2018-10-29,157107.21,6
ADDS_BENCH_N10,2018-10-30,159927.84,6
ADDS_BENCH_N10,2018-10-31,160737.46,6
ADDS_BENCH_N10,2018-11-01,161420.28,6
ADDS_BENCH_N10,2018-11-02,164051.72,6
ADDS_BENCH_N10,2018-11-05,165997.08,6
ADDS_BENCH_N10,2018-11-06,166759.95,6
ADDS_BENCH_N10,2018-11-07,164450.57,6
ADDS_BENCH_N10,2018-11-08,163093.63,6
ADDS_BENCH_N10,2018-11-09,162880.3,6
ADDS_BENCH_N10,2018-11-12,162440.81,5
ADDS_BENCH_N10,2018-11-13,161706.13,4
ADDS_BENCH_N10,2018-11-14,161971.69,4
ADDS_BENCH_N10,2018-11-15,163438.94,4
ADDS_BENCH_N10,2018-11-16,164840.74,5
ADDS_BENCH_N10,2018-11-19,164183.09,5
ADDS_BENCH_N10,2018-11-20,162227.35,5
ADDS_BENCH_N10,2018-11-21,162873.75,6
ADDS_BENCH_N10,2018-11-23,161754.03,6
ADDS_BENCH_N10,2018-11-26,165242.04,6
ADDS_BENCH_N10,2018-11-27,165629.54,6
ADDS_BENCH_N10,2018-11-28,168324.7,6
ADDS_BENCH_N10,2018-11-29,168552.71,6
ADDS_BENCH_N10,2018-11-30,169162.93,6
ADDS_BENCH_N10,2018-12-03,171840.59,6
ADDS_BENCH_N10,2018-12-04,165010.91,6
ADDS_BENCH_N10,2018-12-06,161784.48,2
ADDS_BENCH_N10,2018-12-07,158705.09,8
ADDS_BENCH_N10,2018-12-10,159182.13,8
ADDS_BENCH_N10,2018-12-11,159229.66,9
ADDS_BENCH_N10,2018-12-12,161380.56,9
ADDS_BENCH_N10,2018-12-13,160253.75,9
ADDS_BENCH_N10,2018-12-14,156887.68,9
ADDS_BENCH_N10,2018-12-17,153185.27,9
ADDS_BENCH_N10,2018-12-18,153538.43,9
ADDS_BENCH_N10,2018-12-19,149719.04,8
ADDS_BENCH_N10,2018-12-20,146503.9,9
ADDS_BENCH_N10,2018-12-21,142273.24,9
ADDS_BENCH_N10,2018-12-24,139367.47,9
ADDS_BENCH_N10,2018-12-26,146261.47,9
ADDS_BENCH_N10,2018-12-27,146247.23,9
ADDS_BENCH_N10,2018-12-28,146977.42,9
ADDS_BENCH_N10,2018-12-31,148382.92,9
ADDS_BENCH_N10,2019-01-02,151753.27,9
ADDS_BENCH_N10,2019-01-03,147408.42,9
ADDS_BENCH_N10,2019-01-04,152663.82,9
ADDS_BENCH_N10,2019-01-07,156424.04,9
ADDS_BENCH_N10,2019-01-08,156986.56,9
ADDS_BENCH_N10,2019-01-09,156323.57,9
ADDS_BENCH_N10,2019-01-10,157967.45,10
ADDS_BENCH_N10,2019-01-11,157580.84,10
ADDS_BENCH_N10,2019-01-14,157131.76,10
ADDS_BENCH_N10,2019-01-15,158692.59,9
ADDS_BENCH_N10,2019-01-16,158939.29,9
ADDS_BENCH_N10,2019-01-17,160400.16,8
ADDS_BENCH_N10,2019-01-18,162064.92,9
ADDS_BENCH_N10,2019-01-22,159457.86,9
ADDS_BENCH_N10,2019-01-23,159630.97,6
ADDS_BENCH_N10,2019-01-24,159455.92,6
ADDS_BENCH_N10,2019-01-25,158658.1,7
ADDS_BENCH_N10,2019-01-28,158364.08,8
ADDS_BENCH_N10,2019-01-29,158031.19,8
ADDS_BENCH_N10,2019-01-30,160940.21,8
ADDS_BENCH_N10,2019-01-31,161707.79,8
ADDS_BENCH_N10,2019-02-01,163029.2,8
ADDS_BENCH_N10,2019-02-04,165251.71,8
ADDS_BENCH_N10,2019-02-05,165315.9,8
ADDS_BENCH_N10,2019-02-06,165858.96,8
ADDS_BENCH_N10,2019-02-07,163802.92,7
ADDS_BENCH_N10,2019-02-08,163458.62,8
ADDS_BENCH_N10,2019-02-11,163183.58,8
ADDS_BENCH_N10,2019-02-12,165443.07,7
ADDS_BENCH_N10,2019-02-13,167079.66,8
ADDS_BENCH_N10,2019-02-14,166844.88,8
ADDS_BENCH_N10,2019-02-15,169240.18,8
ADDS_BENCH_N10,2019-02-19,170117.22,7
ADDS_BENCH_N10,2019-02-20,167624.69,7
ADDS_BENCH_N10,2019-02-21,165178.41,7
ADDS_BENCH_N10,2019-02-22,166659.69,7
ADDS_BENCH_N10,2019-02-25,165059.67,7
ADDS_BENCH_N10,2019-02-26,164639.22,7
ADDS_BENCH_N10,2019-02-27,164041.79,7
ADDS_BENCH_N10,2019-02-28,162073.34,7
ADDS_BENCH_N10,2019-03-01,164274.99,7
ADDS_BENCH_N10,2019-03-04,163478.86,7
ADDS_BENCH_N10,2019-03-05,163586.11,7
ADDS_BENCH_N10,2019-03-06,161364.95,7
ADDS_BENCH_N10,2019-03-07,159392.01,6
ADDS_BENCH_N10,2019-03-08,160221.68,7
ADDS_BENCH_N10,2019-03-11,162943.06,7
ADDS_BENCH_N10,2019-03-12,163243.82,8
ADDS_BENCH_N10,2019-03-13,165613.54,8
ADDS_BENCH_N10,2019-03-14,164706.19,8
ADDS_BENCH_N10,2019-03-15,165915.51,8
ADDS_BENCH_N10,2019-03-18,167296.83,8
ADDS_BENCH_N10,2019-03-19,167979.73,8
ADDS_BENCH_N10,2019-03-20,168075.19,7
ADDS_BENCH_N10,2019-03-21,170730.79,7
ADDS_BENCH_N10,2019-03-22,166755.08,7
ADDS_BENCH_N10,2019-03-25,166948.61,6
ADDS_BENCH_N10,2019-03-26,167803.92,6
ADDS_BENCH_N10,2019-03-27,166441.33,8
ADDS_BENCH_N10,2019-03-28,165737.21,8
ADDS_BENCH_N10,2019-03-29,166272.82,8
ADDS_BENCH_N10,2019-04-01,168907.1,8
ADDS_BENCH_N10,2019-04-02,168429.89,8
ADDS_BENCH_N10,2019-04-03,169432.14,8
ADDS_BENCH_N10,2019-04-04,171197.92,8
ADDS_BENCH_N10,2019-04-05,171449.8,8
ADDS_BENCH_N10,2019-04-08,172055.17,8
ADDS_BENCH_N10,2019-04-09,171347.99,8
ADDS_BENCH_N10,2019-04-10,172497.0,8
ADDS_BENCH_N10,2019-04-11,172765.88,8
ADDS_BENCH_N10,2019-04-12,172726.75,8
ADDS_BENCH_N10,2019-04-15,173564.17,8
ADDS_BENCH_N10,2019-04-16,174650.59,8
ADDS_BENCH_N10,2019-04-17,173771.84,8
ADDS_BENCH_N10,2019-04-18,174444.24,8
ADDS_BENCH_N10,2019-04-22,174674.08,8
ADDS_BENCH_N10,2019-04-23,175141.84,8
ADDS_BENCH_N10,2019-04-24,174476.68,9
ADDS_BENCH_N10,2019-04-25,175431.1,9
ADDS_BENCH_N10,2019-04-26,176237.13,9
ADDS_BENCH_N10,2019-04-29,177370.27,9
ADDS_BENCH_N10,2019-04-30,177923.82,9
ADDS_BENCH_N10,2019-05-01,179475.91,9
ADDS_BENCH_N10,2019-05-02,179998.32,8
ADDS_BENCH_N10,2019-05-03,180552.99,9
ADDS_BENCH_N10,2019-05-06,181165.88,10
ADDS_BENCH_N10,2019-05-07,177839.15,10
ADDS_BENCH_N10,2019-05-08,176939.61,9
ADDS_BENCH_N10,2019-05-09,176177.03,9
ADDS_BENCH_N10,2019-05-10,177256.16,9
ADDS_BENCH_N10,2019-05-13,171125.75,9
ADDS_BENCH_N10,2019-05-14,175033.49,9
ADDS_BENCH_N10,2019-05-15,178090.25,9
ADDS_BENCH_N10,2019-05-16,179048.0,9
ADDS_BENCH_N10,2019-05-17,178102.42,9
ADDS_BENCH_N10,2019-05-20,174352.64,8
ADDS_BENCH_N10,2019-05-21,175758.94,8
ADDS_BENCH_N10,2019-05-22,174337.77,8
ADDS_BENCH_N10,2019-05-23,169606.2,7
ADDS_BENCH_N10,2019-05-24,170704.86,7
ADDS_BENCH_N10,2019-05-28,175182.25,7
ADDS_BENCH_N10,2019-05-29,173741.98,7
ADDS_BENCH_N10,2019-05-30,173787.9,7
ADDS_BENCH_N10,2019-05-31,170645.53,7
ADDS_BENCH_N10,2019-06-03,169301.44,7
ADDS_BENCH_N10,2019-06-04,175922.65,7
ADDS_BENCH_N10,2019-06-05,176760.29,7
ADDS_BENCH_N10,2019-06-06,180286.73,7
ADDS_BENCH_N10,2019-06-07,183169.31,7
ADDS_BENCH_N10,2019-06-10,184049.61,7
ADDS_BENCH_N10,2019-06-11,184491.91,7
ADDS_BENCH_N10,2019-06-12,182481.11,7
ADDS_BENCH_N10,2019-06-13,184168.52,7
ADDS_BENCH_N10,2019-06-14,183247.75,8
ADDS_BENCH_N10,2019-06-17,183843.55,8
ADDS_BENCH_N10,2019-06-18,186885.03,8
ADDS_BENCH_N10,2019-06-19,186509.53,8
ADDS_BENCH_N10,2019-06-20,187357.6,8
ADDS_BENCH_N10,2019-06-21,187612.29,8
ADDS_BENCH_N10,2019-06-24,188682.84,7
ADDS_BENCH_N10,2019-06-25,187043.12,7
ADDS_BENCH_N10,2019-06-26,188635.09,7
ADDS_BENCH_N10,2019-06-27,191752.13,8
ADDS_BENCH_N10,2019-06-28,192332.19,8
ADDS_BENCH_N10,2019-07-01,193894.24,8
ADDS_BENCH_N10,2019-07-02,193738.13,8
ADDS_BENCH_N10,2019-07-03,195928.2,8
ADDS_BENCH_N10,2019-07-05,195720.04,8
ADDS_BENCH_N10,2019-07-08,193656.92,8
ADDS_BENCH_N10,2019-07-09,193564.37,7
ADDS_BENCH_N10,2019-07-10,194184.59,8
ADDS_BENCH_N10,2019-07-11,195173.55,8
ADDS_BENCH_N10,2019-07-12,194454.32,8
ADDS_BENCH_N10,2019-07-15,193927.73,8
ADDS_BENCH_N10,2019-07-16,192723.01,8
ADDS_BENCH_N10,2019-07-17,191138.51,8
ADDS_BENCH_N10,2019-07-18,187637.75,8
ADDS_BENCH_N10,2019-07-19,185434.01,8
ADDS_BENCH_N10,2019-07-22,184428.74,8
ADDS_BENCH_N10,2019-07-23,185418.46,8
ADDS_BENCH_N10,2019-07-24,190526.7,8
ADDS_BENCH_N10,2019-07-25,189009.83,8
ADDS_BENCH_N10,2019-07-26,191053.37,8
ADDS_BENCH_N10,2019-07-29,191704.5,8
ADDS_BENCH_N10,2019-07-30,190758.76,8
ADDS_BENCH_N10,2019-07-31,188941.29,8
ADDS_BENCH_N10,2019-08-01,187964.45,8
ADDS_BENCH_N10,2019-08-02,186052.0,8
ADDS_BENCH_N10,2019-08-05,180738.6,8
ADDS_BENCH_N10,2019-08-06,182170.37,7
ADDS_BENCH_N10,2019-08-07,182991.33,8
ADDS_BENCH_N10,2019-08-08,186023.36,8
ADDS_BENCH_N10,2019-08-09,183624.56,8
ADDS_BENCH_N10,2019-08-12,181509.56,8
ADDS_BENCH_N10,2019-08-13,183657.81,8
ADDS_BENCH_N10,2019-08-14,177091.54,8
ADDS_BENCH_N10,2019-08-15,175526.34,7
ADDS_BENCH_N10,2019-08-16,178302.37,8
ADDS_BENCH_N10,2019-08-19,180848.43,8
ADDS_BENCH_N10,2019-08-20,179512.65,8
ADDS_BENCH_N10,2019-08-21,180016.02,8
ADDS_BENCH_N10,2019-08-22,180069.91,8
ADDS_BENCH_N10,2019-08-23,175412.6,8
ADDS_BENCH_N10,2019-08-26,177425.84,8
ADDS_BENCH_N10,2019-08-27,178610.93,8
ADDS_BENCH_N10,2019-08-28,179291.01,8
ADDS_BENCH_N10,2019-08-29,181155.85,8
ADDS_BENCH_N10,2019-08-30,181156.37,8
ADDS_BENCH_N10,2019-09-03,180420.51,8
ADDS_BENCH_N10,2019-09-04,183673.65,8
ADDS_BENCH_N10,2019-09-05,185994.42,8
ADDS_BENCH_N10,2019-09-06,185660.83,8
ADDS_BENCH_N10,2019-09-09,188676.59,8
ADDS_BENCH_N10,2019-09-10,190610.07,8
ADDS_BENCH_N10,2019-09-11,190689.64,7
ADDS_BENCH_N10,2019-09-12,190733.11,7
ADDS_BENCH_N10,2019-09-13,192594.78,7
ADDS_BENCH_N10,2019-09-16,191283.45,7
ADDS_BENCH_N10,2019-09-17,190675.52,8
ADDS_BENCH_N10,2019-09-18,189064.9,8
ADDS_BENCH_N10,2019-09-19,188519.88,8
ADDS_BENCH_N10,2019-09-20,187451.59,8
ADDS_BENCH_N10,2019-09-23,187328.41,8
ADDS_BENCH_N10,2019-09-24,184357.76,6
ADDS_BENCH_N10,2019-09-25,185059.5,6
ADDS_BENCH_N10,2019-09-26,183925.72,8
ADDS_BENCH_N10,2019-09-27,182328.43,8
ADDS_BENCH_N10,2019-09-30,184168.9,8
ADDS_BENCH_N10,2019-10-01,184369.86,8
ADDS_BENCH_N10,2019-10-02,183100.1,8
ADDS_BENCH_N10,2019-10-03,184165.82,8
ADDS_BENCH_N10,2019-10-04,186149.65,8
ADDS_BENCH_N10,2019-10-07,185440.52,8
ADDS_BENCH_N10,2019-10-08,183082.09,8
ADDS_BENCH_N10,2019-10-09,183485.23,8
ADDS_BENCH_N10,2019-10-10,185349.81,8
ADDS_BENCH_N10,2019-10-11,187779.2,8
ADDS_BENCH_N10,2019-10-14,188681.58,8
ADDS_BENCH_N10,2019-10-15,190045.2,8
ADDS_BENCH_N10,2019-10-16,189764.55,8
ADDS_BENCH_N10,2019-10-17,191493.04,8
ADDS_BENCH_N10,2019-10-18,186612.07,8
ADDS_BENCH_N10,2019-10-21,187901.26,9
ADDS_BENCH_N10,2019-10-22,187413.04,9
ADDS_BENCH_N10,2019-10-23,189022.31,9
ADDS_BENCH_N10,2019-10-24,189178.47,9
ADDS_BENCH_N10,2019-10-25,189634.05,9
ADDS_BENCH_N10,2019-10-28,190929.02,9
ADDS_BENCH_N10,2019-10-29,189718.59,9
ADDS_BENCH_N10,2019-10-30,192037.25,9
ADDS_BENCH_N10,2019-10-31,191476.06,9
ADDS_BENCH_N10,2019-11-01,192994.18,7
ADDS_BENCH_N10,2019-11-04,193401.26,9
ADDS_BENCH_N10,2019-11-05,194141.85,9
ADDS_BENCH_N10,2019-11-06,194559.26,9
ADDS_BENCH_N10,2019-11-07,193947.32,8
ADDS_BENCH_N10,2019-11-08,195105.64,8
ADDS_BENCH_N10,2019-11-11,194629.58,8
ADDS_BENCH_N10,2019-11-12,194428.48,8
ADDS_BENCH_N10,2019-11-13,194059.38,8
ADDS_BENCH_N10,2019-11-14,194322.18,8
ADDS_BENCH_N10,2019-11-15,196585.22,8
ADDS_BENCH_N10,2019-11-18,196857.76,8
ADDS_BENCH_N10,2019-11-19,196162.88,8
ADDS_BENCH_N10,2019-11-20,195744.96,8
ADDS_BENCH_N10,2019-11-21,195305.52,7
ADDS_BENCH_N10,2019-11-22,195375.22,7
ADDS_BENCH_N10,2019-11-25,197683.94,7
ADDS_BENCH_N10,2019-11-26,198824.23,7
ADDS_BENCH_N10,2019-11-27,199587.47,7
ADDS_BENCH_N10,2019-11-29,199227.89,7
ADDS_BENCH_N10,2019-12-02,198084.73,7
ADDS_BENCH_N10,2019-12-03,197723.51,7
ADDS_BENCH_N10,2019-12-04,197658.6,7
ADDS_BENCH_N10,2019-12-05,198091.54,7
ADDS_BENCH_N10,2019-12-06,200234.2,8
ADDS_BENCH_N10,2019-12-09,199884.48,8
ADDS_BENCH_N10,2019-12-10,201489.29,8
ADDS_BENCH_N10,2019-12-11,202840.23,8
ADDS_BENCH_N10,2019-12-12,206828.93,8
ADDS_BENCH_N10,2019-12-13,205646.31,8
ADDS_BENCH_N10,2019-12-16,207325.15,8
ADDS_BENCH_N10,2019-12-17,207798.4,8
ADDS_BENCH_N10,2019-12-18,208230.64,9
ADDS_BENCH_N10,2019-12-19,209327.31,9
ADDS_BENCH_N10,2019-12-20,210140.68,9
ADDS_BENCH_N10,2019-12-23,209660.3,9
ADDS_BENCH_N10,2019-12-24,210120.73,9
ADDS_BENCH_N10,2019-12-26,209477.75,9
ADDS_BENCH_N10,2019-12-27,208770.63,9
ADDS_BENCH_N10,2019-12-30,208221.76,8
ADDS_BENCH_N10,2019-12-31,208403.85,8
ADDS_BENCH_N10,2020-01-02,207641.94,9
ADDS_BENCH_N10,2020-01-03,206398.96,9
ADDS_BENCH_N10,2020-01-06,206560.4,9
ADDS_BENCH_N10,2020-01-07,204783.47,9
ADDS_BENCH_N10,2020-01-08,205690.03,9
ADDS_BENCH_N10,2020-01-09,205478.29,9
ADDS_BENCH_N10,2020-01-10,204652.82,9
ADDS_BENCH_N10,2020-01-13,205116.55,9
ADDS_BENCH_N10,2020-01-14,205480.95,9
ADDS_BENCH_N10,2020-01-15,205751.27,9
ADDS_BENCH_N10,2020-01-16,207185.63,9
ADDS_BENCH_N10,2020-01-17,208400.56,9
ADDS_BENCH_N10,2020-01-21,208229.88,9
ADDS_BENCH_N10,2020-01-22,208209.25,9
ADDS_BENCH_N10,2020-01-23,208213.77,9
ADDS_BENCH_N10,2020-01-24,206032.38,9
ADDS_BENCH_N10,2020-01-27,205060.67,9
ADDS_BENCH_N10,2020-01-28,206308.97,8
ADDS_BENCH_N10,2020-01-29,205219.69,9
ADDS_BENCH_N10,2020-01-30,204779.7,9
ADDS_BENCH_N10,2020-01-31,200481.72,9
ADDS_BENCH_N10,2020-02-03,200589.89,9
ADDS_BENCH_N10,2020-02-04,201201.6,9
ADDS_BENCH_N10,2020-02-05,206061.79,9
ADDS_BENCH_N10,2020-02-06,206439.47,9
ADDS_BENCH_N10,2020-02-07,205971.88,9
ADDS_BENCH_N10,2020-02-10,206649.43,8
ADDS_BENCH_N10,2020-02-11,208421.14,8
ADDS_BENCH_N10,2020-02-12,208982.3,8
ADDS_BENCH_N10,2020-02-13,208224.76,8
ADDS_BENCH_N10,2020-02-14,207283.34,8
ADDS_BENCH_N10,2020-02-18,207034.93,8
ADDS_BENCH_N10,2020-02-19,206122.27,8
ADDS_BENCH_N10,2020-02-20,206467.57,8
ADDS_BENCH_N10,2020-02-21,204950.25,8
ADDS_BENCH_N10,2020-02-24,197505.95,8
ADDS_BENCH_N10,2020-02-25,190493.67,8
ADDS_BENCH_N10,2020-02-26,188081.42,8
ADDS_BENCH_N10,2020-02-27,181508.43,8
ADDS_BENCH_N10,2020-02-28,180005.68,8
ADDS_BENCH_N10,2020-03-02,189073.07,8
ADDS_BENCH_N10,2020-03-03,183014.48,8
ADDS_BENCH_N10,2020-03-04,189537.19,8
ADDS_BENCH_N10,2020-03-05,182602.24,8
ADDS_BENCH_N10,2020-03-06,180228.56,8
ADDS_BENCH_N10,2020-03-09,167407.01,8
ADDS_BENCH_N10,2020-03-10,174314.4,8
ADDS_BENCH_N10,2020-03-11,165297.53,8
ADDS_BENCH_N10,2020-03-12,147882.57,8
ADDS_BENCH_N10,2020-03-13,162137.04,8
ADDS_BENCH_N10,2020-03-16,142282.0,8
ADDS_BENCH_N10,2020-03-17,154101.03,8
ADDS_BENCH_N10,2020-03-18,145366.09,8
ADDS_BENCH_N10,2020-03-19,146358.68,8
ADDS_BENCH_N10,2020-03-20,139500.07,8
ADDS_BENCH_N10,2020-03-23,134042.12,8
ADDS_BENCH_N10,2020-03-24,141758.95,8
ADDS_BENCH_N10,2020-03-25,143878.71,8
ADDS_BENCH_N10,2020-03-26,155748.68,8
ADDS_BENCH_N10,2020-03-27,151248.08,8
ADDS_BENCH_N10,2020-03-30,154196.34,8
ADDS_BENCH_N10,2020-03-31,150924.78,8
ADDS_BENCH_N10,2020-04-01,144380.12,8
ADDS_BENCH_N10,2020-04-02,145888.94,8
ADDS_BENCH_N10,2020-04-03,143521.5,8
ADDS_BENCH_N10,2020-04-06,153097.75,8
ADDS_BENCH_N10,2020-04-07,153579.23,8
ADDS_BENCH_N10,2020-04-08,158786.17,7
ADDS_BENCH_N10,2020-04-09,160704.62,7
ADDS_BENCH_N10,2020-04-13,158333.4,7
ADDS_BENCH_N10,2020-04-14,160479.31,5
ADDS_BENCH_N10,2020-04-15,157659.52,6
ADDS_BENCH_N10,2020-04-16,156449.72,6
ADDS_BENCH_N10,2020-04-17,159895.08,7
ADDS_BENCH_N10,2020-04-20,157326.38,7
ADDS_BENCH_N10,2020-04-21,154202.55,6
ADDS_BENCH_N10,2020-04-22,154589.07,5
ADDS_BENCH_N10,2020-04-23,154884.01,9
ADDS_BENCH_N10,2020-04-24,156947.08,9
ADDS_BENCH_N10,2020-04-27,162604.81,9
ADDS_BENCH_N10,2020-04-28,167613.56,9
ADDS_BENCH_N10,2020-04-29,181825.11,8
ADDS_BENCH_N10,2020-04-30,176103.96,9
ADDS_BENCH_N10,2020-05-01,166105.46,8
ADDS_BENCH_N10,2020-05-04,166094.17,5
ADDS_BENCH_N10,2020-05-05,164924.4,5
ADDS_BENCH_N10,2020-05-06,164299.95,4
ADDS_BENCH_N10,2020-05-07,170299.01,4
ADDS_BENCH_N10,2020-05-08,174908.19,5
ADDS_BENCH_N10,2020-05-11,173426.34,9
ADDS_BENCH_N10,2020-05-12,168236.11,9
ADDS_BENCH_N10,2020-05-13,161237.12,9
ADDS_BENCH_N10,2020-05-14,166342.06,9
ADDS_BENCH_N10,2020-05-15,165004.65,9
ADDS_BENCH_N10,2020-05-18,176099.76,9
ADDS_BENCH_N10,2020-05-19,174881.15,9
ADDS_BENCH_N10,2020-05-20,180059.75,9
ADDS_BENCH_N10,2020-05-21,178184.86,9
ADDS_BENCH_N10,2020-05-22,176644.3,9
ADDS_BENCH_N10,2020-05-26,186283.06,9
ADDS_BENCH_N10,2020-05-27,197212.86,9
ADDS_BENCH_N10,2020-05-28,185754.06,9
ADDS_BENCH_N10,2020-05-29,182108.67,10
ADDS_BENCH_N10,2020-06-01,181420.21,9
ADDS_BENCH_N10,2020-06-02,181571.24,9
ADDS_BENCH_N10,2020-06-03,188679.04,9
ADDS_BENCH_N10,2020-06-04,191604.16,9
ADDS_BENCH_N10,2020-06-05,196567.39,9
ADDS_BENCH_N10,2020-06-08,205138.13,9
ADDS_BENCH_N10,2020-06-09,200720.54,9
ADDS_BENCH_N10,2020-06-10,194405.02,9
ADDS_BENCH_N10,2020-06-11,181527.15,8
ADDS_BENCH_N10,2020-06-12,183482.95,6
ADDS_BENCH_N10,2020-06-15,186063.79,6
ADDS_BENCH_N10,2020-06-16,187810.74,6
ADDS_BENCH_N10,2020-06-17,188882.01,6
ADDS_BENCH_N10,2020-06-18,189407.69,6
ADDS_BENCH_N10,2020-06-19,191723.34,6
ADDS_BENCH_N10,2020-06-22,193176.4,6
ADDS_BENCH_N10,2020-06-23,191497.9,6
ADDS_BENCH_N10,2020-06-24,189905.97,5
ADDS_BENCH_N10,2020-06-25,189476.0,4
ADDS_BENCH_N10,2020-06-26,186126.86,6
ADDS_BENCH_N10,2020-06-29,187288.0,8
ADDS_BENCH_N10,2020-06-30,190975.36,8
ADDS_BENCH_N10,2020-07-01,189925.01,8
ADDS_BENCH_N10,2020-07-02,190301.99,8
ADDS_BENCH_N10,2020-07-06,193095.38,8
ADDS_BENCH_N10,2020-07-07,189939.01,8
ADDS_BENCH_N10,2020-07-08,191311.23,8
ADDS_BENCH_N10,2020-07-09,192714.74,8
ADDS_BENCH_N10,2020-07-10,193955.33,8
ADDS_BENCH_N10,2020-07-13,191560.4,8
ADDS_BENCH_N10,2020-07-14,192630.92,7
ADDS_BENCH_N10,2020-07-15,196601.14,7
ADDS_BENCH_N10,2020-07-16,197331.32,7
ADDS_BENCH_N10,2020-07-17,197218.96,7
ADDS_BENCH_N10,2020-07-20,200038.44,7
ADDS_BENCH_N10,2020-07-21,199869.88,7
ADDS_BENCH_N10,2020-07-22,202790.17,7
ADDS_BENCH_N10,2020-07-23,201856.06,7
ADDS_BENCH_N10,2020-07-24,204386.71,7
ADDS_BENCH_N10,2020-07-27,207025.16,7
ADDS_BENCH_N10,2020-07-28,204019.2,7
ADDS_BENCH_N10,2020-07-29,211885.28,7
ADDS_BENCH_N10,2020-07-30,211328.09,7
ADDS_BENCH_N10,2020-07-31,208404.5,7
ADDS_BENCH_N10,2020-08-03,209795.51,7
ADDS_BENCH_N10,2020-08-04,215998.28,7
ADDS_BENCH_N10,2020-08-05,216157.95,7
ADDS_BENCH_N10,2020-08-06,215271.36,7
ADDS_BENCH_N10,2020-08-07,214842.11,7
ADDS_BENCH_N10,2020-08-10,213989.17,7
ADDS_BENCH_N10,2020-08-11,209899.56,7
ADDS_BENCH_N10,2020-08-12,215691.09,7
ADDS_BENCH_N10,2020-08-13,210216.43,7
ADDS_BENCH_N10,2020-08-14,209810.9,7
ADDS_BENCH_N10,2020-08-17,210785.3,7
ADDS_BENCH_N10,2020-08-18,210333.72,8
ADDS_BENCH_N10,2020-08-19,208348.42,8
ADDS_BENCH_N10,2020-08-20,208451.95,8
ADDS_BENCH_N10,2020-08-21,208268.17,8
ADDS_BENCH_N10,2020-08-24,211396.3,8
ADDS_BENCH_N10,2020-08-25,215259.92,8
ADDS_BENCH_N10,2020-08-26,216155.83,8
ADDS_BENCH_N10,2020-08-27,216365.44,8
ADDS_BENCH_N10,2020-08-28,218106.72,8
ADDS_BENCH_N10,2020-08-31,217582.1,8
ADDS_BENCH_N10,2020-09-01,217834.12,8
ADDS_BENCH_N10,2020-09-02,222951.43,8
ADDS_BENCH_N10,2020-09-03,217403.45,8
ADDS_BENCH_N10,2020-09-04,217154.93,8
ADDS_BENCH_N10,2020-09-08,213224.75,8
ADDS_BENCH_N10,2020-09-09,214390.85,8
ADDS_BENCH_N10,2020-09-10,211679.65,8
ADDS_BENCH_N10,2020-09-11,212832.88,8
ADDS_BENCH_N10,2020-09-14,219278.53,8
ADDS_BENCH_N10,2020-09-15,218206.65,8
ADDS_BENCH_N10,2020-09-16,219662.62,8
ADDS_BENCH_N10,2020-09-17,218381.0,8
ADDS_BENCH_N10,2020-09-18,217835.4,8
ADDS_BENCH_N10,2020-09-21,213347.71,8
ADDS_BENCH_N10,2020-09-22,216037.85,7
ADDS_BENCH_N10,2020-09-23,216903.19,7
ADDS_BENCH_N10,2020-09-24,213217.42,7
ADDS_BENCH_N10,2020-09-25,214095.12,7
ADDS_BENCH_N10,2020-09-28,218307.18,9
ADDS_BENCH_N10,2020-09-29,216878.36,9
ADDS_BENCH_N10,2020-09-30,219121.52,9
ADDS_BENCH_N10,2020-10-01,220977.9,9
ADDS_BENCH_N10,2020-10-02,218300.24,9
ADDS_BENCH_N10,2020-10-05,222428.14,8
ADDS_BENCH_N10,2020-10-06,217753.2,8
ADDS_BENCH_N10,2020-10-07,221814.64,8
ADDS_BENCH_N10,2020-10-08,224026.17,8
ADDS_BENCH_N10,2020-10-09,224465.42,8
ADDS_BENCH_N10,2020-10-12,226004.36,8
ADDS_BENCH_N10,2020-10-13,225735.85,8
ADDS_BENCH_N10,2020-10-14,225414.12,8
ADDS_BENCH_N10,2020-10-15,225680.22,8
ADDS_BENCH_N10,2020-10-16,224409.09,8
ADDS_BENCH_N10,2020-10-19,221650.74,8
ADDS_BENCH_N10,2020-10-20,222644.11,8
ADDS_BENCH_N10,2020-10-21,221154.53,8
ADDS_BENCH_N10,2020-10-22,225366.02,8
ADDS_BENCH_N10,2020-10-23,225888.51,8
ADDS_BENCH_N10,2020-10-26,220640.51,8
ADDS_BENCH_N10,2020-10-27,217653.16,8
ADDS_BENCH_N10,2020-10-28,212484.54,8
ADDS_BENCH_N10,2020-10-29,212489.63,8
ADDS_BENCH_N10,2020-10-30,212785.05,8
ADDS_BENCH_N10,2020-11-02,216664.46,8
ADDS_BENCH_N10,2020-11-03,218717.75,8
ADDS_BENCH_N10,2020-11-04,221304.93,8
ADDS_BENCH_N10,2020-11-05,223291.15,8
ADDS_BENCH_N10,2020-11-06,222192.32,8
ADDS_BENCH_N10,2020-11-09,229644.39,8
ADDS_BENCH_N10,2020-11-10,230454.36,8
ADDS_BENCH_N10,2020-11-11,229942.55,8
ADDS_BENCH_N10,2020-11-12,226290.16,8
ADDS_BENCH_N10,2020-11-13,230780.28,8
ADDS_BENCH_N10,2020-11-16,236184.59,8
ADDS_BENCH_N10,2020-11-17,236001.6,8
ADDS_BENCH_N10,2020-11-18,233878.84,8
ADDS_BENCH_N10,2020-11-19,234752.45,7
ADDS_BENCH_N10,2020-11-20,233617.86,8
ADDS_BENCH_N10,2020-11-23,238020.0,8
ADDS_BENCH_N10,2020-11-24,243052.75,8
ADDS_BENCH_N10,2020-11-25,235086.34,8
ADDS_BENCH_N10,2020-11-27,236638.44,8
ADDS_BENCH_N10,2020-11-30,235635.93,8
ADDS_BENCH_N10,2020-12-01,238828.59,8
ADDS_BENCH_N10,2020-12-02,237001.24,8
ADDS_BENCH_N10,2020-12-03,236748.26,8
ADDS_BENCH_N10,2020-12-04,238863.94,8
ADDS_BENCH_N10,2020-12-07,238849.78,8
ADDS_BENCH_N10,2020-12-08,238876.95,8
ADDS_BENCH_N10,2020-12-09,238531.13,6
ADDS_BENCH_N10,2020-12-10,238348.53,6
ADDS_BENCH_N10,2020-12-11,236927.56,6
ADDS_BENCH_N10,2020-12-14,236220.23,7
ADDS_BENCH_N10,2020-12-15,239121.34,7
ADDS_BENCH_N10,2020-12-16,240096.39,7
ADDS_BENCH_N10,2020-12-17,240888.32,7
ADDS_BENCH_N10,2020-12-18,240023.3,7
ADDS_BENCH_N10,2020-12-21,239661.15,7
ADDS_BENCH_N10,2020-12-22,238660.95,7
ADDS_BENCH_N10,2020-12-23,240608.98,7
ADDS_BENCH_N10,2020-12-24,240125.3,7
ADDS_BENCH_N10,2020-12-28,240326.23,7
ADDS_BENCH_N10,2020-12-29,239310.44,7
ADDS_BENCH_N10,2020-12-30,239935.38,7
ADDS_BENCH_N10,2020-12-31,240480.01,7
ADDS_BENCH_N10,2021-01-04,236951.47,7
ADDS_BENCH_N10,2021-01-05,238119.63,7
ADDS_BENCH_N10,2021-01-06,244227.9,7
ADDS_BENCH_N10,2021-01-07,246391.6,7
ADDS_BENCH_N10,2021-01-08,248271.88,7
ADDS_BENCH_N10,2021-01-11,250398.71,7
ADDS_BENCH_N10,2021-01-12,254780.78,7
ADDS_BENCH_N10,2021-01-13,249801.1,7
ADDS_BENCH_N10,2021-01-14,247937.25,7
ADDS_BENCH_N10,2021-01-15,245590.58,7
ADDS_BENCH_N10,2021-01-19,247342.3,7
ADDS_BENCH_N10,2021-01-20,253976.89,7
ADDS_BENCH_N10,2021-01-21,255761.22,7
ADDS_BENCH_N10,2021-01-22,256373.14,7
ADDS_BENCH_N10,2021-01-25,256261.69,7
ADDS_BENCH_N10,2021-01-26,255459.24,7
ADDS_BENCH_N10,2021-01-27,245808.52,7
ADDS_BENCH_N10,2021-01-28,246718.43,7
ADDS_BENCH_N10,2021-01-29,241537.88,7
ADDS_BENCH_N10,2021-02-01,242610.55,6
ADDS_BENCH_N10,2021-02-02,246867.25,7
ADDS_BENCH_N10,2021-02-03,248160.95,7
ADDS_BENCH_N10,2021-02-04,253266.21,7
ADDS_BENCH_N10,2021-02-05,256876.87,7
ADDS_BENCH_N10,2021-02-08,258292.21,7
ADDS_BENCH_N10,2021-02-09,258045.98,7
ADDS_BENCH_N10,2021-02-10,256571.13,6
ADDS_BENCH_N10,2021-02-11,257395.68,6
ADDS_BENCH_N10,2021-02-12,258997.03,6
ADDS_BENCH_N10,2021-02-16,260211.2,7
ADDS_BENCH_N10,2021-02-17,260353.46,7
ADDS_BENCH_N10,2021-02-18,257294.14,7
ADDS_BENCH_N10,2021-02-19,260484.01,7
ADDS_BENCH_N10,2021-02-22,263996.5,7
ADDS_BENCH_N10,2021-02-23,262966.88,7
ADDS_BENCH_N10,2021-02-24,268267.09,7
ADDS_BENCH_N10,2021-02-25,262221.84,7
ADDS_BENCH_N10,2021-02-26,260006.55,5
ADDS_BENCH_N10,2021-03-01,263621.35,5
ADDS_BENCH_N10,2021-03-02,262900.85,7
ADDS_BENCH_N10,2021-03-03,259045.5,7
ADDS_BENCH_N10,2021-03-04,255797.64,7
ADDS_BENCH_N10,2021-03-05,264279.41,7
ADDS_BENCH_N10,2021-03-08,265168.54,7
ADDS_BENCH_N10,2021-03-09,267308.88,7
ADDS_BENCH_N10,2021-03-10,273248.6,7
ADDS_BENCH_N10,2021-03-11,274417.68,7
ADDS_BENCH_N10,2021-03-12,277520.99,7
ADDS_BENCH_N10,2021-03-15,282564.92,7
ADDS_BENCH_N10,2021-03-16,278944.33,7
ADDS_BENCH_N10,2021-03-17,280275.88,7
ADDS_BENCH_N10,2021-03-18,273985.99,7
ADDS_BENCH_N10,2021-03-19,274808.74,7
ADDS_BENCH_N10,2021-03-22,278210.99,7
ADDS_BENCH_N10,2021-03-23,278007.15,7
ADDS_BENCH_N10,2021-03-24,275629.94,7
ADDS_BENCH_N10,2021-03-25,274689.77,7
ADDS_BENCH_N10,2021-03-26,278582.14,7
ADDS_BENCH_N10,2021-03-29,278833.37,7
ADDS_BENCH_N10,2021-03-30,277595.12,7
ADDS_BENCH_N10,2021-03-31,279766.92,8
ADDS_BENCH_N10,2021-04-01,285287.89,8
ADDS_BENCH_N10,2021-04-05,286921.47,8
ADDS_BENCH_N10,2021-04-06,287254.6,8
ADDS_BENCH_N10,2021-04-07,289735.52,9
ADDS_BENCH_N10,2021-04-08,291122.02,9
ADDS_BENCH_N10,2021-04-09,292664.54,9
ADDS_BENCH_N10,2021-04-12,292096.82,9
ADDS_BENCH_N10,2021-04-13,292045.4,9
ADDS_BENCH_N10,2021-04-14,292453.11,10
ADDS_BENCH_N10,2021-04-15,294576.96,9
ADDS_BENCH_N10,2021-04-16,296563.25,9
ADDS_BENCH_N10,2021-04-19,295991.19,9
ADDS_BENCH_N10,2021-04-20,292063.22,9
ADDS_BENCH_N10,2021-04-21,295745.25,8
ADDS_BENCH_N10,2021-04-22,295705.12,8
ADDS_BENCH_N10,2021-04-23,299466.28,7
ADDS_BENCH_N10,2021-04-26,300047.85,8
ADDS_BENCH_N10,2021-04-27,301356.51,9
ADDS_BENCH_N10,2021-04-28,303781.95,9
ADDS_BENCH_N10,2021-04-29,304200.99,9
ADDS_BENCH_N10,2021-04-30,301963.09,9
ADDS_BENCH_N10,2021-05-03,304344.9,8
ADDS_BENCH_N10,2021-05-04,301342.21,8
ADDS_BENCH_N10,2021-05-05,304090.83,7
ADDS_BENCH_N10,2021-05-06,306022.51,8
ADDS_BENCH_N10,2021-05-07,309844.57,8
ADDS_BENCH_N10,2021-05-10,306734.81,8
ADDS_BENCH_N10,2021-05-11,305505.28,8
ADDS_BENCH_N10,2021-05-12,299462.74,6
ADDS_BENCH_N10,2021-05-13,302720.99,6
ADDS_BENCH_N10,2021-05-14,308972.68,6
ADDS_BENCH_N10,2021-05-17,312362.32,7
ADDS_BENCH_N10,2021-05-18,311638.07,7
ADDS_BENCH_N10,2021-05-19,309986.54,7
ADDS_BENCH_N10,2021-05-20,312196.76,7
ADDS_BENCH_N10,2021-05-21,312432.83,7
ADDS_BENCH_N10,2021-05-24,315594.91,7
ADDS_BENCH_N10,2021-05-25,316762.44,7
ADDS_BENCH_N10,2021-05-26,319423.12,8
ADDS_BENCH_N10,2021-05-27,320187.6,8
ADDS_BENCH_N10,2021-05-28,321587.4,8
ADDS_BENCH_N10,2021-06-01,323990.09,8
ADDS_BENCH_N10,2021-06-02,329464.75,8
ADDS_BENCH_N10,2021-06-03,329342.53,8
ADDS_BENCH_N10,2021-06-04,333498.4,6
ADDS_BENCH_N10,2021-06-07,332573.47,8
ADDS_BENCH_N10,2021-06-08,332063.23,8
ADDS_BENCH_N10,2021-06-09,332158.01,8
ADDS_BENCH_N10,2021-06-10,334575.9,8
ADDS_BENCH_N10,2021-06-11,334958.09,8
ADDS_BENCH_N10,2021-06-14,333171.25,7
ADDS_BENCH_N10,2021-06-15,331291.93,7
ADDS_BENCH_N10,2021-06-16,328456.64,9
ADDS_BENCH_N10,2021-06-17,332035.44,9
ADDS_BENCH_N10,2021-06-18,328171.48,9
ADDS_BENCH_N10,2021-06-21,329731.57,9
ADDS_BENCH_N10,2021-06-22,332170.5,9
ADDS_BENCH_N10,2021-06-23,332587.33,9
ADDS_BENCH_N10,2021-06-24,335918.2,9
ADDS_BENCH_N10,2021-06-25,337249.1,9
ADDS_BENCH_N10,2021-06-28,338339.95,9
ADDS_BENCH_N10,2021-06-29,339484.61,9
ADDS_BENCH_N10,2021-06-30,343754.56,9
ADDS_BENCH_N10,2021-07-01,341441.72,9
ADDS_BENCH_N10,2021-07-02,341980.49,9
ADDS_BENCH_N10,2021-07-06,338365.2,9
ADDS_BENCH_N10,2021-07-07,333895.64,9
ADDS_BENCH_N10,2021-07-08,329815.13,8
ADDS_BENCH_N10,2021-07-09,334451.87,9
ADDS_BENCH_N10,2021-07-12,335361.85,9
ADDS_BENCH_N10,2021-07-13,332478.75,9
ADDS_BENCH_N10,2021-07-14,331698.54,9
ADDS_BENCH_N10,2021-07-15,331327.87,9
ADDS_BENCH_N10,2021-07-16,328302.52,9
ADDS_BENCH_N10,2021-07-19,324352.29,9
ADDS_BENCH_N10,2021-07-20,329023.97,9
ADDS_BENCH_N10,2021-07-21,332203.77,9
ADDS_BENCH_N10,2021-07-22,330438.04,9
ADDS_BENCH_N10,2021-07-23,331335.21,9
ADDS_BENCH_N10,2021-07-26,332185.66,9
ADDS_BENCH_N10,2021-07-27,330523.11,9
ADDS_BENCH_N10,2021-07-28,332583.19,9
ADDS_BENCH_N10,2021-07-29,333573.77,9
ADDS_BENCH_N10,2021-07-30,331450.54,9
ADDS_BENCH_N10,2021-08-02,331114.41,9
ADDS_BENCH_N10,2021-08-03,334998.6,9
ADDS_BENCH_N10,2021-08-04,333924.04,9
ADDS_BENCH_N10,2021-08-05,337492.71,9
ADDS_BENCH_N10,2021-08-06,337957.89,9
ADDS_BENCH_N10,2021-08-09,337416.9,9
ADDS_BENCH_N10,2021-08-10,339263.64,9
ADDS_BENCH_N10,2021-08-11,340930.81,9
ADDS_BENCH_N10,2021-08-12,340693.92,9
ADDS_BENCH_N10,2021-08-13,341285.32,8
ADDS_BENCH_N10,2021-08-16,341577.84,8
ADDS_BENCH_N10,2021-08-17,341536.06,8
ADDS_BENCH_N10,2021-08-18,339061.64,7
ADDS_BENCH_N10,2021-08-19,339503.35,6
ADDS_BENCH_N10,2021-08-20,341355.29,8
ADDS_BENCH_N10,2021-08-23,344355.53,9
ADDS_BENCH_N10,2021-08-24,345014.79,9
ADDS_BENCH_N10,2021-08-25,345856.19,9
ADDS_BENCH_N10,2021-08-26,344813.62,9
ADDS_BENCH_N10,2021-08-27,347943.52,9
ADDS_BENCH_N10,2021-08-30,349115.84,9
ADDS_BENCH_N10,2021-08-31,349489.3,9
ADDS_BENCH_N10,2021-09-01,349204.52,9
ADDS_BENCH_N10,2021-09-02,350131.2,9
ADDS_BENCH_N10,2021-09-03,351896.06,9
ADDS_BENCH_N10,2021-09-07,349582.42,9
ADDS_BENCH_N10,2021-09-08,347491.71,9
ADDS_BENCH_N10,2021-09-09,347072.73,9
ADDS_BENCH_N10,2021-09-10,344690.15,9
ADDS_BENCH_N10,2021-09-13,344228.05,9
ADDS_BENCH_N10,2021-09-14,342488.83,8
ADDS_BENCH_N10,2021-09-15,343781.15,8
ADDS_BENCH_N10,2021-09-16,345123.68,8
ADDS_BENCH_N10,2021-09-17,343581.11,8
ADDS_BENCH_N10,2021-09-20,341183.82,8
ADDS_BENCH_N10,2021-09-21,341821.05,8
ADDS_BENCH_N10,2021-09-22,346086.67,8
ADDS_BENCH_N10,2021-09-23,351103.23,8
ADDS_BENCH_N10,2021-09-24,352084.62,8
ADDS_BENCH_N10,2021-09-27,351521.9,8
ADDS_BENCH_N10,2021-09-28,345867.47,8
ADDS_BENCH_N10,2021-09-29,344553.85,7
ADDS_BENCH_N10,2021-09-30,338894.6,9
ADDS_BENCH_N10,2021-10-01,345155.96,9
ADDS_BENCH_N10,2021-10-04,343382.61,9
ADDS_BENCH_N10,2021-10-05,343777.07,9
ADDS_BENCH_N10,2021-10-06,343700.13,9
ADDS_BENCH_N10,2021-10-07,345245.74,9
ADDS_BENCH_N10,2021-10-08,341016.53,9
ADDS_BENCH_N10,2021-10-11,336240.86,9
ADDS_BENCH_N10,2021-10-12,334375.86,9
ADDS_BENCH_N10,2021-10-13,333983.08,9
ADDS_BENCH_N10,2021-10-14,337733.58,9
ADDS_BENCH_N10,2021-10-15,336992.04,9
ADDS_BENCH_N10,2021-10-18,339095.55,9
ADDS_BENCH_N10,2021-10-19,340982.7,9
ADDS_BENCH_N10,2021-10-20,342590.58,9
ADDS_BENCH_N10,2021-10-21,341801.94,9
ADDS_BENCH_N10,2021-10-22,338720.47,9
ADDS_BENCH_N10,2021-10-25,338868.67,9
ADDS_BENCH_N10,2021-10-26,341791.02,9
ADDS_BENCH_N10,2021-10-27,334542.2,9
ADDS_BENCH_N10,2021-10-28,338344.21,9
ADDS_BENCH_N10,2021-10-29,336264.67,9
ADDS_BENCH_N10,2021-11-01,341354.21,9
ADDS_BENCH_N10,2021-11-02,341365.41,9
ADDS_BENCH_N10,2021-11-03,345406.28,9
ADDS_BENCH_N10,2021-11-04,348623.24,9
ADDS_BENCH_N10,2021-11-05,352192.79,9
ADDS_BENCH_N10,2021-11-08,352376.78,9
ADDS_BENCH_N10,2021-11-09,352098.83,8
ADDS_BENCH_N10,2021-11-10,349127.42,8
ADDS_BENCH_N10,2021-11-11,349080.16,8
ADDS_BENCH_N10,2021-11-12,348798.99,8
ADDS_BENCH_N10,2021-11-15,348487.13,8
ADDS_BENCH_N10,2021-11-16,347448.35,8
ADDS_BENCH_N10,2021-11-17,343942.8,8
ADDS_BENCH_N10,2021-11-18,343580.86,8
ADDS_BENCH_N10,2021-11-19,343751.87,8
ADDS_BENCH_N10,2021-11-22,343168.45,8
ADDS_BENCH_N10,2021-11-23,341600.34,8
ADDS_BENCH_N10,2021-11-24,343074.39,8
ADDS_BENCH_N10,2021-11-26,338076.81,8
ADDS_BENCH_N10,2021-11-29,338599.01,7
ADDS_BENCH_N10,2021-11-30,330713.01,8
ADDS_BENCH_N10,2021-12-01,327328.25,8
ADDS_BENCH_N10,2021-12-02,332648.67,8
ADDS_BENCH_N10,2021-12-03,333821.18,8
ADDS_BENCH_N10,2021-12-06,339180.86,8
ADDS_BENCH_N10,2021-12-07,342225.05,8
ADDS_BENCH_N10,2021-12-08,340674.97,8
ADDS_BENCH_N10,2021-12-09,340112.75,7
ADDS_BENCH_N10,2021-12-10,339289.01,7
ADDS_BENCH_N10,2021-12-13,338960.82,7
ADDS_BENCH_N10,2021-12-14,338782.14,7
ADDS_BENCH_N10,2021-12-15,334640.91,7
ADDS_BENCH_N10,2021-12-16,341513.74,7
ADDS_BENCH_N10,2021-12-17,339581.11,7
ADDS_BENCH_N10,2021-12-20,339731.16,7
ADDS_BENCH_N10,2021-12-21,343054.74,7
ADDS_BENCH_N10,2021-12-22,344194.26,7
ADDS_BENCH_N10,2021-12-23,345666.0,7
ADDS_BENCH_N10,2021-12-27,347184.34,7
ADDS_BENCH_N10,2021-12-28,346721.87,7
ADDS_BENCH_N10,2021-12-29,344565.16,7
ADDS_BENCH_N10,2021-12-30,346194.18,7
ADDS_BENCH_N10,2021-12-31,342563.69,8
ADDS_BENCH_N10,2022-01-03,348712.26,8
ADDS_BENCH_N10,2022-01-04,351369.43,8
ADDS_BENCH_N10,2022-01-05,350555.89,8
ADDS_BENCH_N10,2022-01-06,351309.31,8
ADDS_BENCH_N10,2022-01-07,357387.21,8
ADDS_BENCH_N10,2022-01-10,356504.84,8
ADDS_BENCH_N10,2022-01-11,358401.46,8
ADDS_BENCH_N10,2022-01-12,359161.54,8
ADDS_BENCH_N10,2022-01-13,358402.86,8
ADDS_BENCH_N10,2022-01-14,366486.87,8
ADDS_BENCH_N10,2022-01-18,362867.0,8
ADDS_BENCH_N10,2022-01-19,362039.36,7
ADDS_BENCH_N10,2022-01-20,358512.31,7
ADDS_BENCH_N10,2022-01-21,352150.28,7
ADDS_BENCH_N10,2022-01-24,352802.66,4
ADDS_BENCH_N10,2022-01-25,352549.65,4
ADDS_BENCH_N10,2022-01-26,349295.2,5
ADDS_BENCH_N10,2022-01-27,346429.7,5
ADDS_BENCH_N10,2022-01-28,354562.59,9
ADDS_BENCH_N10,2022-01-31,358353.87,9
ADDS_BENCH_N10,2022-02-01,359912.23,9
ADDS_BENCH_N10,2022-02-02,361258.41,8
ADDS_BENCH_N10,2022-02-03,360094.44,8
ADDS_BENCH_N10,2022-02-04,362522.91,8
ADDS_BENCH_N10,2022-02-07,363629.32,8
ADDS_BENCH_N10,2022-02-08,363947.62,8
ADDS_BENCH_N10,2022-02-09,369889.44,8
ADDS_BENCH_N10,2022-02-10,366674.28,8
ADDS_BENCH_N10,2022-02-11,365457.05,8
ADDS_BENCH_N10,2022-02-14,360455.95,8
ADDS_BENCH_N10,2022-02-15,363673.81,8
ADDS_BENCH_N10,2022-02-16,349710.44,8
ADDS_BENCH_N10,2022-02-17,348513.82,8
ADDS_BENCH_N10,2022-02-18,347086.89,9
ADDS_BENCH_N10,2022-02-22,344532.93,8
ADDS_BENCH_N10,2022-02-23,343610.93,8
ADDS_BENCH_N10,2022-02-24,340436.75,8
ADDS_BENCH_N10,2022-02-25,349176.43,8
ADDS_BENCH_N10,2022-02-28,348817.37,8
ADDS_BENCH_N10,2022-03-01,346896.84,8
ADDS_BENCH_N10,2022-03-02,353231.95,8
ADDS_BENCH_N10,2022-03-03,355229.51,8
ADDS_BENCH_N10,2022-03-04,358341.43,8
ADDS_BENCH_N10,2022-03-07,356648.72,8
ADDS_BENCH_N10,2022-03-08,348736.86,8
ADDS_BENCH_N10,2022-03-09,351619.49,5
ADDS_BENCH_N10,2022-03-10,351586.61,7
ADDS_BENCH_N10,2022-03-11,346695.76,8
ADDS_BENCH_N10,2022-03-14,341377.39,7
ADDS_BENCH_N10,2022-03-15,347062.05,7
ADDS_BENCH_N10,2022-03-16,356337.72,7
ADDS_BENCH_N10,2022-03-17,358591.42,7
ADDS_BENCH_N10,2022-03-18,362012.35,7
ADDS_BENCH_N10,2022-03-21,358356.41,7
ADDS_BENCH_N10,2022-03-22,362432.43,8
ADDS_BENCH_N10,2022-03-23,361723.69,8
ADDS_BENCH_N10,2022-03-24,363051.44,7
ADDS_BENCH_N10,2022-03-25,367462.98,8
ADDS_BENCH_N10,2022-03-28,366963.12,8
ADDS_BENCH_N10,2022-03-29,371370.77,6
ADDS_BENCH_N10,2022-03-30,367727.27,8
ADDS_BENCH_N10,2022-03-31,363397.75,8
ADDS_BENCH_N10,2022-04-01,365090.42,5
ADDS_BENCH_N10,2022-04-04,365504.68,5
ADDS_BENCH_N10,2022-04-05,362408.67,4
ADDS_BENCH_N10,2022-04-06,362416.11,4
ADDS_BENCH_N10,2022-04-07,362210.95,4
ADDS_BENCH_N10,2022-04-08,367751.51,6
ADDS_BENCH_N10,2022-04-11,360376.81,10
ADDS_BENCH_N10,2022-04-12,364041.98,9
ADDS_BENCH_N10,2022-04-13,368188.05,8
ADDS_BENCH_N10,2022-04-14,366409.16,8
ADDS_BENCH_N10,2022-04-18,369055.78,8
ADDS_BENCH_N10,2022-04-19,369570.46,8
ADDS_BENCH_N10,2022-04-20,370201.81,8
ADDS_BENCH_N10,2022-04-21,357889.81,8
ADDS_BENCH_N10,2022-04-22,348221.21,8
ADDS_BENCH_N10,2022-04-25,340254.49,7
ADDS_BENCH_N10,2022-04-26,339974.33,8
ADDS_BENCH_N10,2022-04-27,341533.28,8
ADDS_BENCH_N10,2022-04-28,344927.08,8
ADDS_BENCH_N10,2022-04-29,334081.21,8
ADDS_BENCH_N10,2022-05-02,338238.32,8
ADDS_BENCH_N10,2022-05-03,345835.09,8
ADDS_BENCH_N10,2022-05-04,359241.33,8
ADDS_BENCH_N10,2022-05-05,353139.97,8
ADDS_BENCH_N10,2022-05-06,357768.45,8
ADDS_BENCH_N10,2022-05-09,336015.58,8
ADDS_BENCH_N10,2022-05-10,338479.82,8
ADDS_BENCH_N10,2022-05-11,340018.46,8
ADDS_BENCH_N10,2022-05-12,337937.13,8
ADDS_BENCH_N10,2022-05-13,349558.78,8
ADDS_BENCH_N10,2022-05-16,354346.27,8
ADDS_BENCH_N10,2022-05-17,360630.27,8
ADDS_BENCH_N10,2022-05-18,346884.45,8
ADDS_BENCH_N10,2022-05-19,343092.97,6
ADDS_BENCH_N10,2022-05-20,338597.48,7
ADDS_BENCH_N10,2022-05-23,346468.82,7
ADDS_BENCH_N10,2022-05-24,346936.99,7
ADDS_BENCH_N10,2022-05-25,349967.55,7
ADDS_BENCH_N10,2022-05-26,356615.91,7
ADDS_BENCH_N10,2022-05-27,361305.19,7
ADDS_BENCH_N10,2022-05-31,357345.7,7
ADDS_BENCH_N10,2022-06-01,356491.43,8
ADDS_BENCH_N10,2022-06-02,356880.95,6
ADDS_BENCH_N10,2022-06-03,351383.75,7
ADDS_BENCH_N10,2022-06-06,354254.7,5
ADDS_BENCH_N10,2022-06-07,355830.04,5
ADDS_BENCH_N10,2022-06-08,351721.32,7
ADDS_BENCH_N10,2022-06-09,347240.98,7
ADDS_BENCH_N10,2022-06-10,341701.2,7
ADDS_BENCH_N10,2022-06-13,330183.45,7
ADDS_BENCH_N10,2022-06-14,330904.7,7
ADDS_BENCH_N10,2022-06-15,335924.78,7
ADDS_BENCH_N10,2022-06-16,324688.31,7
ADDS_BENCH_N10,2022-06-17,325771.14,7
ADDS_BENCH_N10,2022-06-21,335525.48,7
ADDS_BENCH_N10,2022-06-22,334378.34,7
ADDS_BENCH_N10,2022-06-23,335792.17,7
ADDS_BENCH_N10,2022-06-24,344577.58,7
ADDS_BENCH_N10,2022-06-27,345108.55,7
ADDS_BENCH_N10,2022-06-28,338677.98,7
ADDS_BENCH_N10,2022-06-29,336363.7,7
ADDS_BENCH_N10,2022-06-30,333269.57,7
ADDS_BENCH_N10,2022-07-01,334703.23,7
ADDS_BENCH_N10,2022-07-05,334538.09,7
ADDS_BENCH_N10,2022-07-06,333675.9,7
ADDS_BENCH_N10,2022-07-07,339199.73,7
ADDS_BENCH_N10,2022-07-08,339983.82,7
ADDS_BENCH_N10,2022-07-11,334957.1,7
ADDS_BENCH_N10,2022-07-12,333457.84,7
ADDS_BENCH_N10,2022-07-13,331967.67,7
ADDS_BENCH_N10,2022-07-14,331458.14,7
ADDS_BENCH_N10,2022-07-15,338339.23,7
ADDS_BENCH_N10,2022-07-18,337448.61,7
ADDS_BENCH_N10,2022-07-19,347043.52,7
ADDS_BENCH_N10,2022-07-20,348514.45,7
ADDS_BENCH_N10,2022-07-21,353956.03,8
ADDS_BENCH_N10,2022-07-22,349503.34,8
ADDS_BENCH_N10,2022-07-25,349707.88,7
ADDS_BENCH_N10,2022-07-26,344221.05,7
ADDS_BENCH_N10,2022-07-27,359256.85,7
ADDS_BENCH_N10,2022-07-28,362780.96,7
ADDS_BENCH_N10,2022-07-29,369817.09,7
ADDS_BENCH_N10,2022-08-01,365736.62,7
ADDS_BENCH_N10,2022-08-02,361517.26,8
ADDS_BENCH_N10,2022-08-03,369950.22,7
ADDS_BENCH_N10,2022-08-04,371845.66,7
ADDS_BENCH_N10,2022-08-05,370442.08,7
ADDS_BENCH_N10,2022-08-08,372856.84,7
ADDS_BENCH_N10,2022-08-09,370567.21,7
ADDS_BENCH_N10,2022-08-10,377983.98,7
ADDS_BENCH_N10,2022-08-11,374957.08,7
ADDS_BENCH_N10,2022-08-12,380720.21,7
ADDS_BENCH_N10,2022-08-15,382257.64,7
ADDS_BENCH_N10,2022-08-16,384490.57,7
ADDS_BENCH_N10,2022-08-17,379149.81,7
ADDS_BENCH_N10,2022-08-18,377790.43,7
ADDS_BENCH_N10,2022-08-19,370547.03,8
ADDS_BENCH_N10,2022-08-22,364706.98,7
ADDS_BENCH_N10,2022-08-23,369218.75,7
ADDS_BENCH_N10,2022-08-24,372529.65,7
ADDS_BENCH_N10,2022-08-25,377791.52,7
ADDS_BENCH_N10,2022-08-26,366804.46,8
ADDS_BENCH_N10,2022-08-29,365271.7,7
ADDS_BENCH_N10,2022-08-30,361087.01,7
ADDS_BENCH_N10,2022-08-31,357627.14,7
ADDS_BENCH_N10,2022-09-01,358540.87,6
ADDS_BENCH_N10,2022-09-02,355685.58,7
ADDS_BENCH_N10,2022-09-06,356606.02,7
ADDS_BENCH_N10,2022-09-07,366996.47,7
ADDS_BENCH_N10,2022-09-08,369905.63,7
ADDS_BENCH_N10,2022-09-09,374960.07,7
ADDS_BENCH_N10,2022-09-12,379852.43,7
ADDS_BENCH_N10,2022-09-13,364159.18,7
ADDS_BENCH_N10,2022-09-14,365876.49,6
ADDS_BENCH_N10,2022-09-15,367485.46,8
ADDS_BENCH_N10,2022-09-16,360960.14,8
ADDS_BENCH_N10,2022-09-19,363041.73,8
ADDS_BENCH_N10,2022-09-20,357427.89,8
ADDS_BENCH_N10,2022-09-21,348966.09,8
ADDS_BENCH_N10,2022-09-22,343416.51,8
ADDS_BENCH_N10,2022-09-23,335362.82,8
ADDS_BENCH_N10,2022-09-26,329137.64,8
ADDS_BENCH_N10,2022-09-27,334739.24,8
ADDS_BENCH_N10,2022-09-28,344025.51,8
ADDS_BENCH_N10,2022-09-29,337727.81,8
ADDS_BENCH_N10,2022-09-30,333403.81,8
ADDS_BENCH_N10,2022-10-03,338392.16,8
ADDS_BENCH_N10,2022-10-04,354222.22,8
ADDS_BENCH_N10,2022-10-05,355239.89,8
ADDS_BENCH_N10,2022-10-06,356209.47,8
ADDS_BENCH_N10,2022-10-07,351335.93,8
ADDS_BENCH_N10,2022-10-10,346254.54,8
ADDS_BENCH_N10,2022-10-11,347298.71,8
ADDS_BENCH_N10,2022-10-12,349126.31,8
ADDS_BENCH_N10,2022-10-13,356441.44,8
ADDS_BENCH_N10,2022-10-14,350299.67,8
ADDS_BENCH_N10,2022-10-17,353972.77,8
ADDS_BENCH_N10,2022-10-18,358239.55,8
ADDS_BENCH_N10,2022-10-19,360685.03,8
ADDS_BENCH_N10,2022-10-20,358374.49,8
ADDS_BENCH_N10,2022-10-21,364779.94,9
ADDS_BENCH_N10,2022-10-24,367285.99,9
ADDS_BENCH_N10,2022-10-25,372541.1,9
ADDS_BENCH_N10,2022-10-26,371638.72,9
ADDS_BENCH_N10,2022-10-27,367905.45,9
ADDS_BENCH_N10,2022-10-28,370546.74,8
ADDS_BENCH_N10,2022-10-31,367985.74,8
ADDS_BENCH_N10,2022-11-01,367085.39,8
ADDS_BENCH_N10,2022-11-02,356283.37,8
ADDS_BENCH_N10,2022-11-03,350587.45,6
ADDS_BENCH_N10,2022-11-04,353766.96,6
ADDS_BENCH_N10,2022-11-07,357761.16,7
ADDS_BENCH_N10,2022-11-08,362855.31,7
ADDS_BENCH_N10,2022-11-09,352187.27,7
ADDS_BENCH_N10,2022-11-10,371992.32,5
ADDS_BENCH_N10,2022-11-11,381609.64,6
ADDS_BENCH_N10,2022-11-14,377287.92,6
ADDS_BENCH_N10,2022-11-15,382248.66,6
ADDS_BENCH_N10,2022-11-16,370309.96,6
ADDS_BENCH_N10,2022-11-17,364707.59,4
ADDS_BENCH_N10,2022-11-18,363343.01,4
ADDS_BENCH_N10,2022-11-21,359289.17,5
ADDS_BENCH_N10,2022-11-22,362557.84,6
ADDS_BENCH_N10,2022-11-23,364459.59,7
ADDS_BENCH_N10,2022-11-25,360144.01,7
ADDS_BENCH_N10,2022-11-28,360319.01,7
ADDS_BENCH_N10,2022-11-29,358199.77,7
ADDS_BENCH_N10,2022-11-30,363530.24,7
ADDS_BENCH_N10,2022-12-01,363488.54,7
ADDS_BENCH_N10,2022-12-02,359198.69,7
ADDS_BENCH_N10,2022-12-05,352424.04,7
ADDS_BENCH_N10,2022-12-06,349283.15,5
ADDS_BENCH_N10,2022-12-07,349525.96,6
ADDS_BENCH_N10,2022-12-08,348497.45,6
ADDS_BENCH_N10,2022-12-09,347559.87,6
ADDS_BENCH_N10,2022-12-12,354572.68,6
ADDS_BENCH_N10,2022-12-13,351232.84,7
ADDS_BENCH_N10,2022-12-14,351542.38,7
ADDS_BENCH_N10,2022-12-15,342205.34,7
ADDS_BENCH_N10,2022-12-16,339440.08,6
ADDS_BENCH_N10,2022-12-19,332235.97,6
ADDS_BENCH_N10,2022-12-20,331659.44,6
ADDS_BENCH_N10,2022-12-21,335260.69,6
ADDS_BENCH_N10,2022-12-22,329072.59,6
ADDS_BENCH_N10,2022-12-23,332983.62,6
ADDS_BENCH_N10,2022-12-27,330708.84,6
ADDS_BENCH_N10,2022-12-28,322868.15,6
ADDS_BENCH_N10,2022-12-29,330922.72,6
ADDS_BENCH_N10,2022-12-30,331278.94,6
ADDS_BENCH_N10,2023-01-03,332302.11,6
ADDS_BENCH_N10,2023-01-04,341453.95,6
ADDS_BENCH_N10,2023-01-05,339503.07,6
ADDS_BENCH_N10,2023-01-06,346395.67,6
ADDS_BENCH_N10,2023-01-09,351713.12,6
ADDS_BENCH_N10,2023-01-10,357835.72,6
ADDS_BENCH_N10,2023-01-11,360697.76,6
ADDS_BENCH_N10,2023-01-12,369831.39,6
ADDS_BENCH_N10,2023-01-13,371513.03,6
ADDS_BENCH_N10,2023-01-17,369823.66,6
ADDS_BENCH_N10,2023-01-18,361243.11,6
ADDS_BENCH_N10,2023-01-19,358831.49,5
ADDS_BENCH_N10,2023-01-20,362972.67,7
ADDS_BENCH_N10,2023-01-23,367710.65,7
ADDS_BENCH_N10,2023-01-24,363614.51,7
ADDS_BENCH_N10,2023-01-25,364919.03,6
ADDS_BENCH_N10,2023-01-26,369098.79,7
ADDS_BENCH_N10,2023-01-27,370793.02,7
ADDS_BENCH_N10,2023-01-30,363459.53,7
ADDS_BENCH_N10,2023-01-31,368353.31,7
ADDS_BENCH_N10,2023-02-01,367455.66,7
ADDS_BENCH_N10,2023-02-02,373131.89,7
ADDS_BENCH_N10,2023-02-03,368059.77,7
ADDS_BENCH_N10,2023-02-06,360090.76,7
ADDS_BENCH_N10,2023-02-07,366755.26,7
ADDS_BENCH_N10,2023-02-08,356813.38,7
ADDS_BENCH_N10,2023-02-09,357169.39,7
ADDS_BENCH_N10,2023-02-10,363161.31,7
ADDS_BENCH_N10,2023-02-13,362208.5,7
ADDS_BENCH_N10,2023-02-14,360284.76,7
ADDS_BENCH_N10,2023-02-15,360304.1,7
ADDS_BENCH_N10,2023-02-16,358379.82,7
ADDS_BENCH_N10,2023-02-17,353831.42,7
ADDS_BENCH_N10,2023-02-21,351280.11,7
ADDS_BENCH_N10,2023-02-22,354381.07,6
ADDS_BENCH_N10,2023-02-23,357085.45,8
ADDS_BENCH_N10,2023-02-24,358931.27,8
ADDS_BENCH_N10,2023-02-27,357668.09,8
ADDS_BENCH_N10,2023-02-28,354315.37,8
ADDS_BENCH_N10,2023-03-01,354417.96,8
ADDS_BENCH_N10,2023-03-02,356821.31,8
ADDS_BENCH_N10,2023-03-03,363323.27,8
ADDS_BENCH_N10,2023-03-06,360069.61,8
ADDS_BENCH_N10,2023-03-07,354539.36,8
ADDS_BENCH_N10,2023-03-08,354911.63,7
ADDS_BENCH_N10,2023-03-09,348269.7,7
ADDS_BENCH_N10,2023-03-10,340620.48,7
ADDS_BENCH_N10,2023-03-13,336655.95,7
ADDS_BENCH_N10,2023-03-14,340399.94,7
ADDS_BENCH_N10,2023-03-15,332050.06,7
ADDS_BENCH_N10,2023-03-16,339143.0,7
ADDS_BENCH_N10,2023-03-17,334852.15,7
ADDS_BENCH_N10,2023-03-20,339233.0,7
ADDS_BENCH_N10,2023-03-21,348672.92,7
ADDS_BENCH_N10,2023-03-22,339715.13,7
ADDS_BENCH_N10,2023-03-23,338433.37,7
ADDS_BENCH_N10,2023-03-24,339753.25,7
ADDS_BENCH_N10,2023-03-27,341692.61,7
ADDS_BENCH_N10,2023-03-28,342564.33,7
ADDS_BENCH_N10,2023-03-29,347219.9,7
ADDS_BENCH_N10,2023-03-30,347854.89,7
ADDS_BENCH_N10,2023-03-31,354892.68,7
ADDS_BENCH_N10,2023-04-03,356826.49,7
ADDS_BENCH_N10,2023-04-04,355594.98,7
ADDS_BENCH_N10,2023-04-05,351260.2,5
ADDS_BENCH_N10,2023-04-06,351420.31,6
ADDS_BENCH_N10,2023-04-10,354720.56,6
ADDS_BENCH_N10,2023-04-11,353442.61,6
ADDS_BENCH_N10,2023-04-12,348140.9,6
ADDS_BENCH_N10,2023-04-13,351597.76,5
ADDS_BENCH_N10,2023-04-14,350877.96,8
ADDS_BENCH_N10,2023-04-17,354742.28,8
ADDS_BENCH_N10,2023-04-18,353905.44,8
ADDS_BENCH_N10,2023-04-19,352677.33,8
ADDS_BENCH_N10,2023-04-20,346201.41,8
ADDS_BENCH_N10,2023-04-21,344290.73,8
ADDS_BENCH_N10,2023-04-24,342652.45,8
ADDS_BENCH_N10,2023-04-25,333382.84,8
ADDS_BENCH_N10,2023-04-26,331058.96,8
ADDS_BENCH_N10,2023-04-27,344275.25,8
ADDS_BENCH_N10,2023-04-28,351511.93,8
ADDS_BENCH_N10,2023-05-01,347110.35,8
ADDS_BENCH_N10,2023-05-02,336679.57,8
ADDS_BENCH_N10,2023-05-03,332521.95,8
ADDS_BENCH_N10,2023-05-04,328393.57,8
ADDS_BENCH_N10,2023-05-05,341310.33,8
ADDS_BENCH_N10,2023-05-08,342414.77,8
ADDS_BENCH_N10,2023-05-09,332618.62,8
ADDS_BENCH_N10,2023-05-10,329569.33,8
ADDS_BENCH_N10,2023-05-11,327955.41,8
ADDS_BENCH_N10,2023-05-12,327952.64,8
ADDS_BENCH_N10,2023-05-15,336532.74,8
ADDS_BENCH_N10,2023-05-16,333141.97,8
ADDS_BENCH_N10,2023-05-17,339964.68,8
ADDS_BENCH_N10,2023-05-18,345713.84,8
ADDS_BENCH_N10,2023-05-19,342916.46,8
ADDS_BENCH_N10,2023-05-22,346889.48,8
ADDS_BENCH_N10,2023-05-23,343357.46,8
ADDS_BENCH_N10,2023-05-24,337754.96,7
ADDS_BENCH_N10,2023-05-25,330406.89,7
ADDS_BENCH_N10,2023-05-26,337770.15,7
ADDS_BENCH_N10,2023-05-30,344096.07,7
ADDS_BENCH_N10,2023-05-31,342498.74,7
ADDS_BENCH_N10,2023-06-01,345631.53,7
ADDS_BENCH_N10,2023-06-02,354361.58,7
ADDS_BENCH_N10,2023-06-05,350940.95,7
ADDS_BENCH_N10,2023-06-06,359691.7,7
ADDS_BENCH_N10,2023-06-07,367331.44,7
ADDS_BENCH_N10,2023-06-08,372550.18,7
ADDS_BENCH_N10,2023-06-09,372406.48,6
ADDS_BENCH_N10,2023-06-12,378193.65,6
ADDS_BENCH_N10,2023-06-13,382953.66,8
ADDS_BENCH_N10,2023-06-14,385356.58,8
ADDS_BENCH_N10,2023-06-15,388169.25,8
ADDS_BENCH_N10,2023-06-16,390382.26,8
ADDS_BENCH_N10,2023-06-20,388604.19,8
ADDS_BENCH_N10,2023-06-21,380108.79,8
ADDS_BENCH_N10,2023-06-22,379293.66,6
ADDS_BENCH_N10,2023-06-23,376397.24,7
ADDS_BENCH_N10,2023-06-26,376046.43,6
ADDS_BENCH_N10,2023-06-27,377475.73,6
ADDS_BENCH_N10,2023-06-28,379540.0,9
ADDS_BENCH_N10,2023-06-29,382327.51,9
ADDS_BENCH_N10,2023-06-30,384023.88,9
ADDS_BENCH_N10,2023-07-03,386376.53,9
ADDS_BENCH_N10,2023-07-05,386025.69,9
ADDS_BENCH_N10,2023-07-06,383185.6,9
ADDS_BENCH_N10,2023-07-07,381115.77,8
ADDS_BENCH_N10,2023-07-10,380207.45,8
ADDS_BENCH_N10,2023-07-11,385174.44,8
ADDS_BENCH_N10,2023-07-12,387430.01,8
ADDS_BENCH_N10,2023-07-13,389949.97,8
ADDS_BENCH_N10,2023-07-14,386169.57,8
ADDS_BENCH_N10,2023-07-17,384813.14,8
ADDS_BENCH_N10,2023-07-18,390407.68,8
ADDS_BENCH_N10,2023-07-19,394173.66,8
ADDS_BENCH_N10,2023-07-20,393987.51,8
ADDS_BENCH_N10,2023-07-21,394284.12,8
ADDS_BENCH_N10,2023-07-24,394731.46,8
ADDS_BENCH_N10,2023-07-25,393306.75,8
ADDS_BENCH_N10,2023-07-26,393637.26,7
ADDS_BENCH_N10,2023-07-27,388351.08,7
ADDS_BENCH_N10,2023-07-28,390634.31,7
ADDS_BENCH_N10,2023-07-31,392350.04,7
ADDS_BENCH_N10,2023-08-01,390020.48,7
ADDS_BENCH_N10,2023-08-02,383460.37,7
ADDS_BENCH_N10,2023-08-03,381570.24,7
ADDS_BENCH_N10,2023-08-04,379607.65,7
ADDS_BENCH_N10,2023-08-07,383255.23,7
ADDS_BENCH_N10,2023-08-08,381165.74,7
ADDS_BENCH_N10,2023-08-09,376836.18,7
ADDS_BENCH_N10,2023-08-10,375922.39,7
ADDS_BENCH_N10,2023-08-11,374743.64,7
ADDS_BENCH_N10,2023-08-14,376784.98,7
ADDS_BENCH_N10,2023-08-15,375101.34,7
ADDS_BENCH_N10,2023-08-16,370615.92,7
ADDS_BENCH_N10,2023-08-17,367330.5,7
ADDS_BENCH_N10,2023-08-18,368860.92,7
ADDS_BENCH_N10,2023-08-21,370265.0,7
ADDS_BENCH_N10,2023-08-22,369345.61,7
ADDS_BENCH_N10,2023-08-23,373288.2,7
ADDS_BENCH_N10,2023-08-24,366269.24,7
ADDS_BENCH_N10,2023-08-25,369361.72,7
ADDS_BENCH_N10,2023-08-28,371061.7,7
ADDS_BENCH_N10,2023-08-29,379032.76,7
ADDS_BENCH_N10,2023-08-30,379851.3,7
ADDS_BENCH_N10,2023-08-31,378492.69,7
ADDS_BENCH_N10,2023-09-01,379520.02,7
ADDS_BENCH_N10,2023-09-05,380374.73,7
ADDS_BENCH_N10,2023-09-06,380015.97,7
ADDS_BENCH_N10,2023-09-07,379325.45,7
ADDS_BENCH_N10,2023-09-08,378985.86,7
ADDS_BENCH_N10,2023-09-11,380654.25,7
ADDS_BENCH_N10,2023-09-12,370320.77,7
ADDS_BENCH_N10,2023-09-13,372858.68,7
ADDS_BENCH_N10,2023-09-14,376264.79,7
ADDS_BENCH_N10,2023-09-15,373415.17,8
ADDS_BENCH_N10,2023-09-18,371630.35,8
ADDS_BENCH_N10,2023-09-19,369552.09,8
ADDS_BENCH_N10,2023-09-20,367632.11,8
ADDS_BENCH_N10,2023-09-21,360940.93,8
ADDS_BENCH_N10,2023-09-22,358562.42,8
ADDS_BENCH_N10,2023-09-25,358151.85,8
ADDS_BENCH_N10,2023-09-26,352073.27,8
ADDS_BENCH_N10,2023-09-27,353586.31,8
ADDS_BENCH_N10,2023-09-28,358752.87,8
ADDS_BENCH_N10,2023-09-29,356491.85,8
ADDS_BENCH_N10,2023-10-02,355688.27,8
ADDS_BENCH_N10,2023-10-03,348105.32,8
ADDS_BENCH_N10,2023-10-04,351859.16,8
ADDS_BENCH_N10,2023-10-05,353724.91,8
ADDS_BENCH_N10,2023-10-06,357780.23,8
ADDS_BENCH_N10,2023-10-09,360490.83,8
ADDS_BENCH_N10,2023-10-10,362501.51,8
ADDS_BENCH_N10,2023-10-11,361481.16,8
ADDS_BENCH_N10,2023-10-12,360408.47,8
ADDS_BENCH_N10,2023-10-13,358336.61,8
ADDS_BENCH_N10,2023-10-16,361140.63,8
ADDS_BENCH_N10,2023-10-17,362284.62,8
ADDS_BENCH_N10,2023-10-18,356843.15,8
ADDS_BENCH_N10,2023-10-19,354157.19,8
ADDS_BENCH_N10,2023-10-20,348369.94,8
ADDS_BENCH_N10,2023-10-23,348058.04,8
ADDS_BENCH_N10,2023-10-24,351359.2,8
ADDS_BENCH_N10,2023-10-25,344891.91,8
ADDS_BENCH_N10,2023-10-26,340347.76,8
ADDS_BENCH_N10,2023-10-27,342566.28,8
ADDS_BENCH_N10,2023-10-30,346088.25,8
ADDS_BENCH_N10,2023-10-31,350952.33,8
ADDS_BENCH_N10,2023-11-01,357426.17,8
ADDS_BENCH_N10,2023-11-02,364190.32,8
ADDS_BENCH_N10,2023-11-03,370336.33,8
ADDS_BENCH_N10,2023-11-06,370396.82,8
ADDS_BENCH_N10,2023-11-07,370496.81,7
ADDS_BENCH_N10,2023-11-08,373172.47,7
ADDS_BENCH_N10,2023-11-09,373247.08,7
ADDS_BENCH_N10,2023-11-10,377986.59,7
ADDS_BENCH_N10,2023-11-13,379406.19,7
ADDS_BENCH_N10,2023-11-14,385959.28,7
ADDS_BENCH_N10,2023-11-15,387140.79,7
ADDS_BENCH_N10,2023-11-16,389592.41,7
ADDS_BENCH_N10,2023-11-17,389647.42,7
ADDS_BENCH_N10,2023-11-20,393005.45,7
ADDS_BENCH_N10,2023-11-21,390274.46,7
ADDS_BENCH_N10,2023-11-22,392790.42,7
ADDS_BENCH_N10,2023-11-24,393295.81,7
ADDS_BENCH_N10,2023-11-27,391721.72,6
ADDS_BENCH_N10,2023-11-28,389150.19,3
ADDS_BENCH_N10,2023-11-29,388023.91,3
ADDS_BENCH_N10,2023-11-30,389648.37,4
ADDS_BENCH_N10,2023-12-01,391149.81,7
ADDS_BENCH_N10,2023-12-04,393755.1,8
ADDS_BENCH_N10,2023-12-05,390534.77,8
ADDS_BENCH_N10,2023-12-06,394996.9,8
ADDS_BENCH_N10,2023-12-07,400327.76,8
ADDS_BENCH_N10,2023-12-08,404278.96,8
ADDS_BENCH_N10,2023-12-11,406216.45,8
ADDS_BENCH_N10,2023-12-12,405719.1,8
ADDS_BENCH_N10,2023-12-13,416248.8,8
ADDS_BENCH_N10,2023-12-14,419064.16,8
ADDS_BENCH_N10,2023-12-15,418936.45,8
ADDS_BENCH_N10,2023-12-18,419042.07,8
ADDS_BENCH_N10,2023-12-19,425259.96,8
ADDS_BENCH_N10,2023-12-20,419800.0,8
ADDS_BENCH_N10,2023-12-21,426628.07,6
ADDS_BENCH_N10,2023-12-22,428450.63,8
ADDS_BENCH_N10,2023-12-26,431186.77,8
ADDS_BENCH_N10,2023-12-27,431386.94,8
ADDS_BENCH_N10,2023-12-28,431695.66,7
ADDS_BENCH_N10,2023-12-29,429697.09,7
ADDS_BENCH_N10,2024-01-02,438628.2,8
ADDS_BENCH_N10,2024-01-03,434132.37,8
ADDS_BENCH_N10,2024-01-04,425277.17,7
ADDS_BENCH_N10,2024-01-05,427280.66,7
ADDS_BENCH_N10,2024-01-08,426899.6,7
ADDS_BENCH_N10,2024-01-09,424757.3,10
ADDS_BENCH_N10,2024-01-10,424830.82,9
ADDS_BENCH_N10,2024-01-11,425416.6,9
ADDS_BENCH_N10,2024-01-12,417161.54,9
ADDS_BENCH_N10,2024-01-16,409844.08,9
ADDS_BENCH_N10,2024-01-17,407368.66,9
ADDS_BENCH_N10,2024-01-18,411908.39,9
ADDS_BENCH_N10,2024-01-19,414890.14,9
ADDS_BENCH_N10,2024-01-22,412513.73,9
ADDS_BENCH_N10,2024-01-23,418276.99,8
ADDS_BENCH_N10,2024-01-24,416718.89,8
ADDS_BENCH_N10,2024-01-25,431424.97,7
ADDS_BENCH_N10,2024-01-26,430757.48,7
ADDS_BENCH_N10,2024-01-29,429407.75,7
ADDS_BENCH_N10,2024-01-30,425025.76,7
ADDS_BENCH_N10,2024-01-31,418473.47,7
ADDS_BENCH_N10,2024-02-01,422282.38,7
ADDS_BENCH_N10,2024-02-02,419417.23,7
ADDS_BENCH_N10,2024-02-05,411727.81,7
ADDS_BENCH_N10,2024-02-06,416824.91,7
ADDS_BENCH_N10,2024-02-07,419665.67,7
ADDS_BENCH_N10,2024-02-08,421513.34,7
ADDS_BENCH_N10,2024-02-09,420316.02,7
ADDS_BENCH_N10,2024-02-12,424724.81,7
ADDS_BENCH_N10,2024-02-13,419178.07,7
ADDS_BENCH_N10,2024-02-14,421781.78,7
ADDS_BENCH_N10,2024-02-15,426539.58,7
ADDS_BENCH_N10,2024-02-16,423251.11,7
ADDS_BENCH_N10,2024-02-20,421898.28,7
ADDS_BENCH_N10,2024-02-21,426728.71,7
ADDS_BENCH_N10,2024-02-22,433968.92,7
ADDS_BENCH_N10,2024-02-23,432386.94,7
ADDS_BENCH_N10,2024-02-26,429819.59,7
ADDS_BENCH_N10,2024-02-27,431679.41,7
ADDS_BENCH_N10,2024-02-28,430536.44,8
ADDS_BENCH_N10,2024-02-29,436514.95,7
ADDS_BENCH_N10,2024-03-01,443754.02,7
ADDS_BENCH_N10,2024-03-04,442391.87,7
ADDS_BENCH_N10,2024-03-05,441537.46,7
ADDS_BENCH_N10,2024-03-06,448268.7,7
ADDS_BENCH_N10,2024-03-07,448897.63,7
ADDS_BENCH_N10,2024-03-08,452061.41,7
ADDS_BENCH_N10,2024-03-11,451432.15,7
ADDS_BENCH_N10,2024-03-12,448418.38,7
ADDS_BENCH_N10,2024-03-13,454267.85,7
ADDS_BENCH_N10,2024-03-14,448250.24,7
ADDS_BENCH_N10,2024-03-15,446870.84,7
ADDS_BENCH_N10,2024-03-18,448192.45,7
ADDS_BENCH_N10,2024-03-19,449173.94,7
ADDS_BENCH_N10,2024-03-20,464859.63,7
ADDS_BENCH_N10,2024-03-21,464921.07,7
ADDS_BENCH_N10,2024-03-22,464257.38,7
ADDS_BENCH_N10,2024-03-25,466085.55,6
ADDS_BENCH_N10,2024-03-26,465129.37,8
ADDS_BENCH_N10,2024-03-27,470773.89,8
ADDS_BENCH_N10,2024-03-28,468604.42,8
ADDS_BENCH_N10,2024-04-01,468205.42,8
ADDS_BENCH_N10,2024-04-02,461455.32,8
ADDS_BENCH_N10,2024-04-03,462566.72,8
ADDS_BENCH_N10,2024-04-04,454770.99,8
ADDS_BENCH_N10,2024-04-05,457666.45,5
ADDS_BENCH_N10,2024-04-08,460260.62,7
ADDS_BENCH_N10,2024-04-09,458388.5,7
ADDS_BENCH_N10,2024-04-10,452229.9,8
ADDS_BENCH_N10,2024-04-11,455672.67,8
ADDS_BENCH_N10,2024-04-12,443778.08,8
ADDS_BENCH_N10,2024-04-15,438178.95,8
ADDS_BENCH_N10,2024-04-16,437048.03,8
ADDS_BENCH_N10,2024-04-17,435924.98,8
ADDS_BENCH_N10,2024-04-18,435622.9,8
ADDS_BENCH_N10,2024-04-19,432442.41,8
ADDS_BENCH_N10,2024-04-22,433998.1,8
ADDS_BENCH_N10,2024-04-23,439134.95,8
ADDS_BENCH_N10,2024-04-24,443216.04,8
ADDS_BENCH_N10,2024-04-25,444640.92,8
ADDS_BENCH_N10,2024-04-26,446752.89,8
ADDS_BENCH_N10,2024-04-29,446900.96,8
ADDS_BENCH_N10,2024-04-30,438998.47,8
ADDS_BENCH_N10,2024-05-01,427806.21,8
ADDS_BENCH_N10,2024-05-02,429481.49,8
ADDS_BENCH_N10,2024-05-03,433461.19,8
ADDS_BENCH_N10,2024-05-06,437153.08,8
ADDS_BENCH_N10,2024-05-07,433967.53,8
ADDS_BENCH_N10,2024-05-08,440248.95,8
ADDS_BENCH_N10,2024-05-09,442883.33,8
ADDS_BENCH_N10,2024-05-10,446854.09,8
ADDS_BENCH_N10,2024-05-13,448330.29,8
ADDS_BENCH_N10,2024-05-14,450374.8,8
ADDS_BENCH_N10,2024-05-15,458200.15,8
ADDS_BENCH_N10,2024-05-16,456842.47,8
ADDS_BENCH_N10,2024-05-17,457084.11,9
ADDS_BENCH_N10,2024-05-20,463289.12,9
ADDS_BENCH_N10,2024-05-21,462248.64,9
ADDS_BENCH_N10,2024-05-22,458166.85,9
ADDS_BENCH_N10,2024-05-23,444257.82,9
ADDS_BENCH_N10,2024-05-24,449809.49,8
ADDS_BENCH_N10,2024-05-28,453358.97,8
ADDS_BENCH_N10,2024-05-29,447294.05,8
ADDS_BENCH_N10,2024-05-30,449585.64,8
ADDS_BENCH_N10,2024-05-31,455914.09,9
ADDS_BENCH_N10,2024-06-03,461521.46,9
ADDS_BENCH_N10,2024-06-04,469577.89,9
ADDS_BENCH_N10,2024-06-05,471821.8,9
ADDS_BENCH_N10,2024-06-06,468718.4,8
ADDS_BENCH_N10,2024-06-07,464899.31,8
ADDS_BENCH_N10,2024-06-10,467653.03,7
ADDS_BENCH_N10,2024-06-11,465509.97,7
ADDS_BENCH_N10,2024-06-12,466235.77,7
ADDS_BENCH_N10,2024-06-13,462083.09,7
ADDS_BENCH_N10,2024-06-14,457148.39,7
ADDS_BENCH_N10,2024-06-17,460178.96,7
ADDS_BENCH_N10,2024-06-18,458366.93,7
ADDS_BENCH_N10,2024-06-20,460742.71,7
ADDS_BENCH_N10,2024-06-21,466205.27,7
ADDS_BENCH_N10,2024-06-24,463433.24,7
ADDS_BENCH_N10,2024-06-25,463908.53,7
ADDS_BENCH_N10,2024-06-26,463845.38,7
ADDS_BENCH_N10,2024-06-27,465696.37,7
ADDS_BENCH_N10,2024-06-28,466859.48,7
ADDS_BENCH_N10,2024-07-01,465941.16,7
ADDS_BENCH_N10,2024-07-02,472872.29,7
ADDS_BENCH_N10,2024-07-03,477230.84,7
ADDS_BENCH_N10,2024-07-05,479539.04,7
ADDS_BENCH_N10,2024-07-08,485848.03,6
ADDS_BENCH_N10,2024-07-09,488107.87,6
ADDS_BENCH_N10,2024-07-10,491862.46,7
ADDS_BENCH_N10,2024-07-11,485665.21,7
ADDS_BENCH_N10,2024-07-12,492366.78,8
ADDS_BENCH_N10,2024-07-15,493064.14,8
ADDS_BENCH_N10,2024-07-16,502596.34,8
ADDS_BENCH_N10,2024-07-17,504958.27,8
ADDS_BENCH_N10,2024-07-18,498136.17,8
ADDS_BENCH_N10,2024-07-19,493954.53,5
ADDS_BENCH_N10,2024-07-22,494009.47,4
ADDS_BENCH_N10,2024-07-23,491255.98,7
ADDS_BENCH_N10,2024-07-24,487521.3,7
ADDS_BENCH_N10,2024-07-25,482346.5,6
ADDS_BENCH_N10,2024-07-26,499228.77,8
ADDS_BENCH_N10,2024-07-29,499571.92,9
ADDS_BENCH_N10,2024-07-30,506314.82,9
ADDS_BENCH_N10,2024-07-31,514323.86,9
ADDS_BENCH_N10,2024-08-01,509199.63,9
ADDS_BENCH_N10,2024-08-02,499952.85,9
ADDS_BENCH_N10,2024-08-05,489353.26,9
ADDS_BENCH_N10,2024-08-06,494181.89,8
ADDS_BENCH_N10,2024-08-07,490999.57,10
ADDS_BENCH_N10,2024-08-08,497028.34,10
ADDS_BENCH_N10,2024-08-09,498172.53,10
ADDS_BENCH_N10,2024-08-12,498515.5,10
ADDS_BENCH_N10,2024-08-13,518392.0,10
ADDS_BENCH_N10,2024-08-14,519083.22,10
ADDS_BENCH_N10,2024-08-15,525386.89,10
ADDS_BENCH_N10,2024-08-16,524605.36,10
ADDS_BENCH_N10,2024-08-19,528202.32,9
ADDS_BENCH_N10,2024-08-20,525860.98,9
ADDS_BENCH_N10,2024-08-21,529187.65,9
ADDS_BENCH_N10,2024-08-22,521997.65,9
ADDS_BENCH_N10,2024-08-23,530971.11,9
ADDS_BENCH_N10,2024-08-26,529928.69,9
ADDS_BENCH_N10,2024-08-27,530475.79,9
ADDS_BENCH_N10,2024-08-28,523210.12,8
ADDS_BENCH_N10,2024-08-29,525828.68,8
ADDS_BENCH_N10,2024-08-30,529333.38,8
ADDS_BENCH_N10,2024-09-03,519304.43,8
ADDS_BENCH_N10,2024-09-04,520890.89,8
ADDS_BENCH_N10,2024-09-05,522034.11,8
ADDS_BENCH_N10,2024-09-06,512174.78,8
ADDS_BENCH_N10,2024-09-09,520232.93,7
ADDS_BENCH_N10,2024-09-10,521378.52,7
ADDS_BENCH_N10,2024-09-11,524084.37,7
ADDS_BENCH_N10,2024-09-12,527770.66,7
ADDS_BENCH_N10,2024-09-13,530622.52,7
ADDS_BENCH_N10,2024-09-16,532252.57,7
ADDS_BENCH_N10,2024-09-17,532856.95,7
ADDS_BENCH_N10,2024-09-18,533091.31,7
ADDS_BENCH_N10,2024-09-19,546442.84,7
ADDS_BENCH_N10,2024-09-20,538617.1,7
ADDS_BENCH_N10,2024-09-23,544146.53,8
ADDS_BENCH_N10,2024-09-24,546307.79,8
ADDS_BENCH_N10,2024-09-25,542537.55,8
ADDS_BENCH_N10,2024-09-26,557201.94,8
ADDS_BENCH_N10,2024-09-27,561806.85,8
ADDS_BENCH_N10,2024-09-30,561859.9,8
ADDS_BENCH_N10,2024-10-01,558402.36,8
ADDS_BENCH_N10,2024-10-02,559708.05,5
ADDS_BENCH_N10,2024-10-03,559435.69,5
ADDS_BENCH_N10,2024-10-04,563191.52,5
ADDS_BENCH_N10,2024-10-07,558183.68,7
ADDS_BENCH_N10,2024-10-08,554873.2,7
ADDS_BENCH_N10,2024-10-09,559024.99,7
ADDS_BENCH_N10,2024-10-10,557796.69,7
ADDS_BENCH_N10,2024-10-11,562948.73,7
ADDS_BENCH_N10,2024-10-14,564112.77,7
ADDS_BENCH_N10,2024-10-15,560919.79,7
ADDS_BENCH_N10,2024-10-16,565925.57,7
ADDS_BENCH_N10,2024-10-17,561342.99,7
ADDS_BENCH_N10,2024-10-18,567654.96,7
ADDS_BENCH_N10,2024-10-21,560730.63,7
ADDS_BENCH_N10,2024-10-22,562028.02,7
ADDS_BENCH_N10,2024-10-23,555871.94,7
ADDS_BENCH_N10,2024-10-24,554859.91,7
ADDS_BENCH_N10,2024-10-25,555118.31,7
ADDS_BENCH_N10,2024-10-28,560632.64,7
ADDS_BENCH_N10,2024-10-29,561231.54,7
ADDS_BENCH_N10,2024-10-30,557496.89,7
ADDS_BENCH_N10,2024-10-31,551714.48,7
ADDS_BENCH_N10,2024-11-01,557077.26,7
ADDS_BENCH_N10,2024-11-04,553908.58,7
ADDS_BENCH_N10,2024-11-05,559830.55,7
ADDS_BENCH_N10,2024-11-06,560268.99,7
ADDS_BENCH_N10,2024-11-07,579207.84,7
ADDS_BENCH_N10,2024-11-08,575005.51,7
ADDS_BENCH_N10,2024-11-11,574187.01,7
ADDS_BENCH_N10,2024-11-12,569250.07,7
ADDS_BENCH_N10,2024-11-13,570477.15,7
ADDS_BENCH_N10,2024-11-14,562909.96,7
ADDS_BENCH_N10,2024-11-15,555936.2,7
ADDS_BENCH_N10,2024-11-18,559624.47,7
ADDS_BENCH_N10,2024-11-19,558362.33,7
ADDS_BENCH_N10,2024-11-20,560608.24,7
ADDS_BENCH_N10,2024-11-21,566917.61,7
ADDS_BENCH_N10,2024-11-22,572753.77,7
ADDS_BENCH_N10,2024-11-25,580159.82,7
ADDS_BENCH_N10,2024-11-26,574026.14,6
ADDS_BENCH_N10,2024-11-27,573277.82,6
ADDS_BENCH_N10,2024-11-29,575883.63,7
ADDS_BENCH_N10,2024-12-02,579190.46,7
ADDS_BENCH_N10,2024-12-03,573853.33,7
ADDS_BENCH_N10,2024-12-04,565159.75,7
ADDS_BENCH_N10,2024-12-05,561874.99,7
ADDS_BENCH_N10,2024-12-06,564799.64,7
ADDS_BENCH_N10,2024-12-09,567476.27,7
ADDS_BENCH_N10,2024-12-10,572827.94,7
ADDS_BENCH_N10,2024-12-11,573814.14,7
ADDS_BENCH_N10,2024-12-12,571621.12,7
ADDS_BENCH_N10,2024-12-13,571299.4,7
ADDS_BENCH_N10,2024-12-16,567626.73,7
ADDS_BENCH_N10,2024-12-17,570569.14,7
ADDS_BENCH_N10,2024-12-18,559886.87,7
ADDS_BENCH_N10,2024-12-19,559492.54,5
ADDS_BENCH_N10,2024-12-20,562893.42,5
ADDS_BENCH_N10,2024-12-23,566832.85,6
ADDS_BENCH_N10,2024-12-24,568986.9,6
ADDS_BENCH_N10,2024-12-26,567459.18,6
ADDS_BENCH_N10,2024-12-27,563074.94,6
ADDS_BENCH_N10,2024-12-30,558473.52,6
ADDS_BENCH_N10,2024-12-31,559807.36,6
ADDS_BENCH_N10,2025-01-02,558280.39,6
ADDS_BENCH_N10,2025-01-03,559065.99,6
ADDS_BENCH_N10,2025-01-06,557533.66,6
ADDS_BENCH_N10,2025-01-07,552765.81,6
ADDS_BENCH_N10,2025-01-08,552309.13,6
ADDS_BENCH_N10,2025-01-10,564868.82,6
ADDS_BENCH_N10,2025-01-13,568707.09,6
ADDS_BENCH_N10,2025-01-14,573324.79,6
ADDS_BENCH_N10,2025-01-15,577124.54,6
ADDS_BENCH_N10,2025-01-16,579407.21,6
ADDS_BENCH_N10,2025-01-17,582707.75,6
ADDS_BENCH_N10,2025-01-21,576483.44,6
ADDS_BENCH_N10,2025-01-22,575933.95,6
ADDS_BENCH_N10,2025-01-23,578606.25,6
ADDS_BENCH_N10,2025-01-24,574269.29,6
ADDS_BENCH_N10,2025-01-27,572369.63,6
ADDS_BENCH_N10,2025-01-28,573990.36,6
ADDS_BENCH_N10,2025-01-29,577829.67,6
ADDS_BENCH_N10,2025-01-30,582644.46,7
ADDS_BENCH_N10,2025-01-31,574958.59,7
ADDS_BENCH_N10,2025-02-03,561915.01,7
ADDS_BENCH_N10,2025-02-04,565335.1,6
ADDS_BENCH_N10,2025-02-05,572042.41,7
ADDS_BENCH_N10,2025-02-06,573374.97,7
ADDS_BENCH_N10,2025-02-07,577870.32,7
ADDS_BENCH_N10,2025-02-10,603489.3,7
ADDS_BENCH_N10,2025-02-11,590005.31,7
ADDS_BENCH_N10,2025-02-12,605235.42,7
ADDS_BENCH_N10,2025-02-13,612539.74,7
ADDS_BENCH_N10,2025-02-14,612508.73,7
ADDS_BENCH_N10,2025-02-18,626420.76,7
ADDS_BENCH_N10,2025-02-19,630716.78,7
ADDS_BENCH_N10,2025-02-20,635540.1,7
ADDS_BENCH_N10,2025-02-21,630555.32,7
ADDS_BENCH_N10,2025-02-24,629289.02,7
ADDS_BENCH_N10,2025-02-25,631800.73,7
ADDS_BENCH_N10,2025-02-26,625882.96,7
ADDS_BENCH_N10,2025-02-27,621863.31,7
ADDS_BENCH_N10,2025-02-28,629895.49,7
ADDS_BENCH_N10,2025-03-03,624209.75,8
ADDS_BENCH_N10,2025-03-04,612263.28,8
ADDS_BENCH_N10,2025-03-05,622004.32,8
ADDS_BENCH_N10,2025-03-06,619936.56,8
ADDS_BENCH_N10,2025-03-07,631945.03,8
ADDS_BENCH_N10,2025-03-10,636756.62,8
ADDS_BENCH_N10,2025-03-11,630984.61,8
ADDS_BENCH_N10,2025-03-12,624660.48,8
ADDS_BENCH_N10,2025-03-13,624519.64,7
ADDS_BENCH_N10,2025-03-14,639266.67,7
ADDS_BENCH_N10,2025-03-17,647519.24,7
ADDS_BENCH_N10,2025-03-18,646070.67,7
ADDS_BENCH_N10,2025-03-19,650912.6,7
ADDS_BENCH_N10,2025-03-20,652188.43,7
ADDS_BENCH_N10,2025-03-21,641692.79,7
ADDS_BENCH_N10,2025-03-24,650939.43,7
ADDS_BENCH_N10,2025-03-25,646966.94,7
ADDS_BENCH_N10,2025-03-26,641156.33,7
ADDS_BENCH_N10,2025-03-27,630265.14,7
ADDS_BENCH_N10,2025-03-28,625078.37,7
ADDS_BENCH_N10,2025-03-31,625790.23,7
ADDS_BENCH_N10,2025-04-01,620808.43,7
ADDS_BENCH_N10,2025-04-02,622251.3,7
ADDS_BENCH_N10,2025-04-03,582837.33,7
ADDS_BENCH_N10,2025-04-04,538594.16,7
ADDS_BENCH_N10,2025-04-07,533896.8,7
ADDS_BENCH_N10,2025-04-08,516491.25,7
ADDS_BENCH_N10,2025-04-09,562751.48,7
ADDS_BENCH_N10,2025-04-10,529336.36,7
ADDS_BENCH_N10,2025-04-11,537316.08,7
ADDS_BENCH_N10,2025-04-14,543375.78,7
ADDS_BENCH_N10,2025-04-15,543784.98,7
ADDS_BENCH_N10,2025-04-16,536978.8,7
ADDS_BENCH_N10,2025-04-17,541783.98,7
ADDS_BENCH_N10,2025-04-21,532364.19,7
ADDS_BENCH_N10,2025-04-22,542887.93,7
ADDS_BENCH_N10,2025-04-23,545717.21,7
ADDS_BENCH_N10,2025-04-24,559538.0,7
ADDS_BENCH_N10,2025-04-25,557587.84,7
ADDS_BENCH_N10,2025-04-28,555938.53,7
ADDS_BENCH_N10,2025-04-29,559730.49,7
ADDS_BENCH_N10,2025-04-30,562353.97,7
ADDS_BENCH_N10,2025-05-01,563789.07,7
ADDS_BENCH_N10,2025-05-02,575623.1,7
ADDS_BENCH_N10,2025-05-05,569760.79,7
ADDS_BENCH_N10,2025-05-06,564603.16,6
ADDS_BENCH_N10,2025-05-07,563820.6,5
ADDS_BENCH_N10,2025-05-08,568180.54,5
ADDS_BENCH_N10,2025-05-09,572503.54,8
ADDS_BENCH_N10,2025-05-12,588424.8,9
ADDS_BENCH_N10,2025-05-13,602411.4,9
ADDS_BENCH_N10,2025-05-14,596654.85,8
ADDS_BENCH_N10,2025-05-15,598941.22,9
ADDS_BENCH_N10,2025-05-16,600734.05,9
ADDS_BENCH_N10,2025-05-19,592622.32,9
ADDS_BENCH_N10,2025-05-20,590491.82,9
ADDS_BENCH_N10,2025-05-21,580319.31,9
ADDS_BENCH_N10,2025-05-22,576585.74,7
ADDS_BENCH_N10,2025-05-23,576369.74,7
ADDS_BENCH_N10,2025-05-27,581839.46,9
ADDS_BENCH_N10,2025-05-28,576959.21,9
ADDS_BENCH_N10,2025-05-29,577977.54,9
ADDS_BENCH_N10,2025-05-30,574260.83,9
ADDS_BENCH_N10,2025-06-02,581246.87,9
ADDS_BENCH_N10,2025-06-03,584244.83,9
ADDS_BENCH_N10,2025-06-04,580222.59,9
ADDS_BENCH_N10,2025-06-05,579174.7,9
ADDS_BENCH_N10,2025-06-06,583179.03,9
ADDS_BENCH_N10,2025-06-09,589187.08,9
ADDS_BENCH_N10,2025-06-10,601248.81,9
ADDS_BENCH_N10,2025-06-11,598313.78,9
ADDS_BENCH_N10,2025-06-12,600316.58,9
ADDS_BENCH_N10,2025-06-13,601518.98,9
ADDS_BENCH_N10,2025-06-16,602404.29,9
ADDS_BENCH_N10,2025-06-17,598564.93,10
ADDS_BENCH_N10,2025-06-18,601709.37,10
ADDS_BENCH_N10,2025-06-20,604889.68,10
ADDS_BENCH_N10,2025-06-23,601848.59,10
ADDS_BENCH_N10,2025-06-24,610142.15,10
ADDS_BENCH_N10,2025-06-25,608256.04,10
ADDS_BENCH_N10,2025-06-26,616360.58,10
ADDS_BENCH_N10,2025-06-27,618203.37,9
ADDS_BENCH_N10,2025-06-30,623568.71,9
ADDS_BENCH_N10,2025-07-01,629838.34,9
ADDS_BENCH_N10,2025-07-02,635121.9,9
ADDS_BENCH_N10,2025-07-03,639011.46,9
ADDS_BENCH_N10,2025-07-07,629264.46,9
ADDS_BENCH_N10,2025-07-08,635947.66,7
ADDS_BENCH_N10,2025-07-09,650806.17,9
ADDS_BENCH_N10,2025-07-10,645457.44,9
ADDS_BENCH_N10,2025-07-11,641756.84,9
ADDS_BENCH_N10,2025-07-14,639395.0,8
ADDS_BENCH_N10,2025-07-15,640958.08,9
ADDS_BENCH_N10,2025-07-16,642522.97,9
ADDS_BENCH_N10,2025-07-17,645823.49,9
ADDS_BENCH_N10,2025-07-18,645551.6,9
ADDS_BENCH_N10,2025-07-21,651760.66,9
ADDS_BENCH_N10,2025-07-22,654291.51,9
ADDS_BENCH_N10,2025-07-23,663104.29,9
ADDS_BENCH_N10,2025-07-24,661100.67,9
ADDS_BENCH_N10,2025-07-25,657958.49,9
ADDS_BENCH_N10,2025-07-28,658918.72,9
ADDS_BENCH_N10,2025-07-29,652269.98,9
ADDS_BENCH_N10,2025-07-30,652386.22,9
ADDS_BENCH_N10,2025-07-31,652193.14,9
ADDS_BENCH_N10,2025-08-01,641032.88,9
ADDS_BENCH_N10,2025-08-04,648368.89,8
ADDS_BENCH_N10,2025-08-05,651965.51,9
ADDS_BENCH_N10,2025-08-06,639436.93,9
ADDS_BENCH_N10,2025-08-07,638779.39,9
ADDS_BENCH_N10,2025-08-08,642107.34,9
ADDS_BENCH_N10,2025-08-11,639088.89,9
ADDS_BENCH_N10,2025-08-12,648770.27,8
ADDS_BENCH_N10,2025-08-13,656642.19,8
ADDS_BENCH_N10,2025-08-14,656998.02,8
ADDS_BENCH_N10,2025-08-15,665241.94,7
ADDS_BENCH_N10,2025-08-18,663657.89,7
ADDS_BENCH_N10,2025-08-19,669065.83,7
ADDS_BENCH_N10,2025-08-20,662018.79,7
ADDS_BENCH_N10,2025-08-21,663319.52,7
ADDS_BENCH_N10,2025-08-22,669772.63,7
ADDS_BENCH_N10,2025-08-25,668584.78,8
ADDS_BENCH_N10,2025-08-26,668650.51,8
ADDS_BENCH_N10,2025-08-27,674571.68,8
ADDS_BENCH_N10,2025-08-28,672478.06,9
ADDS_BENCH_N10,2025-08-29,663457.35,9
ADDS_BENCH_N10,2025-09-02,658432.78,7
ADDS_BENCH_N10,2025-09-03,657595.36,8
ADDS_BENCH_N10,2025-09-04,654006.93,9
ADDS_BENCH_N10,2025-09-05,662612.53,9
ADDS_BENCH_N10,2025-09-08,665286.33,9
ADDS_BENCH_N10,2025-09-09,669322.44,9
ADDS_BENCH_N10,2025-09-10,678689.09,9
ADDS_BENCH_N10,2025-09-11,703905.46,9
ADDS_BENCH_N10,2025-09-12,720748.54,9
ADDS_BENCH_N10,2025-09-15,724898.48,9
ADDS_BENCH_N10,2025-09-16,720392.23,9
ADDS_BENCH_N10,2025-09-17,716153.37,9
ADDS_BENCH_N10,2025-09-18,719249.52,9
ADDS_BENCH_N10,2025-09-19,720271.66,9
ADDS_BENCH_N10,2025-09-22,722748.37,9
ADDS_BENCH_N10,2025-09-23,721195.07,9
ADDS_BENCH_N10,2025-09-24,724557.21,9
ADDS_BENCH_N10,2025-09-25,715113.18,9
ADDS_BENCH_N10,2025-09-26,719117.59,9
ADDS_BENCH_N10,2025-09-29,722017.55,9
ADDS_BENCH_N10,2025-09-30,725875.05,9
ADDS_BENCH_N10,2025-10-01,739339.25,8
ADDS_BENCH_N10,2025-10-02,732460.6,8
ADDS_BENCH_N10,2025-10-03,736669.58,8
ADDS_BENCH_N10,2025-10-06,744403.85,8
ADDS_BENCH_N10,2025-10-07,750746.39,7
ADDS_BENCH_N10,2025-10-08,753751.95,7
ADDS_BENCH_N10,2025-10-09,748886.74,7
ADDS_BENCH_N10,2025-10-10,726832.03,7
ADDS_BENCH_N10,2025-10-13,733245.74,6
ADDS_BENCH_N10,2025-10-14,729404.65,6
ADDS_BENCH_N10,2025-10-15,727835.21,6
ADDS_BENCH_N10,2025-10-16,727177.26,6
ADDS_BENCH_N10,2025-10-17,727972.82,6
ADDS_BENCH_N10,2025-10-20,741554.58,6
ADDS_BENCH_N10,2025-10-21,749022.54,6
ADDS_BENCH_N10,2025-10-22,742305.67,6
ADDS_BENCH_N10,2025-10-23,734083.29,6
ADDS_BENCH_N10,2025-10-24,734564.81,7
ADDS_BENCH_N10,2025-10-27,743275.39,7
ADDS_BENCH_N10,2025-10-28,738195.0,7
ADDS_BENCH_N10,2025-10-29,737278.53,7
ADDS_BENCH_N10,2025-10-30,738547.94,7
ADDS_BENCH_N10,2025-10-31,751389.83,7
ADDS_BENCH_N10,2025-11-03,759541.52,7
ADDS_BENCH_N10,2025-11-04,752979.77,6
ADDS_BENCH_N10,2025-11-05,746287.26,6
ADDS_BENCH_N10,2025-11-06,742665.77,7
ADDS_BENCH_N10,2025-11-07,749444.48,8
ADDS_BENCH_N10,2025-11-10,742363.7,8
ADDS_BENCH_N10,2025-11-11,749849.71,8
ADDS_BENCH_N10,2025-11-12,747488.13,8
ADDS_BENCH_N10,2025-11-13,740193.63,8
ADDS_BENCH_N10,2025-11-14,743738.2,8
ADDS_BENCH_N10,2025-11-17,734307.89,8
ADDS_BENCH_N10,2025-11-18,735437.91,6
ADDS_BENCH_N10,2025-11-19,728102.37,8
ADDS_BENCH_N10,2025-11-20,723312.97,8
ADDS_BENCH_N10,2025-11-21,733335.93,8
ADDS_BENCH_N10,2025-11-24,735785.08,9
ADDS_BENCH_N10,2025-11-25,740254.43,9
ADDS_BENCH_N10,2025-11-26,745455.52,9
ADDS_BENCH_N10,2025-11-28,749094.92,9
ADDS_BENCH_N10,2025-12-01,743582.57,9
ADDS_BENCH_N10,2025-12-02,735057.78,8
ADDS_BENCH_N10,2025-12-03,738476.64,8
ADDS_BENCH_N10,2025-12-04,740631.96,8
ADDS_BENCH_N10,2025-12-05,737518.41,8
ADDS_BENCH_N10,2025-12-08,736010.52,8
ADDS_BENCH_N10,2025-12-09,735821.14,8
ADDS_BENCH_N10,2025-12-10,744890.63,8
ADDS_BENCH_N10,2025-12-11,748415.28,8
ADDS_BENCH_N10,2025-12-12,751226.88,8
ADDS_BENCH_N10,2025-12-15,750417.97,7
ADDS_BENCH_N10,2025-12-16,743647.59,7
ADDS_BENCH_N10,2025-12-17,748891.11,7
ADDS_BENCH_N10,2025-12-18,746802.53,7
ADDS_BENCH_N10,2025-12-19,742318.46,7
ADDS_BENCH_N10,2025-12-22,749819.97,7
ADDS_BENCH_N10,2025-12-23,745652.01,7
ADDS_BENCH_N10,2025-12-24,749019.92,7
ADDS_BENCH_N10,2025-12-26,752276.9,7
ADDS_BENCH_N10,2025-12-29,756906.78,7
ADDS_BENCH_N10,2025-12-30,757661.78,7
ADDS_BENCH_N10,2025-12-31,754818.05,7
ADDS_DEEP_BENCH_N10,2016-01-04,100000.0,0
ADDS_DEEP_BENCH_N10,2016-01-05,100000.0,0
ADDS_DEEP_BENCH_N10,2016-01-06,100000.0,0
ADDS_DEEP_BENCH_N10,2016-01-07,100000.0,0
ADDS_DEEP_BENCH_N10,2016-01-08,100000.0,0
ADDS_DEEP_BENCH_N10,2016-01-11,100000.0,0
ADDS_DEEP_BENCH_N10,2016-01-12,100000.0,0
ADDS_DEEP_BENCH_N10,2016-01-13,100000.0,0
ADDS_DEEP_BENCH_N10,2016-01-14,100000.0,0
ADDS_DEEP_BENCH_N10,2016-01-15,100000.0,0
ADDS_DEEP_BENCH_N10,2016-01-19,100000.0,0
ADDS_DEEP_BENCH_N10,2016-01-20,100000.0,0
ADDS_DEEP_BENCH_N10,2016-01-21,100000.0,0
ADDS_DEEP_BENCH_N10,2016-01-22,100000.0,0
ADDS_DEEP_BENCH_N10,2016-01-25,100000.0,0
ADDS_DEEP_BENCH_N10,2016-01-26,100000.0,0
ADDS_DEEP_BENCH_N10,2016-01-27,100000.0,0
ADDS_DEEP_BENCH_N10,2016-01-28,100000.0,0
ADDS_DEEP_BENCH_N10,2016-01-29,100000.0,0
ADDS_DEEP_BENCH_N10,2016-02-01,100682.42,10
ADDS_DEEP_BENCH_N10,2016-02-02,97832.08,10
ADDS_DEEP_BENCH_N10,2016-02-03,98890.22,10
ADDS_DEEP_BENCH_N10,2016-02-04,98972.39,10
ADDS_DEEP_BENCH_N10,2016-02-05,96938.75,10
ADDS_DEEP_BENCH_N10,2016-02-08,94212.93,9
ADDS_DEEP_BENCH_N10,2016-02-09,93539.51,10
ADDS_DEEP_BENCH_N10,2016-02-10,93750.24,10
ADDS_DEEP_BENCH_N10,2016-02-11,92265.48,10
ADDS_DEEP_BENCH_N10,2016-02-12,94200.46,9
ADDS_DEEP_BENCH_N10,2016-02-16,96002.19,10
ADDS_DEEP_BENCH_N10,2016-02-17,97698.22,10
ADDS_DEEP_BENCH_N10,2016-02-18,97023.26,10
ADDS_DEEP_BENCH_N10,2016-02-19,98299.56,10
ADDS_DEEP_BENCH_N10,2016-02-22,99578.4,10
ADDS_DEEP_BENCH_N10,2016-02-23,98434.26,10
ADDS_DEEP_BENCH_N10,2016-02-24,99454.57,9
ADDS_DEEP_BENCH_N10,2016-02-25,100781.93,10
ADDS_DEEP_BENCH_N10,2016-02-26,100436.95,10
ADDS_DEEP_BENCH_N10,2016-02-29,99819.21,10
ADDS_DEEP_BENCH_N10,2016-03-01,102765.77,10
ADDS_DEEP_BENCH_N10,2016-03-02,102900.61,10
ADDS_DEEP_BENCH_N10,2016-03-03,102987.34,10
ADDS_DEEP_BENCH_N10,2016-03-04,103073.86,10
ADDS_DEEP_BENCH_N10,2016-03-07,103071.19,10
ADDS_DEEP_BENCH_N10,2016-03-08,101540.56,10
ADDS_DEEP_BENCH_N10,2016-03-09,101966.55,5
ADDS_DEEP_BENCH_N10,2016-03-10,102395.43,5
ADDS_DEEP_BENCH_N10,2016-03-11,102987.36,5
ADDS_DEEP_BENCH_N10,2016-03-14,103446.53,8
ADDS_DEEP_BENCH_N10,2016-03-15,103221.53,8
ADDS_DEEP_BENCH_N10,2016-03-16,103503.78,8
ADDS_DEEP_BENCH_N10,2016-03-17,103958.24,10
ADDS_DEEP_BENCH_N10,2016-03-18,104624.76,10
ADDS_DEEP_BENCH_N10,2016-03-21,105066.41,10
ADDS_DEEP_BENCH_N10,2016-03-22,105122.49,10
ADDS_DEEP_BENCH_N10,2016-03-23,104393.16,10
ADDS_DEEP_BENCH_N10,2016-03-24,104101.0,9
ADDS_DEEP_BENCH_N10,2016-03-28,104228.03,9
ADDS_DEEP_BENCH_N10,2016-03-29,105373.51,9
ADDS_DEEP_BENCH_N10,2016-03-30,106143.1,10
ADDS_DEEP_BENCH_N10,2016-03-31,105576.38,10
ADDS_DEEP_BENCH_N10,2016-04-01,105978.76,10
ADDS_DEEP_BENCH_N10,2016-04-04,105931.47,10
ADDS_DEEP_BENCH_N10,2016-04-05,105406.4,9
ADDS_DEEP_BENCH_N10,2016-04-06,106602.59,8
ADDS_DEEP_BENCH_N10,2016-04-07,105754.1,10
ADDS_DEEP_BENCH_N10,2016-04-08,106715.56,10
ADDS_DEEP_BENCH_N10,2016-04-11,106086.81,10
ADDS_DEEP_BENCH_N10,2016-04-12,108159.29,10
ADDS_DEEP_BENCH_N10,2016-04-13,109552.62,10
ADDS_DEEP_BENCH_N10,2016-04-14,109733.8,10
ADDS_DEEP_BENCH_N10,2016-04-15,109464.55,10
ADDS_DEEP_BENCH_N10,2016-04-18,110411.13,10
ADDS_DEEP_BENCH_N10,2016-04-19,111171.56,10
ADDS_DEEP_BENCH_N10,2016-04-20,111487.38,10
ADDS_DEEP_BENCH_N10,2016-04-21,110479.13,10
ADDS_DEEP_BENCH_N10,2016-04-22,110180.99,10
ADDS_DEEP_BENCH_N10,2016-04-25,109727.73,8
ADDS_DEEP_BENCH_N10,2016-04-26,109329.59,7
ADDS_DEEP_BENCH_N10,2016-04-27,109773.75,7
ADDS_DEEP_BENCH_N10,2016-04-28,108997.63,10
ADDS_DEEP_BENCH_N10,2016-04-29,107449.78,10
ADDS_DEEP_BENCH_N10,2016-05-02,108083.95,10
ADDS_DEEP_BENCH_N10,2016-05-03,107195.5,10
ADDS_DEEP_BENCH_N10,2016-05-04,106285.69,9
ADDS_DEEP_BENCH_N10,2016-05-05,106623.1,9
ADDS_DEEP_BENCH_N10,2016-05-06,106652.74,9
ADDS_DEEP_BENCH_N10,2016-05-09,107401.56,9
ADDS_DEEP_BENCH_N10,2016-05-10,108138.89,9
ADDS_DEEP_BENCH_N10,2016-05-11,107119.11,9
ADDS_DEEP_BENCH_N10,2016-05-12,106314.19,9
ADDS_DEEP_BENCH_N10,2016-05-13,105605.91,9
ADDS_DEEP_BENCH_N10,2016-05-16,106268.37,9
ADDS_DEEP_BENCH_N10,2016-05-17,105313.07,9
ADDS_DEEP_BENCH_N10,2016-05-18,104991.77,9
ADDS_DEEP_BENCH_N10,2016-05-19,105661.36,9
ADDS_DEEP_BENCH_N10,2016-05-20,106666.28,9
ADDS_DEEP_BENCH_N10,2016-05-23,106668.04,9
ADDS_DEEP_BENCH_N10,2016-05-24,108244.35,9
ADDS_DEEP_BENCH_N10,2016-05-25,108621.73,9
ADDS_DEEP_BENCH_N10,2016-05-26,108958.07,9
ADDS_DEEP_BENCH_N10,2016-05-27,109843.74,9
ADDS_DEEP_BENCH_N10,2016-05-31,110583.56,9
ADDS_DEEP_BENCH_N10,2016-06-01,111334.01,9
ADDS_DEEP_BENCH_N10,2016-06-02,111404.95,9
ADDS_DEEP_BENCH_N10,2016-06-03,110573.43,9
ADDS_DEEP_BENCH_N10,2016-06-06,110375.39,9
ADDS_DEEP_BENCH_N10,2016-06-07,111006.96,9
ADDS_DEEP_BENCH_N10,2016-06-08,110801.36,9
ADDS_DEEP_BENCH_N10,2016-06-09,110692.87,9
ADDS_DEEP_BENCH_N10,2016-06-10,109203.35,9
ADDS_DEEP_BENCH_N10,2016-06-13,108262.49,8
ADDS_DEEP_BENCH_N10,2016-06-14,108210.46,8
ADDS_DEEP_BENCH_N10,2016-06-15,108349.24,9
ADDS_DEEP_BENCH_N10,2016-06-16,108416.5,9
ADDS_DEEP_BENCH_N10,2016-06-17,108097.47,10
ADDS_DEEP_BENCH_N10,2016-06-20,109066.12,10
ADDS_DEEP_BENCH_N10,2016-06-21,109454.53,10
ADDS_DEEP_BENCH_N10,2016-06-22,109231.02,10
ADDS_DEEP_BENCH_N10,2016-06-23,110575.63,10
ADDS_DEEP_BENCH_N10,2016-06-24,105169.7,10
ADDS_DEEP_BENCH_N10,2016-06-27,102479.56,10
ADDS_DEEP_BENCH_N10,2016-06-28,104428.32,10
ADDS_DEEP_BENCH_N10,2016-06-29,106951.58,10
ADDS_DEEP_BENCH_N10,2016-06-30,108416.29,10
ADDS_DEEP_BENCH_N10,2016-07-01,109211.99,10
ADDS_DEEP_BENCH_N10,2016-07-05,108489.38,10
ADDS_DEEP_BENCH_N10,2016-07-06,108411.33,10
ADDS_DEEP_BENCH_N10,2016-07-07,108837.87,10
ADDS_DEEP_BENCH_N10,2016-07-08,110508.24,10
ADDS_DEEP_BENCH_N10,2016-07-11,111002.18,10
ADDS_DEEP_BENCH_N10,2016-07-12,111846.11,10
ADDS_DEEP_BENCH_N10,2016-07-13,110965.15,10
ADDS_DEEP_BENCH_N10,2016-07-14,112533.2,10
ADDS_DEEP_BENCH_N10,2016-07-15,112376.63,10
ADDS_DEEP_BENCH_N10,2016-07-18,112835.35,10
ADDS_DEEP_BENCH_N10,2016-07-19,111314.98,10
ADDS_DEEP_BENCH_N10,2016-07-20,111634.11,10
ADDS_DEEP_BENCH_N10,2016-07-21,112047.3,10
ADDS_DEEP_BENCH_N10,2016-07-22,112808.46,10
ADDS_DEEP_BENCH_N10,2016-07-25,112356.96,10
ADDS_DEEP_BENCH_N10,2016-07-26,112970.8,10
ADDS_DEEP_BENCH_N10,2016-07-27,113482.32,9
ADDS_DEEP_BENCH_N10,2016-07-28,113656.57,9
ADDS_DEEP_BENCH_N10,2016-07-29,113585.23,10
ADDS_DEEP_BENCH_N10,2016-08-01,114399.77,10
ADDS_DEEP_BENCH_N10,2016-08-02,113478.74,10
ADDS_DEEP_BENCH_N10,2016-08-03,113784.79,10
ADDS_DEEP_BENCH_N10,2016-08-04,113623.09,10
ADDS_DEEP_BENCH_N10,2016-08-05,114789.88,10
ADDS_DEEP_BENCH_N10,2016-08-08,114478.59,10
ADDS_DEEP_BENCH_N10,2016-08-09,114472.65,10
ADDS_DEEP_BENCH_N10,2016-08-10,114496.96,10
ADDS_DEEP_BENCH_N10,2016-08-11,115708.31,10
ADDS_DEEP_BENCH_N10,2016-08-12,116174.15,10
ADDS_DEEP_BENCH_N10,2016-08-15,116056.89,10
ADDS_DEEP_BENCH_N10,2016-08-16,115567.4,10
ADDS_DEEP_BENCH_N10,2016-08-17,116079.48,10
ADDS_DEEP_BENCH_N10,2016-08-18,116373.95,10
ADDS_DEEP_BENCH_N10,2016-08-19,116150.93,10
ADDS_DEEP_BENCH_N10,2016-08-22,115882.99,10
ADDS_DEEP_BENCH_N10,2016-08-23,115675.97,10
ADDS_DEEP_BENCH_N10,2016-08-24,115317.83,10
ADDS_DEEP_BENCH_N10,2016-08-25,115484.72,10
ADDS_DEEP_BENCH_N10,2016-08-26,115417.92,10
ADDS_DEEP_BENCH_N10,2016-08-29,116059.0,10
ADDS_DEEP_BENCH_N10,2016-08-30,116018.2,10
ADDS_DEEP_BENCH_N10,2016-08-31,115621.75,10
ADDS_DEEP_BENCH_N10,2016-09-01,115969.5,10
ADDS_DEEP_BENCH_N10,2016-09-02,116214.95,10
ADDS_DEEP_BENCH_N10,2016-09-06,116512.03,10
ADDS_DEEP_BENCH_N10,2016-09-07,116069.42,10
ADDS_DEEP_BENCH_N10,2016-09-08,116049.25,10
ADDS_DEEP_BENCH_N10,2016-09-09,113025.42,10
ADDS_DEEP_BENCH_N10,2016-09-12,114697.34,10
ADDS_DEEP_BENCH_N10,2016-09-13,113098.13,10
ADDS_DEEP_BENCH_N10,2016-09-14,113113.98,10
ADDS_DEEP_BENCH_N10,2016-09-15,114166.37,10
ADDS_DEEP_BENCH_N10,2016-09-16,114049.63,10
ADDS_DEEP_BENCH_N10,2016-09-19,113920.93,10
ADDS_DEEP_BENCH_N10,2016-09-20,113828.85,10
ADDS_DEEP_BENCH_N10,2016-09-21,114237.03,10
ADDS_DEEP_BENCH_N10,2016-09-22,115003.51,10
ADDS_DEEP_BENCH_N10,2016-09-23,114584.66,10
ADDS_DEEP_BENCH_N10,2016-09-26,113624.4,10
ADDS_DEEP_BENCH_N10,2016-09-27,114595.52,10
ADDS_DEEP_BENCH_N10,2016-09-28,114912.64,10
ADDS_DEEP_BENCH_N10,2016-09-29,113777.63,10
ADDS_DEEP_BENCH_N10,2016-09-30,115492.58,10
ADDS_DEEP_BENCH_N10,2016-10-03,115994.05,10
ADDS_DEEP_BENCH_N10,2016-10-04,115633.51,10
ADDS_DEEP_BENCH_N10,2016-10-05,116533.47,10
ADDS_DEEP_BENCH_N10,2016-10-06,116286.61,10
ADDS_DEEP_BENCH_N10,2016-10-07,116356.23,10
ADDS_DEEP_BENCH_N10,2016-10-10,116718.17,9
ADDS_DEEP_BENCH_N10,2016-10-11,115292.23,10
ADDS_DEEP_BENCH_N10,2016-10-12,115575.27,10
ADDS_DEEP_BENCH_N10,2016-10-13,115126.63,10
ADDS_DEEP_BENCH_N10,2016-10-14,114901.78,10
ADDS_DEEP_BENCH_N10,2016-10-17,114277.59,10
ADDS_DEEP_BENCH_N10,2016-10-18,115173.04,10
ADDS_DEEP_BENCH_N10,2016-10-19,115771.53,10
ADDS_DEEP_BENCH_N10,2016-10-20,115757.42,10
ADDS_DEEP_BENCH_N10,2016-10-21,116088.64,10
ADDS_DEEP_BENCH_N10,2016-10-24,116589.93,10
ADDS_DEEP_BENCH_N10,2016-10-25,116061.51,10
ADDS_DEEP_BENCH_N10,2016-10-26,114863.0,10
ADDS_DEEP_BENCH_N10,2016-10-27,114352.6,10
ADDS_DEEP_BENCH_N10,2016-10-28,114447.79,10
ADDS_DEEP_BENCH_N10,2016-10-31,114393.42,10
ADDS_DEEP_BENCH_N10,2016-11-01,113825.64,10
ADDS_DEEP_BENCH_N10,2016-11-02,112896.85,10
ADDS_DEEP_BENCH_N10,2016-11-03,112755.85,10
ADDS_DEEP_BENCH_N10,2016-11-04,112925.83,10
ADDS_DEEP_BENCH_N10,2016-11-07,115500.12,10
ADDS_DEEP_BENCH_N10,2016-11-08,116619.94,10
ADDS_DEEP_BENCH_N10,2016-11-09,119169.04,10
ADDS_DEEP_BENCH_N10,2016-11-10,121949.46,10
ADDS_DEEP_BENCH_N10,2016-11-11,122041.04,10
ADDS_DEEP_BENCH_N10,2016-11-14,122742.82,10
ADDS_DEEP_BENCH_N10,2016-11-15,123398.83,10
ADDS_DEEP_BENCH_N10,2016-11-16,122485.29,10
ADDS_DEEP_BENCH_N10,2016-11-17,123465.54,10
ADDS_DEEP_BENCH_N10,2016-11-18,123328.61,10
ADDS_DEEP_BENCH_N10,2016-11-21,124060.53,10
ADDS_DEEP_BENCH_N10,2016-11-22,124373.39,10
ADDS_DEEP_BENCH_N10,2016-11-23,124228.14,10
ADDS_DEEP_BENCH_N10,2016-11-25,124639.97,10
ADDS_DEEP_BENCH_N10,2016-11-28,122803.35,10
ADDS_DEEP_BENCH_N10,2016-11-29,122840.97,10
ADDS_DEEP_BENCH_N10,2016-11-30,123171.04,10
ADDS_DEEP_BENCH_N10,2016-12-01,122257.35,10
ADDS_DEEP_BENCH_N10,2016-12-02,122286.46,10
ADDS_DEEP_BENCH_N10,2016-12-05,123469.89,10
ADDS_DEEP_BENCH_N10,2016-12-06,124369.28,10
ADDS_DEEP_BENCH_N10,2016-12-07,125966.22,10
ADDS_DEEP_BENCH_N10,2016-12-08,125116.7,10
ADDS_DEEP_BENCH_N10,2016-12-09,125505.11,10
ADDS_DEEP_BENCH_N10,2016-12-12,125405.05,10
ADDS_DEEP_BENCH_N10,2016-12-13,126434.75,10
ADDS_DEEP_BENCH_N10,2016-12-14,125205.45,10
ADDS_DEEP_BENCH_N10,2016-12-15,125366.61,10
ADDS_DEEP_BENCH_N10,2016-12-16,125099.78,10
ADDS_DEEP_BENCH_N10,2016-12-19,125197.57,10
ADDS_DEEP_BENCH_N10,2016-12-20,125212.23,10
ADDS_DEEP_BENCH_N10,2016-12-21,125393.28,10
ADDS_DEEP_BENCH_N10,2016-12-22,124761.81,10
ADDS_DEEP_BENCH_N10,2016-12-23,124811.24,10
ADDS_DEEP_BENCH_N10,2016-12-27,125507.04,10
ADDS_DEEP_BENCH_N10,2016-12-28,124238.2,10
ADDS_DEEP_BENCH_N10,2016-12-29,123980.83,9
ADDS_DEEP_BENCH_N10,2016-12-30,122954.69,9
ADDS_DEEP_BENCH_N10,2017-01-03,124257.65,10
ADDS_DEEP_BENCH_N10,2017-01-04,125079.43,10
ADDS_DEEP_BENCH_N10,2017-01-05,125880.5,10
ADDS_DEEP_BENCH_N10,2017-01-06,126718.67,10
ADDS_DEEP_BENCH_N10,2017-01-09,126540.69,10
ADDS_DEEP_BENCH_N10,2017-01-10,126199.08,10
ADDS_DEEP_BENCH_N10,2017-01-11,127090.39,10
ADDS_DEEP_BENCH_N10,2017-01-12,127139.59,10
ADDS_DEEP_BENCH_N10,2017-01-13,128390.58,10
ADDS_DEEP_BENCH_N10,2017-01-17,126965.0,10
ADDS_DEEP_BENCH_N10,2017-01-18,127741.25,10
ADDS_DEEP_BENCH_N10,2017-01-19,128177.84,10
ADDS_DEEP_BENCH_N10,2017-01-20,128362.08,10
ADDS_DEEP_BENCH_N10,2017-01-23,126735.17,10
ADDS_DEEP_BENCH_N10,2017-01-24,128569.7,10
ADDS_DEEP_BENCH_N10,2017-01-25,130264.02,10
ADDS_DEEP_BENCH_N10,2017-01-26,129175.06,10
ADDS_DEEP_BENCH_N10,2017-01-27,129466.31,10
ADDS_DEEP_BENCH_N10,2017-01-30,127850.29,10
ADDS_DEEP_BENCH_N10,2017-01-31,127649.74,10
ADDS_DEEP_BENCH_N10,2017-02-01,127268.49,9
ADDS_DEEP_BENCH_N10,2017-02-02,127741.36,10
ADDS_DEEP_BENCH_N10,2017-02-03,128286.59,10
ADDS_DEEP_BENCH_N10,2017-02-06,128911.77,10
ADDS_DEEP_BENCH_N10,2017-02-07,128883.31,10
ADDS_DEEP_BENCH_N10,2017-02-08,128599.2,10
ADDS_DEEP_BENCH_N10,2017-02-09,128974.96,10
ADDS_DEEP_BENCH_N10,2017-02-10,128840.87,10
ADDS_DEEP_BENCH_N10,2017-02-13,129805.39,10
ADDS_DEEP_BENCH_N10,2017-02-14,130740.48,10
ADDS_DEEP_BENCH_N10,2017-02-15,131072.72,10
ADDS_DEEP_BENCH_N10,2017-02-16,130180.03,10
ADDS_DEEP_BENCH_N10,2017-02-17,130060.82,8
ADDS_DEEP_BENCH_N10,2017-02-21,131370.88,9
ADDS_DEEP_BENCH_N10,2017-02-22,130564.99,10
ADDS_DEEP_BENCH_N10,2017-02-23,131229.74,10
ADDS_DEEP_BENCH_N10,2017-02-24,131067.74,10
ADDS_DEEP_BENCH_N10,2017-02-27,131206.11,10
ADDS_DEEP_BENCH_N10,2017-02-28,130366.49,10
ADDS_DEEP_BENCH_N10,2017-03-01,131584.99,10
ADDS_DEEP_BENCH_N10,2017-03-02,131138.92,10
ADDS_DEEP_BENCH_N10,2017-03-03,130865.82,10
ADDS_DEEP_BENCH_N10,2017-03-06,129841.82,10
ADDS_DEEP_BENCH_N10,2017-03-07,129413.37,10
ADDS_DEEP_BENCH_N10,2017-03-08,128574.52,10
ADDS_DEEP_BENCH_N10,2017-03-09,128973.36,10
ADDS_DEEP_BENCH_N10,2017-03-10,130050.54,10
ADDS_DEEP_BENCH_N10,2017-03-13,130444.75,10
ADDS_DEEP_BENCH_N10,2017-03-14,129596.74,10
ADDS_DEEP_BENCH_N10,2017-03-15,131348.14,10
ADDS_DEEP_BENCH_N10,2017-03-16,130852.12,10
ADDS_DEEP_BENCH_N10,2017-03-17,130628.63,10
ADDS_DEEP_BENCH_N10,2017-03-20,130184.8,10
ADDS_DEEP_BENCH_N10,2017-03-21,128129.3,10
ADDS_DEEP_BENCH_N10,2017-03-22,128409.38,10
ADDS_DEEP_BENCH_N10,2017-03-23,128226.27,10
ADDS_DEEP_BENCH_N10,2017-03-24,128463.35,10
ADDS_DEEP_BENCH_N10,2017-03-27,127917.67,10
ADDS_DEEP_BENCH_N10,2017-03-28,128542.22,10
ADDS_DEEP_BENCH_N10,2017-03-29,129085.31,10
ADDS_DEEP_BENCH_N10,2017-03-30,128742.31,10
ADDS_DEEP_BENCH_N10,2017-03-31,129302.51,10
ADDS_DEEP_BENCH_N10,2017-04-03,129239.75,10
ADDS_DEEP_BENCH_N10,2017-04-04,129247.19,10
ADDS_DEEP_BENCH_N10,2017-04-05,128760.7,10
ADDS_DEEP_BENCH_N10,2017-04-06,128917.9,10
ADDS_DEEP_BENCH_N10,2017-04-07,128613.98,10
ADDS_DEEP_BENCH_N10,2017-04-10,129044.66,10
ADDS_DEEP_BENCH_N10,2017-04-11,128312.53,10
ADDS_DEEP_BENCH_N10,2017-04-12,127714.46,10
ADDS_DEEP_BENCH_N10,2017-04-13,126720.37,10
ADDS_DEEP_BENCH_N10,2017-04-17,127531.96,10
ADDS_DEEP_BENCH_N10,2017-04-18,127242.06,10
ADDS_DEEP_BENCH_N10,2017-04-19,127062.59,10
ADDS_DEEP_BENCH_N10,2017-04-20,127702.12,10
ADDS_DEEP_BENCH_N10,2017-04-21,127097.95,10
ADDS_DEEP_BENCH_N10,2017-04-24,127987.97,10
ADDS_DEEP_BENCH_N10,2017-04-25,128999.26,10
ADDS_DEEP_BENCH_N10,2017-04-26,130724.37,10
ADDS_DEEP_BENCH_N10,2017-04-27,130230.87,10
ADDS_DEEP_BENCH_N10,2017-04-28,130234.78,10
ADDS_DEEP_BENCH_N10,2017-05-01,129758.46,9
ADDS_DEEP_BENCH_N10,2017-05-02,127276.46,10
ADDS_DEEP_BENCH_N10,2017-05-03,128019.68,10
ADDS_DEEP_BENCH_N10,2017-05-04,126638.53,10
ADDS_DEEP_BENCH_N10,2017-05-05,128358.45,10
ADDS_DEEP_BENCH_N10,2017-05-08,128345.38,10
ADDS_DEEP_BENCH_N10,2017-05-09,127808.99,10
ADDS_DEEP_BENCH_N10,2017-05-10,129233.2,10
ADDS_DEEP_BENCH_N10,2017-05-11,129054.65,10
ADDS_DEEP_BENCH_N10,2017-05-12,128683.31,10
ADDS_DEEP_BENCH_N10,2017-05-15,129520.21,10
ADDS_DEEP_BENCH_N10,2017-05-16,130867.1,10
ADDS_DEEP_BENCH_N10,2017-05-17,127352.61,10
ADDS_DEEP_BENCH_N10,2017-05-18,127885.65,9
ADDS_DEEP_BENCH_N10,2017-05-19,128967.81,9
ADDS_DEEP_BENCH_N10,2017-05-22,129314.51,10
ADDS_DEEP_BENCH_N10,2017-05-23,129159.23,10
ADDS_DEEP_BENCH_N10,2017-05-24,128935.01,10
ADDS_DEEP_BENCH_N10,2017-05-25,128186.99,10
ADDS_DEEP_BENCH_N10,2017-05-26,127893.09,10
ADDS_DEEP_BENCH_N10,2017-05-30,126981.11,10
ADDS_DEEP_BENCH_N10,2017-05-31,127214.44,10
ADDS_DEEP_BENCH_N10,2017-06-01,127997.75,10
ADDS_DEEP_BENCH_N10,2017-06-02,128401.33,10
ADDS_DEEP_BENCH_N10,2017-06-05,128644.28,10
ADDS_DEEP_BENCH_N10,2017-06-06,128530.73,10
ADDS_DEEP_BENCH_N10,2017-06-07,128037.01,10
ADDS_DEEP_BENCH_N10,2017-06-08,128239.31,10
ADDS_DEEP_BENCH_N10,2017-06-09,128978.54,10
ADDS_DEEP_BENCH_N10,2017-06-12,128847.67,10
ADDS_DEEP_BENCH_N10,2017-06-13,128985.24,10
ADDS_DEEP_BENCH_N10,2017-06-14,127885.66,10
ADDS_DEEP_BENCH_N10,2017-06-15,127230.79,10
ADDS_DEEP_BENCH_N10,2017-06-16,127798.32,10
ADDS_DEEP_BENCH_N10,2017-06-19,128518.45,10
ADDS_DEEP_BENCH_N10,2017-06-20,126595.96,10
ADDS_DEEP_BENCH_N10,2017-06-21,125601.05,10
ADDS_DEEP_BENCH_N10,2017-06-22,126266.19,10
ADDS_DEEP_BENCH_N10,2017-06-23,126495.87,10
ADDS_DEEP_BENCH_N10,2017-06-26,126954.22,10
ADDS_DEEP_BENCH_N10,2017-06-27,126679.16,10
ADDS_DEEP_BENCH_N10,2017-06-28,128333.41,10
ADDS_DEEP_BENCH_N10,2017-06-29,128382.53,10
ADDS_DEEP_BENCH_N10,2017-06-30,128855.27,10
ADDS_DEEP_BENCH_N10,2017-07-03,130049.11,10
ADDS_DEEP_BENCH_N10,2017-07-05,129698.17,10
ADDS_DEEP_BENCH_N10,2017-07-06,127611.14,10
ADDS_DEEP_BENCH_N10,2017-07-07,127834.07,9
ADDS_DEEP_BENCH_N10,2017-07-10,128223.51,10
ADDS_DEEP_BENCH_N10,2017-07-11,128302.08,10
ADDS_DEEP_BENCH_N10,2017-07-12,129053.62,10
ADDS_DEEP_BENCH_N10,2017-07-13,129523.98,10
ADDS_DEEP_BENCH_N10,2017-07-14,130474.28,10
ADDS_DEEP_BENCH_N10,2017-07-17,130421.69,10
ADDS_DEEP_BENCH_N10,2017-07-18,130526.82,10
ADDS_DEEP_BENCH_N10,2017-07-19,131801.48,10
ADDS_DEEP_BENCH_N10,2017-07-20,132723.01,10
ADDS_DEEP_BENCH_N10,2017-07-21,132674.05,10
ADDS_DEEP_BENCH_N10,2017-07-24,131753.94,10
ADDS_DEEP_BENCH_N10,2017-07-25,131925.12,9
ADDS_DEEP_BENCH_N10,2017-07-26,132353.89,10
ADDS_DEEP_BENCH_N10,2017-07-27,133907.91,10
ADDS_DEEP_BENCH_N10,2017-07-28,132935.35,10
ADDS_DEEP_BENCH_N10,2017-07-31,132621.11,10
ADDS_DEEP_BENCH_N10,2017-08-01,133548.6,10
ADDS_DEEP_BENCH_N10,2017-08-02,133613.73,9
ADDS_DEEP_BENCH_N10,2017-08-03,133119.34,10
ADDS_DEEP_BENCH_N10,2017-08-04,134252.53,10
ADDS_DEEP_BENCH_N10,2017-08-07,134427.2,10
ADDS_DEEP_BENCH_N10,2017-08-08,134248.11,10
ADDS_DEEP_BENCH_N10,2017-08-09,133317.13,10
ADDS_DEEP_BENCH_N10,2017-08-10,131523.22,8
ADDS_DEEP_BENCH_N10,2017-08-11,131208.11,7
ADDS_DEEP_BENCH_N10,2017-08-14,132722.66,7
ADDS_DEEP_BENCH_N10,2017-08-15,132716.34,10
ADDS_DEEP_BENCH_N10,2017-08-16,133145.64,10
ADDS_DEEP_BENCH_N10,2017-08-17,130320.59,10
ADDS_DEEP_BENCH_N10,2017-08-18,130547.68,10
ADDS_DEEP_BENCH_N10,2017-08-21,129900.0,10
ADDS_DEEP_BENCH_N10,2017-08-22,132515.62,10
ADDS_DEEP_BENCH_N10,2017-08-23,131828.8,10
ADDS_DEEP_BENCH_N10,2017-08-24,131841.07,9
ADDS_DEEP_BENCH_N10,2017-08-25,132287.47,10
ADDS_DEEP_BENCH_N10,2017-08-28,131749.12,10
ADDS_DEEP_BENCH_N10,2017-08-29,131657.2,10
ADDS_DEEP_BENCH_N10,2017-08-30,132295.9,10
ADDS_DEEP_BENCH_N10,2017-08-31,132518.22,10
ADDS_DEEP_BENCH_N10,2017-09-01,133081.82,10
ADDS_DEEP_BENCH_N10,2017-09-05,131062.67,10
ADDS_DEEP_BENCH_N10,2017-09-06,132821.38,10
ADDS_DEEP_BENCH_N10,2017-09-07,132173.24,10
ADDS_DEEP_BENCH_N10,2017-09-08,131490.96,10
ADDS_DEEP_BENCH_N10,2017-09-11,133121.74,10
ADDS_DEEP_BENCH_N10,2017-09-12,134660.91,10
ADDS_DEEP_BENCH_N10,2017-09-13,135439.53,10
ADDS_DEEP_BENCH_N10,2017-09-14,135242.33,10
ADDS_DEEP_BENCH_N10,2017-09-15,136036.93,10
ADDS_DEEP_BENCH_N10,2017-09-18,136088.15,10
ADDS_DEEP_BENCH_N10,2017-09-19,136544.43,10
ADDS_DEEP_BENCH_N10,2017-09-20,137479.06,10
ADDS_DEEP_BENCH_N10,2017-09-21,137622.44,10
ADDS_DEEP_BENCH_N10,2017-09-22,137953.39,10
ADDS_DEEP_BENCH_N10,2017-09-25,138288.46,10
ADDS_DEEP_BENCH_N10,2017-09-26,139105.71,10
ADDS_DEEP_BENCH_N10,2017-09-27,139913.99,10
ADDS_DEEP_BENCH_N10,2017-09-28,139516.85,10
ADDS_DEEP_BENCH_N10,2017-09-29,139963.11,10
ADDS_DEEP_BENCH_N10,2017-10-02,139844.96,10
ADDS_DEEP_BENCH_N10,2017-10-03,139439.5,10
ADDS_DEEP_BENCH_N10,2017-10-04,139521.12,10
ADDS_DEEP_BENCH_N10,2017-10-05,140408.91,10
ADDS_DEEP_BENCH_N10,2017-10-06,140341.04,10
ADDS_DEEP_BENCH_N10,2017-10-09,140077.44,10
ADDS_DEEP_BENCH_N10,2017-10-10,141001.26,10
ADDS_DEEP_BENCH_N10,2017-10-11,141805.23,10
ADDS_DEEP_BENCH_N10,2017-10-12,142512.39,10
ADDS_DEEP_BENCH_N10,2017-10-13,143247.82,10
ADDS_DEEP_BENCH_N10,2017-10-16,143187.51,10
ADDS_DEEP_BENCH_N10,2017-10-17,143062.56,10
ADDS_DEEP_BENCH_N10,2017-10-18,142172.35,10
ADDS_DEEP_BENCH_N10,2017-10-19,141751.38,10
ADDS_DEEP_BENCH_N10,2017-10-20,140895.87,10
ADDS_DEEP_BENCH_N10,2017-10-23,140397.63,10
ADDS_DEEP_BENCH_N10,2017-10-24,140627.51,10
ADDS_DEEP_BENCH_N10,2017-10-25,135989.51,10
ADDS_DEEP_BENCH_N10,2017-10-26,135971.97,10
ADDS_DEEP_BENCH_N10,2017-10-27,135557.02,10
ADDS_DEEP_BENCH_N10,2017-10-30,133373.99,10
ADDS_DEEP_BENCH_N10,2017-10-31,133190.23,9
ADDS_DEEP_BENCH_N10,2017-11-01,132848.09,10
ADDS_DEEP_BENCH_N10,2017-11-02,130842.34,10
ADDS_DEEP_BENCH_N10,2017-11-03,131822.18,10
ADDS_DEEP_BENCH_N10,2017-11-06,132398.18,10
ADDS_DEEP_BENCH_N10,2017-11-07,133000.21,10
ADDS_DEEP_BENCH_N10,2017-11-08,132677.3,10
ADDS_DEEP_BENCH_N10,2017-11-09,130760.89,10
ADDS_DEEP_BENCH_N10,2017-11-10,130679.28,10
ADDS_DEEP_BENCH_N10,2017-11-13,131053.67,10
ADDS_DEEP_BENCH_N10,2017-11-14,130322.63,10
ADDS_DEEP_BENCH_N10,2017-11-15,130280.52,10
ADDS_DEEP_BENCH_N10,2017-11-16,131345.49,10
ADDS_DEEP_BENCH_N10,2017-11-17,131319.05,10
ADDS_DEEP_BENCH_N10,2017-11-20,131310.58,10
ADDS_DEEP_BENCH_N10,2017-11-21,131194.69,10
ADDS_DEEP_BENCH_N10,2017-11-22,131866.07,10
ADDS_DEEP_BENCH_N10,2017-11-24,131678.98,10
ADDS_DEEP_BENCH_N10,2017-11-27,132162.68,10
ADDS_DEEP_BENCH_N10,2017-11-28,134028.37,10
ADDS_DEEP_BENCH_N10,2017-11-29,136727.71,10
ADDS_DEEP_BENCH_N10,2017-11-30,137816.48,10
ADDS_DEEP_BENCH_N10,2017-12-01,138658.78,10
ADDS_DEEP_BENCH_N10,2017-12-04,140158.75,10
ADDS_DEEP_BENCH_N10,2017-12-05,138384.66,10
ADDS_DEEP_BENCH_N10,2017-12-06,137441.15,9
ADDS_DEEP_BENCH_N10,2017-12-07,137686.42,9
ADDS_DEEP_BENCH_N10,2017-12-08,138587.35,10
ADDS_DEEP_BENCH_N10,2017-12-11,139380.15,10
ADDS_DEEP_BENCH_N10,2017-12-12,140260.86,10
ADDS_DEEP_BENCH_N10,2017-12-13,140953.59,10
ADDS_DEEP_BENCH_N10,2017-12-14,140491.78,10
ADDS_DEEP_BENCH_N10,2017-12-15,140969.47,9
ADDS_DEEP_BENCH_N10,2017-12-18,143004.6,10
ADDS_DEEP_BENCH_N10,2017-12-19,142472.67,10
ADDS_DEEP_BENCH_N10,2017-12-20,143338.99,10
ADDS_DEEP_BENCH_N10,2017-12-21,143333.82,10
ADDS_DEEP_BENCH_N10,2017-12-22,142864.23,10
ADDS_DEEP_BENCH_N10,2017-12-26,142256.14,10
ADDS_DEEP_BENCH_N10,2017-12-27,142419.34,10
ADDS_DEEP_BENCH_N10,2017-12-28,143249.33,10
ADDS_DEEP_BENCH_N10,2017-12-29,141979.0,10
ADDS_DEEP_BENCH_N10,2018-01-02,146272.15,10
ADDS_DEEP_BENCH_N10,2018-01-03,148375.68,10
ADDS_DEEP_BENCH_N10,2018-01-04,150336.74,10
ADDS_DEEP_BENCH_N10,2018-01-05,150497.32,10
ADDS_DEEP_BENCH_N10,2018-01-08,151572.48,10
ADDS_DEEP_BENCH_N10,2018-01-09,149877.58,9
ADDS_DEEP_BENCH_N10,2018-01-10,149501.57,8
ADDS_DEEP_BENCH_N10,2018-01-11,151822.17,8
ADDS_DEEP_BENCH_N10,2018-01-12,153355.92,8
ADDS_DEEP_BENCH_N10,2018-01-16,151526.21,8
ADDS_DEEP_BENCH_N10,2018-01-17,152661.01,8
ADDS_DEEP_BENCH_N10,2018-01-18,153541.95,10
ADDS_DEEP_BENCH_N10,2018-01-19,154561.57,10
ADDS_DEEP_BENCH_N10,2018-01-22,155711.6,10
ADDS_DEEP_BENCH_N10,2018-01-23,157861.47,10
ADDS_DEEP_BENCH_N10,2018-01-24,158732.0,10
ADDS_DEEP_BENCH_N10,2018-01-25,157920.1,9
ADDS_DEEP_BENCH_N10,2018-01-26,160402.39,8
ADDS_DEEP_BENCH_N10,2018-01-29,161060.75,10
ADDS_DEEP_BENCH_N10,2018-01-30,157968.62,10
ADDS_DEEP_BENCH_N10,2018-01-31,157254.67,9
ADDS_DEEP_BENCH_N10,2018-02-01,156348.07,9
ADDS_DEEP_BENCH_N10,2018-02-02,154548.73,10
ADDS_DEEP_BENCH_N10,2018-02-05,148870.79,9
ADDS_DEEP_BENCH_N10,2018-02-06,152242.43,8
ADDS_DEEP_BENCH_N10,2018-02-07,151649.07,8
ADDS_DEEP_BENCH_N10,2018-02-08,146641.98,9
ADDS_DEEP_BENCH_N10,2018-02-09,147785.23,9
ADDS_DEEP_BENCH_N10,2018-02-12,149440.67,9
ADDS_DEEP_BENCH_N10,2018-02-13,150114.0,10
ADDS_DEEP_BENCH_N10,2018-02-14,152757.27,10
ADDS_DEEP_BENCH_N10,2018-02-15,156707.82,10
ADDS_DEEP_BENCH_N10,2018-02-16,157128.91,10
ADDS_DEEP_BENCH_N10,2018-02-20,155838.57,10
ADDS_DEEP_BENCH_N10,2018-02-21,154615.48,10
ADDS_DEEP_BENCH_N10,2018-02-22,154512.06,10
ADDS_DEEP_BENCH_N10,2018-02-23,157314.17,10
ADDS_DEEP_BENCH_N10,2018-02-26,160415.79,10
ADDS_DEEP_BENCH_N10,2018-02-27,159091.0,10
ADDS_DEEP_BENCH_N10,2018-02-28,157354.37,9
ADDS_DEEP_BENCH_N10,2018-03-01,156770.92,9
ADDS_DEEP_BENCH_N10,2018-03-02,158093.24,10
ADDS_DEEP_BENCH_N10,2018-03-05,160405.6,10
ADDS_DEEP_BENCH_N10,2018-03-06,160308.57,10
ADDS_DEEP_BENCH_N10,2018-03-07,159205.85,10
ADDS_DEEP_BENCH_N10,2018-03-08,158989.83,9
ADDS_DEEP_BENCH_N10,2018-03-09,160191.87,10
ADDS_DEEP_BENCH_N10,2018-03-12,160802.55,10
ADDS_DEEP_BENCH_N10,2018-03-13,160314.27,10
ADDS_DEEP_BENCH_N10,2018-03-14,159973.26,10
ADDS_DEEP_BENCH_N10,2018-03-15,159240.17,10
ADDS_DEEP_BENCH_N10,2018-03-16,160162.4,10
ADDS_DEEP_BENCH_N10,2018-03-19,157864.33,10
ADDS_DEEP_BENCH_N10,2018-03-20,157452.8,9
ADDS_DEEP_BENCH_N10,2018-03-21,157345.56,10
ADDS_DEEP_BENCH_N10,2018-03-22,154985.78,10
ADDS_DEEP_BENCH_N10,2018-03-23,152524.73,10
ADDS_DEEP_BENCH_N10,2018-03-26,155998.55,10
ADDS_DEEP_BENCH_N10,2018-03-27,153569.05,10
ADDS_DEEP_BENCH_N10,2018-03-28,155013.1,10
ADDS_DEEP_BENCH_N10,2018-03-29,156060.99,10
ADDS_DEEP_BENCH_N10,2018-04-02,152018.29,10
ADDS_DEEP_BENCH_N10,2018-04-03,153587.39,10
ADDS_DEEP_BENCH_N10,2018-04-04,156710.03,10
ADDS_DEEP_BENCH_N10,2018-04-05,157057.56,10
ADDS_DEEP_BENCH_N10,2018-04-06,154114.31,10
ADDS_DEEP_BENCH_N10,2018-04-09,154167.72,9
ADDS_DEEP_BENCH_N10,2018-04-10,156293.87,10
ADDS_DEEP_BENCH_N10,2018-04-11,155912.62,10
ADDS_DEEP_BENCH_N10,2018-04-12,156500.41,10
ADDS_DEEP_BENCH_N10,2018-04-13,156054.75,10
ADDS_DEEP_BENCH_N10,2018-04-16,157360.95,10
ADDS_DEEP_BENCH_N10,2018-04-17,160420.69,10
ADDS_DEEP_BENCH_N10,2018-04-18,160479.0,10
ADDS_DEEP_BENCH_N10,2018-04-19,158020.51,10
ADDS_DEEP_BENCH_N10,2018-04-20,156535.47,10
ADDS_DEEP_BENCH_N10,2018-04-23,155921.3,10
ADDS_DEEP_BENCH_N10,2018-04-24,155089.4,10
ADDS_DEEP_BENCH_N10,2018-04-25,155841.39,9
ADDS_DEEP_BENCH_N10,2018-04-26,159820.18,9
ADDS_DEEP_BENCH_N10,2018-04-27,160493.81,10
ADDS_DEEP_BENCH_N10,2018-04-30,157606.31,10
ADDS_DEEP_BENCH_N10,2018-05-01,159157.65,10
ADDS_DEEP_BENCH_N10,2018-05-02,157775.09,10
ADDS_DEEP_BENCH_N10,2018-05-03,157805.7,10
ADDS_DEEP_BENCH_N10,2018-05-04,160657.71,10
ADDS_DEEP_BENCH_N10,2018-05-07,162156.97,10
ADDS_DEEP_BENCH_N10,2018-05-08,161090.7,10
ADDS_DEEP_BENCH_N10,2018-05-09,161984.82,10
ADDS_DEEP_BENCH_N10,2018-05-10,163833.73,10
ADDS_DEEP_BENCH_N10,2018-05-11,163871.91,10
ADDS_DEEP_BENCH_N10,2018-05-14,164519.67,10
ADDS_DEEP_BENCH_N10,2018-05-15,163332.5,10
ADDS_DEEP_BENCH_N10,2018-05-16,165094.33,10
ADDS_DEEP_BENCH_N10,2018-05-17,164504.7,10
ADDS_DEEP_BENCH_N10,2018-05-18,162891.16,10
ADDS_DEEP_BENCH_N10,2018-05-21,164101.46,8
ADDS_DEEP_BENCH_N10,2018-05-22,165271.24,8
ADDS_DEEP_BENCH_N10,2018-05-23,165663.89,8
ADDS_DEEP_BENCH_N10,2018-05-24,166015.46,10
ADDS_DEEP_BENCH_N10,2018-05-25,165817.64,10
ADDS_DEEP_BENCH_N10,2018-05-29,165104.04,10
ADDS_DEEP_BENCH_N10,2018-05-30,165998.66,10
ADDS_DEEP_BENCH_N10,2018-05-31,163171.16,10
ADDS_DEEP_BENCH_N10,2018-06-01,163694.39,9
ADDS_DEEP_BENCH_N10,2018-06-04,163900.56,10
ADDS_DEEP_BENCH_N10,2018-06-05,164067.92,10
ADDS_DEEP_BENCH_N10,2018-06-06,165843.16,10
ADDS_DEEP_BENCH_N10,2018-06-07,166165.01,10
ADDS_DEEP_BENCH_N10,2018-06-08,167390.49,10
ADDS_DEEP_BENCH_N10,2018-06-11,167769.27,10
ADDS_DEEP_BENCH_N10,2018-06-12,168666.64,9
ADDS_DEEP_BENCH_N10,2018-06-13,169185.96,10
ADDS_DEEP_BENCH_N10,2018-06-14,170026.2,10
ADDS_DEEP_BENCH_N10,2018-06-15,169309.78,10
ADDS_DEEP_BENCH_N10,2018-06-18,168605.97,10
ADDS_DEEP_BENCH_N10,2018-06-19,168441.02,10
ADDS_DEEP_BENCH_N10,2018-06-20,170212.67,10
ADDS_DEEP_BENCH_N10,2018-06-21,168399.25,10
ADDS_DEEP_BENCH_N10,2018-06-22,170010.13,10
ADDS_DEEP_BENCH_N10,2018-06-25,167338.24,10
ADDS_DEEP_BENCH_N10,2018-06-26,167594.14,10
ADDS_DEEP_BENCH_N10,2018-06-27,167148.21,10
ADDS_DEEP_BENCH_N10,2018-06-28,167615.77,10
ADDS_DEEP_BENCH_N10,2018-06-29,168305.71,10
ADDS_DEEP_BENCH_N10,2018-07-02,167809.52,10
ADDS_DEEP_BENCH_N10,2018-07-03,168298.19,10
ADDS_DEEP_BENCH_N10,2018-07-05,169619.57,10
ADDS_DEEP_BENCH_N10,2018-07-06,171410.79,10
ADDS_DEEP_BENCH_N10,2018-07-09,173214.45,10
ADDS_DEEP_BENCH_N10,2018-07-10,173687.38,10
ADDS_DEEP_BENCH_N10,2018-07-11,172122.81,10
ADDS_DEEP_BENCH_N10,2018-07-12,172576.97,10
ADDS_DEEP_BENCH_N10,2018-07-13,173116.56,10
ADDS_DEEP_BENCH_N10,2018-07-16,171432.73,10
ADDS_DEEP_BENCH_N10,2018-07-17,171721.2,10
ADDS_DEEP_BENCH_N10,2018-07-18,171639.29,10
ADDS_DEEP_BENCH_N10,2018-07-19,172295.76,10
ADDS_DEEP_BENCH_N10,2018-07-20,172484.71,10
ADDS_DEEP_BENCH_N10,2018-07-23,173083.98,10
ADDS_DEEP_BENCH_N10,2018-07-24,172950.07,10
ADDS_DEEP_BENCH_N10,2018-07-25,173962.4,10
ADDS_DEEP_BENCH_N10,2018-07-26,174251.78,10
ADDS_DEEP_BENCH_N10,2018-07-27,174220.75,10
ADDS_DEEP_BENCH_N10,2018-07-30,174099.41,10
ADDS_DEEP_BENCH_N10,2018-07-31,173616.6,10
ADDS_DEEP_BENCH_N10,2018-08-01,172949.83,10
ADDS_DEEP_BENCH_N10,2018-08-02,175511.87,10
ADDS_DEEP_BENCH_N10,2018-08-03,175595.19,10
ADDS_DEEP_BENCH_N10,2018-08-06,174918.03,9
ADDS_DEEP_BENCH_N10,2018-08-07,174818.53,10
ADDS_DEEP_BENCH_N10,2018-08-08,174120.32,10
ADDS_DEEP_BENCH_N10,2018-08-09,173028.63,10
ADDS_DEEP_BENCH_N10,2018-08-10,172512.91,10
ADDS_DEEP_BENCH_N10,2018-08-13,169963.79,10
ADDS_DEEP_BENCH_N10,2018-08-14,170830.61,9
ADDS_DEEP_BENCH_N10,2018-08-15,170935.01,10
ADDS_DEEP_BENCH_N10,2018-08-16,170894.73,10
ADDS_DEEP_BENCH_N10,2018-08-17,170024.16,10
ADDS_DEEP_BENCH_N10,2018-08-20,170455.01,10
ADDS_DEEP_BENCH_N10,2018-08-21,171492.89,10
ADDS_DEEP_BENCH_N10,2018-08-22,171802.51,10
ADDS_DEEP_BENCH_N10,2018-08-23,171901.84,10
ADDS_DEEP_BENCH_N10,2018-08-24,171939.95,10
ADDS_DEEP_BENCH_N10,2018-08-27,173943.75,10
ADDS_DEEP_BENCH_N10,2018-08-28,173449.79,10
ADDS_DEEP_BENCH_N10,2018-08-29,174618.41,10
ADDS_DEEP_BENCH_N10,2018-08-30,172852.29,10
ADDS_DEEP_BENCH_N10,2018-08-31,172285.1,9
ADDS_DEEP_BENCH_N10,2018-09-04,171121.84,10
ADDS_DEEP_BENCH_N10,2018-09-05,170450.38,10
ADDS_DEEP_BENCH_N10,2018-09-06,168768.74,10
ADDS_DEEP_BENCH_N10,2018-09-07,167737.68,10
ADDS_DEEP_BENCH_N10,2018-09-10,167853.17,10
ADDS_DEEP_BENCH_N10,2018-09-11,167228.32,10
ADDS_DEEP_BENCH_N10,2018-09-12,167827.89,10
ADDS_DEEP_BENCH_N10,2018-09-13,168837.46,10
ADDS_DEEP_BENCH_N10,2018-09-14,168885.38,10
ADDS_DEEP_BENCH_N10,2018-09-17,168225.23,10
ADDS_DEEP_BENCH_N10,2018-09-18,169252.26,10
ADDS_DEEP_BENCH_N10,2018-09-19,170756.8,10
ADDS_DEEP_BENCH_N10,2018-09-20,171777.97,10
ADDS_DEEP_BENCH_N10,2018-09-21,171447.12,10
ADDS_DEEP_BENCH_N10,2018-09-24,169168.77,10
ADDS_DEEP_BENCH_N10,2018-09-25,167166.91,10
ADDS_DEEP_BENCH_N10,2018-09-26,166405.42,10
ADDS_DEEP_BENCH_N10,2018-09-27,166353.98,10
ADDS_DEEP_BENCH_N10,2018-09-28,167037.48,10
ADDS_DEEP_BENCH_N10,2018-10-01,168483.4,10
ADDS_DEEP_BENCH_N10,2018-10-02,169607.1,10
ADDS_DEEP_BENCH_N10,2018-10-03,170061.34,10
ADDS_DEEP_BENCH_N10,2018-10-04,167272.41,10
ADDS_DEEP_BENCH_N10,2018-10-05,166358.04,10
ADDS_DEEP_BENCH_N10,2018-10-08,168151.35,10
ADDS_DEEP_BENCH_N10,2018-10-09,166555.33,10
ADDS_DEEP_BENCH_N10,2018-10-10,162392.54,10
ADDS_DEEP_BENCH_N10,2018-10-11,158326.06,10
ADDS_DEEP_BENCH_N10,2018-10-12,157528.61,9
ADDS_DEEP_BENCH_N10,2018-10-15,157420.19,10
ADDS_DEEP_BENCH_N10,2018-10-16,159651.02,10
ADDS_DEEP_BENCH_N10,2018-10-17,160498.25,10
ADDS_DEEP_BENCH_N10,2018-10-18,156927.64,10
ADDS_DEEP_BENCH_N10,2018-10-19,156575.84,10
ADDS_DEEP_BENCH_N10,2018-10-22,153986.2,10
ADDS_DEEP_BENCH_N10,2018-10-23,154144.39,10
ADDS_DEEP_BENCH_N10,2018-10-24,148878.26,10
ADDS_DEEP_BENCH_N10,2018-10-25,152868.66,10
ADDS_DEEP_BENCH_N10,2018-10-26,151075.82,10
ADDS_DEEP_BENCH_N10,2018-10-29,151961.51,10
ADDS_DEEP_BENCH_N10,2018-10-30,154585.65,10
ADDS_DEEP_BENCH_N10,2018-10-31,156713.33,10
ADDS_DEEP_BENCH_N10,2018-11-01,158972.1,10
ADDS_DEEP_BENCH_N10,2018-11-02,159937.91,10
ADDS_DEEP_BENCH_N10,2018-11-05,161284.93,10
ADDS_DEEP_BENCH_N10,2018-11-06,162662.57,10
ADDS_DEEP_BENCH_N10,2018-11-07,160638.34,10
ADDS_DEEP_BENCH_N10,2018-11-08,159721.66,10
ADDS_DEEP_BENCH_N10,2018-11-09,159313.84,10
ADDS_DEEP_BENCH_N10,2018-11-12,158130.68,8
ADDS_DEEP_BENCH_N10,2018-11-13,157258.63,6
ADDS_DEEP_BENCH_N10,2018-11-14,157453.05,6
ADDS_DEEP_BENCH_N10,2018-11-15,158717.91,6
ADDS_DEEP_BENCH_N10,2018-11-16,159641.62,7
ADDS_DEEP_BENCH_N10,2018-11-19,158566.09,7
ADDS_DEEP_BENCH_N10,2018-11-20,156263.5,7
ADDS_DEEP_BENCH_N10,2018-11-21,156519.0,9
ADDS_DEEP_BENCH_N10,2018-11-23,154825.66,9
ADDS_DEEP_BENCH_N10,2018-11-26,157497.27,9
ADDS_DEEP_BENCH_N10,2018-11-27,157838.91,9
ADDS_DEEP_BENCH_N10,2018-11-28,159747.29,9
ADDS_DEEP_BENCH_N10,2018-11-29,159516.41,9
ADDS_DEEP_BENCH_N10,2018-11-30,159928.43,9
ADDS_DEEP_BENCH_N10,2018-12-03,162194.81,9
ADDS_DEEP_BENCH_N10,2018-12-04,156409.94,9
ADDS_DEEP_BENCH_N10,2018-12-06,154611.43,6
ADDS_DEEP_BENCH_N10,2018-12-07,150780.75,9
ADDS_DEEP_BENCH_N10,2018-12-10,151804.54,9
ADDS_DEEP_BENCH_N10,2018-12-11,151848.13,9
ADDS_DEEP_BENCH_N10,2018-12-12,153428.46,9
ADDS_DEEP_BENCH_N10,2018-12-13,152540.16,9
ADDS_DEEP_BENCH_N10,2018-12-14,149752.99,9
ADDS_DEEP_BENCH_N10,2018-12-17,145858.6,9
ADDS_DEEP_BENCH_N10,2018-12-18,146667.21,9
ADDS_DEEP_BENCH_N10,2018-12-19,142655.23,9
ADDS_DEEP_BENCH_N10,2018-12-20,139854.9,9
ADDS_DEEP_BENCH_N10,2018-12-21,136464.16,9
ADDS_DEEP_BENCH_N10,2018-12-24,133298.81,9
ADDS_DEEP_BENCH_N10,2018-12-26,140396.83,9
ADDS_DEEP_BENCH_N10,2018-12-27,140585.95,9
ADDS_DEEP_BENCH_N10,2018-12-28,140914.4,9
ADDS_DEEP_BENCH_N10,2018-12-31,141926.08,9
ADDS_DEEP_BENCH_N10,2019-01-02,144492.51,9
ADDS_DEEP_BENCH_N10,2019-01-03,140620.86,9
ADDS_DEEP_BENCH_N10,2019-01-04,145557.58,9
ADDS_DEEP_BENCH_N10,2019-01-07,148281.61,9
ADDS_DEEP_BENCH_N10,2019-01-08,149776.85,9
ADDS_DEEP_BENCH_N10,2019-01-09,150129.04,9
ADDS_DEEP_BENCH_N10,2019-01-10,151069.8,10
ADDS_DEEP_BENCH_N10,2019-01-11,150688.7,10
ADDS_DEEP_BENCH_N10,2019-01-14,150228.53,10
ADDS_DEEP_BENCH_N10,2019-01-15,151301.88,9
ADDS_DEEP_BENCH_N10,2019-01-16,151111.01,10
ADDS_DEEP_BENCH_N10,2019-01-17,152173.37,9
ADDS_DEEP_BENCH_N10,2019-01-18,154165.12,10
ADDS_DEEP_BENCH_N10,2019-01-22,151921.56,10
ADDS_DEEP_BENCH_N10,2019-01-23,150879.66,8
ADDS_DEEP_BENCH_N10,2019-01-24,150934.04,8
ADDS_DEEP_BENCH_N10,2019-01-25,150624.47,9
ADDS_DEEP_BENCH_N10,2019-01-28,150526.18,10
ADDS_DEEP_BENCH_N10,2019-01-29,149967.9,10
ADDS_DEEP_BENCH_N10,2019-01-30,152696.24,10
ADDS_DEEP_BENCH_N10,2019-01-31,153192.27,10
ADDS_DEEP_BENCH_N10,2019-02-01,154643.06,10
ADDS_DEEP_BENCH_N10,2019-02-04,156324.82,10
ADDS_DEEP_BENCH_N10,2019-02-05,157007.46,10
ADDS_DEEP_BENCH_N10,2019-02-06,156848.65,10
ADDS_DEEP_BENCH_N10,2019-02-07,155107.79,8
ADDS_DEEP_BENCH_N10,2019-02-08,154707.36,10
ADDS_DEEP_BENCH_N10,2019-02-11,154713.1,10
ADDS_DEEP_BENCH_N10,2019-02-12,156858.31,9
ADDS_DEEP_BENCH_N10,2019-02-13,157987.49,10
ADDS_DEEP_BENCH_N10,2019-02-14,157926.76,10
ADDS_DEEP_BENCH_N10,2019-02-15,159861.03,10
ADDS_DEEP_BENCH_N10,2019-02-19,160904.57,10
ADDS_DEEP_BENCH_N10,2019-02-20,159835.83,10
ADDS_DEEP_BENCH_N10,2019-02-21,157889.04,10
ADDS_DEEP_BENCH_N10,2019-02-22,159032.33,10
ADDS_DEEP_BENCH_N10,2019-02-25,158152.68,10
ADDS_DEEP_BENCH_N10,2019-02-26,157941.73,10
ADDS_DEEP_BENCH_N10,2019-02-27,157416.54,10
ADDS_DEEP_BENCH_N10,2019-02-28,155040.49,10
ADDS_DEEP_BENCH_N10,2019-03-01,156661.95,10
ADDS_DEEP_BENCH_N10,2019-03-04,156204.3,10
ADDS_DEEP_BENCH_N10,2019-03-05,156250.16,10
ADDS_DEEP_BENCH_N10,2019-03-06,155185.39,10
ADDS_DEEP_BENCH_N10,2019-03-07,153847.09,9
ADDS_DEEP_BENCH_N10,2019-03-08,154526.43,10
ADDS_DEEP_BENCH_N10,2019-03-11,157063.85,10
ADDS_DEEP_BENCH_N10,2019-03-12,157372.85,10
ADDS_DEEP_BENCH_N10,2019-03-13,159208.77,10
ADDS_DEEP_BENCH_N10,2019-03-14,158516.54,10
ADDS_DEEP_BENCH_N10,2019-03-15,159659.84,10
ADDS_DEEP_BENCH_N10,2019-03-18,160668.16,10
ADDS_DEEP_BENCH_N10,2019-03-19,161117.81,10
ADDS_DEEP_BENCH_N10,2019-03-20,159676.37,10
ADDS_DEEP_BENCH_N10,2019-03-21,162795.91,10
ADDS_DEEP_BENCH_N10,2019-03-22,158312.24,10
ADDS_DEEP_BENCH_N10,2019-03-25,158346.57,8
ADDS_DEEP_BENCH_N10,2019-03-26,159626.34,8
ADDS_DEEP_BENCH_N10,2019-03-27,158315.19,10
ADDS_DEEP_BENCH_N10,2019-03-28,158046.06,10
ADDS_DEEP_BENCH_N10,2019-03-29,158883.73,10
ADDS_DEEP_BENCH_N10,2019-04-01,161671.91,10
ADDS_DEEP_BENCH_N10,2019-04-02,156767.59,10
ADDS_DEEP_BENCH_N10,2019-04-03,157614.72,10
ADDS_DEEP_BENCH_N10,2019-04-04,159336.59,10
ADDS_DEEP_BENCH_N10,2019-04-05,159451.1,10
ADDS_DEEP_BENCH_N10,2019-04-08,160073.82,10
ADDS_DEEP_BENCH_N10,2019-04-09,159380.11,10
ADDS_DEEP_BENCH_N10,2019-04-10,160155.39,10
ADDS_DEEP_BENCH_N10,2019-04-11,160402.8,10
ADDS_DEEP_BENCH_N10,2019-04-12,161735.47,10
ADDS_DEEP_BENCH_N10,2019-04-15,161832.31,10
ADDS_DEEP_BENCH_N10,2019-04-16,165927.28,10
ADDS_DEEP_BENCH_N10,2019-04-17,167986.48,10
ADDS_DEEP_BENCH_N10,2019-04-18,168271.55,10
ADDS_DEEP_BENCH_N10,2019-04-22,168381.27,10
ADDS_DEEP_BENCH_N10,2019-04-23,170296.29,10
ADDS_DEEP_BENCH_N10,2019-04-24,169630.89,10
ADDS_DEEP_BENCH_N10,2019-04-25,169893.18,10
ADDS_DEEP_BENCH_N10,2019-04-26,171020.85,10
ADDS_DEEP_BENCH_N10,2019-04-29,171866.01,10
ADDS_DEEP_BENCH_N10,2019-04-30,172393.98,10
ADDS_DEEP_BENCH_N10,2019-05-01,173068.67,10
ADDS_DEEP_BENCH_N10,2019-05-02,172939.48,9
ADDS_DEEP_BENCH_N10,2019-05-03,173950.17,10
ADDS_DEEP_BENCH_N10,2019-05-06,174005.92,10
ADDS_DEEP_BENCH_N10,2019-05-07,170234.95,10
ADDS_DEEP_BENCH_N10,2019-05-08,169041.49,9
ADDS_DEEP_BENCH_N10,2019-05-09,167224.32,9
ADDS_DEEP_BENCH_N10,2019-05-10,167884.99,10
ADDS_DEEP_BENCH_N10,2019-05-13,162437.03,10
ADDS_DEEP_BENCH_N10,2019-05-14,165758.89,10
ADDS_DEEP_BENCH_N10,2019-05-15,169102.43,10
ADDS_DEEP_BENCH_N10,2019-05-16,169789.71,10
ADDS_DEEP_BENCH_N10,2019-05-17,169193.42,10
ADDS_DEEP_BENCH_N10,2019-05-20,166100.06,10
ADDS_DEEP_BENCH_N10,2019-05-21,168008.93,10
ADDS_DEEP_BENCH_N10,2019-05-22,165936.86,10
ADDS_DEEP_BENCH_N10,2019-05-23,162053.76,10
ADDS_DEEP_BENCH_N10,2019-05-24,162629.16,10
ADDS_DEEP_BENCH_N10,2019-05-28,164554.52,10
ADDS_DEEP_BENCH_N10,2019-05-29,164305.86,10
ADDS_DEEP_BENCH_N10,2019-05-30,164940.39,10
ADDS_DEEP_BENCH_N10,2019-05-31,161682.55,10
ADDS_DEEP_BENCH_N10,2019-06-03,161175.5,9
ADDS_DEEP_BENCH_N10,2019-06-04,165615.51,9
ADDS_DEEP_BENCH_N10,2019-06-05,166652.64,10
ADDS_DEEP_BENCH_N10,2019-06-06,169828.11,10
ADDS_DEEP_BENCH_N10,2019-06-07,171170.19,10
ADDS_DEEP_BENCH_N10,2019-06-10,172990.04,10
ADDS_DEEP_BENCH_N10,2019-06-11,173659.35,10
ADDS_DEEP_BENCH_N10,2019-06-12,171788.57,10
ADDS_DEEP_BENCH_N10,2019-06-13,173204.9,9
ADDS_DEEP_BENCH_N10,2019-06-14,172704.77,10
ADDS_DEEP_BENCH_N10,2019-06-17,172921.14,10
ADDS_DEEP_BENCH_N10,2019-06-18,176015.53,10
ADDS_DEEP_BENCH_N10,2019-06-19,175510.92,10
ADDS_DEEP_BENCH_N10,2019-06-20,176639.99,10
ADDS_DEEP_BENCH_N10,2019-06-21,177019.92,10
ADDS_DEEP_BENCH_N10,2019-06-24,178117.86,9
ADDS_DEEP_BENCH_N10,2019-06-25,176244.66,9
ADDS_DEEP_BENCH_N10,2019-06-26,177714.63,8
ADDS_DEEP_BENCH_N10,2019-06-27,179520.78,9
ADDS_DEEP_BENCH_N10,2019-06-28,180019.82,10
ADDS_DEEP_BENCH_N10,2019-07-01,181577.05,10
ADDS_DEEP_BENCH_N10,2019-07-02,181793.3,10
ADDS_DEEP_BENCH_N10,2019-07-03,183127.9,10
ADDS_DEEP_BENCH_N10,2019-07-05,183412.45,10
ADDS_DEEP_BENCH_N10,2019-07-08,182424.37,10
ADDS_DEEP_BENCH_N10,2019-07-09,182536.41,9
ADDS_DEEP_BENCH_N10,2019-07-10,183553.88,10
ADDS_DEEP_BENCH_N10,2019-07-11,184124.39,10
ADDS_DEEP_BENCH_N10,2019-07-12,184109.92,10
ADDS_DEEP_BENCH_N10,2019-07-15,184714.09,10
ADDS_DEEP_BENCH_N10,2019-07-16,183617.79,10
ADDS_DEEP_BENCH_N10,2019-07-17,182577.09,10
ADDS_DEEP_BENCH_N10,2019-07-18,180799.65,10
ADDS_DEEP_BENCH_N10,2019-07-19,179029.89,10
ADDS_DEEP_BENCH_N10,2019-07-22,178341.96,10
ADDS_DEEP_BENCH_N10,2019-07-23,179577.19,10
ADDS_DEEP_BENCH_N10,2019-07-24,183903.84,10
ADDS_DEEP_BENCH_N10,2019-07-25,181622.1,10
ADDS_DEEP_BENCH_N10,2019-07-26,183212.45,10
ADDS_DEEP_BENCH_N10,2019-07-29,183575.59,10
ADDS_DEEP_BENCH_N10,2019-07-30,183035.61,10
ADDS_DEEP_BENCH_N10,2019-07-31,179135.57,10
ADDS_DEEP_BENCH_N10,2019-08-01,177902.66,10
ADDS_DEEP_BENCH_N10,2019-08-02,176332.56,10
ADDS_DEEP_BENCH_N10,2019-08-05,171984.9,10
ADDS_DEEP_BENCH_N10,2019-08-06,173728.76,9
ADDS_DEEP_BENCH_N10,2019-08-07,173826.65,10
ADDS_DEEP_BENCH_N10,2019-08-08,178806.47,10
ADDS_DEEP_BENCH_N10,2019-08-09,177248.56,10
ADDS_DEEP_BENCH_N10,2019-08-12,174534.8,10
ADDS_DEEP_BENCH_N10,2019-08-13,176200.35,10
ADDS_DEEP_BENCH_N10,2019-08-14,170082.48,10
ADDS_DEEP_BENCH_N10,2019-08-15,168995.21,9
ADDS_DEEP_BENCH_N10,2019-08-16,172027.26,9
ADDS_DEEP_BENCH_N10,2019-08-19,174005.99,10
ADDS_DEEP_BENCH_N10,2019-08-20,172398.66,10
ADDS_DEEP_BENCH_N10,2019-08-21,173621.38,10
ADDS_DEEP_BENCH_N10,2019-08-22,173744.89,10
ADDS_DEEP_BENCH_N10,2019-08-23,167966.73,10
ADDS_DEEP_BENCH_N10,2019-08-26,170184.63,10
ADDS_DEEP_BENCH_N10,2019-08-27,170490.88,10
ADDS_DEEP_BENCH_N10,2019-08-28,171704.31,10
ADDS_DEEP_BENCH_N10,2019-08-29,174011.34,10
ADDS_DEEP_BENCH_N10,2019-08-30,174079.14,10
ADDS_DEEP_BENCH_N10,2019-09-03,172712.47,10
ADDS_DEEP_BENCH_N10,2019-09-04,175018.89,10
ADDS_DEEP_BENCH_N10,2019-09-05,177686.43,10
ADDS_DEEP_BENCH_N10,2019-09-06,176711.61,10
ADDS_DEEP_BENCH_N10,2019-09-09,178171.38,10
ADDS_DEEP_BENCH_N10,2019-09-10,179208.27,10
ADDS_DEEP_BENCH_N10,2019-09-11,178967.54,10
ADDS_DEEP_BENCH_N10,2019-09-12,180033.96,10
ADDS_DEEP_BENCH_N10,2019-09-13,180990.68,10
ADDS_DEEP_BENCH_N10,2019-09-16,180090.03,9
ADDS_DEEP_BENCH_N10,2019-09-17,179944.49,8
ADDS_DEEP_BENCH_N10,2019-09-18,178674.35,10
ADDS_DEEP_BENCH_N10,2019-09-19,179141.51,10
ADDS_DEEP_BENCH_N10,2019-09-20,178729.54,9
ADDS_DEEP_BENCH_N10,2019-09-23,178632.84,10
ADDS_DEEP_BENCH_N10,2019-09-24,176119.6,9
ADDS_DEEP_BENCH_N10,2019-09-25,176240.13,9
ADDS_DEEP_BENCH_N10,2019-09-26,175627.0,10
ADDS_DEEP_BENCH_N10,2019-09-27,173517.07,10
ADDS_DEEP_BENCH_N10,2019-09-30,175002.56,10
ADDS_DEEP_BENCH_N10,2019-10-01,174737.65,10
ADDS_DEEP_BENCH_N10,2019-10-02,173040.65,10
ADDS_DEEP_BENCH_N10,2019-10-03,174503.83,10
ADDS_DEEP_BENCH_N10,2019-10-04,176401.8,10
ADDS_DEEP_BENCH_N10,2019-10-07,175574.67,10
ADDS_DEEP_BENCH_N10,2019-10-08,173760.41,10
ADDS_DEEP_BENCH_N10,2019-10-09,174780.07,10
ADDS_DEEP_BENCH_N10,2019-10-10,175978.55,10
ADDS_DEEP_BENCH_N10,2019-10-11,177373.46,10
ADDS_DEEP_BENCH_N10,2019-10-14,178438.52,10
ADDS_DEEP_BENCH_N10,2019-10-15,179418.22,10
ADDS_DEEP_BENCH_N10,2019-10-16,178689.85,10
ADDS_DEEP_BENCH_N10,2019-10-17,179954.58,10
ADDS_DEEP_BENCH_N10,2019-10-18,177554.66,10
ADDS_DEEP_BENCH_N10,2019-10-21,178724.04,10
ADDS_DEEP_BENCH_N10,2019-10-22,176778.77,10
ADDS_DEEP_BENCH_N10,2019-10-23,178385.21,10
ADDS_DEEP_BENCH_N10,2019-10-24,179593.8,10
ADDS_DEEP_BENCH_N10,2019-10-25,179708.05,10
ADDS_DEEP_BENCH_N10,2019-10-28,180607.6,10
ADDS_DEEP_BENCH_N10,2019-10-29,180197.77,10
ADDS_DEEP_BENCH_N10,2019-10-30,181879.6,9
ADDS_DEEP_BENCH_N10,2019-10-31,181821.6,10
ADDS_DEEP_BENCH_N10,2019-11-01,183327.11,8
ADDS_DEEP_BENCH_N10,2019-11-04,183522.92,10
ADDS_DEEP_BENCH_N10,2019-11-05,183592.99,10
ADDS_DEEP_BENCH_N10,2019-11-06,183958.48,10
ADDS_DEEP_BENCH_N10,2019-11-07,182984.53,9
ADDS_DEEP_BENCH_N10,2019-11-08,183531.25,10
ADDS_DEEP_BENCH_N10,2019-11-11,183041.67,10
ADDS_DEEP_BENCH_N10,2019-11-12,182883.31,10
ADDS_DEEP_BENCH_N10,2019-11-13,183051.58,10
ADDS_DEEP_BENCH_N10,2019-11-14,183518.44,10
ADDS_DEEP_BENCH_N10,2019-11-15,184876.2,10
ADDS_DEEP_BENCH_N10,2019-11-18,185310.76,10
ADDS_DEEP_BENCH_N10,2019-11-19,184163.64,10
ADDS_DEEP_BENCH_N10,2019-11-20,184105.41,10
ADDS_DEEP_BENCH_N10,2019-11-21,184292.71,10
ADDS_DEEP_BENCH_N10,2019-11-22,183883.33,10
ADDS_DEEP_BENCH_N10,2019-11-25,185640.59,10
ADDS_DEEP_BENCH_N10,2019-11-26,185925.75,10
ADDS_DEEP_BENCH_N10,2019-11-27,186494.41,10
ADDS_DEEP_BENCH_N10,2019-11-29,185891.61,10
ADDS_DEEP_BENCH_N10,2019-12-02,185298.55,10
ADDS_DEEP_BENCH_N10,2019-12-03,184428.66,10
ADDS_DEEP_BENCH_N10,2019-12-04,184807.83,10
ADDS_DEEP_BENCH_N10,2019-12-05,185088.35,10
ADDS_DEEP_BENCH_N10,2019-12-06,187346.59,10
ADDS_DEEP_BENCH_N10,2019-12-09,187065.28,10
ADDS_DEEP_BENCH_N10,2019-12-10,188184.21,10
ADDS_DEEP_BENCH_N10,2019-12-11,189575.39,10
ADDS_DEEP_BENCH_N10,2019-12-12,193668.37,10
ADDS_DEEP_BENCH_N10,2019-12-13,192556.26,10
ADDS_DEEP_BENCH_N10,2019-12-16,194245.02,9
ADDS_DEEP_BENCH_N10,2019-12-17,195135.04,10
ADDS_DEEP_BENCH_N10,2019-12-18,195162.08,10
ADDS_DEEP_BENCH_N10,2019-12-19,196289.68,10
ADDS_DEEP_BENCH_N10,2019-12-20,196965.68,10
ADDS_DEEP_BENCH_N10,2019-12-23,196820.04,10
ADDS_DEEP_BENCH_N10,2019-12-24,197194.49,10
ADDS_DEEP_BENCH_N10,2019-12-26,197533.26,10
ADDS_DEEP_BENCH_N10,2019-12-27,196806.0,10
ADDS_DEEP_BENCH_N10,2019-12-30,195727.82,9
ADDS_DEEP_BENCH_N10,2019-12-31,195985.25,9
ADDS_DEEP_BENCH_N10,2020-01-02,195918.33,10
ADDS_DEEP_BENCH_N10,2020-01-03,193377.67,10
ADDS_DEEP_BENCH_N10,2020-01-06,193958.39,10
ADDS_DEEP_BENCH_N10,2020-01-07,192866.54,10
ADDS_DEEP_BENCH_N10,2020-01-08,193390.27,10
ADDS_DEEP_BENCH_N10,2020-01-09,193134.2,10
ADDS_DEEP_BENCH_N10,2020-01-10,192254.17,10
ADDS_DEEP_BENCH_N10,2020-01-13,193276.34,10
ADDS_DEEP_BENCH_N10,2020-01-14,193872.42,10
ADDS_DEEP_BENCH_N10,2020-01-15,193090.15,10
ADDS_DEEP_BENCH_N10,2020-01-16,194076.2,10
ADDS_DEEP_BENCH_N10,2020-01-17,194472.29,10
ADDS_DEEP_BENCH_N10,2020-01-21,193789.82,10
ADDS_DEEP_BENCH_N10,2020-01-22,193982.7,10
ADDS_DEEP_BENCH_N10,2020-01-23,193130.39,10
ADDS_DEEP_BENCH_N10,2020-01-24,190796.97,10
ADDS_DEEP_BENCH_N10,2020-01-27,189152.95,10
ADDS_DEEP_BENCH_N10,2020-01-28,190520.43,10
ADDS_DEEP_BENCH_N10,2020-01-29,189166.66,10
ADDS_DEEP_BENCH_N10,2020-01-30,189994.18,10
ADDS_DEEP_BENCH_N10,2020-01-31,187116.32,10
ADDS_DEEP_BENCH_N10,2020-02-03,185976.84,10
ADDS_DEEP_BENCH_N10,2020-02-04,187871.18,10
ADDS_DEEP_BENCH_N10,2020-02-05,192271.29,10
ADDS_DEEP_BENCH_N10,2020-02-06,193134.36,10
ADDS_DEEP_BENCH_N10,2020-02-07,193194.35,10
ADDS_DEEP_BENCH_N10,2020-02-10,194489.04,10
ADDS_DEEP_BENCH_N10,2020-02-11,196629.6,10
ADDS_DEEP_BENCH_N10,2020-02-12,197483.92,10
ADDS_DEEP_BENCH_N10,2020-02-13,197689.96,10
ADDS_DEEP_BENCH_N10,2020-02-14,197366.55,10
ADDS_DEEP_BENCH_N10,2020-02-18,197376.77,9
ADDS_DEEP_BENCH_N10,2020-02-19,197444.47,9
ADDS_DEEP_BENCH_N10,2020-02-20,197601.69,10
ADDS_DEEP_BENCH_N10,2020-02-21,194572.12,10
ADDS_DEEP_BENCH_N10,2020-02-24,185594.65,9
ADDS_DEEP_BENCH_N10,2020-02-25,178999.61,9
ADDS_DEEP_BENCH_N10,2020-02-26,176069.01,9
ADDS_DEEP_BENCH_N10,2020-02-27,169922.34,9
ADDS_DEEP_BENCH_N10,2020-02-28,168901.45,9
ADDS_DEEP_BENCH_N10,2020-03-02,175945.14,9
ADDS_DEEP_BENCH_N10,2020-03-03,170741.26,10
ADDS_DEEP_BENCH_N10,2020-03-04,176465.94,10
ADDS_DEEP_BENCH_N10,2020-03-05,170207.96,10
ADDS_DEEP_BENCH_N10,2020-03-06,165496.51,10
ADDS_DEEP_BENCH_N10,2020-03-09,146466.01,10
ADDS_DEEP_BENCH_N10,2020-03-10,153201.37,10
ADDS_DEEP_BENCH_N10,2020-03-11,144745.0,10
ADDS_DEEP_BENCH_N10,2020-03-12,130971.05,10
ADDS_DEEP_BENCH_N10,2020-03-13,144804.72,10
ADDS_DEEP_BENCH_N10,2020-03-16,128718.25,10
ADDS_DEEP_BENCH_N10,2020-03-17,138458.69,10
ADDS_DEEP_BENCH_N10,2020-03-18,132408.83,10
ADDS_DEEP_BENCH_N10,2020-03-19,132573.22,10
ADDS_DEEP_BENCH_N10,2020-03-20,125354.92,10
ADDS_DEEP_BENCH_N10,2020-03-23,121266.46,10
ADDS_DEEP_BENCH_N10,2020-03-24,128184.3,10
ADDS_DEEP_BENCH_N10,2020-03-25,128929.02,10
ADDS_DEEP_BENCH_N10,2020-03-26,137959.07,10
ADDS_DEEP_BENCH_N10,2020-03-27,133271.67,10
ADDS_DEEP_BENCH_N10,2020-03-30,135760.02,10
ADDS_DEEP_BENCH_N10,2020-03-31,133690.46,10
ADDS_DEEP_BENCH_N10,2020-04-01,127813.67,10
ADDS_DEEP_BENCH_N10,2020-04-02,129974.67,9
ADDS_DEEP_BENCH_N10,2020-04-03,128259.61,10
ADDS_DEEP_BENCH_N10,2020-04-06,135588.35,10
ADDS_DEEP_BENCH_N10,2020-04-07,136191.05,10
ADDS_DEEP_BENCH_N10,2020-04-08,141178.29,9
ADDS_DEEP_BENCH_N10,2020-04-09,143606.84,10
ADDS_DEEP_BENCH_N10,2020-04-13,140825.94,10
ADDS_DEEP_BENCH_N10,2020-04-14,142642.76,7
ADDS_DEEP_BENCH_N10,2020-04-15,138783.73,8
ADDS_DEEP_BENCH_N10,2020-04-16,136437.99,7
ADDS_DEEP_BENCH_N10,2020-04-17,140481.81,8
ADDS_DEEP_BENCH_N10,2020-04-20,137676.44,8
ADDS_DEEP_BENCH_N10,2020-04-21,134858.17,8
ADDS_DEEP_BENCH_N10,2020-04-22,135887.36,6
ADDS_DEEP_BENCH_N10,2020-04-23,136406.51,9
ADDS_DEEP_BENCH_N10,2020-04-24,137303.3,9
ADDS_DEEP_BENCH_N10,2020-04-27,142158.2,9
ADDS_DEEP_BENCH_N10,2020-04-28,146191.25,9
ADDS_DEEP_BENCH_N10,2020-04-29,157383.31,8
ADDS_DEEP_BENCH_N10,2020-04-30,153678.21,9
ADDS_DEEP_BENCH_N10,2020-05-01,145401.25,8
ADDS_DEEP_BENCH_N10,2020-05-04,145463.9,6
ADDS_DEEP_BENCH_N10,2020-05-05,144769.72,6
ADDS_DEEP_BENCH_N10,2020-05-06,143743.32,5
ADDS_DEEP_BENCH_N10,2020-05-07,148755.61,5
ADDS_DEEP_BENCH_N10,2020-05-08,152407.71,6
ADDS_DEEP_BENCH_N10,2020-05-11,151173.29,10
ADDS_DEEP_BENCH_N10,2020-05-12,147106.54,10
ADDS_DEEP_BENCH_N10,2020-05-13,141275.51,10
ADDS_DEEP_BENCH_N10,2020-05-14,145820.1,10
ADDS_DEEP_BENCH_N10,2020-05-15,144839.3,10
ADDS_DEEP_BENCH_N10,2020-05-18,153867.68,10
ADDS_DEEP_BENCH_N10,2020-05-19,152816.82,10
ADDS_DEEP_BENCH_N10,2020-05-20,157281.34,10
ADDS_DEEP_BENCH_N10,2020-05-21,155273.99,10
ADDS_DEEP_BENCH_N10,2020-05-22,154156.33,10
ADDS_DEEP_BENCH_N10,2020-05-26,160554.6,10
ADDS_DEEP_BENCH_N10,2020-05-27,168849.38,10
ADDS_DEEP_BENCH_N10,2020-05-28,159998.63,10
ADDS_DEEP_BENCH_N10,2020-05-29,157289.49,10
ADDS_DEEP_BENCH_N10,2020-06-01,156925.31,9
ADDS_DEEP_BENCH_N10,2020-06-02,157666.18,10
ADDS_DEEP_BENCH_N10,2020-06-03,165310.29,10
ADDS_DEEP_BENCH_N10,2020-06-04,167730.25,10
ADDS_DEEP_BENCH_N10,2020-06-05,175921.45,10
ADDS_DEEP_BENCH_N10,2020-06-08,185394.53,10
ADDS_DEEP_BENCH_N10,2020-06-09,179962.48,10
ADDS_DEEP_BENCH_N10,2020-06-10,173131.78,10
ADDS_DEEP_BENCH_N10,2020-06-11,159855.54,7
ADDS_DEEP_BENCH_N10,2020-06-12,162175.78,5
ADDS_DEEP_BENCH_N10,2020-06-15,163172.52,5
ADDS_DEEP_BENCH_N10,2020-06-16,163864.09,5
ADDS_DEEP_BENCH_N10,2020-06-17,164342.2,5
ADDS_DEEP_BENCH_N10,2020-06-18,164774.49,5
ADDS_DEEP_BENCH_N10,2020-06-19,162948.49,10
ADDS_DEEP_BENCH_N10,2020-06-22,164257.33,10
ADDS_DEEP_BENCH_N10,2020-06-23,162692.87,10
ADDS_DEEP_BENCH_N10,2020-06-24,157460.93,9
ADDS_DEEP_BENCH_N10,2020-06-25,159059.79,8
ADDS_DEEP_BENCH_N10,2020-06-26,154498.51,10
ADDS_DEEP_BENCH_N10,2020-06-29,156976.07,10
ADDS_DEEP_BENCH_N10,2020-06-30,160394.86,10
ADDS_DEEP_BENCH_N10,2020-07-01,159664.57,10
ADDS_DEEP_BENCH_N10,2020-07-02,160993.49,10
ADDS_DEEP_BENCH_N10,2020-07-06,163192.06,10
ADDS_DEEP_BENCH_N10,2020-07-07,159422.71,10
ADDS_DEEP_BENCH_N10,2020-07-08,160434.07,10
ADDS_DEEP_BENCH_N10,2020-07-09,158811.95,10
ADDS_DEEP_BENCH_N10,2020-07-10,160852.65,10
ADDS_DEEP_BENCH_N10,2020-07-13,158893.5,10
ADDS_DEEP_BENCH_N10,2020-07-14,161339.07,8
ADDS_DEEP_BENCH_N10,2020-07-15,164835.43,10
ADDS_DEEP_BENCH_N10,2020-07-16,165462.48,10
ADDS_DEEP_BENCH_N10,2020-07-17,165054.71,10
ADDS_DEEP_BENCH_N10,2020-07-20,166420.73,10
ADDS_DEEP_BENCH_N10,2020-07-21,169916.65,10
ADDS_DEEP_BENCH_N10,2020-07-22,171368.66,10
ADDS_DEEP_BENCH_N10,2020-07-23,169147.13,10
ADDS_DEEP_BENCH_N10,2020-07-24,171271.86,9
ADDS_DEEP_BENCH_N10,2020-07-27,171780.17,9
ADDS_DEEP_BENCH_N10,2020-07-28,169185.09,10
ADDS_DEEP_BENCH_N10,2020-07-29,174847.58,10
ADDS_DEEP_BENCH_N10,2020-07-30,171476.7,10
ADDS_DEEP_BENCH_N10,2020-07-31,170493.56,10
ADDS_DEEP_BENCH_N10,2020-08-03,171390.34,10
ADDS_DEEP_BENCH_N10,2020-08-04,176382.35,10
ADDS_DEEP_BENCH_N10,2020-08-05,178876.15,10
ADDS_DEEP_BENCH_N10,2020-08-06,178101.96,10
ADDS_DEEP_BENCH_N10,2020-08-07,178350.3,10
ADDS_DEEP_BENCH_N10,2020-08-10,180099.69,10
ADDS_DEEP_BENCH_N10,2020-08-11,179065.27,10
ADDS_DEEP_BENCH_N10,2020-08-12,182106.6,10
ADDS_DEEP_BENCH_N10,2020-08-13,180326.47,10
ADDS_DEEP_BENCH_N10,2020-08-14,180897.3,10
ADDS_DEEP_BENCH_N10,2020-08-17,180947.24,10
ADDS_DEEP_BENCH_N10,2020-08-18,180709.71,10
ADDS_DEEP_BENCH_N10,2020-08-19,178849.39,10
ADDS_DEEP_BENCH_N10,2020-08-20,177843.37,10
ADDS_DEEP_BENCH_N10,2020-08-21,176936.86,10
ADDS_DEEP_BENCH_N10,2020-08-24,179589.97,10
ADDS_DEEP_BENCH_N10,2020-08-25,180126.26,10
ADDS_DEEP_BENCH_N10,2020-08-26,179092.32,10
ADDS_DEEP_BENCH_N10,2020-08-27,179815.93,10
ADDS_DEEP_BENCH_N10,2020-08-28,182079.19,10
ADDS_DEEP_BENCH_N10,2020-08-31,180787.65,10
ADDS_DEEP_BENCH_N10,2020-09-01,181758.88,10
ADDS_DEEP_BENCH_N10,2020-09-02,182454.2,10
ADDS_DEEP_BENCH_N10,2020-09-03,178678.97,10
ADDS_DEEP_BENCH_N10,2020-09-04,178428.43,9
ADDS_DEEP_BENCH_N10,2020-09-08,172522.05,10
ADDS_DEEP_BENCH_N10,2020-09-09,173477.16,10
ADDS_DEEP_BENCH_N10,2020-09-10,169517.02,10
ADDS_DEEP_BENCH_N10,2020-09-11,170365.88,10
ADDS_DEEP_BENCH_N10,2020-09-14,173169.74,10
ADDS_DEEP_BENCH_N10,2020-09-15,172732.14,10
ADDS_DEEP_BENCH_N10,2020-09-16,175765.71,10
ADDS_DEEP_BENCH_N10,2020-09-17,174953.42,10
ADDS_DEEP_BENCH_N10,2020-09-18,174541.96,10
ADDS_DEEP_BENCH_N10,2020-09-21,169028.5,10
ADDS_DEEP_BENCH_N10,2020-09-22,168949.23,10
ADDS_DEEP_BENCH_N10,2020-09-23,166005.27,10
ADDS_DEEP_BENCH_N10,2020-09-24,165196.49,10
ADDS_DEEP_BENCH_N10,2020-09-25,165494.31,10
ADDS_DEEP_BENCH_N10,2020-09-28,169575.56,10
ADDS_DEEP_BENCH_N10,2020-09-29,166579.1,10
ADDS_DEEP_BENCH_N10,2020-09-30,166918.18,10
ADDS_DEEP_BENCH_N10,2020-10-01,164384.58,10
ADDS_DEEP_BENCH_N10,2020-10-02,164944.61,10
ADDS_DEEP_BENCH_N10,2020-10-05,168873.58,10
ADDS_DEEP_BENCH_N10,2020-10-06,166296.58,10
ADDS_DEEP_BENCH_N10,2020-10-07,168480.23,10
ADDS_DEEP_BENCH_N10,2020-10-08,172138.82,10
ADDS_DEEP_BENCH_N10,2020-10-09,171805.55,10
ADDS_DEEP_BENCH_N10,2020-10-12,173488.98,10
ADDS_DEEP_BENCH_N10,2020-10-13,171936.77,10
ADDS_DEEP_BENCH_N10,2020-10-14,170880.9,10
ADDS_DEEP_BENCH_N10,2020-10-15,172101.48,10
ADDS_DEEP_BENCH_N10,2020-10-16,169391.19,10
ADDS_DEEP_BENCH_N10,2020-10-19,166797.28,10
ADDS_DEEP_BENCH_N10,2020-10-20,168845.38,10
ADDS_DEEP_BENCH_N10,2020-10-21,167308.08,10
ADDS_DEEP_BENCH_N10,2020-10-22,171782.21,10
ADDS_DEEP_BENCH_N10,2020-10-23,172067.68,10
ADDS_DEEP_BENCH_N10,2020-10-26,168009.55,10
ADDS_DEEP_BENCH_N10,2020-10-27,165986.77,10
ADDS_DEEP_BENCH_N10,2020-10-28,160595.74,10
ADDS_DEEP_BENCH_N10,2020-10-29,162578.42,10
ADDS_DEEP_BENCH_N10,2020-10-30,164184.37,10
ADDS_DEEP_BENCH_N10,2020-11-02,168814.65,10
ADDS_DEEP_BENCH_N10,2020-11-03,170601.77,10
ADDS_DEEP_BENCH_N10,2020-11-04,172361.3,10
ADDS_DEEP_BENCH_N10,2020-11-05,173860.95,10
ADDS_DEEP_BENCH_N10,2020-11-06,171509.9,10
ADDS_DEEP_BENCH_N10,2020-11-09,183789.18,10
ADDS_DEEP_BENCH_N10,2020-11-10,185575.38,10
ADDS_DEEP_BENCH_N10,2020-11-11,185192.57,10
ADDS_DEEP_BENCH_N10,2020-11-12,182472.78,10
ADDS_DEEP_BENCH_N10,2020-11-13,185644.74,9
ADDS_DEEP_BENCH_N10,2020-11-16,190010.41,10
ADDS_DEEP_BENCH_N10,2020-11-17,191406.82,9
ADDS_DEEP_BENCH_N10,2020-11-18,189596.14,10
ADDS_DEEP_BENCH_N10,2020-11-19,192674.38,9
ADDS_DEEP_BENCH_N10,2020-11-20,191389.6,10
ADDS_DEEP_BENCH_N10,2020-11-23,198494.87,10
ADDS_DEEP_BENCH_N10,2020-11-24,202789.86,10
ADDS_DEEP_BENCH_N10,2020-11-25,202718.32,10
ADDS_DEEP_BENCH_N10,2020-11-27,203227.37,10
ADDS_DEEP_BENCH_N10,2020-11-30,201984.83,10
ADDS_DEEP_BENCH_N10,2020-12-01,203940.79,10
ADDS_DEEP_BENCH_N10,2020-12-02,203745.44,10
ADDS_DEEP_BENCH_N10,2020-12-03,202137.47,10
ADDS_DEEP_BENCH_N10,2020-12-04,204183.35,10
ADDS_DEEP_BENCH_N10,2020-12-07,204786.57,10
ADDS_DEEP_BENCH_N10,2020-12-08,206832.45,10
ADDS_DEEP_BENCH_N10,2020-12-09,204543.96,9
ADDS_DEEP_BENCH_N10,2020-12-10,205324.44,9
ADDS_DEEP_BENCH_N10,2020-12-11,205675.2,9
ADDS_DEEP_BENCH_N10,2020-12-14,205278.37,10
ADDS_DEEP_BENCH_N10,2020-12-15,208388.82,10
ADDS_DEEP_BENCH_N10,2020-12-16,210546.57,10
ADDS_DEEP_BENCH_N10,2020-12-17,210958.93,10
ADDS_DEEP_BENCH_N10,2020-12-18,210908.51,10
ADDS_DEEP_BENCH_N10,2020-12-21,209260.77,10
ADDS_DEEP_BENCH_N10,2020-12-22,209634.91,10
ADDS_DEEP_BENCH_N10,2020-12-23,209506.93,10
ADDS_DEEP_BENCH_N10,2020-12-24,209427.89,10
ADDS_DEEP_BENCH_N10,2020-12-28,210267.61,10
ADDS_DEEP_BENCH_N10,2020-12-29,210287.25,10
ADDS_DEEP_BENCH_N10,2020-12-30,210654.37,10
ADDS_DEEP_BENCH_N10,2020-12-31,211447.53,10
ADDS_DEEP_BENCH_N10,2021-01-04,208109.81,10
ADDS_DEEP_BENCH_N10,2021-01-05,210472.21,10
ADDS_DEEP_BENCH_N10,2021-01-06,210731.73,10
ADDS_DEEP_BENCH_N10,2021-01-07,211648.85,10
ADDS_DEEP_BENCH_N10,2021-01-08,213581.3,10
ADDS_DEEP_BENCH_N10,2021-01-11,212468.83,10
ADDS_DEEP_BENCH_N10,2021-01-12,214910.24,10
ADDS_DEEP_BENCH_N10,2021-01-13,214361.54,10
ADDS_DEEP_BENCH_N10,2021-01-14,214061.97,10
ADDS_DEEP_BENCH_N10,2021-01-15,212136.87,10
ADDS_DEEP_BENCH_N10,2021-01-19,212808.7,10
ADDS_DEEP_BENCH_N10,2021-01-20,216720.91,10
ADDS_DEEP_BENCH_N10,2021-01-21,216901.48,10
ADDS_DEEP_BENCH_N10,2021-01-22,217041.07,10
ADDS_DEEP_BENCH_N10,2021-01-25,217732.14,10
ADDS_DEEP_BENCH_N10,2021-01-26,218688.29,10
ADDS_DEEP_BENCH_N10,2021-01-27,216753.09,10
ADDS_DEEP_BENCH_N10,2021-01-28,214350.46,10
ADDS_DEEP_BENCH_N10,2021-01-29,209389.52,10
ADDS_DEEP_BENCH_N10,2021-02-01,211372.64,8
ADDS_DEEP_BENCH_N10,2021-02-02,213746.08,9
ADDS_DEEP_BENCH_N10,2021-02-03,214972.37,10
ADDS_DEEP_BENCH_N10,2021-02-04,218022.52,10
ADDS_DEEP_BENCH_N10,2021-02-05,219400.04,10
ADDS_DEEP_BENCH_N10,2021-02-08,224061.28,10
ADDS_DEEP_BENCH_N10,2021-02-09,223295.87,10
ADDS_DEEP_BENCH_N10,2021-02-10,222916.09,7
ADDS_DEEP_BENCH_N10,2021-02-11,220430.42,8
ADDS_DEEP_BENCH_N10,2021-02-12,223324.22,9
ADDS_DEEP_BENCH_N10,2021-02-16,225460.67,10
ADDS_DEEP_BENCH_N10,2021-02-17,225764.33,10
ADDS_DEEP_BENCH_N10,2021-02-18,222973.01,10
ADDS_DEEP_BENCH_N10,2021-02-19,225011.9,10
ADDS_DEEP_BENCH_N10,2021-02-22,226026.09,10
ADDS_DEEP_BENCH_N10,2021-02-23,225312.23,10
ADDS_DEEP_BENCH_N10,2021-02-24,229004.19,10
ADDS_DEEP_BENCH_N10,2021-02-25,224552.47,10
ADDS_DEEP_BENCH_N10,2021-02-26,223173.3,7
ADDS_DEEP_BENCH_N10,2021-03-01,226525.92,7
ADDS_DEEP_BENCH_N10,2021-03-02,224369.02,10
ADDS_DEEP_BENCH_N10,2021-03-03,220420.54,10
ADDS_DEEP_BENCH_N10,2021-03-04,217451.94,10
ADDS_DEEP_BENCH_N10,2021-03-05,222624.63,10
ADDS_DEEP_BENCH_N10,2021-03-08,221254.81,10
ADDS_DEEP_BENCH_N10,2021-03-09,222936.87,10
ADDS_DEEP_BENCH_N10,2021-03-10,225620.83,10
ADDS_DEEP_BENCH_N10,2021-03-11,227706.75,10
ADDS_DEEP_BENCH_N10,2021-03-12,228364.76,10
ADDS_DEEP_BENCH_N10,2021-03-15,229942.34,10
ADDS_DEEP_BENCH_N10,2021-03-16,228232.71,10
ADDS_DEEP_BENCH_N10,2021-03-17,229918.27,10
ADDS_DEEP_BENCH_N10,2021-03-18,223955.65,10
ADDS_DEEP_BENCH_N10,2021-03-19,224610.9,10
ADDS_DEEP_BENCH_N10,2021-03-22,226124.17,10
ADDS_DEEP_BENCH_N10,2021-03-23,224884.32,10
ADDS_DEEP_BENCH_N10,2021-03-24,224372.57,10
ADDS_DEEP_BENCH_N10,2021-03-25,224376.34,10
ADDS_DEEP_BENCH_N10,2021-03-26,228280.16,10
ADDS_DEEP_BENCH_N10,2021-03-29,227428.19,10
ADDS_DEEP_BENCH_N10,2021-03-30,226750.56,10
ADDS_DEEP_BENCH_N10,2021-03-31,227662.84,10
ADDS_DEEP_BENCH_N10,2021-04-01,231183.63,10
ADDS_DEEP_BENCH_N10,2021-04-05,230725.47,10
ADDS_DEEP_BENCH_N10,2021-04-06,231787.09,10
ADDS_DEEP_BENCH_N10,2021-04-07,233379.98,10
ADDS_DEEP_BENCH_N10,2021-04-08,233829.84,10
ADDS_DEEP_BENCH_N10,2021-04-09,234246.7,10
ADDS_DEEP_BENCH_N10,2021-04-12,234100.82,10
ADDS_DEEP_BENCH_N10,2021-04-13,232979.19,10
ADDS_DEEP_BENCH_N10,2021-04-14,234321.29,10
ADDS_DEEP_BENCH_N10,2021-04-15,234595.54,10
ADDS_DEEP_BENCH_N10,2021-04-16,234964.93,10
ADDS_DEEP_BENCH_N10,2021-04-19,234463.02,10
ADDS_DEEP_BENCH_N10,2021-04-20,230007.21,10
ADDS_DEEP_BENCH_N10,2021-04-21,232196.25,10
ADDS_DEEP_BENCH_N10,2021-04-22,232185.93,10
ADDS_DEEP_BENCH_N10,2021-04-23,235053.33,10
ADDS_DEEP_BENCH_N10,2021-04-26,235936.35,10
ADDS_DEEP_BENCH_N10,2021-04-27,237077.66,10
ADDS_DEEP_BENCH_N10,2021-04-28,239782.4,10
ADDS_DEEP_BENCH_N10,2021-04-29,238095.07,10
ADDS_DEEP_BENCH_N10,2021-04-30,236586.42,10
ADDS_DEEP_BENCH_N10,2021-05-03,239581.9,10
ADDS_DEEP_BENCH_N10,2021-05-04,238348.45,10
ADDS_DEEP_BENCH_N10,2021-05-05,241385.56,9
ADDS_DEEP_BENCH_N10,2021-05-06,242791.74,9
ADDS_DEEP_BENCH_N10,2021-05-07,246162.36,10
ADDS_DEEP_BENCH_N10,2021-05-10,244941.73,10
ADDS_DEEP_BENCH_N10,2021-05-11,242897.6,10
ADDS_DEEP_BENCH_N10,2021-05-12,239773.3,7
ADDS_DEEP_BENCH_N10,2021-05-13,241564.5,7
ADDS_DEEP_BENCH_N10,2021-05-14,245337.79,7
ADDS_DEEP_BENCH_N10,2021-05-17,248405.47,8
ADDS_DEEP_BENCH_N10,2021-05-18,248471.35,8
ADDS_DEEP_BENCH_N10,2021-05-19,247571.2,10
ADDS_DEEP_BENCH_N10,2021-05-20,249792.79,10
ADDS_DEEP_BENCH_N10,2021-05-21,251296.48,10
ADDS_DEEP_BENCH_N10,2021-05-24,253454.51,10
ADDS_DEEP_BENCH_N10,2021-05-25,254310.65,10
ADDS_DEEP_BENCH_N10,2021-05-26,259209.89,10
ADDS_DEEP_BENCH_N10,2021-05-27,262376.23,10
ADDS_DEEP_BENCH_N10,2021-05-28,261424.02,10
ADDS_DEEP_BENCH_N10,2021-06-01,264129.88,10
ADDS_DEEP_BENCH_N10,2021-06-02,268188.43,10
ADDS_DEEP_BENCH_N10,2021-06-03,267260.52,10
ADDS_DEEP_BENCH_N10,2021-06-04,269540.82,7
ADDS_DEEP_BENCH_N10,2021-06-07,269140.75,9
ADDS_DEEP_BENCH_N10,2021-06-08,268195.12,9
ADDS_DEEP_BENCH_N10,2021-06-09,268484.05,10
ADDS_DEEP_BENCH_N10,2021-06-10,270138.35,10
ADDS_DEEP_BENCH_N10,2021-06-11,270709.77,10
ADDS_DEEP_BENCH_N10,2021-06-14,268557.76,9
ADDS_DEEP_BENCH_N10,2021-06-15,266783.65,8
ADDS_DEEP_BENCH_N10,2021-06-16,264928.61,10
ADDS_DEEP_BENCH_N10,2021-06-17,266142.58,10
ADDS_DEEP_BENCH_N10,2021-06-18,263496.38,10
ADDS_DEEP_BENCH_N10,2021-06-21,264998.76,10
ADDS_DEEP_BENCH_N10,2021-06-22,266671.48,10
ADDS_DEEP_BENCH_N10,2021-06-23,267281.33,10
ADDS_DEEP_BENCH_N10,2021-06-24,269450.71,10
ADDS_DEEP_BENCH_N10,2021-06-25,271362.21,10
ADDS_DEEP_BENCH_N10,2021-06-28,271707.51,10
ADDS_DEEP_BENCH_N10,2021-06-29,270679.93,10
ADDS_DEEP_BENCH_N10,2021-06-30,275092.31,10
ADDS_DEEP_BENCH_N10,2021-07-01,274087.11,10
ADDS_DEEP_BENCH_N10,2021-07-02,273746.48,10
ADDS_DEEP_BENCH_N10,2021-07-06,271148.22,10
ADDS_DEEP_BENCH_N10,2021-07-07,267706.39,10
ADDS_DEEP_BENCH_N10,2021-07-08,265316.47,9
ADDS_DEEP_BENCH_N10,2021-07-09,269082.89,10
ADDS_DEEP_BENCH_N10,2021-07-12,269056.14,10
ADDS_DEEP_BENCH_N10,2021-07-13,265719.45,10
ADDS_DEEP_BENCH_N10,2021-07-14,265563.99,10
ADDS_DEEP_BENCH_N10,2021-07-15,264647.26,10
ADDS_DEEP_BENCH_N10,2021-07-16,262378.56,10
ADDS_DEEP_BENCH_N10,2021-07-19,258192.44,10
ADDS_DEEP_BENCH_N10,2021-07-20,262152.92,10
ADDS_DEEP_BENCH_N10,2021-07-21,264655.92,10
ADDS_DEEP_BENCH_N10,2021-07-22,263378.94,10
ADDS_DEEP_BENCH_N10,2021-07-23,264428.69,10
ADDS_DEEP_BENCH_N10,2021-07-26,266233.34,10
ADDS_DEEP_BENCH_N10,2021-07-27,264604.88,10
ADDS_DEEP_BENCH_N10,2021-07-28,266214.74,10
ADDS_DEEP_BENCH_N10,2021-07-29,267480.15,10
ADDS_DEEP_BENCH_N10,2021-07-30,265042.47,10
ADDS_DEEP_BENCH_N10,2021-08-02,264708.97,10
ADDS_DEEP_BENCH_N10,2021-08-03,266015.04,10
ADDS_DEEP_BENCH_N10,2021-08-04,265087.37,10
ADDS_DEEP_BENCH_N10,2021-08-05,269687.64,10
ADDS_DEEP_BENCH_N10,2021-08-06,269471.32,10
ADDS_DEEP_BENCH_N10,2021-08-09,268389.03,10
ADDS_DEEP_BENCH_N10,2021-08-10,270656.04,10
ADDS_DEEP_BENCH_N10,2021-08-11,272292.72,10
ADDS_DEEP_BENCH_N10,2021-08-12,272057.92,10
ADDS_DEEP_BENCH_N10,2021-08-13,271961.59,10
ADDS_DEEP_BENCH_N10,2021-08-16,271137.34,10
ADDS_DEEP_BENCH_N10,2021-08-17,270271.58,10
ADDS_DEEP_BENCH_N10,2021-08-18,269084.78,10
ADDS_DEEP_BENCH_N10,2021-08-19,269099.49,9
ADDS_DEEP_BENCH_N10,2021-08-20,271295.43,10
ADDS_DEEP_BENCH_N10,2021-08-23,274561.36,10
ADDS_DEEP_BENCH_N10,2021-08-24,275809.38,10
ADDS_DEEP_BENCH_N10,2021-08-25,275958.84,10
ADDS_DEEP_BENCH_N10,2021-08-26,274456.1,10
ADDS_DEEP_BENCH_N10,2021-08-27,277702.63,10
ADDS_DEEP_BENCH_N10,2021-08-30,278452.02,10
ADDS_DEEP_BENCH_N10,2021-08-31,279597.79,10
ADDS_DEEP_BENCH_N10,2021-09-01,279605.24,10
ADDS_DEEP_BENCH_N10,2021-09-02,281289.99,10
ADDS_DEEP_BENCH_N10,2021-09-03,281707.99,10
ADDS_DEEP_BENCH_N10,2021-09-07,281223.55,10
ADDS_DEEP_BENCH_N10,2021-09-08,278336.59,10
ADDS_DEEP_BENCH_N10,2021-09-09,277775.98,10
ADDS_DEEP_BENCH_N10,2021-09-10,275011.81,10
ADDS_DEEP_BENCH_N10,2021-09-13,274937.25,10
ADDS_DEEP_BENCH_N10,2021-09-14,271147.23,10
ADDS_DEEP_BENCH_N10,2021-09-15,272851.27,10
ADDS_DEEP_BENCH_N10,2021-09-16,272990.88,10
ADDS_DEEP_BENCH_N10,2021-09-17,272781.51,10
ADDS_DEEP_BENCH_N10,2021-09-20,270059.4,10
ADDS_DEEP_BENCH_N10,2021-09-21,269732.95,10
ADDS_DEEP_BENCH_N10,2021-09-22,273875.0,10
ADDS_DEEP_BENCH_N10,2021-09-23,279295.81,10
ADDS_DEEP_BENCH_N10,2021-09-24,281222.53,10
ADDS_DEEP_BENCH_N10,2021-09-27,282770.98,10
ADDS_DEEP_BENCH_N10,2021-09-28,279338.4,10
ADDS_DEEP_BENCH_N10,2021-09-29,278876.13,10
ADDS_DEEP_BENCH_N10,2021-09-30,272268.85,10
ADDS_DEEP_BENCH_N10,2021-10-01,276547.19,10
ADDS_DEEP_BENCH_N10,2021-10-04,274263.36,10
ADDS_DEEP_BENCH_N10,2021-10-05,275952.18,10
ADDS_DEEP_BENCH_N10,2021-10-06,276136.52,10
ADDS_DEEP_BENCH_N10,2021-10-07,277949.09,10
ADDS_DEEP_BENCH_N10,2021-10-08,276186.48,10
ADDS_DEEP_BENCH_N10,2021-10-11,273036.78,10
ADDS_DEEP_BENCH_N10,2021-10-12,271936.63,10
ADDS_DEEP_BENCH_N10,2021-10-13,272131.51,10
ADDS_DEEP_BENCH_N10,2021-10-14,273461.45,10
ADDS_DEEP_BENCH_N10,2021-10-15,272453.91,10
ADDS_DEEP_BENCH_N10,2021-10-18,273846.1,10
ADDS_DEEP_BENCH_N10,2021-10-19,275375.28,10
ADDS_DEEP_BENCH_N10,2021-10-20,276243.89,10
ADDS_DEEP_BENCH_N10,2021-10-21,274378.27,10
ADDS_DEEP_BENCH_N10,2021-10-22,271503.06,10
ADDS_DEEP_BENCH_N10,2021-10-25,272366.65,10
ADDS_DEEP_BENCH_N10,2021-10-26,272234.13,10
ADDS_DEEP_BENCH_N10,2021-10-27,265892.46,10
ADDS_DEEP_BENCH_N10,2021-10-28,269220.0,10
ADDS_DEEP_BENCH_N10,2021-10-29,265950.2,10
ADDS_DEEP_BENCH_N10,2021-11-01,270890.28,9
ADDS_DEEP_BENCH_N10,2021-11-02,270211.43,10
ADDS_DEEP_BENCH_N10,2021-11-03,273555.04,10
ADDS_DEEP_BENCH_N10,2021-11-04,271023.63,10
ADDS_DEEP_BENCH_N10,2021-11-05,276837.09,10
ADDS_DEEP_BENCH_N10,2021-11-08,275410.84,10
ADDS_DEEP_BENCH_N10,2021-11-09,274359.91,9
ADDS_DEEP_BENCH_N10,2021-11-10,273390.34,10
ADDS_DEEP_BENCH_N10,2021-11-11,272824.19,10
ADDS_DEEP_BENCH_N10,2021-11-12,273829.94,10
ADDS_DEEP_BENCH_N10,2021-11-15,275456.04,10
ADDS_DEEP_BENCH_N10,2021-11-16,272106.71,10
ADDS_DEEP_BENCH_N10,2021-11-17,270274.63,10
ADDS_DEEP_BENCH_N10,2021-11-18,266386.46,10
ADDS_DEEP_BENCH_N10,2021-11-19,264014.09,10
ADDS_DEEP_BENCH_N10,2021-11-22,263637.28,10
ADDS_DEEP_BENCH_N10,2021-11-23,263350.76,10
ADDS_DEEP_BENCH_N10,2021-11-24,263137.86,10
ADDS_DEEP_BENCH_N10,2021-11-26,259841.44,10
ADDS_DEEP_BENCH_N10,2021-11-29,259096.67,10
ADDS_DEEP_BENCH_N10,2021-11-30,252295.01,10
ADDS_DEEP_BENCH_N10,2021-12-01,248362.34,10
ADDS_DEEP_BENCH_N10,2021-12-02,251220.19,10
ADDS_DEEP_BENCH_N10,2021-12-03,252015.03,10
ADDS_DEEP_BENCH_N10,2021-12-06,255543.21,10
ADDS_DEEP_BENCH_N10,2021-12-07,259107.69,10
ADDS_DEEP_BENCH_N10,2021-12-08,258671.47,10
ADDS_DEEP_BENCH_N10,2021-12-09,257499.45,9
ADDS_DEEP_BENCH_N10,2021-12-10,260917.34,9
ADDS_DEEP_BENCH_N10,2021-12-13,258990.23,9
ADDS_DEEP_BENCH_N10,2021-12-14,258418.38,9
ADDS_DEEP_BENCH_N10,2021-12-15,259435.34,9
ADDS_DEEP_BENCH_N10,2021-12-16,265155.16,9
ADDS_DEEP_BENCH_N10,2021-12-17,262741.92,9
ADDS_DEEP_BENCH_N10,2021-12-20,260999.26,9
ADDS_DEEP_BENCH_N10,2021-12-21,264582.25,9
ADDS_DEEP_BENCH_N10,2021-12-22,265850.37,9
ADDS_DEEP_BENCH_N10,2021-12-23,267814.61,9
ADDS_DEEP_BENCH_N10,2021-12-27,268254.7,9
ADDS_DEEP_BENCH_N10,2021-12-28,267417.44,9
ADDS_DEEP_BENCH_N10,2021-12-29,265815.08,9
ADDS_DEEP_BENCH_N10,2021-12-30,267748.69,9
ADDS_DEEP_BENCH_N10,2021-12-31,265836.54,9
ADDS_DEEP_BENCH_N10,2022-01-03,270992.03,9
ADDS_DEEP_BENCH_N10,2022-01-04,274278.98,9
ADDS_DEEP_BENCH_N10,2022-01-05,272613.25,9
ADDS_DEEP_BENCH_N10,2022-01-06,274412.32,8
ADDS_DEEP_BENCH_N10,2022-01-07,279218.09,8
ADDS_DEEP_BENCH_N10,2022-01-10,278097.33,9
ADDS_DEEP_BENCH_N10,2022-01-11,279233.41,9
ADDS_DEEP_BENCH_N10,2022-01-12,279674.61,9
ADDS_DEEP_BENCH_N10,2022-01-13,279680.79,9
ADDS_DEEP_BENCH_N10,2022-01-14,286706.49,9
ADDS_DEEP_BENCH_N10,2022-01-18,282535.75,9
ADDS_DEEP_BENCH_N10,2022-01-19,280396.46,9
ADDS_DEEP_BENCH_N10,2022-01-20,277412.39,9
ADDS_DEEP_BENCH_N10,2022-01-21,271407.49,9
ADDS_DEEP_BENCH_N10,2022-01-24,272339.83,7
ADDS_DEEP_BENCH_N10,2022-01-25,274498.79,7
ADDS_DEEP_BENCH_N10,2022-01-26,273086.08,8
ADDS_DEEP_BENCH_N10,2022-01-27,269388.33,8
ADDS_DEEP_BENCH_N10,2022-01-28,273597.36,10
ADDS_DEEP_BENCH_N10,2022-01-31,276951.77,10
ADDS_DEEP_BENCH_N10,2022-02-01,279240.85,10
ADDS_DEEP_BENCH_N10,2022-02-02,278114.83,10
ADDS_DEEP_BENCH_N10,2022-02-03,274832.69,10
ADDS_DEEP_BENCH_N10,2022-02-04,275928.42,10
ADDS_DEEP_BENCH_N10,2022-02-07,277258.48,10
ADDS_DEEP_BENCH_N10,2022-02-08,280121.48,10
ADDS_DEEP_BENCH_N10,2022-02-09,285807.31,10
ADDS_DEEP_BENCH_N10,2022-02-10,282458.95,10
ADDS_DEEP_BENCH_N10,2022-02-11,277751.7,9
ADDS_DEEP_BENCH_N10,2022-02-14,276499.95,10
ADDS_DEEP_BENCH_N10,2022-02-15,278552.35,10
ADDS_DEEP_BENCH_N10,2022-02-16,275236.44,10
ADDS_DEEP_BENCH_N10,2022-02-17,275281.45,10
ADDS_DEEP_BENCH_N10,2022-02-18,274473.96,10
ADDS_DEEP_BENCH_N10,2022-02-22,273017.02,9
ADDS_DEEP_BENCH_N10,2022-02-23,272667.21,10
ADDS_DEEP_BENCH_N10,2022-02-24,270532.9,10
ADDS_DEEP_BENCH_N10,2022-02-25,276799.22,10
ADDS_DEEP_BENCH_N10,2022-02-28,275068.22,10
ADDS_DEEP_BENCH_N10,2022-03-01,275060.94,10
ADDS_DEEP_BENCH_N10,2022-03-02,280526.37,10
ADDS_DEEP_BENCH_N10,2022-03-03,281820.46,10
ADDS_DEEP_BENCH_N10,2022-03-04,282900.16,10
ADDS_DEEP_BENCH_N10,2022-03-07,281301.43,10
ADDS_DEEP_BENCH_N10,2022-03-08,278225.0,9
ADDS_DEEP_BENCH_N10,2022-03-09,278441.17,6
ADDS_DEEP_BENCH_N10,2022-03-10,279551.9,7
ADDS_DEEP_BENCH_N10,2022-03-11,276731.39,8
ADDS_DEEP_BENCH_N10,2022-03-14,273924.25,7
ADDS_DEEP_BENCH_N10,2022-03-15,277462.16,8
ADDS_DEEP_BENCH_N10,2022-03-16,283044.29,10
ADDS_DEEP_BENCH_N10,2022-03-17,284720.4,10
ADDS_DEEP_BENCH_N10,2022-03-18,286272.91,10
ADDS_DEEP_BENCH_N10,2022-03-21,283337.51,10
ADDS_DEEP_BENCH_N10,2022-03-22,285974.54,10
ADDS_DEEP_BENCH_N10,2022-03-23,284525.52,10
ADDS_DEEP_BENCH_N10,2022-03-24,285757.42,8
ADDS_DEEP_BENCH_N10,2022-03-25,288840.37,10
ADDS_DEEP_BENCH_N10,2022-03-28,288076.62,10
ADDS_DEEP_BENCH_N10,2022-03-29,290562.22,8
ADDS_DEEP_BENCH_N10,2022-03-30,288565.95,10
ADDS_DEEP_BENCH_N10,2022-03-31,285917.29,10
ADDS_DEEP_BENCH_N10,2022-04-01,288015.21,8
ADDS_DEEP_BENCH_N10,2022-04-04,288465.06,8
ADDS_DEEP_BENCH_N10,2022-04-05,285686.56,7
ADDS_DEEP_BENCH_N10,2022-04-06,285924.58,7
ADDS_DEEP_BENCH_N10,2022-04-07,285781.3,7
ADDS_DEEP_BENCH_N10,2022-04-08,290171.83,8
ADDS_DEEP_BENCH_N10,2022-04-11,284247.58,10
ADDS_DEEP_BENCH_N10,2022-04-12,286414.49,9
ADDS_DEEP_BENCH_N10,2022-04-13,289091.29,8
ADDS_DEEP_BENCH_N10,2022-04-14,287959.64,10
ADDS_DEEP_BENCH_N10,2022-04-18,288406.06,10
ADDS_DEEP_BENCH_N10,2022-04-19,290936.96,10
ADDS_DEEP_BENCH_N10,2022-04-20,291360.34,10
ADDS_DEEP_BENCH_N10,2022-04-21,287299.03,10
ADDS_DEEP_BENCH_N10,2022-04-22,281850.19,10
ADDS_DEEP_BENCH_N10,2022-04-25,277433.93,10
ADDS_DEEP_BENCH_N10,2022-04-26,272868.31,10
ADDS_DEEP_BENCH_N10,2022-04-27,273104.38,8
ADDS_DEEP_BENCH_N10,2022-04-28,276429.66,8
ADDS_DEEP_BENCH_N10,2022-04-29,269201.85,10
ADDS_DEEP_BENCH_N10,2022-05-02,273180.82,10
ADDS_DEEP_BENCH_N10,2022-05-03,278248.96,10
ADDS_DEEP_BENCH_N10,2022-05-04,287168.62,10
ADDS_DEEP_BENCH_N10,2022-05-05,281018.83,10
ADDS_DEEP_BENCH_N10,2022-05-06,282371.33,9
ADDS_DEEP_BENCH_N10,2022-05-09,264917.15,10
ADDS_DEEP_BENCH_N10,2022-05-10,267427.17,10
ADDS_DEEP_BENCH_N10,2022-05-11,266683.06,10
ADDS_DEEP_BENCH_N10,2022-05-12,265383.33,10
ADDS_DEEP_BENCH_N10,2022-05-13,275618.51,10
ADDS_DEEP_BENCH_N10,2022-05-16,278452.88,10
ADDS_DEEP_BENCH_N10,2022-05-17,285615.9,10
ADDS_DEEP_BENCH_N10,2022-05-18,274410.44,10
ADDS_DEEP_BENCH_N10,2022-05-19,267787.76,6
ADDS_DEEP_BENCH_N10,2022-05-20,265289.96,8
ADDS_DEEP_BENCH_N10,2022-05-23,270438.94,9
ADDS_DEEP_BENCH_N10,2022-05-24,268430.21,10
ADDS_DEEP_BENCH_N10,2022-05-25,270662.22,9
ADDS_DEEP_BENCH_N10,2022-05-26,277545.33,10
ADDS_DEEP_BENCH_N10,2022-05-27,282202.18,10
ADDS_DEEP_BENCH_N10,2022-05-31,280436.49,10
ADDS_DEEP_BENCH_N10,2022-06-01,277808.74,9
ADDS_DEEP_BENCH_N10,2022-06-02,281070.84,7
ADDS_DEEP_BENCH_N10,2022-06-03,276025.02,9
ADDS_DEEP_BENCH_N10,2022-06-06,276954.38,9
ADDS_DEEP_BENCH_N10,2022-06-07,278794.05,9
ADDS_DEEP_BENCH_N10,2022-06-08,276349.29,9
ADDS_DEEP_BENCH_N10,2022-06-09,270420.73,7
ADDS_DEEP_BENCH_N10,2022-06-10,264503.68,7
ADDS_DEEP_BENCH_N10,2022-06-13,255620.46,7
ADDS_DEEP_BENCH_N10,2022-06-14,255527.94,7
ADDS_DEEP_BENCH_N10,2022-06-15,261262.31,7
ADDS_DEEP_BENCH_N10,2022-06-16,252403.63,7
ADDS_DEEP_BENCH_N10,2022-06-17,254823.26,7
ADDS_DEEP_BENCH_N10,2022-06-21,258952.02,7
ADDS_DEEP_BENCH_N10,2022-06-22,259455.47,9
ADDS_DEEP_BENCH_N10,2022-06-23,259638.38,9
ADDS_DEEP_BENCH_N10,2022-06-24,269966.45,9
ADDS_DEEP_BENCH_N10,2022-06-27,268073.94,9
ADDS_DEEP_BENCH_N10,2022-06-28,262130.13,8
ADDS_DEEP_BENCH_N10,2022-06-29,258249.62,8
ADDS_DEEP_BENCH_N10,2022-06-30,255016.21,9
ADDS_DEEP_BENCH_N10,2022-07-01,257164.83,9
ADDS_DEEP_BENCH_N10,2022-07-05,258664.91,9
ADDS_DEEP_BENCH_N10,2022-07-06,257430.03,9
ADDS_DEEP_BENCH_N10,2022-07-07,263087.44,9
ADDS_DEEP_BENCH_N10,2022-07-08,262815.45,9
ADDS_DEEP_BENCH_N10,2022-07-11,257116.4,9
ADDS_DEEP_BENCH_N10,2022-07-12,257654.31,8
ADDS_DEEP_BENCH_N10,2022-07-13,257364.32,8
ADDS_DEEP_BENCH_N10,2022-07-14,256784.3,9
ADDS_DEEP_BENCH_N10,2022-07-15,262800.8,9
ADDS_DEEP_BENCH_N10,2022-07-18,263556.16,9
ADDS_DEEP_BENCH_N10,2022-07-19,272015.89,9
ADDS_DEEP_BENCH_N10,2022-07-20,276430.63,9
ADDS_DEEP_BENCH_N10,2022-07-21,278285.08,9
ADDS_DEEP_BENCH_N10,2022-07-22,277003.28,9
ADDS_DEEP_BENCH_N10,2022-07-25,278642.84,9
ADDS_DEEP_BENCH_N10,2022-07-26,276334.9,9
ADDS_DEEP_BENCH_N10,2022-07-27,281636.07,9
ADDS_DEEP_BENCH_N10,2022-07-28,282588.89,9
ADDS_DEEP_BENCH_N10,2022-07-29,283587.42,9
ADDS_DEEP_BENCH_N10,2022-08-01,283883.52,9
ADDS_DEEP_BENCH_N10,2022-08-02,282315.57,10
ADDS_DEEP_BENCH_N10,2022-08-03,288474.65,9
ADDS_DEEP_BENCH_N10,2022-08-04,288821.46,9
ADDS_DEEP_BENCH_N10,2022-08-05,287264.43,8
ADDS_DEEP_BENCH_N10,2022-08-08,289598.04,9
ADDS_DEEP_BENCH_N10,2022-08-09,287271.56,10
ADDS_DEEP_BENCH_N10,2022-08-10,295784.77,10
ADDS_DEEP_BENCH_N10,2022-08-11,295599.29,10
ADDS_DEEP_BENCH_N10,2022-08-12,300285.4,10
ADDS_DEEP_BENCH_N10,2022-08-15,299963.84,10
ADDS_DEEP_BENCH_N10,2022-08-16,302415.44,10
ADDS_DEEP_BENCH_N10,2022-08-17,296628.46,8
ADDS_DEEP_BENCH_N10,2022-08-18,295905.25,7
ADDS_DEEP_BENCH_N10,2022-08-19,291909.37,10
ADDS_DEEP_BENCH_N10,2022-08-22,286763.28,9
ADDS_DEEP_BENCH_N10,2022-08-23,290438.48,9
ADDS_DEEP_BENCH_N10,2022-08-24,292896.35,9
ADDS_DEEP_BENCH_N10,2022-08-25,297573.78,9
ADDS_DEEP_BENCH_N10,2022-08-26,288173.7,10
ADDS_DEEP_BENCH_N10,2022-08-29,286009.28,9
ADDS_DEEP_BENCH_N10,2022-08-30,282023.14,9
ADDS_DEEP_BENCH_N10,2022-08-31,279370.14,9
ADDS_DEEP_BENCH_N10,2022-09-01,280022.18,8
ADDS_DEEP_BENCH_N10,2022-09-02,277201.28,9
ADDS_DEEP_BENCH_N10,2022-09-06,276944.32,9
ADDS_DEEP_BENCH_N10,2022-09-07,283643.18,9
ADDS_DEEP_BENCH_N10,2022-09-08,286709.47,10
ADDS_DEEP_BENCH_N10,2022-09-09,291783.51,10
ADDS_DEEP_BENCH_N10,2022-09-12,294830.75,10
ADDS_DEEP_BENCH_N10,2022-09-13,281226.1,10
ADDS_DEEP_BENCH_N10,2022-09-14,283685.05,9
ADDS_DEEP_BENCH_N10,2022-09-15,284400.06,10
ADDS_DEEP_BENCH_N10,2022-09-16,280569.53,10
ADDS_DEEP_BENCH_N10,2022-09-19,280931.43,9
ADDS_DEEP_BENCH_N10,2022-09-20,277343.74,9
ADDS_DEEP_BENCH_N10,2022-09-21,271903.37,9
ADDS_DEEP_BENCH_N10,2022-09-22,268523.41,9
ADDS_DEEP_BENCH_N10,2022-09-23,263345.53,10
ADDS_DEEP_BENCH_N10,2022-09-26,258751.62,10
ADDS_DEEP_BENCH_N10,2022-09-27,261448.04,10
ADDS_DEEP_BENCH_N10,2022-09-28,266455.51,10
ADDS_DEEP_BENCH_N10,2022-09-29,261273.82,10
ADDS_DEEP_BENCH_N10,2022-09-30,258476.79,10
ADDS_DEEP_BENCH_N10,2022-10-03,264265.3,10
ADDS_DEEP_BENCH_N10,2022-10-04,274765.52,10
ADDS_DEEP_BENCH_N10,2022-10-05,274345.36,10
ADDS_DEEP_BENCH_N10,2022-10-06,274013.86,10
ADDS_DEEP_BENCH_N10,2022-10-07,271033.96,10
ADDS_DEEP_BENCH_N10,2022-10-10,267192.8,10
ADDS_DEEP_BENCH_N10,2022-10-11,267953.85,10
ADDS_DEEP_BENCH_N10,2022-10-12,267949.81,10
ADDS_DEEP_BENCH_N10,2022-10-13,274808.43,10
ADDS_DEEP_BENCH_N10,2022-10-14,270332.32,10
ADDS_DEEP_BENCH_N10,2022-10-17,272984.9,10
ADDS_DEEP_BENCH_N10,2022-10-18,275292.65,10
ADDS_DEEP_BENCH_N10,2022-10-19,276461.07,10
ADDS_DEEP_BENCH_N10,2022-10-20,274759.69,10
ADDS_DEEP_BENCH_N10,2022-10-21,280631.73,10
ADDS_DEEP_BENCH_N10,2022-10-24,283443.25,10
ADDS_DEEP_BENCH_N10,2022-10-25,286467.73,10
ADDS_DEEP_BENCH_N10,2022-10-26,287538.89,10
ADDS_DEEP_BENCH_N10,2022-10-27,285235.44,10
ADDS_DEEP_BENCH_N10,2022-10-28,291485.76,9
ADDS_DEEP_BENCH_N10,2022-10-31,290449.69,10
ADDS_DEEP_BENCH_N10,2022-11-01,290998.84,10
ADDS_DEEP_BENCH_N10,2022-11-02,283523.5,10
ADDS_DEEP_BENCH_N10,2022-11-03,277873.98,7
ADDS_DEEP_BENCH_N10,2022-11-04,282190.16,7
ADDS_DEEP_BENCH_N10,2022-11-07,285331.69,8
ADDS_DEEP_BENCH_N10,2022-11-08,287925.51,9
ADDS_DEEP_BENCH_N10,2022-11-09,280214.61,10
ADDS_DEEP_BENCH_N10,2022-11-10,293964.51,8
ADDS_DEEP_BENCH_N10,2022-11-11,297921.59,10
ADDS_DEEP_BENCH_N10,2022-11-14,296708.95,10
ADDS_DEEP_BENCH_N10,2022-11-15,300099.11,10
ADDS_DEEP_BENCH_N10,2022-11-16,292104.63,10
ADDS_DEEP_BENCH_N10,2022-11-17,290655.71,7
ADDS_DEEP_BENCH_N10,2022-11-18,290887.2,7
ADDS_DEEP_BENCH_N10,2022-11-21,289722.74,8
ADDS_DEEP_BENCH_N10,2022-11-22,292784.72,7
ADDS_DEEP_BENCH_N10,2022-11-23,293305.25,8
ADDS_DEEP_BENCH_N10,2022-11-25,291756.92,10
ADDS_DEEP_BENCH_N10,2022-11-28,287914.37,10
ADDS_DEEP_BENCH_N10,2022-11-29,288090.77,10
ADDS_DEEP_BENCH_N10,2022-11-30,292098.21,10
ADDS_DEEP_BENCH_N10,2022-12-01,291817.2,10
ADDS_DEEP_BENCH_N10,2022-12-02,290580.84,10
ADDS_DEEP_BENCH_N10,2022-12-05,285571.09,10
ADDS_DEEP_BENCH_N10,2022-12-06,284896.49,8
ADDS_DEEP_BENCH_N10,2022-12-07,284520.25,8
ADDS_DEEP_BENCH_N10,2022-12-08,283291.77,8
ADDS_DEEP_BENCH_N10,2022-12-09,283181.0,8
ADDS_DEEP_BENCH_N10,2022-12-12,287690.86,7
ADDS_DEEP_BENCH_N10,2022-12-13,283394.99,10
ADDS_DEEP_BENCH_N10,2022-12-14,283882.15,10
ADDS_DEEP_BENCH_N10,2022-12-15,275258.88,10
ADDS_DEEP_BENCH_N10,2022-12-16,273247.3,9
ADDS_DEEP_BENCH_N10,2022-12-19,267769.57,9
ADDS_DEEP_BENCH_N10,2022-12-20,267108.33,9
ADDS_DEEP_BENCH_N10,2022-12-21,270170.91,10
ADDS_DEEP_BENCH_N10,2022-12-22,264676.76,10
ADDS_DEEP_BENCH_N10,2022-12-23,267915.98,10
ADDS_DEEP_BENCH_N10,2022-12-27,266819.53,10
ADDS_DEEP_BENCH_N10,2022-12-28,260993.62,10
ADDS_DEEP_BENCH_N10,2022-12-29,268041.26,10
ADDS_DEEP_BENCH_N10,2022-12-30,268147.92,10
ADDS_DEEP_BENCH_N10,2023-01-03,267592.27,10
ADDS_DEEP_BENCH_N10,2023-01-04,275814.58,10
ADDS_DEEP_BENCH_N10,2023-01-05,276382.07,10
ADDS_DEEP_BENCH_N10,2023-01-06,283277.29,10
ADDS_DEEP_BENCH_N10,2023-01-09,286523.57,10
ADDS_DEEP_BENCH_N10,2023-01-10,291779.78,10
ADDS_DEEP_BENCH_N10,2023-01-11,292881.39,10
ADDS_DEEP_BENCH_N10,2023-01-12,301452.01,10
ADDS_DEEP_BENCH_N10,2023-01-13,301579.14,10
ADDS_DEEP_BENCH_N10,2023-01-17,300992.19,10
ADDS_DEEP_BENCH_N10,2023-01-18,294825.21,8
ADDS_DEEP_BENCH_N10,2023-01-19,292593.07,8
ADDS_DEEP_BENCH_N10,2023-01-20,298231.48,10
ADDS_DEEP_BENCH_N10,2023-01-23,303399.43,10
ADDS_DEEP_BENCH_N10,2023-01-24,300814.97,10
ADDS_DEEP_BENCH_N10,2023-01-25,302962.28,9
ADDS_DEEP_BENCH_N10,2023-01-26,308701.57,10
ADDS_DEEP_BENCH_N10,2023-01-27,313300.34,10
ADDS_DEEP_BENCH_N10,2023-01-30,305643.47,10
ADDS_DEEP_BENCH_N10,2023-01-31,311016.27,10
ADDS_DEEP_BENCH_N10,2023-02-01,313193.4,10
ADDS_DEEP_BENCH_N10,2023-02-02,319733.43,10
ADDS_DEEP_BENCH_N10,2023-02-03,316557.23,10
ADDS_DEEP_BENCH_N10,2023-02-06,314098.99,10
ADDS_DEEP_BENCH_N10,2023-02-07,318463.43,10
ADDS_DEEP_BENCH_N10,2023-02-08,313595.78,10
ADDS_DEEP_BENCH_N10,2023-02-09,313072.58,10
ADDS_DEEP_BENCH_N10,2023-02-10,314617.88,10
ADDS_DEEP_BENCH_N10,2023-02-13,314035.49,10
ADDS_DEEP_BENCH_N10,2023-02-14,316136.18,10
ADDS_DEEP_BENCH_N10,2023-02-15,317148.47,10
ADDS_DEEP_BENCH_N10,2023-02-16,311796.2,10
ADDS_DEEP_BENCH_N10,2023-02-17,308279.1,10
ADDS_DEEP_BENCH_N10,2023-02-21,305087.27,10
ADDS_DEEP_BENCH_N10,2023-02-22,305921.39,9
ADDS_DEEP_BENCH_N10,2023-02-23,307874.74,10
ADDS_DEEP_BENCH_N10,2023-02-24,308533.07,10
ADDS_DEEP_BENCH_N10,2023-02-27,307614.31,10
ADDS_DEEP_BENCH_N10,2023-02-28,305120.76,10
ADDS_DEEP_BENCH_N10,2023-03-01,304651.49,10
ADDS_DEEP_BENCH_N10,2023-03-02,306128.84,10
ADDS_DEEP_BENCH_N10,2023-03-03,310451.63,10
ADDS_DEEP_BENCH_N10,2023-03-06,307830.51,10
ADDS_DEEP_BENCH_N10,2023-03-07,302338.65,10
ADDS_DEEP_BENCH_N10,2023-03-08,304450.53,10
ADDS_DEEP_BENCH_N10,2023-03-09,294868.57,10
ADDS_DEEP_BENCH_N10,2023-03-10,286478.93,10
ADDS_DEEP_BENCH_N10,2023-03-13,280377.56,10
ADDS_DEEP_BENCH_N10,2023-03-14,283945.14,10
ADDS_DEEP_BENCH_N10,2023-03-15,279790.6,10
ADDS_DEEP_BENCH_N10,2023-03-16,284217.07,10
ADDS_DEEP_BENCH_N10,2023-03-17,281150.69,10
ADDS_DEEP_BENCH_N10,2023-03-20,283136.99,10
ADDS_DEEP_BENCH_N10,2023-03-21,290393.14,10
ADDS_DEEP_BENCH_N10,2023-03-22,282819.56,10
ADDS_DEEP_BENCH_N10,2023-03-23,280417.36,10
ADDS_DEEP_BENCH_N10,2023-03-24,280466.87,10
ADDS_DEEP_BENCH_N10,2023-03-27,283367.9,10
ADDS_DEEP_BENCH_N10,2023-03-28,283936.01,10
ADDS_DEEP_BENCH_N10,2023-03-29,288279.39,10
ADDS_DEEP_BENCH_N10,2023-03-30,288326.21,10
ADDS_DEEP_BENCH_N10,2023-03-31,292350.15,10
ADDS_DEEP_BENCH_N10,2023-04-03,292735.1,10
ADDS_DEEP_BENCH_N10,2023-04-04,290769.2,10
ADDS_DEEP_BENCH_N10,2023-04-05,287737.42,8
ADDS_DEEP_BENCH_N10,2023-04-06,288731.85,9
ADDS_DEEP_BENCH_N10,2023-04-10,292345.18,9
ADDS_DEEP_BENCH_N10,2023-04-11,291895.32,9
ADDS_DEEP_BENCH_N10,2023-04-12,285883.86,9
ADDS_DEEP_BENCH_N10,2023-04-13,287419.17,8
ADDS_DEEP_BENCH_N10,2023-04-14,285864.98,10
ADDS_DEEP_BENCH_N10,2023-04-17,290006.19,10
ADDS_DEEP_BENCH_N10,2023-04-18,290079.53,10
ADDS_DEEP_BENCH_N10,2023-04-19,291147.61,10
ADDS_DEEP_BENCH_N10,2023-04-20,288252.17,10
ADDS_DEEP_BENCH_N10,2023-04-21,287105.44,10
ADDS_DEEP_BENCH_N10,2023-04-24,284404.16,10
ADDS_DEEP_BENCH_N10,2023-04-25,276099.81,9
ADDS_DEEP_BENCH_N10,2023-04-26,274876.3,9
ADDS_DEEP_BENCH_N10,2023-04-27,286716.96,10
ADDS_DEEP_BENCH_N10,2023-04-28,293044.4,10
ADDS_DEEP_BENCH_N10,2023-05-01,290648.22,10
ADDS_DEEP_BENCH_N10,2023-05-02,283386.98,10
ADDS_DEEP_BENCH_N10,2023-05-03,280532.4,10
ADDS_DEEP_BENCH_N10,2023-05-04,276172.06,10
ADDS_DEEP_BENCH_N10,2023-05-05,285407.12,10
ADDS_DEEP_BENCH_N10,2023-05-08,286014.5,10
ADDS_DEEP_BENCH_N10,2023-05-09,280805.53,10
ADDS_DEEP_BENCH_N10,2023-05-10,279529.76,10
ADDS_DEEP_BENCH_N10,2023-05-11,276368.51,10
ADDS_DEEP_BENCH_N10,2023-05-12,277217.45,10
ADDS_DEEP_BENCH_N10,2023-05-15,286472.57,10
ADDS_DEEP_BENCH_N10,2023-05-16,283608.61,10
ADDS_DEEP_BENCH_N10,2023-05-17,290718.37,10
ADDS_DEEP_BENCH_N10,2023-05-18,295729.68,10
ADDS_DEEP_BENCH_N10,2023-05-19,292395.11,10
ADDS_DEEP_BENCH_N10,2023-05-22,294011.47,10
ADDS_DEEP_BENCH_N10,2023-05-23,290437.77,10
ADDS_DEEP_BENCH_N10,2023-05-24,286763.74,10
ADDS_DEEP_BENCH_N10,2023-05-25,285328.73,10
ADDS_DEEP_BENCH_N10,2023-05-26,291170.07,10
ADDS_DEEP_BENCH_N10,2023-05-30,293811.57,10
ADDS_DEEP_BENCH_N10,2023-05-31,287922.3,10
ADDS_DEEP_BENCH_N10,2023-06-01,291093.16,10
ADDS_DEEP_BENCH_N10,2023-06-02,297269.2,10
ADDS_DEEP_BENCH_N10,2023-06-05,295223.86,10
ADDS_DEEP_BENCH_N10,2023-06-06,299556.3,10
ADDS_DEEP_BENCH_N10,2023-06-07,307123.93,10
ADDS_DEEP_BENCH_N10,2023-06-08,307818.93,10
ADDS_DEEP_BENCH_N10,2023-06-09,306291.92,9
ADDS_DEEP_BENCH_N10,2023-06-12,307217.43,9
ADDS_DEEP_BENCH_N10,2023-06-13,309233.5,10
ADDS_DEEP_BENCH_N10,2023-06-14,309983.06,10
ADDS_DEEP_BENCH_N10,2023-06-15,312577.54,10
ADDS_DEEP_BENCH_N10,2023-06-16,313020.49,10
ADDS_DEEP_BENCH_N10,2023-06-20,308614.08,10
ADDS_DEEP_BENCH_N10,2023-06-21,307549.03,10
ADDS_DEEP_BENCH_N10,2023-06-22,304445.5,8
ADDS_DEEP_BENCH_N10,2023-06-23,302170.2,9
ADDS_DEEP_BENCH_N10,2023-06-26,303498.27,9
ADDS_DEEP_BENCH_N10,2023-06-27,305765.01,9
ADDS_DEEP_BENCH_N10,2023-06-28,307533.12,10
ADDS_DEEP_BENCH_N10,2023-06-29,309698.33,10
ADDS_DEEP_BENCH_N10,2023-06-30,311298.8,10
ADDS_DEEP_BENCH_N10,2023-07-03,312521.79,10
ADDS_DEEP_BENCH_N10,2023-07-05,313255.44,10
ADDS_DEEP_BENCH_N10,2023-07-06,309407.73,10
ADDS_DEEP_BENCH_N10,2023-07-07,311847.5,8
ADDS_DEEP_BENCH_N10,2023-07-10,313065.23,10
ADDS_DEEP_BENCH_N10,2023-07-11,318113.89,10
ADDS_DEEP_BENCH_N10,2023-07-12,321639.29,10
ADDS_DEEP_BENCH_N10,2023-07-13,324057.65,10
ADDS_DEEP_BENCH_N10,2023-07-14,318364.15,10
ADDS_DEEP_BENCH_N10,2023-07-17,317030.32,10
ADDS_DEEP_BENCH_N10,2023-07-18,322637.94,10
ADDS_DEEP_BENCH_N10,2023-07-19,326129.42,10
ADDS_DEEP_BENCH_N10,2023-07-20,325592.77,10
ADDS_DEEP_BENCH_N10,2023-07-21,325834.73,10
ADDS_DEEP_BENCH_N10,2023-07-24,326171.65,10
ADDS_DEEP_BENCH_N10,2023-07-25,325145.32,10
ADDS_DEEP_BENCH_N10,2023-07-26,325018.31,9
ADDS_DEEP_BENCH_N10,2023-07-27,321099.05,9
ADDS_DEEP_BENCH_N10,2023-07-28,325300.51,10
ADDS_DEEP_BENCH_N10,2023-07-31,327094.66,10
ADDS_DEEP_BENCH_N10,2023-08-01,325331.1,10
ADDS_DEEP_BENCH_N10,2023-08-02,319022.36,10
ADDS_DEEP_BENCH_N10,2023-08-03,318837.83,9
ADDS_DEEP_BENCH_N10,2023-08-04,319529.12,10
ADDS_DEEP_BENCH_N10,2023-08-07,323434.12,10
ADDS_DEEP_BENCH_N10,2023-08-08,320814.88,10
ADDS_DEEP_BENCH_N10,2023-08-09,317743.8,9
ADDS_DEEP_BENCH_N10,2023-08-10,317399.14,8
ADDS_DEEP_BENCH_N10,2023-08-11,316489.98,8
ADDS_DEEP_BENCH_N10,2023-08-14,318486.08,10
ADDS_DEEP_BENCH_N10,2023-08-15,316063.07,10
ADDS_DEEP_BENCH_N10,2023-08-16,312928.93,10
ADDS_DEEP_BENCH_N10,2023-08-17,311253.77,10
ADDS_DEEP_BENCH_N10,2023-08-18,312770.45,10
ADDS_DEEP_BENCH_N10,2023-08-21,313952.65,10
ADDS_DEEP_BENCH_N10,2023-08-22,312359.38,10
ADDS_DEEP_BENCH_N10,2023-08-23,316130.76,10
ADDS_DEEP_BENCH_N10,2023-08-24,310585.8,10
ADDS_DEEP_BENCH_N10,2023-08-25,313496.17,9
ADDS_DEEP_BENCH_N10,2023-08-28,314207.67,10
ADDS_DEEP_BENCH_N10,2023-08-29,320065.17,10
ADDS_DEEP_BENCH_N10,2023-08-30,320672.0,10
ADDS_DEEP_BENCH_N10,2023-08-31,319872.09,10
ADDS_DEEP_BENCH_N10,2023-09-01,321156.2,10
ADDS_DEEP_BENCH_N10,2023-09-05,321220.48,10
ADDS_DEEP_BENCH_N10,2023-09-06,319706.21,10
ADDS_DEEP_BENCH_N10,2023-09-07,318628.78,10
ADDS_DEEP_BENCH_N10,2023-09-08,318964.81,10
ADDS_DEEP_BENCH_N10,2023-09-11,319777.91,10
ADDS_DEEP_BENCH_N10,2023-09-12,314952.72,10
ADDS_DEEP_BENCH_N10,2023-09-13,315690.46,10
ADDS_DEEP_BENCH_N10,2023-09-14,319897.5,10
ADDS_DEEP_BENCH_N10,2023-09-15,314789.18,10
ADDS_DEEP_BENCH_N10,2023-09-18,314589.57,10
ADDS_DEEP_BENCH_N10,2023-09-19,314644.04,10
ADDS_DEEP_BENCH_N10,2023-09-20,310937.47,10
ADDS_DEEP_BENCH_N10,2023-09-21,305537.32,10
ADDS_DEEP_BENCH_N10,2023-09-22,304814.31,10
ADDS_DEEP_BENCH_N10,2023-09-25,305351.59,9
ADDS_DEEP_BENCH_N10,2023-09-26,301464.8,9
ADDS_DEEP_BENCH_N10,2023-09-27,303930.91,9
ADDS_DEEP_BENCH_N10,2023-09-28,308380.59,10
ADDS_DEEP_BENCH_N10,2023-09-29,304254.82,10
ADDS_DEEP_BENCH_N10,2023-10-02,303218.28,10
ADDS_DEEP_BENCH_N10,2023-10-03,297910.0,10
ADDS_DEEP_BENCH_N10,2023-10-04,298806.02,10
ADDS_DEEP_BENCH_N10,2023-10-05,298520.54,10
ADDS_DEEP_BENCH_N10,2023-10-06,302733.29,10
ADDS_DEEP_BENCH_N10,2023-10-09,307028.19,10
ADDS_DEEP_BENCH_N10,2023-10-10,308476.01,10
ADDS_DEEP_BENCH_N10,2023-10-11,309522.22,10
ADDS_DEEP_BENCH_N10,2023-10-12,308439.53,10
ADDS_DEEP_BENCH_N10,2023-10-13,307734.91,10
ADDS_DEEP_BENCH_N10,2023-10-16,311673.91,10
ADDS_DEEP_BENCH_N10,2023-10-17,313047.99,10
ADDS_DEEP_BENCH_N10,2023-10-18,309294.18,10
ADDS_DEEP_BENCH_N10,2023-10-19,307385.22,10
ADDS_DEEP_BENCH_N10,2023-10-20,302959.59,9
ADDS_DEEP_BENCH_N10,2023-10-23,302890.72,10
ADDS_DEEP_BENCH_N10,2023-10-24,306869.85,9
ADDS_DEEP_BENCH_N10,2023-10-25,298778.12,9
ADDS_DEEP_BENCH_N10,2023-10-26,293486.55,9
ADDS_DEEP_BENCH_N10,2023-10-27,295084.07,10
ADDS_DEEP_BENCH_N10,2023-10-30,297467.22,10
ADDS_DEEP_BENCH_N10,2023-10-31,299005.03,10
ADDS_DEEP_BENCH_N10,2023-11-01,304795.65,10
ADDS_DEEP_BENCH_N10,2023-11-02,308309.55,10
ADDS_DEEP_BENCH_N10,2023-11-03,313577.37,10
ADDS_DEEP_BENCH_N10,2023-11-06,313130.14,10
ADDS_DEEP_BENCH_N10,2023-11-07,313273.7,10
ADDS_DEEP_BENCH_N10,2023-11-08,313382.11,10
ADDS_DEEP_BENCH_N10,2023-11-09,310368.12,10
ADDS_DEEP_BENCH_N10,2023-11-10,315463.93,9
ADDS_DEEP_BENCH_N10,2023-11-13,315739.31,10
ADDS_DEEP_BENCH_N10,2023-11-14,322549.99,10
ADDS_DEEP_BENCH_N10,2023-11-15,323074.62,10
ADDS_DEEP_BENCH_N10,2023-11-16,325958.49,10
ADDS_DEEP_BENCH_N10,2023-11-17,325233.88,10
ADDS_DEEP_BENCH_N10,2023-11-20,326511.26,10
ADDS_DEEP_BENCH_N10,2023-11-21,325340.43,10
ADDS_DEEP_BENCH_N10,2023-11-22,327806.05,10
ADDS_DEEP_BENCH_N10,2023-11-24,327533.48,10
ADDS_DEEP_BENCH_N10,2023-11-27,326907.94,8
ADDS_DEEP_BENCH_N10,2023-11-28,328456.56,5
ADDS_DEEP_BENCH_N10,2023-11-29,327388.08,5
ADDS_DEEP_BENCH_N10,2023-11-30,328514.2,6
ADDS_DEEP_BENCH_N10,2023-12-01,330690.29,9
ADDS_DEEP_BENCH_N10,2023-12-04,331477.12,10
ADDS_DEEP_BENCH_N10,2023-12-05,329094.35,10
ADDS_DEEP_BENCH_N10,2023-12-06,332483.14,10
ADDS_DEEP_BENCH_N10,2023-12-07,333998.5,10
ADDS_DEEP_BENCH_N10,2023-12-08,336781.39,10
ADDS_DEEP_BENCH_N10,2023-12-11,338519.82,10
ADDS_DEEP_BENCH_N10,2023-12-12,338022.5,10
ADDS_DEEP_BENCH_N10,2023-12-13,346445.49,10
ADDS_DEEP_BENCH_N10,2023-12-14,344832.12,10
ADDS_DEEP_BENCH_N10,2023-12-15,341980.65,10
ADDS_DEEP_BENCH_N10,2023-12-18,341421.65,9
ADDS_DEEP_BENCH_N10,2023-12-19,345783.24,10
ADDS_DEEP_BENCH_N10,2023-12-20,342457.33,10
ADDS_DEEP_BENCH_N10,2023-12-21,347840.97,8
ADDS_DEEP_BENCH_N10,2023-12-22,349210.29,9
ADDS_DEEP_BENCH_N10,2023-12-26,350907.53,9
ADDS_DEEP_BENCH_N10,2023-12-27,350555.3,9
ADDS_DEEP_BENCH_N10,2023-12-28,351161.32,7
ADDS_DEEP_BENCH_N10,2023-12-29,350523.68,7
ADDS_DEEP_BENCH_N10,2024-01-02,358041.16,8
ADDS_DEEP_BENCH_N10,2024-01-03,356073.66,8
ADDS_DEEP_BENCH_N10,2024-01-04,350838.78,7
ADDS_DEEP_BENCH_N10,2024-01-05,353333.34,7
ADDS_DEEP_BENCH_N10,2024-01-08,353877.43,7
ADDS_DEEP_BENCH_N10,2024-01-09,351604.44,9
ADDS_DEEP_BENCH_N10,2024-01-10,353078.86,9
ADDS_DEEP_BENCH_N10,2024-01-11,354285.57,9
ADDS_DEEP_BENCH_N10,2024-01-12,347748.72,9
ADDS_DEEP_BENCH_N10,2024-01-16,343115.31,9
ADDS_DEEP_BENCH_N10,2024-01-17,341352.24,9
ADDS_DEEP_BENCH_N10,2024-01-18,345490.67,9
ADDS_DEEP_BENCH_N10,2024-01-19,347335.39,9
ADDS_DEEP_BENCH_N10,2024-01-22,346371.93,9
ADDS_DEEP_BENCH_N10,2024-01-23,350838.2,9
ADDS_DEEP_BENCH_N10,2024-01-24,348137.13,9
ADDS_DEEP_BENCH_N10,2024-01-25,356499.15,9
ADDS_DEEP_BENCH_N10,2024-01-26,357221.81,9
ADDS_DEEP_BENCH_N10,2024-01-29,357731.93,9
ADDS_DEEP_BENCH_N10,2024-01-30,356383.54,9
ADDS_DEEP_BENCH_N10,2024-01-31,350934.9,9
ADDS_DEEP_BENCH_N10,2024-02-01,352516.54,9
ADDS_DEEP_BENCH_N10,2024-02-02,349868.33,9
ADDS_DEEP_BENCH_N10,2024-02-05,343482.04,9
ADDS_DEEP_BENCH_N10,2024-02-06,346497.16,9
ADDS_DEEP_BENCH_N10,2024-02-07,345882.13,9
ADDS_DEEP_BENCH_N10,2024-02-08,346474.98,9
ADDS_DEEP_BENCH_N10,2024-02-09,345604.65,9
ADDS_DEEP_BENCH_N10,2024-02-12,349720.41,9
ADDS_DEEP_BENCH_N10,2024-02-13,344295.76,9
ADDS_DEEP_BENCH_N10,2024-02-14,345770.92,9
ADDS_DEEP_BENCH_N10,2024-02-15,348280.86,9
ADDS_DEEP_BENCH_N10,2024-02-16,345069.09,9
ADDS_DEEP_BENCH_N10,2024-02-20,342553.08,9
ADDS_DEEP_BENCH_N10,2024-02-21,346092.56,9
ADDS_DEEP_BENCH_N10,2024-02-22,351267.48,9
ADDS_DEEP_BENCH_N10,2024-02-23,348213.92,9
ADDS_DEEP_BENCH_N10,2024-02-26,345991.03,9
ADDS_DEEP_BENCH_N10,2024-02-27,348263.66,9
ADDS_DEEP_BENCH_N10,2024-02-28,346270.83,10
ADDS_DEEP_BENCH_N10,2024-02-29,350201.35,10
ADDS_DEEP_BENCH_N10,2024-03-01,354383.29,10
ADDS_DEEP_BENCH_N10,2024-03-04,352727.48,10
ADDS_DEEP_BENCH_N10,2024-03-05,352009.19,10
ADDS_DEEP_BENCH_N10,2024-03-06,356365.91,10
ADDS_DEEP_BENCH_N10,2024-03-07,357560.71,10
ADDS_DEEP_BENCH_N10,2024-03-08,358979.24,10
ADDS_DEEP_BENCH_N10,2024-03-11,358938.63,10
ADDS_DEEP_BENCH_N10,2024-03-12,357101.12,10
ADDS_DEEP_BENCH_N10,2024-03-13,359140.62,10
ADDS_DEEP_BENCH_N10,2024-03-14,354790.02,10
ADDS_DEEP_BENCH_N10,2024-03-15,353485.11,10
ADDS_DEEP_BENCH_N10,2024-03-18,353942.96,10
ADDS_DEEP_BENCH_N10,2024-03-19,355972.15,10
ADDS_DEEP_BENCH_N10,2024-03-20,366828.43,10
ADDS_DEEP_BENCH_N10,2024-03-21,366110.9,10
ADDS_DEEP_BENCH_N10,2024-03-22,365502.38,10
ADDS_DEEP_BENCH_N10,2024-03-25,366323.13,9
ADDS_DEEP_BENCH_N10,2024-03-26,365140.03,10
ADDS_DEEP_BENCH_N10,2024-03-27,369845.47,10
ADDS_DEEP_BENCH_N10,2024-03-28,370007.65,10
ADDS_DEEP_BENCH_N10,2024-04-01,367875.38,10
ADDS_DEEP_BENCH_N10,2024-04-02,363675.66,9
ADDS_DEEP_BENCH_N10,2024-04-03,364002.54,9
ADDS_DEEP_BENCH_N10,2024-04-04,357891.54,10
ADDS_DEEP_BENCH_N10,2024-04-05,358780.62,9
ADDS_DEEP_BENCH_N10,2024-04-08,359844.12,10
ADDS_DEEP_BENCH_N10,2024-04-09,359551.56,10
ADDS_DEEP_BENCH_N10,2024-04-10,354035.41,10
ADDS_DEEP_BENCH_N10,2024-04-11,357294.39,10
ADDS_DEEP_BENCH_N10,2024-04-12,352144.74,10
ADDS_DEEP_BENCH_N10,2024-04-15,348716.11,10
ADDS_DEEP_BENCH_N10,2024-04-16,347560.01,10
ADDS_DEEP_BENCH_N10,2024-04-17,347156.88,10
ADDS_DEEP_BENCH_N10,2024-04-18,346995.36,10
ADDS_DEEP_BENCH_N10,2024-04-19,346357.25,10
ADDS_DEEP_BENCH_N10,2024-04-22,348354.58,10
ADDS_DEEP_BENCH_N10,2024-04-23,350267.4,10
ADDS_DEEP_BENCH_N10,2024-04-24,352397.62,10
ADDS_DEEP_BENCH_N10,2024-04-25,352615.7,10
ADDS_DEEP_BENCH_N10,2024-04-26,354050.63,10
ADDS_DEEP_BENCH_N10,2024-04-29,356479.93,10
ADDS_DEEP_BENCH_N10,2024-04-30,347930.76,10
ADDS_DEEP_BENCH_N10,2024-05-01,341833.48,10
ADDS_DEEP_BENCH_N10,2024-05-02,345778.13,10
ADDS_DEEP_BENCH_N10,2024-05-03,349192.82,10
ADDS_DEEP_BENCH_N10,2024-05-06,350753.14,10
ADDS_DEEP_BENCH_N10,2024-05-07,348823.94,10
ADDS_DEEP_BENCH_N10,2024-05-08,351139.48,10
ADDS_DEEP_BENCH_N10,2024-05-09,353938.88,10
ADDS_DEEP_BENCH_N10,2024-05-10,354716.54,10
ADDS_DEEP_BENCH_N10,2024-05-13,356954.36,10
ADDS_DEEP_BENCH_N10,2024-05-14,358873.03,10
ADDS_DEEP_BENCH_N10,2024-05-15,359885.67,9
ADDS_DEEP_BENCH_N10,2024-05-16,362308.98,9
ADDS_DEEP_BENCH_N10,2024-05-17,364418.4,9
ADDS_DEEP_BENCH_N10,2024-05-20,367334.82,9
ADDS_DEEP_BENCH_N10,2024-05-21,366220.54,9
ADDS_DEEP_BENCH_N10,2024-05-22,366577.32,9
ADDS_DEEP_BENCH_N10,2024-05-23,355544.02,9
ADDS_DEEP_BENCH_N10,2024-05-24,358918.14,8
ADDS_DEEP_BENCH_N10,2024-05-28,360522.24,8
ADDS_DEEP_BENCH_N10,2024-05-29,356683.95,8
ADDS_DEEP_BENCH_N10,2024-05-30,361276.68,8
ADDS_DEEP_BENCH_N10,2024-05-31,367745.09,9
ADDS_DEEP_BENCH_N10,2024-06-03,372831.4,9
ADDS_DEEP_BENCH_N10,2024-06-04,378414.1,9
ADDS_DEEP_BENCH_N10,2024-06-05,378830.35,9
ADDS_DEEP_BENCH_N10,2024-06-06,377855.75,9
ADDS_DEEP_BENCH_N10,2024-06-07,374608.42,9
ADDS_DEEP_BENCH_N10,2024-06-10,375450.98,8
ADDS_DEEP_BENCH_N10,2024-06-11,374488.39,10
ADDS_DEEP_BENCH_N10,2024-06-12,372810.75,10
ADDS_DEEP_BENCH_N10,2024-06-13,373019.69,10
ADDS_DEEP_BENCH_N10,2024-06-14,371735.1,10
ADDS_DEEP_BENCH_N10,2024-06-17,374878.31,10
ADDS_DEEP_BENCH_N10,2024-06-18,372005.28,10
ADDS_DEEP_BENCH_N10,2024-06-20,371969.72,10
ADDS_DEEP_BENCH_N10,2024-06-21,372334.06,10
ADDS_DEEP_BENCH_N10,2024-06-24,371169.82,10
ADDS_DEEP_BENCH_N10,2024-06-25,370272.15,10
ADDS_DEEP_BENCH_N10,2024-06-26,372762.51,10
ADDS_DEEP_BENCH_N10,2024-06-27,376240.39,10
ADDS_DEEP_BENCH_N10,2024-06-28,378066.69,10
ADDS_DEEP_BENCH_N10,2024-07-01,378262.34,10
ADDS_DEEP_BENCH_N10,2024-07-02,383434.11,10
ADDS_DEEP_BENCH_N10,2024-07-03,387701.77,10
ADDS_DEEP_BENCH_N10,2024-07-05,389627.59,10
ADDS_DEEP_BENCH_N10,2024-07-08,390655.16,9
ADDS_DEEP_BENCH_N10,2024-07-09,393022.69,8
ADDS_DEEP_BENCH_N10,2024-07-10,394870.32,9
ADDS_DEEP_BENCH_N10,2024-07-11,391823.12,10
ADDS_DEEP_BENCH_N10,2024-07-12,395404.44,10
ADDS_DEEP_BENCH_N10,2024-07-15,394463.71,10
ADDS_DEEP_BENCH_N10,2024-07-16,404459.21,10
ADDS_DEEP_BENCH_N10,2024-07-17,405994.78,10
ADDS_DEEP_BENCH_N10,2024-07-18,403689.43,10
ADDS_DEEP_BENCH_N10,2024-07-19,402326.77,9
ADDS_DEEP_BENCH_N10,2024-07-22,401741.81,8
ADDS_DEEP_BENCH_N10,2024-07-23,401675.31,10
ADDS_DEEP_BENCH_N10,2024-07-24,397223.32,8
ADDS_DEEP_BENCH_N10,2024-07-25,393474.95,7
ADDS_DEEP_BENCH_N10,2024-07-26,406776.46,8
ADDS_DEEP_BENCH_N10,2024-07-29,406281.24,9
ADDS_DEEP_BENCH_N10,2024-07-30,409910.54,10
ADDS_DEEP_BENCH_N10,2024-07-31,414204.15,10
ADDS_DEEP_BENCH_N10,2024-08-01,409045.11,10
ADDS_DEEP_BENCH_N10,2024-08-02,404059.94,10
ADDS_DEEP_BENCH_N10,2024-08-05,396066.23,10
ADDS_DEEP_BENCH_N10,2024-08-06,398814.57,9
ADDS_DEEP_BENCH_N10,2024-08-07,398696.0,10
ADDS_DEEP_BENCH_N10,2024-08-08,401018.91,10
ADDS_DEEP_BENCH_N10,2024-08-09,401869.31,10
ADDS_DEEP_BENCH_N10,2024-08-12,401162.37,10
ADDS_DEEP_BENCH_N10,2024-08-13,416212.69,10
ADDS_DEEP_BENCH_N10,2024-08-14,417042.31,10
ADDS_DEEP_BENCH_N10,2024-08-15,421168.31,10
ADDS_DEEP_BENCH_N10,2024-08-16,422240.47,10
ADDS_DEEP_BENCH_N10,2024-08-19,424978.4,10
ADDS_DEEP_BENCH_N10,2024-08-20,423624.86,10
ADDS_DEEP_BENCH_N10,2024-08-21,424153.69,10
ADDS_DEEP_BENCH_N10,2024-08-22,419118.38,10
ADDS_DEEP_BENCH_N10,2024-08-23,427018.14,10
ADDS_DEEP_BENCH_N10,2024-08-26,427039.29,10
ADDS_DEEP_BENCH_N10,2024-08-27,426895.87,10
ADDS_DEEP_BENCH_N10,2024-08-28,422391.24,9
ADDS_DEEP_BENCH_N10,2024-08-29,422945.42,9
ADDS_DEEP_BENCH_N10,2024-08-30,425268.64,9
ADDS_DEEP_BENCH_N10,2024-09-03,420837.71,9
ADDS_DEEP_BENCH_N10,2024-09-04,422260.63,9
ADDS_DEEP_BENCH_N10,2024-09-05,423328.09,10
ADDS_DEEP_BENCH_N10,2024-09-06,416904.97,10
ADDS_DEEP_BENCH_N10,2024-09-09,420464.69,9
ADDS_DEEP_BENCH_N10,2024-09-10,421472.28,10
ADDS_DEEP_BENCH_N10,2024-09-11,420809.44,10
ADDS_DEEP_BENCH_N10,2024-09-12,424946.78,10
ADDS_DEEP_BENCH_N10,2024-09-13,425384.5,10
ADDS_DEEP_BENCH_N10,2024-09-16,429322.09,10
ADDS_DEEP_BENCH_N10,2024-09-17,428586.79,10
ADDS_DEEP_BENCH_N10,2024-09-18,430096.36,10
ADDS_DEEP_BENCH_N10,2024-09-19,433955.74,10
ADDS_DEEP_BENCH_N10,2024-09-20,429718.73,10
ADDS_DEEP_BENCH_N10,2024-09-23,431967.63,10
ADDS_DEEP_BENCH_N10,2024-09-24,433483.7,10
ADDS_DEEP_BENCH_N10,2024-09-25,430760.36,10
ADDS_DEEP_BENCH_N10,2024-09-26,440010.69,10
ADDS_DEEP_BENCH_N10,2024-09-27,443171.53,10
ADDS_DEEP_BENCH_N10,2024-09-30,441336.95,10
ADDS_DEEP_BENCH_N10,2024-10-01,441808.16,10
ADDS_DEEP_BENCH_N10,2024-10-02,439394.86,7
ADDS_DEEP_BENCH_N10,2024-10-03,438361.99,7
ADDS_DEEP_BENCH_N10,2024-10-04,440696.32,7
ADDS_DEEP_BENCH_N10,2024-10-07,437980.98,10
ADDS_DEEP_BENCH_N10,2024-10-08,435932.81,10
ADDS_DEEP_BENCH_N10,2024-10-09,439456.24,10
ADDS_DEEP_BENCH_N10,2024-10-10,438672.05,10
ADDS_DEEP_BENCH_N10,2024-10-11,443473.91,10
ADDS_DEEP_BENCH_N10,2024-10-14,443765.94,10
ADDS_DEEP_BENCH_N10,2024-10-15,448058.32,10
ADDS_DEEP_BENCH_N10,2024-10-16,451238.19,10
ADDS_DEEP_BENCH_N10,2024-10-17,447576.52,10
ADDS_DEEP_BENCH_N10,2024-10-18,451244.9,10
ADDS_DEEP_BENCH_N10,2024-10-21,448128.35,10
ADDS_DEEP_BENCH_N10,2024-10-22,449625.13,10
ADDS_DEEP_BENCH_N10,2024-10-23,445881.48,10
ADDS_DEEP_BENCH_N10,2024-10-24,446166.99,10
ADDS_DEEP_BENCH_N10,2024-10-25,444368.36,10
ADDS_DEEP_BENCH_N10,2024-10-28,447318.18,10
ADDS_DEEP_BENCH_N10,2024-10-29,442742.85,10
ADDS_DEEP_BENCH_N10,2024-10-30,442949.22,10
ADDS_DEEP_BENCH_N10,2024-10-31,437496.73,10
ADDS_DEEP_BENCH_N10,2024-11-01,439650.47,10
ADDS_DEEP_BENCH_N10,2024-11-04,438878.43,10
ADDS_DEEP_BENCH_N10,2024-11-05,442424.34,10
ADDS_DEEP_BENCH_N10,2024-11-06,447872.09,10
ADDS_DEEP_BENCH_N10,2024-11-07,457271.2,10
ADDS_DEEP_BENCH_N10,2024-11-08,456389.58,10
ADDS_DEEP_BENCH_N10,2024-11-11,457343.82,10
ADDS_DEEP_BENCH_N10,2024-11-12,453499.7,10
ADDS_DEEP_BENCH_N10,2024-11-13,452800.63,10
ADDS_DEEP_BENCH_N10,2024-11-14,449029.78,10
ADDS_DEEP_BENCH_N10,2024-11-15,443006.47,10
ADDS_DEEP_BENCH_N10,2024-11-18,446648.36,10
ADDS_DEEP_BENCH_N10,2024-11-19,446123.38,10
ADDS_DEEP_BENCH_N10,2024-11-20,446288.99,10
ADDS_DEEP_BENCH_N10,2024-11-21,449184.19,10
ADDS_DEEP_BENCH_N10,2024-11-22,454449.67,10
ADDS_DEEP_BENCH_N10,2024-11-25,459344.96,10
ADDS_DEEP_BENCH_N10,2024-11-26,454153.03,10
ADDS_DEEP_BENCH_N10,2024-11-27,454473.34,10
ADDS_DEEP_BENCH_N10,2024-11-29,456419.56,10
ADDS_DEEP_BENCH_N10,2024-12-02,458935.19,10
ADDS_DEEP_BENCH_N10,2024-12-03,459321.16,10
ADDS_DEEP_BENCH_N10,2024-12-04,458924.22,10
ADDS_DEEP_BENCH_N10,2024-12-05,457580.91,10
ADDS_DEEP_BENCH_N10,2024-12-06,457645.79,10
ADDS_DEEP_BENCH_N10,2024-12-09,454232.87,10
ADDS_DEEP_BENCH_N10,2024-12-10,450949.6,10
ADDS_DEEP_BENCH_N10,2024-12-11,454466.93,9
ADDS_DEEP_BENCH_N10,2024-12-12,455300.62,10
ADDS_DEEP_BENCH_N10,2024-12-13,448739.91,10
ADDS_DEEP_BENCH_N10,2024-12-16,445589.64,10
ADDS_DEEP_BENCH_N10,2024-12-17,446009.12,10
ADDS_DEEP_BENCH_N10,2024-12-18,436368.6,10
ADDS_DEEP_BENCH_N10,2024-12-19,435565.53,9
ADDS_DEEP_BENCH_N10,2024-12-20,440798.09,9
ADDS_DEEP_BENCH_N10,2024-12-23,441988.06,10
ADDS_DEEP_BENCH_N10,2024-12-24,444330.75,10
ADDS_DEEP_BENCH_N10,2024-12-26,443542.17,10
ADDS_DEEP_BENCH_N10,2024-12-27,440693.14,10
ADDS_DEEP_BENCH_N10,2024-12-30,435937.12,10
ADDS_DEEP_BENCH_N10,2024-12-31,436768.32,10
ADDS_DEEP_BENCH_N10,2025-01-02,437727.36,10
ADDS_DEEP_BENCH_N10,2025-01-03,441152.8,10
ADDS_DEEP_BENCH_N10,2025-01-06,443216.32,10
ADDS_DEEP_BENCH_N10,2025-01-07,439251.79,10
ADDS_DEEP_BENCH_N10,2025-01-08,436769.52,10
ADDS_DEEP_BENCH_N10,2025-01-10,445852.18,10
ADDS_DEEP_BENCH_N10,2025-01-13,449683.35,10
ADDS_DEEP_BENCH_N10,2025-01-14,452860.15,10
ADDS_DEEP_BENCH_N10,2025-01-15,458065.89,10
ADDS_DEEP_BENCH_N10,2025-01-16,458673.59,10
ADDS_DEEP_BENCH_N10,2025-01-17,460114.27,10
ADDS_DEEP_BENCH_N10,2025-01-21,457451.73,10
ADDS_DEEP_BENCH_N10,2025-01-22,455947.39,10
ADDS_DEEP_BENCH_N10,2025-01-23,459699.14,10
ADDS_DEEP_BENCH_N10,2025-01-24,460391.86,10
ADDS_DEEP_BENCH_N10,2025-01-27,453273.05,10
ADDS_DEEP_BENCH_N10,2025-01-28,453747.31,10
ADDS_DEEP_BENCH_N10,2025-01-29,457593.81,10
ADDS_DEEP_BENCH_N10,2025-01-30,460833.79,10
ADDS_DEEP_BENCH_N10,2025-01-31,456342.48,10
ADDS_DEEP_BENCH_N10,2025-02-03,449058.38,10
ADDS_DEEP_BENCH_N10,2025-02-04,454960.61,9
ADDS_DEEP_BENCH_N10,2025-02-05,456271.62,10
ADDS_DEEP_BENCH_N10,2025-02-06,453770.29,10
ADDS_DEEP_BENCH_N10,2025-02-07,452702.17,10
ADDS_DEEP_BENCH_N10,2025-02-10,464245.3,10
ADDS_DEEP_BENCH_N10,2025-02-11,459032.76,10
ADDS_DEEP_BENCH_N10,2025-02-12,463806.53,10
ADDS_DEEP_BENCH_N10,2025-02-13,472896.33,10
ADDS_DEEP_BENCH_N10,2025-02-14,473555.28,10
ADDS_DEEP_BENCH_N10,2025-02-18,485121.3,10
ADDS_DEEP_BENCH_N10,2025-02-19,481882.07,10
ADDS_DEEP_BENCH_N10,2025-02-20,484368.55,10
ADDS_DEEP_BENCH_N10,2025-02-21,479725.94,10
ADDS_DEEP_BENCH_N10,2025-02-24,480195.16,10
ADDS_DEEP_BENCH_N10,2025-02-25,479406.87,10
ADDS_DEEP_BENCH_N10,2025-02-26,475411.0,10
ADDS_DEEP_BENCH_N10,2025-02-27,474976.95,10
ADDS_DEEP_BENCH_N10,2025-02-28,481366.52,10
ADDS_DEEP_BENCH_N10,2025-03-03,475890.17,10
ADDS_DEEP_BENCH_N10,2025-03-04,470227.87,10
ADDS_DEEP_BENCH_N10,2025-03-05,473608.69,10
ADDS_DEEP_BENCH_N10,2025-03-06,472129.14,10
ADDS_DEEP_BENCH_N10,2025-03-07,480679.48,10
ADDS_DEEP_BENCH_N10,2025-03-10,479896.83,10
ADDS_DEEP_BENCH_N10,2025-03-11,474777.56,10
ADDS_DEEP_BENCH_N10,2025-03-12,473361.09,10
ADDS_DEEP_BENCH_N10,2025-03-13,471663.58,10
ADDS_DEEP_BENCH_N10,2025-03-14,483255.06,10
ADDS_DEEP_BENCH_N10,2025-03-17,489595.26,10
ADDS_DEEP_BENCH_N10,2025-03-18,488729.83,10
ADDS_DEEP_BENCH_N10,2025-03-19,494371.11,10
ADDS_DEEP_BENCH_N10,2025-03-20,494557.15,10
ADDS_DEEP_BENCH_N10,2025-03-21,490742.29,10
ADDS_DEEP_BENCH_N10,2025-03-24,498651.94,10
ADDS_DEEP_BENCH_N10,2025-03-25,498485.74,10
ADDS_DEEP_BENCH_N10,2025-03-26,494345.44,10
ADDS_DEEP_BENCH_N10,2025-03-27,485829.52,10
ADDS_DEEP_BENCH_N10,2025-03-28,481461.68,10
ADDS_DEEP_BENCH_N10,2025-03-31,483619.34,10
ADDS_DEEP_BENCH_N10,2025-04-01,480761.71,10
ADDS_DEEP_BENCH_N10,2025-04-02,481872.12,10
ADDS_DEEP_BENCH_N10,2025-04-03,454862.45,10
ADDS_DEEP_BENCH_N10,2025-04-04,424802.5,10
ADDS_DEEP_BENCH_N10,2025-04-07,420726.01,10
ADDS_DEEP_BENCH_N10,2025-04-08,409424.64,10
ADDS_DEEP_BENCH_N10,2025-04-09,443639.18,10
ADDS_DEEP_BENCH_N10,2025-04-10,421865.68,10
ADDS_DEEP_BENCH_N10,2025-04-11,426648.92,10
ADDS_DEEP_BENCH_N10,2025-04-14,429856.97,10
ADDS_DEEP_BENCH_N10,2025-04-15,429327.21,10
ADDS_DEEP_BENCH_N10,2025-04-16,423942.77,10
ADDS_DEEP_BENCH_N10,2025-04-17,428602.39,10
ADDS_DEEP_BENCH_N10,2025-04-21,420630.68,10
ADDS_DEEP_BENCH_N10,2025-04-22,428805.73,10
ADDS_DEEP_BENCH_N10,2025-04-23,432217.14,10
ADDS_DEEP_BENCH_N10,2025-04-24,441229.62,10
ADDS_DEEP_BENCH_N10,2025-04-25,441114.78,10
ADDS_DEEP_BENCH_N10,2025-04-28,439883.89,10
ADDS_DEEP_BENCH_N10,2025-04-29,442466.22,10
ADDS_DEEP_BENCH_N10,2025-04-30,442791.48,10
ADDS_DEEP_BENCH_N10,2025-05-01,443328.69,10
ADDS_DEEP_BENCH_N10,2025-05-02,451557.98,10
ADDS_DEEP_BENCH_N10,2025-05-05,446797.63,10
ADDS_DEEP_BENCH_N10,2025-05-06,445151.81,9
ADDS_DEEP_BENCH_N10,2025-05-07,449713.07,7
ADDS_DEEP_BENCH_N10,2025-05-08,454175.58,6
ADDS_DEEP_BENCH_N10,2025-05-09,457779.05,8
ADDS_DEEP_BENCH_N10,2025-05-12,468808.69,9
ADDS_DEEP_BENCH_N10,2025-05-13,480231.14,10
ADDS_DEEP_BENCH_N10,2025-05-14,475654.11,9
ADDS_DEEP_BENCH_N10,2025-05-15,477553.08,10
ADDS_DEEP_BENCH_N10,2025-05-16,478755.04,10
ADDS_DEEP_BENCH_N10,2025-05-19,472589.1,10
ADDS_DEEP_BENCH_N10,2025-05-20,471215.91,10
ADDS_DEEP_BENCH_N10,2025-05-21,463087.4,10
ADDS_DEEP_BENCH_N10,2025-05-22,460136.72,8
ADDS_DEEP_BENCH_N10,2025-05-23,458701.71,8
ADDS_DEEP_BENCH_N10,2025-05-27,463765.78,10
ADDS_DEEP_BENCH_N10,2025-05-28,460394.72,10
ADDS_DEEP_BENCH_N10,2025-05-29,460933.04,10
ADDS_DEEP_BENCH_N10,2025-05-30,458976.91,10
ADDS_DEEP_BENCH_N10,2025-06-02,464388.38,10
ADDS_DEEP_BENCH_N10,2025-06-03,466182.75,10
ADDS_DEEP_BENCH_N10,2025-06-04,464030.77,10
ADDS_DEEP_BENCH_N10,2025-06-05,462903.85,10
ADDS_DEEP_BENCH_N10,2025-06-06,465737.48,10
ADDS_DEEP_BENCH_N10,2025-06-09,469660.3,10
ADDS_DEEP_BENCH_N10,2025-06-10,477681.33,10
ADDS_DEEP_BENCH_N10,2025-06-11,474245.86,10
ADDS_DEEP_BENCH_N10,2025-06-12,476074.39,10
ADDS_DEEP_BENCH_N10,2025-06-13,475574.01,10
ADDS_DEEP_BENCH_N10,2025-06-16,477275.35,10
ADDS_DEEP_BENCH_N10,2025-06-17,473966.17,10
ADDS_DEEP_BENCH_N10,2025-06-18,476764.88,10
ADDS_DEEP_BENCH_N10,2025-06-20,480257.15,10
ADDS_DEEP_BENCH_N10,2025-06-23,477926.98,10
ADDS_DEEP_BENCH_N10,2025-06-24,483557.77,10
ADDS_DEEP_BENCH_N10,2025-06-25,483468.97,10
ADDS_DEEP_BENCH_N10,2025-06-26,489683.57,10
ADDS_DEEP_BENCH_N10,2025-06-27,491548.46,10
ADDS_DEEP_BENCH_N10,2025-06-30,494488.32,10
ADDS_DEEP_BENCH_N10,2025-07-01,500041.77,10
ADDS_DEEP_BENCH_N10,2025-07-02,506973.42,10
ADDS_DEEP_BENCH_N10,2025-07-03,510782.5,10
ADDS_DEEP_BENCH_N10,2025-07-07,503589.24,10
ADDS_DEEP_BENCH_N10,2025-07-08,507189.44,8
ADDS_DEEP_BENCH_N10,2025-07-09,519290.34,10
ADDS_DEEP_BENCH_N10,2025-07-10,516504.38,10
ADDS_DEEP_BENCH_N10,2025-07-11,512641.38,10
ADDS_DEEP_BENCH_N10,2025-07-14,510530.59,9
ADDS_DEEP_BENCH_N10,2025-07-15,511994.9,10
ADDS_DEEP_BENCH_N10,2025-07-16,514084.58,10
ADDS_DEEP_BENCH_N10,2025-07-17,516751.94,10
ADDS_DEEP_BENCH_N10,2025-07-18,517019.69,10
ADDS_DEEP_BENCH_N10,2025-07-21,515151.14,10
ADDS_DEEP_BENCH_N10,2025-07-22,517339.16,10
ADDS_DEEP_BENCH_N10,2025-07-23,522515.6,10
ADDS_DEEP_BENCH_N10,2025-07-24,522371.66,10
ADDS_DEEP_BENCH_N10,2025-07-25,518254.52,10
ADDS_DEEP_BENCH_N10,2025-07-28,519571.46,10
ADDS_DEEP_BENCH_N10,2025-07-29,514853.04,10
ADDS_DEEP_BENCH_N10,2025-07-30,515261.13,10
ADDS_DEEP_BENCH_N10,2025-07-31,515104.75,10
ADDS_DEEP_BENCH_N10,2025-08-01,504941.21,10
ADDS_DEEP_BENCH_N10,2025-08-04,510350.38,9
ADDS_DEEP_BENCH_N10,2025-08-05,513468.55,10
ADDS_DEEP_BENCH_N10,2025-08-06,503717.63,10
ADDS_DEEP_BENCH_N10,2025-08-07,502303.9,10
ADDS_DEEP_BENCH_N10,2025-08-08,504784.77,10
ADDS_DEEP_BENCH_N10,2025-08-11,502806.73,10
ADDS_DEEP_BENCH_N10,2025-08-12,509790.96,10
ADDS_DEEP_BENCH_N10,2025-08-13,513786.36,10
ADDS_DEEP_BENCH_N10,2025-08-14,515184.1,10
ADDS_DEEP_BENCH_N10,2025-08-15,520526.46,10
ADDS_DEEP_BENCH_N10,2025-08-18,518241.32,10
ADDS_DEEP_BENCH_N10,2025-08-19,521027.89,10
ADDS_DEEP_BENCH_N10,2025-08-20,515153.54,10
ADDS_DEEP_BENCH_N10,2025-08-21,516016.03,10
ADDS_DEEP_BENCH_N10,2025-08-22,524416.68,10
ADDS_DEEP_BENCH_N10,2025-08-25,523075.07,10
ADDS_DEEP_BENCH_N10,2025-08-26,523250.71,9
ADDS_DEEP_BENCH_N10,2025-08-27,525807.41,9
ADDS_DEEP_BENCH_N10,2025-08-28,526112.61,10
ADDS_DEEP_BENCH_N10,2025-08-29,518696.08,10
ADDS_DEEP_BENCH_N10,2025-09-02,516165.75,9
ADDS_DEEP_BENCH_N10,2025-09-03,514839.88,10
ADDS_DEEP_BENCH_N10,2025-09-04,515991.92,10
ADDS_DEEP_BENCH_N10,2025-09-05,520449.01,10
ADDS_DEEP_BENCH_N10,2025-09-08,522566.22,10
ADDS_DEEP_BENCH_N10,2025-09-09,525438.08,10
ADDS_DEEP_BENCH_N10,2025-09-10,532030.73,10
ADDS_DEEP_BENCH_N10,2025-09-11,550817.79,10
ADDS_DEEP_BENCH_N10,2025-09-12,565635.97,10
ADDS_DEEP_BENCH_N10,2025-09-15,569966.26,10
ADDS_DEEP_BENCH_N10,2025-09-16,566293.6,10
ADDS_DEEP_BENCH_N10,2025-09-17,562803.68,10
ADDS_DEEP_BENCH_N10,2025-09-18,565577.97,10
ADDS_DEEP_BENCH_N10,2025-09-19,567413.71,10
ADDS_DEEP_BENCH_N10,2025-09-22,569793.71,10
ADDS_DEEP_BENCH_N10,2025-09-23,568254.69,10
ADDS_DEEP_BENCH_N10,2025-09-24,572465.19,10
ADDS_DEEP_BENCH_N10,2025-09-25,567303.33,10
ADDS_DEEP_BENCH_N10,2025-09-26,569920.13,10
ADDS_DEEP_BENCH_N10,2025-09-29,573450.27,10
ADDS_DEEP_BENCH_N10,2025-09-30,574127.26,10
ADDS_DEEP_BENCH_N10,2025-10-01,579773.37,10
ADDS_DEEP_BENCH_N10,2025-10-02,577960.99,10
ADDS_DEEP_BENCH_N10,2025-10-03,581327.29,10
ADDS_DEEP_BENCH_N10,2025-10-06,585869.88,10
ADDS_DEEP_BENCH_N10,2025-10-07,588231.56,10
ADDS_DEEP_BENCH_N10,2025-10-08,592399.42,10
ADDS_DEEP_BENCH_N10,2025-10-09,589074.87,10
ADDS_DEEP_BENCH_N10,2025-10-10,566476.35,10
ADDS_DEEP_BENCH_N10,2025-10-13,576045.55,10
ADDS_DEEP_BENCH_N10,2025-10-14,576593.25,10
ADDS_DEEP_BENCH_N10,2025-10-15,578244.86,10
ADDS_DEEP_BENCH_N10,2025-10-16,576666.4,10
ADDS_DEEP_BENCH_N10,2025-10-17,575844.66,10
ADDS_DEEP_BENCH_N10,2025-10-20,586720.69,10
ADDS_DEEP_BENCH_N10,2025-10-21,590672.73,10
ADDS_DEEP_BENCH_N10,2025-10-22,581723.47,10
ADDS_DEEP_BENCH_N10,2025-10-23,575163.93,10
ADDS_DEEP_BENCH_N10,2025-10-24,581707.29,10
ADDS_DEEP_BENCH_N10,2025-10-27,591024.62,10
ADDS_DEEP_BENCH_N10,2025-10-28,587884.45,10
ADDS_DEEP_BENCH_N10,2025-10-29,595412.53,10
ADDS_DEEP_BENCH_N10,2025-10-30,591934.61,10
ADDS_DEEP_BENCH_N10,2025-10-31,602413.59,10
ADDS_DEEP_BENCH_N10,2025-11-03,606707.3,10
ADDS_DEEP_BENCH_N10,2025-11-04,591098.44,9
ADDS_DEEP_BENCH_N10,2025-11-05,593375.51,9
ADDS_DEEP_BENCH_N10,2025-11-06,584811.44,10
ADDS_DEEP_BENCH_N10,2025-11-07,588198.85,10
ADDS_DEEP_BENCH_N10,2025-11-10,588487.31,10
ADDS_DEEP_BENCH_N10,2025-11-11,589237.68,10
ADDS_DEEP_BENCH_N10,2025-11-12,590977.39,10
ADDS_DEEP_BENCH_N10,2025-11-13,578228.45,10
ADDS_DEEP_BENCH_N10,2025-11-14,576168.34,10
ADDS_DEEP_BENCH_N10,2025-11-17,565177.18,10
ADDS_DEEP_BENCH_N10,2025-11-18,565452.82,8
ADDS_DEEP_BENCH_N10,2025-11-19,561015.47,10
ADDS_DEEP_BENCH_N10,2025-11-20,550498.68,10
ADDS_DEEP_BENCH_N10,2025-11-21,560281.75,10
ADDS_DEEP_BENCH_N10,2025-11-24,568085.12,10
ADDS_DEEP_BENCH_N10,2025-11-25,572567.61,10
ADDS_DEEP_BENCH_N10,2025-11-26,583649.8,10
ADDS_DEEP_BENCH_N10,2025-11-28,586452.14,10
ADDS_DEEP_BENCH_N10,2025-12-01,580838.28,10
ADDS_DEEP_BENCH_N10,2025-12-02,580586.53,10
ADDS_DEEP_BENCH_N10,2025-12-03,590187.45,10
ADDS_DEEP_BENCH_N10,2025-12-04,594625.88,10
ADDS_DEEP_BENCH_N10,2025-12-05,591401.03,10
ADDS_DEEP_BENCH_N10,2025-12-08,590065.26,10
ADDS_DEEP_BENCH_N10,2025-12-09,589290.73,10
ADDS_DEEP_BENCH_N10,2025-12-10,599364.89,10
ADDS_DEEP_BENCH_N10,2025-12-11,598824.18,10
ADDS_DEEP_BENCH_N10,2025-12-12,595290.78,10
ADDS_DEEP_BENCH_N10,2025-12-15,592207.57,9
ADDS_DEEP_BENCH_N10,2025-12-16,589236.96,8
ADDS_DEEP_BENCH_N10,2025-12-17,585249.25,8
ADDS_DEEP_BENCH_N10,2025-12-18,585494.19,9
ADDS_DEEP_BENCH_N10,2025-12-19,580281.18,10
ADDS_DEEP_BENCH_N10,2025-12-22,584062.12,10
ADDS_DEEP_BENCH_N10,2025-12-23,582401.69,10
ADDS_DEEP_BENCH_N10,2025-12-24,587713.08,10
ADDS_DEEP_BENCH_N10,2025-12-26,589378.1,10
ADDS_DEEP_BENCH_N10,2025-12-29,590472.29,10
ADDS_DEEP_BENCH_N10,2025-12-30,590114.35,10
ADDS_DEEP_BENCH_N10,2025-12-31,589561.04,10
RANKVOL_BENCH_N50,2016-01-04,100000.0,0
RANKVOL_BENCH_N50,2016-01-05,100000.0,0
RANKVOL_BENCH_N50,2016-01-06,100000.0,0
RANKVOL_BENCH_N50,2016-01-07,100000.0,0
RANKVOL_BENCH_N50,2016-01-08,100000.0,0
RANKVOL_BENCH_N50,2016-01-11,100000.0,0
RANKVOL_BENCH_N50,2016-01-12,100000.0,0
RANKVOL_BENCH_N50,2016-01-13,100000.0,0
RANKVOL_BENCH_N50,2016-01-14,100000.0,0
RANKVOL_BENCH_N50,2016-01-15,100000.0,0
RANKVOL_BENCH_N50,2016-01-19,100000.0,0
RANKVOL_BENCH_N50,2016-01-20,100000.0,0
RANKVOL_BENCH_N50,2016-01-21,100000.0,0
RANKVOL_BENCH_N50,2016-01-22,100000.0,0
RANKVOL_BENCH_N50,2016-01-25,100000.0,0
RANKVOL_BENCH_N50,2016-01-26,100000.0,0
RANKVOL_BENCH_N50,2016-01-27,100000.0,0
RANKVOL_BENCH_N50,2016-01-28,100000.0,0
RANKVOL_BENCH_N50,2016-01-29,100000.0,0
RANKVOL_BENCH_N50,2016-02-01,100083.01,12
RANKVOL_BENCH_N50,2016-02-02,99241.28,14
RANKVOL_BENCH_N50,2016-02-03,99783.24,14
RANKVOL_BENCH_N50,2016-02-04,100298.33,16
RANKVOL_BENCH_N50,2016-02-05,99429.55,19
RANKVOL_BENCH_N50,2016-02-08,98278.05,17
RANKVOL_BENCH_N50,2016-02-09,97963.66,18
RANKVOL_BENCH_N50,2016-02-10,97962.9,17
RANKVOL_BENCH_N50,2016-02-11,97439.8,17
RANKVOL_BENCH_N50,2016-02-12,98094.53,16
RANKVOL_BENCH_N50,2016-02-16,98756.62,17
RANKVOL_BENCH_N50,2016-02-17,99445.87,30
RANKVOL_BENCH_N50,2016-02-18,98867.8,42
RANKVOL_BENCH_N50,2016-02-19,98986.18,41
RANKVOL_BENCH_N50,2016-02-22,100732.64,45
RANKVOL_BENCH_N50,2016-02-23,98891.25,50
RANKVOL_BENCH_N50,2016-02-24,99407.13,48
RANKVOL_BENCH_N50,2016-02-25,100608.96,49
RANKVOL_BENCH_N50,2016-02-26,100796.85,50
RANKVOL_BENCH_N50,2016-02-29,99784.1,49
RANKVOL_BENCH_N50,2016-03-01,102865.42,48
RANKVOL_BENCH_N50,2016-03-02,104080.52,50
RANKVOL_BENCH_N50,2016-03-03,105261.59,50
RANKVOL_BENCH_N50,2016-03-04,106697.51,50
RANKVOL_BENCH_N50,2016-03-07,106929.64,50
RANKVOL_BENCH_N50,2016-03-08,103673.72,45
RANKVOL_BENCH_N50,2016-03-09,104084.96,25
RANKVOL_BENCH_N50,2016-03-10,104319.23,23
RANKVOL_BENCH_N50,2016-03-11,105455.51,21
RANKVOL_BENCH_N50,2016-03-14,105301.43,24
RANKVOL_BENCH_N50,2016-03-15,105108.78,24
RANKVOL_BENCH_N50,2016-03-16,105610.45,22
RANKVOL_BENCH_N50,2016-03-17,105910.42,22
RANKVOL_BENCH_N50,2016-03-18,105939.84,22
RANKVOL_BENCH_N50,2016-03-21,105898.12,20
RANKVOL_BENCH_N50,2016-03-22,105994.34,18
RANKVOL_BENCH_N50,2016-03-23,105443.93,16
RANKVOL_BENCH_N50,2016-03-24,105400.22,15
RANKVOL_BENCH_N50,2016-03-28,105439.07,14
RANKVOL_BENCH_N50,2016-03-29,105911.65,14
RANKVOL_BENCH_N50,2016-03-30,105987.5,16
RANKVOL_BENCH_N50,2016-03-31,105934.43,16
RANKVOL_BENCH_N50,2016-04-01,105835.7,19
RANKVOL_BENCH_N50,2016-04-04,105825.27,24
RANKVOL_BENCH_N50,2016-04-05,105248.1,23
RANKVOL_BENCH_N50,2016-04-06,105878.23,22
RANKVOL_BENCH_N50,2016-04-07,105238.49,24
RANKVOL_BENCH_N50,2016-04-08,105779.71,22
RANKVOL_BENCH_N50,2016-04-11,105917.65,24
RANKVOL_BENCH_N50,2016-04-12,107158.51,24
RANKVOL_BENCH_N50,2016-04-13,108373.63,32
RANKVOL_BENCH_N50,2016-04-14,108358.47,45
RANKVOL_BENCH_N50,2016-04-15,108065.99,45
RANKVOL_BENCH_N50,2016-04-18,108580.12,45
RANKVOL_BENCH_N50,2016-04-19,109963.21,50
RANKVOL_BENCH_N50,2016-04-20,110611.15,50
RANKVOL_BENCH_N50,2016-04-21,109892.02,50
RANKVOL_BENCH_N50,2016-04-22,110764.34,49
RANKVOL_BENCH_N50,2016-04-25,109810.46,44
RANKVOL_BENCH_N50,2016-04-26,110590.85,38
RANKVOL_BENCH_N50,2016-04-27,111201.19,37
RANKVOL_BENCH_N50,2016-04-28,109854.31,41
RANKVOL_BENCH_N50,2016-04-29,109180.42,35
RANKVOL_BENCH_N50,2016-05-02,109535.53,34
RANKVOL_BENCH_N50,2016-05-03,108673.35,34
RANKVOL_BENCH_N50,2016-05-04,108293.18,30
RANKVOL_BENCH_N50,2016-05-05,108343.27,29
RANKVOL_BENCH_N50,2016-05-06,108580.07,31
RANKVOL_BENCH_N50,2016-05-09,108873.15,34
RANKVOL_BENCH_N50,2016-05-10,109546.42,34
RANKVOL_BENCH_N50,2016-05-11,108708.09,36
RANKVOL_BENCH_N50,2016-05-12,108521.56,36
RANKVOL_BENCH_N50,2016-05-13,107843.64,36
RANKVOL_BENCH_N50,2016-05-16,108389.75,33
RANKVOL_BENCH_N50,2016-05-17,107862.14,38
RANKVOL_BENCH_N50,2016-05-18,107474.72,38
RANKVOL_BENCH_N50,2016-05-19,107243.53,48
RANKVOL_BENCH_N50,2016-05-20,108125.49,49
RANKVOL_BENCH_N50,2016-05-23,107963.75,50
RANKVOL_BENCH_N50,2016-05-24,109534.99,49
RANKVOL_BENCH_N50,2016-05-25,110600.37,50
RANKVOL_BENCH_N50,2016-05-26,110625.38,50
RANKVOL_BENCH_N50,2016-05-27,111279.3,48
RANKVOL_BENCH_N50,2016-05-31,111462.13,50
RANKVOL_BENCH_N50,2016-06-01,111544.8,49
RANKVOL_BENCH_N50,2016-06-02,112046.64,49
RANKVOL_BENCH_N50,2016-06-03,111407.02,49
RANKVOL_BENCH_N50,2016-06-06,112193.42,46
RANKVOL_BENCH_N50,2016-06-07,112781.47,45
RANKVOL_BENCH_N50,2016-06-08,112928.04,45
RANKVOL_BENCH_N50,2016-06-09,112811.53,45
RANKVOL_BENCH_N50,2016-06-10,111434.65,44
RANKVOL_BENCH_N50,2016-06-13,110635.05,40
RANKVOL_BENCH_N50,2016-06-14,110324.92,38
RANKVOL_BENCH_N50,2016-06-15,110340.22,39
RANKVOL_BENCH_N50,2016-06-16,110343.53,38
RANKVOL_BENCH_N50,2016-06-17,110546.68,36
RANKVOL_BENCH_N50,2016-06-20,111052.07,40
RANKVOL_BENCH_N50,2016-06-21,111479.62,46
RANKVOL_BENCH_N50,2016-06-22,110741.63,47
RANKVOL_BENCH_N50,2016-06-23,112443.01,49
RANKVOL_BENCH_N50,2016-06-24,107917.83,50
RANKVOL_BENCH_N50,2016-06-27,105164.58,50
RANKVOL_BENCH_N50,2016-06-28,107679.76,50
RANKVOL_BENCH_N50,2016-06-29,109951.57,50
RANKVOL_BENCH_N50,2016-06-30,111155.19,50
RANKVOL_BENCH_N50,2016-07-01,111719.49,50
RANKVOL_BENCH_N50,2016-07-05,110044.3,50
RANKVOL_BENCH_N50,2016-07-06,111104.36,49
RANKVOL_BENCH_N50,2016-07-07,111235.91,49
RANKVOL_BENCH_N50,2016-07-08,113077.62,47
RANKVOL_BENCH_N50,2016-07-11,113805.15,50
RANKVOL_BENCH_N50,2016-07-12,116173.78,50
RANKVOL_BENCH_N50,2016-07-13,115915.58,50
RANKVOL_BENCH_N50,2016-07-14,116994.21,49
RANKVOL_BENCH_N50,2016-07-15,116676.3,50
RANKVOL_BENCH_N50,2016-07-18,117292.61,48
RANKVOL_BENCH_N50,2016-07-19,116861.82,47
RANKVOL_BENCH_N50,2016-07-20,117566.73,46
RANKVOL_BENCH_N50,2016-07-21,117137.18,45
RANKVOL_BENCH_N50,2016-07-22,117650.11,41
RANKVOL_BENCH_N50,2016-07-25,117304.15,40
RANKVOL_BENCH_N50,2016-07-26,117642.16,39
RANKVOL_BENCH_N50,2016-07-27,117130.18,35
RANKVOL_BENCH_N50,2016-07-28,117178.75,32
RANKVOL_BENCH_N50,2016-07-29,117496.38,32
RANKVOL_BENCH_N50,2016-08-01,116914.7,30
RANKVOL_BENCH_N50,2016-08-02,116448.83,30
RANKVOL_BENCH_N50,2016-08-03,117214.08,29
RANKVOL_BENCH_N50,2016-08-04,117389.48,29
RANKVOL_BENCH_N50,2016-08-05,118022.29,28
RANKVOL_BENCH_N50,2016-08-08,118157.06,32
RANKVOL_BENCH_N50,2016-08-09,117823.39,36
RANKVOL_BENCH_N50,2016-08-10,117422.26,36
RANKVOL_BENCH_N50,2016-08-11,118548.97,38
RANKVOL_BENCH_N50,2016-08-12,118618.99,40
RANKVOL_BENCH_N50,2016-08-15,119427.72,39
RANKVOL_BENCH_N50,2016-08-16,119115.81,41
RANKVOL_BENCH_N50,2016-08-17,119339.17,41
RANKVOL_BENCH_N50,2016-08-18,120259.2,41
RANKVOL_BENCH_N50,2016-08-19,120248.87,44
RANKVOL_BENCH_N50,2016-08-22,119537.5,44
RANKVOL_BENCH_N50,2016-08-23,120090.95,41
RANKVOL_BENCH_N50,2016-08-24,119436.07,42
RANKVOL_BENCH_N50,2016-08-25,119335.5,44
RANKVOL_BENCH_N50,2016-08-26,119152.18,45
RANKVOL_BENCH_N50,2016-08-29,119664.16,46
RANKVOL_BENCH_N50,2016-08-30,119751.62,47
RANKVOL_BENCH_N50,2016-08-31,119019.01,47
RANKVOL_BENCH_N50,2016-09-01,119025.84,47
RANKVOL_BENCH_N50,2016-09-02,119311.94,48
RANKVOL_BENCH_N50,2016-09-06,120335.14,50
RANKVOL_BENCH_N50,2016-09-07,120738.11,50
RANKVOL_BENCH_N50,2016-09-08,121206.26,50
RANKVOL_BENCH_N50,2016-09-09,117978.66,50
RANKVOL_BENCH_N50,2016-09-12,119259.67,44
RANKVOL_BENCH_N50,2016-09-13,116860.58,48
RANKVOL_BENCH_N50,2016-09-14,116416.54,48
RANKVOL_BENCH_N50,2016-09-15,117408.69,48
RANKVOL_BENCH_N50,2016-09-16,116869.02,49
RANKVOL_BENCH_N50,2016-09-19,116815.01,50
RANKVOL_BENCH_N50,2016-09-20,116554.37,50
RANKVOL_BENCH_N50,2016-09-21,117944.35,50
RANKVOL_BENCH_N50,2016-09-22,118793.26,50
RANKVOL_BENCH_N50,2016-09-23,117978.99,50
RANKVOL_BENCH_N50,2016-09-26,116963.98,50
RANKVOL_BENCH_N50,2016-09-27,117604.88,50
RANKVOL_BENCH_N50,2016-09-28,118860.8,50
RANKVOL_BENCH_N50,2016-09-29,118336.67,50
RANKVOL_BENCH_N50,2016-09-30,119737.34,50
RANKVOL_BENCH_N50,2016-10-03,119506.43,50
RANKVOL_BENCH_N50,2016-10-04,118903.33,49
RANKVOL_BENCH_N50,2016-10-05,119843.36,46
RANKVOL_BENCH_N50,2016-10-06,119709.81,49
RANKVOL_BENCH_N50,2016-10-07,119143.25,50
RANKVOL_BENCH_N50,2016-10-10,119293.23,47
RANKVOL_BENCH_N50,2016-10-11,117761.6,50
RANKVOL_BENCH_N50,2016-10-12,117834.53,47
RANKVOL_BENCH_N50,2016-10-13,116881.98,46
RANKVOL_BENCH_N50,2016-10-14,116828.71,47
RANKVOL_BENCH_N50,2016-10-17,115862.8,48
RANKVOL_BENCH_N50,2016-10-18,116764.9,48
RANKVOL_BENCH_N50,2016-10-19,117478.9,50
RANKVOL_BENCH_N50,2016-10-20,117395.38,50
RANKVOL_BENCH_N50,2016-10-21,117303.34,50
RANKVOL_BENCH_N50,2016-10-24,117952.86,50
RANKVOL_BENCH_N50,2016-10-25,116974.23,50
RANKVOL_BENCH_N50,2016-10-26,116555.24,50
RANKVOL_BENCH_N50,2016-10-27,116159.86,50
RANKVOL_BENCH_N50,2016-10-28,115465.35,48
RANKVOL_BENCH_N50,2016-10-31,115537.36,48
RANKVOL_BENCH_N50,2016-11-01,114896.71,48
RANKVOL_BENCH_N50,2016-11-02,114124.47,48
RANKVOL_BENCH_N50,2016-11-03,113267.7,48
RANKVOL_BENCH_N50,2016-11-04,113392.62,48
RANKVOL_BENCH_N50,2016-11-07,115836.89,48
RANKVOL_BENCH_N50,2016-11-08,115639.01,50
RANKVOL_BENCH_N50,2016-11-09,117681.54,50
RANKVOL_BENCH_N50,2016-11-10,118878.66,50
RANKVOL_BENCH_N50,2016-11-11,119233.19,50
RANKVOL_BENCH_N50,2016-11-14,119739.13,49
RANKVOL_BENCH_N50,2016-11-15,120805.87,46
RANKVOL_BENCH_N50,2016-11-16,120095.28,45
RANKVOL_BENCH_N50,2016-11-17,120993.08,42
RANKVOL_BENCH_N50,2016-11-18,120982.62,42
RANKVOL_BENCH_N50,2016-11-21,122249.79,41
RANKVOL_BENCH_N50,2016-11-22,122227.16,44
RANKVOL_BENCH_N50,2016-11-23,122218.49,44
RANKVOL_BENCH_N50,2016-11-25,122488.3,45
RANKVOL_BENCH_N50,2016-11-28,121804.99,45
RANKVOL_BENCH_N50,2016-11-29,121560.98,44
RANKVOL_BENCH_N50,2016-11-30,121269.77,43
RANKVOL_BENCH_N50,2016-12-01,120201.38,40
RANKVOL_BENCH_N50,2016-12-02,120419.29,38
RANKVOL_BENCH_N50,2016-12-05,121436.31,36
RANKVOL_BENCH_N50,2016-12-06,121900.78,36
RANKVOL_BENCH_N50,2016-12-07,122824.34,36
RANKVOL_BENCH_N50,2016-12-08,123329.13,41
RANKVOL_BENCH_N50,2016-12-09,123809.81,40
RANKVOL_BENCH_N50,2016-12-12,123322.68,40
RANKVOL_BENCH_N50,2016-12-13,124184.63,42
RANKVOL_BENCH_N50,2016-12-14,123178.22,41
RANKVOL_BENCH_N50,2016-12-15,123183.93,35
RANKVOL_BENCH_N50,2016-12-16,122811.62,36
RANKVOL_BENCH_N50,2016-12-19,122932.0,35
RANKVOL_BENCH_N50,2016-12-20,122786.06,34
RANKVOL_BENCH_N50,2016-12-21,122838.81,35
RANKVOL_BENCH_N50,2016-12-22,122534.95,33
RANKVOL_BENCH_N50,2016-12-23,122903.9,33
RANKVOL_BENCH_N50,2016-12-27,123136.7,33
RANKVOL_BENCH_N50,2016-12-28,122393.12,35
RANKVOL_BENCH_N50,2016-12-29,122424.42,34
RANKVOL_BENCH_N50,2016-12-30,122078.4,34
RANKVOL_BENCH_N50,2017-01-03,122947.11,32
RANKVOL_BENCH_N50,2017-01-04,123742.31,36
RANKVOL_BENCH_N50,2017-01-05,124206.19,43
RANKVOL_BENCH_N50,2017-01-06,124607.05,44
RANKVOL_BENCH_N50,2017-01-09,124157.35,48
RANKVOL_BENCH_N50,2017-01-10,124301.51,50
RANKVOL_BENCH_N50,2017-01-11,124472.41,50
RANKVOL_BENCH_N50,2017-01-12,124034.08,50
RANKVOL_BENCH_N50,2017-01-13,124289.53,45
RANKVOL_BENCH_N50,2017-01-17,123345.73,47
RANKVOL_BENCH_N50,2017-01-18,124011.58,49
RANKVOL_BENCH_N50,2017-01-19,123623.54,50
RANKVOL_BENCH_N50,2017-01-20,123726.07,50
RANKVOL_BENCH_N50,2017-01-23,123152.35,50
RANKVOL_BENCH_N50,2017-01-24,124681.16,50
RANKVOL_BENCH_N50,2017-01-25,125779.01,50
RANKVOL_BENCH_N50,2017-01-26,125208.8,50
RANKVOL_BENCH_N50,2017-01-27,124760.96,50
RANKVOL_BENCH_N50,2017-01-30,123658.52,50
RANKVOL_BENCH_N50,2017-01-31,123051.25,48
RANKVOL_BENCH_N50,2017-02-01,122804.49,46
RANKVOL_BENCH_N50,2017-02-02,122819.24,45
RANKVOL_BENCH_N50,2017-02-03,123816.91,46
RANKVOL_BENCH_N50,2017-02-06,123649.19,50
RANKVOL_BENCH_N50,2017-02-07,123373.36,47
RANKVOL_BENCH_N50,2017-02-08,123115.09,47
RANKVOL_BENCH_N50,2017-02-09,123935.43,50
RANKVOL_BENCH_N50,2017-02-10,124105.64,50
RANKVOL_BENCH_N50,2017-02-13,124785.02,49
RANKVOL_BENCH_N50,2017-02-14,125728.93,49
RANKVOL_BENCH_N50,2017-02-15,126101.14,50
RANKVOL_BENCH_N50,2017-02-16,125542.86,49
RANKVOL_BENCH_N50,2017-02-17,125445.43,46
RANKVOL_BENCH_N50,2017-02-21,126388.64,45
RANKVOL_BENCH_N50,2017-02-22,126020.94,48
RANKVOL_BENCH_N50,2017-02-23,125998.19,48
RANKVOL_BENCH_N50,2017-02-24,125597.21,46
RANKVOL_BENCH_N50,2017-02-27,125783.21,45
RANKVOL_BENCH_N50,2017-02-28,125035.39,43
RANKVOL_BENCH_N50,2017-03-01,126125.21,42
RANKVOL_BENCH_N50,2017-03-02,125478.84,44
RANKVOL_BENCH_N50,2017-03-03,125394.24,41
RANKVOL_BENCH_N50,2017-03-06,124872.58,40
RANKVOL_BENCH_N50,2017-03-07,124120.19,37
RANKVOL_BENCH_N50,2017-03-08,123503.34,36
RANKVOL_BENCH_N50,2017-03-09,123356.58,36
RANKVOL_BENCH_N50,2017-03-10,123873.8,36
RANKVOL_BENCH_N50,2017-03-13,123816.78,36
RANKVOL_BENCH_N50,2017-03-14,123254.04,38
RANKVOL_BENCH_N50,2017-03-15,124497.04,41
RANKVOL_BENCH_N50,2017-03-16,124341.56,45
RANKVOL_BENCH_N50,2017-03-17,124353.01,46
RANKVOL_BENCH_N50,2017-03-20,124154.58,48
RANKVOL_BENCH_N50,2017-03-21,122536.83,48
RANKVOL_BENCH_N50,2017-03-22,122278.1,48
RANKVOL_BENCH_N50,2017-03-23,122314.52,49
RANKVOL_BENCH_N50,2017-03-24,122382.66,49
RANKVOL_BENCH_N50,2017-03-27,122132.96,50
RANKVOL_BENCH_N50,2017-03-28,122986.8,50
RANKVOL_BENCH_N50,2017-03-29,123808.73,50
RANKVOL_BENCH_N50,2017-03-30,124174.12,50
RANKVOL_BENCH_N50,2017-03-31,124339.2,50
RANKVOL_BENCH_N50,2017-04-03,124043.71,50
RANKVOL_BENCH_N50,2017-04-04,124326.36,50
RANKVOL_BENCH_N50,2017-04-05,123966.93,50
RANKVOL_BENCH_N50,2017-04-06,124442.07,49
RANKVOL_BENCH_N50,2017-04-07,124032.48,50
RANKVOL_BENCH_N50,2017-04-10,124470.3,49
RANKVOL_BENCH_N50,2017-04-11,124431.4,50
RANKVOL_BENCH_N50,2017-04-12,123923.1,50
RANKVOL_BENCH_N50,2017-04-13,123061.13,48
RANKVOL_BENCH_N50,2017-04-17,123921.1,48
RANKVOL_BENCH_N50,2017-04-18,123671.11,50
RANKVOL_BENCH_N50,2017-04-19,123252.57,50
RANKVOL_BENCH_N50,2017-04-20,123769.25,50
RANKVOL_BENCH_N50,2017-04-21,123210.49,50
RANKVOL_BENCH_N50,2017-04-24,123908.51,49
RANKVOL_BENCH_N50,2017-04-25,124551.56,50
RANKVOL_BENCH_N50,2017-04-26,124548.73,50
RANKVOL_BENCH_N50,2017-04-27,124311.25,50
RANKVOL_BENCH_N50,2017-04-28,123634.11,48
RANKVOL_BENCH_N50,2017-05-01,123648.43,45
RANKVOL_BENCH_N50,2017-05-02,122933.83,48
RANKVOL_BENCH_N50,2017-05-03,122766.51,49
RANKVOL_BENCH_N50,2017-05-04,122087.99,48
RANKVOL_BENCH_N50,2017-05-05,122843.04,48
RANKVOL_BENCH_N50,2017-05-08,122808.34,50
RANKVOL_BENCH_N50,2017-05-09,122653.97,49
RANKVOL_BENCH_N50,2017-05-10,123765.5,50
RANKVOL_BENCH_N50,2017-05-11,123392.14,50
RANKVOL_BENCH_N50,2017-05-12,122663.96,49
RANKVOL_BENCH_N50,2017-05-15,123436.99,48
RANKVOL_BENCH_N50,2017-05-16,123296.27,48
RANKVOL_BENCH_N50,2017-05-17,120888.25,48
RANKVOL_BENCH_N50,2017-05-18,121181.25,46
RANKVOL_BENCH_N50,2017-05-19,122249.55,46
RANKVOL_BENCH_N50,2017-05-22,122364.92,49
RANKVOL_BENCH_N50,2017-05-23,122427.44,50
RANKVOL_BENCH_N50,2017-05-24,122628.53,50
RANKVOL_BENCH_N50,2017-05-25,122231.91,50
RANKVOL_BENCH_N50,2017-05-26,122341.8,50
RANKVOL_BENCH_N50,2017-05-30,121745.37,50
RANKVOL_BENCH_N50,2017-05-31,121508.13,49
RANKVOL_BENCH_N50,2017-06-01,122381.57,50
RANKVOL_BENCH_N50,2017-06-02,122309.55,50
RANKVOL_BENCH_N50,2017-06-05,122278.3,50
RANKVOL_BENCH_N50,2017-06-06,122288.38,50
RANKVOL_BENCH_N50,2017-06-07,122212.69,50
RANKVOL_BENCH_N50,2017-06-08,122616.26,50
RANKVOL_BENCH_N50,2017-06-09,123854.26,50
RANKVOL_BENCH_N50,2017-06-12,124281.4,50
RANKVOL_BENCH_N50,2017-06-13,124745.07,50
RANKVOL_BENCH_N50,2017-06-14,123992.78,48
RANKVOL_BENCH_N50,2017-06-15,123543.51,46
RANKVOL_BENCH_N50,2017-06-16,123596.35,42
RANKVOL_BENCH_N50,2017-06-19,123964.07,41
RANKVOL_BENCH_N50,2017-06-20,122793.23,44
RANKVOL_BENCH_N50,2017-06-21,122146.6,42
RANKVOL_BENCH_N50,2017-06-22,122487.66,42
RANKVOL_BENCH_N50,2017-06-23,122927.0,44
RANKVOL_BENCH_N50,2017-06-26,123139.08,48
RANKVOL_BENCH_N50,2017-06-27,122094.0,49
RANKVOL_BENCH_N50,2017-06-28,123362.03,50
RANKVOL_BENCH_N50,2017-06-29,122826.5,50
RANKVOL_BENCH_N50,2017-06-30,123433.56,50
RANKVOL_BENCH_N50,2017-07-03,123923.72,50
RANKVOL_BENCH_N50,2017-07-05,123136.96,50
RANKVOL_BENCH_N50,2017-07-06,121486.36,48
RANKVOL_BENCH_N50,2017-07-07,121941.61,44
RANKVOL_BENCH_N50,2017-07-10,122352.74,47
RANKVOL_BENCH_N50,2017-07-11,122511.68,50
RANKVOL_BENCH_N50,2017-07-12,123350.29,50
RANKVOL_BENCH_N50,2017-07-13,123809.61,50
RANKVOL_BENCH_N50,2017-07-14,124785.54,49
RANKVOL_BENCH_N50,2017-07-17,125022.19,50
RANKVOL_BENCH_N50,2017-07-18,124967.79,50
RANKVOL_BENCH_N50,2017-07-19,126179.9,50
RANKVOL_BENCH_N50,2017-07-20,126183.2,50
RANKVOL_BENCH_N50,2017-07-21,126060.84,48
RANKVOL_BENCH_N50,2017-07-24,125729.47,45
RANKVOL_BENCH_N50,2017-07-25,126244.88,43
RANKVOL_BENCH_N50,2017-07-26,126230.81,48
RANKVOL_BENCH_N50,2017-07-27,127169.16,49
RANKVOL_BENCH_N50,2017-07-28,126639.02,50
RANKVOL_BENCH_N50,2017-07-31,126731.31,46
RANKVOL_BENCH_N50,2017-08-01,127055.46,46
RANKVOL_BENCH_N50,2017-08-02,126491.12,44
RANKVOL_BENCH_N50,2017-08-03,125823.29,42
RANKVOL_BENCH_N50,2017-08-04,126355.76,39
RANKVOL_BENCH_N50,2017-08-07,126381.82,38
RANKVOL_BENCH_N50,2017-08-08,126490.62,38
RANKVOL_BENCH_N50,2017-08-09,126026.37,35
RANKVOL_BENCH_N50,2017-08-10,124629.8,31
RANKVOL_BENCH_N50,2017-08-11,124554.54,30
RANKVOL_BENCH_N50,2017-08-14,125322.76,28
RANKVOL_BENCH_N50,2017-08-15,125058.1,32
RANKVOL_BENCH_N50,2017-08-16,125164.74,34
RANKVOL_BENCH_N50,2017-08-17,123451.94,35
RANKVOL_BENCH_N50,2017-08-18,123188.31,36
RANKVOL_BENCH_N50,2017-08-21,123011.33,38
RANKVOL_BENCH_N50,2017-08-22,124486.72,38
RANKVOL_BENCH_N50,2017-08-23,124234.73,40
RANKVOL_BENCH_N50,2017-08-24,124306.16,39
RANKVOL_BENCH_N50,2017-08-25,124532.78,42
RANKVOL_BENCH_N50,2017-08-28,124457.88,47
RANKVOL_BENCH_N50,2017-08-29,124393.18,48
RANKVOL_BENCH_N50,2017-08-30,125092.37,49
RANKVOL_BENCH_N50,2017-08-31,125690.75,50
RANKVOL_BENCH_N50,2017-09-01,126368.05,50
RANKVOL_BENCH_N50,2017-09-05,125273.09,50
RANKVOL_BENCH_N50,2017-09-06,126360.12,50
RANKVOL_BENCH_N50,2017-09-07,126034.42,50
RANKVOL_BENCH_N50,2017-09-08,125110.54,49
RANKVOL_BENCH_N50,2017-09-11,125986.02,46
RANKVOL_BENCH_N50,2017-09-12,126945.49,49
RANKVOL_BENCH_N50,2017-09-13,127562.26,50
RANKVOL_BENCH_N50,2017-09-14,127225.14,50
RANKVOL_BENCH_N50,2017-09-15,127362.29,48
RANKVOL_BENCH_N50,2017-09-18,127366.99,50
RANKVOL_BENCH_N50,2017-09-19,127448.91,47
RANKVOL_BENCH_N50,2017-09-20,127465.25,44
RANKVOL_BENCH_N50,2017-09-21,127159.82,45
RANKVOL_BENCH_N50,2017-09-22,127391.4,43
RANKVOL_BENCH_N50,2017-09-25,127353.67,43
RANKVOL_BENCH_N50,2017-09-26,127411.3,46
RANKVOL_BENCH_N50,2017-09-27,127823.56,43
RANKVOL_BENCH_N50,2017-09-28,127774.36,47
RANKVOL_BENCH_N50,2017-09-29,127921.85,48
RANKVOL_BENCH_N50,2017-10-02,128233.35,47
RANKVOL_BENCH_N50,2017-10-03,128677.64,45
RANKVOL_BENCH_N50,2017-10-04,129289.16,44
RANKVOL_BENCH_N50,2017-10-05,129739.65,50
RANKVOL_BENCH_N50,2017-10-06,129488.37,50
RANKVOL_BENCH_N50,2017-10-09,129114.41,48
RANKVOL_BENCH_N50,2017-10-10,129556.52,46
RANKVOL_BENCH_N50,2017-10-11,129690.14,47
RANKVOL_BENCH_N50,2017-10-12,129885.44,46
RANKVOL_BENCH_N50,2017-10-13,130496.67,47
RANKVOL_BENCH_N50,2017-10-16,130436.0,46
RANKVOL_BENCH_N50,2017-10-17,130287.85,45
RANKVOL_BENCH_N50,2017-10-18,129962.37,45
RANKVOL_BENCH_N50,2017-10-19,130175.35,46
RANKVOL_BENCH_N50,2017-10-20,130312.51,46
RANKVOL_BENCH_N50,2017-10-23,130223.85,50
RANKVOL_BENCH_N50,2017-10-24,130265.58,48
RANKVOL_BENCH_N50,2017-10-25,128975.99,49
RANKVOL_BENCH_N50,2017-10-26,129150.4,48
RANKVOL_BENCH_N50,2017-10-27,128790.79,47
RANKVOL_BENCH_N50,2017-10-30,127986.62,46
RANKVOL_BENCH_N50,2017-10-31,127951.23,42
RANKVOL_BENCH_N50,2017-11-01,128126.26,43
RANKVOL_BENCH_N50,2017-11-02,127609.01,44
RANKVOL_BENCH_N50,2017-11-03,128177.05,42
RANKVOL_BENCH_N50,2017-11-06,128810.22,43
RANKVOL_BENCH_N50,2017-11-07,128919.66,46
RANKVOL_BENCH_N50,2017-11-08,129223.56,46
RANKVOL_BENCH_N50,2017-11-09,129536.62,46
RANKVOL_BENCH_N50,2017-11-10,129744.34,48
RANKVOL_BENCH_N50,2017-11-13,130288.15,47
RANKVOL_BENCH_N50,2017-11-14,129947.81,47
RANKVOL_BENCH_N50,2017-11-15,129253.9,46
RANKVOL_BENCH_N50,2017-11-16,129857.23,44
RANKVOL_BENCH_N50,2017-11-17,130871.85,50
RANKVOL_BENCH_N50,2017-11-20,130828.24,49
RANKVOL_BENCH_N50,2017-11-21,131043.87,50
RANKVOL_BENCH_N50,2017-11-22,131103.92,50
RANKVOL_BENCH_N50,2017-11-24,131011.45,48
RANKVOL_BENCH_N50,2017-11-27,130737.64,49
RANKVOL_BENCH_N50,2017-11-28,132531.97,50
RANKVOL_BENCH_N50,2017-11-29,134009.04,50
RANKVOL_BENCH_N50,2017-11-30,134616.62,50
RANKVOL_BENCH_N50,2017-12-01,135116.14,49
RANKVOL_BENCH_N50,2017-12-04,136278.89,49
RANKVOL_BENCH_N50,2017-12-05,134947.53,50
RANKVOL_BENCH_N50,2017-12-06,134369.52,47
RANKVOL_BENCH_N50,2017-12-07,134795.72,45
RANKVOL_BENCH_N50,2017-12-08,135831.39,48
RANKVOL_BENCH_N50,2017-12-11,136386.5,46
RANKVOL_BENCH_N50,2017-12-12,136622.18,46
RANKVOL_BENCH_N50,2017-12-13,136511.23,46
RANKVOL_BENCH_N50,2017-12-14,136403.1,45
RANKVOL_BENCH_N50,2017-12-15,137522.29,38
RANKVOL_BENCH_N50,2017-12-18,139137.19,42
RANKVOL_BENCH_N50,2017-12-19,138913.76,43
RANKVOL_BENCH_N50,2017-12-20,139270.23,42
RANKVOL_BENCH_N50,2017-12-21,139683.65,38
RANKVOL_BENCH_N50,2017-12-22,139550.41,37
RANKVOL_BENCH_N50,2017-12-26,139764.15,36
RANKVOL_BENCH_N50,2017-12-27,139603.92,35
RANKVOL_BENCH_N50,2017-12-28,139687.39,34
RANKVOL_BENCH_N50,2017-12-29,139138.18,32
RANKVOL_BENCH_N50,2018-01-02,140965.56,31
RANKVOL_BENCH_N50,2018-01-03,141966.79,40
RANKVOL_BENCH_N50,2018-01-04,142733.98,45
RANKVOL_BENCH_N50,2018-01-05,143263.95,45
RANKVOL_BENCH_N50,2018-01-08,143435.11,48
RANKVOL_BENCH_N50,2018-01-09,143597.97,44
RANKVOL_BENCH_N50,2018-01-10,143545.71,41
RANKVOL_BENCH_N50,2018-01-11,144765.14,37
RANKVOL_BENCH_N50,2018-01-12,145561.69,37
RANKVOL_BENCH_N50,2018-01-16,144796.66,37
RANKVOL_BENCH_N50,2018-01-17,145717.87,33
RANKVOL_BENCH_N50,2018-01-18,145646.96,34
RANKVOL_BENCH_N50,2018-01-19,146015.96,32
RANKVOL_BENCH_N50,2018-01-22,146647.01,32
RANKVOL_BENCH_N50,2018-01-23,147697.94,35
RANKVOL_BENCH_N50,2018-01-24,147571.39,36
RANKVOL_BENCH_N50,2018-01-25,146440.9,33
RANKVOL_BENCH_N50,2018-01-26,148011.9,30
RANKVOL_BENCH_N50,2018-01-29,147740.16,31
RANKVOL_BENCH_N50,2018-01-30,146452.15,29
RANKVOL_BENCH_N50,2018-01-31,146290.15,25
RANKVOL_BENCH_N50,2018-02-01,146195.69,24
RANKVOL_BENCH_N50,2018-02-02,145102.02,23
RANKVOL_BENCH_N50,2018-02-05,142955.61,20
RANKVOL_BENCH_N50,2018-02-06,144595.3,19
RANKVOL_BENCH_N50,2018-02-07,144354.11,19
RANKVOL_BENCH_N50,2018-02-08,142489.21,19
RANKVOL_BENCH_N50,2018-02-09,142897.17,18
RANKVOL_BENCH_N50,2018-02-12,143512.92,17
RANKVOL_BENCH_N50,2018-02-13,143559.45,18
RANKVOL_BENCH_N50,2018-02-14,144179.4,19
RANKVOL_BENCH_N50,2018-02-15,145448.82,33
RANKVOL_BENCH_N50,2018-02-16,145241.55,42
RANKVOL_BENCH_N50,2018-02-20,144502.21,50
RANKVOL_BENCH_N50,2018-02-21,143478.99,49
RANKVOL_BENCH_N50,2018-02-22,143542.1,48
RANKVOL_BENCH_N50,2018-02-23,146215.47,47
RANKVOL_BENCH_N50,2018-02-26,148179.93,50
RANKVOL_BENCH_N50,2018-02-27,146384.58,50
RANKVOL_BENCH_N50,2018-02-28,145200.5,42
RANKVOL_BENCH_N50,2018-03-01,144335.74,40
RANKVOL_BENCH_N50,2018-03-02,145106.9,38
RANKVOL_BENCH_N50,2018-03-05,146408.1,40
RANKVOL_BENCH_N50,2018-03-06,146710.22,40
RANKVOL_BENCH_N50,2018-03-07,146162.2,40
RANKVOL_BENCH_N50,2018-03-08,146128.37,38
RANKVOL_BENCH_N50,2018-03-09,147594.42,40
RANKVOL_BENCH_N50,2018-03-12,147669.98,44
RANKVOL_BENCH_N50,2018-03-13,146975.44,42
RANKVOL_BENCH_N50,2018-03-14,146564.72,38
RANKVOL_BENCH_N50,2018-03-15,145952.29,36
RANKVOL_BENCH_N50,2018-03-16,146359.57,35
RANKVOL_BENCH_N50,2018-03-19,144740.23,35
RANKVOL_BENCH_N50,2018-03-20,144556.68,33
RANKVOL_BENCH_N50,2018-03-21,144870.03,33
RANKVOL_BENCH_N50,2018-03-22,142958.48,37
RANKVOL_BENCH_N50,2018-03-23,141359.05,35
RANKVOL_BENCH_N50,2018-03-26,143254.8,35
RANKVOL_BENCH_N50,2018-03-27,141816.64,39
RANKVOL_BENCH_N50,2018-03-28,142104.46,39
RANKVOL_BENCH_N50,2018-03-29,143270.99,39
RANKVOL_BENCH_N50,2018-04-02,140554.71,43
RANKVOL_BENCH_N50,2018-04-03,141968.15,43
RANKVOL_BENCH_N50,2018-04-04,144045.27,45
RANKVOL_BENCH_N50,2018-04-05,145182.35,50
RANKVOL_BENCH_N50,2018-04-06,142533.7,50
RANKVOL_BENCH_N50,2018-04-09,142392.55,45
RANKVOL_BENCH_N50,2018-04-10,144618.61,45
RANKVOL_BENCH_N50,2018-04-11,144149.45,50
RANKVOL_BENCH_N50,2018-04-12,144804.99,50
RANKVOL_BENCH_N50,2018-04-13,144141.28,50
RANKVOL_BENCH_N50,2018-04-16,145239.69,50
RANKVOL_BENCH_N50,2018-04-17,146806.02,50
RANKVOL_BENCH_N50,2018-04-18,146814.13,50
RANKVOL_BENCH_N50,2018-04-19,145464.85,48
RANKVOL_BENCH_N50,2018-04-20,144548.66,43
RANKVOL_BENCH_N50,2018-04-23,144466.22,44
RANKVOL_BENCH_N50,2018-04-24,143498.04,44
RANKVOL_BENCH_N50,2018-04-25,143771.11,38
RANKVOL_BENCH_N50,2018-04-26,145722.79,37
RANKVOL_BENCH_N50,2018-04-27,146303.97,38
RANKVOL_BENCH_N50,2018-04-30,145204.34,41
RANKVOL_BENCH_N50,2018-05-01,145406.09,37
RANKVOL_BENCH_N50,2018-05-02,144569.5,37
RANKVOL_BENCH_N50,2018-05-03,143728.45,37
RANKVOL_BENCH_N50,2018-05-04,145217.41,37
RANKVOL_BENCH_N50,2018-05-07,145552.72,42
RANKVOL_BENCH_N50,2018-05-08,145637.23,42
RANKVOL_BENCH_N50,2018-05-09,146693.6,46
RANKVOL_BENCH_N50,2018-05-10,148091.95,50
RANKVOL_BENCH_N50,2018-05-11,148195.56,50
RANKVOL_BENCH_N50,2018-05-14,148754.7,50
RANKVOL_BENCH_N50,2018-05-15,148151.26,50
RANKVOL_BENCH_N50,2018-05-16,149333.81,47
RANKVOL_BENCH_N50,2018-05-17,149326.38,50
RANKVOL_BENCH_N50,2018-05-18,148311.51,49
RANKVOL_BENCH_N50,2018-05-21,149066.55,41
RANKVOL_BENCH_N50,2018-05-22,149153.35,40
RANKVOL_BENCH_N50,2018-05-23,149178.99,38
RANKVOL_BENCH_N50,2018-05-24,149400.76,42
RANKVOL_BENCH_N50,2018-05-25,149486.87,42
RANKVOL_BENCH_N50,2018-05-29,148202.16,46
RANKVOL_BENCH_N50,2018-05-30,149651.29,44
RANKVOL_BENCH_N50,2018-05-31,148593.31,47
RANKVOL_BENCH_N50,2018-06-01,149285.6,45
RANKVOL_BENCH_N50,2018-06-04,150131.42,46
RANKVOL_BENCH_N50,2018-06-05,150157.22,46
RANKVOL_BENCH_N50,2018-06-06,151035.75,45
RANKVOL_BENCH_N50,2018-06-07,151310.42,46
RANKVOL_BENCH_N50,2018-06-08,152150.2,50
RANKVOL_BENCH_N50,2018-06-11,152810.06,50
RANKVOL_BENCH_N50,2018-06-12,153054.36,48
RANKVOL_BENCH_N50,2018-06-13,152582.47,47
RANKVOL_BENCH_N50,2018-06-14,152911.59,44
RANKVOL_BENCH_N50,2018-06-15,153157.09,44
RANKVOL_BENCH_N50,2018-06-18,152519.68,43
RANKVOL_BENCH_N50,2018-06-19,152594.39,41
RANKVOL_BENCH_N50,2018-06-20,152776.39,39
RANKVOL_BENCH_N50,2018-06-21,152559.16,37
RANKVOL_BENCH_N50,2018-06-22,153155.11,35
RANKVOL_BENCH_N50,2018-06-25,152207.82,36
RANKVOL_BENCH_N50,2018-06-26,152186.02,36
RANKVOL_BENCH_N50,2018-06-27,151620.19,36
RANKVOL_BENCH_N50,2018-06-28,152015.81,36
RANKVOL_BENCH_N50,2018-06-29,151848.38,37
RANKVOL_BENCH_N50,2018-07-02,151815.83,38
RANKVOL_BENCH_N50,2018-07-03,151781.38,38
RANKVOL_BENCH_N50,2018-07-05,152423.62,38
RANKVOL_BENCH_N50,2018-07-06,153492.57,42
RANKVOL_BENCH_N50,2018-07-09,154500.95,50
RANKVOL_BENCH_N50,2018-07-10,154727.49,50
RANKVOL_BENCH_N50,2018-07-11,153203.76,50
RANKVOL_BENCH_N50,2018-07-12,154230.49,48
RANKVOL_BENCH_N50,2018-07-13,154157.25,50
RANKVOL_BENCH_N50,2018-07-16,154175.4,50
RANKVOL_BENCH_N50,2018-07-17,154812.61,48
RANKVOL_BENCH_N50,2018-07-18,155539.58,49
RANKVOL_BENCH_N50,2018-07-19,154559.52,50
RANKVOL_BENCH_N50,2018-07-20,154324.69,49
RANKVOL_BENCH_N50,2018-07-23,154948.0,47
RANKVOL_BENCH_N50,2018-07-24,154747.44,47
RANKVOL_BENCH_N50,2018-07-25,155466.4,46
RANKVOL_BENCH_N50,2018-07-26,156496.51,48
RANKVOL_BENCH_N50,2018-07-27,155545.77,48
RANKVOL_BENCH_N50,2018-07-30,155632.08,48
RANKVOL_BENCH_N50,2018-07-31,155156.99,47
RANKVOL_BENCH_N50,2018-08-01,154294.7,48
RANKVOL_BENCH_N50,2018-08-02,155462.73,45
RANKVOL_BENCH_N50,2018-08-03,155708.47,45
RANKVOL_BENCH_N50,2018-08-06,155964.5,43
RANKVOL_BENCH_N50,2018-08-07,156233.87,44
RANKVOL_BENCH_N50,2018-08-08,156459.63,43
RANKVOL_BENCH_N50,2018-08-09,156099.09,45
RANKVOL_BENCH_N50,2018-08-10,155215.4,45
RANKVOL_BENCH_N50,2018-08-13,154428.16,43
RANKVOL_BENCH_N50,2018-08-14,155287.69,42
RANKVOL_BENCH_N50,2018-08-15,154510.01,44
RANKVOL_BENCH_N50,2018-08-16,155787.7,44
RANKVOL_BENCH_N50,2018-08-17,155821.37,42
RANKVOL_BENCH_N50,2018-08-20,156261.64,46
RANKVOL_BENCH_N50,2018-08-21,156791.94,47
RANKVOL_BENCH_N50,2018-08-22,156900.98,48
RANKVOL_BENCH_N50,2018-08-23,156261.5,47
RANKVOL_BENCH_N50,2018-08-24,157137.42,46
RANKVOL_BENCH_N50,2018-08-27,158643.94,48
RANKVOL_BENCH_N50,2018-08-28,158713.45,50
RANKVOL_BENCH_N50,2018-08-29,159560.23,50
RANKVOL_BENCH_N50,2018-08-30,158296.07,50
RANKVOL_BENCH_N50,2018-08-31,158085.83,47
RANKVOL_BENCH_N50,2018-09-04,157273.63,46
RANKVOL_BENCH_N50,2018-09-05,156546.56,46
RANKVOL_BENCH_N50,2018-09-06,154828.24,45
RANKVOL_BENCH_N50,2018-09-07,154498.51,46
RANKVOL_BENCH_N50,2018-09-10,155049.21,44
RANKVOL_BENCH_N50,2018-09-11,154841.91,43
RANKVOL_BENCH_N50,2018-09-12,155082.71,46
RANKVOL_BENCH_N50,2018-09-13,155511.31,47
RANKVOL_BENCH_N50,2018-09-14,155589.55,48
RANKVOL_BENCH_N50,2018-09-17,155119.12,49
RANKVOL_BENCH_N50,2018-09-18,156015.67,49
RANKVOL_BENCH_N50,2018-09-19,156645.51,50
RANKVOL_BENCH_N50,2018-09-20,158179.59,50
RANKVOL_BENCH_N50,2018-09-21,158311.29,50
RANKVOL_BENCH_N50,2018-09-24,157335.16,49
RANKVOL_BENCH_N50,2018-09-25,156033.22,47
RANKVOL_BENCH_N50,2018-09-26,155425.66,49
RANKVOL_BENCH_N50,2018-09-27,155577.05,50
RANKVOL_BENCH_N50,2018-09-28,155636.71,49
RANKVOL_BENCH_N50,2018-10-01,155742.29,50
RANKVOL_BENCH_N50,2018-10-02,155802.48,49
RANKVOL_BENCH_N50,2018-10-03,156402.69,49
RANKVOL_BENCH_N50,2018-10-04,154839.53,50
RANKVOL_BENCH_N50,2018-10-05,154095.95,48
RANKVOL_BENCH_N50,2018-10-08,154523.38,48
RANKVOL_BENCH_N50,2018-10-09,154064.89,50
RANKVOL_BENCH_N50,2018-10-10,149869.65,50
RANKVOL_BENCH_N50,2018-10-11,147450.54,48
RANKVOL_BENCH_N50,2018-10-12,148370.62,46
RANKVOL_BENCH_N50,2018-10-15,148321.27,48
RANKVOL_BENCH_N50,2018-10-16,150497.57,48
RANKVOL_BENCH_N50,2018-10-17,150405.65,48
RANKVOL_BENCH_N50,2018-10-18,148068.15,50
RANKVOL_BENCH_N50,2018-10-19,147999.2,50
RANKVOL_BENCH_N50,2018-10-22,146854.65,50
RANKVOL_BENCH_N50,2018-10-23,146487.87,50
RANKVOL_BENCH_N50,2018-10-24,142155.31,50
RANKVOL_BENCH_N50,2018-10-25,144735.85,50
RANKVOL_BENCH_N50,2018-10-26,142298.49,49
RANKVOL_BENCH_N50,2018-10-29,142052.41,50
RANKVOL_BENCH_N50,2018-10-30,145936.78,50
RANKVOL_BENCH_N50,2018-10-31,147050.32,50
RANKVOL_BENCH_N50,2018-11-01,149157.29,50
RANKVOL_BENCH_N50,2018-11-02,148994.08,50
RANKVOL_BENCH_N50,2018-11-05,149526.01,50
RANKVOL_BENCH_N50,2018-11-06,150579.35,50
RANKVOL_BENCH_N50,2018-11-07,152260.63,50
RANKVOL_BENCH_N50,2018-11-08,151792.88,50
RANKVOL_BENCH_N50,2018-11-09,149848.62,47
RANKVOL_BENCH_N50,2018-11-12,148119.88,37
RANKVOL_BENCH_N50,2018-11-13,147726.37,32
RANKVOL_BENCH_N50,2018-11-14,147779.78,31
RANKVOL_BENCH_N50,2018-11-15,148524.92,29
RANKVOL_BENCH_N50,2018-11-16,148379.96,28
RANKVOL_BENCH_N50,2018-11-19,147062.82,28
RANKVOL_BENCH_N50,2018-11-20,146339.42,27
RANKVOL_BENCH_N50,2018-11-21,146772.79,26
RANKVOL_BENCH_N50,2018-11-23,145970.08,26
RANKVOL_BENCH_N50,2018-11-26,147360.92,26
RANKVOL_BENCH_N50,2018-11-27,147533.19,28
RANKVOL_BENCH_N50,2018-11-28,149490.4,29
RANKVOL_BENCH_N50,2018-11-29,149053.35,41
RANKVOL_BENCH_N50,2018-11-30,150089.98,42
RANKVOL_BENCH_N50,2018-12-03,151754.96,49
RANKVOL_BENCH_N50,2018-12-04,146141.79,50
RANKVOL_BENCH_N50,2018-12-06,145931.12,40
RANKVOL_BENCH_N50,2018-12-07,143027.32,41
RANKVOL_BENCH_N50,2018-12-10,142555.33,41
RANKVOL_BENCH_N50,2018-12-11,142626.59,42
RANKVOL_BENCH_N50,2018-12-12,143458.93,42
RANKVOL_BENCH_N50,2018-12-13,142509.27,44
RANKVOL_BENCH_N50,2018-12-14,140497.13,43
RANKVOL_BENCH_N50,2018-12-17,137996.01,43
RANKVOL_BENCH_N50,2018-12-18,138162.7,43
RANKVOL_BENCH_N50,2018-12-19,135857.51,42
RANKVOL_BENCH_N50,2018-12-20,134222.93,43
RANKVOL_BENCH_N50,2018-12-21,131640.39,43
RANKVOL_BENCH_N50,2018-12-24,129018.16,43
RANKVOL_BENCH_N50,2018-12-26,134464.04,43
RANKVOL_BENCH_N50,2018-12-27,135174.15,44
RANKVOL_BENCH_N50,2018-12-28,135048.08,45
RANKVOL_BENCH_N50,2018-12-31,136003.97,46
RANKVOL_BENCH_N50,2019-01-02,137308.87,50
RANKVOL_BENCH_N50,2019-01-03,135141.3,50
RANKVOL_BENCH_N50,2019-01-04,139540.38,50
RANKVOL_BENCH_N50,2019-01-07,141727.64,50
RANKVOL_BENCH_N50,2019-01-08,142759.35,50
RANKVOL_BENCH_N50,2019-01-09,143450.78,50
RANKVOL_BENCH_N50,2019-01-10,143867.18,48
RANKVOL_BENCH_N50,2019-01-11,144090.71,50
RANKVOL_BENCH_N50,2019-01-14,143664.87,48
RANKVOL_BENCH_N50,2019-01-15,145015.69,43
RANKVOL_BENCH_N50,2019-01-16,144991.33,42
RANKVOL_BENCH_N50,2019-01-17,145448.33,37
RANKVOL_BENCH_N50,2019-01-18,146805.91,38
RANKVOL_BENCH_N50,2019-01-22,145710.98,38
RANKVOL_BENCH_N50,2019-01-23,145460.96,29
RANKVOL_BENCH_N50,2019-01-24,145012.03,26
RANKVOL_BENCH_N50,2019-01-25,145212.94,26
RANKVOL_BENCH_N50,2019-01-28,144771.63,26
RANKVOL_BENCH_N50,2019-01-29,144546.8,24
RANKVOL_BENCH_N50,2019-01-30,145495.73,25
RANKVOL_BENCH_N50,2019-01-31,145975.22,29
RANKVOL_BENCH_N50,2019-02-01,146243.97,28
RANKVOL_BENCH_N50,2019-02-04,146900.83,28
RANKVOL_BENCH_N50,2019-02-05,147289.41,28
RANKVOL_BENCH_N50,2019-02-06,146683.9,30
RANKVOL_BENCH_N50,2019-02-07,145644.16,27
RANKVOL_BENCH_N50,2019-02-08,146292.43,27
RANKVOL_BENCH_N50,2019-02-11,146330.87,27
RANKVOL_BENCH_N50,2019-02-12,148150.69,26
RANKVOL_BENCH_N50,2019-02-13,148851.93,26
RANKVOL_BENCH_N50,2019-02-14,148300.61,24
RANKVOL_BENCH_N50,2019-02-15,148283.1,24
RANKVOL_BENCH_N50,2019-02-19,148822.55,33
RANKVOL_BENCH_N50,2019-02-20,148684.98,36
RANKVOL_BENCH_N50,2019-02-21,147923.05,36
RANKVOL_BENCH_N50,2019-02-22,148581.0,36
RANKVOL_BENCH_N50,2019-02-25,148491.92,36
RANKVOL_BENCH_N50,2019-02-26,148276.79,34
RANKVOL_BENCH_N50,2019-02-27,147978.68,33
RANKVOL_BENCH_N50,2019-02-28,147201.25,33
RANKVOL_BENCH_N50,2019-03-01,147736.25,32
RANKVOL_BENCH_N50,2019-03-04,147174.81,36
RANKVOL_BENCH_N50,2019-03-05,146916.78,33
RANKVOL_BENCH_N50,2019-03-06,146114.78,34
RANKVOL_BENCH_N50,2019-03-07,145106.36,32
RANKVOL_BENCH_N50,2019-03-08,145099.81,33
RANKVOL_BENCH_N50,2019-03-11,146718.97,33
RANKVOL_BENCH_N50,2019-03-12,146768.84,36
RANKVOL_BENCH_N50,2019-03-13,147634.68,38
RANKVOL_BENCH_N50,2019-03-14,147051.27,40
RANKVOL_BENCH_N50,2019-03-15,147909.86,48
RANKVOL_BENCH_N50,2019-03-18,148823.79,50
RANKVOL_BENCH_N50,2019-03-19,149108.53,50
RANKVOL_BENCH_N50,2019-03-20,148204.54,50
RANKVOL_BENCH_N50,2019-03-21,150371.24,50
RANKVOL_BENCH_N50,2019-03-22,147109.29,50
RANKVOL_BENCH_N50,2019-03-25,147046.31,45
RANKVOL_BENCH_N50,2019-03-26,148178.58,44
RANKVOL_BENCH_N50,2019-03-27,147738.13,45
RANKVOL_BENCH_N50,2019-03-28,147927.5,45
RANKVOL_BENCH_N50,2019-03-29,148784.37,44
RANKVOL_BENCH_N50,2019-04-01,150676.43,49
RANKVOL_BENCH_N50,2019-04-02,149733.78,50
RANKVOL_BENCH_N50,2019-04-03,150435.1,50
RANKVOL_BENCH_N50,2019-04-04,151505.61,50
RANKVOL_BENCH_N50,2019-04-05,152253.8,50
RANKVOL_BENCH_N50,2019-04-08,152238.88,49
RANKVOL_BENCH_N50,2019-04-09,151133.94,49
RANKVOL_BENCH_N50,2019-04-10,151799.7,45
RANKVOL_BENCH_N50,2019-04-11,151569.91,48
RANKVOL_BENCH_N50,2019-04-12,152366.93,46
RANKVOL_BENCH_N50,2019-04-15,151959.4,47
RANKVOL_BENCH_N50,2019-04-16,152806.59,45
RANKVOL_BENCH_N50,2019-04-17,153130.28,46
RANKVOL_BENCH_N50,2019-04-18,153004.58,46
RANKVOL_BENCH_N50,2019-04-22,153048.19,41
RANKVOL_BENCH_N50,2019-04-23,154179.83,38
RANKVOL_BENCH_N50,2019-04-24,153814.61,39
RANKVOL_BENCH_N50,2019-04-25,153481.74,38
RANKVOL_BENCH_N50,2019-04-26,154345.48,38
RANKVOL_BENCH_N50,2019-04-29,154482.97,39
RANKVOL_BENCH_N50,2019-04-30,154314.13,40
RANKVOL_BENCH_N50,2019-05-01,153512.17,41
RANKVOL_BENCH_N50,2019-05-02,153448.85,40
RANKVOL_BENCH_N50,2019-05-03,154902.69,41
RANKVOL_BENCH_N50,2019-05-06,154820.68,42
RANKVOL_BENCH_N50,2019-05-07,152749.28,36
RANKVOL_BENCH_N50,2019-05-08,152268.31,33
RANKVOL_BENCH_N50,2019-05-09,151669.71,32
RANKVOL_BENCH_N50,2019-05-10,151708.75,32
RANKVOL_BENCH_N50,2019-05-13,149049.23,33
RANKVOL_BENCH_N50,2019-05-14,150190.71,33
RANKVOL_BENCH_N50,2019-05-15,150925.25,35
RANKVOL_BENCH_N50,2019-05-16,151481.22,36
RANKVOL_BENCH_N50,2019-05-17,151191.75,40
RANKVOL_BENCH_N50,2019-05-20,150482.06,39
RANKVOL_BENCH_N50,2019-05-21,151744.29,40
RANKVOL_BENCH_N50,2019-05-22,150936.92,43
RANKVOL_BENCH_N50,2019-05-23,149366.86,43
RANKVOL_BENCH_N50,2019-05-24,149633.07,44
RANKVOL_BENCH_N50,2019-05-28,148757.26,45
RANKVOL_BENCH_N50,2019-05-29,147671.17,42
RANKVOL_BENCH_N50,2019-05-30,147370.01,41
RANKVOL_BENCH_N50,2019-05-31,145672.88,41
RANKVOL_BENCH_N50,2019-06-03,145956.52,40
RANKVOL_BENCH_N50,2019-06-04,148283.39,40
RANKVOL_BENCH_N50,2019-06-05,148592.12,50
RANKVOL_BENCH_N50,2019-06-06,149659.01,50
RANKVOL_BENCH_N50,2019-06-07,150353.06,50
RANKVOL_BENCH_N50,2019-06-10,151292.12,50
RANKVOL_BENCH_N50,2019-06-11,151622.22,50
RANKVOL_BENCH_N50,2019-06-12,150944.67,50
RANKVOL_BENCH_N50,2019-06-13,152078.35,48
RANKVOL_BENCH_N50,2019-06-14,151445.74,50
RANKVOL_BENCH_N50,2019-06-17,151720.62,50
RANKVOL_BENCH_N50,2019-06-18,153608.5,50
RANKVOL_BENCH_N50,2019-06-19,153547.99,50
RANKVOL_BENCH_N50,2019-06-20,154757.88,50
RANKVOL_BENCH_N50,2019-06-21,155076.32,50
RANKVOL_BENCH_N50,2019-06-24,154301.33,46
RANKVOL_BENCH_N50,2019-06-25,153094.1,44
RANKVOL_BENCH_N50,2019-06-26,153920.53,39
RANKVOL_BENCH_N50,2019-06-27,154995.39,38
RANKVOL_BENCH_N50,2019-06-28,155921.87,38
RANKVOL_BENCH_N50,2019-07-01,156788.32,40
RANKVOL_BENCH_N50,2019-07-02,156667.13,39
RANKVOL_BENCH_N50,2019-07-03,157399.73,38
RANKVOL_BENCH_N50,2019-07-05,157572.91,38
RANKVOL_BENCH_N50,2019-07-08,156880.71,37
RANKVOL_BENCH_N50,2019-07-09,156906.7,36
RANKVOL_BENCH_N50,2019-07-10,157471.48,36
RANKVOL_BENCH_N50,2019-07-11,157674.87,37
RANKVOL_BENCH_N50,2019-07-12,158259.73,37
RANKVOL_BENCH_N50,2019-07-15,158186.93,37
RANKVOL_BENCH_N50,2019-07-16,157494.22,37
RANKVOL_BENCH_N50,2019-07-17,156184.31,37
RANKVOL_BENCH_N50,2019-07-18,156406.89,35
RANKVOL_BENCH_N50,2019-07-19,155995.83,37
RANKVOL_BENCH_N50,2019-07-22,155945.34,37
RANKVOL_BENCH_N50,2019-07-23,157110.14,38
RANKVOL_BENCH_N50,2019-07-24,158369.09,39
RANKVOL_BENCH_N50,2019-07-25,157392.69,41
RANKVOL_BENCH_N50,2019-07-26,158792.46,39
RANKVOL_BENCH_N50,2019-07-29,158536.27,42
RANKVOL_BENCH_N50,2019-07-30,158380.06,42
RANKVOL_BENCH_N50,2019-07-31,156906.99,42
RANKVOL_BENCH_N50,2019-08-01,155626.12,44
RANKVOL_BENCH_N50,2019-08-02,154519.71,47
RANKVOL_BENCH_N50,2019-08-05,150584.87,47
RANKVOL_BENCH_N50,2019-08-06,151532.12,46
RANKVOL_BENCH_N50,2019-08-07,151719.6,46
RANKVOL_BENCH_N50,2019-08-08,153579.34,48
RANKVOL_BENCH_N50,2019-08-09,152404.75,49
RANKVOL_BENCH_N50,2019-08-12,150719.44,48
RANKVOL_BENCH_N50,2019-08-13,152118.62,46
RANKVOL_BENCH_N50,2019-08-14,147831.48,50
RANKVOL_BENCH_N50,2019-08-15,146618.07,45
RANKVOL_BENCH_N50,2019-08-16,149231.17,45
RANKVOL_BENCH_N50,2019-08-19,150838.95,47
RANKVOL_BENCH_N50,2019-08-20,149476.16,50
RANKVOL_BENCH_N50,2019-08-21,150351.55,49
RANKVOL_BENCH_N50,2019-08-22,150669.91,50
RANKVOL_BENCH_N50,2019-08-23,146335.31,50
RANKVOL_BENCH_N50,2019-08-26,147684.0,50
RANKVOL_BENCH_N50,2019-08-27,147062.48,50
RANKVOL_BENCH_N50,2019-08-28,148250.63,50
RANKVOL_BENCH_N50,2019-08-29,150132.7,50
RANKVOL_BENCH_N50,2019-08-30,150580.07,49
RANKVOL_BENCH_N50,2019-09-03,149654.9,50
RANKVOL_BENCH_N50,2019-09-04,151835.24,50
RANKVOL_BENCH_N50,2019-09-05,154762.62,50
RANKVOL_BENCH_N50,2019-09-06,154747.64,50
RANKVOL_BENCH_N50,2019-09-09,156907.81,50
RANKVOL_BENCH_N50,2019-09-10,158510.36,50
RANKVOL_BENCH_N50,2019-09-11,159939.71,49
RANKVOL_BENCH_N50,2019-09-12,159501.79,46
RANKVOL_BENCH_N50,2019-09-13,159666.97,44
RANKVOL_BENCH_N50,2019-09-16,160003.06,40
RANKVOL_BENCH_N50,2019-09-17,158907.5,34
RANKVOL_BENCH_N50,2019-09-18,158600.96,34
RANKVOL_BENCH_N50,2019-09-19,158194.27,33
RANKVOL_BENCH_N50,2019-09-20,157924.47,28
RANKVOL_BENCH_N50,2019-09-23,157791.43,23
RANKVOL_BENCH_N50,2019-09-24,157203.64,18
RANKVOL_BENCH_N50,2019-09-25,157366.96,18
RANKVOL_BENCH_N50,2019-09-26,157150.99,19
RANKVOL_BENCH_N50,2019-09-27,156674.53,19
RANKVOL_BENCH_N50,2019-09-30,157093.39,18
RANKVOL_BENCH_N50,2019-10-01,156721.05,19
RANKVOL_BENCH_N50,2019-10-02,155988.97,20
RANKVOL_BENCH_N50,2019-10-03,156404.45,20
RANKVOL_BENCH_N50,2019-10-04,156869.18,21
RANKVOL_BENCH_N50,2019-10-07,156701.58,25
RANKVOL_BENCH_N50,2019-10-08,155514.32,26
RANKVOL_BENCH_N50,2019-10-09,156028.32,26
RANKVOL_BENCH_N50,2019-10-10,156518.76,30
RANKVOL_BENCH_N50,2019-10-11,157481.91,34
RANKVOL_BENCH_N50,2019-10-14,157603.34,45
RANKVOL_BENCH_N50,2019-10-15,159413.22,50
RANKVOL_BENCH_N50,2019-10-16,158966.87,50
RANKVOL_BENCH_N50,2019-10-17,159583.22,50
RANKVOL_BENCH_N50,2019-10-18,158842.95,50
RANKVOL_BENCH_N50,2019-10-21,160602.01,49
RANKVOL_BENCH_N50,2019-10-22,160508.51,50
RANKVOL_BENCH_N50,2019-10-23,160865.92,50
RANKVOL_BENCH_N50,2019-10-24,161910.49,50
RANKVOL_BENCH_N50,2019-10-25,163105.41,48
RANKVOL_BENCH_N50,2019-10-28,164099.01,48
RANKVOL_BENCH_N50,2019-10-29,163805.67,47
RANKVOL_BENCH_N50,2019-10-30,163907.1,43
RANKVOL_BENCH_N50,2019-10-31,163416.47,41
RANKVOL_BENCH_N50,2019-11-01,164915.61,35
RANKVOL_BENCH_N50,2019-11-04,165691.57,42
RANKVOL_BENCH_N50,2019-11-05,165850.01,43
RANKVOL_BENCH_N50,2019-11-06,165437.89,43
RANKVOL_BENCH_N50,2019-11-07,165999.33,41
RANKVOL_BENCH_N50,2019-11-08,166265.78,43
RANKVOL_BENCH_N50,2019-11-11,165914.13,42
RANKVOL_BENCH_N50,2019-11-12,165535.96,39
RANKVOL_BENCH_N50,2019-11-13,165431.77,36
RANKVOL_BENCH_N50,2019-11-14,165485.89,35
RANKVOL_BENCH_N50,2019-11-15,166247.72,37
RANKVOL_BENCH_N50,2019-11-18,166064.63,40
RANKVOL_BENCH_N50,2019-11-19,165539.21,40
RANKVOL_BENCH_N50,2019-11-20,165304.91,40
RANKVOL_BENCH_N50,2019-11-21,165127.6,40
RANKVOL_BENCH_N50,2019-11-22,165685.02,40
RANKVOL_BENCH_N50,2019-11-25,166656.91,40
RANKVOL_BENCH_N50,2019-11-26,166652.76,42
RANKVOL_BENCH_N50,2019-11-27,167496.1,42
RANKVOL_BENCH_N50,2019-11-29,166828.83,43
RANKVOL_BENCH_N50,2019-12-02,165797.01,43
RANKVOL_BENCH_N50,2019-12-03,164507.05,39
RANKVOL_BENCH_N50,2019-12-04,165433.64,37
RANKVOL_BENCH_N50,2019-12-05,165616.41,40
RANKVOL_BENCH_N50,2019-12-06,167000.33,41
RANKVOL_BENCH_N50,2019-12-09,167078.5,42
RANKVOL_BENCH_N50,2019-12-10,167200.08,42
RANKVOL_BENCH_N50,2019-12-11,167717.7,41
RANKVOL_BENCH_N50,2019-12-12,170349.62,47
RANKVOL_BENCH_N50,2019-12-13,169165.5,50
RANKVOL_BENCH_N50,2019-12-16,170522.06,47
RANKVOL_BENCH_N50,2019-12-17,170969.12,50
RANKVOL_BENCH_N50,2019-12-18,171258.51,50
RANKVOL_BENCH_N50,2019-12-19,172284.68,50
RANKVOL_BENCH_N50,2019-12-20,173355.18,50
RANKVOL_BENCH_N50,2019-12-23,173590.62,50
RANKVOL_BENCH_N50,2019-12-24,173581.36,49
RANKVOL_BENCH_N50,2019-12-26,174197.52,46
RANKVOL_BENCH_N50,2019-12-27,173777.09,45
RANKVOL_BENCH_N50,2019-12-30,172888.39,41
RANKVOL_BENCH_N50,2019-12-31,173440.56,39
RANKVOL_BENCH_N50,2020-01-02,174216.73,40
RANKVOL_BENCH_N50,2020-01-03,172894.56,45
RANKVOL_BENCH_N50,2020-01-06,173292.4,42
RANKVOL_BENCH_N50,2020-01-07,173269.57,42
RANKVOL_BENCH_N50,2020-01-08,173874.42,43
RANKVOL_BENCH_N50,2020-01-09,174262.1,44
RANKVOL_BENCH_N50,2020-01-10,173756.18,46
RANKVOL_BENCH_N50,2020-01-13,174912.85,44
RANKVOL_BENCH_N50,2020-01-14,175079.08,47
RANKVOL_BENCH_N50,2020-01-15,175122.38,50
RANKVOL_BENCH_N50,2020-01-16,176737.12,50
RANKVOL_BENCH_N50,2020-01-17,176977.93,50
RANKVOL_BENCH_N50,2020-01-21,175909.42,50
RANKVOL_BENCH_N50,2020-01-22,176208.66,46
RANKVOL_BENCH_N50,2020-01-23,176294.01,46
RANKVOL_BENCH_N50,2020-01-24,174654.96,48
RANKVOL_BENCH_N50,2020-01-27,172019.44,46
RANKVOL_BENCH_N50,2020-01-28,173331.95,42
RANKVOL_BENCH_N50,2020-01-29,172252.26,43
RANKVOL_BENCH_N50,2020-01-30,172995.93,41
RANKVOL_BENCH_N50,2020-01-31,170199.63,41
RANKVOL_BENCH_N50,2020-02-03,170651.84,40
RANKVOL_BENCH_N50,2020-02-04,172760.51,43
RANKVOL_BENCH_N50,2020-02-05,174713.35,47
RANKVOL_BENCH_N50,2020-02-06,175218.92,50
RANKVOL_BENCH_N50,2020-02-07,173356.86,50
RANKVOL_BENCH_N50,2020-02-10,174077.43,47
RANKVOL_BENCH_N50,2020-02-11,175064.13,49
RANKVOL_BENCH_N50,2020-02-12,176068.78,50
RANKVOL_BENCH_N50,2020-02-13,175344.55,50
RANKVOL_BENCH_N50,2020-02-14,174768.22,50
RANKVOL_BENCH_N50,2020-02-18,173703.7,48
RANKVOL_BENCH_N50,2020-02-19,174640.85,46
RANKVOL_BENCH_N50,2020-02-20,174754.47,50
RANKVOL_BENCH_N50,2020-02-21,172449.82,50
RANKVOL_BENCH_N50,2020-02-24,165973.35,47
RANKVOL_BENCH_N50,2020-02-25,160811.36,45
RANKVOL_BENCH_N50,2020-02-26,159149.53,45
RANKVOL_BENCH_N50,2020-02-27,153889.67,45
RANKVOL_BENCH_N50,2020-02-28,153178.45,45
RANKVOL_BENCH_N50,2020-03-02,158268.47,45
RANKVOL_BENCH_N50,2020-03-03,153588.54,46
RANKVOL_BENCH_N50,2020-03-04,157723.89,47
RANKVOL_BENCH_N50,2020-03-05,151991.16,50
RANKVOL_BENCH_N50,2020-03-06,148511.31,50
RANKVOL_BENCH_N50,2020-03-09,135010.56,50
RANKVOL_BENCH_N50,2020-03-10,141705.73,50
RANKVOL_BENCH_N50,2020-03-11,133628.23,50
RANKVOL_BENCH_N50,2020-03-12,120025.27,50
RANKVOL_BENCH_N50,2020-03-13,130856.0,49
RANKVOL_BENCH_N50,2020-03-16,115894.67,49
RANKVOL_BENCH_N50,2020-03-17,122282.36,49
RANKVOL_BENCH_N50,2020-03-18,115736.68,49
RANKVOL_BENCH_N50,2020-03-19,118026.83,49
RANKVOL_BENCH_N50,2020-03-20,113479.53,49
RANKVOL_BENCH_N50,2020-03-23,110191.97,49
RANKVOL_BENCH_N50,2020-03-24,120600.08,50
RANKVOL_BENCH_N50,2020-03-25,121920.56,50
RANKVOL_BENCH_N50,2020-03-26,129217.8,50
RANKVOL_BENCH_N50,2020-03-27,124641.38,50
RANKVOL_BENCH_N50,2020-03-30,126419.11,48
RANKVOL_BENCH_N50,2020-03-31,124397.69,50
RANKVOL_BENCH_N50,2020-04-01,118345.16,50
RANKVOL_BENCH_N50,2020-04-02,120410.92,48
RANKVOL_BENCH_N50,2020-04-03,118641.86,50
RANKVOL_BENCH_N50,2020-04-06,126246.16,48
RANKVOL_BENCH_N50,2020-04-07,127326.96,48
RANKVOL_BENCH_N50,2020-04-08,132010.74,45
RANKVOL_BENCH_N50,2020-04-09,134572.21,46
RANKVOL_BENCH_N50,2020-04-13,132171.47,49
RANKVOL_BENCH_N50,2020-04-14,134741.84,43
RANKVOL_BENCH_N50,2020-04-15,131252.8,36
RANKVOL_BENCH_N50,2020-04-16,130761.5,31
RANKVOL_BENCH_N50,2020-04-17,133527.67,31
RANKVOL_BENCH_N50,2020-04-20,131691.63,31
RANKVOL_BENCH_N50,2020-04-21,129800.14,27
RANKVOL_BENCH_N50,2020-04-22,130952.11,20
RANKVOL_BENCH_N50,2020-04-23,131455.28,24
RANKVOL_BENCH_N50,2020-04-24,132053.85,26
RANKVOL_BENCH_N50,2020-04-27,133823.74,26
RANKVOL_BENCH_N50,2020-04-28,135518.99,31
RANKVOL_BENCH_N50,2020-04-29,140637.21,29
RANKVOL_BENCH_N50,2020-04-30,138259.88,28
RANKVOL_BENCH_N50,2020-05-01,134373.5,23
RANKVOL_BENCH_N50,2020-05-04,134171.83,17
RANKVOL_BENCH_N50,2020-05-05,133077.37,17
RANKVOL_BENCH_N50,2020-05-06,132516.42,15
RANKVOL_BENCH_N50,2020-05-07,133849.26,15
RANKVOL_BENCH_N50,2020-05-08,135516.06,16
RANKVOL_BENCH_N50,2020-05-11,134667.83,26
RANKVOL_BENCH_N50,2020-05-12,133035.92,27
RANKVOL_BENCH_N50,2020-05-13,130353.51,27
RANKVOL_BENCH_N50,2020-05-14,132034.79,26
RANKVOL_BENCH_N50,2020-05-15,131886.82,28
RANKVOL_BENCH_N50,2020-05-18,136376.33,30
RANKVOL_BENCH_N50,2020-05-19,134707.87,44
RANKVOL_BENCH_N50,2020-05-20,136973.51,43
RANKVOL_BENCH_N50,2020-05-21,137588.05,50
RANKVOL_BENCH_N50,2020-05-22,137017.23,50
RANKVOL_BENCH_N50,2020-05-26,144214.7,50
RANKVOL_BENCH_N50,2020-05-27,149524.34,50
RANKVOL_BENCH_N50,2020-05-28,144751.74,50
RANKVOL_BENCH_N50,2020-05-29,143418.47,45
RANKVOL_BENCH_N50,2020-06-01,145390.83,40
RANKVOL_BENCH_N50,2020-06-02,146590.08,44
RANKVOL_BENCH_N50,2020-06-03,152207.69,46
RANKVOL_BENCH_N50,2020-06-04,155165.91,46
RANKVOL_BENCH_N50,2020-06-05,163440.9,44
RANKVOL_BENCH_N50,2020-06-08,171410.8,44
RANKVOL_BENCH_N50,2020-06-09,165418.13,44
RANKVOL_BENCH_N50,2020-06-10,160263.49,35
RANKVOL_BENCH_N50,2020-06-11,151042.84,24
RANKVOL_BENCH_N50,2020-06-12,153728.72,15
RANKVOL_BENCH_N50,2020-06-15,154302.55,15
RANKVOL_BENCH_N50,2020-06-16,154975.76,15
RANKVOL_BENCH_N50,2020-06-17,154649.27,15
RANKVOL_BENCH_N50,2020-06-18,154757.39,15
RANKVOL_BENCH_N50,2020-06-19,154561.15,18
RANKVOL_BENCH_N50,2020-06-22,154802.68,18
RANKVOL_BENCH_N50,2020-06-23,154455.92,20
RANKVOL_BENCH_N50,2020-06-24,152582.36,19
RANKVOL_BENCH_N50,2020-06-25,153005.36,18
RANKVOL_BENCH_N50,2020-06-26,152295.74,19
RANKVOL_BENCH_N50,2020-06-29,153209.86,20
RANKVOL_BENCH_N50,2020-06-30,154147.97,21
RANKVOL_BENCH_N50,2020-07-01,153545.73,22
RANKVOL_BENCH_N50,2020-07-02,153941.93,25
RANKVOL_BENCH_N50,2020-07-06,155157.94,26
RANKVOL_BENCH_N50,2020-07-07,153463.25,33
RANKVOL_BENCH_N50,2020-07-08,154221.22,33
RANKVOL_BENCH_N50,2020-07-09,153185.57,34
RANKVOL_BENCH_N50,2020-07-10,154450.49,34
RANKVOL_BENCH_N50,2020-07-13,153147.14,36
RANKVOL_BENCH_N50,2020-07-14,154667.45,33
RANKVOL_BENCH_N50,2020-07-15,157025.72,37
RANKVOL_BENCH_N50,2020-07-16,156364.78,50
RANKVOL_BENCH_N50,2020-07-17,155152.26,50
RANKVOL_BENCH_N50,2020-07-20,154528.17,49
RANKVOL_BENCH_N50,2020-07-21,157533.24,50
RANKVOL_BENCH_N50,2020-07-22,157291.36,50
RANKVOL_BENCH_N50,2020-07-23,156914.36,50
RANKVOL_BENCH_N50,2020-07-24,156071.14,49
RANKVOL_BENCH_N50,2020-07-27,155509.05,48
RANKVOL_BENCH_N50,2020-07-28,154946.23,46
RANKVOL_BENCH_N50,2020-07-29,157355.13,47
RANKVOL_BENCH_N50,2020-07-30,156065.04,49
RANKVOL_BENCH_N50,2020-07-31,155214.9,49
RANKVOL_BENCH_N50,2020-08-03,155312.21,50
RANKVOL_BENCH_N50,2020-08-04,157954.13,50
RANKVOL_BENCH_N50,2020-08-05,160065.21,50
RANKVOL_BENCH_N50,2020-08-06,160564.62,50
RANKVOL_BENCH_N50,2020-08-07,161596.89,50
RANKVOL_BENCH_N50,2020-08-10,165879.17,50
RANKVOL_BENCH_N50,2020-08-11,165752.42,50
RANKVOL_BENCH_N50,2020-08-12,166311.54,49
RANKVOL_BENCH_N50,2020-08-13,164362.85,50
RANKVOL_BENCH_N50,2020-08-14,165327.8,50
RANKVOL_BENCH_N50,2020-08-17,163950.95,50
RANKVOL_BENCH_N50,2020-08-18,162740.08,50
RANKVOL_BENCH_N50,2020-08-19,162309.46,50
RANKVOL_BENCH_N50,2020-08-20,160867.09,48
RANKVOL_BENCH_N50,2020-08-21,159926.55,50
RANKVOL_BENCH_N50,2020-08-24,164939.98,50
RANKVOL_BENCH_N50,2020-08-25,165321.76,50
RANKVOL_BENCH_N50,2020-08-26,163973.56,50
RANKVOL_BENCH_N50,2020-08-27,166089.79,50
RANKVOL_BENCH_N50,2020-08-28,169497.78,50
RANKVOL_BENCH_N50,2020-08-31,166607.64,50
RANKVOL_BENCH_N50,2020-09-01,167252.65,49
RANKVOL_BENCH_N50,2020-09-02,169249.12,50
RANKVOL_BENCH_N50,2020-09-03,166655.45,50
RANKVOL_BENCH_N50,2020-09-04,167845.06,46
RANKVOL_BENCH_N50,2020-09-08,164297.69,46
RANKVOL_BENCH_N50,2020-09-09,164221.89,47
RANKVOL_BENCH_N50,2020-09-10,161513.19,48
RANKVOL_BENCH_N50,2020-09-11,161920.97,48
RANKVOL_BENCH_N50,2020-09-14,164746.57,48
RANKVOL_BENCH_N50,2020-09-15,163771.14,48
RANKVOL_BENCH_N50,2020-09-16,166838.23,50
RANKVOL_BENCH_N50,2020-09-17,165867.66,50
RANKVOL_BENCH_N50,2020-09-18,163853.19,50
RANKVOL_BENCH_N50,2020-09-21,157477.3,50
RANKVOL_BENCH_N50,2020-09-22,157753.44,49
RANKVOL_BENCH_N50,2020-09-23,153830.51,49
RANKVOL_BENCH_N50,2020-09-24,153172.42,49
RANKVOL_BENCH_N50,2020-09-25,154994.16,49
RANKVOL_BENCH_N50,2020-09-28,159317.06,50
RANKVOL_BENCH_N50,2020-09-29,156534.89,50
RANKVOL_BENCH_N50,2020-09-30,157689.3,50
RANKVOL_BENCH_N50,2020-10-01,157833.36,50
RANKVOL_BENCH_N50,2020-10-02,158889.54,50
RANKVOL_BENCH_N50,2020-10-05,161368.07,50
RANKVOL_BENCH_N50,2020-10-06,158886.82,50
RANKVOL_BENCH_N50,2020-10-07,162563.18,50
RANKVOL_BENCH_N50,2020-10-08,165259.79,50
RANKVOL_BENCH_N50,2020-10-09,164842.07,50
RANKVOL_BENCH_N50,2020-10-12,165372.67,50
RANKVOL_BENCH_N50,2020-10-13,162147.89,50
RANKVOL_BENCH_N50,2020-10-14,161741.59,50
RANKVOL_BENCH_N50,2020-10-15,162531.85,48
RANKVOL_BENCH_N50,2020-10-16,161548.37,48
RANKVOL_BENCH_N50,2020-10-19,160303.46,47
RANKVOL_BENCH_N50,2020-10-20,162015.22,46
RANKVOL_BENCH_N50,2020-10-21,160733.53,45
RANKVOL_BENCH_N50,2020-10-22,165365.07,46
RANKVOL_BENCH_N50,2020-10-23,165391.39,48
RANKVOL_BENCH_N50,2020-10-26,159754.1,48
RANKVOL_BENCH_N50,2020-10-27,156650.28,48
RANKVOL_BENCH_N50,2020-10-28,151203.09,49
RANKVOL_BENCH_N50,2020-10-29,153835.19,49
RANKVOL_BENCH_N50,2020-10-30,154632.06,49
RANKVOL_BENCH_N50,2020-11-02,157916.94,50
RANKVOL_BENCH_N50,2020-11-03,160728.92,50
RANKVOL_BENCH_N50,2020-11-04,159463.56,50
RANKVOL_BENCH_N50,2020-11-05,162934.84,50
RANKVOL_BENCH_N50,2020-11-06,161086.05,50
RANKVOL_BENCH_N50,2020-11-09,176847.08,50
RANKVOL_BENCH_N50,2020-11-10,176638.19,50
RANKVOL_BENCH_N50,2020-11-11,174638.87,48
RANKVOL_BENCH_N50,2020-11-12,170584.75,49
RANKVOL_BENCH_N50,2020-11-13,175409.01,43
RANKVOL_BENCH_N50,2020-11-16,181485.16,44
RANKVOL_BENCH_N50,2020-11-17,181908.39,43
RANKVOL_BENCH_N50,2020-11-18,180111.6,45
RANKVOL_BENCH_N50,2020-11-19,182134.68,41
RANKVOL_BENCH_N50,2020-11-20,180543.26,41
RANKVOL_BENCH_N50,2020-11-23,185228.82,39
RANKVOL_BENCH_N50,2020-11-24,190482.23,39
RANKVOL_BENCH_N50,2020-11-25,189308.56,39
RANKVOL_BENCH_N50,2020-11-27,189979.18,35
RANKVOL_BENCH_N50,2020-11-30,188388.5,36
RANKVOL_BENCH_N50,2020-12-01,190071.28,35
RANKVOL_BENCH_N50,2020-12-02,191253.1,36
RANKVOL_BENCH_N50,2020-12-03,193175.29,37
RANKVOL_BENCH_N50,2020-12-04,195281.99,36
RANKVOL_BENCH_N50,2020-12-07,194575.36,36
RANKVOL_BENCH_N50,2020-12-08,195569.2,35
RANKVOL_BENCH_N50,2020-12-09,194223.69,32
RANKVOL_BENCH_N50,2020-12-10,194610.62,29
RANKVOL_BENCH_N50,2020-12-11,193065.71,29
RANKVOL_BENCH_N50,2020-12-14,191468.3,30
RANKVOL_BENCH_N50,2020-12-15,193321.94,29
RANKVOL_BENCH_N50,2020-12-16,193554.25,30
RANKVOL_BENCH_N50,2020-12-17,193819.21,30
RANKVOL_BENCH_N50,2020-12-18,193162.93,31
RANKVOL_BENCH_N50,2020-12-21,191821.61,31
RANKVOL_BENCH_N50,2020-12-22,190629.66,33
RANKVOL_BENCH_N50,2020-12-23,191991.16,34
RANKVOL_BENCH_N50,2020-12-24,191681.86,36
RANKVOL_BENCH_N50,2020-12-28,192470.77,36
RANKVOL_BENCH_N50,2020-12-29,191517.14,41
RANKVOL_BENCH_N50,2020-12-30,192451.99,43
RANKVOL_BENCH_N50,2020-12-31,192991.45,48
RANKVOL_BENCH_N50,2021-01-04,189468.35,50
RANKVOL_BENCH_N50,2021-01-05,192626.2,50
RANKVOL_BENCH_N50,2021-01-06,196206.22,50
RANKVOL_BENCH_N50,2021-01-07,198752.29,50
RANKVOL_BENCH_N50,2021-01-08,198521.53,50
RANKVOL_BENCH_N50,2021-01-11,198483.34,48
RANKVOL_BENCH_N50,2021-01-12,201027.67,48
RANKVOL_BENCH_N50,2021-01-13,200503.92,49
RANKVOL_BENCH_N50,2021-01-14,203585.93,45
RANKVOL_BENCH_N50,2021-01-15,200382.71,45
RANKVOL_BENCH_N50,2021-01-19,202113.86,44
RANKVOL_BENCH_N50,2021-01-20,203764.04,44
RANKVOL_BENCH_N50,2021-01-21,202839.14,45
RANKVOL_BENCH_N50,2021-01-22,201362.51,45
RANKVOL_BENCH_N50,2021-01-25,199883.38,46
RANKVOL_BENCH_N50,2021-01-26,199257.99,48
RANKVOL_BENCH_N50,2021-01-27,195398.15,48
RANKVOL_BENCH_N50,2021-01-28,198622.41,47
RANKVOL_BENCH_N50,2021-01-29,193951.06,48
RANKVOL_BENCH_N50,2021-02-01,195926.58,45
RANKVOL_BENCH_N50,2021-02-02,199205.83,46
RANKVOL_BENCH_N50,2021-02-03,201361.84,47
RANKVOL_BENCH_N50,2021-02-04,204351.51,50
RANKVOL_BENCH_N50,2021-02-05,205616.46,50
RANKVOL_BENCH_N50,2021-02-08,210358.15,50
RANKVOL_BENCH_N50,2021-02-09,209589.77,50
RANKVOL_BENCH_N50,2021-02-10,211592.86,45
RANKVOL_BENCH_N50,2021-02-11,210637.25,46
RANKVOL_BENCH_N50,2021-02-12,212586.39,47
RANKVOL_BENCH_N50,2021-02-16,216243.28,48
RANKVOL_BENCH_N50,2021-02-17,216699.49,49
RANKVOL_BENCH_N50,2021-02-18,214176.61,49
RANKVOL_BENCH_N50,2021-02-19,217861.12,49
RANKVOL_BENCH_N50,2021-02-22,220765.52,49
RANKVOL_BENCH_N50,2021-02-23,222988.93,49
RANKVOL_BENCH_N50,2021-02-24,228960.51,49
RANKVOL_BENCH_N50,2021-02-25,222061.15,50
RANKVOL_BENCH_N50,2021-02-26,221185.86,43
RANKVOL_BENCH_N50,2021-03-01,224431.1,43
RANKVOL_BENCH_N50,2021-03-02,223894.6,44
RANKVOL_BENCH_N50,2021-03-03,224198.33,44
RANKVOL_BENCH_N50,2021-03-04,222532.62,44
RANKVOL_BENCH_N50,2021-03-05,225369.32,43
RANKVOL_BENCH_N50,2021-03-08,225979.02,49
RANKVOL_BENCH_N50,2021-03-09,225934.37,50
RANKVOL_BENCH_N50,2021-03-10,228532.19,50
RANKVOL_BENCH_N50,2021-03-11,230314.53,50
RANKVOL_BENCH_N50,2021-03-12,231768.79,50
RANKVOL_BENCH_N50,2021-03-15,234927.12,50
RANKVOL_BENCH_N50,2021-03-16,231779.89,50
RANKVOL_BENCH_N50,2021-03-17,233628.55,50
RANKVOL_BENCH_N50,2021-03-18,228546.25,50
RANKVOL_BENCH_N50,2021-03-19,229483.67,47
RANKVOL_BENCH_N50,2021-03-22,228959.04,47
RANKVOL_BENCH_N50,2021-03-23,224341.19,49
RANKVOL_BENCH_N50,2021-03-24,223689.94,49
RANKVOL_BENCH_N50,2021-03-25,225681.12,47
RANKVOL_BENCH_N50,2021-03-26,229647.98,50
RANKVOL_BENCH_N50,2021-03-29,228061.7,50
RANKVOL_BENCH_N50,2021-03-30,229021.02,47
RANKVOL_BENCH_N50,2021-03-31,229082.47,50
RANKVOL_BENCH_N50,2021-04-01,232666.67,50
RANKVOL_BENCH_N50,2021-04-05,234562.3,50
RANKVOL_BENCH_N50,2021-04-06,235213.35,50
RANKVOL_BENCH_N50,2021-04-07,235582.26,48
RANKVOL_BENCH_N50,2021-04-08,235337.84,46
RANKVOL_BENCH_N50,2021-04-09,235926.26,48
RANKVOL_BENCH_N50,2021-04-12,233959.81,48
RANKVOL_BENCH_N50,2021-04-13,233638.23,46
RANKVOL_BENCH_N50,2021-04-14,235186.75,46
RANKVOL_BENCH_N50,2021-04-15,234729.04,45
RANKVOL_BENCH_N50,2021-04-16,234844.81,45
RANKVOL_BENCH_N50,2021-04-19,233822.22,48
RANKVOL_BENCH_N50,2021-04-20,228554.81,48
RANKVOL_BENCH_N50,2021-04-21,232863.84,45
RANKVOL_BENCH_N50,2021-04-22,230981.66,46
RANKVOL_BENCH_N50,2021-04-23,234265.36,43
RANKVOL_BENCH_N50,2021-04-26,235939.21,43
RANKVOL_BENCH_N50,2021-04-27,237165.6,43
RANKVOL_BENCH_N50,2021-04-28,239348.23,45
RANKVOL_BENCH_N50,2021-04-29,240045.34,48
RANKVOL_BENCH_N50,2021-04-30,237775.39,48
RANKVOL_BENCH_N50,2021-05-03,239620.49,44
RANKVOL_BENCH_N50,2021-05-04,237964.79,48
RANKVOL_BENCH_N50,2021-05-05,241611.75,47
RANKVOL_BENCH_N50,2021-05-06,241550.64,46
RANKVOL_BENCH_N50,2021-05-07,245540.48,49
RANKVOL_BENCH_N50,2021-05-10,243747.69,49
RANKVOL_BENCH_N50,2021-05-11,240540.58,45
RANKVOL_BENCH_N50,2021-05-12,236649.8,36
RANKVOL_BENCH_N50,2021-05-13,237832.73,34
RANKVOL_BENCH_N50,2021-05-14,242727.24,34
RANKVOL_BENCH_N50,2021-05-17,244771.84,35
RANKVOL_BENCH_N50,2021-05-18,243706.48,35
RANKVOL_BENCH_N50,2021-05-19,242378.94,34
RANKVOL_BENCH_N50,2021-05-20,243387.36,34
RANKVOL_BENCH_N50,2021-05-21,243553.92,42
RANKVOL_BENCH_N50,2021-05-24,246416.43,42
RANKVOL_BENCH_N50,2021-05-25,246412.76,48
RANKVOL_BENCH_N50,2021-05-26,248433.41,48
RANKVOL_BENCH_N50,2021-05-27,251044.49,50
RANKVOL_BENCH_N50,2021-05-28,250476.65,50
RANKVOL_BENCH_N50,2021-06-01,252811.78,47
RANKVOL_BENCH_N50,2021-06-02,254270.12,50
RANKVOL_BENCH_N50,2021-06-03,252793.26,50
RANKVOL_BENCH_N50,2021-06-04,254940.25,41
RANKVOL_BENCH_N50,2021-06-07,254618.59,42
RANKVOL_BENCH_N50,2021-06-08,254024.86,41
RANKVOL_BENCH_N50,2021-06-09,253390.27,41
RANKVOL_BENCH_N50,2021-06-10,254487.71,42
RANKVOL_BENCH_N50,2021-06-11,254915.61,44
RANKVOL_BENCH_N50,2021-06-14,254550.81,43
RANKVOL_BENCH_N50,2021-06-15,253962.23,41
RANKVOL_BENCH_N50,2021-06-16,252719.39,42
RANKVOL_BENCH_N50,2021-06-17,252110.12,44
RANKVOL_BENCH_N50,2021-06-18,248745.99,45
RANKVOL_BENCH_N50,2021-06-21,251495.32,45
RANKVOL_BENCH_N50,2021-06-22,252404.8,45
RANKVOL_BENCH_N50,2021-06-23,252579.84,45
RANKVOL_BENCH_N50,2021-06-24,254282.24,45
RANKVOL_BENCH_N50,2021-06-25,255214.04,48
RANKVOL_BENCH_N50,2021-06-28,254438.14,50
RANKVOL_BENCH_N50,2021-06-29,253811.17,50
RANKVOL_BENCH_N50,2021-06-30,255650.79,50
RANKVOL_BENCH_N50,2021-07-01,255838.21,50
RANKVOL_BENCH_N50,2021-07-02,256288.08,50
RANKVOL_BENCH_N50,2021-07-06,253332.04,50
RANKVOL_BENCH_N50,2021-07-07,252143.64,48
RANKVOL_BENCH_N50,2021-07-08,249551.03,47
RANKVOL_BENCH_N50,2021-07-09,253346.64,47
RANKVOL_BENCH_N50,2021-07-12,254416.18,48
RANKVOL_BENCH_N50,2021-07-13,252315.8,48
RANKVOL_BENCH_N50,2021-07-14,251845.59,47
RANKVOL_BENCH_N50,2021-07-15,251060.43,47
RANKVOL_BENCH_N50,2021-07-16,248358.16,47
RANKVOL_BENCH_N50,2021-07-19,244369.87,47
RANKVOL_BENCH_N50,2021-07-20,248167.4,44
RANKVOL_BENCH_N50,2021-07-21,251583.32,44
RANKVOL_BENCH_N50,2021-07-22,250220.35,45
RANKVOL_BENCH_N50,2021-07-23,250966.05,45
RANKVOL_BENCH_N50,2021-07-26,253115.49,45
RANKVOL_BENCH_N50,2021-07-27,251796.81,47
RANKVOL_BENCH_N50,2021-07-28,252952.67,47
RANKVOL_BENCH_N50,2021-07-29,253886.31,47
RANKVOL_BENCH_N50,2021-07-30,252244.76,50
RANKVOL_BENCH_N50,2021-08-02,251781.67,50
RANKVOL_BENCH_N50,2021-08-03,253496.52,49
RANKVOL_BENCH_N50,2021-08-04,251022.96,50
RANKVOL_BENCH_N50,2021-08-05,254987.68,46
RANKVOL_BENCH_N50,2021-08-06,256375.85,48
RANKVOL_BENCH_N50,2021-08-09,255427.72,49
RANKVOL_BENCH_N50,2021-08-10,257536.86,48
RANKVOL_BENCH_N50,2021-08-11,259290.67,48
RANKVOL_BENCH_N50,2021-08-12,258594.1,50
RANKVOL_BENCH_N50,2021-08-13,256798.37,49
RANKVOL_BENCH_N50,2021-08-16,254919.91,44
RANKVOL_BENCH_N50,2021-08-17,252185.93,41
RANKVOL_BENCH_N50,2021-08-18,250382.33,38
RANKVOL_BENCH_N50,2021-08-19,248997.62,36
RANKVOL_BENCH_N50,2021-08-20,250102.89,36
RANKVOL_BENCH_N50,2021-08-23,253462.55,37
RANKVOL_BENCH_N50,2021-08-24,255684.52,39
RANKVOL_BENCH_N50,2021-08-25,256740.81,42
RANKVOL_BENCH_N50,2021-08-26,254312.95,48
RANKVOL_BENCH_N50,2021-08-27,258431.7,49
RANKVOL_BENCH_N50,2021-08-30,257265.18,50
RANKVOL_BENCH_N50,2021-08-31,258051.02,49
RANKVOL_BENCH_N50,2021-09-01,256505.04,49
RANKVOL_BENCH_N50,2021-09-02,258550.79,50
RANKVOL_BENCH_N50,2021-09-03,258106.42,50
RANKVOL_BENCH_N50,2021-09-07,257089.17,50
RANKVOL_BENCH_N50,2021-09-08,254613.08,48
RANKVOL_BENCH_N50,2021-09-09,255197.64,49
RANKVOL_BENCH_N50,2021-09-10,253529.38,49
RANKVOL_BENCH_N50,2021-09-13,256328.46,49
RANKVOL_BENCH_N50,2021-09-14,253808.3,50
RANKVOL_BENCH_N50,2021-09-15,257519.18,50
RANKVOL_BENCH_N50,2021-09-16,257063.95,50
RANKVOL_BENCH_N50,2021-09-17,255252.45,50
RANKVOL_BENCH_N50,2021-09-20,250729.71,49
RANKVOL_BENCH_N50,2021-09-21,249981.88,49
RANKVOL_BENCH_N50,2021-09-22,253970.61,50
RANKVOL_BENCH_N50,2021-09-23,258735.44,50
RANKVOL_BENCH_N50,2021-09-24,259491.9,50
RANKVOL_BENCH_N50,2021-09-27,262453.41,50
RANKVOL_BENCH_N50,2021-09-28,259143.39,50
RANKVOL_BENCH_N50,2021-09-29,258974.46,46
RANKVOL_BENCH_N50,2021-09-30,255589.49,46
RANKVOL_BENCH_N50,2021-10-01,258751.3,41
RANKVOL_BENCH_N50,2021-10-04,257608.16,41
RANKVOL_BENCH_N50,2021-10-05,259380.58,41
RANKVOL_BENCH_N50,2021-10-06,259310.1,42
RANKVOL_BENCH_N50,2021-10-07,261391.1,42
RANKVOL_BENCH_N50,2021-10-08,261205.29,46
RANKVOL_BENCH_N50,2021-10-11,259497.38,48
RANKVOL_BENCH_N50,2021-10-12,258485.87,48
RANKVOL_BENCH_N50,2021-10-13,259681.16,49
RANKVOL_BENCH_N50,2021-10-14,263279.22,50
RANKVOL_BENCH_N50,2021-10-15,264468.74,50
RANKVOL_BENCH_N50,2021-10-18,265250.23,50
RANKVOL_BENCH_N50,2021-10-19,266372.35,48
RANKVOL_BENCH_N50,2021-10-20,266838.96,50
RANKVOL_BENCH_N50,2021-10-21,266565.12,50
RANKVOL_BENCH_N50,2021-10-22,265369.48,48
RANKVOL_BENCH_N50,2021-10-25,266272.57,48
RANKVOL_BENCH_N50,2021-10-26,266181.01,47
RANKVOL_BENCH_N50,2021-10-27,262863.58,46
RANKVOL_BENCH_N50,2021-10-28,264130.11,41
RANKVOL_BENCH_N50,2021-10-29,264186.67,42
RANKVOL_BENCH_N50,2021-11-01,266503.78,41
RANKVOL_BENCH_N50,2021-11-02,267729.26,45
RANKVOL_BENCH_N50,2021-11-03,269860.53,45
RANKVOL_BENCH_N50,2021-11-04,270319.89,50
RANKVOL_BENCH_N50,2021-11-05,274718.5,50
RANKVOL_BENCH_N50,2021-11-08,275100.32,50
RANKVOL_BENCH_N50,2021-11-09,274333.41,40
RANKVOL_BENCH_N50,2021-11-10,272180.83,41
RANKVOL_BENCH_N50,2021-11-11,273592.9,39
RANKVOL_BENCH_N50,2021-11-12,273716.26,42
RANKVOL_BENCH_N50,2021-11-15,273782.52,43
RANKVOL_BENCH_N50,2021-11-16,273827.96,42
RANKVOL_BENCH_N50,2021-11-17,272297.05,42
RANKVOL_BENCH_N50,2021-11-18,271641.28,41
RANKVOL_BENCH_N50,2021-11-19,269489.08,42
RANKVOL_BENCH_N50,2021-11-22,269340.24,40
RANKVOL_BENCH_N50,2021-11-23,269397.56,39
RANKVOL_BENCH_N50,2021-11-24,269977.9,45
RANKVOL_BENCH_N50,2021-11-26,264774.09,45
RANKVOL_BENCH_N50,2021-11-29,266094.98,44
RANKVOL_BENCH_N50,2021-11-30,260272.78,47
RANKVOL_BENCH_N50,2021-12-01,256309.08,46
RANKVOL_BENCH_N50,2021-12-02,260922.08,44
RANKVOL_BENCH_N50,2021-12-03,259779.87,45
RANKVOL_BENCH_N50,2021-12-06,263280.0,46
RANKVOL_BENCH_N50,2021-12-07,266413.43,49
RANKVOL_BENCH_N50,2021-12-08,266186.15,50
RANKVOL_BENCH_N50,2021-12-09,264335.5,50
RANKVOL_BENCH_N50,2021-12-10,266448.02,50
RANKVOL_BENCH_N50,2021-12-13,262886.92,50
RANKVOL_BENCH_N50,2021-12-14,262351.88,49
RANKVOL_BENCH_N50,2021-12-15,263442.08,49
RANKVOL_BENCH_N50,2021-12-16,264744.54,49
RANKVOL_BENCH_N50,2021-12-17,261734.91,48
RANKVOL_BENCH_N50,2021-12-20,258247.42,49
RANKVOL_BENCH_N50,2021-12-21,263445.28,49
RANKVOL_BENCH_N50,2021-12-22,264602.3,50
RANKVOL_BENCH_N50,2021-12-23,266343.52,50
RANKVOL_BENCH_N50,2021-12-27,269299.21,50
RANKVOL_BENCH_N50,2021-12-28,269095.45,50
RANKVOL_BENCH_N50,2021-12-29,268371.91,50
RANKVOL_BENCH_N50,2021-12-30,268384.26,48
RANKVOL_BENCH_N50,2021-12-31,267512.62,46
RANKVOL_BENCH_N50,2022-01-03,271924.12,45
RANKVOL_BENCH_N50,2022-01-04,275318.33,45
RANKVOL_BENCH_N50,2022-01-05,272227.97,46
RANKVOL_BENCH_N50,2022-01-06,274861.81,37
RANKVOL_BENCH_N50,2022-01-07,277584.64,36
RANKVOL_BENCH_N50,2022-01-10,276953.56,35
RANKVOL_BENCH_N50,2022-01-11,278527.7,31
RANKVOL_BENCH_N50,2022-01-12,278824.67,30
RANKVOL_BENCH_N50,2022-01-13,277402.46,31
RANKVOL_BENCH_N50,2022-01-14,279676.95,31
RANKVOL_BENCH_N50,2022-01-18,276416.82,31
RANKVOL_BENCH_N50,2022-01-19,274008.62,30
RANKVOL_BENCH_N50,2022-01-20,271488.19,28
RANKVOL_BENCH_N50,2022-01-21,267636.64,25
RANKVOL_BENCH_N50,2022-01-24,267965.4,21
RANKVOL_BENCH_N50,2022-01-25,267336.61,20
RANKVOL_BENCH_N50,2022-01-26,266822.42,21
RANKVOL_BENCH_N50,2022-01-27,266282.96,21
RANKVOL_BENCH_N50,2022-01-28,268690.71,24
RANKVOL_BENCH_N50,2022-01-31,271580.38,29
RANKVOL_BENCH_N50,2022-02-01,272883.24,34
RANKVOL_BENCH_N50,2022-02-02,271591.0,45
RANKVOL_BENCH_N50,2022-02-03,266909.11,48
RANKVOL_BENCH_N50,2022-02-04,267844.57,46
RANKVOL_BENCH_N50,2022-02-07,267750.57,49
RANKVOL_BENCH_N50,2022-02-08,270049.38,50
RANKVOL_BENCH_N50,2022-02-09,274379.6,50
RANKVOL_BENCH_N50,2022-02-10,270661.76,50
RANKVOL_BENCH_N50,2022-02-11,266609.97,46
RANKVOL_BENCH_N50,2022-02-14,264900.47,42
RANKVOL_BENCH_N50,2022-02-15,268333.12,40
RANKVOL_BENCH_N50,2022-02-16,267542.66,40
RANKVOL_BENCH_N50,2022-02-17,264622.71,40
RANKVOL_BENCH_N50,2022-02-18,263661.2,37
RANKVOL_BENCH_N50,2022-02-22,262527.62,36
RANKVOL_BENCH_N50,2022-02-23,260704.01,33
RANKVOL_BENCH_N50,2022-02-24,260617.22,35
RANKVOL_BENCH_N50,2022-02-25,264486.68,36
RANKVOL_BENCH_N50,2022-02-28,262954.74,41
RANKVOL_BENCH_N50,2022-03-01,260230.71,40
RANKVOL_BENCH_N50,2022-03-02,264242.16,41
RANKVOL_BENCH_N50,2022-03-03,263714.26,47
RANKVOL_BENCH_N50,2022-03-04,263392.12,50
RANKVOL_BENCH_N50,2022-03-07,259514.52,50
RANKVOL_BENCH_N50,2022-03-08,258305.58,49
RANKVOL_BENCH_N50,2022-03-09,260875.26,45
RANKVOL_BENCH_N50,2022-03-10,259287.52,43
RANKVOL_BENCH_N50,2022-03-11,256411.5,44
RANKVOL_BENCH_N50,2022-03-14,254341.22,41
RANKVOL_BENCH_N50,2022-03-15,257614.72,38
RANKVOL_BENCH_N50,2022-03-16,262839.62,40
RANKVOL_BENCH_N50,2022-03-17,265386.98,50
RANKVOL_BENCH_N50,2022-03-18,268395.5,50
RANKVOL_BENCH_N50,2022-03-21,267142.41,50
RANKVOL_BENCH_N50,2022-03-22,270358.1,49
RANKVOL_BENCH_N50,2022-03-23,267146.45,50
RANKVOL_BENCH_N50,2022-03-24,270079.98,40
RANKVOL_BENCH_N50,2022-03-25,271988.74,42
RANKVOL_BENCH_N50,2022-03-28,272126.24,42
RANKVOL_BENCH_N50,2022-03-29,275444.67,38
RANKVOL_BENCH_N50,2022-03-30,272926.62,40
RANKVOL_BENCH_N50,2022-03-31,270520.33,36
RANKVOL_BENCH_N50,2022-04-01,270612.84,30
RANKVOL_BENCH_N50,2022-04-04,272097.47,30
RANKVOL_BENCH_N50,2022-04-05,269302.72,28
RANKVOL_BENCH_N50,2022-04-06,267365.32,25
RANKVOL_BENCH_N50,2022-04-07,267399.74,22
RANKVOL_BENCH_N50,2022-04-08,268332.41,22
RANKVOL_BENCH_N50,2022-04-11,265580.59,25
RANKVOL_BENCH_N50,2022-04-12,265852.72,24
RANKVOL_BENCH_N50,2022-04-13,267069.35,23
RANKVOL_BENCH_N50,2022-04-14,266372.75,28
RANKVOL_BENCH_N50,2022-04-18,266488.55,28
RANKVOL_BENCH_N50,2022-04-19,268841.43,29
RANKVOL_BENCH_N50,2022-04-20,268335.73,33
RANKVOL_BENCH_N50,2022-04-21,265254.06,35
RANKVOL_BENCH_N50,2022-04-22,260311.13,36
RANKVOL_BENCH_N50,2022-04-25,259792.58,35
RANKVOL_BENCH_N50,2022-04-26,255438.81,36
RANKVOL_BENCH_N50,2022-04-27,255570.26,34
RANKVOL_BENCH_N50,2022-04-28,258351.46,34
RANKVOL_BENCH_N50,2022-04-29,253068.41,36
RANKVOL_BENCH_N50,2022-05-02,254845.07,37
RANKVOL_BENCH_N50,2022-05-03,256776.66,39
RANKVOL_BENCH_N50,2022-05-04,264203.19,49
RANKVOL_BENCH_N50,2022-05-05,256923.34,50
RANKVOL_BENCH_N50,2022-05-06,256164.68,45
RANKVOL_BENCH_N50,2022-05-09,246181.24,47
RANKVOL_BENCH_N50,2022-05-10,246638.68,46
RANKVOL_BENCH_N50,2022-05-11,244320.0,47
RANKVOL_BENCH_N50,2022-05-12,244531.42,47
RANKVOL_BENCH_N50,2022-05-13,251621.28,48
RANKVOL_BENCH_N50,2022-05-16,252171.96,50
RANKVOL_BENCH_N50,2022-05-17,259455.66,50
RANKVOL_BENCH_N50,2022-05-18,249293.24,50
RANKVOL_BENCH_N50,2022-05-19,247136.7,38
RANKVOL_BENCH_N50,2022-05-20,246878.32,38
RANKVOL_BENCH_N50,2022-05-23,249366.1,39
RANKVOL_BENCH_N50,2022-05-24,247062.32,43
RANKVOL_BENCH_N50,2022-05-25,249757.51,42
RANKVOL_BENCH_N50,2022-05-26,255382.71,45
RANKVOL_BENCH_N50,2022-05-27,260181.53,50
RANKVOL_BENCH_N50,2022-05-31,258784.99,50
RANKVOL_BENCH_N50,2022-06-01,256219.3,47
RANKVOL_BENCH_N50,2022-06-02,259433.61,39
RANKVOL_BENCH_N50,2022-06-03,255393.41,45
RANKVOL_BENCH_N50,2022-06-06,256328.16,38
RANKVOL_BENCH_N50,2022-06-07,257445.15,38
RANKVOL_BENCH_N50,2022-06-08,254503.21,38
RANKVOL_BENCH_N50,2022-06-09,249955.47,33
RANKVOL_BENCH_N50,2022-06-10,245669.58,30
RANKVOL_BENCH_N50,2022-06-13,239808.72,30
RANKVOL_BENCH_N50,2022-06-14,239282.95,30
RANKVOL_BENCH_N50,2022-06-15,241855.1,30
RANKVOL_BENCH_N50,2022-06-16,236161.58,30
RANKVOL_BENCH_N50,2022-06-17,237561.43,30
RANKVOL_BENCH_N50,2022-06-21,239920.02,30
RANKVOL_BENCH_N50,2022-06-22,239606.75,33
RANKVOL_BENCH_N50,2022-06-23,239804.05,36
RANKVOL_BENCH_N50,2022-06-24,245675.78,46
RANKVOL_BENCH_N50,2022-06-27,244447.75,50
RANKVOL_BENCH_N50,2022-06-28,240270.59,48
RANKVOL_BENCH_N50,2022-06-29,238717.43,45
RANKVOL_BENCH_N50,2022-06-30,236616.87,46
RANKVOL_BENCH_N50,2022-07-01,239478.72,48
RANKVOL_BENCH_N50,2022-07-05,240302.69,49
RANKVOL_BENCH_N50,2022-07-06,239836.3,46
RANKVOL_BENCH_N50,2022-07-07,242997.75,45
RANKVOL_BENCH_N50,2022-07-08,242216.21,48
RANKVOL_BENCH_N50,2022-07-11,238846.99,47
RANKVOL_BENCH_N50,2022-07-12,239394.12,44
RANKVOL_BENCH_N50,2022-07-13,238760.23,44
RANKVOL_BENCH_N50,2022-07-14,237322.03,43
RANKVOL_BENCH_N50,2022-07-15,241970.77,42
RANKVOL_BENCH_N50,2022-07-18,241613.21,46
RANKVOL_BENCH_N50,2022-07-19,247673.29,45
RANKVOL_BENCH_N50,2022-07-20,249707.03,50
RANKVOL_BENCH_N50,2022-07-21,249739.35,50
RANKVOL_BENCH_N50,2022-07-22,247823.33,49
RANKVOL_BENCH_N50,2022-07-25,249507.6,44
RANKVOL_BENCH_N50,2022-07-26,246734.49,44
RANKVOL_BENCH_N50,2022-07-27,251296.13,38
RANKVOL_BENCH_N50,2022-07-28,253814.58,39
RANKVOL_BENCH_N50,2022-07-29,256210.19,39
RANKVOL_BENCH_N50,2022-08-01,255301.8,40
RANKVOL_BENCH_N50,2022-08-02,253779.9,34
RANKVOL_BENCH_N50,2022-08-03,255756.11,30
RANKVOL_BENCH_N50,2022-08-04,255648.51,29
RANKVOL_BENCH_N50,2022-08-05,255195.43,27
RANKVOL_BENCH_N50,2022-08-08,255513.42,26
RANKVOL_BENCH_N50,2022-08-09,254991.38,26
RANKVOL_BENCH_N50,2022-08-10,257724.6,28
RANKVOL_BENCH_N50,2022-08-11,258311.86,31
RANKVOL_BENCH_N50,2022-08-12,260471.91,34
RANKVOL_BENCH_N50,2022-08-15,259788.7,36
RANKVOL_BENCH_N50,2022-08-16,261346.96,37
RANKVOL_BENCH_N50,2022-08-17,259013.56,35
RANKVOL_BENCH_N50,2022-08-18,260119.65,33
RANKVOL_BENCH_N50,2022-08-19,258481.15,31
RANKVOL_BENCH_N50,2022-08-22,255690.74,25
RANKVOL_BENCH_N50,2022-08-23,256558.31,24
RANKVOL_BENCH_N50,2022-08-24,257413.59,23
RANKVOL_BENCH_N50,2022-08-25,258615.85,23
RANKVOL_BENCH_N50,2022-08-26,255473.88,24
RANKVOL_BENCH_N50,2022-08-29,254707.75,23
RANKVOL_BENCH_N50,2022-08-30,253130.92,23
RANKVOL_BENCH_N50,2022-08-31,252189.41,22
RANKVOL_BENCH_N50,2022-09-01,252458.81,21
RANKVOL_BENCH_N50,2022-09-02,251606.84,22
RANKVOL_BENCH_N50,2022-09-06,251077.67,22
RANKVOL_BENCH_N50,2022-09-07,252872.92,22
RANKVOL_BENCH_N50,2022-09-08,253986.87,29
RANKVOL_BENCH_N50,2022-09-09,256472.93,41
RANKVOL_BENCH_N50,2022-09-12,258777.19,50
RANKVOL_BENCH_N50,2022-09-13,249038.92,50
RANKVOL_BENCH_N50,2022-09-14,250513.35,47
RANKVOL_BENCH_N50,2022-09-15,250346.65,50
RANKVOL_BENCH_N50,2022-09-16,246748.14,50
RANKVOL_BENCH_N50,2022-09-19,248630.3,49
RANKVOL_BENCH_N50,2022-09-20,244932.68,49
RANKVOL_BENCH_N50,2022-09-21,239947.78,49
RANKVOL_BENCH_N50,2022-09-22,236473.03,49
RANKVOL_BENCH_N50,2022-09-23,230828.69,50
RANKVOL_BENCH_N50,2022-09-26,226931.55,50
RANKVOL_BENCH_N50,2022-09-27,227720.18,50
RANKVOL_BENCH_N50,2022-09-28,233220.8,50
RANKVOL_BENCH_N50,2022-09-29,228523.59,50
RANKVOL_BENCH_N50,2022-09-30,225114.75,50
RANKVOL_BENCH_N50,2022-10-03,230405.3,50
RANKVOL_BENCH_N50,2022-10-04,239796.13,50
RANKVOL_BENCH_N50,2022-10-05,238235.47,50
RANKVOL_BENCH_N50,2022-10-06,235725.96,50
RANKVOL_BENCH_N50,2022-10-07,230506.18,50
RANKVOL_BENCH_N50,2022-10-10,228675.73,50
RANKVOL_BENCH_N50,2022-10-11,227080.14,50
RANKVOL_BENCH_N50,2022-10-12,227337.95,50
RANKVOL_BENCH_N50,2022-10-13,233470.11,50
RANKVOL_BENCH_N50,2022-10-14,229416.11,50
RANKVOL_BENCH_N50,2022-10-17,234203.63,47
RANKVOL_BENCH_N50,2022-10-18,237106.7,50
RANKVOL_BENCH_N50,2022-10-19,235355.36,50
RANKVOL_BENCH_N50,2022-10-20,234214.03,48
RANKVOL_BENCH_N50,2022-10-21,239423.63,48
RANKVOL_BENCH_N50,2022-10-24,241606.55,50
RANKVOL_BENCH_N50,2022-10-25,245729.1,48
RANKVOL_BENCH_N50,2022-10-26,244187.33,50
RANKVOL_BENCH_N50,2022-10-27,244336.26,45
RANKVOL_BENCH_N50,2022-10-28,249097.26,43
RANKVOL_BENCH_N50,2022-10-31,247203.27,43
RANKVOL_BENCH_N50,2022-11-01,247168.92,42
RANKVOL_BENCH_N50,2022-11-02,242568.9,42
RANKVOL_BENCH_N50,2022-11-03,240022.33,34
RANKVOL_BENCH_N50,2022-11-04,243897.08,33
RANKVOL_BENCH_N50,2022-11-07,245885.78,33
RANKVOL_BENCH_N50,2022-11-08,247196.94,34
RANKVOL_BENCH_N50,2022-11-09,243187.45,35
RANKVOL_BENCH_N50,2022-11-10,252067.67,27
RANKVOL_BENCH_N50,2022-11-11,254685.73,30
RANKVOL_BENCH_N50,2022-11-14,253100.41,29
RANKVOL_BENCH_N50,2022-11-15,254782.36,25
RANKVOL_BENCH_N50,2022-11-16,252641.62,25
RANKVOL_BENCH_N50,2022-11-17,251510.93,20
RANKVOL_BENCH_N50,2022-11-18,251825.47,18
RANKVOL_BENCH_N50,2022-11-21,250972.53,18
RANKVOL_BENCH_N50,2022-11-22,252105.39,16
RANKVOL_BENCH_N50,2022-11-23,252487.0,17
RANKVOL_BENCH_N50,2022-11-25,252385.96,18
RANKVOL_BENCH_N50,2022-11-28,251369.37,18
RANKVOL_BENCH_N50,2022-11-29,251563.59,17
RANKVOL_BENCH_N50,2022-11-30,253688.42,23
RANKVOL_BENCH_N50,2022-12-01,253246.93,30
RANKVOL_BENCH_N50,2022-12-02,252922.87,30
RANKVOL_BENCH_N50,2022-12-05,249672.45,29
RANKVOL_BENCH_N50,2022-12-06,247987.77,25
RANKVOL_BENCH_N50,2022-12-07,247142.65,25
RANKVOL_BENCH_N50,2022-12-08,246978.16,25
RANKVOL_BENCH_N50,2022-12-09,246526.56,25
RANKVOL_BENCH_N50,2022-12-12,248509.6,24
RANKVOL_BENCH_N50,2022-12-13,247065.33,30
RANKVOL_BENCH_N50,2022-12-14,245946.25,34
RANKVOL_BENCH_N50,2022-12-15,241531.06,34
RANKVOL_BENCH_N50,2022-12-16,239801.97,33
RANKVOL_BENCH_N50,2022-12-19,237808.68,33
RANKVOL_BENCH_N50,2022-12-20,237970.74,33
RANKVOL_BENCH_N50,2022-12-21,239877.45,34
RANKVOL_BENCH_N50,2022-12-22,237275.06,36
RANKVOL_BENCH_N50,2022-12-23,238730.92,36
RANKVOL_BENCH_N50,2022-12-27,238275.04,42
RANKVOL_BENCH_N50,2022-12-28,234945.6,47
RANKVOL_BENCH_N50,2022-12-29,238711.0,46
RANKVOL_BENCH_N50,2022-12-30,238932.15,48
RANKVOL_BENCH_N50,2023-01-03,237630.29,49
RANKVOL_BENCH_N50,2023-01-04,242731.88,50
RANKVOL_BENCH_N50,2023-01-05,242477.97,50
RANKVOL_BENCH_N50,2023-01-06,247837.59,50
RANKVOL_BENCH_N50,2023-01-09,248809.33,50
RANKVOL_BENCH_N50,2023-01-10,251940.28,50
RANKVOL_BENCH_N50,2023-01-11,253796.99,50
RANKVOL_BENCH_N50,2023-01-12,257653.41,50
RANKVOL_BENCH_N50,2023-01-13,257871.42,50
RANKVOL_BENCH_N50,2023-01-17,258183.08,49
RANKVOL_BENCH_N50,2023-01-18,254249.92,42
RANKVOL_BENCH_N50,2023-01-19,252501.21,38
RANKVOL_BENCH_N50,2023-01-20,255771.76,37
RANKVOL_BENCH_N50,2023-01-23,258335.54,37
RANKVOL_BENCH_N50,2023-01-24,257750.8,37
RANKVOL_BENCH_N50,2023-01-25,258632.76,34
RANKVOL_BENCH_N50,2023-01-26,260442.3,35
RANKVOL_BENCH_N50,2023-01-27,260392.31,34
RANKVOL_BENCH_N50,2023-01-30,257662.36,34
RANKVOL_BENCH_N50,2023-01-31,260077.17,32
RANKVOL_BENCH_N50,2023-02-01,260722.13,33
RANKVOL_BENCH_N50,2023-02-02,261789.49,33
RANKVOL_BENCH_N50,2023-02-03,260673.1,35
RANKVOL_BENCH_N50,2023-02-06,258898.5,35
RANKVOL_BENCH_N50,2023-02-07,260352.34,32
RANKVOL_BENCH_N50,2023-02-08,257921.14,32
RANKVOL_BENCH_N50,2023-02-09,257115.67,32
RANKVOL_BENCH_N50,2023-02-10,258784.46,31
RANKVOL_BENCH_N50,2023-02-13,259648.27,35
RANKVOL_BENCH_N50,2023-02-14,259222.63,36
RANKVOL_BENCH_N50,2023-02-15,257809.9,37
RANKVOL_BENCH_N50,2023-02-16,256211.08,41
RANKVOL_BENCH_N50,2023-02-17,254648.72,41
RANKVOL_BENCH_N50,2023-02-21,251697.96,42
RANKVOL_BENCH_N50,2023-02-22,251188.34,40
RANKVOL_BENCH_N50,2023-02-23,251986.07,41
RANKVOL_BENCH_N50,2023-02-24,251462.71,42
RANKVOL_BENCH_N50,2023-02-27,251236.91,42
RANKVOL_BENCH_N50,2023-02-28,249508.38,42
RANKVOL_BENCH_N50,2023-03-01,249244.25,44
RANKVOL_BENCH_N50,2023-03-02,250714.48,47
RANKVOL_BENCH_N50,2023-03-03,253395.53,49
RANKVOL_BENCH_N50,2023-03-06,252318.09,50
RANKVOL_BENCH_N50,2023-03-07,248383.33,50
RANKVOL_BENCH_N50,2023-03-08,248332.19,48
RANKVOL_BENCH_N50,2023-03-09,242563.36,50
RANKVOL_BENCH_N50,2023-03-10,238713.68,50
RANKVOL_BENCH_N50,2023-03-13,236237.93,50
RANKVOL_BENCH_N50,2023-03-14,239003.31,50
RANKVOL_BENCH_N50,2023-03-15,234747.39,50
RANKVOL_BENCH_N50,2023-03-16,238173.07,50
RANKVOL_BENCH_N50,2023-03-17,235716.21,50
RANKVOL_BENCH_N50,2023-03-20,238271.68,50
RANKVOL_BENCH_N50,2023-03-21,242479.37,50
RANKVOL_BENCH_N50,2023-03-22,237477.24,50
RANKVOL_BENCH_N50,2023-03-23,237328.96,50
RANKVOL_BENCH_N50,2023-03-24,238460.02,50
RANKVOL_BENCH_N50,2023-03-27,240419.33,50
RANKVOL_BENCH_N50,2023-03-28,241164.31,49
RANKVOL_BENCH_N50,2023-03-29,244651.11,48
RANKVOL_BENCH_N50,2023-03-30,245899.54,50
RANKVOL_BENCH_N50,2023-03-31,248655.45,50
RANKVOL_BENCH_N50,2023-04-03,251445.0,50
RANKVOL_BENCH_N50,2023-04-04,249506.51,50
RANKVOL_BENCH_N50,2023-04-05,249313.73,43
RANKVOL_BENCH_N50,2023-04-06,248277.37,43
RANKVOL_BENCH_N50,2023-04-10,249848.91,37
RANKVOL_BENCH_N50,2023-04-11,250827.83,37
RANKVOL_BENCH_N50,2023-04-12,248630.32,37
RANKVOL_BENCH_N50,2023-04-13,250310.83,33
RANKVOL_BENCH_N50,2023-04-14,249856.89,36
RANKVOL_BENCH_N50,2023-04-17,250416.99,35
RANKVOL_BENCH_N50,2023-04-18,250482.27,35
RANKVOL_BENCH_N50,2023-04-19,250307.99,34
RANKVOL_BENCH_N50,2023-04-20,248620.4,35
RANKVOL_BENCH_N50,2023-04-21,247859.6,33
RANKVOL_BENCH_N50,2023-04-24,247656.14,34
RANKVOL_BENCH_N50,2023-04-25,244135.89,33
RANKVOL_BENCH_N50,2023-04-26,242540.43,33
RANKVOL_BENCH_N50,2023-04-27,246098.22,35
RANKVOL_BENCH_N50,2023-04-28,249170.5,43
RANKVOL_BENCH_N50,2023-05-01,248579.41,44
RANKVOL_BENCH_N50,2023-05-02,243477.56,46
RANKVOL_BENCH_N50,2023-05-03,241872.83,46
RANKVOL_BENCH_N50,2023-05-04,237942.58,45
RANKVOL_BENCH_N50,2023-05-05,243916.8,46
RANKVOL_BENCH_N50,2023-05-08,244633.68,47
RANKVOL_BENCH_N50,2023-05-09,243064.83,46
RANKVOL_BENCH_N50,2023-05-10,242376.79,46
RANKVOL_BENCH_N50,2023-05-11,240493.18,47
RANKVOL_BENCH_N50,2023-05-12,239518.41,49
RANKVOL_BENCH_N50,2023-05-15,243060.61,50
RANKVOL_BENCH_N50,2023-05-16,240089.01,50
RANKVOL_BENCH_N50,2023-05-17,244637.28,50
RANKVOL_BENCH_N50,2023-05-18,248295.92,50
RANKVOL_BENCH_N50,2023-05-19,246368.31,50
RANKVOL_BENCH_N50,2023-05-22,247697.05,46
RANKVOL_BENCH_N50,2023-05-23,246450.47,47
RANKVOL_BENCH_N50,2023-05-24,243921.55,44
RANKVOL_BENCH_N50,2023-05-25,243268.73,45
RANKVOL_BENCH_N50,2023-05-26,246260.52,46
RANKVOL_BENCH_N50,2023-05-30,246288.2,48
RANKVOL_BENCH_N50,2023-05-31,243556.04,48
RANKVOL_BENCH_N50,2023-06-01,246229.97,45
RANKVOL_BENCH_N50,2023-06-02,251254.23,47
RANKVOL_BENCH_N50,2023-06-05,250211.43,50
RANKVOL_BENCH_N50,2023-06-06,253014.16,50
RANKVOL_BENCH_N50,2023-06-07,256257.98,50
RANKVOL_BENCH_N50,2023-06-08,256679.49,50
RANKVOL_BENCH_N50,2023-06-09,256227.19,48
RANKVOL_BENCH_N50,2023-06-12,257884.19,44
RANKVOL_BENCH_N50,2023-06-13,260414.32,46
RANKVOL_BENCH_N50,2023-06-14,259906.04,47
RANKVOL_BENCH_N50,2023-06-15,262061.59,47
RANKVOL_BENCH_N50,2023-06-16,261949.75,50
RANKVOL_BENCH_N50,2023-06-20,259746.33,48
RANKVOL_BENCH_N50,2023-06-21,258716.1,47
RANKVOL_BENCH_N50,2023-06-22,257734.67,43
RANKVOL_BENCH_N50,2023-06-23,255772.95,40
RANKVOL_BENCH_N50,2023-06-26,256050.46,39
RANKVOL_BENCH_N50,2023-06-27,257464.47,37
RANKVOL_BENCH_N50,2023-06-28,257466.13,43
RANKVOL_BENCH_N50,2023-06-29,258907.97,43
RANKVOL_BENCH_N50,2023-06-30,260238.21,47
RANKVOL_BENCH_N50,2023-07-03,261804.37,50
RANKVOL_BENCH_N50,2023-07-05,261319.84,50
RANKVOL_BENCH_N50,2023-07-06,258533.39,50
RANKVOL_BENCH_N50,2023-07-07,259306.39,48
RANKVOL_BENCH_N50,2023-07-10,260819.43,48
RANKVOL_BENCH_N50,2023-07-11,264917.12,48
RANKVOL_BENCH_N50,2023-07-12,266481.76,50
RANKVOL_BENCH_N50,2023-07-13,268484.77,50
RANKVOL_BENCH_N50,2023-07-14,264499.45,50
RANKVOL_BENCH_N50,2023-07-17,264902.58,48
RANKVOL_BENCH_N50,2023-07-18,267406.38,50
RANKVOL_BENCH_N50,2023-07-19,269955.58,50
RANKVOL_BENCH_N50,2023-07-20,269176.29,49
RANKVOL_BENCH_N50,2023-07-21,269656.33,48
RANKVOL_BENCH_N50,2023-07-24,270426.57,47
RANKVOL_BENCH_N50,2023-07-25,269853.54,46
RANKVOL_BENCH_N50,2023-07-26,270884.71,44
RANKVOL_BENCH_N50,2023-07-27,269934.97,41
RANKVOL_BENCH_N50,2023-07-28,271330.86,37
RANKVOL_BENCH_N50,2023-07-31,272497.55,38
RANKVOL_BENCH_N50,2023-08-01,270706.54,37
RANKVOL_BENCH_N50,2023-08-02,267501.01,36
RANKVOL_BENCH_N50,2023-08-03,267184.99,34
RANKVOL_BENCH_N50,2023-08-04,266740.71,34
RANKVOL_BENCH_N50,2023-08-07,268067.64,33
RANKVOL_BENCH_N50,2023-08-08,267113.7,35
RANKVOL_BENCH_N50,2023-08-09,265883.93,34
RANKVOL_BENCH_N50,2023-08-10,265811.97,33
RANKVOL_BENCH_N50,2023-08-11,265821.85,33
RANKVOL_BENCH_N50,2023-08-14,265841.99,36
RANKVOL_BENCH_N50,2023-08-15,263687.49,37
RANKVOL_BENCH_N50,2023-08-16,262083.31,36
RANKVOL_BENCH_N50,2023-08-17,260441.27,36
RANKVOL_BENCH_N50,2023-08-18,260946.84,38
RANKVOL_BENCH_N50,2023-08-21,261768.79,38
RANKVOL_BENCH_N50,2023-08-22,260429.65,39
RANKVOL_BENCH_N50,2023-08-23,262294.6,40
RANKVOL_BENCH_N50,2023-08-24,258289.18,45
RANKVOL_BENCH_N50,2023-08-25,259381.02,43
RANKVOL_BENCH_N50,2023-08-28,260707.06,45
RANKVOL_BENCH_N50,2023-08-29,263656.3,49
RANKVOL_BENCH_N50,2023-08-30,263960.38,50
RANKVOL_BENCH_N50,2023-08-31,263872.74,50
RANKVOL_BENCH_N50,2023-09-01,263316.11,50
RANKVOL_BENCH_N50,2023-09-05,262405.82,50
RANKVOL_BENCH_N50,2023-09-06,261300.56,48
RANKVOL_BENCH_N50,2023-09-07,260301.69,48
RANKVOL_BENCH_N50,2023-09-08,260919.67,50
RANKVOL_BENCH_N50,2023-09-11,262104.1,50
RANKVOL_BENCH_N50,2023-09-12,260880.6,50
RANKVOL_BENCH_N50,2023-09-13,260723.57,49
RANKVOL_BENCH_N50,2023-09-14,263061.99,48
RANKVOL_BENCH_N50,2023-09-15,260874.41,50
RANKVOL_BENCH_N50,2023-09-18,260223.58,49
RANKVOL_BENCH_N50,2023-09-19,260044.06,48
RANKVOL_BENCH_N50,2023-09-20,258100.13,48
RANKVOL_BENCH_N50,2023-09-21,254400.78,49
RANKVOL_BENCH_N50,2023-09-22,253395.28,48
RANKVOL_BENCH_N50,2023-09-25,253810.66,46
RANKVOL_BENCH_N50,2023-09-26,250652.31,46
RANKVOL_BENCH_N50,2023-09-27,250516.67,46
RANKVOL_BENCH_N50,2023-09-28,252461.61,50
RANKVOL_BENCH_N50,2023-09-29,251941.87,50
RANKVOL_BENCH_N50,2023-10-02,250416.33,50
RANKVOL_BENCH_N50,2023-10-03,247122.43,50
RANKVOL_BENCH_N50,2023-10-04,247674.28,50
RANKVOL_BENCH_N50,2023-10-05,246904.03,50
RANKVOL_BENCH_N50,2023-10-06,249454.76,50
RANKVOL_BENCH_N50,2023-10-09,251569.51,50
RANKVOL_BENCH_N50,2023-10-10,252647.24,50
RANKVOL_BENCH_N50,2023-10-11,253157.56,50
RANKVOL_BENCH_N50,2023-10-12,251994.5,50
RANKVOL_BENCH_N50,2023-10-13,250949.23,48
RANKVOL_BENCH_N50,2023-10-16,254082.7,50
RANKVOL_BENCH_N50,2023-10-17,255181.36,50
RANKVOL_BENCH_N50,2023-10-18,251875.89,50
RANKVOL_BENCH_N50,2023-10-19,249992.43,50
RANKVOL_BENCH_N50,2023-10-20,246949.49,48
RANKVOL_BENCH_N50,2023-10-23,245884.27,47
RANKVOL_BENCH_N50,2023-10-24,247234.56,45
RANKVOL_BENCH_N50,2023-10-25,244299.2,45
RANKVOL_BENCH_N50,2023-10-26,242535.01,43
RANKVOL_BENCH_N50,2023-10-27,241572.65,42
RANKVOL_BENCH_N50,2023-10-30,243505.42,41
RANKVOL_BENCH_N50,2023-10-31,244663.46,41
RANKVOL_BENCH_N50,2023-11-01,246390.53,42
RANKVOL_BENCH_N50,2023-11-02,250728.94,48
RANKVOL_BENCH_N50,2023-11-03,254807.07,50
RANKVOL_BENCH_N50,2023-11-06,253504.93,50
RANKVOL_BENCH_N50,2023-11-07,252894.96,46
RANKVOL_BENCH_N50,2023-11-08,251849.04,44
RANKVOL_BENCH_N50,2023-11-09,250059.14,45
RANKVOL_BENCH_N50,2023-11-10,253103.03,44
RANKVOL_BENCH_N50,2023-11-13,253001.4,44
RANKVOL_BENCH_N50,2023-11-14,258201.59,45
RANKVOL_BENCH_N50,2023-11-15,259536.19,50
RANKVOL_BENCH_N50,2023-11-16,257888.42,50
RANKVOL_BENCH_N50,2023-11-17,259629.65,47
RANKVOL_BENCH_N50,2023-11-20,260333.81,46
RANKVOL_BENCH_N50,2023-11-21,259318.82,44
RANKVOL_BENCH_N50,2023-11-22,260020.07,39
RANKVOL_BENCH_N50,2023-11-24,260644.67,38
RANKVOL_BENCH_N50,2023-11-27,259632.39,35
RANKVOL_BENCH_N50,2023-11-28,260037.88,29
RANKVOL_BENCH_N50,2023-11-29,260974.47,27
RANKVOL_BENCH_N50,2023-11-30,261591.94,28
RANKVOL_BENCH_N50,2023-12-01,264260.21,30
RANKVOL_BENCH_N50,2023-12-04,264855.37,30
RANKVOL_BENCH_N50,2023-12-05,263521.37,29
RANKVOL_BENCH_N50,2023-12-06,263819.5,29
RANKVOL_BENCH_N50,2023-12-07,264254.68,26
RANKVOL_BENCH_N50,2023-12-08,265183.61,26
RANKVOL_BENCH_N50,2023-12-11,265459.2,27
RANKVOL_BENCH_N50,2023-12-12,265157.19,33
RANKVOL_BENCH_N50,2023-12-13,268781.35,33
RANKVOL_BENCH_N50,2023-12-14,271581.99,37
RANKVOL_BENCH_N50,2023-12-15,270737.24,41
RANKVOL_BENCH_N50,2023-12-18,271517.78,37
RANKVOL_BENCH_N50,2023-12-19,274320.06,36
RANKVOL_BENCH_N50,2023-12-20,270885.78,38
RANKVOL_BENCH_N50,2023-12-21,274148.83,32
RANKVOL_BENCH_N50,2023-12-22,274537.77,33
RANKVOL_BENCH_N50,2023-12-26,275815.19,34
RANKVOL_BENCH_N50,2023-12-27,275549.14,33
RANKVOL_BENCH_N50,2023-12-28,275343.33,28
RANKVOL_BENCH_N50,2023-12-29,274598.62,25
RANKVOL_BENCH_N50,2024-01-02,275393.66,23
RANKVOL_BENCH_N50,2024-01-03,274420.88,25
RANKVOL_BENCH_N50,2024-01-04,273376.84,23
RANKVOL_BENCH_N50,2024-01-05,274296.53,22
RANKVOL_BENCH_N50,2024-01-08,274776.49,22
RANKVOL_BENCH_N50,2024-01-09,273930.43,24
RANKVOL_BENCH_N50,2024-01-10,274139.37,24
RANKVOL_BENCH_N50,2024-01-11,274187.58,25
RANKVOL_BENCH_N50,2024-01-12,273385.51,27
RANKVOL_BENCH_N50,2024-01-16,272242.76,29
RANKVOL_BENCH_N50,2024-01-17,271219.09,29
RANKVOL_BENCH_N50,2024-01-18,272885.39,29
RANKVOL_BENCH_N50,2024-01-19,274911.71,34
RANKVOL_BENCH_N50,2024-01-22,275208.59,36
RANKVOL_BENCH_N50,2024-01-23,276256.12,39
RANKVOL_BENCH_N50,2024-01-24,277636.98,40
RANKVOL_BENCH_N50,2024-01-25,280014.58,41
RANKVOL_BENCH_N50,2024-01-26,279108.46,47
RANKVOL_BENCH_N50,2024-01-29,280577.26,47
RANKVOL_BENCH_N50,2024-01-30,280096.37,48
RANKVOL_BENCH_N50,2024-01-31,275895.03,47
RANKVOL_BENCH_N50,2024-02-01,277296.67,38
RANKVOL_BENCH_N50,2024-02-02,276614.94,44
RANKVOL_BENCH_N50,2024-02-05,273703.21,42
RANKVOL_BENCH_N50,2024-02-06,275277.38,42
RANKVOL_BENCH_N50,2024-02-07,274396.24,42
RANKVOL_BENCH_N50,2024-02-08,273694.05,43
RANKVOL_BENCH_N50,2024-02-09,274674.68,46
RANKVOL_BENCH_N50,2024-02-12,277948.66,46
RANKVOL_BENCH_N50,2024-02-13,272948.24,49
RANKVOL_BENCH_N50,2024-02-14,275880.16,48
RANKVOL_BENCH_N50,2024-02-15,279176.05,48
RANKVOL_BENCH_N50,2024-02-16,278009.52,50
RANKVOL_BENCH_N50,2024-02-20,276719.01,48
RANKVOL_BENCH_N50,2024-02-21,278075.39,46
RANKVOL_BENCH_N50,2024-02-22,279420.23,49
RANKVOL_BENCH_N50,2024-02-23,278709.72,50
RANKVOL_BENCH_N50,2024-02-26,275985.25,49
RANKVOL_BENCH_N50,2024-02-27,278111.08,46
RANKVOL_BENCH_N50,2024-02-28,276475.06,47
RANKVOL_BENCH_N50,2024-02-29,278140.93,46
RANKVOL_BENCH_N50,2024-03-01,278645.23,48
RANKVOL_BENCH_N50,2024-03-04,279245.77,48
RANKVOL_BENCH_N50,2024-03-05,278135.53,50
RANKVOL_BENCH_N50,2024-03-06,280089.25,50
RANKVOL_BENCH_N50,2024-03-07,282239.44,50
RANKVOL_BENCH_N50,2024-03-08,282234.88,50
RANKVOL_BENCH_N50,2024-03-11,283566.65,47
RANKVOL_BENCH_N50,2024-03-12,283164.22,48
RANKVOL_BENCH_N50,2024-03-13,284157.7,48
RANKVOL_BENCH_N50,2024-03-14,282028.39,50
RANKVOL_BENCH_N50,2024-03-15,281246.18,49
RANKVOL_BENCH_N50,2024-03-18,283153.47,47
RANKVOL_BENCH_N50,2024-03-19,284255.13,48
RANKVOL_BENCH_N50,2024-03-20,288652.48,50
RANKVOL_BENCH_N50,2024-03-21,289924.57,50
RANKVOL_BENCH_N50,2024-03-22,288325.54,50
RANKVOL_BENCH_N50,2024-03-25,288556.81,47
RANKVOL_BENCH_N50,2024-03-26,287703.9,48
RANKVOL_BENCH_N50,2024-03-27,292289.94,44
RANKVOL_BENCH_N50,2024-03-28,294090.36,48
RANKVOL_BENCH_N50,2024-04-01,292697.92,48
RANKVOL_BENCH_N50,2024-04-02,290380.07,42
RANKVOL_BENCH_N50,2024-04-03,290167.08,41
RANKVOL_BENCH_N50,2024-04-04,287803.61,40
RANKVOL_BENCH_N50,2024-04-05,288174.99,33
RANKVOL_BENCH_N50,2024-04-08,288985.71,34
RANKVOL_BENCH_N50,2024-04-09,290107.56,33
RANKVOL_BENCH_N50,2024-04-10,285907.97,33
RANKVOL_BENCH_N50,2024-04-11,286702.02,31
RANKVOL_BENCH_N50,2024-04-12,283635.34,34
RANKVOL_BENCH_N50,2024-04-15,281796.24,33
RANKVOL_BENCH_N50,2024-04-16,280988.07,33
RANKVOL_BENCH_N50,2024-04-17,280522.14,35
RANKVOL_BENCH_N50,2024-04-18,280497.62,37
RANKVOL_BENCH_N50,2024-04-19,278972.47,37
RANKVOL_BENCH_N50,2024-04-22,280618.08,42
RANKVOL_BENCH_N50,2024-04-23,283444.7,49
RANKVOL_BENCH_N50,2024-04-24,284569.94,50
RANKVOL_BENCH_N50,2024-04-25,284252.0,50
RANKVOL_BENCH_N50,2024-04-26,284762.41,50
RANKVOL_BENCH_N50,2024-04-29,286761.8,50
RANKVOL_BENCH_N50,2024-04-30,281853.85,50
RANKVOL_BENCH_N50,2024-05-01,279690.83,49
RANKVOL_BENCH_N50,2024-05-02,282712.02,47
RANKVOL_BENCH_N50,2024-05-03,284168.48,49
RANKVOL_BENCH_N50,2024-05-06,287543.09,48
RANKVOL_BENCH_N50,2024-05-07,287130.35,49
RANKVOL_BENCH_N50,2024-05-08,287395.83,47
RANKVOL_BENCH_N50,2024-05-09,288440.59,47
RANKVOL_BENCH_N50,2024-05-10,288509.8,48
RANKVOL_BENCH_N50,2024-05-13,289170.02,50
RANKVOL_BENCH_N50,2024-05-14,290955.74,50
RANKVOL_BENCH_N50,2024-05-15,293641.93,50
RANKVOL_BENCH_N50,2024-05-16,293640.96,50
RANKVOL_BENCH_N50,2024-05-17,293587.31,47
RANKVOL_BENCH_N50,2024-05-20,293158.72,47
RANKVOL_BENCH_N50,2024-05-21,292009.09,46
RANKVOL_BENCH_N50,2024-05-22,290300.37,43
RANKVOL_BENCH_N50,2024-05-23,285824.31,41
RANKVOL_BENCH_N50,2024-05-24,287276.07,37
RANKVOL_BENCH_N50,2024-05-28,286379.11,37
RANKVOL_BENCH_N50,2024-05-29,283958.84,37
RANKVOL_BENCH_N50,2024-05-30,286015.44,37
RANKVOL_BENCH_N50,2024-05-31,289722.58,37
RANKVOL_BENCH_N50,2024-06-03,288729.11,43
RANKVOL_BENCH_N50,2024-06-04,288910.61,44
RANKVOL_BENCH_N50,2024-06-05,289362.47,45
RANKVOL_BENCH_N50,2024-06-06,289931.63,48
RANKVOL_BENCH_N50,2024-06-07,289176.87,49
RANKVOL_BENCH_N50,2024-06-10,290683.93,46
RANKVOL_BENCH_N50,2024-06-11,288656.72,50
RANKVOL_BENCH_N50,2024-06-12,289256.49,49
RANKVOL_BENCH_N50,2024-06-13,287688.81,50
RANKVOL_BENCH_N50,2024-06-14,285916.83,49
RANKVOL_BENCH_N50,2024-06-17,288580.05,50
RANKVOL_BENCH_N50,2024-06-18,288818.84,50
RANKVOL_BENCH_N50,2024-06-20,289782.11,50
RANKVOL_BENCH_N50,2024-06-21,290723.99,50
RANKVOL_BENCH_N50,2024-06-24,291624.2,50
RANKVOL_BENCH_N50,2024-06-25,290564.5,50
RANKVOL_BENCH_N50,2024-06-26,289840.18,48
RANKVOL_BENCH_N50,2024-06-27,290962.49,47
RANKVOL_BENCH_N50,2024-06-28,290417.16,50
RANKVOL_BENCH_N50,2024-07-01,289401.81,50
RANKVOL_BENCH_N50,2024-07-02,291059.78,50
RANKVOL_BENCH_N50,2024-07-03,291740.54,50
RANKVOL_BENCH_N50,2024-07-05,291354.01,50
RANKVOL_BENCH_N50,2024-07-08,291865.35,45
RANKVOL_BENCH_N50,2024-07-09,292023.18,42
RANKVOL_BENCH_N50,2024-07-10,294188.38,43
RANKVOL_BENCH_N50,2024-07-11,295959.86,48
RANKVOL_BENCH_N50,2024-07-12,297626.96,50
RANKVOL_BENCH_N50,2024-07-15,298381.65,50
RANKVOL_BENCH_N50,2024-07-16,302794.0,50
RANKVOL_BENCH_N50,2024-07-17,302228.97,50
RANKVOL_BENCH_N50,2024-07-18,300219.74,50
RANKVOL_BENCH_N50,2024-07-19,299172.74,40
RANKVOL_BENCH_N50,2024-07-22,300001.55,37
RANKVOL_BENCH_N50,2024-07-23,299220.42,35
RANKVOL_BENCH_N50,2024-07-24,295263.48,31
RANKVOL_BENCH_N50,2024-07-25,295444.39,27
RANKVOL_BENCH_N50,2024-07-26,298912.87,28
RANKVOL_BENCH_N50,2024-07-29,298722.27,28
RANKVOL_BENCH_N50,2024-07-30,298998.64,29
RANKVOL_BENCH_N50,2024-07-31,300803.15,32
RANKVOL_BENCH_N50,2024-08-01,296625.56,32
RANKVOL_BENCH_N50,2024-08-02,291885.22,31
RANKVOL_BENCH_N50,2024-08-05,287584.66,31
RANKVOL_BENCH_N50,2024-08-06,289209.77,28
RANKVOL_BENCH_N50,2024-08-07,288595.13,29
RANKVOL_BENCH_N50,2024-08-08,291949.8,30
RANKVOL_BENCH_N50,2024-08-09,292032.09,31
RANKVOL_BENCH_N50,2024-08-12,292140.07,32
RANKVOL_BENCH_N50,2024-08-13,296153.78,32
RANKVOL_BENCH_N50,2024-08-14,296479.9,36
RANKVOL_BENCH_N50,2024-08-15,301008.47,40
RANKVOL_BENCH_N50,2024-08-16,301458.6,50
RANKVOL_BENCH_N50,2024-08-19,304378.12,50
RANKVOL_BENCH_N50,2024-08-20,302260.42,50
RANKVOL_BENCH_N50,2024-08-21,303665.1,50
RANKVOL_BENCH_N50,2024-08-22,299990.78,50
RANKVOL_BENCH_N50,2024-08-23,304830.65,49
RANKVOL_BENCH_N50,2024-08-26,303382.4,50
RANKVOL_BENCH_N50,2024-08-27,302964.05,47
RANKVOL_BENCH_N50,2024-08-28,299666.79,46
RANKVOL_BENCH_N50,2024-08-29,300404.37,43
RANKVOL_BENCH_N50,2024-08-30,302592.64,42
RANKVOL_BENCH_N50,2024-09-03,297374.26,41
RANKVOL_BENCH_N50,2024-09-04,296630.07,37
RANKVOL_BENCH_N50,2024-09-05,296868.62,32
RANKVOL_BENCH_N50,2024-09-06,293248.82,32
RANKVOL_BENCH_N50,2024-09-09,295013.24,31
RANKVOL_BENCH_N50,2024-09-10,294772.9,33
RANKVOL_BENCH_N50,2024-09-11,296848.66,31
RANKVOL_BENCH_N50,2024-09-12,297793.03,33
RANKVOL_BENCH_N50,2024-09-13,299952.94,38
RANKVOL_BENCH_N50,2024-09-16,299974.05,42
RANKVOL_BENCH_N50,2024-09-17,300928.71,48
RANKVOL_BENCH_N50,2024-09-18,300803.38,50
RANKVOL_BENCH_N50,2024-09-19,305875.52,50
RANKVOL_BENCH_N50,2024-09-20,305192.09,50
RANKVOL_BENCH_N50,2024-09-23,306025.05,49
RANKVOL_BENCH_N50,2024-09-24,308363.83,48
RANKVOL_BENCH_N50,2024-09-25,306710.78,47
RANKVOL_BENCH_N50,2024-09-26,310880.51,45
RANKVOL_BENCH_N50,2024-09-27,312329.32,43
RANKVOL_BENCH_N50,2024-09-30,311400.53,44
RANKVOL_BENCH_N50,2024-10-01,310594.17,41
RANKVOL_BENCH_N50,2024-10-02,310211.2,34
RANKVOL_BENCH_N50,2024-10-03,310116.07,33
RANKVOL_BENCH_N50,2024-10-04,311867.56,29
RANKVOL_BENCH_N50,2024-10-07,311673.8,31
RANKVOL_BENCH_N50,2024-10-08,310971.68,31
RANKVOL_BENCH_N50,2024-10-09,311761.69,26
RANKVOL_BENCH_N50,2024-10-10,311116.13,27
RANKVOL_BENCH_N50,2024-10-11,312612.08,27
RANKVOL_BENCH_N50,2024-10-14,313889.07,30
RANKVOL_BENCH_N50,2024-10-15,314044.79,34
RANKVOL_BENCH_N50,2024-10-16,316114.77,35
RANKVOL_BENCH_N50,2024-10-17,315097.18,38
RANKVOL_BENCH_N50,2024-10-18,316141.27,35
RANKVOL_BENCH_N50,2024-10-21,313770.22,37
RANKVOL_BENCH_N50,2024-10-22,314994.78,35
RANKVOL_BENCH_N50,2024-10-23,314338.28,34
RANKVOL_BENCH_N50,2024-10-24,314132.6,34
RANKVOL_BENCH_N50,2024-10-25,312785.21,34
RANKVOL_BENCH_N50,2024-10-28,313981.4,35
RANKVOL_BENCH_N50,2024-10-29,313227.1,36
RANKVOL_BENCH_N50,2024-10-30,312112.59,38
RANKVOL_BENCH_N50,2024-10-31,309253.88,40
RANKVOL_BENCH_N50,2024-11-01,309456.99,39
RANKVOL_BENCH_N50,2024-11-04,308268.43,41
RANKVOL_BENCH_N50,2024-11-05,310882.12,40
RANKVOL_BENCH_N50,2024-11-06,312985.43,43
RANKVOL_BENCH_N50,2024-11-07,315151.52,50
RANKVOL_BENCH_N50,2024-11-08,315339.49,50
RANKVOL_BENCH_N50,2024-11-11,315066.16,50
RANKVOL_BENCH_N50,2024-11-12,312611.2,49
RANKVOL_BENCH_N50,2024-11-13,312021.55,45
RANKVOL_BENCH_N50,2024-11-14,310014.37,44
RANKVOL_BENCH_N50,2024-11-15,307276.38,43
RANKVOL_BENCH_N50,2024-11-18,309428.6,41
RANKVOL_BENCH_N50,2024-11-19,309667.35,41
RANKVOL_BENCH_N50,2024-11-20,309753.88,40
RANKVOL_BENCH_N50,2024-11-21,313006.24,41
RANKVOL_BENCH_N50,2024-11-22,315058.84,41
RANKVOL_BENCH_N50,2024-11-25,317840.81,42
RANKVOL_BENCH_N50,2024-11-26,316219.26,46
RANKVOL_BENCH_N50,2024-11-27,316147.53,43
RANKVOL_BENCH_N50,2024-11-29,316680.69,43
RANKVOL_BENCH_N50,2024-12-02,317383.87,40
RANKVOL_BENCH_N50,2024-12-03,315762.62,41
RANKVOL_BENCH_N50,2024-12-04,315031.86,39
RANKVOL_BENCH_N50,2024-12-05,312469.22,40
RANKVOL_BENCH_N50,2024-12-06,313024.91,41
RANKVOL_BENCH_N50,2024-12-09,313664.06,42
RANKVOL_BENCH_N50,2024-12-10,312854.36,42
RANKVOL_BENCH_N50,2024-12-11,314433.65,40
RANKVOL_BENCH_N50,2024-12-12,313367.18,41
RANKVOL_BENCH_N50,2024-12-13,312254.59,40
RANKVOL_BENCH_N50,2024-12-16,310848.15,39
RANKVOL_BENCH_N50,2024-12-17,310410.93,40
RANKVOL_BENCH_N50,2024-12-18,304202.97,39
RANKVOL_BENCH_N50,2024-12-19,302003.71,37
RANKVOL_BENCH_N50,2024-12-20,304640.58,37
RANKVOL_BENCH_N50,2024-12-23,306495.34,38
RANKVOL_BENCH_N50,2024-12-24,307971.63,39
RANKVOL_BENCH_N50,2024-12-26,308020.76,41
RANKVOL_BENCH_N50,2024-12-27,306567.97,45
RANKVOL_BENCH_N50,2024-12-30,303715.48,43
RANKVOL_BENCH_N50,2024-12-31,304701.44,43
RANKVOL_BENCH_N50,2025-01-02,305073.99,43
RANKVOL_BENCH_N50,2025-01-03,307891.81,46
RANKVOL_BENCH_N50,2025-01-06,309470.26,46
RANKVOL_BENCH_N50,2025-01-07,308794.78,50
RANKVOL_BENCH_N50,2025-01-08,306551.6,50
RANKVOL_BENCH_N50,2025-01-10,303828.25,48
RANKVOL_BENCH_N50,2025-01-13,304740.35,50
RANKVOL_BENCH_N50,2025-01-14,306484.29,50
RANKVOL_BENCH_N50,2025-01-15,309907.06,50
RANKVOL_BENCH_N50,2025-01-16,311770.91,50
RANKVOL_BENCH_N50,2025-01-17,313055.28,50
RANKVOL_BENCH_N50,2025-01-21,316035.57,50
RANKVOL_BENCH_N50,2025-01-22,314791.27,50
RANKVOL_BENCH_N50,2025-01-23,316834.31,48
RANKVOL_BENCH_N50,2025-01-24,317105.51,50
RANKVOL_BENCH_N50,2025-01-27,318048.65,50
RANKVOL_BENCH_N50,2025-01-28,317196.04,50
RANKVOL_BENCH_N50,2025-01-29,317453.2,47
RANKVOL_BENCH_N50,2025-01-30,318644.85,44
RANKVOL_BENCH_N50,2025-01-31,316930.51,45
RANKVOL_BENCH_N50,2025-02-03,314687.12,44
RANKVOL_BENCH_N50,2025-02-04,314979.88,41
RANKVOL_BENCH_N50,2025-02-05,315916.63,44
RANKVOL_BENCH_N50,2025-02-06,315749.48,46
RANKVOL_BENCH_N50,2025-02-07,314865.22,46
RANKVOL_BENCH_N50,2025-02-10,317453.02,46
RANKVOL_BENCH_N50,2025-02-11,317064.76,48
RANKVOL_BENCH_N50,2025-02-12,317382.47,47
RANKVOL_BENCH_N50,2025-02-13,321384.73,48
RANKVOL_BENCH_N50,2025-02-14,321602.86,48
RANKVOL_BENCH_N50,2025-02-18,324337.65,48
RANKVOL_BENCH_N50,2025-02-19,324517.45,50
RANKVOL_BENCH_N50,2025-02-20,324528.52,49
RANKVOL_BENCH_N50,2025-02-21,320591.04,50
RANKVOL_BENCH_N50,2025-02-24,318697.07,49
RANKVOL_BENCH_N50,2025-02-25,318336.56,48
RANKVOL_BENCH_N50,2025-02-26,317031.73,47
RANKVOL_BENCH_N50,2025-02-27,313370.58,45
RANKVOL_BENCH_N50,2025-02-28,317453.18,42
RANKVOL_BENCH_N50,2025-03-03,312801.84,43
RANKVOL_BENCH_N50,2025-03-04,308610.71,41
RANKVOL_BENCH_N50,2025-03-05,310587.24,40
RANKVOL_BENCH_N50,2025-03-06,308152.02,39
RANKVOL_BENCH_N50,2025-03-07,310255.43,39
RANKVOL_BENCH_N50,2025-03-10,307321.19,39
RANKVOL_BENCH_N50,2025-03-11,305154.45,39
RANKVOL_BENCH_N50,2025-03-12,304393.08,37
RANKVOL_BENCH_N50,2025-03-13,302805.47,34
RANKVOL_BENCH_N50,2025-03-14,307813.85,37
RANKVOL_BENCH_N50,2025-03-17,311376.5,38
RANKVOL_BENCH_N50,2025-03-18,310366.17,40
RANKVOL_BENCH_N50,2025-03-19,312458.85,40
RANKVOL_BENCH_N50,2025-03-20,311935.4,45
RANKVOL_BENCH_N50,2025-03-21,311033.99,48
RANKVOL_BENCH_N50,2025-03-24,315705.72,46
RANKVOL_BENCH_N50,2025-03-25,315784.71,50
RANKVOL_BENCH_N50,2025-03-26,312405.8,50
RANKVOL_BENCH_N50,2025-03-27,310019.77,48
RANKVOL_BENCH_N50,2025-03-28,305349.17,47
RANKVOL_BENCH_N50,2025-03-31,306733.06,43
RANKVOL_BENCH_N50,2025-04-01,305969.13,50
RANKVOL_BENCH_N50,2025-04-02,308437.99,50
RANKVOL_BENCH_N50,2025-04-03,290634.23,50
RANKVOL_BENCH_N50,2025-04-04,273900.6,50
RANKVOL_BENCH_N50,2025-04-07,273364.47,50
RANKVOL_BENCH_N50,2025-04-08,267090.05,50
RANKVOL_BENCH_N50,2025-04-09,290462.69,50
RANKVOL_BENCH_N50,2025-04-10,278577.91,50
RANKVOL_BENCH_N50,2025-04-11,282716.32,50
RANKVOL_BENCH_N50,2025-04-14,285712.27,50
RANKVOL_BENCH_N50,2025-04-15,286182.24,50
RANKVOL_BENCH_N50,2025-04-16,281309.88,50
RANKVOL_BENCH_N50,2025-04-17,284157.66,49
RANKVOL_BENCH_N50,2025-04-21,278801.03,50
RANKVOL_BENCH_N50,2025-04-22,284384.78,48
RANKVOL_BENCH_N50,2025-04-23,286614.15,50
RANKVOL_BENCH_N50,2025-04-24,293335.65,50
RANKVOL_BENCH_N50,2025-04-25,294317.64,50
RANKVOL_BENCH_N50,2025-04-28,294866.55,50
RANKVOL_BENCH_N50,2025-04-29,296496.44,49
RANKVOL_BENCH_N50,2025-04-30,295324.09,48
RANKVOL_BENCH_N50,2025-05-01,295359.67,47
RANKVOL_BENCH_N50,2025-05-02,299657.15,48
RANKVOL_BENCH_N50,2025-05-05,297673.44,49
RANKVOL_BENCH_N50,2025-05-06,296297.86,43
RANKVOL_BENCH_N50,2025-05-07,297499.91,36
RANKVOL_BENCH_N50,2025-05-08,299279.51,34
RANKVOL_BENCH_N50,2025-05-09,299607.61,33
RANKVOL_BENCH_N50,2025-05-12,304183.62,34
RANKVOL_BENCH_N50,2025-05-13,306064.35,39
RANKVOL_BENCH_N50,2025-05-14,306680.34,35
RANKVOL_BENCH_N50,2025-05-15,308181.9,36
RANKVOL_BENCH_N50,2025-05-16,309786.04,36
RANKVOL_BENCH_N50,2025-05-19,309003.49,40
RANKVOL_BENCH_N50,2025-05-20,308654.02,38
RANKVOL_BENCH_N50,2025-05-21,304428.27,37
RANKVOL_BENCH_N50,2025-05-22,302321.13,31
RANKVOL_BENCH_N50,2025-05-23,302452.76,29
RANKVOL_BENCH_N50,2025-05-27,304451.54,29
RANKVOL_BENCH_N50,2025-05-28,303084.82,29
RANKVOL_BENCH_N50,2025-05-29,303907.44,28
RANKVOL_BENCH_N50,2025-05-30,304148.03,32
RANKVOL_BENCH_N50,2025-06-02,304758.89,37
RANKVOL_BENCH_N50,2025-06-03,305406.39,39
RANKVOL_BENCH_N50,2025-06-04,304036.44,42
RANKVOL_BENCH_N50,2025-06-05,303077.44,42
RANKVOL_BENCH_N50,2025-06-06,305588.94,44
RANKVOL_BENCH_N50,2025-06-09,305807.29,46
RANKVOL_BENCH_N50,2025-06-10,309512.39,48
RANKVOL_BENCH_N50,2025-06-11,309146.79,50
RANKVOL_BENCH_N50,2025-06-12,309312.14,50
RANKVOL_BENCH_N50,2025-06-13,306934.33,50
RANKVOL_BENCH_N50,2025-06-16,308011.6,49
RANKVOL_BENCH_N50,2025-06-17,304491.88,48
RANKVOL_BENCH_N50,2025-06-18,305026.27,46
RANKVOL_BENCH_N50,2025-06-20,306196.5,46
RANKVOL_BENCH_N50,2025-06-23,306687.21,47
RANKVOL_BENCH_N50,2025-06-24,308886.76,47
RANKVOL_BENCH_N50,2025-06-25,306552.25,48
RANKVOL_BENCH_N50,2025-06-26,309998.2,48
RANKVOL_BENCH_N50,2025-06-27,310738.61,48
RANKVOL_BENCH_N50,2025-06-30,312378.53,48
RANKVOL_BENCH_N50,2025-07-01,316240.5,50
RANKVOL_BENCH_N50,2025-07-02,318171.07,50
RANKVOL_BENCH_N50,2025-07-03,319532.78,50
RANKVOL_BENCH_N50,2025-07-07,316160.94,47
RANKVOL_BENCH_N50,2025-07-08,317199.32,42
RANKVOL_BENCH_N50,2025-07-09,318348.77,44
RANKVOL_BENCH_N50,2025-07-10,318551.21,44
RANKVOL_BENCH_N50,2025-07-11,316123.01,45
RANKVOL_BENCH_N50,2025-07-14,317111.7,43
RANKVOL_BENCH_N50,2025-07-15,314315.34,42
RANKVOL_BENCH_N50,2025-07-16,315490.09,41
RANKVOL_BENCH_N50,2025-07-17,316282.3,41
RANKVOL_BENCH_N50,2025-07-18,316592.71,41
RANKVOL_BENCH_N50,2025-07-21,316256.63,42
RANKVOL_BENCH_N50,2025-07-22,318393.58,42
RANKVOL_BENCH_N50,2025-07-23,319252.18,47
RANKVOL_BENCH_N50,2025-07-24,318412.16,48
RANKVOL_BENCH_N50,2025-07-25,319143.29,49
RANKVOL_BENCH_N50,2025-07-28,317908.72,50
RANKVOL_BENCH_N50,2025-07-29,316828.52,48
RANKVOL_BENCH_N50,2025-07-30,315374.28,49
RANKVOL_BENCH_N50,2025-07-31,311615.23,50
RANKVOL_BENCH_N50,2025-08-01,308238.82,50
RANKVOL_BENCH_N50,2025-08-04,311211.01,48
RANKVOL_BENCH_N50,2025-08-05,311418.16,49
RANKVOL_BENCH_N50,2025-08-06,309568.48,49
RANKVOL_BENCH_N50,2025-08-07,309301.3,50
RANKVOL_BENCH_N50,2025-08-08,312030.69,50
RANKVOL_BENCH_N50,2025-08-11,311538.81,50
RANKVOL_BENCH_N50,2025-08-12,315393.19,49
RANKVOL_BENCH_N50,2025-08-13,318183.82,50
RANKVOL_BENCH_N50,2025-08-14,318346.53,50
RANKVOL_BENCH_N50,2025-08-15,318324.32,48
RANKVOL_BENCH_N50,2025-08-18,320447.84,48
RANKVOL_BENCH_N50,2025-08-19,320820.24,48
RANKVOL_BENCH_N50,2025-08-20,320689.29,50
RANKVOL_BENCH_N50,2025-08-21,319974.39,50
RANKVOL_BENCH_N50,2025-08-22,325263.31,48
RANKVOL_BENCH_N50,2025-08-25,323684.31,50
RANKVOL_BENCH_N50,2025-08-26,323844.59,47
RANKVOL_BENCH_N50,2025-08-27,325203.8,42
RANKVOL_BENCH_N50,2025-08-28,325847.0,43
RANKVOL_BENCH_N50,2025-08-29,324292.38,43
RANKVOL_BENCH_N50,2025-09-02,322011.96,40
RANKVOL_BENCH_N50,2025-09-03,321105.39,39
RANKVOL_BENCH_N50,2025-09-04,321819.59,37
RANKVOL_BENCH_N50,2025-09-05,322030.05,40
RANKVOL_BENCH_N50,2025-09-08,322387.64,40
RANKVOL_BENCH_N50,2025-09-09,323693.83,41
RANKVOL_BENCH_N50,2025-09-10,326783.57,43
RANKVOL_BENCH_N50,2025-09-11,331168.91,45
RANKVOL_BENCH_N50,2025-09-12,332429.33,48
RANKVOL_BENCH_N50,2025-09-15,332733.42,47
RANKVOL_BENCH_N50,2025-09-16,332628.4,47
RANKVOL_BENCH_N50,2025-09-17,332954.59,50
RANKVOL_BENCH_N50,2025-09-18,337631.42,50
RANKVOL_BENCH_N50,2025-09-19,338140.75,50
RANKVOL_BENCH_N50,2025-09-22,339122.2,50
RANKVOL_BENCH_N50,2025-09-23,338336.11,48
RANKVOL_BENCH_N50,2025-09-24,338422.72,49
RANKVOL_BENCH_N50,2025-09-25,334485.23,50
RANKVOL_BENCH_N50,2025-09-26,336932.75,47
RANKVOL_BENCH_N50,2025-09-29,338251.0,50
RANKVOL_BENCH_N50,2025-09-30,339260.18,50
RANKVOL_BENCH_N50,2025-10-01,343036.81,50
RANKVOL_BENCH_N50,2025-10-02,341944.08,50
RANKVOL_BENCH_N50,2025-10-03,342267.56,49
RANKVOL_BENCH_N50,2025-10-06,342611.9,50
RANKVOL_BENCH_N50,2025-10-07,340653.01,50
RANKVOL_BENCH_N50,2025-10-08,341302.34,47
RANKVOL_BENCH_N50,2025-10-09,339381.41,49
RANKVOL_BENCH_N50,2025-10-10,329809.15,49
RANKVOL_BENCH_N50,2025-10-13,335929.03,47
RANKVOL_BENCH_N50,2025-10-14,337539.74,48
RANKVOL_BENCH_N50,2025-10-15,338664.23,49
RANKVOL_BENCH_N50,2025-10-16,336451.65,50
RANKVOL_BENCH_N50,2025-10-17,337221.12,50
RANKVOL_BENCH_N50,2025-10-20,341018.04,50
RANKVOL_BENCH_N50,2025-10-21,341823.24,50
RANKVOL_BENCH_N50,2025-10-22,339192.29,50
RANKVOL_BENCH_N50,2025-10-23,338909.91,48
RANKVOL_BENCH_N50,2025-10-24,340312.86,48
RANKVOL_BENCH_N50,2025-10-27,343417.73,50
RANKVOL_BENCH_N50,2025-10-28,342222.01,50
RANKVOL_BENCH_N50,2025-10-29,339049.53,49
RANKVOL_BENCH_N50,2025-10-30,335408.68,50
RANKVOL_BENCH_N50,2025-10-31,337401.2,48
RANKVOL_BENCH_N50,2025-11-03,336182.35,47
RANKVOL_BENCH_N50,2025-11-04,329945.09,46
RANKVOL_BENCH_N50,2025-11-05,331884.75,44
RANKVOL_BENCH_N50,2025-11-06,329724.99,45
RANKVOL_BENCH_N50,2025-11-07,332206.05,46
RANKVOL_BENCH_N50,2025-11-10,333641.1,50
RANKVOL_BENCH_N50,2025-11-11,334858.76,50
RANKVOL_BENCH_N50,2025-11-12,335857.19,50
RANKVOL_BENCH_N50,2025-11-13,331231.75,50
RANKVOL_BENCH_N50,2025-11-14,329530.78,47
RANKVOL_BENCH_N50,2025-11-17,323875.51,48
RANKVOL_BENCH_N50,2025-11-18,324797.71,45
RANKVOL_BENCH_N50,2025-11-19,323117.5,46
RANKVOL_BENCH_N50,2025-11-20,318522.7,46
RANKVOL_BENCH_N50,2025-11-21,323914.67,46
RANKVOL_BENCH_N50,2025-11-24,325208.33,48
RANKVOL_BENCH_N50,2025-11-25,328514.2,50
RANKVOL_BENCH_N50,2025-11-26,332228.19,50
RANKVOL_BENCH_N50,2025-11-28,334941.54,50
RANKVOL_BENCH_N50,2025-12-01,333359.93,50
RANKVOL_BENCH_N50,2025-12-02,333131.34,49
RANKVOL_BENCH_N50,2025-12-03,337661.11,50
RANKVOL_BENCH_N50,2025-12-04,339320.86,50
RANKVOL_BENCH_N50,2025-12-05,340028.19,50
RANKVOL_BENCH_N50,2025-12-08,338176.26,50
RANKVOL_BENCH_N50,2025-12-09,338450.44,49
RANKVOL_BENCH_N50,2025-12-10,341939.29,49
RANKVOL_BENCH_N50,2025-12-11,342495.25,50
RANKVOL_BENCH_N50,2025-12-12,341241.4,50
RANKVOL_BENCH_N50,2025-12-15,340099.14,46
RANKVOL_BENCH_N50,2025-12-16,339162.98,44
RANKVOL_BENCH_N50,2025-12-17,338659.82,43
RANKVOL_BENCH_N50,2025-12-18,338491.45,40
RANKVOL_BENCH_N50,2025-12-19,339190.71,39
RANKVOL_BENCH_N50,2025-12-22,340995.66,40
RANKVOL_BENCH_N50,2025-12-23,339318.73,41
RANKVOL_BENCH_N50,2025-12-24,340691.91,44
RANKVOL_BENCH_N50,2025-12-26,340492.29,44
RANKVOL_BENCH_N50,2025-12-29,340352.54,45
RANKVOL_BENCH_N50,2025-12-30,340526.69,42
RANKVOL_BENCH_N50,2025-12-31,339007.86,43
ALL_EW_BENCH,2016-01-04,100000.0,0
ALL_EW_BENCH,2016-01-05,100000.0,0
ALL_EW_BENCH,2016-01-06,100000.0,0
ALL_EW_BENCH,2016-01-07,100000.0,0
ALL_EW_BENCH,2016-01-08,100000.0,0
ALL_EW_BENCH,2016-01-11,100000.0,0
ALL_EW_BENCH,2016-01-12,100000.0,0
ALL_EW_BENCH,2016-01-13,100000.0,0
ALL_EW_BENCH,2016-01-14,100000.0,0
ALL_EW_BENCH,2016-01-15,100000.0,0
ALL_EW_BENCH,2016-01-19,100000.0,0
ALL_EW_BENCH,2016-01-20,100000.0,0
ALL_EW_BENCH,2016-01-21,100000.0,0
ALL_EW_BENCH,2016-01-22,100000.0,0
ALL_EW_BENCH,2016-01-25,100000.0,0
ALL_EW_BENCH,2016-01-26,100000.0,0
ALL_EW_BENCH,2016-01-27,100000.0,0
ALL_EW_BENCH,2016-01-28,100000.0,0
ALL_EW_BENCH,2016-01-29,100000.0,0
ALL_EW_BENCH,2016-02-01,100345.86,12
ALL_EW_BENCH,2016-02-02,97087.7,14
ALL_EW_BENCH,2016-02-03,99072.85,14
ALL_EW_BENCH,2016-02-04,100644.94,16
ALL_EW_BENCH,2016-02-05,98203.95,19
ALL_EW_BENCH,2016-02-08,95018.31,17
ALL_EW_BENCH,2016-02-09,94100.37,18
ALL_EW_BENCH,2016-02-10,94070.18,17
ALL_EW_BENCH,2016-02-11,92549.81,17
ALL_EW_BENCH,2016-02-12,94568.91,16
ALL_EW_BENCH,2016-02-16,96600.31,17
ALL_EW_BENCH,2016-02-17,98042.12,30
ALL_EW_BENCH,2016-02-18,97362.47,42
ALL_EW_BENCH,2016-02-19,97486.44,41
ALL_EW_BENCH,2016-02-22,99552.6,45
ALL_EW_BENCH,2016-02-23,97607.38,52
ALL_EW_BENCH,2016-02-24,98287.53,50
ALL_EW_BENCH,2016-02-25,99522.64,51
ALL_EW_BENCH,2016-02-26,99707.54,52
ALL_EW_BENCH,2016-02-29,98618.61,51
ALL_EW_BENCH,2016-03-01,101761.89,50
ALL_EW_BENCH,2016-03-02,103418.82,57
ALL_EW_BENCH,2016-03-03,104795.8,57
ALL_EW_BENCH,2016-03-04,106404.37,58
ALL_EW_BENCH,2016-03-07,106757.9,57
ALL_EW_BENCH,2016-03-08,103046.34,51
ALL_EW_BENCH,2016-03-09,103132.21,28
ALL_EW_BENCH,2016-03-10,103833.09,26
ALL_EW_BENCH,2016-03-11,106347.47,24
ALL_EW_BENCH,2016-03-14,105776.52,27
ALL_EW_BENCH,2016-03-15,105361.25,27
ALL_EW_BENCH,2016-03-16,106776.81,24
ALL_EW_BENCH,2016-03-17,107478.58,24
ALL_EW_BENCH,2016-03-18,107581.86,23
ALL_EW_BENCH,2016-03-21,107554.84,21
ALL_EW_BENCH,2016-03-22,107819.51,19
ALL_EW_BENCH,2016-03-23,105986.58,17
ALL_EW_BENCH,2016-03-24,105783.4,15
ALL_EW_BENCH,2016-03-28,105907.33,14
ALL_EW_BENCH,2016-03-29,107619.76,14
ALL_EW_BENCH,2016-03-30,107916.56,16
ALL_EW_BENCH,2016-03-31,107745.33,16
ALL_EW_BENCH,2016-04-01,107375.91,19
ALL_EW_BENCH,2016-04-04,107363.78,24
ALL_EW_BENCH,2016-04-05,106164.38,23
ALL_EW_BENCH,2016-04-06,107582.12,22
ALL_EW_BENCH,2016-04-07,106159.22,24
ALL_EW_BENCH,2016-04-08,107289.78,22
ALL_EW_BENCH,2016-04-11,107622.03,24
ALL_EW_BENCH,2016-04-12,110137.04,24
ALL_EW_BENCH,2016-04-13,112236.4,32
ALL_EW_BENCH,2016-04-14,112228.7,45
ALL_EW_BENCH,2016-04-15,111948.79,45
ALL_EW_BENCH,2016-04-18,112541.01,45
ALL_EW_BENCH,2016-04-19,114048.83,50
ALL_EW_BENCH,2016-04-20,114656.67,52
ALL_EW_BENCH,2016-04-21,113935.89,53
ALL_EW_BENCH,2016-04-22,114639.33,52
ALL_EW_BENCH,2016-04-25,113711.27,47
ALL_EW_BENCH,2016-04-26,114532.22,40
ALL_EW_BENCH,2016-04-27,115328.64,39
ALL_EW_BENCH,2016-04-28,113678.5,43
ALL_EW_BENCH,2016-04-29,112695.49,37
ALL_EW_BENCH,2016-05-02,113381.76,36
ALL_EW_BENCH,2016-05-03,112238.17,36
ALL_EW_BENCH,2016-05-04,111616.73,32
ALL_EW_BENCH,2016-05-05,111685.48,31
ALL_EW_BENCH,2016-05-06,112081.46,33
ALL_EW_BENCH,2016-05-09,112581.23,36
ALL_EW_BENCH,2016-05-10,113651.58,36
ALL_EW_BENCH,2016-05-11,112424.78,38
ALL_EW_BENCH,2016-05-12,112134.7,38
ALL_EW_BENCH,2016-05-13,111210.41,38
ALL_EW_BENCH,2016-05-16,112108.9,34
ALL_EW_BENCH,2016-05-17,111383.73,39
ALL_EW_BENCH,2016-05-18,110851.24,39
ALL_EW_BENCH,2016-05-19,110506.92,49
ALL_EW_BENCH,2016-05-20,111466.17,49
ALL_EW_BENCH,2016-05-23,111394.23,57
ALL_EW_BENCH,2016-05-24,113136.59,56
ALL_EW_BENCH,2016-05-25,114410.39,63
ALL_EW_BENCH,2016-05-26,114167.38,69
ALL_EW_BENCH,2016-05-27,114761.98,65
ALL_EW_BENCH,2016-05-31,114900.92,66
ALL_EW_BENCH,2016-06-01,114862.99,64
ALL_EW_BENCH,2016-06-02,115389.15,63
ALL_EW_BENCH,2016-06-03,114735.61,63
ALL_EW_BENCH,2016-06-06,116065.87,59
ALL_EW_BENCH,2016-06-07,116911.78,58
ALL_EW_BENCH,2016-06-08,117075.7,58
ALL_EW_BENCH,2016-06-09,116679.12,57
ALL_EW_BENCH,2016-06-10,114755.61,56
ALL_EW_BENCH,2016-06-13,113678.55,47
ALL_EW_BENCH,2016-06-14,113150.69,45
ALL_EW_BENCH,2016-06-15,113337.45,46
ALL_EW_BENCH,2016-06-16,113265.96,45
ALL_EW_BENCH,2016-06-17,113732.93,43
ALL_EW_BENCH,2016-06-20,114894.59,45
ALL_EW_BENCH,2016-06-21,115437.33,50
ALL_EW_BENCH,2016-06-22,114692.8,51
ALL_EW_BENCH,2016-06-23,116611.62,53
ALL_EW_BENCH,2016-06-24,111394.75,67
ALL_EW_BENCH,2016-06-27,108227.3,67
ALL_EW_BENCH,2016-06-28,110747.52,68
ALL_EW_BENCH,2016-06-29,113158.54,70
ALL_EW_BENCH,2016-06-30,114600.37,71
ALL_EW_BENCH,2016-07-01,115044.53,71
ALL_EW_BENCH,2016-07-05,113344.94,72
ALL_EW_BENCH,2016-07-06,114424.06,71
ALL_EW_BENCH,2016-07-07,114694.3,71
ALL_EW_BENCH,2016-07-08,116789.52,66
ALL_EW_BENCH,2016-07-11,117534.57,71
ALL_EW_BENCH,2016-07-12,119774.02,70
ALL_EW_BENCH,2016-07-13,119583.31,75
ALL_EW_BENCH,2016-07-14,120714.32,74
ALL_EW_BENCH,2016-07-15,120498.28,74
ALL_EW_BENCH,2016-07-18,121153.93,72
ALL_EW_BENCH,2016-07-19,120712.18,69
ALL_EW_BENCH,2016-07-20,121632.16,65
ALL_EW_BENCH,2016-07-21,121237.44,63
ALL_EW_BENCH,2016-07-22,121930.67,58
ALL_EW_BENCH,2016-07-25,121648.61,57
ALL_EW_BENCH,2016-07-26,121972.0,55
ALL_EW_BENCH,2016-07-27,121434.68,49
ALL_EW_BENCH,2016-07-28,121540.25,45
ALL_EW_BENCH,2016-07-29,121767.06,44
ALL_EW_BENCH,2016-08-01,120876.15,42
ALL_EW_BENCH,2016-08-02,119857.07,41
ALL_EW_BENCH,2016-08-03,121399.95,39
ALL_EW_BENCH,2016-08-04,121468.37,39
ALL_EW_BENCH,2016-08-05,122784.72,38
ALL_EW_BENCH,2016-08-08,122872.42,42
ALL_EW_BENCH,2016-08-09,123072.86,46
ALL_EW_BENCH,2016-08-10,122237.66,46
ALL_EW_BENCH,2016-08-11,123690.1,48
ALL_EW_BENCH,2016-08-12,123817.29,50
ALL_EW_BENCH,2016-08-15,124769.49,49
ALL_EW_BENCH,2016-08-16,124317.27,50
ALL_EW_BENCH,2016-08-17,124511.24,49
ALL_EW_BENCH,2016-08-18,125475.31,49
ALL_EW_BENCH,2016-08-19,125518.48,52
ALL_EW_BENCH,2016-08-22,124858.51,51
ALL_EW_BENCH,2016-08-23,125385.72,48
ALL_EW_BENCH,2016-08-24,124497.71,49
ALL_EW_BENCH,2016-08-25,124466.88,51
ALL_EW_BENCH,2016-08-26,124277.8,51
ALL_EW_BENCH,2016-08-29,124906.47,52
ALL_EW_BENCH,2016-08-30,124966.84,53
ALL_EW_BENCH,2016-08-31,124241.02,53
ALL_EW_BENCH,2016-09-01,124239.18,53
ALL_EW_BENCH,2016-09-02,124586.64,53
ALL_EW_BENCH,2016-09-06,125542.33,55
ALL_EW_BENCH,2016-09-07,125992.19,57
ALL_EW_BENCH,2016-09-08,126038.74,59
ALL_EW_BENCH,2016-09-09,122749.84,60
ALL_EW_BENCH,2016-09-12,124480.4,54
ALL_EW_BENCH,2016-09-13,122104.26,56
ALL_EW_BENCH,2016-09-14,121751.25,56
ALL_EW_BENCH,2016-09-15,122959.93,56
ALL_EW_BENCH,2016-09-16,122381.44,57
ALL_EW_BENCH,2016-09-19,122283.53,59
ALL_EW_BENCH,2016-09-20,122103.69,60
ALL_EW_BENCH,2016-09-21,123517.09,59
ALL_EW_BENCH,2016-09-22,124456.5,66
ALL_EW_BENCH,2016-09-23,123544.48,69
ALL_EW_BENCH,2016-09-26,122472.12,69
ALL_EW_BENCH,2016-09-27,123159.91,69
ALL_EW_BENCH,2016-09-28,124217.93,68
ALL_EW_BENCH,2016-09-29,123537.46,72
ALL_EW_BENCH,2016-09-30,124988.37,73
ALL_EW_BENCH,2016-10-03,124697.53,76
ALL_EW_BENCH,2016-10-04,123885.0,75
ALL_EW_BENCH,2016-10-05,124982.4,72
ALL_EW_BENCH,2016-10-06,124872.13,74
ALL_EW_BENCH,2016-10-07,124232.54,75
ALL_EW_BENCH,2016-10-10,124661.32,72
ALL_EW_BENCH,2016-10-11,123035.82,74
ALL_EW_BENCH,2016-10-12,123112.58,70
ALL_EW_BENCH,2016-10-13,122111.37,69
ALL_EW_BENCH,2016-10-14,122039.55,69
ALL_EW_BENCH,2016-10-17,121066.8,69
ALL_EW_BENCH,2016-10-18,122072.37,69
ALL_EW_BENCH,2016-10-19,122886.7,74
ALL_EW_BENCH,2016-10-20,122778.58,76
ALL_EW_BENCH,2016-10-21,122944.88,78
ALL_EW_BENCH,2016-10-24,123540.09,78
ALL_EW_BENCH,2016-10-25,122602.57,80
ALL_EW_BENCH,2016-10-26,122323.04,79
ALL_EW_BENCH,2016-10-27,121852.18,78
ALL_EW_BENCH,2016-10-28,121148.36,75
ALL_EW_BENCH,2016-10-31,121129.68,73
ALL_EW_BENCH,2016-11-01,120559.35,73
ALL_EW_BENCH,2016-11-02,119769.96,73
ALL_EW_BENCH,2016-11-03,119122.51,71
ALL_EW_BENCH,2016-11-04,118997.17,71
ALL_EW_BENCH,2016-11-07,121726.55,71
ALL_EW_BENCH,2016-11-08,121776.39,75
ALL_EW_BENCH,2016-11-09,123932.6,77
ALL_EW_BENCH,2016-11-10,124919.78,76
ALL_EW_BENCH,2016-11-11,124938.3,79
ALL_EW_BENCH,2016-11-14,125501.88,76
ALL_EW_BENCH,2016-11-15,126841.82,72
ALL_EW_BENCH,2016-11-16,125998.03,71
ALL_EW_BENCH,2016-11-17,126737.95,68
ALL_EW_BENCH,2016-11-18,126531.26,68
ALL_EW_BENCH,2016-11-21,128005.27,66
ALL_EW_BENCH,2016-11-22,128052.52,68
ALL_EW_BENCH,2016-11-23,128161.37,68
ALL_EW_BENCH,2016-11-25,128371.43,69
ALL_EW_BENCH,2016-11-28,127479.59,69
ALL_EW_BENCH,2016-11-29,127178.91,66
ALL_EW_BENCH,2016-11-30,127672.21,65
ALL_EW_BENCH,2016-12-01,126433.87,61
ALL_EW_BENCH,2016-12-02,126731.83,58
ALL_EW_BENCH,2016-12-05,128147.28,54
ALL_EW_BENCH,2016-12-06,128621.96,54
ALL_EW_BENCH,2016-12-07,129660.36,52
ALL_EW_BENCH,2016-12-08,130486.92,55
ALL_EW_BENCH,2016-12-09,131175.47,54
ALL_EW_BENCH,2016-12-12,130591.81,54
ALL_EW_BENCH,2016-12-13,131708.58,55
ALL_EW_BENCH,2016-12-14,130175.17,54
ALL_EW_BENCH,2016-12-15,130244.2,46
ALL_EW_BENCH,2016-12-16,129939.64,47
ALL_EW_BENCH,2016-12-19,130025.55,44
ALL_EW_BENCH,2016-12-20,129823.72,43
ALL_EW_BENCH,2016-12-21,129975.27,44
ALL_EW_BENCH,2016-12-22,129413.56,42
ALL_EW_BENCH,2016-12-23,129998.07,42
ALL_EW_BENCH,2016-12-27,130445.17,42
ALL_EW_BENCH,2016-12-28,129370.8,42
ALL_EW_BENCH,2016-12-29,129368.06,41
ALL_EW_BENCH,2016-12-30,128869.47,41
ALL_EW_BENCH,2017-01-03,130637.13,39
ALL_EW_BENCH,2017-01-04,132102.11,43
ALL_EW_BENCH,2017-01-05,132604.36,49
ALL_EW_BENCH,2017-01-06,133239.9,47
ALL_EW_BENCH,2017-01-09,132711.32,51
ALL_EW_BENCH,2017-01-10,132875.01,53
ALL_EW_BENCH,2017-01-11,132926.62,58
ALL_EW_BENCH,2017-01-12,132387.45,62
ALL_EW_BENCH,2017-01-13,132650.47,57
ALL_EW_BENCH,2017-01-17,131556.9,57
ALL_EW_BENCH,2017-01-18,132246.36,58
ALL_EW_BENCH,2017-01-19,131664.05,58
ALL_EW_BENCH,2017-01-20,131907.83,58
ALL_EW_BENCH,2017-01-23,131081.75,58
ALL_EW_BENCH,2017-01-24,132683.35,59
ALL_EW_BENCH,2017-01-25,133905.47,62
ALL_EW_BENCH,2017-01-26,133424.7,64
ALL_EW_BENCH,2017-01-27,132774.62,64
ALL_EW_BENCH,2017-01-30,131442.38,65
ALL_EW_BENCH,2017-01-31,130521.67,61
ALL_EW_BENCH,2017-02-01,130208.23,57
ALL_EW_BENCH,2017-02-02,129915.28,55
ALL_EW_BENCH,2017-02-03,131123.76,56
ALL_EW_BENCH,2017-02-06,131019.66,58
ALL_EW_BENCH,2017-02-07,130587.72,54
ALL_EW_BENCH,2017-02-08,130363.32,54
ALL_EW_BENCH,2017-02-09,131377.3,60
ALL_EW_BENCH,2017-02-10,131578.18,65
ALL_EW_BENCH,2017-02-13,132272.09,63
ALL_EW_BENCH,2017-02-14,133339.22,62
ALL_EW_BENCH,2017-02-15,133970.13,63
ALL_EW_BENCH,2017-02-16,133273.18,62
ALL_EW_BENCH,2017-02-17,133213.6,59
ALL_EW_BENCH,2017-02-21,134322.51,56
ALL_EW_BENCH,2017-02-22,133755.14,59
ALL_EW_BENCH,2017-02-23,133668.32,57
ALL_EW_BENCH,2017-02-24,133179.53,55
ALL_EW_BENCH,2017-02-27,133334.72,53
ALL_EW_BENCH,2017-02-28,132494.24,51
ALL_EW_BENCH,2017-03-01,133860.98,50
ALL_EW_BENCH,2017-03-02,133127.96,51
ALL_EW_BENCH,2017-03-03,133017.16,48
ALL_EW_BENCH,2017-03-06,132282.4,47
ALL_EW_BENCH,2017-03-07,131037.24,44
ALL_EW_BENCH,2017-03-08,130549.27,43
ALL_EW_BENCH,2017-03-09,130223.21,43
ALL_EW_BENCH,2017-03-10,131092.64,43
ALL_EW_BENCH,2017-03-13,130968.07,43
ALL_EW_BENCH,2017-03-14,130103.32,44
ALL_EW_BENCH,2017-03-15,132004.58,47
ALL_EW_BENCH,2017-03-16,131883.79,51
ALL_EW_BENCH,2017-03-17,131895.27,52
ALL_EW_BENCH,2017-03-20,131584.52,53
ALL_EW_BENCH,2017-03-21,129488.93,53
ALL_EW_BENCH,2017-03-22,129245.02,52
ALL_EW_BENCH,2017-03-23,129304.3,53
ALL_EW_BENCH,2017-03-24,129475.12,53
ALL_EW_BENCH,2017-03-27,129219.65,54
ALL_EW_BENCH,2017-03-28,130252.68,55
ALL_EW_BENCH,2017-03-29,131280.35,59
ALL_EW_BENCH,2017-03-30,131504.37,62
ALL_EW_BENCH,2017-03-31,131577.83,64
ALL_EW_BENCH,2017-04-03,131097.87,65
ALL_EW_BENCH,2017-04-04,131202.12,67
ALL_EW_BENCH,2017-04-05,130832.11,68
ALL_EW_BENCH,2017-04-06,131489.36,67
ALL_EW_BENCH,2017-04-07,131023.04,68
ALL_EW_BENCH,2017-04-10,131614.02,67
ALL_EW_BENCH,2017-04-11,131570.53,68
ALL_EW_BENCH,2017-04-12,130952.46,68
ALL_EW_BENCH,2017-04-13,129936.8,65
ALL_EW_BENCH,2017-04-17,130877.55,65
ALL_EW_BENCH,2017-04-18,130607.2,69
ALL_EW_BENCH,2017-04-19,130280.81,70
ALL_EW_BENCH,2017-04-20,131208.19,74
ALL_EW_BENCH,2017-04-21,130630.91,80
ALL_EW_BENCH,2017-04-24,131860.12,77
ALL_EW_BENCH,2017-04-25,132460.23,84
ALL_EW_BENCH,2017-04-26,132470.02,88
ALL_EW_BENCH,2017-04-27,132679.87,88
ALL_EW_BENCH,2017-04-28,131748.61,83
ALL_EW_BENCH,2017-05-01,131826.11,79
ALL_EW_BENCH,2017-05-02,131069.4,78
ALL_EW_BENCH,2017-05-03,130825.62,77
ALL_EW_BENCH,2017-05-04,130241.89,75
ALL_EW_BENCH,2017-05-05,131097.11,74
ALL_EW_BENCH,2017-05-08,131098.93,77
ALL_EW_BENCH,2017-05-09,131024.57,75
ALL_EW_BENCH,2017-05-10,132001.07,78
ALL_EW_BENCH,2017-05-11,131441.3,79
ALL_EW_BENCH,2017-05-12,130691.93,74
ALL_EW_BENCH,2017-05-15,131638.65,72
ALL_EW_BENCH,2017-05-16,131364.65,72
ALL_EW_BENCH,2017-05-17,128555.24,72
ALL_EW_BENCH,2017-05-18,128753.09,66
ALL_EW_BENCH,2017-05-19,129979.1,66
ALL_EW_BENCH,2017-05-22,130164.61,68
ALL_EW_BENCH,2017-05-23,130372.41,69
ALL_EW_BENCH,2017-05-24,130416.33,69
ALL_EW_BENCH,2017-05-25,130091.78,70
ALL_EW_BENCH,2017-05-26,130256.58,70
ALL_EW_BENCH,2017-05-30,129700.29,70
ALL_EW_BENCH,2017-05-31,129398.97,68
ALL_EW_BENCH,2017-06-01,130494.38,69
ALL_EW_BENCH,2017-06-02,130346.76,70
ALL_EW_BENCH,2017-06-05,130135.33,69
ALL_EW_BENCH,2017-06-06,130178.01,69
ALL_EW_BENCH,2017-06-07,130086.28,70
ALL_EW_BENCH,2017-06-08,130538.06,71
ALL_EW_BENCH,2017-06-09,132220.38,70
ALL_EW_BENCH,2017-06-12,132746.69,71
ALL_EW_BENCH,2017-06-13,133277.99,69
ALL_EW_BENCH,2017-06-14,132394.64,67
ALL_EW_BENCH,2017-06-15,131801.37,65
ALL_EW_BENCH,2017-06-16,131859.56,59
ALL_EW_BENCH,2017-06-19,132480.54,55
ALL_EW_BENCH,2017-06-20,130670.4,57
ALL_EW_BENCH,2017-06-21,129735.52,54
ALL_EW_BENCH,2017-06-22,130364.04,54
ALL_EW_BENCH,2017-06-23,130987.67,55
ALL_EW_BENCH,2017-06-26,131454.66,58
ALL_EW_BENCH,2017-06-27,130357.32,58
ALL_EW_BENCH,2017-06-28,131711.91,58
ALL_EW_BENCH,2017-06-29,131073.09,62
ALL_EW_BENCH,2017-06-30,131610.49,64
ALL_EW_BENCH,2017-07-03,132438.01,66
ALL_EW_BENCH,2017-07-05,131293.68,70
ALL_EW_BENCH,2017-07-06,129493.53,66
ALL_EW_BENCH,2017-07-07,129931.67,61
ALL_EW_BENCH,2017-07-10,130318.95,64
ALL_EW_BENCH,2017-07-11,130274.78,67
ALL_EW_BENCH,2017-07-12,131207.77,68
ALL_EW_BENCH,2017-07-13,131830.19,73
ALL_EW_BENCH,2017-07-14,132870.7,70
ALL_EW_BENCH,2017-07-17,133047.16,72
ALL_EW_BENCH,2017-07-18,132757.43,71
ALL_EW_BENCH,2017-07-19,134110.8,73
ALL_EW_BENCH,2017-07-20,133802.49,74
ALL_EW_BENCH,2017-07-21,133710.62,70
ALL_EW_BENCH,2017-07-24,133149.89,66
ALL_EW_BENCH,2017-07-25,133941.44,64
ALL_EW_BENCH,2017-07-26,133942.48,66
ALL_EW_BENCH,2017-07-27,134998.23,66
ALL_EW_BENCH,2017-07-28,134607.0,63
ALL_EW_BENCH,2017-07-31,134577.63,58
ALL_EW_BENCH,2017-08-01,134919.99,58
ALL_EW_BENCH,2017-08-02,134248.88,56
ALL_EW_BENCH,2017-08-03,133578.72,53
ALL_EW_BENCH,2017-08-04,133854.05,50
ALL_EW_BENCH,2017-08-07,133945.0,49
ALL_EW_BENCH,2017-08-08,134499.36,48
ALL_EW_BENCH,2017-08-09,133986.81,45
ALL_EW_BENCH,2017-08-10,131670.78,41
ALL_EW_BENCH,2017-08-11,131639.1,40
ALL_EW_BENCH,2017-08-14,132859.3,38
ALL_EW_BENCH,2017-08-15,132569.88,41
ALL_EW_BENCH,2017-08-16,132560.43,42
ALL_EW_BENCH,2017-08-17,129854.73,43
ALL_EW_BENCH,2017-08-18,129318.21,44
ALL_EW_BENCH,2017-08-21,129004.6,46
ALL_EW_BENCH,2017-08-22,130949.54,45
ALL_EW_BENCH,2017-08-23,130513.33,47
ALL_EW_BENCH,2017-08-24,130680.2,46
ALL_EW_BENCH,2017-08-25,131066.99,49
ALL_EW_BENCH,2017-08-28,131019.5,54
ALL_EW_BENCH,2017-08-29,130862.15,55
ALL_EW_BENCH,2017-08-30,131646.2,56
ALL_EW_BENCH,2017-08-31,132180.52,60
ALL_EW_BENCH,2017-09-01,132899.04,60
ALL_EW_BENCH,2017-09-05,131552.16,60
ALL_EW_BENCH,2017-09-06,132775.55,61
ALL_EW_BENCH,2017-09-07,132096.31,64
ALL_EW_BENCH,2017-09-08,131180.93,63
ALL_EW_BENCH,2017-09-11,132179.56,60
ALL_EW_BENCH,2017-09-12,133260.47,62
ALL_EW_BENCH,2017-09-13,134024.6,66
ALL_EW_BENCH,2017-09-14,133658.29,67
ALL_EW_BENCH,2017-09-15,133870.85,64
ALL_EW_BENCH,2017-09-18,133879.46,66
ALL_EW_BENCH,2017-09-19,133921.91,63
ALL_EW_BENCH,2017-09-20,134246.3,58
ALL_EW_BENCH,2017-09-21,134091.47,57
ALL_EW_BENCH,2017-09-22,134428.92,54
ALL_EW_BENCH,2017-09-25,134359.18,54
ALL_EW_BENCH,2017-09-26,134489.73,55
ALL_EW_BENCH,2017-09-27,135330.06,52
ALL_EW_BENCH,2017-09-28,135142.21,55
ALL_EW_BENCH,2017-09-29,135439.04,56
ALL_EW_BENCH,2017-10-02,135807.88,55
ALL_EW_BENCH,2017-10-03,136320.22,52
ALL_EW_BENCH,2017-10-04,136943.77,49
ALL_EW_BENCH,2017-10-05,137526.17,56
ALL_EW_BENCH,2017-10-06,137245.12,58
ALL_EW_BENCH,2017-10-09,136732.21,56
ALL_EW_BENCH,2017-10-10,137177.34,53
ALL_EW_BENCH,2017-10-11,137290.96,53
ALL_EW_BENCH,2017-10-12,137388.16,52
ALL_EW_BENCH,2017-10-13,138058.86,51
ALL_EW_BENCH,2017-10-16,137974.2,50
ALL_EW_BENCH,2017-10-17,137899.41,49
ALL_EW_BENCH,2017-10-18,137541.75,49
ALL_EW_BENCH,2017-10-19,137869.2,50
ALL_EW_BENCH,2017-10-20,138071.48,48
ALL_EW_BENCH,2017-10-23,137960.84,53
ALL_EW_BENCH,2017-10-24,137996.38,51
ALL_EW_BENCH,2017-10-25,136668.11,51
ALL_EW_BENCH,2017-10-26,136743.28,50
ALL_EW_BENCH,2017-10-27,136312.56,49
ALL_EW_BENCH,2017-10-30,135449.94,48
ALL_EW_BENCH,2017-10-31,135274.92,44
ALL_EW_BENCH,2017-11-01,135468.25,45
ALL_EW_BENCH,2017-11-02,134616.05,46
ALL_EW_BENCH,2017-11-03,135284.18,44
ALL_EW_BENCH,2017-11-06,136057.84,45
ALL_EW_BENCH,2017-11-07,136323.5,48
ALL_EW_BENCH,2017-11-08,136694.01,48
ALL_EW_BENCH,2017-11-09,137201.28,48
ALL_EW_BENCH,2017-11-10,137500.12,49
ALL_EW_BENCH,2017-11-13,138249.41,48
ALL_EW_BENCH,2017-11-14,137808.46,48
ALL_EW_BENCH,2017-11-15,137056.71,47
ALL_EW_BENCH,2017-11-16,137827.67,45
ALL_EW_BENCH,2017-11-17,138924.42,52
ALL_EW_BENCH,2017-11-20,138842.27,51
ALL_EW_BENCH,2017-11-21,138972.02,53
ALL_EW_BENCH,2017-11-22,139127.73,53
ALL_EW_BENCH,2017-11-24,138989.67,51
ALL_EW_BENCH,2017-11-27,138660.65,52
ALL_EW_BENCH,2017-11-28,140606.2,53
ALL_EW_BENCH,2017-11-29,142218.57,59
ALL_EW_BENCH,2017-11-30,142820.88,61
ALL_EW_BENCH,2017-12-01,143378.32,60
ALL_EW_BENCH,2017-12-04,144434.73,60
ALL_EW_BENCH,2017-12-05,143143.34,61
ALL_EW_BENCH,2017-12-06,142509.78,58
ALL_EW_BENCH,2017-12-07,143119.59,56
ALL_EW_BENCH,2017-12-08,144389.81,58
ALL_EW_BENCH,2017-12-11,144957.1,56
ALL_EW_BENCH,2017-12-12,145411.44,56
ALL_EW_BENCH,2017-12-13,145201.49,56
ALL_EW_BENCH,2017-12-14,144923.86,54
ALL_EW_BENCH,2017-12-15,146580.2,42
ALL_EW_BENCH,2017-12-18,148695.36,46
ALL_EW_BENCH,2017-12-19,148320.6,47
ALL_EW_BENCH,2017-12-20,148740.05,45
ALL_EW_BENCH,2017-12-21,149327.15,41
ALL_EW_BENCH,2017-12-22,149106.32,40
ALL_EW_BENCH,2017-12-26,149407.27,39
ALL_EW_BENCH,2017-12-27,149221.07,38
ALL_EW_BENCH,2017-12-28,149353.96,37
ALL_EW_BENCH,2017-12-29,148375.5,34
ALL_EW_BENCH,2018-01-02,151473.48,33
ALL_EW_BENCH,2018-01-03,153082.87,42
ALL_EW_BENCH,2018-01-04,154065.89,47
ALL_EW_BENCH,2018-01-05,154690.0,47
ALL_EW_BENCH,2018-01-08,154893.12,50
ALL_EW_BENCH,2018-01-09,155009.59,46
ALL_EW_BENCH,2018-01-10,154958.94,43
ALL_EW_BENCH,2018-01-11,156605.93,39
ALL_EW_BENCH,2018-01-12,157758.55,39
ALL_EW_BENCH,2018-01-16,156694.77,39
ALL_EW_BENCH,2018-01-17,158136.62,35
ALL_EW_BENCH,2018-01-18,158125.43,36
ALL_EW_BENCH,2018-01-19,158734.2,34
ALL_EW_BENCH,2018-01-22,159852.33,33
ALL_EW_BENCH,2018-01-23,161562.74,36
ALL_EW_BENCH,2018-01-24,161342.16,37
ALL_EW_BENCH,2018-01-25,159416.17,34
ALL_EW_BENCH,2018-01-26,162104.22,31
ALL_EW_BENCH,2018-01-29,161494.6,32
ALL_EW_BENCH,2018-01-30,159207.53,30
ALL_EW_BENCH,2018-01-31,158947.13,26
ALL_EW_BENCH,2018-02-01,158669.03,25
ALL_EW_BENCH,2018-02-02,156122.66,23
ALL_EW_BENCH,2018-02-05,150358.9,20
ALL_EW_BENCH,2018-02-06,155450.12,19
ALL_EW_BENCH,2018-02-07,154718.79,19
ALL_EW_BENCH,2018-02-08,149210.33,19
ALL_EW_BENCH,2018-02-09,150454.87,18
ALL_EW_BENCH,2018-02-12,152330.73,17
ALL_EW_BENCH,2018-02-13,152355.15,18
ALL_EW_BENCH,2018-02-14,153996.37,19
ALL_EW_BENCH,2018-02-15,156855.86,33
ALL_EW_BENCH,2018-02-16,156494.13,42
ALL_EW_BENCH,2018-02-20,155494.58,50
ALL_EW_BENCH,2018-02-21,154304.13,49
ALL_EW_BENCH,2018-02-22,154388.16,48
ALL_EW_BENCH,2018-02-23,157494.68,47
ALL_EW_BENCH,2018-02-26,159646.87,51
ALL_EW_BENCH,2018-02-27,157599.62,56
ALL_EW_BENCH,2018-02-28,155788.58,48
ALL_EW_BENCH,2018-03-01,154602.51,46
ALL_EW_BENCH,2018-03-02,155705.56,44
ALL_EW_BENCH,2018-03-05,157431.77,45
ALL_EW_BENCH,2018-03-06,157812.33,45
ALL_EW_BENCH,2018-03-07,157269.85,45
ALL_EW_BENCH,2018-03-08,157325.98,43
ALL_EW_BENCH,2018-03-09,159265.36,44
ALL_EW_BENCH,2018-03-12,159384.95,48
ALL_EW_BENCH,2018-03-13,158808.0,46
ALL_EW_BENCH,2018-03-14,157829.36,42
ALL_EW_BENCH,2018-03-15,156941.9,38
ALL_EW_BENCH,2018-03-16,157499.41,37
ALL_EW_BENCH,2018-03-19,154993.75,37
ALL_EW_BENCH,2018-03-20,154483.38,35
ALL_EW_BENCH,2018-03-21,155029.54,35
ALL_EW_BENCH,2018-03-22,151932.6,39
ALL_EW_BENCH,2018-03-23,149186.07,37
ALL_EW_BENCH,2018-03-26,152070.05,37
ALL_EW_BENCH,2018-03-27,149937.96,41
ALL_EW_BENCH,2018-03-28,150308.04,41
ALL_EW_BENCH,2018-03-29,152095.32,41
ALL_EW_BENCH,2018-04-02,148391.5,45
ALL_EW_BENCH,2018-04-03,150198.32,45
ALL_EW_BENCH,2018-04-04,152698.34,47
ALL_EW_BENCH,2018-04-05,153948.29,55
ALL_EW_BENCH,2018-04-06,150895.93,58
ALL_EW_BENCH,2018-04-09,150665.8,53
ALL_EW_BENCH,2018-04-10,153687.96,53
ALL_EW_BENCH,2018-04-11,153101.78,58
ALL_EW_BENCH,2018-04-12,153988.27,58
ALL_EW_BENCH,2018-04-13,153312.31,61
ALL_EW_BENCH,2018-04-16,154582.14,61
ALL_EW_BENCH,2018-04-17,156336.99,67
ALL_EW_BENCH,2018-04-18,156355.21,70
ALL_EW_BENCH,2018-04-19,154776.97,68
ALL_EW_BENCH,2018-04-20,153670.12,62
ALL_EW_BENCH,2018-04-23,153722.84,63
ALL_EW_BENCH,2018-04-24,152387.17,60
ALL_EW_BENCH,2018-04-25,152744.57,52
ALL_EW_BENCH,2018-04-26,155841.3,51
ALL_EW_BENCH,2018-04-27,156518.87,52
ALL_EW_BENCH,2018-04-30,155175.82,54
ALL_EW_BENCH,2018-05-01,155784.76,47
ALL_EW_BENCH,2018-05-02,154336.22,47
ALL_EW_BENCH,2018-05-03,153047.38,46
ALL_EW_BENCH,2018-05-04,155657.39,45
ALL_EW_BENCH,2018-05-07,156122.33,49
ALL_EW_BENCH,2018-05-08,156079.42,49
ALL_EW_BENCH,2018-05-09,157340.43,51
ALL_EW_BENCH,2018-05-10,158763.31,56
ALL_EW_BENCH,2018-05-11,158884.16,56
ALL_EW_BENCH,2018-05-14,159492.01,57
ALL_EW_BENCH,2018-05-15,158826.55,57
ALL_EW_BENCH,2018-05-16,160156.91,53
ALL_EW_BENCH,2018-05-17,160190.22,57
ALL_EW_BENCH,2018-05-18,159052.63,56
ALL_EW_BENCH,2018-05-21,159738.16,48
ALL_EW_BENCH,2018-05-22,159730.73,47
ALL_EW_BENCH,2018-05-23,159797.75,45
ALL_EW_BENCH,2018-05-24,159963.6,47
ALL_EW_BENCH,2018-05-25,160162.44,47
ALL_EW_BENCH,2018-05-29,158304.48,50
ALL_EW_BENCH,2018-05-30,160171.73,48
ALL_EW_BENCH,2018-05-31,158899.86,51
ALL_EW_BENCH,2018-06-01,159769.89,48
ALL_EW_BENCH,2018-06-04,160764.46,49
ALL_EW_BENCH,2018-06-05,160777.57,49
ALL_EW_BENCH,2018-06-06,161932.96,48
ALL_EW_BENCH,2018-06-07,162307.54,49
ALL_EW_BENCH,2018-06-08,163213.82,52
ALL_EW_BENCH,2018-06-11,164153.91,55
ALL_EW_BENCH,2018-06-12,164583.28,53
ALL_EW_BENCH,2018-06-13,163909.08,52
ALL_EW_BENCH,2018-06-14,164289.22,47
ALL_EW_BENCH,2018-06-15,164599.09,47
ALL_EW_BENCH,2018-06-18,163788.53,46
ALL_EW_BENCH,2018-06-19,163917.54,44
ALL_EW_BENCH,2018-06-20,164250.69,42
ALL_EW_BENCH,2018-06-21,163890.23,40
ALL_EW_BENCH,2018-06-22,164727.03,38
ALL_EW_BENCH,2018-06-25,163292.89,39
ALL_EW_BENCH,2018-06-26,163191.72,39
ALL_EW_BENCH,2018-06-27,162077.45,38
ALL_EW_BENCH,2018-06-28,162633.03,37
ALL_EW_BENCH,2018-06-29,162500.79,38
ALL_EW_BENCH,2018-07-02,162465.46,39
ALL_EW_BENCH,2018-07-03,162381.04,39
ALL_EW_BENCH,2018-07-05,163360.55,39
ALL_EW_BENCH,2018-07-06,164798.56,43
ALL_EW_BENCH,2018-07-09,166194.17,51
ALL_EW_BENCH,2018-07-10,166550.0,57
ALL_EW_BENCH,2018-07-11,164764.03,58
ALL_EW_BENCH,2018-07-12,165947.14,56
ALL_EW_BENCH,2018-07-13,165951.64,60
ALL_EW_BENCH,2018-07-16,165919.25,61
ALL_EW_BENCH,2018-07-17,166560.21,59
ALL_EW_BENCH,2018-07-18,167276.3,60
ALL_EW_BENCH,2018-07-19,166333.03,61
ALL_EW_BENCH,2018-07-20,165910.97,60
ALL_EW_BENCH,2018-07-23,166507.87,57
ALL_EW_BENCH,2018-07-24,166217.35,56
ALL_EW_BENCH,2018-07-25,167161.95,55
ALL_EW_BENCH,2018-07-26,168808.99,57
ALL_EW_BENCH,2018-07-27,167826.09,57
ALL_EW_BENCH,2018-07-30,167803.23,56
ALL_EW_BENCH,2018-07-31,167573.75,55
ALL_EW_BENCH,2018-08-01,166659.6,56
ALL_EW_BENCH,2018-08-02,168097.33,52
ALL_EW_BENCH,2018-08-03,168456.06,51
ALL_EW_BENCH,2018-08-06,168795.18,49
ALL_EW_BENCH,2018-08-07,169076.0,50
ALL_EW_BENCH,2018-08-08,169324.01,48
ALL_EW_BENCH,2018-08-09,168842.8,50
ALL_EW_BENCH,2018-08-10,167720.34,50
ALL_EW_BENCH,2018-08-13,166617.26,46
ALL_EW_BENCH,2018-08-14,167779.81,45
ALL_EW_BENCH,2018-08-15,166569.24,47
ALL_EW_BENCH,2018-08-16,168272.03,47
ALL_EW_BENCH,2018-08-17,168431.28,45
ALL_EW_BENCH,2018-08-20,169047.06,49
ALL_EW_BENCH,2018-08-21,169841.43,49
ALL_EW_BENCH,2018-08-22,169950.86,50
ALL_EW_BENCH,2018-08-23,169155.76,49
ALL_EW_BENCH,2018-08-24,170206.1,48
ALL_EW_BENCH,2018-08-27,172081.79,50
ALL_EW_BENCH,2018-08-28,172074.41,56
ALL_EW_BENCH,2018-08-29,172937.05,56
ALL_EW_BENCH,2018-08-30,171346.58,58
ALL_EW_BENCH,2018-08-31,171005.8,55
ALL_EW_BENCH,2018-09-04,169932.84,53
ALL_EW_BENCH,2018-09-05,168995.11,53
ALL_EW_BENCH,2018-09-06,166758.24,52
ALL_EW_BENCH,2018-09-07,166314.28,53
ALL_EW_BENCH,2018-09-10,166735.15,51
ALL_EW_BENCH,2018-09-11,166495.05,50
ALL_EW_BENCH,2018-09-12,166709.08,53
ALL_EW_BENCH,2018-09-13,167327.05,54
ALL_EW_BENCH,2018-09-14,167553.99,55
ALL_EW_BENCH,2018-09-17,167049.55,56
ALL_EW_BENCH,2018-09-18,168076.71,56
ALL_EW_BENCH,2018-09-19,168955.87,59
ALL_EW_BENCH,2018-09-20,170650.75,59
ALL_EW_BENCH,2018-09-21,170757.83,62
ALL_EW_BENCH,2018-09-24,169651.15,61
ALL_EW_BENCH,2018-09-25,168277.66,58
ALL_EW_BENCH,2018-09-26,167591.06,59
ALL_EW_BENCH,2018-09-27,167719.95,56
ALL_EW_BENCH,2018-09-28,167796.77,55
ALL_EW_BENCH,2018-10-01,167886.77,56
ALL_EW_BENCH,2018-10-02,168011.72,54
ALL_EW_BENCH,2018-10-03,168749.7,54
ALL_EW_BENCH,2018-10-04,167130.49,56
ALL_EW_BENCH,2018-10-05,166148.52,54
ALL_EW_BENCH,2018-10-08,166598.97,54
ALL_EW_BENCH,2018-10-09,166006.16,59
ALL_EW_BENCH,2018-10-10,161346.27,59
ALL_EW_BENCH,2018-10-11,158624.21,57
ALL_EW_BENCH,2018-10-12,159420.99,55
ALL_EW_BENCH,2018-10-15,159304.57,56
ALL_EW_BENCH,2018-10-16,161968.16,56
ALL_EW_BENCH,2018-10-17,161946.1,56
ALL_EW_BENCH,2018-10-18,159116.2,56
ALL_EW_BENCH,2018-10-19,159087.01,57
ALL_EW_BENCH,2018-10-22,157652.57,57
ALL_EW_BENCH,2018-10-23,157273.38,57
ALL_EW_BENCH,2018-10-24,152128.13,57
ALL_EW_BENCH,2018-10-25,155417.93,57
ALL_EW_BENCH,2018-10-26,152873.82,56
ALL_EW_BENCH,2018-10-29,152575.47,56
ALL_EW_BENCH,2018-10-30,157043.61,57
ALL_EW_BENCH,2018-10-31,158677.74,60
ALL_EW_BENCH,2018-11-01,161085.29,60
ALL_EW_BENCH,2018-11-02,160816.75,64
ALL_EW_BENCH,2018-11-05,161656.83,67
ALL_EW_BENCH,2018-11-06,163042.6,69
ALL_EW_BENCH,2018-11-07,164887.32,69
ALL_EW_BENCH,2018-11-08,164404.58,71
ALL_EW_BENCH,2018-11-09,162501.99,67
ALL_EW_BENCH,2018-11-12,159968.57,56
ALL_EW_BENCH,2018-11-13,159468.19,45
ALL_EW_BENCH,2018-11-14,159193.99,43
ALL_EW_BENCH,2018-11-15,160889.88,40
ALL_EW_BENCH,2018-11-16,160573.88,39
ALL_EW_BENCH,2018-11-19,157992.14,39
ALL_EW_BENCH,2018-11-20,155779.49,38
ALL_EW_BENCH,2018-11-21,156629.02,35
ALL_EW_BENCH,2018-11-23,154553.44,34
ALL_EW_BENCH,2018-11-26,157654.77,34
ALL_EW_BENCH,2018-11-27,157854.47,36
ALL_EW_BENCH,2018-11-28,161893.84,37
ALL_EW_BENCH,2018-11-29,161168.18,47
ALL_EW_BENCH,2018-11-30,162471.8,47
ALL_EW_BENCH,2018-12-03,164966.77,53
ALL_EW_BENCH,2018-12-04,158678.3,61
ALL_EW_BENCH,2018-12-06,158664.76,51
ALL_EW_BENCH,2018-12-07,154750.92,51
ALL_EW_BENCH,2018-12-10,153785.34,50
ALL_EW_BENCH,2018-12-11,153749.66,51
ALL_EW_BENCH,2018-12-12,154998.34,51
ALL_EW_BENCH,2018-12-13,153680.21,53
ALL_EW_BENCH,2018-12-14,150944.79,52
ALL_EW_BENCH,2018-12-17,147803.17,52
ALL_EW_BENCH,2018-12-18,147813.73,52
ALL_EW_BENCH,2018-12-19,144742.85,51
ALL_EW_BENCH,2018-12-20,142348.94,52
ALL_EW_BENCH,2018-12-21,139048.32,52
ALL_EW_BENCH,2018-12-24,135428.22,52
ALL_EW_BENCH,2018-12-26,142998.55,52
ALL_EW_BENCH,2018-12-27,143840.29,53
ALL_EW_BENCH,2018-12-28,143594.77,54
ALL_EW_BENCH,2018-12-31,144814.75,55
ALL_EW_BENCH,2019-01-02,146199.69,61
ALL_EW_BENCH,2019-01-03,143600.45,67
ALL_EW_BENCH,2019-01-04,148987.79,67
ALL_EW_BENCH,2019-01-07,151422.87,75
ALL_EW_BENCH,2019-01-08,152482.83,80
ALL_EW_BENCH,2019-01-09,153349.92,83
ALL_EW_BENCH,2019-01-10,154027.01,80
ALL_EW_BENCH,2019-01-11,154305.19,81
ALL_EW_BENCH,2019-01-14,153728.93,77
ALL_EW_BENCH,2019-01-15,155022.59,67
ALL_EW_BENCH,2019-01-16,155047.49,64
ALL_EW_BENCH,2019-01-17,155918.1,57
ALL_EW_BENCH,2019-01-18,158419.1,58
ALL_EW_BENCH,2019-01-22,156380.21,58
ALL_EW_BENCH,2019-01-23,156424.33,46
ALL_EW_BENCH,2019-01-24,155946.33,40
ALL_EW_BENCH,2019-01-25,157260.25,36
ALL_EW_BENCH,2019-01-28,155970.25,36
ALL_EW_BENCH,2019-01-29,155007.93,31
ALL_EW_BENCH,2019-01-30,158087.01,30
ALL_EW_BENCH,2019-01-31,159382.62,32
ALL_EW_BENCH,2019-02-01,159906.41,31
ALL_EW_BENCH,2019-02-04,160871.99,31
ALL_EW_BENCH,2019-02-05,161494.6,31
ALL_EW_BENCH,2019-02-06,160465.62,32
ALL_EW_BENCH,2019-02-07,158560.96,28
ALL_EW_BENCH,2019-02-08,159803.17,28
ALL_EW_BENCH,2019-02-11,159772.61,27
ALL_EW_BENCH,2019-02-12,163541.34,26
ALL_EW_BENCH,2019-02-13,165205.27,26
ALL_EW_BENCH,2019-02-14,163776.92,24
ALL_EW_BENCH,2019-02-15,164007.11,24
ALL_EW_BENCH,2019-02-19,165145.19,33
ALL_EW_BENCH,2019-02-20,164909.25,36
ALL_EW_BENCH,2019-02-21,163634.29,36
ALL_EW_BENCH,2019-02-22,164652.19,36
ALL_EW_BENCH,2019-02-25,164509.6,36
ALL_EW_BENCH,2019-02-26,164144.21,34
ALL_EW_BENCH,2019-02-27,163617.39,33
ALL_EW_BENCH,2019-02-28,162246.67,33
ALL_EW_BENCH,2019-03-01,163113.58,32
ALL_EW_BENCH,2019-03-04,162120.5,36
ALL_EW_BENCH,2019-03-05,161642.13,33
ALL_EW_BENCH,2019-03-06,160250.41,34
ALL_EW_BENCH,2019-03-07,158574.3,32
ALL_EW_BENCH,2019-03-08,158528.47,33
ALL_EW_BENCH,2019-03-11,161315.95,33
ALL_EW_BENCH,2019-03-12,161442.24,36
ALL_EW_BENCH,2019-03-13,162745.44,38
ALL_EW_BENCH,2019-03-14,161892.57,40
ALL_EW_BENCH,2019-03-15,162998.36,48
ALL_EW_BENCH,2019-03-18,164048.15,50
ALL_EW_BENCH,2019-03-19,164380.29,52
ALL_EW_BENCH,2019-03-20,163502.63,56
ALL_EW_BENCH,2019-03-21,165962.2,56
ALL_EW_BENCH,2019-03-22,162381.92,60
ALL_EW_BENCH,2019-03-25,162494.48,55
ALL_EW_BENCH,2019-03-26,163878.08,54
ALL_EW_BENCH,2019-03-27,163230.67,54
ALL_EW_BENCH,2019-03-28,163531.87,53
ALL_EW_BENCH,2019-03-29,164737.6,52
ALL_EW_BENCH,2019-04-01,166984.62,56
ALL_EW_BENCH,2019-04-02,165987.66,62
ALL_EW_BENCH,2019-04-03,166748.44,62
ALL_EW_BENCH,2019-04-04,168011.97,61
ALL_EW_BENCH,2019-04-05,168743.53,66
ALL_EW_BENCH,2019-04-08,168710.51,65
ALL_EW_BENCH,2019-04-09,167229.79,65
ALL_EW_BENCH,2019-04-10,167992.09,60
ALL_EW_BENCH,2019-04-11,167751.95,61
ALL_EW_BENCH,2019-04-12,168858.53,59
ALL_EW_BENCH,2019-04-15,168337.02,60
ALL_EW_BENCH,2019-04-16,169355.12,56
ALL_EW_BENCH,2019-04-17,169561.09,56
ALL_EW_BENCH,2019-04-18,169290.32,56
ALL_EW_BENCH,2019-04-22,169111.67,48
ALL_EW_BENCH,2019-04-23,170551.29,44
ALL_EW_BENCH,2019-04-24,170230.88,45
ALL_EW_BENCH,2019-04-25,169688.21,43
ALL_EW_BENCH,2019-04-26,171096.53,43
ALL_EW_BENCH,2019-04-29,171283.15,44
ALL_EW_BENCH,2019-04-30,170909.14,45
ALL_EW_BENCH,2019-05-01,169749.49,46
ALL_EW_BENCH,2019-05-02,169656.06,45
ALL_EW_BENCH,2019-05-03,171860.05,45
ALL_EW_BENCH,2019-05-06,171521.77,46
ALL_EW_BENCH,2019-05-07,167418.48,40
ALL_EW_BENCH,2019-05-08,166876.11,37
ALL_EW_BENCH,2019-05-09,165976.12,36
ALL_EW_BENCH,2019-05-10,165858.75,36
ALL_EW_BENCH,2019-05-13,160703.18,37
ALL_EW_BENCH,2019-05-14,162857.43,37
ALL_EW_BENCH,2019-05-15,163819.66,39
ALL_EW_BENCH,2019-05-16,164763.31,40
ALL_EW_BENCH,2019-05-17,164126.46,43
ALL_EW_BENCH,2019-05-20,163074.23,42
ALL_EW_BENCH,2019-05-21,165076.96,43
ALL_EW_BENCH,2019-05-22,163817.5,46
ALL_EW_BENCH,2019-05-23,161590.69,46
ALL_EW_BENCH,2019-05-24,161951.61,47
ALL_EW_BENCH,2019-05-28,160582.54,48
ALL_EW_BENCH,2019-05-29,159352.49,45
ALL_EW_BENCH,2019-05-30,158808.18,44
ALL_EW_BENCH,2019-05-31,156219.1,44
ALL_EW_BENCH,2019-06-03,156683.01,43
ALL_EW_BENCH,2019-06-04,160129.82,43
ALL_EW_BENCH,2019-06-05,160449.32,55
ALL_EW_BENCH,2019-06-06,161391.5,61
ALL_EW_BENCH,2019-06-07,162155.5,63
ALL_EW_BENCH,2019-06-10,163103.32,67
ALL_EW_BENCH,2019-06-11,163460.6,73
ALL_EW_BENCH,2019-06-12,162393.64,74
ALL_EW_BENCH,2019-06-13,163682.12,71
ALL_EW_BENCH,2019-06-14,162805.99,72
ALL_EW_BENCH,2019-06-17,162859.59,73
ALL_EW_BENCH,2019-06-18,164924.71,73
ALL_EW_BENCH,2019-06-19,164795.73,76
ALL_EW_BENCH,2019-06-20,166281.05,73
ALL_EW_BENCH,2019-06-21,166187.93,75
ALL_EW_BENCH,2019-06-24,165130.09,70
ALL_EW_BENCH,2019-06-25,163463.54,67
ALL_EW_BENCH,2019-06-26,165008.04,61
ALL_EW_BENCH,2019-06-27,166303.87,58
ALL_EW_BENCH,2019-06-28,167825.07,58
ALL_EW_BENCH,2019-07-01,169311.79,59
ALL_EW_BENCH,2019-07-02,168627.84,56
ALL_EW_BENCH,2019-07-03,169647.46,52
ALL_EW_BENCH,2019-07-05,170011.88,52
ALL_EW_BENCH,2019-07-08,169027.03,51
ALL_EW_BENCH,2019-07-09,169158.47,50
ALL_EW_BENCH,2019-07-10,169834.08,50
ALL_EW_BENCH,2019-07-11,170352.13,50
ALL_EW_BENCH,2019-07-12,171542.59,50
ALL_EW_BENCH,2019-07-15,171325.0,50
ALL_EW_BENCH,2019-07-16,170400.94,50
ALL_EW_BENCH,2019-07-17,168448.15,49
ALL_EW_BENCH,2019-07-18,169097.91,47
ALL_EW_BENCH,2019-07-19,168925.67,49
ALL_EW_BENCH,2019-07-22,169301.88,49
ALL_EW_BENCH,2019-07-23,171082.05,49
ALL_EW_BENCH,2019-07-24,173110.98,50
ALL_EW_BENCH,2019-07-25,171570.99,52
ALL_EW_BENCH,2019-07-26,173383.73,49
ALL_EW_BENCH,2019-07-29,172873.57,51
ALL_EW_BENCH,2019-07-30,172754.77,50
ALL_EW_BENCH,2019-07-31,170757.11,49
ALL_EW_BENCH,2019-08-01,169056.3,49
ALL_EW_BENCH,2019-08-02,167723.83,52
ALL_EW_BENCH,2019-08-05,162892.04,51
ALL_EW_BENCH,2019-08-06,163868.36,50
ALL_EW_BENCH,2019-08-07,163809.96,50
ALL_EW_BENCH,2019-08-08,166123.33,52
ALL_EW_BENCH,2019-08-09,164655.32,53
ALL_EW_BENCH,2019-08-12,162504.24,52
ALL_EW_BENCH,2019-08-13,164249.14,50
ALL_EW_BENCH,2019-08-14,159160.43,56
ALL_EW_BENCH,2019-08-15,157639.4,51
ALL_EW_BENCH,2019-08-16,160917.41,51
ALL_EW_BENCH,2019-08-19,162948.98,52
ALL_EW_BENCH,2019-08-20,161370.66,58
ALL_EW_BENCH,2019-08-21,162324.65,57
ALL_EW_BENCH,2019-08-22,162483.86,61
ALL_EW_BENCH,2019-08-23,157904.54,62
ALL_EW_BENCH,2019-08-26,159406.95,62
ALL_EW_BENCH,2019-08-27,158557.35,63
ALL_EW_BENCH,2019-08-28,159838.08,63
ALL_EW_BENCH,2019-08-29,161963.19,62
ALL_EW_BENCH,2019-08-30,162368.97,61
ALL_EW_BENCH,2019-09-03,161095.73,64
ALL_EW_BENCH,2019-09-04,163598.81,64
ALL_EW_BENCH,2019-09-05,167071.53,70
ALL_EW_BENCH,2019-09-06,167007.36,71
ALL_EW_BENCH,2019-09-09,169284.94,70
ALL_EW_BENCH,2019-09-10,171186.39,70
ALL_EW_BENCH,2019-09-11,172762.4,69
ALL_EW_BENCH,2019-09-12,172114.12,65
ALL_EW_BENCH,2019-09-13,172426.7,62
ALL_EW_BENCH,2019-09-16,172800.21,57
ALL_EW_BENCH,2019-09-17,171002.0,49
ALL_EW_BENCH,2019-09-18,170458.64,47
ALL_EW_BENCH,2019-09-19,169831.57,44
ALL_EW_BENCH,2019-09-20,169225.18,39
ALL_EW_BENCH,2019-09-23,169089.25,34
ALL_EW_BENCH,2019-09-24,166906.55,29
ALL_EW_BENCH,2019-09-25,167489.34,29
ALL_EW_BENCH,2019-09-26,166329.13,30
ALL_EW_BENCH,2019-09-27,165214.63,29
ALL_EW_BENCH,2019-09-30,166474.19,28
ALL_EW_BENCH,2019-10-01,165298.04,28
ALL_EW_BENCH,2019-10-02,162838.86,29
ALL_EW_BENCH,2019-10-03,164030.71,29
ALL_EW_BENCH,2019-10-04,165515.89,30
ALL_EW_BENCH,2019-10-07,165089.89,34
ALL_EW_BENCH,2019-10-08,162342.38,35
ALL_EW_BENCH,2019-10-09,163540.16,35
ALL_EW_BENCH,2019-10-10,164435.32,39
ALL_EW_BENCH,2019-10-11,166157.98,43
ALL_EW_BENCH,2019-10-14,166066.31,53
ALL_EW_BENCH,2019-10-15,168041.92,61
ALL_EW_BENCH,2019-10-16,167560.48,69
ALL_EW_BENCH,2019-10-17,168218.66,69
ALL_EW_BENCH,2019-10-18,167462.52,70
ALL_EW_BENCH,2019-10-21,169130.69,69
ALL_EW_BENCH,2019-10-22,169196.48,69
ALL_EW_BENCH,2019-10-23,169813.18,71
ALL_EW_BENCH,2019-10-24,170248.55,73
ALL_EW_BENCH,2019-10-25,171406.21,70
ALL_EW_BENCH,2019-10-28,172178.38,68
ALL_EW_BENCH,2019-10-29,171963.46,67
ALL_EW_BENCH,2019-10-30,171871.43,61
ALL_EW_BENCH,2019-10-31,171333.66,58
ALL_EW_BENCH,2019-11-01,173229.01,51
ALL_EW_BENCH,2019-11-04,174803.46,56
ALL_EW_BENCH,2019-11-05,175266.34,55
ALL_EW_BENCH,2019-11-06,174788.7,54
ALL_EW_BENCH,2019-11-07,175166.8,51
ALL_EW_BENCH,2019-11-08,175649.43,53
ALL_EW_BENCH,2019-11-11,175135.02,52
ALL_EW_BENCH,2019-11-12,174862.14,49
ALL_EW_BENCH,2019-11-13,174655.08,46
ALL_EW_BENCH,2019-11-14,174815.95,43
ALL_EW_BENCH,2019-11-15,175970.15,44
ALL_EW_BENCH,2019-11-18,175658.33,47
ALL_EW_BENCH,2019-11-19,175052.27,47
ALL_EW_BENCH,2019-11-20,174850.84,47
ALL_EW_BENCH,2019-11-21,174593.07,46
ALL_EW_BENCH,2019-11-22,175495.52,46
ALL_EW_BENCH,2019-11-25,176792.8,46
ALL_EW_BENCH,2019-11-26,176641.54,47
ALL_EW_BENCH,2019-11-27,177710.73,47
ALL_EW_BENCH,2019-11-29,176899.73,48
ALL_EW_BENCH,2019-12-02,175641.58,48
ALL_EW_BENCH,2019-12-03,174058.72,44
ALL_EW_BENCH,2019-12-04,175454.17,42
ALL_EW_BENCH,2019-12-05,175727.1,44
ALL_EW_BENCH,2019-12-06,177501.09,45
ALL_EW_BENCH,2019-12-09,177576.16,46
ALL_EW_BENCH,2019-12-10,177782.4,45
ALL_EW_BENCH,2019-12-11,178302.68,44
ALL_EW_BENCH,2019-12-12,181264.21,50
ALL_EW_BENCH,2019-12-13,179833.82,60
ALL_EW_BENCH,2019-12-16,181437.54,57
ALL_EW_BENCH,2019-12-17,181884.18,59
ALL_EW_BENCH,2019-12-18,182208.83,59
ALL_EW_BENCH,2019-12-19,183080.06,60
ALL_EW_BENCH,2019-12-20,184090.5,59
ALL_EW_BENCH,2019-12-23,184742.31,58
ALL_EW_BENCH,2019-12-24,184695.68,57
ALL_EW_BENCH,2019-12-26,185371.51,54
ALL_EW_BENCH,2019-12-27,184876.32,52
ALL_EW_BENCH,2019-12-30,183634.58,48
ALL_EW_BENCH,2019-12-31,184416.96,46
ALL_EW_BENCH,2020-01-02,185340.71,47
ALL_EW_BENCH,2020-01-03,183929.32,51
ALL_EW_BENCH,2020-01-06,184366.6,47
ALL_EW_BENCH,2020-01-07,185229.81,47
ALL_EW_BENCH,2020-01-08,185996.41,48
ALL_EW_BENCH,2020-01-09,186493.2,49
ALL_EW_BENCH,2020-01-10,185782.26,51
ALL_EW_BENCH,2020-01-13,187020.67,49
ALL_EW_BENCH,2020-01-14,187348.3,52
ALL_EW_BENCH,2020-01-15,187267.34,55
ALL_EW_BENCH,2020-01-16,188941.76,56
ALL_EW_BENCH,2020-01-17,189046.95,57
ALL_EW_BENCH,2020-01-21,187719.8,58
ALL_EW_BENCH,2020-01-22,187963.75,53
ALL_EW_BENCH,2020-01-23,187706.96,53
ALL_EW_BENCH,2020-01-24,185681.23,55
ALL_EW_BENCH,2020-01-27,182837.57,53
ALL_EW_BENCH,2020-01-28,184405.19,48
ALL_EW_BENCH,2020-01-29,182952.72,49
ALL_EW_BENCH,2020-01-30,183996.09,47
ALL_EW_BENCH,2020-01-31,180265.12,47
ALL_EW_BENCH,2020-02-03,180968.45,46
ALL_EW_BENCH,2020-02-04,183820.34,49
ALL_EW_BENCH,2020-02-05,186646.47,53
ALL_EW_BENCH,2020-02-06,187026.34,62
ALL_EW_BENCH,2020-02-07,185236.21,63
ALL_EW_BENCH,2020-02-10,186283.56,60
ALL_EW_BENCH,2020-02-11,187616.56,60
ALL_EW_BENCH,2020-02-12,188888.32,60
ALL_EW_BENCH,2020-02-13,187920.15,64
ALL_EW_BENCH,2020-02-14,187106.71,64
ALL_EW_BENCH,2020-02-18,186071.06,62
ALL_EW_BENCH,2020-02-19,187062.97,60
ALL_EW_BENCH,2020-02-20,187115.7,64
ALL_EW_BENCH,2020-02-21,184650.56,65
ALL_EW_BENCH,2020-02-24,177354.6,61
ALL_EW_BENCH,2020-02-25,170650.02,58
ALL_EW_BENCH,2020-02-26,168488.26,58
ALL_EW_BENCH,2020-02-27,161787.09,58
ALL_EW_BENCH,2020-02-28,160876.96,58
ALL_EW_BENCH,2020-03-02,167161.22,58
ALL_EW_BENCH,2020-03-03,161690.6,59
ALL_EW_BENCH,2020-03-04,166805.47,60
ALL_EW_BENCH,2020-03-05,159877.63,63
ALL_EW_BENCH,2020-03-06,155738.17,63
ALL_EW_BENCH,2020-03-09,140070.69,63
ALL_EW_BENCH,2020-03-10,147616.51,63
ALL_EW_BENCH,2020-03-11,138969.84,63
ALL_EW_BENCH,2020-03-12,123621.14,63
ALL_EW_BENCH,2020-03-13,135658.0,62
ALL_EW_BENCH,2020-03-16,117883.46,62
ALL_EW_BENCH,2020-03-17,123852.4,62
ALL_EW_BENCH,2020-03-18,115036.61,62
ALL_EW_BENCH,2020-03-19,117816.57,62
ALL_EW_BENCH,2020-03-20,113017.45,62
ALL_EW_BENCH,2020-03-23,109020.3,62
ALL_EW_BENCH,2020-03-24,121947.62,63
ALL_EW_BENCH,2020-03-25,125077.13,64
ALL_EW_BENCH,2020-03-26,133326.66,64
ALL_EW_BENCH,2020-03-27,127605.87,67
ALL_EW_BENCH,2020-03-30,129467.8,64
ALL_EW_BENCH,2020-03-31,127225.58,71
ALL_EW_BENCH,2020-04-01,119793.98,69
ALL_EW_BENCH,2020-04-02,122263.66,66
ALL_EW_BENCH,2020-04-03,120121.4,68
ALL_EW_BENCH,2020-04-06,128768.27,66
ALL_EW_BENCH,2020-04-07,130682.16,66
ALL_EW_BENCH,2020-04-08,136937.02,62
ALL_EW_BENCH,2020-04-09,140719.61,63
ALL_EW_BENCH,2020-04-13,137697.22,65
ALL_EW_BENCH,2020-04-14,139990.54,58
ALL_EW_BENCH,2020-04-15,135065.81,51
ALL_EW_BENCH,2020-04-16,133500.61,41
ALL_EW_BENCH,2020-04-17,139316.03,40
ALL_EW_BENCH,2020-04-20,136695.73,40
ALL_EW_BENCH,2020-04-21,133432.34,36
ALL_EW_BENCH,2020-04-22,134834.12,29
ALL_EW_BENCH,2020-04-23,136225.41,33
ALL_EW_BENCH,2020-04-24,137779.77,33
ALL_EW_BENCH,2020-04-27,141244.74,33
ALL_EW_BENCH,2020-04-28,145507.34,38
ALL_EW_BENCH,2020-04-29,155116.21,33
ALL_EW_BENCH,2020-04-30,150192.32,32
ALL_EW_BENCH,2020-05-01,141424.35,26
ALL_EW_BENCH,2020-05-04,142689.68,19
ALL_EW_BENCH,2020-05-05,139471.29,19
ALL_EW_BENCH,2020-05-06,135585.29,17
ALL_EW_BENCH,2020-05-07,141045.06,17
ALL_EW_BENCH,2020-05-08,148340.59,18
ALL_EW_BENCH,2020-05-11,145420.18,28
ALL_EW_BENCH,2020-05-12,141752.13,29
ALL_EW_BENCH,2020-05-13,135487.7,29
ALL_EW_BENCH,2020-05-14,139268.88,28
ALL_EW_BENCH,2020-05-15,138721.73,30
ALL_EW_BENCH,2020-05-18,148774.54,32
ALL_EW_BENCH,2020-05-19,146359.52,46
ALL_EW_BENCH,2020-05-20,149447.77,45
ALL_EW_BENCH,2020-05-21,150072.46,55
ALL_EW_BENCH,2020-05-22,149295.56,56
ALL_EW_BENCH,2020-05-26,157349.4,58
ALL_EW_BENCH,2020-05-27,163292.88,59
ALL_EW_BENCH,2020-05-28,158467.21,61
ALL_EW_BENCH,2020-05-29,157067.43,54
ALL_EW_BENCH,2020-06-01,159810.56,49
ALL_EW_BENCH,2020-06-02,161893.12,53
ALL_EW_BENCH,2020-06-03,168561.19,54
ALL_EW_BENCH,2020-06-04,171813.71,53
ALL_EW_BENCH,2020-06-05,181913.47,51
ALL_EW_BENCH,2020-06-08,191044.69,51
ALL_EW_BENCH,2020-06-09,184492.9,51
ALL_EW_BENCH,2020-06-10,177614.02,38
ALL_EW_BENCH,2020-06-11,162129.28,27
ALL_EW_BENCH,2020-06-12,166917.61,15
ALL_EW_BENCH,2020-06-15,169119.29,15
ALL_EW_BENCH,2020-06-16,171873.99,15
ALL_EW_BENCH,2020-06-17,170411.32,15
ALL_EW_BENCH,2020-06-18,170822.63,15
ALL_EW_BENCH,2020-06-19,170701.49,18
ALL_EW_BENCH,2020-06-22,171380.87,18
ALL_EW_BENCH,2020-06-23,170480.59,20
ALL_EW_BENCH,2020-06-24,164576.05,19
ALL_EW_BENCH,2020-06-25,166219.72,18
ALL_EW_BENCH,2020-06-26,164086.27,19
ALL_EW_BENCH,2020-06-29,166945.89,20
ALL_EW_BENCH,2020-06-30,169700.04,21
ALL_EW_BENCH,2020-07-01,168149.46,22
ALL_EW_BENCH,2020-07-02,169407.51,25
ALL_EW_BENCH,2020-07-06,172189.14,26
ALL_EW_BENCH,2020-07-07,168861.71,33
ALL_EW_BENCH,2020-07-08,170169.58,33
ALL_EW_BENCH,2020-07-09,168333.26,34
ALL_EW_BENCH,2020-07-10,170504.17,34
ALL_EW_BENCH,2020-07-13,168530.64,36
ALL_EW_BENCH,2020-07-14,171458.76,33
ALL_EW_BENCH,2020-07-15,175560.29,37
ALL_EW_BENCH,2020-07-16,174440.43,55
ALL_EW_BENCH,2020-07-17,173122.86,58
ALL_EW_BENCH,2020-07-20,172237.02,57
ALL_EW_BENCH,2020-07-21,175928.51,58
ALL_EW_BENCH,2020-07-22,175847.31,63
ALL_EW_BENCH,2020-07-23,175868.46,62
ALL_EW_BENCH,2020-07-24,174326.21,61
ALL_EW_BENCH,2020-07-27,173380.22,60
ALL_EW_BENCH,2020-07-28,172299.95,58
ALL_EW_BENCH,2020-07-29,175326.28,59
ALL_EW_BENCH,2020-07-30,173309.59,60
ALL_EW_BENCH,2020-07-31,172387.93,60
ALL_EW_BENCH,2020-08-03,172648.03,63
ALL_EW_BENCH,2020-08-04,175212.86,66
ALL_EW_BENCH,2020-08-05,177433.39,69
ALL_EW_BENCH,2020-08-06,178006.24,69
ALL_EW_BENCH,2020-08-07,179531.17,69
ALL_EW_BENCH,2020-08-10,184218.74,70
ALL_EW_BENCH,2020-08-11,184491.88,75
ALL_EW_BENCH,2020-08-12,184934.11,73
ALL_EW_BENCH,2020-08-13,182505.83,73
ALL_EW_BENCH,2020-08-14,183470.09,76
ALL_EW_BENCH,2020-08-17,181768.85,75
ALL_EW_BENCH,2020-08-18,180153.51,75
ALL_EW_BENCH,2020-08-19,179469.24,75
ALL_EW_BENCH,2020-08-20,177680.0,73
ALL_EW_BENCH,2020-08-21,176718.9,74
ALL_EW_BENCH,2020-08-24,182226.94,74
ALL_EW_BENCH,2020-08-25,182275.45,75
ALL_EW_BENCH,2020-08-26,180832.52,75
ALL_EW_BENCH,2020-08-27,182519.92,75
ALL_EW_BENCH,2020-08-28,185611.69,76
ALL_EW_BENCH,2020-08-31,182649.24,79
ALL_EW_BENCH,2020-09-01,183105.2,76
ALL_EW_BENCH,2020-09-02,185560.23,77
ALL_EW_BENCH,2020-09-03,182827.02,81
ALL_EW_BENCH,2020-09-04,183818.82,76
ALL_EW_BENCH,2020-09-08,178748.52,75
ALL_EW_BENCH,2020-09-09,179017.75,75
ALL_EW_BENCH,2020-09-10,175741.62,76
ALL_EW_BENCH,2020-09-11,176222.16,76
ALL_EW_BENCH,2020-09-14,179419.89,76
ALL_EW_BENCH,2020-09-15,178459.97,76
ALL_EW_BENCH,2020-09-16,181619.29,79
ALL_EW_BENCH,2020-09-17,180749.63,82
ALL_EW_BENCH,2020-09-18,178644.78,78
ALL_EW_BENCH,2020-09-21,172537.99,77
ALL_EW_BENCH,2020-09-22,172457.84,76
ALL_EW_BENCH,2020-09-23,167991.48,76
ALL_EW_BENCH,2020-09-24,167797.88,76
ALL_EW_BENCH,2020-09-25,169560.17,75
ALL_EW_BENCH,2020-09-28,174297.29,76
ALL_EW_BENCH,2020-09-29,171384.01,81
ALL_EW_BENCH,2020-09-30,172488.19,83
ALL_EW_BENCH,2020-10-01,172443.83,92
ALL_EW_BENCH,2020-10-02,172936.47,96
ALL_EW_BENCH,2020-10-05,176304.52,93
ALL_EW_BENCH,2020-10-06,173796.51,95
ALL_EW_BENCH,2020-10-07,177709.48,93
ALL_EW_BENCH,2020-10-08,181169.39,95
ALL_EW_BENCH,2020-10-09,181088.84,99
ALL_EW_BENCH,2020-10-12,182370.32,99
ALL_EW_BENCH,2020-10-13,179494.69,100
ALL_EW_BENCH,2020-10-14,178827.37,98
ALL_EW_BENCH,2020-10-15,179687.48,93
ALL_EW_BENCH,2020-10-16,178592.67,89
ALL_EW_BENCH,2020-10-19,177057.86,87
ALL_EW_BENCH,2020-10-20,179380.5,84
ALL_EW_BENCH,2020-10-21,178187.41,82
ALL_EW_BENCH,2020-10-22,183236.58,82
ALL_EW_BENCH,2020-10-23,183483.95,84
ALL_EW_BENCH,2020-10-26,177631.79,83
ALL_EW_BENCH,2020-10-27,174315.68,81
ALL_EW_BENCH,2020-10-28,167714.38,82
ALL_EW_BENCH,2020-10-29,170755.87,82
ALL_EW_BENCH,2020-10-30,171507.41,82
ALL_EW_BENCH,2020-11-02,175160.53,82
ALL_EW_BENCH,2020-11-03,178307.14,84
ALL_EW_BENCH,2020-11-04,177450.6,87
ALL_EW_BENCH,2020-11-05,181671.47,91
ALL_EW_BENCH,2020-11-06,180020.53,96
ALL_EW_BENCH,2020-11-09,195495.49,95
ALL_EW_BENCH,2020-11-10,195799.91,95
ALL_EW_BENCH,2020-11-11,194653.51,90
ALL_EW_BENCH,2020-11-12,190471.83,83
ALL_EW_BENCH,2020-11-13,195940.32,73
ALL_EW_BENCH,2020-11-16,202895.82,73
ALL_EW_BENCH,2020-11-17,202445.78,72
ALL_EW_BENCH,2020-11-18,200155.13,72
ALL_EW_BENCH,2020-11-19,202586.81,64
ALL_EW_BENCH,2020-11-20,200846.63,64
ALL_EW_BENCH,2020-11-23,206855.05,60
ALL_EW_BENCH,2020-11-24,213305.59,60
ALL_EW_BENCH,2020-11-25,212221.34,60
ALL_EW_BENCH,2020-11-27,212616.1,51
ALL_EW_BENCH,2020-11-30,209644.03,50
ALL_EW_BENCH,2020-12-01,212266.1,47
ALL_EW_BENCH,2020-12-02,214116.08,48
ALL_EW_BENCH,2020-12-03,216568.17,48
ALL_EW_BENCH,2020-12-04,220801.81,47
ALL_EW_BENCH,2020-12-07,219934.16,47
ALL_EW_BENCH,2020-12-08,221426.68,46
ALL_EW_BENCH,2020-12-09,219232.63,43
ALL_EW_BENCH,2020-12-10,220420.37,39
ALL_EW_BENCH,2020-12-11,217965.49,38
ALL_EW_BENCH,2020-12-14,214854.34,39
ALL_EW_BENCH,2020-12-15,218710.09,38
ALL_EW_BENCH,2020-12-16,219104.96,39
ALL_EW_BENCH,2020-12-17,219533.69,39
ALL_EW_BENCH,2020-12-18,218009.24,40
ALL_EW_BENCH,2020-12-21,215994.13,40
ALL_EW_BENCH,2020-12-22,214293.66,42
ALL_EW_BENCH,2020-12-23,216758.12,42
ALL_EW_BENCH,2020-12-24,216329.42,43
ALL_EW_BENCH,2020-12-28,217285.56,43
ALL_EW_BENCH,2020-12-29,216269.98,48
ALL_EW_BENCH,2020-12-30,217585.46,49
ALL_EW_BENCH,2020-12-31,218185.72,54
ALL_EW_BENCH,2021-01-04,214793.31,61
ALL_EW_BENCH,2021-01-05,218570.97,62
ALL_EW_BENCH,2021-01-06,223368.81,68
ALL_EW_BENCH,2021-01-07,226269.03,76
ALL_EW_BENCH,2021-01-08,226013.92,80
ALL_EW_BENCH,2021-01-11,226944.22,78
ALL_EW_BENCH,2021-01-12,230516.71,77
ALL_EW_BENCH,2021-01-13,229970.14,78
ALL_EW_BENCH,2021-01-14,233725.1,73
ALL_EW_BENCH,2021-01-15,229784.88,73
ALL_EW_BENCH,2021-01-19,232312.29,68
ALL_EW_BENCH,2021-01-20,233660.51,68
ALL_EW_BENCH,2021-01-21,231866.47,68
ALL_EW_BENCH,2021-01-22,230418.59,68
ALL_EW_BENCH,2021-01-25,228986.65,66
ALL_EW_BENCH,2021-01-26,228023.44,68
ALL_EW_BENCH,2021-01-27,223693.07,66
ALL_EW_BENCH,2021-01-28,227270.19,65
ALL_EW_BENCH,2021-01-29,221775.47,65
ALL_EW_BENCH,2021-02-01,224067.62,62
ALL_EW_BENCH,2021-02-02,228062.33,61
ALL_EW_BENCH,2021-02-03,231271.46,62
ALL_EW_BENCH,2021-02-04,235032.76,65
ALL_EW_BENCH,2021-02-05,236277.44,73
ALL_EW_BENCH,2021-02-08,240957.31,79
ALL_EW_BENCH,2021-02-09,240095.45,84
ALL_EW_BENCH,2021-02-10,241495.83,78
ALL_EW_BENCH,2021-02-11,240924.34,79
ALL_EW_BENCH,2021-02-12,242939.3,80
ALL_EW_BENCH,2021-02-16,246761.04,80
ALL_EW_BENCH,2021-02-17,247589.71,80
ALL_EW_BENCH,2021-02-18,245842.78,80
ALL_EW_BENCH,2021-02-19,249648.76,79
ALL_EW_BENCH,2021-02-22,252571.02,79
ALL_EW_BENCH,2021-02-23,254380.98,76
ALL_EW_BENCH,2021-02-24,260499.25,75
ALL_EW_BENCH,2021-02-25,253762.55,77
ALL_EW_BENCH,2021-02-26,251522.8,63
ALL_EW_BENCH,2021-03-01,256665.39,63
ALL_EW_BENCH,2021-03-02,255824.76,63
ALL_EW_BENCH,2021-03-03,255900.25,63
ALL_EW_BENCH,2021-03-04,253300.64,62
ALL_EW_BENCH,2021-03-05,257625.31,60
ALL_EW_BENCH,2021-03-08,259040.95,63
ALL_EW_BENCH,2021-03-09,259023.9,67
ALL_EW_BENCH,2021-03-10,262193.97,66
ALL_EW_BENCH,2021-03-11,264117.6,68
ALL_EW_BENCH,2021-03-12,266255.95,73
ALL_EW_BENCH,2021-03-15,269225.17,74
ALL_EW_BENCH,2021-03-16,266480.17,76
ALL_EW_BENCH,2021-03-17,268397.24,74
ALL_EW_BENCH,2021-03-18,262995.27,73
ALL_EW_BENCH,2021-03-19,263463.65,70
ALL_EW_BENCH,2021-03-22,263739.13,69
ALL_EW_BENCH,2021-03-23,258798.16,70
ALL_EW_BENCH,2021-03-24,257530.74,70
ALL_EW_BENCH,2021-03-25,259993.42,68
ALL_EW_BENCH,2021-03-26,265237.41,69
ALL_EW_BENCH,2021-03-29,263264.39,73
ALL_EW_BENCH,2021-03-30,264220.18,70
ALL_EW_BENCH,2021-03-31,264330.34,67
ALL_EW_BENCH,2021-04-01,268792.51,66
ALL_EW_BENCH,2021-04-05,270823.07,70
ALL_EW_BENCH,2021-04-06,271400.38,71
ALL_EW_BENCH,2021-04-07,271562.74,68
ALL_EW_BENCH,2021-04-08,271804.17,65
ALL_EW_BENCH,2021-04-09,272844.57,65
ALL_EW_BENCH,2021-04-12,271375.08,64
ALL_EW_BENCH,2021-04-13,270631.04,61
ALL_EW_BENCH,2021-04-14,272418.6,61
ALL_EW_BENCH,2021-04-15,272107.85,59
ALL_EW_BENCH,2021-04-16,272261.06,59
ALL_EW_BENCH,2021-04-19,271003.88,62
ALL_EW_BENCH,2021-04-20,264601.11,61
ALL_EW_BENCH,2021-04-21,269992.51,57
ALL_EW_BENCH,2021-04-22,267242.71,58
ALL_EW_BENCH,2021-04-23,271962.66,54
ALL_EW_BENCH,2021-04-26,274321.77,53
ALL_EW_BENCH,2021-04-27,275716.2,53
ALL_EW_BENCH,2021-04-28,278776.28,55
ALL_EW_BENCH,2021-04-29,280137.79,57
ALL_EW_BENCH,2021-04-30,276832.33,57
ALL_EW_BENCH,2021-05-03,278740.04,52
ALL_EW_BENCH,2021-05-04,276975.64,56
ALL_EW_BENCH,2021-05-05,280679.48,55
ALL_EW_BENCH,2021-05-06,279914.88,54
ALL_EW_BENCH,2021-05-07,284490.87,56
ALL_EW_BENCH,2021-05-10,282378.75,56
ALL_EW_BENCH,2021-05-11,279781.91,52
ALL_EW_BENCH,2021-05-12,274055.4,42
ALL_EW_BENCH,2021-05-13,276421.74,40
ALL_EW_BENCH,2021-05-14,284648.59,40
ALL_EW_BENCH,2021-05-17,287485.1,41
ALL_EW_BENCH,2021-05-18,285911.14,41
ALL_EW_BENCH,2021-05-19,284087.91,40
ALL_EW_BENCH,2021-05-20,286152.19,39
ALL_EW_BENCH,2021-05-21,286568.17,47
ALL_EW_BENCH,2021-05-24,290234.27,47
ALL_EW_BENCH,2021-05-25,290128.86,52
ALL_EW_BENCH,2021-05-26,292618.37,52
ALL_EW_BENCH,2021-05-27,295669.85,55
ALL_EW_BENCH,2021-05-28,295408.83,58
ALL_EW_BENCH,2021-06-01,298114.99,55
ALL_EW_BENCH,2021-06-02,299994.61,60
ALL_EW_BENCH,2021-06-03,297660.73,60
ALL_EW_BENCH,2021-06-04,300142.87,51
ALL_EW_BENCH,2021-06-07,300235.49,52
ALL_EW_BENCH,2021-06-08,299784.57,51
ALL_EW_BENCH,2021-06-09,298229.01,50
ALL_EW_BENCH,2021-06-10,299572.72,50
ALL_EW_BENCH,2021-06-11,300280.88,52
ALL_EW_BENCH,2021-06-14,299585.92,51
ALL_EW_BENCH,2021-06-15,298165.16,49
ALL_EW_BENCH,2021-06-16,296736.12,50
ALL_EW_BENCH,2021-06-17,295338.53,52
ALL_EW_BENCH,2021-06-18,290880.29,53
ALL_EW_BENCH,2021-06-21,294910.4,53
ALL_EW_BENCH,2021-06-22,296155.41,53
ALL_EW_BENCH,2021-06-23,297116.02,53
ALL_EW_BENCH,2021-06-24,299512.85,53
ALL_EW_BENCH,2021-06-25,301107.99,55
ALL_EW_BENCH,2021-06-28,300028.11,61
ALL_EW_BENCH,2021-06-29,299386.32,61
ALL_EW_BENCH,2021-06-30,301610.83,62
ALL_EW_BENCH,2021-07-01,302028.92,65
ALL_EW_BENCH,2021-07-02,302362.56,66
ALL_EW_BENCH,2021-07-06,298367.67,68
ALL_EW_BENCH,2021-07-07,297019.08,64
ALL_EW_BENCH,2021-07-08,293606.16,63
ALL_EW_BENCH,2021-07-09,299162.58,62
ALL_EW_BENCH,2021-07-12,300526.27,62
ALL_EW_BENCH,2021-07-13,297268.09,62
ALL_EW_BENCH,2021-07-14,296314.81,61
ALL_EW_BENCH,2021-07-15,295016.4,61
ALL_EW_BENCH,2021-07-16,291164.33,61
ALL_EW_BENCH,2021-07-19,285430.09,61
ALL_EW_BENCH,2021-07-20,291454.13,58
ALL_EW_BENCH,2021-07-21,296760.67,58
ALL_EW_BENCH,2021-07-22,294423.18,58
ALL_EW_BENCH,2021-07-23,295064.28,58
ALL_EW_BENCH,2021-07-26,298621.48,57
ALL_EW_BENCH,2021-07-27,296688.07,58
ALL_EW_BENCH,2021-07-28,298145.57,58
ALL_EW_BENCH,2021-07-29,299968.82,57
ALL_EW_BENCH,2021-07-30,297876.16,64
ALL_EW_BENCH,2021-08-02,297074.2,64
ALL_EW_BENCH,2021-08-03,299595.55,63
ALL_EW_BENCH,2021-08-04,295889.15,66
ALL_EW_BENCH,2021-08-05,300990.9,62
ALL_EW_BENCH,2021-08-06,303333.14,62
ALL_EW_BENCH,2021-08-09,302324.21,62
ALL_EW_BENCH,2021-08-10,305309.91,61
ALL_EW_BENCH,2021-08-11,307907.07,61
ALL_EW_BENCH,2021-08-12,306822.98,65
ALL_EW_BENCH,2021-08-13,304513.57,64
ALL_EW_BENCH,2021-08-16,301958.33,56
ALL_EW_BENCH,2021-08-17,298166.91,52
ALL_EW_BENCH,2021-08-18,294938.53,47
ALL_EW_BENCH,2021-08-19,291984.11,45
ALL_EW_BENCH,2021-08-20,293904.52,45
ALL_EW_BENCH,2021-08-23,299929.09,46
ALL_EW_BENCH,2021-08-24,303858.64,47
ALL_EW_BENCH,2021-08-25,305279.97,49
ALL_EW_BENCH,2021-08-26,301912.69,54
ALL_EW_BENCH,2021-08-27,307350.63,55
ALL_EW_BENCH,2021-08-30,305689.19,59
ALL_EW_BENCH,2021-08-31,306629.16,58
ALL_EW_BENCH,2021-09-01,304743.39,58
ALL_EW_BENCH,2021-09-02,307367.65,61
ALL_EW_BENCH,2021-09-03,306556.19,62
ALL_EW_BENCH,2021-09-07,305132.48,62
ALL_EW_BENCH,2021-09-08,301886.62,60
ALL_EW_BENCH,2021-09-09,302598.77,59
ALL_EW_BENCH,2021-09-10,300796.42,59
ALL_EW_BENCH,2021-09-13,304658.5,59
ALL_EW_BENCH,2021-09-14,301455.16,63
ALL_EW_BENCH,2021-09-15,305908.58,63
ALL_EW_BENCH,2021-09-16,304749.51,67
ALL_EW_BENCH,2021-09-17,302610.44,67
ALL_EW_BENCH,2021-09-20,296500.57,64
ALL_EW_BENCH,2021-09-21,295740.61,63
ALL_EW_BENCH,2021-09-22,300989.63,64
ALL_EW_BENCH,2021-09-23,306929.36,64
ALL_EW_BENCH,2021-09-24,307897.08,74
ALL_EW_BENCH,2021-09-27,311759.88,75
ALL_EW_BENCH,2021-09-28,307884.61,77
ALL_EW_BENCH,2021-09-29,307641.19,72
ALL_EW_BENCH,2021-09-30,303345.25,67
ALL_EW_BENCH,2021-10-01,307344.81,59
ALL_EW_BENCH,2021-10-04,305335.2,59
ALL_EW_BENCH,2021-10-05,307844.77,59
ALL_EW_BENCH,2021-10-06,307561.49,60
ALL_EW_BENCH,2021-10-07,310814.77,60
ALL_EW_BENCH,2021-10-08,310500.96,63
ALL_EW_BENCH,2021-10-11,308057.65,65
ALL_EW_BENCH,2021-10-12,306758.08,63
ALL_EW_BENCH,2021-10-13,307954.39,63
ALL_EW_BENCH,2021-10-14,312640.92,64
ALL_EW_BENCH,2021-10-15,314107.28,66
ALL_EW_BENCH,2021-10-18,314413.22,66
ALL_EW_BENCH,2021-10-19,315949.81,64
ALL_EW_BENCH,2021-10-20,316810.65,64
ALL_EW_BENCH,2021-10-21,316315.11,62
ALL_EW_BENCH,2021-10-22,315126.93,58
ALL_EW_BENCH,2021-10-25,316343.51,58
ALL_EW_BENCH,2021-10-26,315884.11,57
ALL_EW_BENCH,2021-10-27,310993.06,56
ALL_EW_BENCH,2021-10-28,313313.0,51
ALL_EW_BENCH,2021-10-29,312611.3,51
ALL_EW_BENCH,2021-11-01,316304.89,50
ALL_EW_BENCH,2021-11-02,317633.91,54
ALL_EW_BENCH,2021-11-03,321152.31,54
ALL_EW_BENCH,2021-11-04,320746.49,58
ALL_EW_BENCH,2021-11-05,325592.65,57
ALL_EW_BENCH,2021-11-08,325902.52,63
ALL_EW_BENCH,2021-11-09,324736.88,53
ALL_EW_BENCH,2021-11-10,322469.89,53
ALL_EW_BENCH,2021-11-11,324450.12,50
ALL_EW_BENCH,2021-11-12,324962.92,52
ALL_EW_BENCH,2021-11-15,325390.03,53
ALL_EW_BENCH,2021-11-16,325040.08,51
ALL_EW_BENCH,2021-11-17,322642.25,51
ALL_EW_BENCH,2021-11-18,320961.54,49
ALL_EW_BENCH,2021-11-19,316845.99,50
ALL_EW_BENCH,2021-11-22,317556.72,48
ALL_EW_BENCH,2021-11-23,318277.36,47
ALL_EW_BENCH,2021-11-24,318576.9,51
ALL_EW_BENCH,2021-11-26,311902.33,51
ALL_EW_BENCH,2021-11-29,313230.31,50
ALL_EW_BENCH,2021-11-30,304995.46,53
ALL_EW_BENCH,2021-12-01,299585.83,52
ALL_EW_BENCH,2021-12-02,306510.11,50
ALL_EW_BENCH,2021-12-03,305563.7,51
ALL_EW_BENCH,2021-12-06,310688.51,52
ALL_EW_BENCH,2021-12-07,314534.47,54
ALL_EW_BENCH,2021-12-08,314251.38,66
ALL_EW_BENCH,2021-12-09,311420.67,68
ALL_EW_BENCH,2021-12-10,313910.84,70
ALL_EW_BENCH,2021-12-13,308873.67,70
ALL_EW_BENCH,2021-12-14,307645.64,69
ALL_EW_BENCH,2021-12-15,309115.85,69
ALL_EW_BENCH,2021-12-16,309858.77,69
ALL_EW_BENCH,2021-12-17,306114.48,67
ALL_EW_BENCH,2021-12-20,301371.52,68
ALL_EW_BENCH,2021-12-21,309399.91,68
ALL_EW_BENCH,2021-12-22,311095.9,72
ALL_EW_BENCH,2021-12-23,313417.52,74
ALL_EW_BENCH,2021-12-27,317296.81,74
ALL_EW_BENCH,2021-12-28,317035.22,77
ALL_EW_BENCH,2021-12-29,316212.35,75
ALL_EW_BENCH,2021-12-30,315929.09,71
ALL_EW_BENCH,2021-12-31,314690.43,66
ALL_EW_BENCH,2022-01-03,321859.71,64
ALL_EW_BENCH,2022-01-04,327537.9,62
ALL_EW_BENCH,2022-01-05,323022.53,62
ALL_EW_BENCH,2022-01-06,326712.02,51
ALL_EW_BENCH,2022-01-07,331602.76,49
ALL_EW_BENCH,2022-01-10,330183.87,48
ALL_EW_BENCH,2022-01-11,334011.18,42
ALL_EW_BENCH,2022-01-12,334614.96,39
ALL_EW_BENCH,2022-01-13,331556.71,39
ALL_EW_BENCH,2022-01-14,335881.57,39
ALL_EW_BENCH,2022-01-18,329058.55,39
ALL_EW_BENCH,2022-01-19,323865.98,38
ALL_EW_BENCH,2022-01-20,317672.91,33
ALL_EW_BENCH,2022-01-21,307425.5,29
ALL_EW_BENCH,2022-01-24,309950.39,25
ALL_EW_BENCH,2022-01-25,306887.75,24
ALL_EW_BENCH,2022-01-26,305946.79,25
ALL_EW_BENCH,2022-01-27,304635.19,25
ALL_EW_BENCH,2022-01-28,311961.66,28
ALL_EW_BENCH,2022-01-31,319664.29,33
ALL_EW_BENCH,2022-02-01,322624.77,38
ALL_EW_BENCH,2022-02-02,320435.42,48
ALL_EW_BENCH,2022-02-03,313646.15,51
ALL_EW_BENCH,2022-02-04,315245.77,49
ALL_EW_BENCH,2022-02-07,314909.59,52
ALL_EW_BENCH,2022-02-08,317503.31,54
ALL_EW_BENCH,2022-02-09,323862.72,56
ALL_EW_BENCH,2022-02-10,319088.87,56
ALL_EW_BENCH,2022-02-11,313042.96,51
ALL_EW_BENCH,2022-02-14,310254.16,45
ALL_EW_BENCH,2022-02-15,316213.19,43
ALL_EW_BENCH,2022-02-16,314382.29,43
ALL_EW_BENCH,2022-02-17,309467.84,43
ALL_EW_BENCH,2022-02-18,307797.1,40
ALL_EW_BENCH,2022-02-22,305476.15,39
ALL_EW_BENCH,2022-02-23,300918.08,36
ALL_EW_BENCH,2022-02-24,302703.17,38
ALL_EW_BENCH,2022-02-25,309485.32,39
ALL_EW_BENCH,2022-02-28,306969.21,44
ALL_EW_BENCH,2022-03-01,301638.9,43
ALL_EW_BENCH,2022-03-02,307630.15,44
ALL_EW_BENCH,2022-03-03,306508.39,50
ALL_EW_BENCH,2022-03-04,305223.89,52
ALL_EW_BENCH,2022-03-07,298816.86,52
ALL_EW_BENCH,2022-03-08,297792.38,51
ALL_EW_BENCH,2022-03-09,302768.15,47
ALL_EW_BENCH,2022-03-10,300076.66,45
ALL_EW_BENCH,2022-03-11,295697.12,46
ALL_EW_BENCH,2022-03-14,292675.2,43
ALL_EW_BENCH,2022-03-15,298543.4,40
ALL_EW_BENCH,2022-03-16,308498.23,42
ALL_EW_BENCH,2022-03-17,311536.53,53
ALL_EW_BENCH,2022-03-18,315532.6,57
ALL_EW_BENCH,2022-03-21,312991.09,64
ALL_EW_BENCH,2022-03-22,318190.38,63
ALL_EW_BENCH,2022-03-23,313380.39,66
ALL_EW_BENCH,2022-03-24,317848.94,54
ALL_EW_BENCH,2022-03-25,319652.57,54
ALL_EW_BENCH,2022-03-28,320362.11,54
ALL_EW_BENCH,2022-03-29,327228.7,50
ALL_EW_BENCH,2022-03-30,323108.4,51
ALL_EW_BENCH,2022-03-31,319005.35,45
ALL_EW_BENCH,2022-04-01,318923.85,37
ALL_EW_BENCH,2022-04-04,321649.28,37
ALL_EW_BENCH,2022-04-05,315377.36,34
ALL_EW_BENCH,2022-04-06,310483.86,29
ALL_EW_BENCH,2022-04-07,309963.5,24
ALL_EW_BENCH,2022-04-08,312395.95,24
ALL_EW_BENCH,2022-04-11,305773.56,27
ALL_EW_BENCH,2022-04-12,306152.3,26
ALL_EW_BENCH,2022-04-13,309530.4,25
ALL_EW_BENCH,2022-04-14,307827.03,30
ALL_EW_BENCH,2022-04-18,307825.26,30
ALL_EW_BENCH,2022-04-19,313234.91,31
ALL_EW_BENCH,2022-04-20,309924.22,34
ALL_EW_BENCH,2022-04-21,304614.62,36
ALL_EW_BENCH,2022-04-22,296294.8,37
ALL_EW_BENCH,2022-04-25,295583.33,36
ALL_EW_BENCH,2022-04-26,287994.41,37
ALL_EW_BENCH,2022-04-27,287872.08,35
ALL_EW_BENCH,2022-04-28,293092.79,35
ALL_EW_BENCH,2022-04-29,283934.42,37
ALL_EW_BENCH,2022-05-02,287128.13,38
ALL_EW_BENCH,2022-05-03,290113.27,40
ALL_EW_BENCH,2022-05-04,299268.18,50
ALL_EW_BENCH,2022-05-05,290014.75,63
ALL_EW_BENCH,2022-05-06,288879.98,58
ALL_EW_BENCH,2022-05-09,276977.96,59
ALL_EW_BENCH,2022-05-10,277812.01,58
ALL_EW_BENCH,2022-05-11,273891.16,58
ALL_EW_BENCH,2022-05-12,274444.54,58
ALL_EW_BENCH,2022-05-13,283379.18,59
ALL_EW_BENCH,2022-05-16,283116.46,61
ALL_EW_BENCH,2022-05-17,291576.09,66
ALL_EW_BENCH,2022-05-18,279408.99,67
ALL_EW_BENCH,2022-05-19,277607.01,54
ALL_EW_BENCH,2022-05-20,277185.59,54
ALL_EW_BENCH,2022-05-23,281665.53,54
ALL_EW_BENCH,2022-05-24,277831.15,57
ALL_EW_BENCH,2022-05-25,282281.56,56
ALL_EW_BENCH,2022-05-26,290098.8,59
ALL_EW_BENCH,2022-05-27,296662.55,67
ALL_EW_BENCH,2022-05-31,295004.49,71
ALL_EW_BENCH,2022-06-01,291654.95,65
ALL_EW_BENCH,2022-06-02,297188.38,55
ALL_EW_BENCH,2022-06-03,291551.61,60
ALL_EW_BENCH,2022-06-06,292129.16,51
ALL_EW_BENCH,2022-06-07,294481.39,51
ALL_EW_BENCH,2022-06-08,290187.88,51
ALL_EW_BENCH,2022-06-09,281520.11,45
ALL_EW_BENCH,2022-06-10,272607.24,42
ALL_EW_BENCH,2022-06-13,260424.93,41
ALL_EW_BENCH,2022-06-14,259428.82,41
ALL_EW_BENCH,2022-06-15,264805.72,41
ALL_EW_BENCH,2022-06-16,253654.88,41
ALL_EW_BENCH,2022-06-17,256697.35,41
ALL_EW_BENCH,2022-06-21,260902.05,41
ALL_EW_BENCH,2022-06-22,260806.68,44
ALL_EW_BENCH,2022-06-23,261402.76,46
ALL_EW_BENCH,2022-06-24,270561.16,56
ALL_EW_BENCH,2022-06-27,268915.63,60
ALL_EW_BENCH,2022-06-28,263806.33,58
ALL_EW_BENCH,2022-06-29,261133.12,54
ALL_EW_BENCH,2022-06-30,258625.81,55
ALL_EW_BENCH,2022-07-01,262457.95,56
ALL_EW_BENCH,2022-07-05,264104.36,57
ALL_EW_BENCH,2022-07-06,262853.26,54
ALL_EW_BENCH,2022-07-07,267308.0,52
ALL_EW_BENCH,2022-07-08,265891.29,54
ALL_EW_BENCH,2022-07-11,261464.29,53
ALL_EW_BENCH,2022-07-12,262875.09,49
ALL_EW_BENCH,2022-07-13,261808.29,49
ALL_EW_BENCH,2022-07-14,259641.55,48
ALL_EW_BENCH,2022-07-15,266848.77,47
ALL_EW_BENCH,2022-07-18,266965.17,51
ALL_EW_BENCH,2022-07-19,275489.76,50
ALL_EW_BENCH,2022-07-20,278821.18,62
ALL_EW_BENCH,2022-07-21,278219.97,63
ALL_EW_BENCH,2022-07-22,275677.17,59
ALL_EW_BENCH,2022-07-25,277542.31,54
ALL_EW_BENCH,2022-07-26,273667.08,52
ALL_EW_BENCH,2022-07-27,280636.07,44
ALL_EW_BENCH,2022-07-28,284896.48,44
ALL_EW_BENCH,2022-07-29,288960.96,44
ALL_EW_BENCH,2022-08-01,287378.08,45
ALL_EW_BENCH,2022-08-02,284964.62,38
ALL_EW_BENCH,2022-08-03,288714.11,32
ALL_EW_BENCH,2022-08-04,288395.31,31
ALL_EW_BENCH,2022-08-05,287780.91,28
ALL_EW_BENCH,2022-08-08,288478.45,27
ALL_EW_BENCH,2022-08-09,286672.02,27
ALL_EW_BENCH,2022-08-10,293357.36,29
ALL_EW_BENCH,2022-08-11,294816.79,32
ALL_EW_BENCH,2022-08-12,298635.85,34
ALL_EW_BENCH,2022-08-15,297309.7,36
ALL_EW_BENCH,2022-08-16,299865.87,37
ALL_EW_BENCH,2022-08-17,296147.05,35
ALL_EW_BENCH,2022-08-18,297979.17,33
ALL_EW_BENCH,2022-08-19,295253.47,31
ALL_EW_BENCH,2022-08-22,289309.19,25
ALL_EW_BENCH,2022-08-23,291187.8,24
ALL_EW_BENCH,2022-08-24,293378.37,23
ALL_EW_BENCH,2022-08-25,296502.16,23
ALL_EW_BENCH,2022-08-26,288731.07,24
ALL_EW_BENCH,2022-08-29,286672.45,23
ALL_EW_BENCH,2022-08-30,282893.44,23
ALL_EW_BENCH,2022-08-31,280403.44,22
ALL_EW_BENCH,2022-09-01,281351.48,21
ALL_EW_BENCH,2022-09-02,279068.74,22
ALL_EW_BENCH,2022-09-06,277505.02,22
ALL_EW_BENCH,2022-09-07,282362.24,22
ALL_EW_BENCH,2022-09-08,284061.7,29
ALL_EW_BENCH,2022-09-09,288219.81,41
ALL_EW_BENCH,2022-09-12,291128.52,53
ALL_EW_BENCH,2022-09-13,279694.32,70
ALL_EW_BENCH,2022-09-14,281708.33,67
ALL_EW_BENCH,2022-09-15,280596.45,68
ALL_EW_BENCH,2022-09-16,276490.97,68
ALL_EW_BENCH,2022-09-19,279025.28,67
ALL_EW_BENCH,2022-09-20,274287.96,67
ALL_EW_BENCH,2022-09-21,268408.12,67
ALL_EW_BENCH,2022-09-22,264297.09,67
ALL_EW_BENCH,2022-09-23,257488.89,68
ALL_EW_BENCH,2022-09-26,252653.27,68
ALL_EW_BENCH,2022-09-27,253390.0,68
ALL_EW_BENCH,2022-09-28,259914.55,68
ALL_EW_BENCH,2022-09-29,254433.49,69
ALL_EW_BENCH,2022-09-30,249744.89,69
ALL_EW_BENCH,2022-10-03,256273.6,69
ALL_EW_BENCH,2022-10-04,267413.63,72
ALL_EW_BENCH,2022-10-05,266557.63,82
ALL_EW_BENCH,2022-10-06,264222.51,86
ALL_EW_BENCH,2022-10-07,257418.28,86
ALL_EW_BENCH,2022-10-10,254684.14,86
ALL_EW_BENCH,2022-10-11,252816.38,83
ALL_EW_BENCH,2022-10-12,253332.03,83
ALL_EW_BENCH,2022-10-13,260270.78,83
ALL_EW_BENCH,2022-10-14,255119.26,87
ALL_EW_BENCH,2022-10-17,260538.43,82
ALL_EW_BENCH,2022-10-18,264095.52,85
ALL_EW_BENCH,2022-10-19,261859.9,88
ALL_EW_BENCH,2022-10-20,260514.33,85
ALL_EW_BENCH,2022-10-21,267351.66,82
ALL_EW_BENCH,2022-10-24,269945.96,86
ALL_EW_BENCH,2022-10-25,275377.71,83
ALL_EW_BENCH,2022-10-26,274813.57,83
ALL_EW_BENCH,2022-10-27,275105.19,76
ALL_EW_BENCH,2022-10-28,281481.76,70
ALL_EW_BENCH,2022-10-31,279783.32,69
ALL_EW_BENCH,2022-11-01,280035.27,65
ALL_EW_BENCH,2022-11-02,273450.23,65
ALL_EW_BENCH,2022-11-03,270437.2,54
ALL_EW_BENCH,2022-11-04,277254.35,51
ALL_EW_BENCH,2022-11-07,280931.77,50
ALL_EW_BENCH,2022-11-08,283287.26,48
ALL_EW_BENCH,2022-11-09,275928.68,48
ALL_EW_BENCH,2022-11-10,293076.77,35
ALL_EW_BENCH,2022-11-11,298219.74,38
ALL_EW_BENCH,2022-11-14,294872.87,36
ALL_EW_BENCH,2022-11-15,297810.96,32
ALL_EW_BENCH,2022-11-16,291401.34,32
ALL_EW_BENCH,2022-11-17,289645.62,24
ALL_EW_BENCH,2022-11-18,290232.07,21
ALL_EW_BENCH,2022-11-21,286985.28,21
ALL_EW_BENCH,2022-11-22,291743.4,19
ALL_EW_BENCH,2022-11-23,293681.3,20
ALL_EW_BENCH,2022-11-25,293539.52,21
ALL_EW_BENCH,2022-11-28,289614.56,21
ALL_EW_BENCH,2022-11-29,290254.99,20
ALL_EW_BENCH,2022-11-30,296298.79,26
ALL_EW_BENCH,2022-12-01,295657.69,33
ALL_EW_BENCH,2022-12-02,294792.45,33
ALL_EW_BENCH,2022-12-05,287676.88,32
ALL_EW_BENCH,2022-12-06,283696.32,27
ALL_EW_BENCH,2022-12-07,281775.41,27
ALL_EW_BENCH,2022-12-08,281183.15,27
ALL_EW_BENCH,2022-12-09,280080.66,27
ALL_EW_BENCH,2022-12-12,284820.12,26
ALL_EW_BENCH,2022-12-13,283836.37,32
ALL_EW_BENCH,2022-12-14,281668.07,36
ALL_EW_BENCH,2022-12-15,274152.91,36
ALL_EW_BENCH,2022-12-16,271023.76,35
ALL_EW_BENCH,2022-12-19,267252.17,35
ALL_EW_BENCH,2022-12-20,267465.61,35
ALL_EW_BENCH,2022-12-21,270916.28,36
ALL_EW_BENCH,2022-12-22,266116.22,38
ALL_EW_BENCH,2022-12-23,268564.95,38
ALL_EW_BENCH,2022-12-27,267443.36,44
ALL_EW_BENCH,2022-12-28,263182.01,48
ALL_EW_BENCH,2022-12-29,268365.3,47
ALL_EW_BENCH,2022-12-30,268570.34,49
ALL_EW_BENCH,2023-01-03,266660.54,50
ALL_EW_BENCH,2023-01-04,272871.86,58
ALL_EW_BENCH,2023-01-05,272267.7,65
ALL_EW_BENCH,2023-01-06,278931.83,64
ALL_EW_BENCH,2023-01-09,279545.28,73
ALL_EW_BENCH,2023-01-10,282516.73,73
ALL_EW_BENCH,2023-01-11,284734.43,76
ALL_EW_BENCH,2023-01-12,288274.77,77
ALL_EW_BENCH,2023-01-13,288548.49,79
ALL_EW_BENCH,2023-01-17,288737.97,77
ALL_EW_BENCH,2023-01-18,283104.33,67
ALL_EW_BENCH,2023-01-19,281150.66,59
ALL_EW_BENCH,2023-01-20,286207.94,55
ALL_EW_BENCH,2023-01-23,289563.67,55
ALL_EW_BENCH,2023-01-24,288668.78,55
ALL_EW_BENCH,2023-01-25,289026.96,51
ALL_EW_BENCH,2023-01-26,292115.26,51
ALL_EW_BENCH,2023-01-27,292359.72,50
ALL_EW_BENCH,2023-01-30,287960.94,49
ALL_EW_BENCH,2023-01-31,292072.39,44
ALL_EW_BENCH,2023-02-01,292947.65,45
ALL_EW_BENCH,2023-02-02,294000.07,45
ALL_EW_BENCH,2023-02-03,292024.36,46
ALL_EW_BENCH,2023-02-06,289792.3,46
ALL_EW_BENCH,2023-02-07,292512.74,42
ALL_EW_BENCH,2023-02-08,288273.94,42
ALL_EW_BENCH,2023-02-09,286874.85,42
ALL_EW_BENCH,2023-02-10,290820.94,41
ALL_EW_BENCH,2023-02-13,291998.36,44
ALL_EW_BENCH,2023-02-14,291492.81,45
ALL_EW_BENCH,2023-02-15,289648.81,45
ALL_EW_BENCH,2023-02-16,287348.55,48
ALL_EW_BENCH,2023-02-17,285374.41,48
ALL_EW_BENCH,2023-02-21,281041.09,49
ALL_EW_BENCH,2023-02-22,280548.42,47
ALL_EW_BENCH,2023-02-23,281856.9,47
ALL_EW_BENCH,2023-02-24,281158.88,48
ALL_EW_BENCH,2023-02-27,280834.13,48
ALL_EW_BENCH,2023-02-28,278360.66,48
ALL_EW_BENCH,2023-03-01,278052.09,50
ALL_EW_BENCH,2023-03-02,280385.17,53
ALL_EW_BENCH,2023-03-03,283498.11,55
ALL_EW_BENCH,2023-03-06,281990.34,67
ALL_EW_BENCH,2023-03-07,277680.58,73
ALL_EW_BENCH,2023-03-08,277859.5,69
ALL_EW_BENCH,2023-03-09,271341.66,71
ALL_EW_BENCH,2023-03-10,266697.75,71
ALL_EW_BENCH,2023-03-13,263670.15,73
ALL_EW_BENCH,2023-03-14,267428.39,73
ALL_EW_BENCH,2023-03-15,262552.99,76
ALL_EW_BENCH,2023-03-16,266976.14,77
ALL_EW_BENCH,2023-03-17,263676.93,78
ALL_EW_BENCH,2023-03-20,266346.09,78
ALL_EW_BENCH,2023-03-21,270653.41,79
ALL_EW_BENCH,2023-03-22,265190.08,81
ALL_EW_BENCH,2023-03-23,264563.67,78
ALL_EW_BENCH,2023-03-24,265542.64,78
ALL_EW_BENCH,2023-03-27,267693.29,79
ALL_EW_BENCH,2023-03-28,268351.48,77
ALL_EW_BENCH,2023-03-29,272644.12,75
ALL_EW_BENCH,2023-03-30,274086.62,79
ALL_EW_BENCH,2023-03-31,277728.87,80
ALL_EW_BENCH,2023-04-03,280074.23,86
ALL_EW_BENCH,2023-04-04,278173.64,86
ALL_EW_BENCH,2023-04-05,278205.24,76
ALL_EW_BENCH,2023-04-06,277828.06,74
ALL_EW_BENCH,2023-04-10,279995.43,68
ALL_EW_BENCH,2023-04-11,281783.52,67
ALL_EW_BENCH,2023-04-12,278736.23,67
ALL_EW_BENCH,2023-04-13,281228.81,60
ALL_EW_BENCH,2023-04-14,280851.84,60
ALL_EW_BENCH,2023-04-17,282359.47,57
ALL_EW_BENCH,2023-04-18,282654.66,55
ALL_EW_BENCH,2023-04-19,282574.24,52
ALL_EW_BENCH,2023-04-20,279209.4,53
ALL_EW_BENCH,2023-04-21,278767.75,51
ALL_EW_BENCH,2023-04-24,278752.38,51
ALL_EW_BENCH,2023-04-25,272773.77,50
ALL_EW_BENCH,2023-04-26,269685.01,49
ALL_EW_BENCH,2023-04-27,275176.08,50
ALL_EW_BENCH,2023-04-28,279539.42,55
ALL_EW_BENCH,2023-05-01,279492.4,56
ALL_EW_BENCH,2023-05-02,273162.0,57
ALL_EW_BENCH,2023-05-03,271169.15,57
ALL_EW_BENCH,2023-05-04,266645.71,56
ALL_EW_BENCH,2023-05-05,273956.43,57
ALL_EW_BENCH,2023-05-08,274778.22,58
ALL_EW_BENCH,2023-05-09,272962.4,56
ALL_EW_BENCH,2023-05-10,271826.23,56
ALL_EW_BENCH,2023-05-11,269513.48,56
ALL_EW_BENCH,2023-05-12,268553.2,57
ALL_EW_BENCH,2023-05-15,272798.43,58
ALL_EW_BENCH,2023-05-16,268922.65,58
ALL_EW_BENCH,2023-05-17,274870.83,58
ALL_EW_BENCH,2023-05-18,278388.28,63
ALL_EW_BENCH,2023-05-19,276295.05,68
ALL_EW_BENCH,2023-05-22,278375.25,64
ALL_EW_BENCH,2023-05-23,277030.62,63
ALL_EW_BENCH,2023-05-24,273287.19,60
ALL_EW_BENCH,2023-05-25,272985.52,60
ALL_EW_BENCH,2023-05-26,276509.24,61
ALL_EW_BENCH,2023-05-30,277043.8,63
ALL_EW_BENCH,2023-05-31,273499.06,63
ALL_EW_BENCH,2023-06-01,276468.9,58
ALL_EW_BENCH,2023-06-02,284100.81,59
ALL_EW_BENCH,2023-06-05,282730.79,69
ALL_EW_BENCH,2023-06-06,286275.91,66
ALL_EW_BENCH,2023-06-07,289983.98,66
ALL_EW_BENCH,2023-06-08,289666.62,69
ALL_EW_BENCH,2023-06-09,288889.52,66
ALL_EW_BENCH,2023-06-12,290543.38,62
ALL_EW_BENCH,2023-06-13,293426.42,64
ALL_EW_BENCH,2023-06-14,292822.95,64
ALL_EW_BENCH,2023-06-15,295539.0,63
ALL_EW_BENCH,2023-06-16,295668.14,65
ALL_EW_BENCH,2023-06-20,292578.39,63
ALL_EW_BENCH,2023-06-21,291530.64,62
ALL_EW_BENCH,2023-06-22,289967.75,58
ALL_EW_BENCH,2023-06-23,287214.62,55
ALL_EW_BENCH,2023-06-26,289007.47,54
ALL_EW_BENCH,2023-06-27,292232.47,51
ALL_EW_BENCH,2023-06-28,292072.58,56
ALL_EW_BENCH,2023-06-29,294446.24,55
ALL_EW_BENCH,2023-06-30,296294.65,58
ALL_EW_BENCH,2023-07-03,298599.01,61
ALL_EW_BENCH,2023-07-05,297867.8,64
ALL_EW_BENCH,2023-07-06,294365.99,65
ALL_EW_BENCH,2023-07-07,295831.0,63
ALL_EW_BENCH,2023-07-10,297734.37,62
ALL_EW_BENCH,2023-07-11,302673.41,62
ALL_EW_BENCH,2023-07-12,304171.16,65
ALL_EW_BENCH,2023-07-13,306341.65,65
ALL_EW_BENCH,2023-07-14,302323.64,69
ALL_EW_BENCH,2023-07-17,302929.48,65
ALL_EW_BENCH,2023-07-18,305900.75,65
ALL_EW_BENCH,2023-07-19,308375.74,64
ALL_EW_BENCH,2023-07-20,307570.38,63
ALL_EW_BENCH,2023-07-21,307828.32,62
ALL_EW_BENCH,2023-07-24,309031.35,61
ALL_EW_BENCH,2023-07-25,308436.28,60
ALL_EW_BENCH,2023-07-26,310027.4,58
ALL_EW_BENCH,2023-07-27,309298.37,54
ALL_EW_BENCH,2023-07-28,311623.66,49
ALL_EW_BENCH,2023-07-31,313939.88,49
ALL_EW_BENCH,2023-08-01,311450.28,48
ALL_EW_BENCH,2023-08-02,306662.7,47
ALL_EW_BENCH,2023-08-03,304853.66,40
ALL_EW_BENCH,2023-08-04,303842.42,40
ALL_EW_BENCH,2023-08-07,306191.04,39
ALL_EW_BENCH,2023-08-08,304559.67,41
ALL_EW_BENCH,2023-08-09,302606.64,40
ALL_EW_BENCH,2023-08-10,302482.11,39
ALL_EW_BENCH,2023-08-11,302385.79,39
ALL_EW_BENCH,2023-08-14,302017.83,42
ALL_EW_BENCH,2023-08-15,298128.28,43
ALL_EW_BENCH,2023-08-16,295749.39,41
ALL_EW_BENCH,2023-08-17,293179.12,41
ALL_EW_BENCH,2023-08-18,294092.18,43
ALL_EW_BENCH,2023-08-21,294954.35,43
ALL_EW_BENCH,2023-08-22,293006.95,44
ALL_EW_BENCH,2023-08-23,295708.77,45
ALL_EW_BENCH,2023-08-24,290846.19,50
ALL_EW_BENCH,2023-08-25,291931.74,48
ALL_EW_BENCH,2023-08-28,294014.77,50
ALL_EW_BENCH,2023-08-29,297740.32,54
ALL_EW_BENCH,2023-08-30,298357.91,64
ALL_EW_BENCH,2023-08-31,298099.96,68
ALL_EW_BENCH,2023-09-01,298194.15,71
ALL_EW_BENCH,2023-09-05,296764.06,76
ALL_EW_BENCH,2023-09-06,294994.35,74
ALL_EW_BENCH,2023-09-07,293307.39,73
ALL_EW_BENCH,2023-09-08,293838.34,74
ALL_EW_BENCH,2023-09-11,294553.35,75
ALL_EW_BENCH,2023-09-12,294571.5,75
ALL_EW_BENCH,2023-09-13,293490.62,74
ALL_EW_BENCH,2023-09-14,296803.59,72
ALL_EW_BENCH,2023-09-15,294361.03,79
ALL_EW_BENCH,2023-09-18,292887.47,75
ALL_EW_BENCH,2023-09-19,292150.07,73
ALL_EW_BENCH,2023-09-20,289860.44,73
ALL_EW_BENCH,2023-09-21,285113.05,74
ALL_EW_BENCH,2023-09-22,283672.55,73
ALL_EW_BENCH,2023-09-25,284647.56,71
ALL_EW_BENCH,2023-09-26,280405.22,71
ALL_EW_BENCH,2023-09-27,280565.52,71
ALL_EW_BENCH,2023-09-28,283024.87,73
ALL_EW_BENCH,2023-09-29,282727.04,74
ALL_EW_BENCH,2023-10-02,279980.81,74
ALL_EW_BENCH,2023-10-03,275512.03,76
ALL_EW_BENCH,2023-10-04,276328.93,76
ALL_EW_BENCH,2023-10-05,275610.57,76
ALL_EW_BENCH,2023-10-06,278273.56,77
ALL_EW_BENCH,2023-10-09,280314.54,79
ALL_EW_BENCH,2023-10-10,282478.9,81
ALL_EW_BENCH,2023-10-11,282959.25,82
ALL_EW_BENCH,2023-10-12,280950.19,87
ALL_EW_BENCH,2023-10-13,279529.47,85
ALL_EW_BENCH,2023-10-16,283693.13,84
ALL_EW_BENCH,2023-10-17,285144.33,86
ALL_EW_BENCH,2023-10-18,280733.71,89
ALL_EW_BENCH,2023-10-19,277885.93,90
ALL_EW_BENCH,2023-10-20,273621.46,88
ALL_EW_BENCH,2023-10-23,272170.03,85
ALL_EW_BENCH,2023-10-24,274401.93,83
ALL_EW_BENCH,2023-10-25,270813.46,83
ALL_EW_BENCH,2023-10-26,269838.55,81
ALL_EW_BENCH,2023-10-27,267404.06,79
ALL_EW_BENCH,2023-10-30,269251.03,77
ALL_EW_BENCH,2023-10-31,271622.59,77
ALL_EW_BENCH,2023-11-01,273742.63,77
ALL_EW_BENCH,2023-11-02,281369.96,79
ALL_EW_BENCH,2023-11-03,286772.37,84
ALL_EW_BENCH,2023-11-06,284927.65,90
ALL_EW_BENCH,2023-11-07,284184.49,85
ALL_EW_BENCH,2023-11-08,283176.87,80
ALL_EW_BENCH,2023-11-09,279727.13,79
ALL_EW_BENCH,2023-11-10,283860.4,76
ALL_EW_BENCH,2023-11-13,283228.26,75
ALL_EW_BENCH,2023-11-14,291882.97,75
ALL_EW_BENCH,2023-11-15,294664.74,77
ALL_EW_BENCH,2023-11-16,292239.56,76
ALL_EW_BENCH,2023-11-17,294272.54,69
ALL_EW_BENCH,2023-11-20,295062.4,67
ALL_EW_BENCH,2023-11-21,293523.21,64
ALL_EW_BENCH,2023-11-22,294636.28,54
ALL_EW_BENCH,2023-11-24,295673.92,53
ALL_EW_BENCH,2023-11-27,294198.37,46
ALL_EW_BENCH,2023-11-28,294957.18,39
ALL_EW_BENCH,2023-11-29,296783.04,37
ALL_EW_BENCH,2023-11-30,298381.17,37
ALL_EW_BENCH,2023-12-01,303848.47,39
ALL_EW_BENCH,2023-12-04,304912.06,39
ALL_EW_BENCH,2023-12-05,302099.03,38
ALL_EW_BENCH,2023-12-06,302378.5,36
ALL_EW_BENCH,2023-12-07,303733.24,31
ALL_EW_BENCH,2023-12-08,305745.88,31
ALL_EW_BENCH,2023-12-11,307060.79,31
ALL_EW_BENCH,2023-12-12,305940.05,36
ALL_EW_BENCH,2023-12-13,312584.02,36
ALL_EW_BENCH,2023-12-14,318350.86,40
ALL_EW_BENCH,2023-12-15,316845.38,44
ALL_EW_BENCH,2023-12-18,317785.79,40
ALL_EW_BENCH,2023-12-19,322439.0,39
ALL_EW_BENCH,2023-12-20,316900.19,40
ALL_EW_BENCH,2023-12-21,322188.56,33
ALL_EW_BENCH,2023-12-22,322905.27,33
ALL_EW_BENCH,2023-12-26,325153.04,34
ALL_EW_BENCH,2023-12-27,324637.51,33
ALL_EW_BENCH,2023-12-28,324229.38,28
ALL_EW_BENCH,2023-12-29,322572.45,25
ALL_EW_BENCH,2024-01-02,324742.87,23
ALL_EW_BENCH,2024-01-03,322527.04,25
ALL_EW_BENCH,2024-01-04,319814.1,23
ALL_EW_BENCH,2024-01-05,322227.47,22
ALL_EW_BENCH,2024-01-08,323419.89,22
ALL_EW_BENCH,2024-01-09,320886.46,24
ALL_EW_BENCH,2024-01-10,321255.49,24
ALL_EW_BENCH,2024-01-11,321314.95,25
ALL_EW_BENCH,2024-01-12,319647.59,27
ALL_EW_BENCH,2024-01-16,316921.18,29
ALL_EW_BENCH,2024-01-17,314695.39,29
ALL_EW_BENCH,2024-01-18,318065.4,29
ALL_EW_BENCH,2024-01-19,321649.21,34
ALL_EW_BENCH,2024-01-22,322264.46,36
ALL_EW_BENCH,2024-01-23,324030.66,39
ALL_EW_BENCH,2024-01-24,326139.18,40
ALL_EW_BENCH,2024-01-25,329615.16,41
ALL_EW_BENCH,2024-01-26,328455.87,47
ALL_EW_BENCH,2024-01-29,330313.23,47
ALL_EW_BENCH,2024-01-30,329527.04,48
ALL_EW_BENCH,2024-01-31,324302.5,47
ALL_EW_BENCH,2024-02-01,326128.25,38
ALL_EW_BENCH,2024-02-02,324739.57,44
ALL_EW_BENCH,2024-02-05,320407.86,42
ALL_EW_BENCH,2024-02-06,322757.56,42
ALL_EW_BENCH,2024-02-07,321353.37,42
ALL_EW_BENCH,2024-02-08,320477.61,43
ALL_EW_BENCH,2024-02-09,321644.76,46
ALL_EW_BENCH,2024-02-12,326073.3,46
ALL_EW_BENCH,2024-02-13,319515.56,49
ALL_EW_BENCH,2024-02-14,323117.16,48
ALL_EW_BENCH,2024-02-15,327547.86,48
ALL_EW_BENCH,2024-02-16,326113.04,55
ALL_EW_BENCH,2024-02-20,324740.38,53
ALL_EW_BENCH,2024-02-21,326823.48,51
ALL_EW_BENCH,2024-02-22,328323.28,53
ALL_EW_BENCH,2024-02-23,327390.22,54
ALL_EW_BENCH,2024-02-26,323951.47,53
ALL_EW_BENCH,2024-02-27,326769.73,50
ALL_EW_BENCH,2024-02-28,324836.84,51
ALL_EW_BENCH,2024-02-29,326916.28,50
ALL_EW_BENCH,2024-03-01,327329.94,52
ALL_EW_BENCH,2024-03-04,327912.18,52
ALL_EW_BENCH,2024-03-05,326519.57,54
ALL_EW_BENCH,2024-03-06,328721.52,55
ALL_EW_BENCH,2024-03-07,331591.57,55
ALL_EW_BENCH,2024-03-08,331629.97,55
ALL_EW_BENCH,2024-03-11,333710.83,52
ALL_EW_BENCH,2024-03-12,332884.4,52
ALL_EW_BENCH,2024-03-13,333988.64,51
ALL_EW_BENCH,2024-03-14,331232.41,53
ALL_EW_BENCH,2024-03-15,330483.07,52
ALL_EW_BENCH,2024-03-18,332815.03,50
ALL_EW_BENCH,2024-03-19,334626.71,51
ALL_EW_BENCH,2024-03-20,339796.22,54
ALL_EW_BENCH,2024-03-21,341339.79,57
ALL_EW_BENCH,2024-03-22,339505.67,58
ALL_EW_BENCH,2024-03-25,339518.94,54
ALL_EW_BENCH,2024-03-26,338295.37,55
ALL_EW_BENCH,2024-03-27,344332.52,51
ALL_EW_BENCH,2024-03-28,346246.95,55
ALL_EW_BENCH,2024-04-01,344646.19,55
ALL_EW_BENCH,2024-04-02,340969.58,49
ALL_EW_BENCH,2024-04-03,340732.16,48
ALL_EW_BENCH,2024-04-04,336857.91,47
ALL_EW_BENCH,2024-04-05,338020.33,40
ALL_EW_BENCH,2024-04-08,339280.33,41
ALL_EW_BENCH,2024-04-09,341168.44,40
ALL_EW_BENCH,2024-04-10,333541.23,40
ALL_EW_BENCH,2024-04-11,335548.34,38
ALL_EW_BENCH,2024-04-12,329717.96,41
ALL_EW_BENCH,2024-04-15,326163.78,40
ALL_EW_BENCH,2024-04-16,325273.58,40
ALL_EW_BENCH,2024-04-17,324087.13,42
ALL_EW_BENCH,2024-04-18,323757.28,44
ALL_EW_BENCH,2024-04-19,321265.84,44
ALL_EW_BENCH,2024-04-22,323602.68,49
ALL_EW_BENCH,2024-04-23,327166.73,55
ALL_EW_BENCH,2024-04-24,328266.36,59
ALL_EW_BENCH,2024-04-25,328646.69,63
ALL_EW_BENCH,2024-04-26,329721.0,65
ALL_EW_BENCH,2024-04-29,332555.78,66
ALL_EW_BENCH,2024-04-30,326193.12,66
ALL_EW_BENCH,2024-05-01,322501.41,65
ALL_EW_BENCH,2024-05-02,325904.1,63
ALL_EW_BENCH,2024-05-03,328261.61,65
ALL_EW_BENCH,2024-05-06,332192.65,64
ALL_EW_BENCH,2024-05-07,331688.81,64
ALL_EW_BENCH,2024-05-08,332377.84,62
ALL_EW_BENCH,2024-05-09,333893.92,61
ALL_EW_BENCH,2024-05-10,334010.92,62
ALL_EW_BENCH,2024-05-13,334677.09,64
ALL_EW_BENCH,2024-05-14,336972.85,63
ALL_EW_BENCH,2024-05-15,340613.82,63
ALL_EW_BENCH,2024-05-16,340325.9,64
ALL_EW_BENCH,2024-05-17,340438.26,59
ALL_EW_BENCH,2024-05-20,340265.58,57
ALL_EW_BENCH,2024-05-21,339457.63,56
ALL_EW_BENCH,2024-05-22,337119.34,52
ALL_EW_BENCH,2024-05-23,330725.27,50
ALL_EW_BENCH,2024-05-24,333082.54,45
ALL_EW_BENCH,2024-05-28,331369.56,45
ALL_EW_BENCH,2024-05-29,326996.47,44
ALL_EW_BENCH,2024-05-30,330590.1,43
ALL_EW_BENCH,2024-05-31,336913.09,43
ALL_EW_BENCH,2024-06-03,335101.22,48
ALL_EW_BENCH,2024-06-04,334902.19,49
ALL_EW_BENCH,2024-06-05,335648.66,50
ALL_EW_BENCH,2024-06-06,336310.17,53
ALL_EW_BENCH,2024-06-07,335468.93,54
ALL_EW_BENCH,2024-06-10,337246.45,51
ALL_EW_BENCH,2024-06-11,334667.76,55
ALL_EW_BENCH,2024-06-12,335204.46,54
ALL_EW_BENCH,2024-06-13,333108.38,55
ALL_EW_BENCH,2024-06-14,331003.97,54
ALL_EW_BENCH,2024-06-17,333765.42,57
ALL_EW_BENCH,2024-06-18,334087.05,58
ALL_EW_BENCH,2024-06-20,335521.68,61
ALL_EW_BENCH,2024-06-21,336691.87,63
ALL_EW_BENCH,2024-06-24,338608.66,63
ALL_EW_BENCH,2024-06-25,336893.74,66
ALL_EW_BENCH,2024-06-26,335698.36,64
ALL_EW_BENCH,2024-06-27,336563.14,62
ALL_EW_BENCH,2024-06-28,336767.8,66
ALL_EW_BENCH,2024-07-01,335242.63,66
ALL_EW_BENCH,2024-07-02,336949.58,66
ALL_EW_BENCH,2024-07-03,337648.98,67
ALL_EW_BENCH,2024-07-05,336877.44,66
ALL_EW_BENCH,2024-07-08,337296.68,61
ALL_EW_BENCH,2024-07-09,336930.14,57
ALL_EW_BENCH,2024-07-10,340082.31,58
ALL_EW_BENCH,2024-07-11,342784.4,63
ALL_EW_BENCH,2024-07-12,345095.05,69
ALL_EW_BENCH,2024-07-15,344894.73,71
ALL_EW_BENCH,2024-07-16,349240.93,71
ALL_EW_BENCH,2024-07-17,349198.07,77
ALL_EW_BENCH,2024-07-18,346314.9,78
ALL_EW_BENCH,2024-07-19,344466.47,66
ALL_EW_BENCH,2024-07-22,345911.67,60
ALL_EW_BENCH,2024-07-23,343904.5,58
ALL_EW_BENCH,2024-07-24,338522.44,53
ALL_EW_BENCH,2024-07-25,339980.98,48
ALL_EW_BENCH,2024-07-26,346455.98,48
ALL_EW_BENCH,2024-07-29,346316.81,48
ALL_EW_BENCH,2024-07-30,346478.75,46
ALL_EW_BENCH,2024-07-31,350235.73,49
ALL_EW_BENCH,2024-08-01,343064.58,46
ALL_EW_BENCH,2024-08-02,335177.3,45
ALL_EW_BENCH,2024-08-05,327209.17,44
ALL_EW_BENCH,2024-08-06,331355.96,40
ALL_EW_BENCH,2024-08-07,329643.26,41
ALL_EW_BENCH,2024-08-08,337095.04,42
ALL_EW_BENCH,2024-08-09,337178.63,43
ALL_EW_BENCH,2024-08-12,337214.03,44
ALL_EW_BENCH,2024-08-13,343595.94,43
ALL_EW_BENCH,2024-08-14,344298.83,46
ALL_EW_BENCH,2024-08-15,351636.53,50
ALL_EW_BENCH,2024-08-16,351753.27,62
ALL_EW_BENCH,2024-08-19,354938.26,63
ALL_EW_BENCH,2024-08-20,352404.21,74
ALL_EW_BENCH,2024-08-21,353344.55,74
ALL_EW_BENCH,2024-08-22,350225.03,76
ALL_EW_BENCH,2024-08-23,356130.82,74
ALL_EW_BENCH,2024-08-26,354916.68,75
ALL_EW_BENCH,2024-08-27,353968.0,72
ALL_EW_BENCH,2024-08-28,350427.5,70
ALL_EW_BENCH,2024-08-29,351966.02,64
ALL_EW_BENCH,2024-08-30,355172.62,62
ALL_EW_BENCH,2024-09-03,348013.04,61
ALL_EW_BENCH,2024-09-04,346391.29,54
ALL_EW_BENCH,2024-09-05,345833.78,44
ALL_EW_BENCH,2024-09-06,338757.66,43
ALL_EW_BENCH,2024-09-09,342362.66,42
ALL_EW_BENCH,2024-09-10,341797.34,44
ALL_EW_BENCH,2024-09-11,345453.32,42
ALL_EW_BENCH,2024-09-12,346823.38,44
ALL_EW_BENCH,2024-09-13,350579.79,49
ALL_EW_BENCH,2024-09-16,350842.0,52
ALL_EW_BENCH,2024-09-17,352559.61,58
ALL_EW_BENCH,2024-09-18,352523.09,60
ALL_EW_BENCH,2024-09-19,358953.49,59
ALL_EW_BENCH,2024-09-20,357740.58,64
ALL_EW_BENCH,2024-09-23,358756.32,63
ALL_EW_BENCH,2024-09-24,361033.51,62
ALL_EW_BENCH,2024-09-25,357941.2,61
ALL_EW_BENCH,2024-09-26,362857.3,58
ALL_EW_BENCH,2024-09-27,365441.94,55
ALL_EW_BENCH,2024-09-30,364492.13,54
ALL_EW_BENCH,2024-10-01,362715.27,51
ALL_EW_BENCH,2024-10-02,362505.32,44
ALL_EW_BENCH,2024-10-03,362882.07,43
ALL_EW_BENCH,2024-10-04,366517.24,39
ALL_EW_BENCH,2024-10-07,366774.78,39
ALL_EW_BENCH,2024-10-08,364932.71,39
ALL_EW_BENCH,2024-10-09,366417.14,32
ALL_EW_BENCH,2024-10-10,364953.36,31
ALL_EW_BENCH,2024-10-11,369008.72,31
ALL_EW_BENCH,2024-10-14,371404.76,34
ALL_EW_BENCH,2024-10-15,373067.76,38
ALL_EW_BENCH,2024-10-16,376740.79,39
ALL_EW_BENCH,2024-10-17,374808.18,42
ALL_EW_BENCH,2024-10-18,375911.61,38
ALL_EW_BENCH,2024-10-21,371865.07,40
ALL_EW_BENCH,2024-10-22,373284.01,38
ALL_EW_BENCH,2024-10-23,371957.99,37
ALL_EW_BENCH,2024-10-24,371848.97,37
ALL_EW_BENCH,2024-10-25,369816.34,37
ALL_EW_BENCH,2024-10-28,371867.58,38
ALL_EW_BENCH,2024-10-29,370768.29,39
ALL_EW_BENCH,2024-10-30,367135.42,41
ALL_EW_BENCH,2024-10-31,362637.82,43
ALL_EW_BENCH,2024-11-01,362026.77,42
ALL_EW_BENCH,2024-11-04,360617.17,43
ALL_EW_BENCH,2024-11-05,364342.89,42
ALL_EW_BENCH,2024-11-06,366610.19,45
ALL_EW_BENCH,2024-11-07,368379.13,53
ALL_EW_BENCH,2024-11-08,368302.23,54
ALL_EW_BENCH,2024-11-11,367848.99,55
ALL_EW_BENCH,2024-11-12,364134.05,54
ALL_EW_BENCH,2024-11-13,362903.23,50
ALL_EW_BENCH,2024-11-14,359997.64,49
ALL_EW_BENCH,2024-11-15,355919.41,47
ALL_EW_BENCH,2024-11-18,359874.44,45
ALL_EW_BENCH,2024-11-19,362175.04,45
ALL_EW_BENCH,2024-11-20,361714.66,44
ALL_EW_BENCH,2024-11-21,367525.41,45
ALL_EW_BENCH,2024-11-22,371120.44,45
ALL_EW_BENCH,2024-11-25,376360.81,46
ALL_EW_BENCH,2024-11-26,373891.6,50
ALL_EW_BENCH,2024-11-27,373901.14,47
ALL_EW_BENCH,2024-11-29,374551.26,47
ALL_EW_BENCH,2024-12-02,377069.9,43
ALL_EW_BENCH,2024-12-03,374197.07,43
ALL_EW_BENCH,2024-12-04,372737.27,41
ALL_EW_BENCH,2024-12-05,368935.02,42
ALL_EW_BENCH,2024-12-06,369703.9,43
ALL_EW_BENCH,2024-12-09,371017.27,44
ALL_EW_BENCH,2024-12-10,369646.14,44
ALL_EW_BENCH,2024-12-11,371552.01,42
ALL_EW_BENCH,2024-12-12,369798.83,43
ALL_EW_BENCH,2024-12-13,368229.55,42
ALL_EW_BENCH,2024-12-16,366116.46,41
ALL_EW_BENCH,2024-12-17,365307.27,42
ALL_EW_BENCH,2024-12-18,355475.12,41
ALL_EW_BENCH,2024-12-19,352060.43,39
ALL_EW_BENCH,2024-12-20,357096.65,39
ALL_EW_BENCH,2024-12-23,359932.28,40
ALL_EW_BENCH,2024-12-24,362341.49,41
ALL_EW_BENCH,2024-12-26,362317.03,43
ALL_EW_BENCH,2024-12-27,360135.22,47
ALL_EW_BENCH,2024-12-30,356112.6,45
ALL_EW_BENCH,2024-12-31,357499.91,45
ALL_EW_BENCH,2025-01-02,357963.21,45
ALL_EW_BENCH,2025-01-03,361783.81,48
ALL_EW_BENCH,2025-01-06,364090.62,48
ALL_EW_BENCH,2025-01-07,363203.07,53
ALL_EW_BENCH,2025-01-08,360710.19,56
ALL_EW_BENCH,2025-01-10,356923.18,54
ALL_EW_BENCH,2025-01-13,358500.6,56
ALL_EW_BENCH,2025-01-14,360679.83,56
ALL_EW_BENCH,2025-01-15,364864.17,57
ALL_EW_BENCH,2025-01-16,366954.81,58
ALL_EW_BENCH,2025-01-17,369397.88,58
ALL_EW_BENCH,2025-01-21,372466.62,65
ALL_EW_BENCH,2025-01-22,371106.29,66
ALL_EW_BENCH,2025-01-23,373600.81,64
ALL_EW_BENCH,2025-01-24,373295.23,67
ALL_EW_BENCH,2025-01-27,373064.91,67
ALL_EW_BENCH,2025-01-28,372684.34,67
ALL_EW_BENCH,2025-01-29,372453.76,63
ALL_EW_BENCH,2025-01-30,374169.83,59
ALL_EW_BENCH,2025-01-31,372500.18,59
ALL_EW_BENCH,2025-02-03,368531.24,56
ALL_EW_BENCH,2025-02-04,369373.36,53
ALL_EW_BENCH,2025-02-05,370630.01,56
ALL_EW_BENCH,2025-02-06,370981.92,55
ALL_EW_BENCH,2025-02-07,369461.38,55
ALL_EW_BENCH,2025-02-10,372983.5,54
ALL_EW_BENCH,2025-02-11,372726.48,54
ALL_EW_BENCH,2025-02-12,373390.69,52
ALL_EW_BENCH,2025-02-13,378705.01,52
ALL_EW_BENCH,2025-02-14,379021.61,52
ALL_EW_BENCH,2025-02-18,382240.09,52
ALL_EW_BENCH,2025-02-19,382976.55,55
ALL_EW_BENCH,2025-02-20,383206.45,54
ALL_EW_BENCH,2025-02-21,378626.9,56
ALL_EW_BENCH,2025-02-24,376587.7,55
ALL_EW_BENCH,2025-02-25,375650.49,54
ALL_EW_BENCH,2025-02-26,373693.6,53
ALL_EW_BENCH,2025-02-27,368312.72,50
ALL_EW_BENCH,2025-02-28,374600.25,47
ALL_EW_BENCH,2025-03-03,368146.56,48
ALL_EW_BENCH,2025-03-04,362249.56,46
ALL_EW_BENCH,2025-03-05,365644.12,44
ALL_EW_BENCH,2025-03-06,361006.69,43
ALL_EW_BENCH,2025-03-07,363997.51,43
ALL_EW_BENCH,2025-03-10,357745.59,43
ALL_EW_BENCH,2025-03-11,355383.5,43
ALL_EW_BENCH,2025-03-12,355173.89,40
ALL_EW_BENCH,2025-03-13,351528.58,37
ALL_EW_BENCH,2025-03-14,360732.48,40
ALL_EW_BENCH,2025-03-17,365877.91,41
ALL_EW_BENCH,2025-03-18,363591.47,43
ALL_EW_BENCH,2025-03-19,367517.32,43
ALL_EW_BENCH,2025-03-20,366085.91,48
ALL_EW_BENCH,2025-03-21,364972.51,51
ALL_EW_BENCH,2025-03-24,372082.95,49
ALL_EW_BENCH,2025-03-25,372169.02,55
ALL_EW_BENCH,2025-03-26,367826.83,56
ALL_EW_BENCH,2025-03-27,364707.9,54
ALL_EW_BENCH,2025-03-28,357919.43,53
ALL_EW_BENCH,2025-03-31,360362.33,49
ALL_EW_BENCH,2025-04-01,359777.98,57
ALL_EW_BENCH,2025-04-02,363003.48,57
ALL_EW_BENCH,2025-04-03,339980.41,56
ALL_EW_BENCH,2025-04-04,318879.21,58
ALL_EW_BENCH,2025-04-07,318646.23,58
ALL_EW_BENCH,2025-04-08,311345.87,58
ALL_EW_BENCH,2025-04-09,341231.26,58
ALL_EW_BENCH,2025-04-10,326023.23,58
ALL_EW_BENCH,2025-04-11,330653.45,58
ALL_EW_BENCH,2025-04-14,333920.17,62
ALL_EW_BENCH,2025-04-15,334409.3,65
ALL_EW_BENCH,2025-04-16,328268.41,66
ALL_EW_BENCH,2025-04-17,331217.13,65
ALL_EW_BENCH,2025-04-21,324715.07,66
ALL_EW_BENCH,2025-04-22,332323.74,64
ALL_EW_BENCH,2025-04-23,336691.69,66
ALL_EW_BENCH,2025-04-24,345386.52,66
ALL_EW_BENCH,2025-04-25,346740.85,77
ALL_EW_BENCH,2025-04-28,347571.72,78
ALL_EW_BENCH,2025-04-29,349409.6,74
ALL_EW_BENCH,2025-04-30,348144.68,73
ALL_EW_BENCH,2025-05-01,349078.9,72
ALL_EW_BENCH,2025-05-02,355848.76,72
ALL_EW_BENCH,2025-05-05,353414.21,73
ALL_EW_BENCH,2025-05-06,350725.55,65
ALL_EW_BENCH,2025-05-07,353365.83,55
ALL_EW_BENCH,2025-05-08,356122.24,52
ALL_EW_BENCH,2025-05-09,355943.74,51
ALL_EW_BENCH,2025-05-12,366317.55,50
ALL_EW_BENCH,2025-05-13,369045.1,54
ALL_EW_BENCH,2025-05-14,368919.62,50
ALL_EW_BENCH,2025-05-15,370920.96,49
ALL_EW_BENCH,2025-05-16,374035.53,48
ALL_EW_BENCH,2025-05-19,373418.84,52
ALL_EW_BENCH,2025-05-20,373059.17,50
ALL_EW_BENCH,2025-05-21,365794.33,47
ALL_EW_BENCH,2025-05-22,362685.24,36
ALL_EW_BENCH,2025-05-23,362659.8,34
ALL_EW_BENCH,2025-05-27,367450.32,33
ALL_EW_BENCH,2025-05-28,364515.9,33
ALL_EW_BENCH,2025-05-29,366564.97,32
ALL_EW_BENCH,2025-05-30,366634.29,36
ALL_EW_BENCH,2025-06-02,367798.26,41
ALL_EW_BENCH,2025-06-03,369270.44,43
ALL_EW_BENCH,2025-06-04,367361.04,46
ALL_EW_BENCH,2025-06-05,365704.93,46
ALL_EW_BENCH,2025-06-06,369497.79,48
ALL_EW_BENCH,2025-06-09,370124.72,50
ALL_EW_BENCH,2025-06-10,374776.33,52
ALL_EW_BENCH,2025-06-11,374189.22,55
ALL_EW_BENCH,2025-06-12,374386.84,55
ALL_EW_BENCH,2025-06-13,370931.59,55
ALL_EW_BENCH,2025-06-16,372702.82,54
ALL_EW_BENCH,2025-06-17,367789.45,52
ALL_EW_BENCH,2025-06-18,368566.68,49
ALL_EW_BENCH,2025-06-20,370129.0,49
ALL_EW_BENCH,2025-06-23,371049.73,50
ALL_EW_BENCH,2025-06-24,374965.97,49
ALL_EW_BENCH,2025-06-25,371843.33,49
ALL_EW_BENCH,2025-06-26,376659.56,49
ALL_EW_BENCH,2025-06-27,377478.89,49
ALL_EW_BENCH,2025-06-30,379458.04,49
ALL_EW_BENCH,2025-07-01,384093.88,53
ALL_EW_BENCH,2025-07-02,386571.87,59
ALL_EW_BENCH,2025-07-03,388502.87,62
ALL_EW_BENCH,2025-07-07,384129.19,59
ALL_EW_BENCH,2025-07-08,385446.96,54
ALL_EW_BENCH,2025-07-09,386556.43,52
ALL_EW_BENCH,2025-07-10,387341.45,52
ALL_EW_BENCH,2025-07-11,384313.6,53
ALL_EW_BENCH,2025-07-14,384876.24,51
ALL_EW_BENCH,2025-07-15,380240.9,48
ALL_EW_BENCH,2025-07-16,381981.28,47
ALL_EW_BENCH,2025-07-17,383139.8,47
ALL_EW_BENCH,2025-07-18,383573.57,47
ALL_EW_BENCH,2025-07-21,382905.29,48
ALL_EW_BENCH,2025-07-22,386970.85,48
ALL_EW_BENCH,2025-07-23,387823.42,51
ALL_EW_BENCH,2025-07-24,386539.47,51
ALL_EW_BENCH,2025-07-25,387558.63,52
ALL_EW_BENCH,2025-07-28,385759.87,53
ALL_EW_BENCH,2025-07-29,384423.04,51
ALL_EW_BENCH,2025-07-30,382568.74,52
ALL_EW_BENCH,2025-07-31,377588.25,53
ALL_EW_BENCH,2025-08-01,373757.96,53
ALL_EW_BENCH,2025-08-04,377496.28,51
ALL_EW_BENCH,2025-08-05,378073.94,52
ALL_EW_BENCH,2025-08-06,376138.43,52
ALL_EW_BENCH,2025-08-07,375774.52,53
ALL_EW_BENCH,2025-08-08,378890.5,56
ALL_EW_BENCH,2025-08-11,378426.6,60
ALL_EW_BENCH,2025-08-12,383567.07,58
ALL_EW_BENCH,2025-08-13,386882.72,63
ALL_EW_BENCH,2025-08-14,386669.79,68
ALL_EW_BENCH,2025-08-15,385899.77,65
ALL_EW_BENCH,2025-08-18,388579.56,65
ALL_EW_BENCH,2025-08-19,389157.73,65
ALL_EW_BENCH,2025-08-20,388878.56,68
ALL_EW_BENCH,2025-08-21,388215.06,68
ALL_EW_BENCH,2025-08-22,396233.01,66
ALL_EW_BENCH,2025-08-25,394321.57,70
ALL_EW_BENCH,2025-08-26,394383.8,65
ALL_EW_BENCH,2025-08-27,396582.15,60
ALL_EW_BENCH,2025-08-28,397296.4,60
ALL_EW_BENCH,2025-08-29,395319.56,60
ALL_EW_BENCH,2025-09-02,391383.8,56
ALL_EW_BENCH,2025-09-03,390604.46,53
ALL_EW_BENCH,2025-09-04,392416.16,50
ALL_EW_BENCH,2025-09-05,392590.19,53
ALL_EW_BENCH,2025-09-08,392731.85,53
ALL_EW_BENCH,2025-09-09,394268.92,54
ALL_EW_BENCH,2025-09-10,397693.65,55
ALL_EW_BENCH,2025-09-11,404359.24,57
ALL_EW_BENCH,2025-09-12,404589.09,59
ALL_EW_BENCH,2025-09-15,404474.79,56
ALL_EW_BENCH,2025-09-16,404337.85,56
ALL_EW_BENCH,2025-09-17,405275.92,59
ALL_EW_BENCH,2025-09-18,410168.05,59
ALL_EW_BENCH,2025-09-19,410624.26,59
ALL_EW_BENCH,2025-09-22,410991.49,59
ALL_EW_BENCH,2025-09-23,410319.52,57
ALL_EW_BENCH,2025-09-24,410142.15,58
ALL_EW_BENCH,2025-09-25,405303.3,59
ALL_EW_BENCH,2025-09-26,408161.48,56
ALL_EW_BENCH,2025-09-29,410226.03,59
ALL_EW_BENCH,2025-09-30,411071.1,61
ALL_EW_BENCH,2025-10-01,415316.46,61
ALL_EW_BENCH,2025-10-02,414743.74,63
ALL_EW_BENCH,2025-10-03,415933.57,62
ALL_EW_BENCH,2025-10-06,416322.63,63
ALL_EW_BENCH,2025-10-07,414943.21,65
ALL_EW_BENCH,2025-10-08,416349.35,62
ALL_EW_BENCH,2025-10-09,413737.38,63
ALL_EW_BENCH,2025-10-10,402216.11,61
ALL_EW_BENCH,2025-10-13,408638.37,58
ALL_EW_BENCH,2025-10-14,411147.48,59
ALL_EW_BENCH,2025-10-15,412480.24,60
ALL_EW_BENCH,2025-10-16,407755.93,63
ALL_EW_BENCH,2025-10-17,409836.28,64
ALL_EW_BENCH,2025-10-20,415106.37,66
ALL_EW_BENCH,2025-10-21,416659.82,70
ALL_EW_BENCH,2025-10-22,413611.9,71
ALL_EW_BENCH,2025-10-23,413807.62,68
ALL_EW_BENCH,2025-10-24,415082.12,66
ALL_EW_BENCH,2025-10-27,418974.43,67
ALL_EW_BENCH,2025-10-28,416572.88,68
ALL_EW_BENCH,2025-10-29,410737.88,66
ALL_EW_BENCH,2025-10-30,407044.22,67
ALL_EW_BENCH,2025-10-31,409868.05,64
ALL_EW_BENCH,2025-11-03,409364.24,63
ALL_EW_BENCH,2025-11-04,401033.01,62
ALL_EW_BENCH,2025-11-05,403723.85,59
ALL_EW_BENCH,2025-11-06,399480.6,60
ALL_EW_BENCH,2025-11-07,402769.25,61
ALL_EW_BENCH,2025-11-10,405016.48,65
ALL_EW_BENCH,2025-11-11,407193.8,65
ALL_EW_BENCH,2025-11-12,408293.61,69
ALL_EW_BENCH,2025-11-13,402507.5,68
ALL_EW_BENCH,2025-11-14,400380.61,65
ALL_EW_BENCH,2025-11-17,393529.9,64
ALL_EW_BENCH,2025-11-18,394127.98,59
ALL_EW_BENCH,2025-11-19,392272.49,60
ALL_EW_BENCH,2025-11-20,385237.01,60
ALL_EW_BENCH,2025-11-21,392790.16,60
ALL_EW_BENCH,2025-11-24,393614.78,62
ALL_EW_BENCH,2025-11-25,397971.87,64
ALL_EW_BENCH,2025-11-26,402321.19,68
ALL_EW_BENCH,2025-11-28,405657.66,73
ALL_EW_BENCH,2025-12-01,403692.95,74
ALL_EW_BENCH,2025-12-02,404228.64,73
ALL_EW_BENCH,2025-12-03,409390.25,74
ALL_EW_BENCH,2025-12-04,410314.43,78
ALL_EW_BENCH,2025-12-05,411616.68,77
ALL_EW_BENCH,2025-12-08,410417.9,79
ALL_EW_BENCH,2025-12-09,410339.22,77
ALL_EW_BENCH,2025-12-10,415507.3,75
ALL_EW_BENCH,2025-12-11,416929.64,77
ALL_EW_BENCH,2025-12-12,413440.82,78
ALL_EW_BENCH,2025-12-15,411714.37,69
ALL_EW_BENCH,2025-12-16,411058.46,64
ALL_EW_BENCH,2025-12-17,408925.09,60
ALL_EW_BENCH,2025-12-18,409331.45,57
ALL_EW_BENCH,2025-12-19,411748.29,56
ALL_EW_BENCH,2025-12-22,414928.53,57
ALL_EW_BENCH,2025-12-23,412956.24,57
ALL_EW_BENCH,2025-12-24,414930.93,59
ALL_EW_BENCH,2025-12-26,415130.37,59
ALL_EW_BENCH,2025-12-29,414270.58,59
ALL_EW_BENCH,2025-12-30,414432.45,55
ALL_EW_BENCH,2025-12-31,411519.26,56
ALL_EW_ALL,2016-01-04,100000.0,0
ALL_EW_ALL,2016-01-05,100203.75,4
ALL_EW_ALL,2016-01-06,99011.49,19
ALL_EW_ALL,2016-01-07,98767.38,19
ALL_EW_ALL,2016-01-08,95887.82,18
ALL_EW_ALL,2016-01-11,96136.95,18
ALL_EW_ALL,2016-01-12,96782.95,26
ALL_EW_ALL,2016-01-13,94411.32,32
ALL_EW_ALL,2016-01-14,95275.89,32
ALL_EW_ALL,2016-01-15,93792.37,39
ALL_EW_ALL,2016-01-19,93721.52,41
ALL_EW_ALL,2016-01-20,92221.63,47
ALL_EW_ALL,2016-01-21,93237.79,49
ALL_EW_ALL,2016-01-22,94997.64,52
ALL_EW_ALL,2016-01-25,93718.03,76
ALL_EW_ALL,2016-01-26,95308.38,77
ALL_EW_ALL,2016-01-27,94380.69,112
ALL_EW_ALL,2016-01-28,94308.89,123
ALL_EW_ALL,2016-01-29,96784.47,165
ALL_EW_ALL,2016-02-01,96908.16,216
ALL_EW_ALL,2016-02-02,95312.08,218
ALL_EW_ALL,2016-02-03,96337.72,178
ALL_EW_ALL,2016-02-04,96731.63,178
ALL_EW_ALL,2016-02-05,94939.61,193
ALL_EW_ALL,2016-02-08,92815.09,177
ALL_EW_ALL,2016-02-09,92588.03,169
ALL_EW_ALL,2016-02-10,92767.73,169
ALL_EW_ALL,2016-02-11,91300.77,168
ALL_EW_ALL,2016-02-12,93115.01,151
ALL_EW_ALL,2016-02-16,94889.5,162
ALL_EW_ALL,2016-02-17,96595.07,205
ALL_EW_ALL,2016-02-18,96056.68,244
ALL_EW_ALL,2016-02-19,96065.16,234
ALL_EW_ALL,2016-02-22,97793.64,237
ALL_EW_ALL,2016-02-23,96720.76,266
ALL_EW_ALL,2016-02-24,97268.08,245
ALL_EW_ALL,2016-02-25,98495.74,245
ALL_EW_ALL,2016-02-26,98862.54,252
ALL_EW_ALL,2016-02-29,97878.68,248
ALL_EW_ALL,2016-03-01,100422.44,220
ALL_EW_ALL,2016-03-02,101236.39,233
ALL_EW_ALL,2016-03-03,102159.36,226
ALL_EW_ALL,2016-03-04,102792.96,221
ALL_EW_ALL,2016-03-07,103232.14,222
ALL_EW_ALL,2016-03-08,101160.46,212
ALL_EW_ALL,2016-03-09,101455.93,143
ALL_EW_ALL,2016-03-10,101590.78,132
ALL_EW_ALL,2016-03-11,103594.47,123
ALL_EW_ALL,2016-03-14,103284.53,131
ALL_EW_ALL,2016-03-15,102525.19,128
ALL_EW_ALL,2016-03-16,103531.1,116
ALL_EW_ALL,2016-03-17,104144.73,119
ALL_EW_ALL,2016-03-18,104359.07,123
ALL_EW_ALL,2016-03-21,104324.75,112
ALL_EW_ALL,2016-03-22,104591.94,100
ALL_EW_ALL,2016-03-23,103295.18,90
ALL_EW_ALL,2016-03-24,102924.86,73
ALL_EW_ALL,2016-03-28,102925.22,70
ALL_EW_ALL,2016-03-29,104160.1,69
ALL_EW_ALL,2016-03-30,104571.97,81
ALL_EW_ALL,2016-03-31,104568.79,80
ALL_EW_ALL,2016-04-01,105291.77,87
ALL_EW_ALL,2016-04-04,105258.61,108
ALL_EW_ALL,2016-04-05,104102.21,107
ALL_EW_ALL,2016-04-06,105845.06,97
ALL_EW_ALL,2016-04-07,104494.77,106
ALL_EW_ALL,2016-04-08,104294.11,105
ALL_EW_ALL,2016-04-11,103982.96,106
ALL_EW_ALL,2016-04-12,105470.39,110
ALL_EW_ALL,2016-04-13,106833.71,153
ALL_EW_ALL,2016-04-14,106620.97,197
ALL_EW_ALL,2016-04-15,106478.95,199
ALL_EW_ALL,2016-04-18,107174.4,198
ALL_EW_ALL,2016-04-19,108180.09,217
ALL_EW_ALL,2016-04-20,108480.83,231
ALL_EW_ALL,2016-04-21,107790.21,232
ALL_EW_ALL,2016-04-22,108584.35,223
ALL_EW_ALL,2016-04-25,107932.52,219
ALL_EW_ALL,2016-04-26,108785.48,205
ALL_EW_ALL,2016-04-27,109444.36,209
ALL_EW_ALL,2016-04-28,108120.04,210
ALL_EW_ALL,2016-04-29,107210.69,187
ALL_EW_ALL,2016-05-02,107959.96,182
ALL_EW_ALL,2016-05-03,107091.75,201
ALL_EW_ALL,2016-05-04,106642.68,192
ALL_EW_ALL,2016-05-05,106520.42,193
ALL_EW_ALL,2016-05-06,106825.51,202
ALL_EW_ALL,2016-05-09,107126.69,215
ALL_EW_ALL,2016-05-10,108138.79,216
ALL_EW_ALL,2016-05-11,106816.35,241
ALL_EW_ALL,2016-05-12,106700.68,225
ALL_EW_ALL,2016-05-13,105797.38,225
ALL_EW_ALL,2016-05-16,106675.11,213
ALL_EW_ALL,2016-05-17,105888.44,233
ALL_EW_ALL,2016-05-18,105483.76,226
ALL_EW_ALL,2016-05-19,105078.3,250
ALL_EW_ALL,2016-05-20,105909.62,250
ALL_EW_ALL,2016-05-23,105640.72,263
ALL_EW_ALL,2016-05-24,107173.68,259
ALL_EW_ALL,2016-05-25,107910.46,301
ALL_EW_ALL,2016-05-26,107736.12,331
ALL_EW_ALL,2016-05-27,108359.88,322
ALL_EW_ALL,2016-05-31,108347.71,324
ALL_EW_ALL,2016-06-01,108490.72,328
ALL_EW_ALL,2016-06-02,108973.22,330
ALL_EW_ALL,2016-06-03,108548.41,330
ALL_EW_ALL,2016-06-06,109283.46,315
ALL_EW_ALL,2016-06-07,109752.94,307
ALL_EW_ALL,2016-06-08,110159.18,309
ALL_EW_ALL,2016-06-09,109806.56,309
ALL_EW_ALL,2016-06-10,108310.98,296
ALL_EW_ALL,2016-06-13,107353.62,266
ALL_EW_ALL,2016-06-14,106969.27,253
ALL_EW_ALL,2016-06-15,107080.52,252
ALL_EW_ALL,2016-06-16,107177.08,246
ALL_EW_ALL,2016-06-17,107500.19,242
ALL_EW_ALL,2016-06-20,108498.51,240
ALL_EW_ALL,2016-06-21,108678.45,255
ALL_EW_ALL,2016-06-22,108450.12,259
ALL_EW_ALL,2016-06-23,110005.96,265
ALL_EW_ALL,2016-06-24,105117.36,312
ALL_EW_ALL,2016-06-27,101945.04,307
ALL_EW_ALL,2016-06-28,104063.12,309
ALL_EW_ALL,2016-06-29,106236.76,312
ALL_EW_ALL,2016-06-30,107753.2,316
ALL_EW_ALL,2016-07-01,108203.52,318
ALL_EW_ALL,2016-07-05,106541.04,322
ALL_EW_ALL,2016-07-06,107296.34,312
ALL_EW_ALL,2016-07-07,107491.37,323
ALL_EW_ALL,2016-07-08,109653.19,314
ALL_EW_ALL,2016-07-11,110199.36,335
ALL_EW_ALL,2016-07-12,111884.77,330
ALL_EW_ALL,2016-07-13,111689.13,333
ALL_EW_ALL,2016-07-14,112361.96,315
ALL_EW_ALL,2016-07-15,112219.75,303
ALL_EW_ALL,2016-07-18,112531.91,282
ALL_EW_ALL,2016-07-19,112039.54,262
ALL_EW_ALL,2016-07-20,112862.52,246
ALL_EW_ALL,2016-07-21,112360.35,239
ALL_EW_ALL,2016-07-22,113007.07,218
ALL_EW_ALL,2016-07-25,112628.67,218
ALL_EW_ALL,2016-07-26,113108.8,207
ALL_EW_ALL,2016-07-27,112603.8,195
ALL_EW_ALL,2016-07-28,112857.19,179
ALL_EW_ALL,2016-07-29,113188.58,181
ALL_EW_ALL,2016-08-01,112446.14,180
ALL_EW_ALL,2016-08-02,111549.64,171
ALL_EW_ALL,2016-08-03,112459.28,168
ALL_EW_ALL,2016-08-04,112251.77,174
ALL_EW_ALL,2016-08-05,113189.76,171
ALL_EW_ALL,2016-08-08,113269.98,184
ALL_EW_ALL,2016-08-09,113037.49,190
ALL_EW_ALL,2016-08-10,112560.94,195
ALL_EW_ALL,2016-08-11,113397.62,202
ALL_EW_ALL,2016-08-12,113325.36,225
ALL_EW_ALL,2016-08-15,113839.97,229
ALL_EW_ALL,2016-08-16,113200.5,238
ALL_EW_ALL,2016-08-17,113330.37,233
ALL_EW_ALL,2016-08-18,114088.54,238
ALL_EW_ALL,2016-08-19,113930.32,245
ALL_EW_ALL,2016-08-22,113676.04,245
ALL_EW_ALL,2016-08-23,114022.08,238
ALL_EW_ALL,2016-08-24,113337.63,250
ALL_EW_ALL,2016-08-25,113247.2,251
ALL_EW_ALL,2016-08-26,112821.9,258
ALL_EW_ALL,2016-08-29,113479.04,263
ALL_EW_ALL,2016-08-30,113318.81,266
ALL_EW_ALL,2016-08-31,112777.13,267
ALL_EW_ALL,2016-09-01,112624.15,263
ALL_EW_ALL,2016-09-02,113283.49,261
ALL_EW_ALL,2016-09-06,113544.46,281
ALL_EW_ALL,2016-09-07,113710.37,294
ALL_EW_ALL,2016-09-08,113533.28,305
ALL_EW_ALL,2016-09-09,110292.68,310
ALL_EW_ALL,2016-09-12,111955.95,300
ALL_EW_ALL,2016-09-13,109954.77,308
ALL_EW_ALL,2016-09-14,109712.12,306
ALL_EW_ALL,2016-09-15,110780.56,307
ALL_EW_ALL,2016-09-16,110325.02,314
ALL_EW_ALL,2016-09-19,110596.51,319
ALL_EW_ALL,2016-09-20,110378.87,325
ALL_EW_ALL,2016-09-21,111862.77,327
ALL_EW_ALL,2016-09-22,112773.79,359
ALL_EW_ALL,2016-09-23,112139.55,380
ALL_EW_ALL,2016-09-26,111334.95,375
ALL_EW_ALL,2016-09-27,111808.14,369
ALL_EW_ALL,2016-09-28,112640.13,358
ALL_EW_ALL,2016-09-29,111623.96,368
ALL_EW_ALL,2016-09-30,112624.78,364
ALL_EW_ALL,2016-10-03,112215.86,377
ALL_EW_ALL,2016-10-04,111603.02,370
ALL_EW_ALL,2016-10-05,112272.83,359
ALL_EW_ALL,2016-10-06,112315.91,364
ALL_EW_ALL,2016-10-07,111635.4,361
ALL_EW_ALL,2016-10-10,112139.19,352
ALL_EW_ALL,2016-10-11,110508.82,351
ALL_EW_ALL,2016-10-12,110700.84,344
ALL_EW_ALL,2016-10-13,110213.99,340
ALL_EW_ALL,2016-10-14,110189.33,343
ALL_EW_ALL,2016-10-17,109746.94,342
ALL_EW_ALL,2016-10-18,110519.7,342
ALL_EW_ALL,2016-10-19,110979.32,350
ALL_EW_ALL,2016-10-20,110768.52,358
ALL_EW_ALL,2016-10-21,110692.75,361
ALL_EW_ALL,2016-10-24,111057.14,362
ALL_EW_ALL,2016-10-25,110208.96,367
ALL_EW_ALL,2016-10-26,110081.61,364
ALL_EW_ALL,2016-10-27,109440.87,361
ALL_EW_ALL,2016-10-28,109345.51,355
ALL_EW_ALL,2016-10-31,109504.92,351
ALL_EW_ALL,2016-11-01,108574.19,357
ALL_EW_ALL,2016-11-02,107782.12,352
ALL_EW_ALL,2016-11-03,107329.69,345
ALL_EW_ALL,2016-11-04,107357.98,343
ALL_EW_ALL,2016-11-07,109730.48,343
ALL_EW_ALL,2016-11-08,110057.24,357
ALL_EW_ALL,2016-11-09,111551.3,358
ALL_EW_ALL,2016-11-10,112530.4,353
ALL_EW_ALL,2016-11-11,112465.08,353
ALL_EW_ALL,2016-11-14,113403.64,339
ALL_EW_ALL,2016-11-15,114162.74,328
ALL_EW_ALL,2016-11-16,113606.02,324
ALL_EW_ALL,2016-11-17,114198.63,313
ALL_EW_ALL,2016-11-18,113850.11,313
ALL_EW_ALL,2016-11-21,114906.52,297
ALL_EW_ALL,2016-11-22,115288.31,299
ALL_EW_ALL,2016-11-23,115566.88,295
ALL_EW_ALL,2016-11-25,115887.67,288
ALL_EW_ALL,2016-11-28,115150.62,287
ALL_EW_ALL,2016-11-29,115092.58,273
ALL_EW_ALL,2016-11-30,114923.73,266
ALL_EW_ALL,2016-12-01,113964.21,244
ALL_EW_ALL,2016-12-02,114293.51,236
ALL_EW_ALL,2016-12-05,115285.95,216
ALL_EW_ALL,2016-12-06,115722.63,208
ALL_EW_ALL,2016-12-07,117107.64,205
ALL_EW_ALL,2016-12-08,117701.4,223
ALL_EW_ALL,2016-12-09,118124.51,225
ALL_EW_ALL,2016-12-12,117725.65,219
ALL_EW_ALL,2016-12-13,118430.57,210
ALL_EW_ALL,2016-12-14,116999.12,212
ALL_EW_ALL,2016-12-15,117133.24,173
ALL_EW_ALL,2016-12-16,117110.75,177
ALL_EW_ALL,2016-12-19,117137.73,173
ALL_EW_ALL,2016-12-20,117193.43,167
ALL_EW_ALL,2016-12-21,116999.09,173
ALL_EW_ALL,2016-12-22,116424.71,169
ALL_EW_ALL,2016-12-23,116878.44,170
ALL_EW_ALL,2016-12-27,117201.71,174
ALL_EW_ALL,2016-12-28,116017.57,178
ALL_EW_ALL,2016-12-29,116118.55,174
ALL_EW_ALL,2016-12-30,115627.94,176
ALL_EW_ALL,2017-01-03,117083.77,173
ALL_EW_ALL,2017-01-04,118482.33,190
ALL_EW_ALL,2017-01-05,118573.52,216
ALL_EW_ALL,2017-01-06,118983.66,213
ALL_EW_ALL,2017-01-09,118490.42,230
ALL_EW_ALL,2017-01-10,118656.9,230
ALL_EW_ALL,2017-01-11,118935.28,244
ALL_EW_ALL,2017-01-12,118670.49,253
ALL_EW_ALL,2017-01-13,118956.16,250
ALL_EW_ALL,2017-01-17,118570.27,252
ALL_EW_ALL,2017-01-18,118913.83,269
ALL_EW_ALL,2017-01-19,118234.58,288
ALL_EW_ALL,2017-01-20,118622.23,285
ALL_EW_ALL,2017-01-23,118220.68,291
ALL_EW_ALL,2017-01-24,119600.98,290
ALL_EW_ALL,2017-01-25,120635.48,319
ALL_EW_ALL,2017-01-26,120279.23,330
ALL_EW_ALL,2017-01-27,119874.89,321
ALL_EW_ALL,2017-01-30,118953.83,315
ALL_EW_ALL,2017-01-31,118951.73,297
ALL_EW_ALL,2017-02-01,118421.38,289
ALL_EW_ALL,2017-02-02,118596.17,282
ALL_EW_ALL,2017-02-03,119642.87,280
ALL_EW_ALL,2017-02-06,119273.28,291
ALL_EW_ALL,2017-02-07,118961.2,278
ALL_EW_ALL,2017-02-08,119166.42,282
ALL_EW_ALL,2017-02-09,120071.24,289
ALL_EW_ALL,2017-02-10,120600.3,302
ALL_EW_ALL,2017-02-13,121062.71,302
ALL_EW_ALL,2017-02-14,121565.67,299
ALL_EW_ALL,2017-02-15,122139.0,300
ALL_EW_ALL,2017-02-16,121796.68,303
ALL_EW_ALL,2017-02-17,122001.11,288
ALL_EW_ALL,2017-02-21,122884.51,276
ALL_EW_ALL,2017-02-22,122506.86,281
ALL_EW_ALL,2017-02-23,122339.57,270
ALL_EW_ALL,2017-02-24,122536.08,255
ALL_EW_ALL,2017-02-27,122759.48,245
ALL_EW_ALL,2017-02-28,122043.92,238
ALL_EW_ALL,2017-03-01,123274.43,220
ALL_EW_ALL,2017-03-02,122460.92,222
ALL_EW_ALL,2017-03-03,122391.15,203
ALL_EW_ALL,2017-03-06,121718.53,195
ALL_EW_ALL,2017-03-07,120763.45,177
ALL_EW_ALL,2017-03-08,120182.12,171
ALL_EW_ALL,2017-03-09,119983.36,166
ALL_EW_ALL,2017-03-10,120525.44,163
ALL_EW_ALL,2017-03-13,120677.81,168
ALL_EW_ALL,2017-03-14,119822.57,169
ALL_EW_ALL,2017-03-15,121538.96,167
ALL_EW_ALL,2017-03-16,121271.21,214
ALL_EW_ALL,2017-03-17,121325.41,217
ALL_EW_ALL,2017-03-20,120959.67,220
ALL_EW_ALL,2017-03-21,119234.95,222
ALL_EW_ALL,2017-03-22,119426.9,222
ALL_EW_ALL,2017-03-23,119562.29,230
ALL_EW_ALL,2017-03-24,119473.89,231
ALL_EW_ALL,2017-03-27,119235.01,235
ALL_EW_ALL,2017-03-28,120379.62,243
ALL_EW_ALL,2017-03-29,120993.36,269
ALL_EW_ALL,2017-03-30,121173.17,283
ALL_EW_ALL,2017-03-31,121183.72,294
ALL_EW_ALL,2017-04-03,120552.04,292
ALL_EW_ALL,2017-04-04,120497.63,288
ALL_EW_ALL,2017-04-05,120155.19,288
ALL_EW_ALL,2017-04-06,120774.94,283
ALL_EW_ALL,2017-04-07,120583.77,290
ALL_EW_ALL,2017-04-10,121055.27,288
ALL_EW_ALL,2017-04-11,121066.36,292
ALL_EW_ALL,2017-04-12,120299.54,300
ALL_EW_ALL,2017-04-13,119487.46,298
ALL_EW_ALL,2017-04-17,120456.18,296
ALL_EW_ALL,2017-04-18,120103.1,316
ALL_EW_ALL,2017-04-19,120051.62,318
ALL_EW_ALL,2017-04-20,120886.6,321
ALL_EW_ALL,2017-04-21,120461.29,357
ALL_EW_ALL,2017-04-24,121774.47,352
ALL_EW_ALL,2017-04-25,122350.93,371
ALL_EW_ALL,2017-04-26,122380.98,376
ALL_EW_ALL,2017-04-27,122372.41,365
ALL_EW_ALL,2017-04-28,121822.34,352
ALL_EW_ALL,2017-05-01,121746.16,328
ALL_EW_ALL,2017-05-02,121827.93,320
ALL_EW_ALL,2017-05-03,121381.23,310
ALL_EW_ALL,2017-05-04,121442.9,299
ALL_EW_ALL,2017-05-05,122182.54,298
ALL_EW_ALL,2017-05-08,121931.37,301
ALL_EW_ALL,2017-05-09,121844.1,294
ALL_EW_ALL,2017-05-10,122224.4,294
ALL_EW_ALL,2017-05-11,121561.93,296
ALL_EW_ALL,2017-05-12,120948.16,286
ALL_EW_ALL,2017-05-15,121667.81,278
ALL_EW_ALL,2017-05-16,121234.73,279
ALL_EW_ALL,2017-05-17,119217.09,275
ALL_EW_ALL,2017-05-18,119516.39,262
ALL_EW_ALL,2017-05-19,120580.93,267
ALL_EW_ALL,2017-05-22,121072.3,274
ALL_EW_ALL,2017-05-23,121077.33,283
ALL_EW_ALL,2017-05-24,121150.83,283
ALL_EW_ALL,2017-05-25,121429.8,299
ALL_EW_ALL,2017-05-26,121390.53,309
ALL_EW_ALL,2017-05-30,120974.72,300
ALL_EW_ALL,2017-05-31,120957.57,294
ALL_EW_ALL,2017-06-01,122201.59,298
ALL_EW_ALL,2017-06-02,122177.71,313
ALL_EW_ALL,2017-06-05,121866.76,310
ALL_EW_ALL,2017-06-06,121447.23,293
ALL_EW_ALL,2017-06-07,121391.14,269
ALL_EW_ALL,2017-06-08,121603.37,261
ALL_EW_ALL,2017-06-09,123099.09,245
ALL_EW_ALL,2017-06-12,123709.09,242
ALL_EW_ALL,2017-06-13,124347.86,239
ALL_EW_ALL,2017-06-14,123754.14,235
ALL_EW_ALL,2017-06-15,123290.24,223
ALL_EW_ALL,2017-06-16,123550.36,211
ALL_EW_ALL,2017-06-19,124110.57,200
ALL_EW_ALL,2017-06-20,122797.24,213
ALL_EW_ALL,2017-06-21,122282.33,196
ALL_EW_ALL,2017-06-22,122567.8,189
ALL_EW_ALL,2017-06-23,123166.5,191
ALL_EW_ALL,2017-06-26,123564.52,194
ALL_EW_ALL,2017-06-27,122661.84,200
ALL_EW_ALL,2017-06-28,123837.43,193
ALL_EW_ALL,2017-06-29,123141.46,210
ALL_EW_ALL,2017-06-30,123660.74,207
ALL_EW_ALL,2017-07-03,124481.12,213
ALL_EW_ALL,2017-07-05,123434.58,224
ALL_EW_ALL,2017-07-06,121941.21,221
ALL_EW_ALL,2017-07-07,122624.21,210
ALL_EW_ALL,2017-07-10,122745.68,234
ALL_EW_ALL,2017-07-11,122720.61,244
ALL_EW_ALL,2017-07-12,123624.62,243
ALL_EW_ALL,2017-07-13,123926.59,258
ALL_EW_ALL,2017-07-14,124656.32,259
ALL_EW_ALL,2017-07-17,124850.42,277
ALL_EW_ALL,2017-07-18,124414.92,284
ALL_EW_ALL,2017-07-19,125507.91,286
ALL_EW_ALL,2017-07-20,125240.12,297
ALL_EW_ALL,2017-07-21,125322.89,282
ALL_EW_ALL,2017-07-24,124997.95,276
ALL_EW_ALL,2017-07-25,125548.4,260
ALL_EW_ALL,2017-07-26,125338.14,266
ALL_EW_ALL,2017-07-27,125467.97,255
ALL_EW_ALL,2017-07-28,125290.11,248
ALL_EW_ALL,2017-07-31,125197.26,233
ALL_EW_ALL,2017-08-01,125262.41,227
ALL_EW_ALL,2017-08-02,124771.45,228
ALL_EW_ALL,2017-08-03,124324.71,224
ALL_EW_ALL,2017-08-04,124530.84,216
ALL_EW_ALL,2017-08-07,124583.83,217
ALL_EW_ALL,2017-08-08,124379.85,212
ALL_EW_ALL,2017-08-09,124101.37,202
ALL_EW_ALL,2017-08-10,122280.51,196
ALL_EW_ALL,2017-08-11,122410.36,191
ALL_EW_ALL,2017-08-14,123425.03,187
ALL_EW_ALL,2017-08-15,123076.99,200
ALL_EW_ALL,2017-08-16,123416.18,205
ALL_EW_ALL,2017-08-17,121533.42,211
ALL_EW_ALL,2017-08-18,121033.18,202
ALL_EW_ALL,2017-08-21,120908.04,202
ALL_EW_ALL,2017-08-22,122170.7,210
ALL_EW_ALL,2017-08-23,121736.18,227
ALL_EW_ALL,2017-08-24,121645.13,221
ALL_EW_ALL,2017-08-25,121990.15,228
ALL_EW_ALL,2017-08-28,121795.14,247
ALL_EW_ALL,2017-08-29,121741.59,252
ALL_EW_ALL,2017-08-30,122411.71,256
ALL_EW_ALL,2017-08-31,123131.78,273
ALL_EW_ALL,2017-09-01,123606.81,287
ALL_EW_ALL,2017-09-05,122700.07,290
ALL_EW_ALL,2017-09-06,123240.3,279
ALL_EW_ALL,2017-09-07,123025.57,283
ALL_EW_ALL,2017-09-08,122953.2,291
ALL_EW_ALL,2017-09-11,124049.69,286
ALL_EW_ALL,2017-09-12,124671.29,290
ALL_EW_ALL,2017-09-13,124871.48,292
ALL_EW_ALL,2017-09-14,124733.84,279
ALL_EW_ALL,2017-09-15,124948.98,267
ALL_EW_ALL,2017-09-18,125049.98,265
ALL_EW_ALL,2017-09-19,124880.14,256
ALL_EW_ALL,2017-09-20,125089.76,243
ALL_EW_ALL,2017-09-21,124868.67,242
ALL_EW_ALL,2017-09-22,125210.69,233
ALL_EW_ALL,2017-09-25,125383.27,227
ALL_EW_ALL,2017-09-26,125412.5,223
ALL_EW_ALL,2017-09-27,125923.74,220
ALL_EW_ALL,2017-09-28,125818.99,225
ALL_EW_ALL,2017-09-29,126209.57,216
ALL_EW_ALL,2017-10-02,126579.01,222
ALL_EW_ALL,2017-10-03,126833.06,228
ALL_EW_ALL,2017-10-04,127224.12,222
ALL_EW_ALL,2017-10-05,127634.01,227
ALL_EW_ALL,2017-10-06,127381.32,232
ALL_EW_ALL,2017-10-09,126760.58,224
ALL_EW_ALL,2017-10-10,127095.38,218
ALL_EW_ALL,2017-10-11,127161.02,224
ALL_EW_ALL,2017-10-12,127281.87,215
ALL_EW_ALL,2017-10-13,127390.49,214
ALL_EW_ALL,2017-10-16,127097.32,207
ALL_EW_ALL,2017-10-17,127228.02,199
ALL_EW_ALL,2017-10-18,127183.26,194
ALL_EW_ALL,2017-10-19,127605.5,188
ALL_EW_ALL,2017-10-20,128265.79,190
ALL_EW_ALL,2017-10-23,127853.65,206
ALL_EW_ALL,2017-10-24,127665.84,197
ALL_EW_ALL,2017-10-25,126782.24,201
ALL_EW_ALL,2017-10-26,126920.75,189
ALL_EW_ALL,2017-10-27,126774.93,196
ALL_EW_ALL,2017-10-30,126159.58,198
ALL_EW_ALL,2017-10-31,126064.51,193
ALL_EW_ALL,2017-11-01,125894.98,197
ALL_EW_ALL,2017-11-02,125191.63,194
ALL_EW_ALL,2017-11-03,125316.59,198
ALL_EW_ALL,2017-11-06,126104.53,200
ALL_EW_ALL,2017-11-07,125796.24,203
ALL_EW_ALL,2017-11-08,125963.33,204
ALL_EW_ALL,2017-11-09,125878.06,208
ALL_EW_ALL,2017-11-10,125988.96,207
ALL_EW_ALL,2017-11-13,126332.6,207
ALL_EW_ALL,2017-11-14,126228.12,204
ALL_EW_ALL,2017-11-15,125596.92,207
ALL_EW_ALL,2017-11-16,126647.37,193
ALL_EW_ALL,2017-11-17,127288.46,211
ALL_EW_ALL,2017-11-20,127364.57,210
ALL_EW_ALL,2017-11-21,127805.7,218
ALL_EW_ALL,2017-11-22,127783.87,230
ALL_EW_ALL,2017-11-24,127718.82,222
ALL_EW_ALL,2017-11-27,127644.58,226
ALL_EW_ALL,2017-11-28,129273.19,228
ALL_EW_ALL,2017-11-29,130641.93,259
ALL_EW_ALL,2017-11-30,131620.91,264
ALL_EW_ALL,2017-12-01,131463.4,267
ALL_EW_ALL,2017-12-04,132367.16,258
ALL_EW_ALL,2017-12-05,131252.1,254
ALL_EW_ALL,2017-12-06,130880.74,233
ALL_EW_ALL,2017-12-07,131412.2,220
ALL_EW_ALL,2017-12-08,132392.22,218
ALL_EW_ALL,2017-12-11,132566.85,215
ALL_EW_ALL,2017-12-12,132545.6,218
ALL_EW_ALL,2017-12-13,132099.17,212
ALL_EW_ALL,2017-12-14,131464.1,203
ALL_EW_ALL,2017-12-15,132739.17,172
ALL_EW_ALL,2017-12-18,133600.81,192
ALL_EW_ALL,2017-12-19,133102.71,198
ALL_EW_ALL,2017-12-20,132966.89,193
ALL_EW_ALL,2017-12-21,133154.32,189
ALL_EW_ALL,2017-12-22,133265.52,189
ALL_EW_ALL,2017-12-26,133508.55,184
ALL_EW_ALL,2017-12-27,133582.67,180
ALL_EW_ALL,2017-12-28,133939.85,178
ALL_EW_ALL,2017-12-29,133353.3,178
ALL_EW_ALL,2018-01-02,134354.77,172
ALL_EW_ALL,2018-01-03,135483.5,189
ALL_EW_ALL,2018-01-04,135807.03,212
ALL_EW_ALL,2018-01-05,136565.96,222
ALL_EW_ALL,2018-01-08,137020.01,224
ALL_EW_ALL,2018-01-09,136878.87,223
ALL_EW_ALL,2018-01-10,136301.88,217
ALL_EW_ALL,2018-01-11,137287.45,200
ALL_EW_ALL,2018-01-12,137888.09,203
ALL_EW_ALL,2018-01-16,137018.67,208
ALL_EW_ALL,2018-01-17,138084.69,187
ALL_EW_ALL,2018-01-18,137599.78,189
ALL_EW_ALL,2018-01-19,138274.7,180
ALL_EW_ALL,2018-01-22,139001.16,178
ALL_EW_ALL,2018-01-23,139922.95,181
ALL_EW_ALL,2018-01-24,139928.4,179
ALL_EW_ALL,2018-01-25,140036.52,176
ALL_EW_ALL,2018-01-26,141319.82,168
ALL_EW_ALL,2018-01-29,140300.7,169
ALL_EW_ALL,2018-01-30,139075.9,163
ALL_EW_ALL,2018-01-31,139429.39,140
ALL_EW_ALL,2018-02-01,138783.8,135
ALL_EW_ALL,2018-02-02,136353.95,128
ALL_EW_ALL,2018-02-05,132034.25,115
ALL_EW_ALL,2018-02-06,133717.35,109
ALL_EW_ALL,2018-02-07,133392.4,110
ALL_EW_ALL,2018-02-08,129476.19,110
ALL_EW_ALL,2018-02-09,131291.31,107
ALL_EW_ALL,2018-02-12,132319.04,110
ALL_EW_ALL,2018-02-13,132708.65,120
ALL_EW_ALL,2018-02-14,133851.08,124
ALL_EW_ALL,2018-02-15,135514.13,175
ALL_EW_ALL,2018-02-16,135403.4,221
ALL_EW_ALL,2018-02-20,134357.34,246
ALL_EW_ALL,2018-02-21,133468.6,243
ALL_EW_ALL,2018-02-22,133379.56,242
ALL_EW_ALL,2018-02-23,135520.21,241
ALL_EW_ALL,2018-02-26,136502.63,271
ALL_EW_ALL,2018-02-27,134606.85,285
ALL_EW_ALL,2018-02-28,133317.46,248
ALL_EW_ALL,2018-03-01,131960.03,226
ALL_EW_ALL,2018-03-02,132708.82,216
ALL_EW_ALL,2018-03-05,134096.76,220
ALL_EW_ALL,2018-03-06,134596.29,219
ALL_EW_ALL,2018-03-07,134470.97,218
ALL_EW_ALL,2018-03-08,135012.95,216
ALL_EW_ALL,2018-03-09,137009.39,230
ALL_EW_ALL,2018-03-12,136663.59,256
ALL_EW_ALL,2018-03-13,136306.8,241
ALL_EW_ALL,2018-03-14,135352.24,221
ALL_EW_ALL,2018-03-15,135118.71,202
ALL_EW_ALL,2018-03-16,135767.53,199
ALL_EW_ALL,2018-03-19,134256.11,198
ALL_EW_ALL,2018-03-20,134044.71,181
ALL_EW_ALL,2018-03-21,133978.0,180
ALL_EW_ALL,2018-03-22,130979.1,184
ALL_EW_ALL,2018-03-23,128810.23,177
ALL_EW_ALL,2018-03-26,131421.99,177
ALL_EW_ALL,2018-03-27,130066.64,195
ALL_EW_ALL,2018-03-28,130031.18,193
ALL_EW_ALL,2018-03-29,131665.06,195
ALL_EW_ALL,2018-04-02,128689.5,216
ALL_EW_ALL,2018-04-03,130161.73,213
ALL_EW_ALL,2018-04-04,131838.86,220
ALL_EW_ALL,2018-04-05,132834.72,248
ALL_EW_ALL,2018-04-06,130078.3,271
ALL_EW_ALL,2018-04-09,130100.59,251
ALL_EW_ALL,2018-04-10,132095.6,251
ALL_EW_ALL,2018-04-11,131584.79,277
ALL_EW_ALL,2018-04-12,132315.73,275
ALL_EW_ALL,2018-04-13,131882.12,284
ALL_EW_ALL,2018-04-16,133173.3,284
ALL_EW_ALL,2018-04-17,134195.81,327
ALL_EW_ALL,2018-04-18,134641.79,335
ALL_EW_ALL,2018-04-19,133685.14,331
ALL_EW_ALL,2018-04-20,132637.7,295
ALL_EW_ALL,2018-04-23,132811.98,264
ALL_EW_ALL,2018-04-24,131467.76,258
ALL_EW_ALL,2018-04-25,131628.05,229
ALL_EW_ALL,2018-04-26,132828.1,227
ALL_EW_ALL,2018-04-27,133559.45,231
ALL_EW_ALL,2018-04-30,132140.41,237
ALL_EW_ALL,2018-05-01,132411.35,218
ALL_EW_ALL,2018-05-02,131122.49,220
ALL_EW_ALL,2018-05-03,130551.3,211
ALL_EW_ALL,2018-05-04,132329.01,208
ALL_EW_ALL,2018-05-07,132575.01,223
ALL_EW_ALL,2018-05-08,132560.36,225
ALL_EW_ALL,2018-05-09,133647.22,230
ALL_EW_ALL,2018-05-10,134817.9,248
ALL_EW_ALL,2018-05-11,134995.25,265
ALL_EW_ALL,2018-05-14,135062.7,264
ALL_EW_ALL,2018-05-15,134403.53,263
ALL_EW_ALL,2018-05-16,135273.19,250
ALL_EW_ALL,2018-05-17,135281.51,260
ALL_EW_ALL,2018-05-18,134963.12,256
ALL_EW_ALL,2018-05-21,135765.43,246
ALL_EW_ALL,2018-05-22,135425.64,245
ALL_EW_ALL,2018-05-23,135441.15,229
ALL_EW_ALL,2018-05-24,135421.64,225
ALL_EW_ALL,2018-05-25,135461.67,214
ALL_EW_ALL,2018-05-29,133846.13,223
ALL_EW_ALL,2018-05-30,135273.6,213
ALL_EW_ALL,2018-05-31,133869.74,233
ALL_EW_ALL,2018-06-01,134518.46,223
ALL_EW_ALL,2018-06-04,134779.29,235
ALL_EW_ALL,2018-06-05,134999.14,237
ALL_EW_ALL,2018-06-06,135878.18,236
ALL_EW_ALL,2018-06-07,135926.74,250
ALL_EW_ALL,2018-06-08,136690.78,258
ALL_EW_ALL,2018-06-11,137094.22,268
ALL_EW_ALL,2018-06-12,137496.91,262
ALL_EW_ALL,2018-06-13,136789.9,263
ALL_EW_ALL,2018-06-14,137262.21,240
ALL_EW_ALL,2018-06-15,137540.63,237
ALL_EW_ALL,2018-06-18,137177.91,231
ALL_EW_ALL,2018-06-19,136810.38,221
ALL_EW_ALL,2018-06-20,137051.18,217
ALL_EW_ALL,2018-06-21,136320.88,217
ALL_EW_ALL,2018-06-22,136963.88,211
ALL_EW_ALL,2018-06-25,135976.22,212
ALL_EW_ALL,2018-06-26,135889.31,206
ALL_EW_ALL,2018-06-27,134811.18,200
ALL_EW_ALL,2018-06-28,135154.86,199
ALL_EW_ALL,2018-06-29,135296.64,204
ALL_EW_ALL,2018-07-02,135235.95,207
ALL_EW_ALL,2018-07-03,135167.26,208
ALL_EW_ALL,2018-07-05,136200.38,210
ALL_EW_ALL,2018-07-06,137103.1,236
ALL_EW_ALL,2018-07-09,138216.55,270
ALL_EW_ALL,2018-07-10,138443.4,295
ALL_EW_ALL,2018-07-11,137119.38,309
ALL_EW_ALL,2018-07-12,138088.41,301
ALL_EW_ALL,2018-07-13,138250.11,314
ALL_EW_ALL,2018-07-16,137939.72,310
ALL_EW_ALL,2018-07-17,138527.97,292
ALL_EW_ALL,2018-07-18,139234.87,294
ALL_EW_ALL,2018-07-19,138846.76,295
ALL_EW_ALL,2018-07-20,138320.23,280
ALL_EW_ALL,2018-07-23,138527.13,262
ALL_EW_ALL,2018-07-24,138414.27,257
ALL_EW_ALL,2018-07-25,139553.89,255
ALL_EW_ALL,2018-07-26,140144.51,266
ALL_EW_ALL,2018-07-27,139423.82,266
ALL_EW_ALL,2018-07-30,139192.16,261
ALL_EW_ALL,2018-07-31,139874.33,253
ALL_EW_ALL,2018-08-01,138853.3,262
ALL_EW_ALL,2018-08-02,139374.06,245
ALL_EW_ALL,2018-08-03,139979.72,239
ALL_EW_ALL,2018-08-06,140283.21,240
ALL_EW_ALL,2018-08-07,140484.7,238
ALL_EW_ALL,2018-08-08,140290.24,237
ALL_EW_ALL,2018-08-09,140039.43,236
ALL_EW_ALL,2018-08-10,139038.69,232
ALL_EW_ALL,2018-08-13,138424.87,217
ALL_EW_ALL,2018-08-14,139716.37,210
ALL_EW_ALL,2018-08-15,138330.57,217
ALL_EW_ALL,2018-08-16,139440.81,210
ALL_EW_ALL,2018-08-17,140146.91,213
ALL_EW_ALL,2018-08-20,140670.68,222
ALL_EW_ALL,2018-08-21,141113.08,231
ALL_EW_ALL,2018-08-22,140995.96,234
ALL_EW_ALL,2018-08-23,140434.43,239
ALL_EW_ALL,2018-08-24,141260.99,234
ALL_EW_ALL,2018-08-27,142320.59,238
ALL_EW_ALL,2018-08-28,142296.14,254
ALL_EW_ALL,2018-08-29,142931.1,256
ALL_EW_ALL,2018-08-30,141841.27,259
ALL_EW_ALL,2018-08-31,141734.25,245
ALL_EW_ALL,2018-09-04,141143.02,238
ALL_EW_ALL,2018-09-05,141055.65,241
ALL_EW_ALL,2018-09-06,140227.31,236
ALL_EW_ALL,2018-09-07,139708.66,237
ALL_EW_ALL,2018-09-10,140132.76,227
ALL_EW_ALL,2018-09-11,140092.53,230
ALL_EW_ALL,2018-09-12,140349.23,235
ALL_EW_ALL,2018-09-13,140870.32,235
ALL_EW_ALL,2018-09-14,141244.82,241
ALL_EW_ALL,2018-09-17,140911.5,241
ALL_EW_ALL,2018-09-18,141617.76,233
ALL_EW_ALL,2018-09-19,142081.42,236
ALL_EW_ALL,2018-09-20,143063.67,234
ALL_EW_ALL,2018-09-21,143281.97,239
ALL_EW_ALL,2018-09-24,142223.65,237
ALL_EW_ALL,2018-09-25,141684.75,223
ALL_EW_ALL,2018-09-26,141068.16,211
ALL_EW_ALL,2018-09-27,141001.64,204
ALL_EW_ALL,2018-09-28,141269.53,205
ALL_EW_ALL,2018-10-01,141089.02,210
ALL_EW_ALL,2018-10-02,140804.94,208
ALL_EW_ALL,2018-10-03,141118.11,211
ALL_EW_ALL,2018-10-04,139949.81,217
ALL_EW_ALL,2018-10-05,139249.22,212
ALL_EW_ALL,2018-10-08,139642.97,221
ALL_EW_ALL,2018-10-09,139110.59,234
ALL_EW_ALL,2018-10-10,135421.31,236
ALL_EW_ALL,2018-10-11,132464.49,222
ALL_EW_ALL,2018-10-12,133257.22,218
ALL_EW_ALL,2018-10-15,133397.85,221
ALL_EW_ALL,2018-10-16,135830.18,222
ALL_EW_ALL,2018-10-17,135539.24,229
ALL_EW_ALL,2018-10-18,133781.5,235
ALL_EW_ALL,2018-10-19,133418.79,239
ALL_EW_ALL,2018-10-22,132213.69,249
ALL_EW_ALL,2018-10-23,131722.14,247
ALL_EW_ALL,2018-10-24,128283.92,246
ALL_EW_ALL,2018-10-25,130130.21,247
ALL_EW_ALL,2018-10-26,127927.94,248
ALL_EW_ALL,2018-10-29,128351.6,244
ALL_EW_ALL,2018-10-30,131284.3,245
ALL_EW_ALL,2018-10-31,131939.8,256
ALL_EW_ALL,2018-11-01,134078.9,266
ALL_EW_ALL,2018-11-02,133579.15,288
ALL_EW_ALL,2018-11-05,134373.87,293
ALL_EW_ALL,2018-11-06,135429.78,310
ALL_EW_ALL,2018-11-07,137476.67,319
ALL_EW_ALL,2018-11-08,137250.67,337
ALL_EW_ALL,2018-11-09,135906.31,318
ALL_EW_ALL,2018-11-12,133891.8,288
ALL_EW_ALL,2018-11-13,133708.76,232
ALL_EW_ALL,2018-11-14,132938.53,222
ALL_EW_ALL,2018-11-15,133782.71,208
ALL_EW_ALL,2018-11-16,134142.55,197
ALL_EW_ALL,2018-11-19,132157.02,194
ALL_EW_ALL,2018-11-20,130057.69,185
ALL_EW_ALL,2018-11-21,131273.76,169
ALL_EW_ALL,2018-11-23,130540.07,165
ALL_EW_ALL,2018-11-26,132754.2,164
ALL_EW_ALL,2018-11-27,132742.09,170
ALL_EW_ALL,2018-11-28,135483.44,174
ALL_EW_ALL,2018-11-29,134778.89,226
ALL_EW_ALL,2018-11-30,135587.31,226
ALL_EW_ALL,2018-12-03,137148.26,243
ALL_EW_ALL,2018-12-04,132294.14,272
ALL_EW_ALL,2018-12-06,131590.88,229
ALL_EW_ALL,2018-12-07,128768.51,227
ALL_EW_ALL,2018-12-10,128212.97,223
ALL_EW_ALL,2018-12-11,127848.44,225
ALL_EW_ALL,2018-12-12,128865.05,226
ALL_EW_ALL,2018-12-13,127879.64,230
ALL_EW_ALL,2018-12-14,125629.41,234
ALL_EW_ALL,2018-12-17,123128.79,232
ALL_EW_ALL,2018-12-18,122568.0,229
ALL_EW_ALL,2018-12-19,120535.42,231
ALL_EW_ALL,2018-12-20,118417.3,232
ALL_EW_ALL,2018-12-21,115918.71,231
ALL_EW_ALL,2018-12-24,113042.94,231
ALL_EW_ALL,2018-12-26,118563.97,231
ALL_EW_ALL,2018-12-27,119419.4,233
ALL_EW_ALL,2018-12-28,119062.11,239
ALL_EW_ALL,2018-12-31,119934.41,242
ALL_EW_ALL,2019-01-02,120424.94,265
ALL_EW_ALL,2019-01-03,118038.33,284
ALL_EW_ALL,2019-01-04,122404.76,284
ALL_EW_ALL,2019-01-07,123879.28,317
ALL_EW_ALL,2019-01-08,125131.32,335
ALL_EW_ALL,2019-01-09,126105.66,358
ALL_EW_ALL,2019-01-10,126789.9,366
ALL_EW_ALL,2019-01-11,126906.5,378
ALL_EW_ALL,2019-01-14,126158.49,362
ALL_EW_ALL,2019-01-15,127059.09,327
ALL_EW_ALL,2019-01-16,127397.06,323
ALL_EW_ALL,2019-01-17,128430.14,302
ALL_EW_ALL,2019-01-18,130354.6,301
ALL_EW_ALL,2019-01-22,128575.43,299
ALL_EW_ALL,2019-01-23,128668.78,242
ALL_EW_ALL,2019-01-24,128899.4,209
ALL_EW_ALL,2019-01-25,130165.93,191
ALL_EW_ALL,2019-01-28,130006.6,187
ALL_EW_ALL,2019-01-29,130132.59,166
ALL_EW_ALL,2019-01-30,131471.45,155
ALL_EW_ALL,2019-01-31,132108.89,159
ALL_EW_ALL,2019-02-01,132388.1,152
ALL_EW_ALL,2019-02-04,132994.45,146
ALL_EW_ALL,2019-02-05,133620.66,142
ALL_EW_ALL,2019-02-06,132951.65,142
ALL_EW_ALL,2019-02-07,132070.63,132
ALL_EW_ALL,2019-02-08,132454.8,123
ALL_EW_ALL,2019-02-11,132671.76,120
ALL_EW_ALL,2019-02-12,134273.54,113
ALL_EW_ALL,2019-02-13,134971.53,115
ALL_EW_ALL,2019-02-14,134778.47,113
ALL_EW_ALL,2019-02-15,136080.91,112
ALL_EW_ALL,2019-02-19,136583.36,144
ALL_EW_ALL,2019-02-20,136808.21,150
ALL_EW_ALL,2019-02-21,135655.88,143
ALL_EW_ALL,2019-02-22,136237.58,140
ALL_EW_ALL,2019-02-25,136156.3,140
ALL_EW_ALL,2019-02-26,135879.72,133
ALL_EW_ALL,2019-02-27,135933.04,121
ALL_EW_ALL,2019-02-28,135370.01,125
ALL_EW_ALL,2019-03-01,136586.88,127
ALL_EW_ALL,2019-03-04,135557.97,134
ALL_EW_ALL,2019-03-05,135160.78,130
ALL_EW_ALL,2019-03-06,133692.51,130
ALL_EW_ALL,2019-03-07,132343.0,125
ALL_EW_ALL,2019-03-08,131769.82,127
ALL_EW_ALL,2019-03-11,133590.41,128
ALL_EW_ALL,2019-03-12,134085.11,146
ALL_EW_ALL,2019-03-13,135057.57,158
ALL_EW_ALL,2019-03-14,134885.21,182
ALL_EW_ALL,2019-03-15,135184.47,196
ALL_EW_ALL,2019-03-18,135870.6,206
ALL_EW_ALL,2019-03-19,135294.4,226
ALL_EW_ALL,2019-03-20,134185.33,234
ALL_EW_ALL,2019-03-21,135666.96,233
ALL_EW_ALL,2019-03-22,132731.93,259
ALL_EW_ALL,2019-03-25,132678.05,242
ALL_EW_ALL,2019-03-26,133914.81,241
ALL_EW_ALL,2019-03-27,133460.21,242
ALL_EW_ALL,2019-03-28,134050.22,233
ALL_EW_ALL,2019-03-29,134956.34,233
ALL_EW_ALL,2019-04-01,136998.17,253
ALL_EW_ALL,2019-04-02,136560.58,285
ALL_EW_ALL,2019-04-03,137112.29,278
ALL_EW_ALL,2019-04-04,137984.84,276
ALL_EW_ALL,2019-04-05,138923.79,283
ALL_EW_ALL,2019-04-08,138928.46,282
ALL_EW_ALL,2019-04-09,137458.37,271
ALL_EW_ALL,2019-04-10,138251.89,249
ALL_EW_ALL,2019-04-11,138329.52,250
ALL_EW_ALL,2019-04-12,139660.8,255
ALL_EW_ALL,2019-04-15,139085.79,256
ALL_EW_ALL,2019-04-16,139126.53,241
ALL_EW_ALL,2019-04-17,138285.72,238
ALL_EW_ALL,2019-04-18,138588.78,231
ALL_EW_ALL,2019-04-22,138151.81,220
ALL_EW_ALL,2019-04-23,139698.83,205
ALL_EW_ALL,2019-04-24,139501.53,207
ALL_EW_ALL,2019-04-25,138957.07,203
ALL_EW_ALL,2019-04-26,139917.48,202
ALL_EW_ALL,2019-04-29,139785.98,213
ALL_EW_ALL,2019-04-30,140300.19,212
ALL_EW_ALL,2019-05-01,139164.05,220
ALL_EW_ALL,2019-05-02,138957.42,214
ALL_EW_ALL,2019-05-03,140321.65,223
ALL_EW_ALL,2019-05-06,139920.92,230
ALL_EW_ALL,2019-05-07,137649.32,224
ALL_EW_ALL,2019-05-08,137240.91,210
ALL_EW_ALL,2019-05-09,137213.38,211
ALL_EW_ALL,2019-05-10,137652.7,208
ALL_EW_ALL,2019-05-13,134480.0,212
ALL_EW_ALL,2019-05-14,135594.96,208
ALL_EW_ALL,2019-05-15,135953.01,204
ALL_EW_ALL,2019-05-16,136731.86,212
ALL_EW_ALL,2019-05-17,135841.79,231
ALL_EW_ALL,2019-05-20,134982.98,227
ALL_EW_ALL,2019-05-21,136612.97,223
ALL_EW_ALL,2019-05-22,135923.99,244
ALL_EW_ALL,2019-05-23,134111.67,246
ALL_EW_ALL,2019-05-24,134430.29,243
ALL_EW_ALL,2019-05-28,133073.19,244
ALL_EW_ALL,2019-05-29,131986.22,235
ALL_EW_ALL,2019-05-30,131978.55,233
ALL_EW_ALL,2019-05-31,130487.28,236
ALL_EW_ALL,2019-06-03,131114.64,236
ALL_EW_ALL,2019-06-04,133994.17,240
ALL_EW_ALL,2019-06-05,134903.75,282
ALL_EW_ALL,2019-06-06,135550.39,314
ALL_EW_ALL,2019-06-07,136550.71,320
ALL_EW_ALL,2019-06-10,137066.75,335
ALL_EW_ALL,2019-06-11,137033.29,345
ALL_EW_ALL,2019-06-12,136614.87,331
ALL_EW_ALL,2019-06-13,137579.89,316
ALL_EW_ALL,2019-06-14,136909.75,314
ALL_EW_ALL,2019-06-17,136845.19,299
ALL_EW_ALL,2019-06-18,138500.45,288
ALL_EW_ALL,2019-06-19,138930.3,288
ALL_EW_ALL,2019-06-20,140264.27,281
ALL_EW_ALL,2019-06-21,140124.1,283
ALL_EW_ALL,2019-06-24,139233.82,264
ALL_EW_ALL,2019-06-25,138323.58,245
ALL_EW_ALL,2019-06-26,138466.57,216
ALL_EW_ALL,2019-06-27,139535.42,202
ALL_EW_ALL,2019-06-28,140970.74,201
ALL_EW_ALL,2019-07-01,141953.59,205
ALL_EW_ALL,2019-07-02,141658.86,204
ALL_EW_ALL,2019-07-03,142889.18,202
ALL_EW_ALL,2019-07-05,142901.46,221
ALL_EW_ALL,2019-07-08,142053.95,217
ALL_EW_ALL,2019-07-09,142012.57,204
ALL_EW_ALL,2019-07-10,142153.73,200
ALL_EW_ALL,2019-07-11,142427.45,204
ALL_EW_ALL,2019-07-12,143531.88,199
ALL_EW_ALL,2019-07-15,143123.9,207
ALL_EW_ALL,2019-07-16,143004.9,208
ALL_EW_ALL,2019-07-17,141584.36,209
ALL_EW_ALL,2019-07-18,142028.04,205
ALL_EW_ALL,2019-07-19,141665.69,209
ALL_EW_ALL,2019-07-22,141398.4,206
ALL_EW_ALL,2019-07-23,142918.41,208
ALL_EW_ALL,2019-07-24,144035.29,218
ALL_EW_ALL,2019-07-25,143047.29,233
ALL_EW_ALL,2019-07-26,143581.69,226
ALL_EW_ALL,2019-07-29,143153.91,243
ALL_EW_ALL,2019-07-30,143562.4,246
ALL_EW_ALL,2019-07-31,142286.39,248
ALL_EW_ALL,2019-08-01,140070.7,242
ALL_EW_ALL,2019-08-02,138975.7,242
ALL_EW_ALL,2019-08-05,135309.79,243
ALL_EW_ALL,2019-08-06,136534.32,237
ALL_EW_ALL,2019-08-07,136640.48,244
ALL_EW_ALL,2019-08-08,138997.75,247
ALL_EW_ALL,2019-08-09,137821.39,263
ALL_EW_ALL,2019-08-12,136083.8,264
ALL_EW_ALL,2019-08-13,137494.24,257
ALL_EW_ALL,2019-08-14,133304.46,275
ALL_EW_ALL,2019-08-15,133006.99,253
ALL_EW_ALL,2019-08-16,135162.32,254
ALL_EW_ALL,2019-08-19,136741.55,259
ALL_EW_ALL,2019-08-20,135410.55,278
ALL_EW_ALL,2019-08-21,136470.54,274
ALL_EW_ALL,2019-08-22,136548.49,284
ALL_EW_ALL,2019-08-23,132642.4,285
ALL_EW_ALL,2019-08-26,133675.32,271
ALL_EW_ALL,2019-08-27,132894.07,272
ALL_EW_ALL,2019-08-28,134186.89,271
ALL_EW_ALL,2019-08-29,136074.1,269
ALL_EW_ALL,2019-08-30,136287.93,269
ALL_EW_ALL,2019-09-03,134926.74,279
ALL_EW_ALL,2019-09-04,136686.87,278
ALL_EW_ALL,2019-09-05,139211.71,305
ALL_EW_ALL,2019-09-06,139526.85,326
ALL_EW_ALL,2019-09-09,141185.39,323
ALL_EW_ALL,2019-09-10,142821.92,318
ALL_EW_ALL,2019-09-11,144117.85,315
ALL_EW_ALL,2019-09-12,143880.77,309
ALL_EW_ALL,2019-09-13,144298.71,285
ALL_EW_ALL,2019-09-16,144262.7,266
ALL_EW_ALL,2019-09-17,143521.57,232
ALL_EW_ALL,2019-09-18,143002.16,228
ALL_EW_ALL,2019-09-19,142652.96,211
ALL_EW_ALL,2019-09-20,142163.82,186
ALL_EW_ALL,2019-09-23,142000.64,169
ALL_EW_ALL,2019-09-24,141131.17,158
ALL_EW_ALL,2019-09-25,141573.2,148
ALL_EW_ALL,2019-09-26,141384.55,149
ALL_EW_ALL,2019-09-27,140253.69,151
ALL_EW_ALL,2019-09-30,141165.07,148
ALL_EW_ALL,2019-10-01,139647.25,154
ALL_EW_ALL,2019-10-02,137377.66,154
ALL_EW_ALL,2019-10-03,138463.94,151
ALL_EW_ALL,2019-10-04,140136.97,152
ALL_EW_ALL,2019-10-07,139507.1,171
ALL_EW_ALL,2019-10-08,137253.29,166
ALL_EW_ALL,2019-10-09,138483.57,165
ALL_EW_ALL,2019-10-10,139298.34,182
ALL_EW_ALL,2019-10-11,140623.54,202
ALL_EW_ALL,2019-10-14,140413.86,272
ALL_EW_ALL,2019-10-15,141805.77,287
ALL_EW_ALL,2019-10-16,141449.6,340
ALL_EW_ALL,2019-10-17,142006.8,345
ALL_EW_ALL,2019-10-18,141804.66,359
ALL_EW_ALL,2019-10-21,142841.61,359
ALL_EW_ALL,2019-10-22,142756.44,365
ALL_EW_ALL,2019-10-23,143200.23,368
ALL_EW_ALL,2019-10-24,143272.17,367
ALL_EW_ALL,2019-10-25,143763.43,346
ALL_EW_ALL,2019-10-28,144343.32,337
ALL_EW_ALL,2019-10-29,144649.11,333
ALL_EW_ALL,2019-10-30,144665.65,321
ALL_EW_ALL,2019-10-31,143946.37,307
ALL_EW_ALL,2019-11-01,145532.98,282
ALL_EW_ALL,2019-11-04,146210.84,284
ALL_EW_ALL,2019-11-05,146415.28,279
ALL_EW_ALL,2019-11-06,146349.77,272
ALL_EW_ALL,2019-11-07,146740.94,253
ALL_EW_ALL,2019-11-08,147012.96,249
ALL_EW_ALL,2019-11-11,146644.74,246
ALL_EW_ALL,2019-11-12,146821.09,234
ALL_EW_ALL,2019-11-13,146844.64,226
ALL_EW_ALL,2019-11-14,147229.47,220
ALL_EW_ALL,2019-11-15,147965.36,218
ALL_EW_ALL,2019-11-18,147805.66,226
ALL_EW_ALL,2019-11-19,147843.36,224
ALL_EW_ALL,2019-11-20,147536.2,221
ALL_EW_ALL,2019-11-21,146944.3,214
ALL_EW_ALL,2019-11-22,147350.58,202
ALL_EW_ALL,2019-11-25,148213.11,202
ALL_EW_ALL,2019-11-26,148712.67,218
ALL_EW_ALL,2019-11-27,149407.33,216
ALL_EW_ALL,2019-11-29,148712.28,222
ALL_EW_ALL,2019-12-02,147369.57,218
ALL_EW_ALL,2019-12-03,146185.06,207
ALL_EW_ALL,2019-12-04,147331.12,200
ALL_EW_ALL,2019-12-05,147412.85,203
ALL_EW_ALL,2019-12-06,148874.58,206
ALL_EW_ALL,2019-12-09,148684.95,218
ALL_EW_ALL,2019-12-10,148512.21,214
ALL_EW_ALL,2019-12-11,148824.55,215
ALL_EW_ALL,2019-12-12,150595.71,231
ALL_EW_ALL,2019-12-13,149928.61,257
ALL_EW_ALL,2019-12-16,150880.17,247
ALL_EW_ALL,2019-12-17,151078.49,259
ALL_EW_ALL,2019-12-18,151274.6,258
ALL_EW_ALL,2019-12-19,151830.4,261
ALL_EW_ALL,2019-12-20,152734.13,264
ALL_EW_ALL,2019-12-23,152747.27,267
ALL_EW_ALL,2019-12-24,152711.78,258
ALL_EW_ALL,2019-12-26,152949.67,252
ALL_EW_ALL,2019-12-27,152786.33,248
ALL_EW_ALL,2019-12-30,152078.72,239
ALL_EW_ALL,2019-12-31,152706.09,233
ALL_EW_ALL,2020-01-02,153046.9,239
ALL_EW_ALL,2020-01-03,152229.72,247
ALL_EW_ALL,2020-01-06,152437.74,237
ALL_EW_ALL,2020-01-07,152125.67,235
ALL_EW_ALL,2020-01-08,152758.01,236
ALL_EW_ALL,2020-01-09,153304.45,237
ALL_EW_ALL,2020-01-10,152877.38,242
ALL_EW_ALL,2020-01-13,153845.24,237
ALL_EW_ALL,2020-01-14,154002.68,258
ALL_EW_ALL,2020-01-15,154300.71,258
ALL_EW_ALL,2020-01-16,155718.6,269
ALL_EW_ALL,2020-01-17,155981.16,279
ALL_EW_ALL,2020-01-21,155245.26,282
ALL_EW_ALL,2020-01-22,155075.1,262
ALL_EW_ALL,2020-01-23,155414.45,256
ALL_EW_ALL,2020-01-24,153631.54,257
ALL_EW_ALL,2020-01-27,151317.55,244
ALL_EW_ALL,2020-01-28,152585.94,228
ALL_EW_ALL,2020-01-29,151943.3,227
ALL_EW_ALL,2020-01-30,151976.27,219
ALL_EW_ALL,2020-01-31,148870.52,218
ALL_EW_ALL,2020-02-03,149695.5,213
ALL_EW_ALL,2020-02-04,151820.15,225
ALL_EW_ALL,2020-02-05,154551.46,239
ALL_EW_ALL,2020-02-06,154230.43,268
ALL_EW_ALL,2020-02-07,152578.13,267
ALL_EW_ALL,2020-02-10,153065.33,257
ALL_EW_ALL,2020-02-11,154019.89,262
ALL_EW_ALL,2020-02-12,155256.08,265
ALL_EW_ALL,2020-02-13,154612.21,268
ALL_EW_ALL,2020-02-14,154310.02,263
ALL_EW_ALL,2020-02-18,153512.53,262
ALL_EW_ALL,2020-02-19,154133.06,261
ALL_EW_ALL,2020-02-20,154364.7,267
ALL_EW_ALL,2020-02-21,152720.86,257
ALL_EW_ALL,2020-02-24,147468.82,245
ALL_EW_ALL,2020-02-25,142042.96,225
ALL_EW_ALL,2020-02-26,139944.06,221
ALL_EW_ALL,2020-02-27,134673.24,221
ALL_EW_ALL,2020-02-28,133619.27,219
ALL_EW_ALL,2020-03-02,138107.44,219
ALL_EW_ALL,2020-03-03,133759.43,221
ALL_EW_ALL,2020-03-04,137969.84,224
ALL_EW_ALL,2020-03-05,132133.61,237
ALL_EW_ALL,2020-03-06,129097.43,236
ALL_EW_ALL,2020-03-09,116756.04,234
ALL_EW_ALL,2020-03-10,122778.04,234
ALL_EW_ALL,2020-03-11,115317.83,237
ALL_EW_ALL,2020-03-12,102728.53,236
ALL_EW_ALL,2020-03-13,111443.08,235
ALL_EW_ALL,2020-03-16,96533.36,235
ALL_EW_ALL,2020-03-17,101250.96,235
ALL_EW_ALL,2020-03-18,92971.18,235
ALL_EW_ALL,2020-03-19,95482.05,235
ALL_EW_ALL,2020-03-20,91786.1,234
ALL_EW_ALL,2020-03-23,88416.61,234
ALL_EW_ALL,2020-03-24,99530.88,235
ALL_EW_ALL,2020-03-25,103001.71,237
ALL_EW_ALL,2020-03-26,108871.88,238
ALL_EW_ALL,2020-03-27,104290.63,261
ALL_EW_ALL,2020-03-30,106042.92,259
ALL_EW_ALL,2020-03-31,104281.8,311
ALL_EW_ALL,2020-04-01,98520.45,309
ALL_EW_ALL,2020-04-02,99600.3,300
ALL_EW_ALL,2020-04-03,97964.69,302
ALL_EW_ALL,2020-04-06,106101.61,297
ALL_EW_ALL,2020-04-07,107792.12,299
ALL_EW_ALL,2020-04-08,112864.33,288
ALL_EW_ALL,2020-04-09,115932.66,303
ALL_EW_ALL,2020-04-13,113033.49,296
ALL_EW_ALL,2020-04-14,115599.0,249
ALL_EW_ALL,2020-04-15,111408.43,233
ALL_EW_ALL,2020-04-16,110999.94,172
ALL_EW_ALL,2020-04-17,115171.43,151
ALL_EW_ALL,2020-04-20,112960.33,151
ALL_EW_ALL,2020-04-21,110089.12,131
ALL_EW_ALL,2020-04-22,111453.1,89
ALL_EW_ALL,2020-04-23,112321.25,98
ALL_EW_ALL,2020-04-24,113694.84,102
ALL_EW_ALL,2020-04-27,117002.26,102
ALL_EW_ALL,2020-04-28,120141.99,126
ALL_EW_ALL,2020-04-29,125766.31,126
ALL_EW_ALL,2020-04-30,121418.79,121
ALL_EW_ALL,2020-05-01,115445.78,94
ALL_EW_ALL,2020-05-04,115335.79,69
ALL_EW_ALL,2020-05-05,114449.15,65
ALL_EW_ALL,2020-05-06,111389.96,65
ALL_EW_ALL,2020-05-07,114419.47,66
ALL_EW_ALL,2020-05-08,118793.22,72
ALL_EW_ALL,2020-05-11,116386.19,122
ALL_EW_ALL,2020-05-12,113317.03,132
ALL_EW_ALL,2020-05-13,109342.83,133
ALL_EW_ALL,2020-05-14,110951.06,131
ALL_EW_ALL,2020-05-15,110815.67,138
ALL_EW_ALL,2020-05-18,117471.61,143
ALL_EW_ALL,2020-05-19,115695.84,200
ALL_EW_ALL,2020-05-20,117779.81,196
ALL_EW_ALL,2020-05-21,117568.11,227
ALL_EW_ALL,2020-05-22,117476.92,227
ALL_EW_ALL,2020-05-26,122777.75,235
ALL_EW_ALL,2020-05-27,126593.78,265
ALL_EW_ALL,2020-05-28,124866.39,286
ALL_EW_ALL,2020-05-29,123876.9,248
ALL_EW_ALL,2020-06-01,125485.52,229
ALL_EW_ALL,2020-06-02,126866.94,219
ALL_EW_ALL,2020-06-03,130794.63,215
ALL_EW_ALL,2020-06-04,131549.01,211
ALL_EW_ALL,2020-06-05,137005.01,193
ALL_EW_ALL,2020-06-08,141444.72,194
ALL_EW_ALL,2020-06-09,137155.33,193
ALL_EW_ALL,2020-06-10,133293.33,157
ALL_EW_ALL,2020-06-11,123743.33,106
ALL_EW_ALL,2020-06-12,125917.19,70
ALL_EW_ALL,2020-06-15,127607.12,71
ALL_EW_ALL,2020-06-16,129911.41,73
ALL_EW_ALL,2020-06-17,129385.95,74
ALL_EW_ALL,2020-06-18,129232.41,76
ALL_EW_ALL,2020-06-19,128759.23,88
ALL_EW_ALL,2020-06-22,129196.46,93
ALL_EW_ALL,2020-06-23,128989.12,104
ALL_EW_ALL,2020-06-24,125434.26,108
ALL_EW_ALL,2020-06-25,126727.09,101
ALL_EW_ALL,2020-06-26,124486.1,111
ALL_EW_ALL,2020-06-29,126474.55,110
ALL_EW_ALL,2020-06-30,128524.99,117
ALL_EW_ALL,2020-07-01,128324.98,142
ALL_EW_ALL,2020-07-02,129259.46,164
ALL_EW_ALL,2020-07-06,130228.24,184
ALL_EW_ALL,2020-07-07,128566.55,249
ALL_EW_ALL,2020-07-08,128806.12,253
ALL_EW_ALL,2020-07-09,127201.13,258
ALL_EW_ALL,2020-07-10,128720.82,259
ALL_EW_ALL,2020-07-13,128464.87,260
ALL_EW_ALL,2020-07-14,130993.73,253
ALL_EW_ALL,2020-07-15,133760.39,277
ALL_EW_ALL,2020-07-16,133787.82,334
ALL_EW_ALL,2020-07-17,134072.02,340
ALL_EW_ALL,2020-07-20,132988.14,340
ALL_EW_ALL,2020-07-21,134657.24,327
ALL_EW_ALL,2020-07-22,135675.29,341
ALL_EW_ALL,2020-07-23,135729.32,340
ALL_EW_ALL,2020-07-24,134747.74,332
ALL_EW_ALL,2020-07-27,135001.7,315
ALL_EW_ALL,2020-07-28,134063.06,313
ALL_EW_ALL,2020-07-29,136421.3,306
ALL_EW_ALL,2020-07-30,134884.81,308
ALL_EW_ALL,2020-07-31,134418.92,303
ALL_EW_ALL,2020-08-03,134615.31,303
ALL_EW_ALL,2020-08-04,135478.18,298
ALL_EW_ALL,2020-08-05,136963.27,300
ALL_EW_ALL,2020-08-06,136819.05,301
ALL_EW_ALL,2020-08-07,138529.61,298
ALL_EW_ALL,2020-08-10,140981.72,303
ALL_EW_ALL,2020-08-11,141362.72,307
ALL_EW_ALL,2020-08-12,141728.2,302
ALL_EW_ALL,2020-08-13,140555.27,298
ALL_EW_ALL,2020-08-14,141094.64,301
ALL_EW_ALL,2020-08-17,140431.21,301
ALL_EW_ALL,2020-08-18,139333.54,306
ALL_EW_ALL,2020-08-19,138631.86,306
ALL_EW_ALL,2020-08-20,137510.33,304
ALL_EW_ALL,2020-08-21,137107.35,304
ALL_EW_ALL,2020-08-24,140087.96,303
ALL_EW_ALL,2020-08-25,140031.44,306
ALL_EW_ALL,2020-08-26,139271.52,307
ALL_EW_ALL,2020-08-27,140658.34,307
ALL_EW_ALL,2020-08-28,142183.87,313
ALL_EW_ALL,2020-08-31,140501.16,323
ALL_EW_ALL,2020-09-01,140838.05,324
ALL_EW_ALL,2020-09-02,143471.67,324
ALL_EW_ALL,2020-09-03,140644.9,348
ALL_EW_ALL,2020-09-04,140685.43,331
ALL_EW_ALL,2020-09-08,137554.25,331
ALL_EW_ALL,2020-09-09,138732.25,331
ALL_EW_ALL,2020-09-10,136579.63,336
ALL_EW_ALL,2020-09-11,137220.86,337
ALL_EW_ALL,2020-09-14,139894.87,341
ALL_EW_ALL,2020-09-15,139716.73,353
ALL_EW_ALL,2020-09-16,141176.41,364
ALL_EW_ALL,2020-09-17,140536.02,368
ALL_EW_ALL,2020-09-18,138858.27,365
ALL_EW_ALL,2020-09-21,134820.28,362
ALL_EW_ALL,2020-09-22,135242.33,358
ALL_EW_ALL,2020-09-23,132108.49,361
ALL_EW_ALL,2020-09-24,132230.73,362
ALL_EW_ALL,2020-09-25,133966.09,361
ALL_EW_ALL,2020-09-28,136764.94,370
ALL_EW_ALL,2020-09-29,135539.0,396
ALL_EW_ALL,2020-09-30,136419.75,398
ALL_EW_ALL,2020-10-01,136718.62,417
ALL_EW_ALL,2020-10-02,137380.7,423
ALL_EW_ALL,2020-10-05,139915.37,419
ALL_EW_ALL,2020-10-06,138456.9,429
ALL_EW_ALL,2020-10-07,140885.02,418
ALL_EW_ALL,2020-10-08,142968.95,425
ALL_EW_ALL,2020-10-09,143105.76,432
ALL_EW_ALL,2020-10-12,144087.58,426
ALL_EW_ALL,2020-10-13,142416.53,426
ALL_EW_ALL,2020-10-14,142117.8,409
ALL_EW_ALL,2020-10-15,142748.18,381
ALL_EW_ALL,2020-10-16,142437.42,370
ALL_EW_ALL,2020-10-19,140383.8,360
ALL_EW_ALL,2020-10-20,141463.69,348
ALL_EW_ALL,2020-10-21,140942.07,343
ALL_EW_ALL,2020-10-22,143423.95,336
ALL_EW_ALL,2020-10-23,144123.59,338
ALL_EW_ALL,2020-10-26,140293.03,335
ALL_EW_ALL,2020-10-27,138039.73,325
ALL_EW_ALL,2020-10-28,133528.58,327
ALL_EW_ALL,2020-10-29,135126.58,327
ALL_EW_ALL,2020-10-30,135301.63,328
ALL_EW_ALL,2020-11-02,138758.2,328
ALL_EW_ALL,2020-11-03,141547.18,337
ALL_EW_ALL,2020-11-04,141077.76,360
ALL_EW_ALL,2020-11-05,143789.62,375
ALL_EW_ALL,2020-11-06,142902.65,397
ALL_EW_ALL,2020-11-09,150579.88,401
ALL_EW_ALL,2020-11-10,151778.68,404
ALL_EW_ALL,2020-11-11,151139.49,388
ALL_EW_ALL,2020-11-12,148531.16,352
ALL_EW_ALL,2020-11-13,151853.13,310
ALL_EW_ALL,2020-11-16,155112.55,312
ALL_EW_ALL,2020-11-17,154512.96,316
ALL_EW_ALL,2020-11-18,152919.96,298
ALL_EW_ALL,2020-11-19,153655.75,272
ALL_EW_ALL,2020-11-20,152869.41,268
ALL_EW_ALL,2020-11-23,155212.05,260
ALL_EW_ALL,2020-11-24,158186.21,258
ALL_EW_ALL,2020-11-25,157421.86,260
ALL_EW_ALL,2020-11-27,157495.83,232
ALL_EW_ALL,2020-11-30,156139.27,226
ALL_EW_ALL,2020-12-01,157450.49,218
ALL_EW_ALL,2020-12-02,157209.14,219
ALL_EW_ALL,2020-12-03,157969.96,218
ALL_EW_ALL,2020-12-04,159816.6,218
ALL_EW_ALL,2020-12-07,159218.31,219
ALL_EW_ALL,2020-12-08,159562.61,216
ALL_EW_ALL,2020-12-09,159057.83,214
ALL_EW_ALL,2020-12-10,158688.95,207
ALL_EW_ALL,2020-12-11,158027.59,206
ALL_EW_ALL,2020-12-14,157283.91,204
ALL_EW_ALL,2020-12-15,159640.59,205
ALL_EW_ALL,2020-12-16,159431.21,219
ALL_EW_ALL,2020-12-17,160935.24,219
ALL_EW_ALL,2020-12-18,160496.73,231
ALL_EW_ALL,2020-12-21,159293.62,236
ALL_EW_ALL,2020-12-22,158908.91,234
ALL_EW_ALL,2020-12-23,159427.01,238
ALL_EW_ALL,2020-12-24,159887.5,252
ALL_EW_ALL,2020-12-28,160162.11,256
ALL_EW_ALL,2020-12-29,159472.03,273
ALL_EW_ALL,2020-12-30,160328.98,273
ALL_EW_ALL,2020-12-31,161467.05,287
ALL_EW_ALL,2021-01-04,158710.79,316
ALL_EW_ALL,2021-01-05,160166.0,321
ALL_EW_ALL,2021-01-06,163940.32,340
ALL_EW_ALL,2021-01-07,165214.64,368
ALL_EW_ALL,2021-01-08,165304.13,368
ALL_EW_ALL,2021-01-11,165207.14,360
ALL_EW_ALL,2021-01-12,166740.29,354
ALL_EW_ALL,2021-01-13,166253.64,357
ALL_EW_ALL,2021-01-14,167013.67,341
ALL_EW_ALL,2021-01-15,165725.11,336
ALL_EW_ALL,2021-01-19,166460.55,326
ALL_EW_ALL,2021-01-20,167656.23,323
ALL_EW_ALL,2021-01-21,166770.59,326
ALL_EW_ALL,2021-01-22,165971.7,323
ALL_EW_ALL,2021-01-25,165826.95,320
ALL_EW_ALL,2021-01-26,165194.42,325
ALL_EW_ALL,2021-01-27,161832.98,325
ALL_EW_ALL,2021-01-28,163466.43,320
ALL_EW_ALL,2021-01-29,160332.55,316
ALL_EW_ALL,2021-02-01,162129.44,310
ALL_EW_ALL,2021-02-02,164368.5,311
ALL_EW_ALL,2021-02-03,165001.97,328
ALL_EW_ALL,2021-02-04,167163.44,336
ALL_EW_ALL,2021-02-05,168138.95,361
ALL_EW_ALL,2021-02-08,170086.96,374
ALL_EW_ALL,2021-02-09,169939.47,389
ALL_EW_ALL,2021-02-10,170521.7,389
ALL_EW_ALL,2021-02-11,170600.77,396
ALL_EW_ALL,2021-02-12,171548.9,401
ALL_EW_ALL,2021-02-16,171869.99,399
ALL_EW_ALL,2021-02-17,171760.76,394
ALL_EW_ALL,2021-02-18,170903.22,389
ALL_EW_ALL,2021-02-19,172302.24,385
ALL_EW_ALL,2021-02-22,173010.49,384
ALL_EW_ALL,2021-02-23,173801.91,376
ALL_EW_ALL,2021-02-24,176394.29,375
ALL_EW_ALL,2021-02-25,172577.42,375
ALL_EW_ALL,2021-02-26,171205.69,340
ALL_EW_ALL,2021-03-01,174908.34,333
ALL_EW_ALL,2021-03-02,174357.82,339
ALL_EW_ALL,2021-03-03,173476.93,336
ALL_EW_ALL,2021-03-04,171276.15,333
ALL_EW_ALL,2021-03-05,175346.09,330
ALL_EW_ALL,2021-03-08,176586.81,347
ALL_EW_ALL,2021-03-09,176796.39,352
ALL_EW_ALL,2021-03-10,178622.9,347
ALL_EW_ALL,2021-03-11,179476.76,351
ALL_EW_ALL,2021-03-12,180672.75,357
ALL_EW_ALL,2021-03-15,182454.95,361
ALL_EW_ALL,2021-03-16,180955.18,366
ALL_EW_ALL,2021-03-17,181811.62,353
ALL_EW_ALL,2021-03-18,179973.62,349
ALL_EW_ALL,2021-03-19,179904.38,341
ALL_EW_ALL,2021-03-22,180420.53,333
ALL_EW_ALL,2021-03-23,177971.56,331
ALL_EW_ALL,2021-03-24,177802.1,327
ALL_EW_ALL,2021-03-25,179796.1,319
ALL_EW_ALL,2021-03-26,183388.07,320
ALL_EW_ALL,2021-03-29,182501.46,348
ALL_EW_ALL,2021-03-30,182634.05,335
ALL_EW_ALL,2021-03-31,182563.94,304
ALL_EW_ALL,2021-04-01,184717.98,293
ALL_EW_ALL,2021-04-05,186306.03,294
ALL_EW_ALL,2021-04-06,186548.1,302
ALL_EW_ALL,2021-04-07,185896.03,296
ALL_EW_ALL,2021-04-08,186226.56,278
ALL_EW_ALL,2021-04-09,187411.07,271
ALL_EW_ALL,2021-04-12,187660.24,275
ALL_EW_ALL,2021-04-13,187186.69,267
ALL_EW_ALL,2021-04-14,188005.28,259
ALL_EW_ALL,2021-04-15,188984.13,252
ALL_EW_ALL,2021-04-16,189750.79,252
ALL_EW_ALL,2021-04-19,189025.73,262
ALL_EW_ALL,2021-04-20,186707.43,250
ALL_EW_ALL,2021-04-21,189801.16,236
ALL_EW_ALL,2021-04-22,188500.37,237
ALL_EW_ALL,2021-04-23,190788.09,223
ALL_EW_ALL,2021-04-26,191495.14,223
ALL_EW_ALL,2021-04-27,192004.16,224
ALL_EW_ALL,2021-04-28,192571.27,221
ALL_EW_ALL,2021-04-29,193951.16,222
ALL_EW_ALL,2021-04-30,192136.18,230
ALL_EW_ALL,2021-05-03,193886.09,215
ALL_EW_ALL,2021-05-04,193402.07,219
ALL_EW_ALL,2021-05-05,194511.72,218
ALL_EW_ALL,2021-05-06,195192.32,218
ALL_EW_ALL,2021-05-07,197712.3,230
ALL_EW_ALL,2021-05-10,197102.64,230
ALL_EW_ALL,2021-05-11,194923.33,218
ALL_EW_ALL,2021-05-12,190496.29,185
ALL_EW_ALL,2021-05-13,192922.42,162
ALL_EW_ALL,2021-05-14,196451.63,163
ALL_EW_ALL,2021-05-17,196636.34,166
ALL_EW_ALL,2021-05-18,195502.67,164
ALL_EW_ALL,2021-05-19,194476.78,160
ALL_EW_ALL,2021-05-20,196175.4,158
ALL_EW_ALL,2021-05-21,196421.32,192
ALL_EW_ALL,2021-05-24,198095.73,195
ALL_EW_ALL,2021-05-25,197517.47,219
ALL_EW_ALL,2021-05-26,198301.03,229
ALL_EW_ALL,2021-05-27,199236.05,236
ALL_EW_ALL,2021-05-28,199474.79,262
ALL_EW_ALL,2021-06-01,200104.42,266
ALL_EW_ALL,2021-06-02,200485.64,281
ALL_EW_ALL,2021-06-03,199660.0,284
ALL_EW_ALL,2021-06-04,200900.43,273
ALL_EW_ALL,2021-06-07,200838.47,275
ALL_EW_ALL,2021-06-08,201254.58,275
ALL_EW_ALL,2021-06-09,200386.56,274
ALL_EW_ALL,2021-06-10,200970.8,272
ALL_EW_ALL,2021-06-11,201488.07,281
ALL_EW_ALL,2021-06-14,200934.28,280
ALL_EW_ALL,2021-06-15,200833.84,281
ALL_EW_ALL,2021-06-16,199468.96,277
ALL_EW_ALL,2021-06-17,197856.9,275
ALL_EW_ALL,2021-06-18,194744.69,274
ALL_EW_ALL,2021-06-21,198224.83,269
ALL_EW_ALL,2021-06-22,198652.73,275
ALL_EW_ALL,2021-06-23,198353.02,274
ALL_EW_ALL,2021-06-24,199518.73,273
ALL_EW_ALL,2021-06-25,201095.65,287
ALL_EW_ALL,2021-06-28,200179.77,305
ALL_EW_ALL,2021-06-29,199859.94,308
ALL_EW_ALL,2021-06-30,200486.68,309
ALL_EW_ALL,2021-07-01,201655.17,305
ALL_EW_ALL,2021-07-02,201929.97,321
ALL_EW_ALL,2021-07-06,199692.6,325
ALL_EW_ALL,2021-07-07,199992.14,321
ALL_EW_ALL,2021-07-08,197642.39,326
ALL_EW_ALL,2021-07-09,201036.64,313
ALL_EW_ALL,2021-07-12,201722.84,319
ALL_EW_ALL,2021-07-13,199714.92,320
ALL_EW_ALL,2021-07-14,199421.03,300
ALL_EW_ALL,2021-07-15,199058.3,294
ALL_EW_ALL,2021-07-16,197168.6,296
ALL_EW_ALL,2021-07-19,193058.62,290
ALL_EW_ALL,2021-07-20,196898.16,274
ALL_EW_ALL,2021-07-21,199350.43,280
ALL_EW_ALL,2021-07-22,198021.21,287
ALL_EW_ALL,2021-07-23,199405.79,288
ALL_EW_ALL,2021-07-26,200382.93,292
ALL_EW_ALL,2021-07-27,200002.45,301
ALL_EW_ALL,2021-07-28,200015.14,301
ALL_EW_ALL,2021-07-29,201512.97,297
ALL_EW_ALL,2021-07-30,200724.82,309
ALL_EW_ALL,2021-08-02,200145.94,304
ALL_EW_ALL,2021-08-03,201478.25,296
ALL_EW_ALL,2021-08-04,198901.7,302
ALL_EW_ALL,2021-08-05,200931.14,288
ALL_EW_ALL,2021-08-06,202189.95,285
ALL_EW_ALL,2021-08-09,201490.95,288
ALL_EW_ALL,2021-08-10,203091.86,276
ALL_EW_ALL,2021-08-11,205161.29,273
ALL_EW_ALL,2021-08-12,204619.27,277
ALL_EW_ALL,2021-08-13,203932.55,269
ALL_EW_ALL,2021-08-16,203438.53,256
ALL_EW_ALL,2021-08-17,201408.69,245
ALL_EW_ALL,2021-08-18,199211.04,217
ALL_EW_ALL,2021-08-19,198168.3,205
ALL_EW_ALL,2021-08-20,199504.57,203
ALL_EW_ALL,2021-08-23,201488.96,206
ALL_EW_ALL,2021-08-24,202967.01,204
ALL_EW_ALL,2021-08-25,204011.33,218
ALL_EW_ALL,2021-08-26,202230.65,228
ALL_EW_ALL,2021-08-27,204776.18,225
ALL_EW_ALL,2021-08-30,203918.89,240
ALL_EW_ALL,2021-08-31,204263.17,242
ALL_EW_ALL,2021-09-01,204098.47,244
ALL_EW_ALL,2021-09-02,205484.83,256
ALL_EW_ALL,2021-09-03,204593.77,265
ALL_EW_ALL,2021-09-07,202737.06,260
ALL_EW_ALL,2021-09-08,202198.04,253
ALL_EW_ALL,2021-09-09,201701.82,252
ALL_EW_ALL,2021-09-10,200077.91,250
ALL_EW_ALL,2021-09-13,201853.79,248
ALL_EW_ALL,2021-09-14,199989.46,254
ALL_EW_ALL,2021-09-15,202125.85,251
ALL_EW_ALL,2021-09-16,201700.54,264
ALL_EW_ALL,2021-09-17,200162.69,264
ALL_EW_ALL,2021-09-20,196921.69,254
ALL_EW_ALL,2021-09-21,196116.67,251
ALL_EW_ALL,2021-09-22,198519.62,253
ALL_EW_ALL,2021-09-23,201520.45,262
ALL_EW_ALL,2021-09-24,202010.7,291
ALL_EW_ALL,2021-09-27,203168.28,299
ALL_EW_ALL,2021-09-28,200593.05,306
ALL_EW_ALL,2021-09-29,200926.68,288
ALL_EW_ALL,2021-09-30,197543.79,283
ALL_EW_ALL,2021-10-01,199979.65,270
ALL_EW_ALL,2021-10-04,199009.53,271
ALL_EW_ALL,2021-10-05,200371.15,273
ALL_EW_ALL,2021-10-06,200635.91,278
ALL_EW_ALL,2021-10-07,202536.28,279
ALL_EW_ALL,2021-10-08,202052.05,301
ALL_EW_ALL,2021-10-11,200863.16,302
ALL_EW_ALL,2021-10-12,200675.44,293
ALL_EW_ALL,2021-10-13,201263.04,292
ALL_EW_ALL,2021-10-14,204864.23,295
ALL_EW_ALL,2021-10-15,205531.73,315
ALL_EW_ALL,2021-10-18,205594.01,318
ALL_EW_ALL,2021-10-19,206756.92,314
ALL_EW_ALL,2021-10-20,208281.35,323
ALL_EW_ALL,2021-10-21,208915.72,324
ALL_EW_ALL,2021-10-22,209177.88,314
ALL_EW_ALL,2021-10-25,209484.21,303
ALL_EW_ALL,2021-10-26,208882.05,288
ALL_EW_ALL,2021-10-27,206441.55,270
ALL_EW_ALL,2021-10-28,208334.87,239
ALL_EW_ALL,2021-10-29,207864.82,238
ALL_EW_ALL,2021-11-01,209543.29,228
ALL_EW_ALL,2021-11-02,210169.01,231
ALL_EW_ALL,2021-11-03,211766.57,223
ALL_EW_ALL,2021-11-04,210620.24,227
ALL_EW_ALL,2021-11-05,212747.18,210
ALL_EW_ALL,2021-11-08,212801.0,222
ALL_EW_ALL,2021-11-09,212589.1,206
ALL_EW_ALL,2021-11-10,211602.08,204
ALL_EW_ALL,2021-11-11,212116.68,187
ALL_EW_ALL,2021-11-12,213010.66,189
ALL_EW_ALL,2021-11-15,213195.33,194
ALL_EW_ALL,2021-11-16,213126.43,191
ALL_EW_ALL,2021-11-17,211831.82,193
ALL_EW_ALL,2021-11-18,210646.61,183
ALL_EW_ALL,2021-11-19,209034.72,177
ALL_EW_ALL,2021-11-22,209512.8,175
ALL_EW_ALL,2021-11-23,209881.2,171
ALL_EW_ALL,2021-11-24,209956.08,182
ALL_EW_ALL,2021-11-26,205328.76,180
ALL_EW_ALL,2021-11-29,206075.38,174
ALL_EW_ALL,2021-11-30,200582.15,189
ALL_EW_ALL,2021-12-01,197978.45,184
ALL_EW_ALL,2021-12-02,202772.66,180
ALL_EW_ALL,2021-12-03,202356.16,186
ALL_EW_ALL,2021-12-06,205817.1,195
ALL_EW_ALL,2021-12-07,208321.21,222
ALL_EW_ALL,2021-12-08,208764.5,290
ALL_EW_ALL,2021-12-09,207304.47,308
ALL_EW_ALL,2021-12-10,208471.58,303
ALL_EW_ALL,2021-12-13,206868.45,318
ALL_EW_ALL,2021-12-14,205798.87,314
ALL_EW_ALL,2021-12-15,207630.57,304
ALL_EW_ALL,2021-12-16,207786.24,307
ALL_EW_ALL,2021-12-17,205718.48,305
ALL_EW_ALL,2021-12-20,202429.53,284
ALL_EW_ALL,2021-12-21,207171.45,274
ALL_EW_ALL,2021-12-22,208539.91,292
ALL_EW_ALL,2021-12-23,210213.46,296
ALL_EW_ALL,2021-12-27,212851.51,299
ALL_EW_ALL,2021-12-28,213020.61,320
ALL_EW_ALL,2021-12-29,213411.41,314
ALL_EW_ALL,2021-12-30,213052.3,301
ALL_EW_ALL,2021-12-31,212969.79,275
ALL_EW_ALL,2022-01-03,213717.05,262
ALL_EW_ALL,2022-01-04,216323.29,239
ALL_EW_ALL,2022-01-05,212681.42,237
ALL_EW_ALL,2022-01-06,214189.84,200
ALL_EW_ALL,2022-01-07,214269.1,192
ALL_EW_ALL,2022-01-10,213020.48,188
ALL_EW_ALL,2022-01-11,215789.98,174
ALL_EW_ALL,2022-01-12,215938.62,168
ALL_EW_ALL,2022-01-13,213905.71,173
ALL_EW_ALL,2022-01-14,213661.71,174
ALL_EW_ALL,2022-01-18,209733.55,173
ALL_EW_ALL,2022-01-19,207218.96,154
ALL_EW_ALL,2022-01-20,203961.99,146
ALL_EW_ALL,2022-01-21,200505.7,137
ALL_EW_ALL,2022-01-24,202975.26,130
ALL_EW_ALL,2022-01-25,199242.32,127
ALL_EW_ALL,2022-01-26,197899.46,129
ALL_EW_ALL,2022-01-27,196338.25,131
ALL_EW_ALL,2022-01-28,200295.92,141
ALL_EW_ALL,2022-01-31,204263.62,168
ALL_EW_ALL,2022-02-01,205715.71,195
ALL_EW_ALL,2022-02-02,206556.17,221
ALL_EW_ALL,2022-02-03,203198.27,270
ALL_EW_ALL,2022-02-04,203142.85,268
ALL_EW_ALL,2022-02-07,203256.7,277
ALL_EW_ALL,2022-02-08,205568.89,279
ALL_EW_ALL,2022-02-09,209614.54,291
ALL_EW_ALL,2022-02-10,205979.23,294
ALL_EW_ALL,2022-02-11,202068.56,262
ALL_EW_ALL,2022-02-14,200445.42,233
ALL_EW_ALL,2022-02-15,203527.95,219
ALL_EW_ALL,2022-02-16,203800.46,229
ALL_EW_ALL,2022-02-17,200141.34,229
ALL_EW_ALL,2022-02-18,199643.99,216
ALL_EW_ALL,2022-02-22,197789.41,212
ALL_EW_ALL,2022-02-23,194558.18,208
ALL_EW_ALL,2022-02-24,197126.0,205
ALL_EW_ALL,2022-02-25,202415.77,207
ALL_EW_ALL,2022-02-28,201270.72,244
ALL_EW_ALL,2022-03-01,198253.63,241
ALL_EW_ALL,2022-03-02,202268.25,239
ALL_EW_ALL,2022-03-03,202103.95,267
ALL_EW_ALL,2022-03-04,201249.95,284
ALL_EW_ALL,2022-03-07,196126.58,284
ALL_EW_ALL,2022-03-08,194361.75,269
ALL_EW_ALL,2022-03-09,198382.11,254
ALL_EW_ALL,2022-03-10,197231.07,254
ALL_EW_ALL,2022-03-11,194964.43,257
ALL_EW_ALL,2022-03-14,194506.62,255
ALL_EW_ALL,2022-03-15,197988.61,252
ALL_EW_ALL,2022-03-16,202194.65,268
ALL_EW_ALL,2022-03-17,204702.45,308
ALL_EW_ALL,2022-03-18,206805.18,325
ALL_EW_ALL,2022-03-21,205460.47,329
ALL_EW_ALL,2022-03-22,207365.46,298
ALL_EW_ALL,2022-03-23,203772.51,303
ALL_EW_ALL,2022-03-24,206122.67,233
ALL_EW_ALL,2022-03-25,207383.77,232
ALL_EW_ALL,2022-03-28,207814.02,233
ALL_EW_ALL,2022-03-29,212033.97,228
ALL_EW_ALL,2022-03-30,209657.92,228
ALL_EW_ALL,2022-03-31,206423.91,190
ALL_EW_ALL,2022-04-01,207412.4,163
ALL_EW_ALL,2022-04-04,208113.14,160
ALL_EW_ALL,2022-04-05,205472.45,151
ALL_EW_ALL,2022-04-06,203900.81,135
ALL_EW_ALL,2022-04-07,204356.87,126
ALL_EW_ALL,2022-04-08,205017.49,128
ALL_EW_ALL,2022-04-11,203048.9,130
ALL_EW_ALL,2022-04-12,202144.45,120
ALL_EW_ALL,2022-04-13,204265.76,120
ALL_EW_ALL,2022-04-14,202970.43,127
ALL_EW_ALL,2022-04-18,202478.51,128
ALL_EW_ALL,2022-04-19,206629.12,130
ALL_EW_ALL,2022-04-20,207287.69,159
ALL_EW_ALL,2022-04-21,204068.58,201
ALL_EW_ALL,2022-04-22,198023.24,193
ALL_EW_ALL,2022-04-25,198778.67,178
ALL_EW_ALL,2022-04-26,193281.96,182
ALL_EW_ALL,2022-04-27,193544.34,175
ALL_EW_ALL,2022-04-28,196987.42,174
ALL_EW_ALL,2022-04-29,191159.31,181
ALL_EW_ALL,2022-05-02,192552.94,176
ALL_EW_ALL,2022-05-03,194431.75,182
ALL_EW_ALL,2022-05-04,200205.33,201
ALL_EW_ALL,2022-05-05,193382.53,259
ALL_EW_ALL,2022-05-06,190883.32,236
ALL_EW_ALL,2022-05-09,184391.27,241
ALL_EW_ALL,2022-05-10,184023.59,237
ALL_EW_ALL,2022-05-11,181138.23,238
ALL_EW_ALL,2022-05-12,182103.83,237
ALL_EW_ALL,2022-05-13,187297.89,240
ALL_EW_ALL,2022-05-16,186112.15,252
ALL_EW_ALL,2022-05-17,190641.38,258
ALL_EW_ALL,2022-05-18,183299.25,288
ALL_EW_ALL,2022-05-19,182865.43,269
ALL_EW_ALL,2022-05-20,183036.83,271
ALL_EW_ALL,2022-05-23,185348.08,274
ALL_EW_ALL,2022-05-24,183437.36,285
ALL_EW_ALL,2022-05-25,186028.99,287
ALL_EW_ALL,2022-05-26,190305.51,292
ALL_EW_ALL,2022-05-27,194680.52,332
ALL_EW_ALL,2022-05-31,192877.44,370
ALL_EW_ALL,2022-06-01,190588.39,326
ALL_EW_ALL,2022-06-02,194397.74,267
ALL_EW_ALL,2022-06-03,191649.41,284
ALL_EW_ALL,2022-06-06,192375.49,254
ALL_EW_ALL,2022-06-07,193973.81,252
ALL_EW_ALL,2022-06-08,191030.8,248
ALL_EW_ALL,2022-06-09,186280.57,220
ALL_EW_ALL,2022-06-10,180922.17,197
ALL_EW_ALL,2022-06-13,173768.88,193
ALL_EW_ALL,2022-06-14,172623.54,191
ALL_EW_ALL,2022-06-15,175051.51,191
ALL_EW_ALL,2022-06-16,168961.95,191
ALL_EW_ALL,2022-06-17,170308.96,191
ALL_EW_ALL,2022-06-21,172633.34,187
ALL_EW_ALL,2022-06-22,172883.78,199
ALL_EW_ALL,2022-06-23,174615.49,205
ALL_EW_ALL,2022-06-24,180102.38,234
ALL_EW_ALL,2022-06-27,179534.39,284
ALL_EW_ALL,2022-06-28,176121.55,288
ALL_EW_ALL,2022-06-29,175456.57,272
ALL_EW_ALL,2022-06-30,174381.87,281
ALL_EW_ALL,2022-07-01,177020.58,287
ALL_EW_ALL,2022-07-05,176894.4,294
ALL_EW_ALL,2022-07-06,176949.77,276
ALL_EW_ALL,2022-07-07,179147.2,276
ALL_EW_ALL,2022-07-08,178272.89,287
ALL_EW_ALL,2022-07-11,176433.7,280
ALL_EW_ALL,2022-07-12,175772.93,265
ALL_EW_ALL,2022-07-13,174742.02,255
ALL_EW_ALL,2022-07-14,173233.65,251
ALL_EW_ALL,2022-07-15,176573.41,248
ALL_EW_ALL,2022-07-18,175915.58,261
ALL_EW_ALL,2022-07-19,181313.3,250
ALL_EW_ALL,2022-07-20,182938.19,296
ALL_EW_ALL,2022-07-21,184243.73,301
ALL_EW_ALL,2022-07-22,183155.59,295
ALL_EW_ALL,2022-07-25,183944.81,265
ALL_EW_ALL,2022-07-26,182474.34,261
ALL_EW_ALL,2022-07-27,185847.72,233
ALL_EW_ALL,2022-07-28,188777.81,237
ALL_EW_ALL,2022-07-29,190766.87,240
ALL_EW_ALL,2022-08-01,189993.04,238
ALL_EW_ALL,2022-08-02,188595.12,217
ALL_EW_ALL,2022-08-03,190043.62,182
ALL_EW_ALL,2022-08-04,189860.16,185
ALL_EW_ALL,2022-08-05,190261.73,173
ALL_EW_ALL,2022-08-08,190702.59,168
ALL_EW_ALL,2022-08-09,190349.48,164
ALL_EW_ALL,2022-08-10,193920.81,158
ALL_EW_ALL,2022-08-11,194713.62,167
ALL_EW_ALL,2022-08-12,197575.82,168
ALL_EW_ALL,2022-08-15,197486.25,178
ALL_EW_ALL,2022-08-16,198609.75,174
ALL_EW_ALL,2022-08-17,197035.9,171
ALL_EW_ALL,2022-08-18,197748.87,151
ALL_EW_ALL,2022-08-19,195782.33,150
ALL_EW_ALL,2022-08-22,191964.35,124
ALL_EW_ALL,2022-08-23,191488.93,96
ALL_EW_ALL,2022-08-24,192383.72,92
ALL_EW_ALL,2022-08-25,194693.17,94
ALL_EW_ALL,2022-08-26,188543.7,98
ALL_EW_ALL,2022-08-29,187473.82,95
ALL_EW_ALL,2022-08-30,185560.15,95
ALL_EW_ALL,2022-08-31,184520.81,95
ALL_EW_ALL,2022-09-01,184913.33,94
ALL_EW_ALL,2022-09-02,183106.04,94
ALL_EW_ALL,2022-09-06,182268.44,94
ALL_EW_ALL,2022-09-07,186402.96,96
ALL_EW_ALL,2022-09-08,187465.79,145
ALL_EW_ALL,2022-09-09,189595.31,192
ALL_EW_ALL,2022-09-12,191249.36,260
ALL_EW_ALL,2022-09-13,183941.6,349
ALL_EW_ALL,2022-09-14,183767.64,340
ALL_EW_ALL,2022-09-15,182592.57,342
ALL_EW_ALL,2022-09-16,180478.83,342
ALL_EW_ALL,2022-09-19,181914.47,339
ALL_EW_ALL,2022-09-20,178797.9,339
ALL_EW_ALL,2022-09-21,175646.88,338
ALL_EW_ALL,2022-09-22,172872.05,339
ALL_EW_ALL,2022-09-23,169895.13,342
ALL_EW_ALL,2022-09-26,167142.06,342
ALL_EW_ALL,2022-09-27,166420.36,343
ALL_EW_ALL,2022-09-28,170480.16,343
ALL_EW_ALL,2022-09-29,167137.26,349
ALL_EW_ALL,2022-09-30,165251.32,349
ALL_EW_ALL,2022-10-03,170022.03,347
ALL_EW_ALL,2022-10-04,176026.75,366
ALL_EW_ALL,2022-10-05,175281.65,420
ALL_EW_ALL,2022-10-06,173284.06,422
ALL_EW_ALL,2022-10-07,169198.27,418
ALL_EW_ALL,2022-10-10,168019.31,413
ALL_EW_ALL,2022-10-11,167177.14,408
ALL_EW_ALL,2022-10-12,166057.36,403
ALL_EW_ALL,2022-10-13,170115.76,403
ALL_EW_ALL,2022-10-14,166278.77,407
ALL_EW_ALL,2022-10-17,170297.27,391
ALL_EW_ALL,2022-10-18,172920.96,398
ALL_EW_ALL,2022-10-19,170635.5,412
ALL_EW_ALL,2022-10-20,168676.8,389
ALL_EW_ALL,2022-10-21,172413.61,377
ALL_EW_ALL,2022-10-24,174072.61,386
ALL_EW_ALL,2022-10-25,177790.65,383
ALL_EW_ALL,2022-10-26,177941.52,387
ALL_EW_ALL,2022-10-27,178053.59,367
ALL_EW_ALL,2022-10-28,181821.23,343
ALL_EW_ALL,2022-10-31,180876.68,345
ALL_EW_ALL,2022-11-01,181362.11,319
ALL_EW_ALL,2022-11-02,176683.31,307
ALL_EW_ALL,2022-11-03,175529.27,237
ALL_EW_ALL,2022-11-04,178656.94,225
ALL_EW_ALL,2022-11-07,180279.15,223
ALL_EW_ALL,2022-11-08,181958.4,216
ALL_EW_ALL,2022-11-09,178222.61,212
ALL_EW_ALL,2022-11-10,189966.32,171
ALL_EW_ALL,2022-11-11,192642.63,199
ALL_EW_ALL,2022-11-14,189557.82,185
ALL_EW_ALL,2022-11-15,191684.9,162
ALL_EW_ALL,2022-11-16,188494.96,163
ALL_EW_ALL,2022-11-17,187008.96,136
ALL_EW_ALL,2022-11-18,188285.82,116
ALL_EW_ALL,2022-11-21,187982.47,118
ALL_EW_ALL,2022-11-22,190185.2,111
ALL_EW_ALL,2022-11-23,191248.05,112
ALL_EW_ALL,2022-11-25,192021.32,115
ALL_EW_ALL,2022-11-28,189507.86,118
ALL_EW_ALL,2022-11-29,189730.72,101
ALL_EW_ALL,2022-11-30,194590.82,105
ALL_EW_ALL,2022-12-01,194349.18,128
ALL_EW_ALL,2022-12-02,194281.42,123
ALL_EW_ALL,2022-12-05,189870.61,116
ALL_EW_ALL,2022-12-06,187093.58,94
ALL_EW_ALL,2022-12-07,186875.45,90
ALL_EW_ALL,2022-12-08,187646.87,89
ALL_EW_ALL,2022-12-09,186576.65,93
ALL_EW_ALL,2022-12-12,189349.07,92
ALL_EW_ALL,2022-12-13,189939.87,126
ALL_EW_ALL,2022-12-14,188657.12,173
ALL_EW_ALL,2022-12-15,183601.28,173
ALL_EW_ALL,2022-12-16,181325.16,171
ALL_EW_ALL,2022-12-19,179403.94,172
ALL_EW_ALL,2022-12-20,179493.93,172
ALL_EW_ALL,2022-12-21,182145.4,173
ALL_EW_ALL,2022-12-22,179869.83,191
ALL_EW_ALL,2022-12-23,181296.62,192
ALL_EW_ALL,2022-12-27,181256.29,219
ALL_EW_ALL,2022-12-28,178623.82,241
ALL_EW_ALL,2022-12-29,181932.01,241
ALL_EW_ALL,2022-12-30,181162.72,261
ALL_EW_ALL,2023-01-03,180833.33,264
ALL_EW_ALL,2023-01-04,183898.79,285
ALL_EW_ALL,2023-01-05,182113.56,330
ALL_EW_ALL,2023-01-06,186657.98,322
ALL_EW_ALL,2023-01-09,186718.34,357
ALL_EW_ALL,2023-01-10,188221.27,355
ALL_EW_ALL,2023-01-11,190550.54,360
ALL_EW_ALL,2023-01-12,191528.41,369
ALL_EW_ALL,2023-01-13,191881.42,363
ALL_EW_ALL,2023-01-17,191501.78,355
ALL_EW_ALL,2023-01-18,188570.0,313
ALL_EW_ALL,2023-01-19,186673.54,272
ALL_EW_ALL,2023-01-20,189816.19,247
ALL_EW_ALL,2023-01-23,191899.87,250
ALL_EW_ALL,2023-01-24,191548.03,252
ALL_EW_ALL,2023-01-25,191512.3,239
ALL_EW_ALL,2023-01-26,193111.14,233
ALL_EW_ALL,2023-01-27,193085.67,234
ALL_EW_ALL,2023-01-30,191114.42,228
ALL_EW_ALL,2023-01-31,194050.64,210
ALL_EW_ALL,2023-02-01,194814.59,222
ALL_EW_ALL,2023-02-02,195841.33,227
ALL_EW_ALL,2023-02-03,194025.54,227
ALL_EW_ALL,2023-02-06,193229.35,209
ALL_EW_ALL,2023-02-07,194471.88,198
ALL_EW_ALL,2023-02-08,192580.69,204
ALL_EW_ALL,2023-02-09,190965.7,197
ALL_EW_ALL,2023-02-10,193090.27,191
ALL_EW_ALL,2023-02-13,194288.33,199
ALL_EW_ALL,2023-02-14,193311.06,212
ALL_EW_ALL,2023-02-15,193539.41,212
ALL_EW_ALL,2023-02-16,191705.73,220
ALL_EW_ALL,2023-02-17,191716.27,216
ALL_EW_ALL,2023-02-21,188402.18,222
ALL_EW_ALL,2023-02-22,187938.64,215
ALL_EW_ALL,2023-02-23,188250.47,214
ALL_EW_ALL,2023-02-24,187057.88,216
ALL_EW_ALL,2023-02-27,187129.86,218
ALL_EW_ALL,2023-02-28,185822.84,218
ALL_EW_ALL,2023-03-01,185431.34,220
ALL_EW_ALL,2023-03-02,187036.98,226
ALL_EW_ALL,2023-03-03,189282.05,243
ALL_EW_ALL,2023-03-06,188426.49,284
ALL_EW_ALL,2023-03-07,185485.16,292
ALL_EW_ALL,2023-03-08,185710.97,288
ALL_EW_ALL,2023-03-09,182199.89,298
ALL_EW_ALL,2023-03-10,178704.85,299
ALL_EW_ALL,2023-03-13,177744.07,301
ALL_EW_ALL,2023-03-14,180033.07,300
ALL_EW_ALL,2023-03-15,177308.34,311
ALL_EW_ALL,2023-03-16,179657.23,314
ALL_EW_ALL,2023-03-17,176898.56,318
ALL_EW_ALL,2023-03-20,179124.03,318
ALL_EW_ALL,2023-03-21,181189.03,323
ALL_EW_ALL,2023-03-22,177377.27,332
ALL_EW_ALL,2023-03-23,176793.61,329
ALL_EW_ALL,2023-03-24,178164.27,330
ALL_EW_ALL,2023-03-27,179378.82,337
ALL_EW_ALL,2023-03-28,179757.98,338
ALL_EW_ALL,2023-03-29,182346.22,336
ALL_EW_ALL,2023-03-30,183192.72,367
ALL_EW_ALL,2023-03-31,185872.86,373
ALL_EW_ALL,2023-04-03,186214.54,411
ALL_EW_ALL,2023-04-04,184251.47,401
ALL_EW_ALL,2023-04-05,183847.31,368
ALL_EW_ALL,2023-04-06,183822.57,360
ALL_EW_ALL,2023-04-10,185165.24,346
ALL_EW_ALL,2023-04-11,186565.78,334
ALL_EW_ALL,2023-04-12,185356.57,325
ALL_EW_ALL,2023-04-13,186841.22,306
ALL_EW_ALL,2023-04-14,185927.95,304
ALL_EW_ALL,2023-04-17,187392.9,288
ALL_EW_ALL,2023-04-18,187535.54,285
ALL_EW_ALL,2023-04-19,187631.09,277
ALL_EW_ALL,2023-04-20,186485.12,272
ALL_EW_ALL,2023-04-21,186318.65,261
ALL_EW_ALL,2023-04-24,186614.03,260
ALL_EW_ALL,2023-04-25,182518.83,257
ALL_EW_ALL,2023-04-26,180617.84,251
ALL_EW_ALL,2023-04-27,183925.18,247
ALL_EW_ALL,2023-04-28,186400.24,260
ALL_EW_ALL,2023-05-01,186225.33,265
ALL_EW_ALL,2023-05-02,183117.65,266
ALL_EW_ALL,2023-05-03,181982.11,261
ALL_EW_ALL,2023-05-04,179832.94,255
ALL_EW_ALL,2023-05-05,183393.19,251
ALL_EW_ALL,2023-05-08,183033.39,262
ALL_EW_ALL,2023-05-09,182184.72,257
ALL_EW_ALL,2023-05-10,181646.68,260
ALL_EW_ALL,2023-05-11,180664.03,263
ALL_EW_ALL,2023-05-12,180679.07,264
ALL_EW_ALL,2023-05-15,182332.59,269
ALL_EW_ALL,2023-05-16,179326.11,271
ALL_EW_ALL,2023-05-17,182396.92,270
ALL_EW_ALL,2023-05-18,184045.75,283
ALL_EW_ALL,2023-05-19,183380.31,299
ALL_EW_ALL,2023-05-22,184305.36,294
ALL_EW_ALL,2023-05-23,182525.36,291
ALL_EW_ALL,2023-05-24,180010.97,281
ALL_EW_ALL,2023-05-25,179865.94,278
ALL_EW_ALL,2023-05-26,181686.26,276
ALL_EW_ALL,2023-05-30,181374.31,281
ALL_EW_ALL,2023-05-31,179444.42,279
ALL_EW_ALL,2023-06-01,180761.14,269
ALL_EW_ALL,2023-06-02,185527.42,280
ALL_EW_ALL,2023-06-05,184609.25,329
ALL_EW_ALL,2023-06-06,186262.44,323
ALL_EW_ALL,2023-06-07,188290.36,331
ALL_EW_ALL,2023-06-08,188001.64,337
ALL_EW_ALL,2023-06-09,187571.95,326
ALL_EW_ALL,2023-06-12,188662.97,317
ALL_EW_ALL,2023-06-13,190487.29,318
ALL_EW_ALL,2023-06-14,189923.18,322
ALL_EW_ALL,2023-06-15,192142.45,302
ALL_EW_ALL,2023-06-16,192084.42,314
ALL_EW_ALL,2023-06-20,190281.4,302
ALL_EW_ALL,2023-06-21,190262.82,277
ALL_EW_ALL,2023-06-22,189532.2,265
ALL_EW_ALL,2023-06-23,187918.8,251
ALL_EW_ALL,2023-06-26,189145.68,241
ALL_EW_ALL,2023-06-27,190821.26,236
ALL_EW_ALL,2023-06-28,190348.39,248
ALL_EW_ALL,2023-06-29,191740.33,240
ALL_EW_ALL,2023-06-30,193340.72,248
ALL_EW_ALL,2023-07-03,194147.23,257
ALL_EW_ALL,2023-07-05,193253.28,253
ALL_EW_ALL,2023-07-06,191727.28,246
ALL_EW_ALL,2023-07-07,192245.71,233
ALL_EW_ALL,2023-07-10,193360.12,234
ALL_EW_ALL,2023-07-11,195735.46,242
ALL_EW_ALL,2023-07-12,196826.45,247
ALL_EW_ALL,2023-07-13,197950.24,244
ALL_EW_ALL,2023-07-14,196352.25,253
ALL_EW_ALL,2023-07-17,196482.31,235
ALL_EW_ALL,2023-07-18,197479.21,234
ALL_EW_ALL,2023-07-19,199008.85,232
ALL_EW_ALL,2023-07-20,199449.12,234
ALL_EW_ALL,2023-07-21,200200.81,239
ALL_EW_ALL,2023-07-24,200718.0,232
ALL_EW_ALL,2023-07-25,200890.58,220
ALL_EW_ALL,2023-07-26,201614.71,211
ALL_EW_ALL,2023-07-27,200581.77,204
ALL_EW_ALL,2023-07-28,201506.87,190
ALL_EW_ALL,2023-07-31,202026.2,189
ALL_EW_ALL,2023-08-01,201223.32,194
ALL_EW_ALL,2023-08-02,199129.49,187
ALL_EW_ALL,2023-08-03,197950.75,170
ALL_EW_ALL,2023-08-04,196797.2,171
ALL_EW_ALL,2023-08-07,198299.62,169
ALL_EW_ALL,2023-08-08,197068.63,177
ALL_EW_ALL,2023-08-09,196865.47,173
ALL_EW_ALL,2023-08-10,196578.97,171
ALL_EW_ALL,2023-08-11,196705.72,169
ALL_EW_ALL,2023-08-14,196877.54,178
ALL_EW_ALL,2023-08-15,194352.65,184
ALL_EW_ALL,2023-08-16,193067.31,179
ALL_EW_ALL,2023-08-17,191271.17,178
ALL_EW_ALL,2023-08-18,191639.55,178
ALL_EW_ALL,2023-08-21,191695.57,178
ALL_EW_ALL,2023-08-22,191122.0,180
ALL_EW_ALL,2023-08-23,192547.47,180
ALL_EW_ALL,2023-08-24,190168.96,200
ALL_EW_ALL,2023-08-25,191284.22,199
ALL_EW_ALL,2023-08-28,192386.81,217
ALL_EW_ALL,2023-08-29,194598.45,236
ALL_EW_ALL,2023-08-30,195202.54,297
ALL_EW_ALL,2023-08-31,194412.93,314
ALL_EW_ALL,2023-09-01,194873.07,320
ALL_EW_ALL,2023-09-05,192502.84,340
ALL_EW_ALL,2023-09-06,191694.75,331
ALL_EW_ALL,2023-09-07,190671.0,333
ALL_EW_ALL,2023-09-08,190600.38,332
ALL_EW_ALL,2023-09-11,190968.17,338
ALL_EW_ALL,2023-09-12,190694.85,337
ALL_EW_ALL,2023-09-13,189971.77,343
ALL_EW_ALL,2023-09-14,192207.41,344
ALL_EW_ALL,2023-09-15,190680.25,361
ALL_EW_ALL,2023-09-18,190147.69,347
ALL_EW_ALL,2023-09-19,189749.28,346
ALL_EW_ALL,2023-09-20,188937.01,348
ALL_EW_ALL,2023-09-21,185659.23,352
ALL_EW_ALL,2023-09-22,184834.66,347
ALL_EW_ALL,2023-09-25,185325.14,344
ALL_EW_ALL,2023-09-26,182644.07,345
ALL_EW_ALL,2023-09-27,182717.44,340
ALL_EW_ALL,2023-09-28,184018.83,345
ALL_EW_ALL,2023-09-29,183604.49,349
ALL_EW_ALL,2023-10-02,181343.14,347
ALL_EW_ALL,2023-10-03,179112.5,351
ALL_EW_ALL,2023-10-04,180235.65,351
ALL_EW_ALL,2023-10-05,179512.06,353
ALL_EW_ALL,2023-10-06,181049.25,355
ALL_EW_ALL,2023-10-09,182421.88,370
ALL_EW_ALL,2023-10-10,183895.17,381
ALL_EW_ALL,2023-10-11,184262.15,388
ALL_EW_ALL,2023-10-12,181817.58,408
ALL_EW_ALL,2023-10-13,181425.6,394
ALL_EW_ALL,2023-10-16,183718.99,391
ALL_EW_ALL,2023-10-17,184666.12,398
ALL_EW_ALL,2023-10-18,181698.31,399
ALL_EW_ALL,2023-10-19,179545.63,381
ALL_EW_ALL,2023-10-20,177260.51,367
ALL_EW_ALL,2023-10-23,176136.67,357
ALL_EW_ALL,2023-10-24,177406.72,353
ALL_EW_ALL,2023-10-25,175210.94,351
ALL_EW_ALL,2023-10-26,175133.41,349
ALL_EW_ALL,2023-10-27,173094.38,346
ALL_EW_ALL,2023-10-30,174384.15,338
ALL_EW_ALL,2023-10-31,175900.03,347
ALL_EW_ALL,2023-11-01,176199.54,350
ALL_EW_ALL,2023-11-02,180230.51,359
ALL_EW_ALL,2023-11-03,183637.68,378
ALL_EW_ALL,2023-11-06,182448.86,384
ALL_EW_ALL,2023-11-07,182123.6,365
ALL_EW_ALL,2023-11-08,181953.94,344
ALL_EW_ALL,2023-11-09,180154.05,340
ALL_EW_ALL,2023-11-10,182474.92,313
ALL_EW_ALL,2023-11-13,182031.93,314
ALL_EW_ALL,2023-11-14,187538.96,309
ALL_EW_ALL,2023-11-15,188684.21,317
ALL_EW_ALL,2023-11-16,187754.3,308
ALL_EW_ALL,2023-11-17,188650.09,286
ALL_EW_ALL,2023-11-20,189502.76,278
ALL_EW_ALL,2023-11-21,188978.06,268
ALL_EW_ALL,2023-11-22,189872.77,250
ALL_EW_ALL,2023-11-24,190473.72,241
ALL_EW_ALL,2023-11-27,189659.18,232
ALL_EW_ALL,2023-11-28,189675.12,208
ALL_EW_ALL,2023-11-29,190288.66,185
ALL_EW_ALL,2023-11-30,191739.81,172
ALL_EW_ALL,2023-12-01,195039.54,170
ALL_EW_ALL,2023-12-04,195377.28,169
ALL_EW_ALL,2023-12-05,193296.84,165
ALL_EW_ALL,2023-12-06,193773.55,141
ALL_EW_ALL,2023-12-07,194515.41,134
ALL_EW_ALL,2023-12-08,194769.49,129
ALL_EW_ALL,2023-12-11,196138.23,121
ALL_EW_ALL,2023-12-12,196118.51,131
ALL_EW_ALL,2023-12-13,200637.56,131
ALL_EW_ALL,2023-12-14,202910.18,148
ALL_EW_ALL,2023-12-15,201345.93,153
ALL_EW_ALL,2023-12-18,201842.72,143
ALL_EW_ALL,2023-12-19,204047.57,136
ALL_EW_ALL,2023-12-20,200580.16,139
ALL_EW_ALL,2023-12-21,203362.54,121
ALL_EW_ALL,2023-12-22,204183.66,124
ALL_EW_ALL,2023-12-26,205329.93,127
ALL_EW_ALL,2023-12-27,205374.14,129
ALL_EW_ALL,2023-12-28,205311.22,123
ALL_EW_ALL,2023-12-29,204862.81,125
ALL_EW_ALL,2024-01-02,206183.83,119
ALL_EW_ALL,2024-01-03,205022.17,130
ALL_EW_ALL,2024-01-04,204167.14,123
ALL_EW_ALL,2024-01-05,204406.17,116
ALL_EW_ALL,2024-01-08,205606.41,118
ALL_EW_ALL,2024-01-09,204652.7,123
ALL_EW_ALL,2024-01-10,204876.21,122
ALL_EW_ALL,2024-01-11,204439.28,134
ALL_EW_ALL,2024-01-12,204678.69,144
ALL_EW_ALL,2024-01-16,203372.29,150
ALL_EW_ALL,2024-01-17,202166.5,150
ALL_EW_ALL,2024-01-18,202933.54,148
ALL_EW_ALL,2024-01-19,204051.23,170
ALL_EW_ALL,2024-01-22,204768.99,192
ALL_EW_ALL,2024-01-23,205305.66,215
ALL_EW_ALL,2024-01-24,204552.06,220
ALL_EW_ALL,2024-01-25,206501.58,226
ALL_EW_ALL,2024-01-26,206380.76,252
ALL_EW_ALL,2024-01-29,207586.95,255
ALL_EW_ALL,2024-01-30,207760.62,265
ALL_EW_ALL,2024-01-31,204645.8,265
ALL_EW_ALL,2024-02-01,206444.7,237
ALL_EW_ALL,2024-02-02,205876.64,260
ALL_EW_ALL,2024-02-05,203743.91,254
ALL_EW_ALL,2024-02-06,205264.33,244
ALL_EW_ALL,2024-02-07,205704.06,246
ALL_EW_ALL,2024-02-08,206554.04,252
ALL_EW_ALL,2024-02-09,206662.15,253
ALL_EW_ALL,2024-02-12,208735.07,254
ALL_EW_ALL,2024-02-13,204776.46,260
ALL_EW_ALL,2024-02-14,206638.6,240
ALL_EW_ALL,2024-02-15,209409.47,244
ALL_EW_ALL,2024-02-16,208727.62,261
ALL_EW_ALL,2024-02-20,208247.64,251
ALL_EW_ALL,2024-02-21,209198.92,238
ALL_EW_ALL,2024-02-22,210261.65,243
ALL_EW_ALL,2024-02-23,210549.68,254
ALL_EW_ALL,2024-02-26,209125.24,255
ALL_EW_ALL,2024-02-27,209986.12,244
ALL_EW_ALL,2024-02-28,209840.04,241
ALL_EW_ALL,2024-02-29,211205.97,238
ALL_EW_ALL,2024-03-01,212401.82,237
ALL_EW_ALL,2024-03-04,213038.98,236
ALL_EW_ALL,2024-03-05,212082.22,235
ALL_EW_ALL,2024-03-06,213436.49,223
ALL_EW_ALL,2024-03-07,215130.19,225
ALL_EW_ALL,2024-03-08,215360.46,233
ALL_EW_ALL,2024-03-11,216487.32,225
ALL_EW_ALL,2024-03-12,216164.01,223
ALL_EW_ALL,2024-03-13,216490.93,217
ALL_EW_ALL,2024-03-14,214270.29,217
ALL_EW_ALL,2024-03-15,213839.51,199
ALL_EW_ALL,2024-03-18,214760.09,196
ALL_EW_ALL,2024-03-19,216174.49,197
ALL_EW_ALL,2024-03-20,218368.42,201
ALL_EW_ALL,2024-03-21,219769.79,207
ALL_EW_ALL,2024-03-22,218091.37,219
ALL_EW_ALL,2024-03-25,217528.85,203
ALL_EW_ALL,2024-03-26,217132.24,198
ALL_EW_ALL,2024-03-27,220811.6,189
ALL_EW_ALL,2024-03-28,221891.78,215
ALL_EW_ALL,2024-04-01,220457.75,219
ALL_EW_ALL,2024-04-02,218011.97,205
ALL_EW_ALL,2024-04-03,218042.92,194
ALL_EW_ALL,2024-04-04,215652.81,195
ALL_EW_ALL,2024-04-05,216570.5,184
ALL_EW_ALL,2024-04-08,217311.88,187
ALL_EW_ALL,2024-04-09,218934.43,194
ALL_EW_ALL,2024-04-10,214350.31,210
ALL_EW_ALL,2024-04-11,214903.06,201
ALL_EW_ALL,2024-04-12,210966.97,210
ALL_EW_ALL,2024-04-15,208891.21,206
ALL_EW_ALL,2024-04-16,207790.93,205
ALL_EW_ALL,2024-04-17,207133.1,207
ALL_EW_ALL,2024-04-18,206864.16,208
ALL_EW_ALL,2024-04-19,206884.69,217
ALL_EW_ALL,2024-04-22,208596.09,240
ALL_EW_ALL,2024-04-23,210451.4,262
ALL_EW_ALL,2024-04-24,210816.16,280
ALL_EW_ALL,2024-04-25,210220.79,290
ALL_EW_ALL,2024-04-26,210427.28,301
ALL_EW_ALL,2024-04-29,211900.28,306
ALL_EW_ALL,2024-04-30,208835.93,320
ALL_EW_ALL,2024-05-01,208122.84,304
ALL_EW_ALL,2024-05-02,209689.13,300
ALL_EW_ALL,2024-05-03,211090.14,309
ALL_EW_ALL,2024-05-06,212694.3,325
ALL_EW_ALL,2024-05-07,213444.29,324
ALL_EW_ALL,2024-05-08,213188.95,321
ALL_EW_ALL,2024-05-09,214828.85,314
ALL_EW_ALL,2024-05-10,215415.13,325
ALL_EW_ALL,2024-05-13,215247.64,319
ALL_EW_ALL,2024-05-14,216157.37,294
ALL_EW_ALL,2024-05-15,218112.74,285
ALL_EW_ALL,2024-05-16,217750.46,287
ALL_EW_ALL,2024-05-17,217688.33,271
ALL_EW_ALL,2024-05-20,217231.94,256
ALL_EW_ALL,2024-05-21,216649.81,247
ALL_EW_ALL,2024-05-22,215673.06,236
ALL_EW_ALL,2024-05-23,212511.82,224
ALL_EW_ALL,2024-05-24,213730.18,200
ALL_EW_ALL,2024-05-28,212005.92,200
ALL_EW_ALL,2024-05-29,209515.32,194
ALL_EW_ALL,2024-05-30,210322.56,187
ALL_EW_ALL,2024-05-31,213788.57,189
ALL_EW_ALL,2024-06-03,212638.69,220
ALL_EW_ALL,2024-06-04,211968.77,225
ALL_EW_ALL,2024-06-05,212437.43,237
ALL_EW_ALL,2024-06-06,212535.9,249
ALL_EW_ALL,2024-06-07,211763.22,254
ALL_EW_ALL,2024-06-10,212235.55,250
ALL_EW_ALL,2024-06-11,211324.24,256
ALL_EW_ALL,2024-06-12,212176.57,259
ALL_EW_ALL,2024-06-13,211534.16,270
ALL_EW_ALL,2024-06-14,210363.82,267
ALL_EW_ALL,2024-06-17,212050.13,267
ALL_EW_ALL,2024-06-18,212157.08,277
ALL_EW_ALL,2024-06-20,212417.17,292
ALL_EW_ALL,2024-06-21,212899.86,298
ALL_EW_ALL,2024-06-24,214020.3,298
ALL_EW_ALL,2024-06-25,212238.71,319
ALL_EW_ALL,2024-06-26,211643.96,305
ALL_EW_ALL,2024-06-27,211906.09,294
ALL_EW_ALL,2024-06-28,212402.04,297
ALL_EW_ALL,2024-07-01,210683.42,294
ALL_EW_ALL,2024-07-02,211693.4,288
ALL_EW_ALL,2024-07-03,211771.32,292
ALL_EW_ALL,2024-07-05,211393.9,286
ALL_EW_ALL,2024-07-08,211614.25,283
ALL_EW_ALL,2024-07-09,211236.84,283
ALL_EW_ALL,2024-07-10,213218.65,284
ALL_EW_ALL,2024-07-11,216401.16,305
ALL_EW_ALL,2024-07-12,218216.97,335
ALL_EW_ALL,2024-07-15,218297.96,338
ALL_EW_ALL,2024-07-16,222400.11,326
ALL_EW_ALL,2024-07-17,221998.57,343
ALL_EW_ALL,2024-07-18,219990.49,325
ALL_EW_ALL,2024-07-19,218417.57,279
ALL_EW_ALL,2024-07-22,219980.1,237
ALL_EW_ALL,2024-07-23,219361.68,231
ALL_EW_ALL,2024-07-24,216919.18,219
ALL_EW_ALL,2024-07-25,217353.62,203
ALL_EW_ALL,2024-07-26,220164.47,196
ALL_EW_ALL,2024-07-29,220355.94,208
ALL_EW_ALL,2024-07-30,221316.24,203
ALL_EW_ALL,2024-07-31,222912.36,205
ALL_EW_ALL,2024-08-01,219994.29,202
ALL_EW_ALL,2024-08-02,215744.14,182
ALL_EW_ALL,2024-08-05,210954.27,167
ALL_EW_ALL,2024-08-06,213617.62,144
ALL_EW_ALL,2024-08-07,211828.62,151
ALL_EW_ALL,2024-08-08,216440.77,148
ALL_EW_ALL,2024-08-09,216729.27,152
ALL_EW_ALL,2024-08-12,216150.23,152
ALL_EW_ALL,2024-08-13,219095.46,152
ALL_EW_ALL,2024-08-14,219238.08,169
ALL_EW_ALL,2024-08-15,223112.67,191
ALL_EW_ALL,2024-08-16,223350.02,229
ALL_EW_ALL,2024-08-19,225258.83,241
ALL_EW_ALL,2024-08-20,223926.74,265
ALL_EW_ALL,2024-08-21,225637.57,263
ALL_EW_ALL,2024-08-22,224400.18,275
ALL_EW_ALL,2024-08-23,227963.12,261
ALL_EW_ALL,2024-08-26,227591.4,269
ALL_EW_ALL,2024-08-27,227199.04,258
ALL_EW_ALL,2024-08-28,226127.3,246
ALL_EW_ALL,2024-08-29,226857.18,226
ALL_EW_ALL,2024-08-30,228611.7,226
ALL_EW_ALL,2024-09-03,224961.55,226
ALL_EW_ALL,2024-09-04,223797.38,193
ALL_EW_ALL,2024-09-05,222663.85,177
ALL_EW_ALL,2024-09-06,219754.93,161
ALL_EW_ALL,2024-09-09,221642.27,146
ALL_EW_ALL,2024-09-10,221655.08,149
ALL_EW_ALL,2024-09-11,222500.61,147
ALL_EW_ALL,2024-09-12,223487.26,156
ALL_EW_ALL,2024-09-13,225821.96,173
ALL_EW_ALL,2024-09-16,226930.63,195
ALL_EW_ALL,2024-09-17,228181.04,217
ALL_EW_ALL,2024-09-18,228070.98,224
ALL_EW_ALL,2024-09-19,231974.37,220
ALL_EW_ALL,2024-09-20,230460.32,248
ALL_EW_ALL,2024-09-23,231294.1,233
ALL_EW_ALL,2024-09-24,232197.73,230
ALL_EW_ALL,2024-09-25,230147.59,229
ALL_EW_ALL,2024-09-26,233103.59,215
ALL_EW_ALL,2024-09-27,234076.75,215
ALL_EW_ALL,2024-09-30,233880.85,218
ALL_EW_ALL,2024-10-01,232525.1,216
ALL_EW_ALL,2024-10-02,232287.0,202
ALL_EW_ALL,2024-10-03,231580.58,195
ALL_EW_ALL,2024-10-04,233216.21,183
ALL_EW_ALL,2024-10-07,231455.01,191
ALL_EW_ALL,2024-10-08,231606.91,186
ALL_EW_ALL,2024-10-09,232948.25,177
ALL_EW_ALL,2024-10-10,231907.49,180
ALL_EW_ALL,2024-10-11,234058.88,175
ALL_EW_ALL,2024-10-14,235716.57,191
ALL_EW_ALL,2024-10-15,235247.49,219
ALL_EW_ALL,2024-10-16,236648.55,234
ALL_EW_ALL,2024-10-17,235751.71,247
ALL_EW_ALL,2024-10-18,236669.35,238
ALL_EW_ALL,2024-10-21,234107.73,237
ALL_EW_ALL,2024-10-22,233158.81,215
ALL_EW_ALL,2024-10-23,232683.57,207
ALL_EW_ALL,2024-10-24,232785.56,207
ALL_EW_ALL,2024-10-25,231681.23,205
ALL_EW_ALL,2024-10-28,232638.86,199
ALL_EW_ALL,2024-10-29,231551.29,205
ALL_EW_ALL,2024-10-30,230678.26,215
ALL_EW_ALL,2024-10-31,228042.0,219
ALL_EW_ALL,2024-11-01,228310.96,213
ALL_EW_ALL,2024-11-04,228743.21,217
ALL_EW_ALL,2024-11-05,231161.08,223
ALL_EW_ALL,2024-11-06,234344.34,235
ALL_EW_ALL,2024-11-07,234866.03,254
ALL_EW_ALL,2024-11-08,235647.05,249
ALL_EW_ALL,2024-11-11,235939.45,257
ALL_EW_ALL,2024-11-12,234298.29,260
ALL_EW_ALL,2024-11-13,234316.99,246
ALL_EW_ALL,2024-11-14,232379.12,241
ALL_EW_ALL,2024-11-15,229878.81,221
ALL_EW_ALL,2024-11-18,231073.08,209
ALL_EW_ALL,2024-11-19,230313.53,206
ALL_EW_ALL,2024-11-20,230584.07,200
ALL_EW_ALL,2024-11-21,233473.35,198
ALL_EW_ALL,2024-11-22,235380.36,212
ALL_EW_ALL,2024-11-25,238661.44,223
ALL_EW_ALL,2024-11-26,237883.98,237
ALL_EW_ALL,2024-11-27,238146.52,228
ALL_EW_ALL,2024-11-29,238595.14,220
ALL_EW_ALL,2024-12-02,238629.61,207
ALL_EW_ALL,2024-12-03,237264.17,190
ALL_EW_ALL,2024-12-04,236618.0,174
ALL_EW_ALL,2024-12-05,234612.05,173
ALL_EW_ALL,2024-12-06,234362.03,168
ALL_EW_ALL,2024-12-09,235801.91,169
ALL_EW_ALL,2024-12-10,234174.26,168
ALL_EW_ALL,2024-12-11,234114.51,169
ALL_EW_ALL,2024-12-12,233356.55,172
ALL_EW_ALL,2024-12-13,232136.48,174
ALL_EW_ALL,2024-12-16,230867.75,171
ALL_EW_ALL,2024-12-17,229834.02,169
ALL_EW_ALL,2024-12-18,223537.71,166
ALL_EW_ALL,2024-12-19,221667.61,164
ALL_EW_ALL,2024-12-20,224803.89,163
ALL_EW_ALL,2024-12-23,225573.98,169
ALL_EW_ALL,2024-12-24,226998.39,172
ALL_EW_ALL,2024-12-26,227240.96,182
ALL_EW_ALL,2024-12-27,225810.8,192
ALL_EW_ALL,2024-12-30,223640.39,191
ALL_EW_ALL,2024-12-31,224174.23,190
ALL_EW_ALL,2025-01-02,223405.15,190
ALL_EW_ALL,2025-01-03,225356.45,196
ALL_EW_ALL,2025-01-06,225648.29,201
ALL_EW_ALL,2025-01-07,225034.58,216
ALL_EW_ALL,2025-01-08,225113.54,228
ALL_EW_ALL,2025-01-10,221759.61,241
ALL_EW_ALL,2025-01-13,223793.53,246
ALL_EW_ALL,2025-01-14,225231.02,249
ALL_EW_ALL,2025-01-15,227212.86,273
ALL_EW_ALL,2025-01-16,229076.2,295
ALL_EW_ALL,2025-01-17,230026.74,312
ALL_EW_ALL,2025-01-21,232808.01,323
ALL_EW_ALL,2025-01-22,231858.59,334
ALL_EW_ALL,2025-01-23,233103.1,312
ALL_EW_ALL,2025-01-24,232801.89,316
ALL_EW_ALL,2025-01-27,233442.81,299
ALL_EW_ALL,2025-01-28,232599.9,298
ALL_EW_ALL,2025-01-29,231729.12,259
ALL_EW_ALL,2025-01-30,233613.24,236
ALL_EW_ALL,2025-01-31,232020.06,235
ALL_EW_ALL,2025-02-03,230182.82,218
ALL_EW_ALL,2025-02-04,230377.61,209
ALL_EW_ALL,2025-02-05,231671.24,208
ALL_EW_ALL,2025-02-06,231506.31,210
ALL_EW_ALL,2025-02-07,230458.47,204
ALL_EW_ALL,2025-02-10,231453.56,198
ALL_EW_ALL,2025-02-11,231195.63,203
ALL_EW_ALL,2025-02-12,229886.88,202
ALL_EW_ALL,2025-02-13,231644.33,197
ALL_EW_ALL,2025-02-14,231874.13,201
ALL_EW_ALL,2025-02-18,233479.37,200
ALL_EW_ALL,2025-02-19,233899.14,213
ALL_EW_ALL,2025-02-20,233675.4,220
ALL_EW_ALL,2025-02-21,230750.83,221
ALL_EW_ALL,2025-02-24,230618.11,207
ALL_EW_ALL,2025-02-25,230640.7,213
ALL_EW_ALL,2025-02-26,229611.49,220
ALL_EW_ALL,2025-02-27,227400.21,214
ALL_EW_ALL,2025-02-28,229884.27,212
ALL_EW_ALL,2025-03-03,227145.4,226
ALL_EW_ALL,2025-03-04,223999.85,224
ALL_EW_ALL,2025-03-05,226398.56,208
ALL_EW_ALL,2025-03-06,224484.8,204
ALL_EW_ALL,2025-03-07,226874.14,207
ALL_EW_ALL,2025-03-10,223986.05,215
ALL_EW_ALL,2025-03-11,220592.04,214
ALL_EW_ALL,2025-03-12,219592.63,198
ALL_EW_ALL,2025-03-13,216539.6,184
ALL_EW_ALL,2025-03-14,221322.34,188
ALL_EW_ALL,2025-03-17,224425.48,201
ALL_EW_ALL,2025-03-18,223254.66,214
ALL_EW_ALL,2025-03-19,225014.28,213
ALL_EW_ALL,2025-03-20,224141.36,232
ALL_EW_ALL,2025-03-21,223024.54,240
ALL_EW_ALL,2025-03-24,227042.32,234
ALL_EW_ALL,2025-03-25,226531.71,266
ALL_EW_ALL,2025-03-26,225654.72,276
ALL_EW_ALL,2025-03-27,224680.06,277
ALL_EW_ALL,2025-03-28,220930.61,279
ALL_EW_ALL,2025-03-31,222869.16,273
ALL_EW_ALL,2025-04-01,223152.29,290
ALL_EW_ALL,2025-04-02,225219.74,287
ALL_EW_ALL,2025-04-03,213786.94,283
ALL_EW_ALL,2025-04-04,202308.55,279
ALL_EW_ALL,2025-04-07,200881.85,275
ALL_EW_ALL,2025-04-08,196529.93,272
ALL_EW_ALL,2025-04-09,213108.79,272
ALL_EW_ALL,2025-04-10,205603.27,273
ALL_EW_ALL,2025-04-11,208741.45,273
ALL_EW_ALL,2025-04-14,211347.23,288
ALL_EW_ALL,2025-04-15,210694.87,312
ALL_EW_ALL,2025-04-16,207578.61,314
ALL_EW_ALL,2025-04-17,209185.26,311
ALL_EW_ALL,2025-04-21,204916.8,320
ALL_EW_ALL,2025-04-22,210304.3,316
ALL_EW_ALL,2025-04-23,212265.43,326
ALL_EW_ALL,2025-04-24,215813.36,335
ALL_EW_ALL,2025-04-25,215523.65,372
ALL_EW_ALL,2025-04-28,216193.01,368
ALL_EW_ALL,2025-04-29,217431.27,360
ALL_EW_ALL,2025-04-30,217799.05,360
ALL_EW_ALL,2025-05-01,217707.36,357
ALL_EW_ALL,2025-05-02,221576.78,347
ALL_EW_ALL,2025-05-05,220599.0,349
ALL_EW_ALL,2025-05-06,219141.69,320
ALL_EW_ALL,2025-05-07,220827.13,274
ALL_EW_ALL,2025-05-08,222544.68,261
ALL_EW_ALL,2025-05-09,222198.43,253
ALL_EW_ALL,2025-05-12,228574.26,242
ALL_EW_ALL,2025-05-13,228916.31,246
ALL_EW_ALL,2025-05-14,227373.25,231
ALL_EW_ALL,2025-05-15,229103.41,212
ALL_EW_ALL,2025-05-16,231408.06,214
ALL_EW_ALL,2025-05-19,231427.25,220
ALL_EW_ALL,2025-05-20,230854.21,214
ALL_EW_ALL,2025-05-21,225949.89,199
ALL_EW_ALL,2025-05-22,224422.77,146
ALL_EW_ALL,2025-05-23,224281.22,139
ALL_EW_ALL,2025-05-27,227101.53,130
ALL_EW_ALL,2025-05-28,225006.85,130
ALL_EW_ALL,2025-05-29,226347.05,127
ALL_EW_ALL,2025-05-30,226374.8,142
ALL_EW_ALL,2025-06-02,226436.75,154
ALL_EW_ALL,2025-06-03,227558.0,154
ALL_EW_ALL,2025-06-04,226885.87,163
ALL_EW_ALL,2025-06-05,226103.97,161
ALL_EW_ALL,2025-06-06,227857.63,164
ALL_EW_ALL,2025-06-09,227990.26,195
ALL_EW_ALL,2025-06-10,230014.87,209
ALL_EW_ALL,2025-06-11,228954.3,242
ALL_EW_ALL,2025-06-12,229387.95,242
ALL_EW_ALL,2025-06-13,226281.05,244
ALL_EW_ALL,2025-06-16,227514.1,239
ALL_EW_ALL,2025-06-17,224759.29,248
ALL_EW_ALL,2025-06-18,225144.34,241
ALL_EW_ALL,2025-06-20,225813.04,243
ALL_EW_ALL,2025-06-23,227754.91,243
ALL_EW_ALL,2025-06-24,229864.3,260
ALL_EW_ALL,2025-06-25,227803.48,276
ALL_EW_ALL,2025-06-26,229500.67,268
ALL_EW_ALL,2025-06-27,230446.71,275
ALL_EW_ALL,2025-06-30,231528.46,280
ALL_EW_ALL,2025-07-01,234590.49,283
ALL_EW_ALL,2025-07-02,234405.62,303
ALL_EW_ALL,2025-07-03,235439.23,298
ALL_EW_ALL,2025-07-07,233231.22,288
ALL_EW_ALL,2025-07-08,233994.75,258
ALL_EW_ALL,2025-07-09,234752.77,255
ALL_EW_ALL,2025-07-10,235724.86,253
ALL_EW_ALL,2025-07-11,233832.99,257
ALL_EW_ALL,2025-07-14,234094.35,245
ALL_EW_ALL,2025-07-15,230753.77,241
ALL_EW_ALL,2025-07-16,232003.16,223
ALL_EW_ALL,2025-07-17,233044.05,224
ALL_EW_ALL,2025-07-18,232968.48,224
ALL_EW_ALL,2025-07-21,232267.94,223
ALL_EW_ALL,2025-07-22,235285.47,222
ALL_EW_ALL,2025-07-23,236861.37,248
ALL_EW_ALL,2025-07-24,236188.24,256
ALL_EW_ALL,2025-07-25,237411.16,252
ALL_EW_ALL,2025-07-28,235511.13,252
ALL_EW_ALL,2025-07-29,235429.66,234
ALL_EW_ALL,2025-07-30,233166.93,234
ALL_EW_ALL,2025-07-31,230653.63,230
ALL_EW_ALL,2025-08-01,228272.1,227
ALL_EW_ALL,2025-08-04,230944.53,218
ALL_EW_ALL,2025-08-05,230295.41,228
ALL_EW_ALL,2025-08-06,229636.69,224
ALL_EW_ALL,2025-08-07,229232.79,225
ALL_EW_ALL,2025-08-08,230111.41,226
ALL_EW_ALL,2025-08-11,229313.64,236
ALL_EW_ALL,2025-08-12,232190.27,232
ALL_EW_ALL,2025-08-13,235743.03,260
ALL_EW_ALL,2025-08-14,234521.34,281
ALL_EW_ALL,2025-08-15,233936.95,266
ALL_EW_ALL,2025-08-18,233874.41,264
ALL_EW_ALL,2025-08-19,235322.21,261
ALL_EW_ALL,2025-08-20,235254.62,269
ALL_EW_ALL,2025-08-21,234620.0,273
ALL_EW_ALL,2025-08-22,239243.43,267
ALL_EW_ALL,2025-08-25,237416.25,293
ALL_EW_ALL,2025-08-26,237677.22,263
ALL_EW_ALL,2025-08-27,238779.89,257
ALL_EW_ALL,2025-08-28,238816.45,256
ALL_EW_ALL,2025-08-29,238494.32,256
ALL_EW_ALL,2025-09-02,236040.88,247
ALL_EW_ALL,2025-09-03,235486.15,238
ALL_EW_ALL,2025-09-04,237055.73,233
ALL_EW_ALL,2025-09-05,236861.59,233
ALL_EW_ALL,2025-09-08,236675.61,231
ALL_EW_ALL,2025-09-09,236335.7,238
ALL_EW_ALL,2025-09-10,236363.68,235
ALL_EW_ALL,2025-09-11,239995.61,239
ALL_EW_ALL,2025-09-12,238224.11,263
ALL_EW_ALL,2025-09-15,237387.08,255
ALL_EW_ALL,2025-09-16,236865.6,258
ALL_EW_ALL,2025-09-17,237220.36,258
ALL_EW_ALL,2025-09-18,238508.32,262
ALL_EW_ALL,2025-09-19,238025.55,265
ALL_EW_ALL,2025-09-22,238432.26,265
ALL_EW_ALL,2025-09-23,238458.49,266
ALL_EW_ALL,2025-09-24,238241.89,272
ALL_EW_ALL,2025-09-25,236062.26,278
ALL_EW_ALL,2025-09-26,238569.36,265
ALL_EW_ALL,2025-09-29,239303.34,280
ALL_EW_ALL,2025-09-30,240032.41,288
ALL_EW_ALL,2025-10-01,240483.3,295
ALL_EW_ALL,2025-10-02,240945.2,287
ALL_EW_ALL,2025-10-03,241986.87,286
ALL_EW_ALL,2025-10-06,241619.03,293
ALL_EW_ALL,2025-10-07,240525.4,296
ALL_EW_ALL,2025-10-08,241064.65,279
ALL_EW_ALL,2025-10-09,238944.92,276
ALL_EW_ALL,2025-10-10,233805.84,267
ALL_EW_ALL,2025-10-13,235994.36,258
ALL_EW_ALL,2025-10-14,238358.66,255
ALL_EW_ALL,2025-10-15,238220.67,257
ALL_EW_ALL,2025-10-16,235937.43,266
ALL_EW_ALL,2025-10-17,237378.98,263
ALL_EW_ALL,2025-10-20,239842.21,273
ALL_EW_ALL,2025-10-21,241176.45,289
ALL_EW_ALL,2025-10-22,239918.22,293
ALL_EW_ALL,2025-10-23,240755.67,288
ALL_EW_ALL,2025-10-24,240784.33,290
ALL_EW_ALL,2025-10-27,242161.86,294
ALL_EW_ALL,2025-10-28,240106.5,301
ALL_EW_ALL,2025-10-29,236698.34,291
ALL_EW_ALL,2025-10-30,235871.2,290
ALL_EW_ALL,2025-10-31,236617.72,289
ALL_EW_ALL,2025-11-03,235817.14,290
ALL_EW_ALL,2025-11-04,234207.35,285
ALL_EW_ALL,2025-11-05,235405.35,281
ALL_EW_ALL,2025-11-06,233916.54,287
ALL_EW_ALL,2025-11-07,236382.22,285
ALL_EW_ALL,2025-11-10,237293.96,294
ALL_EW_ALL,2025-11-11,238706.18,298
ALL_EW_ALL,2025-11-12,239209.95,310
ALL_EW_ALL,2025-11-13,236754.17,308
ALL_EW_ALL,2025-11-14,235711.36,298
ALL_EW_ALL,2025-11-17,232103.1,290
ALL_EW_ALL,2025-11-18,232275.55,279
ALL_EW_ALL,2025-11-19,231294.16,279
ALL_EW_ALL,2025-11-20,229077.33,273
ALL_EW_ALL,2025-11-21,233860.11,272
ALL_EW_ALL,2025-11-24,234183.87,286
ALL_EW_ALL,2025-11-25,237596.29,284
ALL_EW_ALL,2025-11-26,239153.88,310
ALL_EW_ALL,2025-11-28,240391.61,317
ALL_EW_ALL,2025-12-01,238861.99,320
ALL_EW_ALL,2025-12-02,238972.66,306
ALL_EW_ALL,2025-12-03,241499.7,302
ALL_EW_ALL,2025-12-04,241852.48,303
ALL_EW_ALL,2025-12-05,242159.57,299
ALL_EW_ALL,2025-12-08,240710.99,296
ALL_EW_ALL,2025-12-09,240213.78,278
ALL_EW_ALL,2025-12-10,243347.94,271
ALL_EW_ALL,2025-12-11,245405.49,274
ALL_EW_ALL,2025-12-12,243889.04,287
ALL_EW_ALL,2025-12-15,244027.09,263
ALL_EW_ALL,2025-12-16,242497.76,263
ALL_EW_ALL,2025-12-17,242156.78,243
ALL_EW_ALL,2025-12-18,242372.1,242
ALL_EW_ALL,2025-12-19,242309.57,238
ALL_EW_ALL,2025-12-22,243919.16,238
ALL_EW_ALL,2025-12-23,243381.11,244
ALL_EW_ALL,2025-12-24,244336.45,246
ALL_EW_ALL,2025-12-26,244383.05,245
ALL_EW_ALL,2025-12-29,244278.65,248
ALL_EW_ALL,2025-12-30,244114.12,245
ALL_EW_ALL,2025-12-31,242139.55,241
