run,ticker,entry_date,entry_px,shares,last_date,exit_date,exit_px,reason
RANKVOL_BENCH_N10,AVGO,2016-02-01,13.334,749.5877,2016-02-02,2016-02-03,13.725,rollback
RANKVOL_BENCH_N10,HAL,2016-02-01,31.29,319.3354,2016-02-05,2016-02-08,30.74,rollback
RANKVOL_BENCH_N10,DOW,2016-02-03,45.73,214.2506,2016-02-11,2016-02-12,45.28,rollback
RANKVOL_BENCH_N10,CVX,2016-02-09,85.08,108.9885,2016-02-18,2016-02-19,86.33,rollback
RANKVOL_BENCH_N10,FOXA,2016-02-01,26.84,372.2432,2016-02-23,2016-02-24,26.71,rollback
RANKVOL_BENCH_N10,XRX,2016-02-01,16.996,587.8152,2016-02-23,2016-02-24,16.513,rollback
RANKVOL_BENCH_N10,MDLZ,2016-02-01,42.82,233.3374,2016-02-26,2016-02-29,40.54,rollback
RANKVOL_BENCH_N10,JNPR,2016-02-19,24.0,407.0166,2016-02-26,2016-02-29,24.59,rollback
RANKVOL_BENCH_N10,KLAC,2016-02-01,6.64,1505.0458,2016-03-02,2016-03-03,6.836,rollback
RANKVOL_BENCH_N10,LRCX,2016-02-01,7.12,1403.7223,2016-03-08,2016-03-09,7.355,rollback
RANKVOL_BENCH_N10,JPM,2016-02-01,59.16,168.9318,2016-03-08,2016-03-09,59.15,rollback
RANKVOL_BENCH_N10,TAP,2016-02-01,90.5,110.4199,2016-03-08,2016-03-09,88.6,rollback
RANKVOL_BENCH_N10,AMAT,2016-02-01,17.45,572.6364,2016-03-08,2016-03-09,19.01,rollback
RANKVOL_BENCH_N10,BAC,2016-02-29,12.7,788.5809,2016-03-08,2016-03-09,13.17,rollback
RANKVOL_BENCH_N10,AIG,2016-03-14,52.59,195.6704,2016-03-21,2016-03-22,53.55,rollback
RANKVOL_BENCH_N10,GILD,2016-02-16,90.72,104.7284,2016-03-23,2016-03-24,89.61,rollback
RANKVOL_BENCH_N10,WY,2016-02-24,24.0,405.8842,2016-04-04,2016-04-05,30.87,rollback
RANKVOL_BENCH_N10,ATVI,2016-02-25,31.98,311.365,2016-04-05,2016-04-06,33.89,rollback
RANKVOL_BENCH_N10,V,2016-03-17,72.28,143.0051,2016-04-22,2016-04-25,78.69,rollback
RANKVOL_BENCH_N10,GME,2016-03-30,7.8925,1191.9597,2016-04-22,2016-04-25,8.17,index_drop
RANKVOL_BENCH_N10,MRO,2016-04-07,10.88,975.603,2016-04-25,2016-04-26,14.09,rollback
RANKVOL_BENCH_N10,PFE,2016-03-14,30.27,339.9847,2016-04-26,2016-04-27,32.98,rollback
RANKVOL_BENCH_N10,HAL,2016-04-07,35.97,295.0801,2016-05-03,2016-05-04,40.13,rollback
RANKVOL_BENCH_N10,WMT,2016-03-22,22.6667,460.3875,2016-05-23,2016-05-24,23.2167,rollback
RANKVOL_BENCH_N10,WFM,2016-05-06,29.95,354.802,2016-05-27,2016-05-31,31.96,rollback
RANKVOL_BENCH_N10,KR,2016-03-14,38.43,267.781,2016-06-02,2016-06-03,36.2,rollback
RANKVOL_BENCH_N10,MU,2016-04-27,11.34,963.9411,2016-06-09,2016-06-10,12.32,rollback
RANKVOL_BENCH_N10,FE,2016-04-28,32.67,335.2745,2016-06-10,2016-06-13,33.68,rollback
RANKVOL_BENCH_N10,T,2016-05-31,39.03,285.0458,2016-07-07,2016-07-08,42.13,rollback
RANKVOL_BENCH_N10,ATVI,2016-06-15,38.46,284.3381,2016-07-07,2016-07-08,40.64,rollback
RANKVOL_BENCH_N10,HST,2016-06-03,15.72,709.1639,2016-07-13,2016-07-14,16.58,rollback
RANKVOL_BENCH_N10,DAL,2016-03-17,48.58,212.4416,2016-07-21,2016-07-22,39.07,rollback
RANKVOL_BENCH_N10,GOOG,2016-02-29,35.016,285.9972,2016-07-26,2016-07-27,36.914,rollback
RANKVOL_BENCH_N10,EBAY,2016-04-28,25.09,436.6087,2016-08-09,2016-08-10,31.11,rollback
RANKVOL_BENCH_N10,AAPL,2016-07-08,24.1225,459.1314,2016-08-11,2016-08-12,26.945,rollback
RANKVOL_BENCH_N10,AABA,2016-06-10,36.97,298.6767,2016-08-23,2016-08-24,42.5,rollback
RANKVOL_BENCH_N10,WFC,2016-08-12,48.05,245.1974,2016-09-06,2016-09-07,49.79,rollback
RANKVOL_BENCH_N10,NEE,2016-07-22,32.0025,360.1073,2016-09-26,2016-09-27,31.7725,rollback
RANKVOL_BENCH_N10,PG,2016-03-03,82.54,124.5109,2016-10-03,2016-10-04,88.29,rollback
RANKVOL_BENCH_N10,FAST,2016-04-28,11.7725,930.4707,2016-10-07,2016-10-10,10.6175,rollback
RANKVOL_BENCH_N10,KLAC,2016-10-04,7.036,1688.5191,2016-10-11,2016-10-12,7.23,rollback
RANKVOL_BENCH_N10,KR,2016-10-12,30.24,389.9382,2016-10-13,2016-10-14,31.17,rollback
RANKVOL_BENCH_N10,FOXA,2016-07-14,28.18,403.5865,2016-10-24,2016-10-25,25.59,rollback
RANKVOL_BENCH_N10,GOOGL,2016-09-07,40.3965,293.1412,2016-10-25,2016-10-26,41.356,rollback
RANKVOL_BENCH_N10,SBUX,2016-08-24,57.0,207.2234,2016-11-09,2016-11-10,54.64,rollback
RANKVOL_BENCH_N10,WMT,2016-08-10,24.5233,476.8963,2016-11-14,2016-11-15,23.5967,rollback
RANKVOL_BENCH_N10,CMG,2016-09-27,8.39,1389.5051,2016-11-15,2016-11-16,7.98,rollback
RANKVOL_BENCH_N10,FCX,2016-10-26,10.45,1114.0402,2016-11-17,2016-11-18,13.79,rollback
RANKVOL_BENCH_N10,BMY,2016-10-10,50.79,234.582,2016-11-22,2016-11-23,56.05,rollback
RANKVOL_BENCH_N10,C,2016-05-24,45.45,237.4858,2016-11-28,2016-11-29,55.5,rollback
RANKVOL_BENCH_N10,ORLY,2016-10-14,18.6733,629.6699,2016-11-30,2016-12-01,18.2413,rollback
RANKVOL_BENCH_N10,CMCSA,2016-11-10,31.765,385.4659,2016-12-02,2016-12-05,34.51,rollback
RANKVOL_BENCH_N10,CVS,2016-12-01,76.62,161.6375,2016-12-08,2016-12-09,78.88,rollback
RANKVOL_BENCH_N10,AVGO,2016-12-09,18.095,694.455,2016-12-12,2016-12-13,17.874,rollback
RANKVOL_BENCH_N10,KO,2016-11-29,41.52,297.0225,2016-12-13,2016-12-14,41.89,rollback
RANKVOL_BENCH_N10,XOM,2016-11-16,86.74,135.7702,2016-12-19,2016-12-20,90.51,rollback
RANKVOL_BENCH_N10,PFE,2016-12-13,32.81,383.803,2016-12-21,2016-12-22,32.29,rollback
RANKVOL_BENCH_N10,BSX,2016-07-29,24.33,476.3341,2016-12-28,2016-12-29,21.65,rollback
RANKVOL_BENCH_N10,NKE,2016-11-18,51.39,242.2441,2017-01-09,2017-01-10,53.55,rollback
RANKVOL_BENCH_N10,AMZN,2016-10-25,41.965,280.3,2017-01-17,2017-01-18,40.475,rollback
RANKVOL_BENCH_N10,NFLX,2016-12-05,12.073,1017.6003,2017-01-20,2017-01-23,13.865,rollback
RANKVOL_BENCH_N10,FB,2016-12-14,120.0,105.337,2017-01-31,2017-02-01,132.25,rollback
RANKVOL_BENCH_N10,LRCX,2016-12-20,10.819,1155.8498,2017-01-31,2017-02-01,11.591,rollback
RANKVOL_BENCH_N10,PG,2017-01-18,84.8,149.7101,2017-02-06,2017-02-07,87.64,rollback
RANKVOL_BENCH_N10,KLAC,2016-12-22,7.898,1585.6418,2017-02-09,2017-02-10,8.696,rollback
RANKVOL_BENCH_N10,HPQ,2016-07-08,13.05,848.647,2017-02-15,2017-02-16,15.99,rollback
RANKVOL_BENCH_N10,COG,2017-01-03,22.98,539.0127,2017-02-16,2017-02-17,23.01,rollback
RANKVOL_BENCH_N10,HBAN,2017-01-10,13.35,948.5339,2017-02-16,2017-02-17,14.02,rollback
RANKVOL_BENCH_N10,BAC,2017-02-10,23.19,559.1533,2017-02-23,2017-02-24,24.12,rollback
RANKVOL_BENCH_N10,EXC,2017-02-01,35.66,361.1349,2017-02-27,2017-02-28,36.47,rollback
RANKVOL_BENCH_N10,ABBV,2017-02-16,61.67,214.1822,2017-03-21,2017-03-22,65.38,rollback
RANKVOL_BENCH_N10,LRCX,2017-02-22,11.763,1119.3054,2017-03-21,2017-03-22,12.408,rollback
RANKVOL_BENCH_N10,INTC,2017-01-23,37.07,344.8228,2017-04-28,2017-05-01,36.11,rollback
RANKVOL_BENCH_N10,EW,2017-02-02,30.72,414.7387,2017-05-11,2017-05-12,36.6967,rollback
RANKVOL_BENCH_N10,QCOM,2016-11-23,68.33,182.6973,2017-05-25,2017-05-26,57.66,rollback
RANKVOL_BENCH_N10,F,2017-02-28,12.63,1042.6996,2017-06-02,2017-06-05,11.36,rollback
RANKVOL_BENCH_N10,PHM,2017-05-12,23.0,560.2479,2017-06-05,2017-06-06,23.21,rollback
RANKVOL_BENCH_N10,NEE,2017-03-22,33.0025,392.7926,2017-06-08,2017-06-09,35.275,rollback
RANKVOL_BENCH_N10,AMD,2017-05-02,11.73,1103.2197,2017-06-09,2017-06-12,11.75,rollback
RANKVOL_BENCH_N10,BAC,2017-06-12,23.82,537.6331,2017-06-30,2017-07-03,24.46,rollback
RANKVOL_BENCH_N10,WMB,2017-02-07,28.93,448.4152,2017-07-05,2017-07-06,30.5,rollback
RANKVOL_BENCH_N10,RF,2017-06-09,14.14,908.5631,2017-07-05,2017-07-06,14.84,rollback
RANKVOL_BENCH_N10,GILD,2017-06-06,65.19,195.6905,2017-07-06,2017-07-07,69.69,rollback
RANKVOL_BENCH_N10,PYPL,2017-07-06,54.22,236.5214,2017-07-11,2017-07-12,56.6,rollback
RANKVOL_BENCH_N10,RIG,2017-02-24,13.99,939.429,2017-07-20,2017-07-21,8.74,rollback
RANKVOL_BENCH_N10,HPE,2017-07-06,16.85,761.1177,2017-07-24,2017-07-25,17.84,rollback
RANKVOL_BENCH_N10,AVGO,2017-07-10,24.051,526.1525,2017-07-27,2017-07-28,24.892,rollback
RANKVOL_BENCH_N10,KMI,2016-11-15,21.5,574.382,2017-08-01,2017-08-02,20.2,rollback
RANKVOL_BENCH_N10,NEM,2017-03-22,34.23,378.688,2017-08-04,2017-08-07,36.15,rollback
RANKVOL_BENCH_N10,T,2017-02-21,41.37,318.1595,2017-08-08,2017-08-09,38.2,rollback
RANKVOL_BENCH_N10,TJX,2017-07-03,36.325,351.9913,2017-08-09,2017-08-10,35.345,rollback
RANKVOL_BENCH_N10,HBI,2017-08-03,23.76,558.7451,2017-08-09,2017-08-10,24.11,rollback
RANKVOL_BENCH_N10,INTC,2017-05-26,36.26,351.4383,2017-08-10,2017-08-11,36.26,rollback
RANKVOL_BENCH_N10,VZ,2017-07-21,44.23,295.7539,2017-08-15,2017-08-16,48.37,rollback
RANKVOL_BENCH_N10,LRCX,2017-08-16,16.145,820.5671,2017-08-23,2017-08-24,16.221,rollback
RANKVOL_BENCH_N10,MU,2017-07-12,31.77,406.1635,2017-08-24,2017-08-25,30.3,rollback
RANKVOL_BENCH_N10,MSFT,2017-08-15,73.59,179.8648,2017-09-01,2017-09-05,73.34,rollback
RANKVOL_BENCH_N10,SPLS,2017-08-15,10.2,1297.5423,2017-09-12,2017-09-12,10.25,delisted
RANKVOL_BENCH_N10,FAST,2017-06-05,11.0675,1150.5157,2017-09-19,2017-09-20,11.1075,rollback
RANKVOL_BENCH_N10,BAC,2017-07-26,24.67,533.2719,2017-09-25,2017-09-26,24.83,rollback
RANKVOL_BENCH_N10,GPS,2017-08-25,23.39,562.536,2017-10-03,2017-10-04,29.04,rollback
RANKVOL_BENCH_N10,HPE,2017-09-26,14.74,928.5947,2017-10-03,2017-10-04,14.7,rollback
RANKVOL_BENCH_N10,HPQ,2017-08-25,19.54,673.4071,2017-10-09,2017-10-10,20.6165,rollback
RANKVOL_BENCH_N10,WFC,2017-09-13,51.39,260.7298,2017-10-09,2017-10-10,55.37,rollback
RANKVOL_BENCH_N10,AAPL,2017-10-10,39.0138,356.8172,2017-10-19,2017-10-20,39.1525,rollback
RANKVOL_BENCH_N10,WMT,2017-10-10,27.56,505.0835,2017-10-30,2017-10-31,28.9533,rollback
RANKVOL_BENCH_N10,NRG,2017-09-20,24.67,552.0783,2017-11-09,2017-11-10,27.75,rollback
RANKVOL_BENCH_N10,SBUX,2017-07-28,55.23,240.5947,2017-11-13,2017-11-14,56.47,rollback
RANKVOL_BENCH_N10,AVGO,2017-08-08,25.198,529.8672,2017-11-13,2017-11-14,26.33,rollback
RANKVOL_BENCH_N10,NWL,2017-10-04,43.05,319.3285,2017-12-05,2017-12-06,31.7,rollback
RANKVOL_BENCH_N10,F,2017-11-01,12.4,1082.0819,2017-12-05,2017-12-06,12.4,rollback
RANKVOL_BENCH_N10,T,2017-11-14,34.19,382.3455,2017-12-06,2017-12-07,36.13,rollback
RANKVOL_BENCH_N10,CMCSA,2017-11-10,36.5,358.7215,2017-12-07,2017-12-08,38.5,rollback
RANKVOL_BENCH_N10,TJX,2017-11-14,33.8,386.7379,2017-12-08,2017-12-11,36.87,rollback
RANKVOL_BENCH_N10,CMG,2017-09-05,6.386,2071.7752,2017-12-14,2017-12-15,6.256,rollback
RANKVOL_BENCH_N10,VZ,2017-10-20,49.45,284.4574,2017-12-20,2017-12-21,52.81,rollback
RANKVOL_BENCH_N10,GOOGL,2017-12-08,52.5905,264.5003,2017-12-20,2017-12-21,53.7695,rollback
RANKVOL_BENCH_N10,GOOG,2017-12-08,51.8745,268.1376,2017-12-21,2017-12-22,53.0555,rollback
RANKVOL_BENCH_N10,MU,2017-12-21,45.55,317.2004,2018-01-08,2018-01-09,45.27,rollback
RANKVOL_BENCH_N10,AMD,2017-10-04,13.31,1032.8911,2018-01-09,2018-01-10,11.63,rollback
RANKVOL_BENCH_N10,FCX,2017-12-07,14.2,972.0091,2018-01-09,2018-01-10,19.07,rollback
RANKVOL_BENCH_N10,CSX,2017-08-15,16.9633,780.2487,2018-01-10,2018-01-11,19.54,rollback
RANKVOL_BENCH_N10,GLW,2017-12-11,32.4,430.2287,2018-01-10,2018-01-11,33.44,rollback
RANKVOL_BENCH_N10,AMAT,2017-12-21,53.18,271.6765,2018-01-10,2018-01-11,53.47,rollback
RANKVOL_BENCH_N10,TJX,2018-01-11,38.075,395.8019,2018-01-16,2018-01-17,38.36,rollback
RANKVOL_BENCH_N10,AES,2017-08-09,11.45,1157.8469,2018-01-24,2018-01-25,11.15,rollback
RANKVOL_BENCH_N10,COP,2017-12-06,51.07,272.5582,2018-01-25,2018-01-26,59.7,rollback
RANKVOL_BENCH_N10,PM,2018-01-18,105.46,146.8167,2018-01-25,2018-01-26,107.36,rollback
RANKVOL_BENCH_N10,C,2017-12-22,75.89,189.5109,2018-01-30,2018-01-31,78.78,rollback
RANKVOL_BENCH_N10,MGM,2018-01-10,33.44,449.2974,2018-01-31,2018-02-01,36.49,rollback
RANKVOL_BENCH_N10,T,2018-01-29,37.13,433.1723,2018-02-02,2018-02-05,37.81,rollback
RANKVOL_BENCH_N10,NEE,2018-01-26,38.715,411.1948,2018-02-05,2018-02-06,37.9575,rollback
RANKVOL_BENCH_N10,NFLX,2017-12-18,19.12,742.4113,2018-02-20,2018-02-21,28.207,rollback
RANKVOL_BENCH_N10,BA,2018-02-13,340.45,43.9681,2018-02-20,2018-02-21,352.56,rollback
RANKVOL_BENCH_N10,MU,2018-01-18,44.21,350.2389,2018-02-21,2018-02-22,44.78,rollback
RANKVOL_BENCH_N10,BMY,2018-01-11,61.99,243.0941,2018-02-22,2018-02-23,66.17,rollback
RANKVOL_BENCH_N10,GOOGL,2018-02-22,55.9585,279.361,2018-02-27,2018-02-28,56.1,rollback
RANKVOL_BENCH_N10,PFE,2018-01-17,36.82,414.2338,2018-02-28,2018-03-01,36.12,rollback
RANKVOL_BENCH_N10,KLAC,2018-02-21,11.081,1416.9367,2018-03-01,2018-03-02,11.005,rollback
RANKVOL_BENCH_N10,NEE,2018-03-02,38.3,409.0707,2018-03-06,2018-03-07,38.185,rollback
RANKVOL_BENCH_N10,PCG,2018-03-01,41.09,386.9798,2018-03-07,2018-03-08,41.14,rollback
RANKVOL_BENCH_N10,M,2018-01-11,25.47,591.7122,2018-03-08,2018-03-09,29.31,rollback
RANKVOL_BENCH_N10,KO,2018-03-09,44.57,359.858,2018-03-12,2018-03-13,44.67,rollback
RANKVOL_BENCH_N10,SCHW,2018-02-02,54.75,283.8201,2018-03-14,2018-03-15,56.32,rollback
RANKVOL_BENCH_N10,INTC,2018-02-21,46.67,336.4444,2018-03-15,2018-03-16,51.17,rollback
RANKVOL_BENCH_N10,EXC,2018-02-01,38.53,408.8779,2018-03-19,2018-03-20,38.29,rollback
RANKVOL_BENCH_N10,DHI,2018-03-13,44.6,364.1233,2018-04-06,2018-04-09,45.52,rollback
RANKVOL_BENCH_N10,MRK,2018-03-16,55.19,290.6463,2018-04-11,2018-04-12,56.6,rollback
RANKVOL_BENCH_N10,SO,2018-03-02,43.98,356.2215,2018-04-18,2018-04-19,45.35,rollback
RANKVOL_BENCH_N10,NFLX,2018-04-12,30.9719,508.3096,2018-04-23,2018-04-24,31.9217,rollback
RANKVOL_BENCH_N10,HST,2018-03-15,18.96,849.2618,2018-04-24,2018-04-25,19.27,rollback
RANKVOL_BENCH_N10,VZ,2018-03-09,49.2,326.0096,2018-04-26,2018-04-27,50.25,rollback
RANKVOL_BENCH_N10,KIM,2018-02-23,15.06,1037.7092,2018-04-30,2018-05-01,14.52,rollback
RANKVOL_BENCH_N10,ABBV,2018-04-27,97.44,165.7151,2018-04-30,2018-05-01,102.1,rollback
RANKVOL_BENCH_N10,CVX,2018-04-10,117.6,133.0573,2018-05-01,2018-05-02,124.2,rollback
RANKVOL_BENCH_N10,NVDA,2018-03-21,6.233,2541.4097,2018-05-15,2018-05-16,6.1,rollback
RANKVOL_BENCH_N10,ORLY,2018-03-07,16.6213,963.3597,2018-05-18,2018-05-21,18.2567,rollback
RANKVOL_BENCH_N10,WDC,2018-05-16,83.5,197.3388,2018-05-18,2018-05-21,86.63,rollback
RANKVOL_BENCH_N10,MU,2018-04-19,52.9,303.8872,2018-05-31,2018-06-01,58.81,rollback
RANKVOL_BENCH_N10,KO,2018-05-24,42.4,392.811,2018-05-31,2018-06-01,43.1,rollback
RANKVOL_BENCH_N10,F,2018-04-27,11.4,1416.4989,2018-06-11,2018-06-12,12.07,rollback
RANKVOL_BENCH_N10,HBAN,2018-06-04,15.22,1082.8285,2018-06-11,2018-06-12,15.67,rollback
RANKVOL_BENCH_N10,CMCSA,2018-04-24,34.09,463.3943,2018-06-18,2018-06-19,32.17,rollback
RANKVOL_BENCH_N10,CELG,2018-01-29,104.76,128.8449,2018-07-11,2018-07-12,83.88,rollback
RANKVOL_BENCH_N10,FOXA,2018-05-01,36.43,435.9778,2018-07-11,2018-07-12,47.97,rollback
RANKVOL_BENCH_N10,MGM,2018-06-13,31.47,540.9308,2018-07-19,2018-07-20,30.71,rollback
RANKVOL_BENCH_N10,ORCL,2018-05-02,45.89,347.3219,2018-07-26,2018-07-27,48.99,rollback
RANKVOL_BENCH_N10,PM,2018-05-24,81.6,204.0975,2018-07-31,2018-08-01,86.03,rollback
RANKVOL_BENCH_N10,HST,2018-07-20,21.4,807.8071,2018-08-03,2018-08-06,21.56,rollback
RANKVOL_BENCH_N10,WMB,2018-06-19,26.87,625.1848,2018-08-13,2018-08-14,30.76,rollback
RANKVOL_BENCH_N10,TJX,2018-07-12,47.515,365.3309,2018-08-13,2018-08-14,49.8,rollback
RANKVOL_BENCH_N10,CMG,2018-07-12,9.1978,1887.3605,2018-08-16,2018-08-17,10.1008,rollback
RANKVOL_BENCH_N10,GGP,2018-05-01,20.02,793.3799,2018-08-27,2018-08-27,22.06,delisted
RANKVOL_BENCH_N10,MRO,2018-06-12,21.48,785.6837,2018-08-30,2018-08-31,21.51,rollback
RANKVOL_BENCH_N10,NLSN,2018-08-15,25.4,674.5103,2018-08-30,2018-08-31,25.93,rollback
RANKVOL_BENCH_N10,V,2018-08-14,140.3,122.3395,2018-09-17,2018-09-18,146.2,rollback
RANKVOL_BENCH_N10,GILD,2018-08-31,76.32,226.9817,2018-10-04,2018-10-05,76.77,rollback
RANKVOL_BENCH_N10,INTC,2018-09-04,48.38,357.8042,2018-10-04,2018-10-05,48.23,rollback
RANKVOL_BENCH_N10,GE,2018-08-01,67.5344,257.7315,2018-10-11,2018-10-12,62.4512,rollback
RANKVOL_BENCH_N10,SBUX,2018-10-15,56.37,280.611,2018-10-19,2018-10-22,58.93,rollback
RANKVOL_BENCH_N10,F,2018-08-28,10.08,1735.5218,2018-11-09,2018-11-12,9.38,rollback
RANKVOL_BENCH_N10,BAC,2018-10-05,30.6,550.413,2018-11-09,2018-11-12,28.38,rollback
RANKVOL_BENCH_N10,FITB,2018-08-17,29.78,573.9913,2018-11-12,2018-11-13,27.59,rollback
RANKVOL_BENCH_N10,KEY,2018-10-05,20.55,819.5521,2018-11-12,2018-11-13,18.27,rollback
RANKVOL_BENCH_N10,PBCT,2018-11-16,15.96,990.8397,2018-11-19,2018-11-20,15.99,rollback
RANKVOL_BENCH_N10,AMAT,2018-07-27,48.63,362.9409,2018-11-29,2018-11-30,36.47,rollback
RANKVOL_BENCH_N10,NWL,2018-02-08,29.38,520.0741,2018-12-04,2018-12-06,23.28,rollback
RANKVOL_BENCH_N10,PFE,2018-10-22,44.44,354.3828,2018-12-04,2018-12-06,44.58,rollback
RANKVOL_BENCH_N10,KLAC,2018-11-21,9.562,1662.7265,2018-12-04,2018-12-06,9.421,rollback
RANKVOL_BENCH_N10,BAX,2018-11-23,64.96,241.8852,2018-12-04,2018-12-06,66.35,rollback
RANKVOL_BENCH_N10,COTY,2018-09-18,12.33,1372.1694,2019-01-09,2019-01-10,7.29,rollback
RANKVOL_BENCH_N10,FB,2018-12-07,139.25,113.9353,2019-01-11,2019-01-14,142.0,rollback
RANKVOL_BENCH_N10,TXN,2018-11-21,97.75,162.6414,2019-01-14,2019-01-15,96.99,rollback
RANKVOL_BENCH_N10,ANET,2018-12-07,14.8863,1065.7249,2019-01-16,2019-01-17,13.7369,rollback
RANKVOL_BENCH_N10,HPQ,2018-12-07,23.9,663.7618,2019-01-22,2019-01-23,21.41,rollback
RANKVOL_BENCH_N10,CSX,2019-01-10,21.27,714.3348,2019-01-22,2019-01-23,22.0267,rollback
RANKVOL_BENCH_N10,ABT,2019-01-14,68.41,222.9514,2019-01-23,2019-01-24,70.0,rollback
RANKVOL_BENCH_N10,WMB,2018-11-20,25.11,631.3034,2019-02-05,2019-02-06,27.15,rollback
RANKVOL_BENCH_N10,KMI,2018-08-07,18.05,978.0264,2019-02-06,2019-02-07,18.02,rollback
RANKVOL_BENCH_N10,ORLY,2019-01-15,22.75,675.088,2019-02-06,2019-02-07,24.1067,rollback
RANKVOL_BENCH_N10,AAPL,2019-01-28,38.9475,392.0275,2019-02-11,2019-02-12,42.525,rollback
RANKVOL_BENCH_N10,WDC,2019-01-25,45.5,341.316,2019-02-15,2019-02-19,48.42,rollback
RANKVOL_BENCH_N10,WMT,2019-02-08,32.1133,490.5857,2019-02-20,2019-02-21,33.22,rollback
RANKVOL_BENCH_N10,KEY,2019-02-08,17.01,926.2266,2019-02-21,2019-02-22,17.71,rollback
RANKVOL_BENCH_N10,MDT,2019-01-18,88.52,177.1109,2019-02-25,2019-02-26,92.25,rollback
RANKVOL_BENCH_N10,BMY,2018-12-07,53.23,298.0108,2019-03-06,2019-03-07,52.7,rollback
RANKVOL_BENCH_N10,WFC,2019-02-26,49.49,326.2625,2019-03-19,2019-03-20,51.19,rollback
RANKVOL_BENCH_N10,NVDA,2019-02-13,3.809,4240.7387,2019-03-20,2019-03-21,4.3833,rollback
RANKVOL_BENCH_N10,AMZN,2019-02-06,83.5375,191.8979,2019-03-22,2019-03-25,87.8895,rollback
RANKVOL_BENCH_N10,AMD,2019-03-20,26.49,622.3762,2019-03-22,2019-03-25,26.29,rollback
RANKVOL_BENCH_N10,DHI,2019-03-08,40.34,386.299,2019-03-26,2019-03-27,42.14,rollback
RANKVOL_BENCH_N10,FCX,2019-03-21,12.71,1284.5059,2019-04-05,2019-04-08,13.45,rollback
RANKVOL_BENCH_N10,F,2019-03-27,8.75,1862.9398,2019-04-15,2019-04-16,9.32,rollback
RANKVOL_BENCH_N10,BKNG,2018-06-01,84.8396,194.4125,2019-04-16,2019-04-17,73.9452,rollback
RANKVOL_BENCH_N10,BAC,2019-02-19,28.93,567.6795,2019-04-22,2019-04-23,29.99,rollback
RANKVOL_BENCH_N10,HRB,2019-02-22,24.66,657.3563,2019-04-23,2019-04-24,26.35,rollback
RANKVOL_BENCH_N10,WMT,2019-04-08,32.8167,495.8744,2019-04-26,2019-04-29,33.96,rollback
RANKVOL_BENCH_N10,NEE,2019-04-16,47.765,346.4755,2019-05-01,2019-05-02,48.21,rollback
RANKVOL_BENCH_N10,FB,2019-03-27,167.85,97.11,2019-05-02,2019-05-03,194.38,rollback
RANKVOL_BENCH_N10,JNJ,2019-04-17,139.0,123.8998,2019-05-02,2019-05-03,141.29,rollback
RANKVOL_BENCH_N10,CVS,2019-01-24,65.5,235.3829,2019-05-03,2019-05-06,55.97,rollback
RANKVOL_BENCH_N10,GE,2019-04-29,47.6984,366.6042,2019-05-07,2019-05-08,50.24,rollback
RANKVOL_BENCH_N10,QCOM,2018-11-30,58.22,278.7898,2019-05-08,2019-05-09,83.37,rollback
RANKVOL_BENCH_N10,PFE,2019-05-03,41.22,429.538,2019-05-17,2019-05-20,41.4,rollback
RANKVOL_BENCH_N10,COTY,2019-05-06,11.26,1544.3434,2019-05-22,2019-05-23,13.03,rollback
RANKVOL_BENCH_N10,DWDP,2019-02-21,56.28,290.222,2019-05-31,2019-05-31,30.52,delisted
RANKVOL_BENCH_N10,AMD,2019-05-03,28.3,625.7006,2019-06-12,2019-06-13,32.39,rollback
RANKVOL_BENCH_N10,AMAT,2019-05-20,41.8,410.8953,2019-06-12,2019-06-13,41.61,rollback
RANKVOL_BENCH_N10,CMG,2019-05-03,14.1514,1251.2149,2019-06-13,2019-06-14,14.6776,rollback
RANKVOL_BENCH_N10,CVX,2019-05-10,121.17,140.882,2019-06-19,2019-06-20,124.31,rollback
RANKVOL_BENCH_N10,CTL,2019-03-27,12.25,1330.5383,2019-06-21,2019-06-24,11.38,rollback
RANKVOL_BENCH_N10,STX,2019-05-09,48.21,354.241,2019-06-25,2019-06-26,47.24,rollback
RANKVOL_BENCH_N10,WMT,2019-05-23,33.94,492.7302,2019-06-26,2019-06-27,36.6867,rollback
RANKVOL_BENCH_N10,NVDA,2019-06-14,3.6128,4893.9915,2019-07-02,2019-07-03,4.0793,rollback
RANKVOL_BENCH_N10,JCI,2019-06-13,39.82,443.1437,2019-07-08,2019-07-09,41.66,rollback
RANKVOL_BENCH_N10,ANET,2019-06-27,16.0494,1138.5167,2019-07-08,2019-07-09,16.6244,rollback
RANKVOL_BENCH_N10,ORLY,2019-07-03,25.5333,729.5685,2019-07-19,2019-07-22,26.5413,rollback
RANKVOL_BENCH_N10,EW,2019-07-10,63.01,297.7995,2019-08-05,2019-08-06,70.4867,rollback
RANKVOL_BENCH_N10,APC,2019-06-27,70.69,258.475,2019-08-08,2019-08-08,72.77,delisted
RANKVOL_BENCH_N10,NEE,2019-08-07,52.8475,332.5602,2019-08-14,2019-08-15,53.6575,rollback
RANKVOL_BENCH_N10,F,2019-06-14,10.01,1766.2466,2019-09-10,2019-09-11,9.29,rollback
RANKVOL_BENCH_N10,AAPL,2019-08-19,52.655,338.5022,2019-09-13,2019-09-16,54.4325,rollback
RANKVOL_BENCH_N10,ATVI,2019-04-24,46.45,375.1085,2019-09-16,2019-09-17,55.5,rollback
RANKVOL_BENCH_N10,VZ,2019-06-20,57.9,313.4658,2019-09-16,2019-09-17,59.32,rollback
RANKVOL_BENCH_N10,C,2019-06-05,65.45,259.9334,2019-09-19,2019-09-20,70.15,rollback
RANKVOL_BENCH_N10,FCX,2019-07-22,11.56,1584.3065,2019-09-23,2019-09-24,10.31,rollback
RANKVOL_BENCH_N10,NFLX,2019-04-23,37.545,460.383,2019-10-18,2019-10-21,27.289,rollback
RANKVOL_BENCH_N10,ALXN,2019-09-11,109.87,166.8949,2019-10-25,2019-10-28,105.0,rollback
RANKVOL_BENCH_N10,AMD,2019-06-28,31.08,593.1482,2019-10-29,2019-10-30,32.93,rollback
RANKVOL_BENCH_N10,MSFT,2019-08-09,138.61,131.3206,2019-10-31,2019-11-01,144.26,rollback
RANKVOL_BENCH_N10,FTNT,2019-09-17,15.98,1151.5819,2019-10-31,2019-11-01,17.732,rollback
RANKVOL_BENCH_N10,MRK,2019-09-23,84.91,214.5675,2019-11-01,2019-11-04,85.59,rollback
RANKVOL_BENCH_N10,XOM,2019-11-04,70.07,267.7108,2019-11-06,2019-11-07,72.03,rollback
RANKVOL_BENCH_N10,MRO,2019-11-04,12.32,1522.5289,2019-11-06,2019-11-07,12.61,rollback
RANKVOL_BENCH_N10,JNJ,2019-07-09,141.46,131.324,2019-11-18,2019-11-19,135.0,rollback
RANKVOL_BENCH_N10,HPQ,2019-10-28,17.46,1057.2427,2019-11-20,2019-11-21,19.81,rollback
RANKVOL_BENCH_N10,CMG,2019-09-18,16.5,1111.3494,2019-12-04,2019-12-05,16.18,rollback
RANKVOL_BENCH_N10,KO,2019-10-21,54.45,335.4846,2019-12-05,2019-12-06,54.31,rollback
RANKVOL_BENCH_N10,NEM,2019-09-18,39.53,463.859,2019-12-06,2019-12-09,40.12,rollback
RANKVOL_BENCH_N10,SLB,2019-11-21,36.42,517.3927,2019-12-13,2019-12-16,39.11,rollback
RANKVOL_BENCH_N10,F,2019-11-04,8.93,2100.7201,2019-12-17,2019-12-18,9.39,rollback
RANKVOL_BENCH_N10,ATVI,2019-10-31,55.93,332.6199,2019-12-24,2019-12-26,58.81,rollback
RANKVOL_BENCH_N10,HAL,2019-12-05,21.6,876.1245,2019-12-26,2019-12-27,24.55,rollback
RANKVOL_BENCH_N10,NVDA,2019-11-19,5.2758,3592.4854,2019-12-27,2019-12-30,5.8998,rollback
RANKVOL_BENCH_N10,NFLX,2019-12-18,31.626,630.9438,2019-12-27,2019-12-30,32.908,rollback
RANKVOL_BENCH_N10,AMZN,2019-12-17,88.9005,223.6268,2019-12-31,2020-01-02,93.75,rollback
RANKVOL_BENCH_N10,GIS,2020-01-02,53.63,375.392,2020-01-22,2020-01-23,53.83,rollback
RANKVOL_BENCH_N10,TSCO,2019-12-06,19.51,973.1726,2020-02-07,2020-02-10,19.234,rollback
RANKVOL_BENCH_N10,MPC,2019-11-08,65.87,283.0055,2020-02-14,2020-02-18,57.18,rollback
RANKVOL_BENCH_N10,PEP,2019-12-30,136.7,147.269,2020-02-18,2020-02-19,145.62,rollback
RANKVOL_BENCH_N10,WMT,2019-11-07,40.0,473.6463,2020-02-19,2020-02-20,39.07,rollback
RANKVOL_BENCH_N10,AMD,2020-02-10,49.47,398.698,2020-02-21,2020-02-24,48.175,rollback
RANKVOL_BENCH_N10,NFLX,2020-03-03,38.103,472.1624,2020-04-01,2020-04-02,36.408,rollback
RANKVOL_BENCH_N10,PM,2019-09-26,74.91,241.2754,2020-04-07,2020-04-08,75.17,rollback
RANKVOL_BENCH_N10,CVS,2019-12-26,74.7,270.5542,2020-04-13,2020-04-14,59.88,rollback
RANKVOL_BENCH_N10,HBI,2020-01-02,14.77,1363.1198,2020-04-13,2020-04-14,9.49,rollback
RANKVOL_BENCH_N10,F,2020-04-09,5.51,2666.4437,2020-04-13,2020-04-14,5.27,rollback
RANKVOL_BENCH_N10,USB,2019-12-27,60.36,335.6816,2020-04-14,2020-04-15,35.13,rollback
RANKVOL_BENCH_N10,BAC,2019-12-09,33.5,569.5749,2020-04-15,2020-04-16,22.15,rollback
RANKVOL_BENCH_N10,T,2020-01-23,38.96,506.9055,2020-04-21,2020-04-22,30.9,rollback
RANKVOL_BENCH_N10,AAPL,2020-02-20,80.6575,249.5786,2020-04-21,2020-04-22,68.4025,rollback
RANKVOL_BENCH_N10,GILD,2020-04-17,85.17,168.6111,2020-04-28,2020-04-29,83.97,rollback
RANKVOL_BENCH_N10,TWTR,2020-04-23,28.43,492.1585,2020-04-28,2020-04-29,30.06,rollback
RANKVOL_BENCH_N10,CCL,2020-04-15,11.88,1207.8086,2020-04-30,2020-05-01,14.9,rollback
RANKVOL_BENCH_N10,PFE,2020-04-03,32.63,407.9317,2020-05-01,2020-05-04,37.6,rollback
RANKVOL_BENCH_N10,HBAN,2020-04-23,7.87,1777.7213,2020-05-01,2020-05-04,8.34,rollback
RANKVOL_BENCH_N10,SYF,2020-04-23,16.06,871.1063,2020-05-01,2020-05-04,17.95,rollback
RANKVOL_BENCH_N10,BEN,2020-02-19,26.16,773.94,2020-05-05,2020-05-06,18.12,rollback
RANKVOL_BENCH_N10,AMAT,2020-05-08,52.41,292.7874,2020-05-21,2020-05-22,55.02,rollback
RANKVOL_BENCH_N10,FTNT,2020-04-30,21.6,746.4385,2020-05-26,2020-05-27,27.45,rollback
RANKVOL_BENCH_N10,AAL,2020-04-15,12.52,1146.0103,2020-05-28,2020-05-29,10.48,rollback
RANKVOL_BENCH_N10,BAC,2020-05-11,23.11,671.8397,2020-05-28,2020-05-29,24.42,rollback
RANKVOL_BENCH_N10,C,2020-05-11,45.21,343.39,2020-05-28,2020-05-29,48.02,rollback
RANKVOL_BENCH_N10,F,2020-05-11,5.18,2997.4886,2020-05-29,2020-06-01,5.73,rollback
RANKVOL_BENCH_N10,GPS,2020-05-22,8.21,1939.4218,2020-05-29,2020-06-01,9.38,rollback
RANKVOL_BENCH_N10,VZ,2020-05-29,55.33,292.0222,2020-06-01,2020-06-02,55.82,rollback
RANKVOL_BENCH_N10,HPQ,2020-04-29,15.9,997.8072,2020-06-09,2020-06-10,17.36,rollback
RANKVOL_BENCH_N10,MRK,2020-05-29,79.46,203.3323,2020-06-09,2020-06-10,82.44,rollback
RANKVOL_BENCH_N10,OXY,2020-02-20,42.7,471.414,2020-06-10,2020-06-11,17.84,rollback
RANKVOL_BENCH_N10,SLB,2020-04-23,15.85,882.736,2020-06-10,2020-06-11,19.12,rollback
RANKVOL_BENCH_N10,WFC,2020-05-27,27.8,615.8009,2020-06-10,2020-06-11,27.2,rollback
RANKVOL_BENCH_N10,UA,2020-06-02,8.39,1923.5523,2020-06-10,2020-06-11,8.62,rollback
RANKVOL_BENCH_N10,LRCX,2020-05-11,26.247,591.5129,2020-06-11,2020-06-12,29.2803,rollback
RANKVOL_BENCH_N10,COTY,2020-06-02,4.5,3586.5357,2020-06-11,2020-06-12,4.95,rollback
RANKVOL_BENCH_N10,CRM,2020-06-11,176.64,94.9201,2020-06-23,2020-06-24,187.51,rollback
RANKVOL_BENCH_N10,NFLX,2020-06-10,43.6,420.7267,2020-06-24,2020-06-25,45.886,rollback
RANKVOL_BENCH_N10,ORCL,2020-06-19,54.21,312.6535,2020-07-13,2020-07-14,56.67,rollback
RANKVOL_BENCH_N10,GOOGL,2020-06-26,71.6315,226.5586,2020-07-13,2020-07-14,74.6395,rollback
RANKVOL_BENCH_N10,PFE,2020-05-29,38.27,422.221,2020-07-14,2020-07-15,35.99,rollback
RANKVOL_BENCH_N10,F,2020-07-15,6.54,2574.1845,2020-07-17,2020-07-20,6.8,rollback
RANKVOL_BENCH_N10,KO,2020-07-15,46.3,363.5923,2020-07-23,2020-07-24,48.4,rollback
RANKVOL_BENCH_N10,AMD,2020-06-10,57.2,320.7098,2020-08-17,2020-08-18,82.8,rollback
RANKVOL_BENCH_N10,V,2020-07-20,194.74,87.2666,2020-08-31,2020-09-01,212.21,rollback
RANKVOL_BENCH_N10,CMG,2020-06-19,20.8,814.7719,2020-09-03,2020-09-04,26.6578,rollback
RANKVOL_BENCH_N10,GOOG,2020-08-18,76.309,242.9532,2020-09-03,2020-09-04,81.213,rollback
RANKVOL_BENCH_N10,KSS,2020-09-04,22.05,834.6068,2020-09-18,2020-09-21,22.53,index_drop
RANKVOL_BENCH_N10,TWTR,2020-09-21,39.43,442.8311,2020-09-24,2020-09-25,43.21,rollback
RANKVOL_BENCH_N10,LRCX,2020-09-25,32.472,519.0972,2020-10-16,2020-10-19,36.75,rollback
RANKVOL_BENCH_N10,CSX,2020-07-15,23.5,716.3185,2020-11-06,2020-11-09,30.1167,rollback
RANKVOL_BENCH_N10,MS,2020-06-26,48.3,335.9818,2020-11-10,2020-11-11,55.94,rollback
RANKVOL_BENCH_N10,XOM,2020-07-28,43.91,399.076,2020-11-10,2020-11-11,37.09,rollback
RANKVOL_BENCH_N10,BAC,2020-09-08,26.14,689.9975,2020-11-12,2020-11-13,26.88,rollback
RANKVOL_BENCH_N10,MYL,2020-11-11,15.71,1219.3002,2020-11-16,2020-11-16,15.855,delisted
RANKVOL_BENCH_N10,KMI,2020-11-11,13.07,1465.659,2020-11-18,2020-11-19,13.7,rollback
RANKVOL_BENCH_N10,MRO,2020-06-19,6.7,2529.8203,2020-11-25,2020-11-27,6.46,rollback
RANKVOL_BENCH_N10,DVN,2020-06-19,13.42,1262.7726,2020-11-25,2020-11-27,14.98,rollback
RANKVOL_BENCH_N10,AAL,2020-11-16,12.87,1504.5822,2020-11-27,2020-11-30,14.92,rollback
RANKVOL_BENCH_N10,ABBV,2020-09-01,95.52,193.4749,2020-12-01,2020-12-02,104.0,rollback
RANKVOL_BENCH_N10,NFLX,2020-11-30,49.008,425.0558,2020-12-08,2020-12-09,51.053,rollback
RANKVOL_BENCH_N10,ATVI,2020-10-19,82.28,211.6229,2021-01-04,2021-01-05,90.32,rollback
RANKVOL_BENCH_N10,NEE,2020-11-27,76.05,274.2269,2021-01-11,2021-01-12,79.65,rollback
RANKVOL_BENCH_N10,GILD,2020-06-01,75.47,212.8078,2021-01-13,2021-01-14,61.64,rollback
RANKVOL_BENCH_N10,EBAY,2020-11-20,49.8,395.9481,2021-01-13,2021-01-14,55.83,rollback
RANKVOL_BENCH_N10,GOOGL,2021-01-14,87.4435,251.943,2021-01-27,2021-01-28,91.55,rollback
RANKVOL_BENCH_N10,AAPL,2021-01-14,130.8,168.4395,2021-01-28,2021-01-29,135.83,rollback
RANKVOL_BENCH_N10,KR,2020-11-09,31.98,581.6038,2021-01-29,2021-02-01,34.51,rollback
RANKVOL_BENCH_N10,MSFT,2020-12-02,214.88,96.9311,2021-01-29,2021-02-01,235.06,rollback
RANKVOL_BENCH_N10,NOW,2020-11-18,102.25,192.753,2021-02-09,2021-02-10,117.152,rollback
RANKVOL_BENCH_N10,CSCO,2021-02-02,45.52,480.3585,2021-02-09,2021-02-10,46.15,rollback
RANKVOL_BENCH_N10,NVDA,2021-02-03,13.636,1608.8794,2021-02-09,2021-02-10,14.4633,rollback
RANKVOL_BENCH_N10,CMCSA,2021-01-29,50.31,435.9069,2021-02-12,2021-02-16,53.0,rollback
RANKVOL_BENCH_N10,HPE,2021-01-12,12.04,1814.1094,2021-02-17,2021-02-18,13.91,rollback
RANKVOL_BENCH_N10,LRCX,2021-02-12,57.018,396.5914,2021-02-22,2021-02-23,55.655,rollback
RANKVOL_BENCH_N10,AAL,2021-01-28,20.33,1098.2209,2021-02-25,2021-02-26,20.61,rollback
RANKVOL_BENCH_N10,SCHW,2021-02-16,58.93,390.4859,2021-02-25,2021-02-26,62.91,rollback
RANKVOL_BENCH_N10,VZ,2021-02-18,56.94,401.7723,2021-02-25,2021-02-26,56.47,rollback
RANKVOL_BENCH_N10,ORCL,2021-02-23,64.42,359.985,2021-03-04,2021-03-05,67.3101,rollback
RANKVOL_BENCH_N10,AVGO,2021-03-02,49.037,473.2901,2021-03-29,2021-03-30,46.388,rollback
RANKVOL_BENCH_N10,WMT,2021-01-05,48.8667,437.075,2021-03-30,2021-03-31,45.1833,rollback
RANKVOL_BENCH_N10,ORLY,2021-02-11,30.3853,751.5347,2021-04-05,2021-04-06,33.8347,rollback
RANKVOL_BENCH_N10,CPRT,2020-12-14,29.375,720.6409,2021-04-06,2021-04-07,28.1525,rollback
RANKVOL_BENCH_N10,NFLX,2021-03-02,55.334,419.4508,2021-04-12,2021-04-13,55.7,rollback
RANKVOL_BENCH_N10,CMG,2021-03-02,29.8682,776.9992,2021-04-13,2021-04-14,30.719,rollback
RANKVOL_BENCH_N10,TWTR,2021-04-07,66.64,357.213,2021-04-14,2021-04-15,70.55,rollback
RANKVOL_BENCH_N10,AMZN,2020-11-27,160.563,129.8929,2021-04-19,2021-04-20,168.68,rollback
RANKVOL_BENCH_N10,WFC,2021-03-31,39.27,593.185,2021-04-20,2021-04-21,42.24,rollback
RANKVOL_BENCH_N10,T,2021-03-05,29.01,778.3042,2021-04-26,2021-04-27,30.84,rollback
RANKVOL_BENCH_N10,MOS,2021-04-14,32.44,735.0426,2021-04-30,2021-05-03,35.3,rollback
RANKVOL_BENCH_N10,MDLZ,2021-04-21,59.37,393.632,2021-05-04,2021-05-05,60.94,rollback
RANKVOL_BENCH_N10,JNJ,2021-04-20,161.0,142.3639,2021-05-05,2021-05-06,166.79,rollback
RANKVOL_BENCH_N10,VZ,2021-05-03,58.23,419.5863,2021-05-07,2021-05-10,59.08,rollback
RANKVOL_BENCH_N10,NKE,2021-04-13,135.6,176.9718,2021-05-10,2021-05-11,138.38,rollback
RANKVOL_BENCH_N10,HAL,2020-06-19,13.78,1229.9058,2021-05-11,2021-05-12,22.63,rollback
RANKVOL_BENCH_N10,ABBV,2021-03-30,106.86,216.8655,2021-05-11,2021-05-12,114.85,rollback
RANKVOL_BENCH_N10,MS,2021-04-15,81.35,296.7922,2021-05-11,2021-05-12,85.4,rollback
RANKVOL_BENCH_N10,KMI,2021-02-16,15.07,1527.0395,2021-05-13,2021-05-14,18.23,rollback
RANKVOL_BENCH_N10,MRK,2021-05-06,77.44,319.5075,2021-05-18,2021-05-19,78.925,rollback
RANKVOL_BENCH_N10,BMY,2021-05-14,65.2,382.4199,2021-05-25,2021-05-26,66.72,rollback
RANKVOL_BENCH_N10,CCL,2021-04-27,27.59,875.9172,2021-06-03,2021-06-04,30.92,rollback
RANKVOL_BENCH_N10,AAL,2021-05-17,22.32,1126.761,2021-06-03,2021-06-04,25.13,rollback
RANKVOL_BENCH_N10,NCLH,2021-05-19,28.31,888.5415,2021-06-03,2021-06-04,32.37,rollback
RANKVOL_BENCH_N10,APH,2021-05-10,34.06,744.7634,2021-06-07,2021-06-08,34.27,rollback
RANKVOL_BENCH_N10,MSFT,2021-06-07,249.98,110.6876,2021-06-11,2021-06-14,257.9,rollback
RANKVOL_BENCH_N10,F,2021-04-06,12.7,1865.1396,2021-06-14,2021-06-15,14.91,rollback
RANKVOL_BENCH_N10,EBAY,2021-05-11,60.0443,412.9617,2021-06-14,2021-06-15,66.0,rollback
RANKVOL_BENCH_N10,ORLY,2021-06-16,35.8133,764.8709,2021-06-23,2021-06-24,36.544,rollback
RANKVOL_BENCH_N10,AMZN,2021-06-09,163.6435,168.2095,2021-06-24,2021-06-25,173.2,rollback
RANKVOL_BENCH_N10,AMD,2021-05-26,77.83,337.4181,2021-07-07,2021-07-08,87.86,rollback
RANKVOL_BENCH_N10,NFLX,2021-06-15,50.123,549.9736,2021-07-07,2021-07-08,53.093,rollback
RANKVOL_BENCH_N10,MU,2021-06-16,82.73,331.1244,2021-08-05,2021-08-06,81.2,rollback
RANKVOL_BENCH_N10,CNP,2021-07-09,25.38,1076.8939,2021-08-12,2021-08-13,26.87,rollback
RANKVOL_BENCH_N10,WMT,2021-05-19,46.9033,536.3615,2021-08-18,2021-08-19,49.4433,rollback
RANKVOL_BENCH_N10,GILD,2021-06-07,67.605,409.264,2021-08-19,2021-08-20,71.67,rollback
RANKVOL_BENCH_N10,CSCO,2021-05-07,52.48,472.1899,2021-08-31,2021-09-01,59.02,rollback
RANKVOL_BENCH_N10,MGM,2021-06-24,44.15,622.9049,2021-09-01,2021-09-02,42.48,rollback
RANKVOL_BENCH_N10,MO,2021-06-08,50.55,546.2497,2021-09-07,2021-09-08,50.66,rollback
RANKVOL_BENCH_N10,AAPL,2021-08-13,148.97,187.6596,2021-09-08,2021-09-09,155.49,rollback
RANKVOL_BENCH_N10,NOW,2021-08-20,118.21,233.3971,2021-09-08,2021-09-09,131.156,rollback
RANKVOL_BENCH_N10,NFLX,2021-08-06,52.4,528.441,2021-09-13,2021-09-14,58.489,rollback
RANKVOL_BENCH_N10,UAL,2021-09-08,46.7,616.2376,2021-09-28,2021-09-29,48.8808,rollback
RANKVOL_BENCH_N10,CCL,2021-09-14,23.2,1212.1144,2021-09-29,2021-09-30,25.44,rollback
RANKVOL_BENCH_N10,ORCL,2021-09-09,89.6,318.1901,2021-10-21,2021-10-22,96.29,rollback
RANKVOL_BENCH_N10,UAA,2021-10-22,20.82,1346.0834,2021-10-29,2021-11-01,22.0,rollback
RANKVOL_BENCH_N10,SBUX,2021-09-01,118.01,243.5564,2021-11-08,2021-11-09,114.65,rollback
RANKVOL_BENCH_N10,GPS,2021-09-29,25.49,1131.4228,2021-11-08,2021-11-09,24.59,rollback
RANKVOL_BENCH_N10,UAL,2021-11-02,47.915,579.9998,2021-11-11,2021-11-12,51.35,rollback
RANKVOL_BENCH_N10,BA,2021-06-25,250.75,110.6323,2021-11-16,2021-11-17,229.54,rollback
RANKVOL_BENCH_N10,INTC,2021-11-09,51.54,547.4298,2021-12-08,2021-12-09,51.3,rollback
RANKVOL_BENCH_N10,KHC,2021-09-09,36.92,772.2442,2021-12-17,2021-12-20,35.26,rollback
RANKVOL_BENCH_N10,CMG,2021-11-10,35.88,781.6516,2021-12-28,2021-12-29,34.789,rollback
RANKVOL_BENCH_N10,VZ,2021-07-08,55.75,484.6324,2021-12-29,2021-12-30,52.38,rollback
RANKVOL_BENCH_N10,FCX,2021-11-12,40.67,688.3604,2021-12-30,2021-12-31,41.64,rollback
RANKVOL_BENCH_N10,BMY,2021-08-20,68.71,401.561,2022-01-03,2022-01-04,61.5,rollback
RANKVOL_BENCH_N10,LUV,2021-12-29,42.23,640.6927,2022-01-05,2022-01-06,44.48,rollback
RANKVOL_BENCH_N10,LUMN,2021-12-20,12.48,2122.6998,2022-01-11,2022-01-12,13.31,rollback
RANKVOL_BENCH_N10,T,2021-09-30,27.48,1038.5227,2022-01-21,2022-01-24,26.19,rollback
RANKVOL_BENCH_N10,WFC,2022-01-04,51.58,536.4888,2022-01-21,2022-01-24,52.73,rollback
RANKVOL_BENCH_N10,LVS,2022-01-12,39.25,719.4224,2022-01-27,2022-01-28,42.33,rollback
RANKVOL_BENCH_N10,GPS,2022-01-26,17.88,1540.0815,2022-02-01,2022-02-02,18.46,index_drop
RANKVOL_BENCH_N10,SLB,2021-12-31,29.57,918.6569,2022-02-02,2022-02-03,39.43,rollback
RANKVOL_BENCH_N10,GOOGL,2022-02-02,151.25,181.5615,2022-02-07,2022-02-08,139.0265,rollback
RANKVOL_BENCH_N10,NCLH,2022-01-10,22.44,1251.8708,2022-02-10,2022-02-11,22.57,rollback
RANKVOL_BENCH_N10,MS,2022-01-28,99.1,270.0736,2022-02-11,2022-02-14,104.03,rollback
RANKVOL_BENCH_N10,AAL,2022-02-08,17.4,1549.5853,2022-02-11,2022-02-14,17.85,rollback
RANKVOL_BENCH_N10,VIAC,2021-05-19,39.43,637.988,2022-02-16,2022-02-16,29.58,delisted
RANKVOL_BENCH_N10,NEM,2022-02-14,64.17,418.6908,2022-02-28,2022-03-01,66.94,rollback
RANKVOL_BENCH_N10,MO,2022-02-14,50.37,533.3739,2022-03-07,2022-03-08,52.9,rollback
RANKVOL_BENCH_N10,JNJ,2022-01-28,170.86,156.6368,2022-03-08,2022-03-09,170.01,rollback
RANKVOL_BENCH_N10,KHC,2022-02-17,36.525,724.2584,2022-03-08,2022-03-09,39.11,rollback
RANKVOL_BENCH_N10,CTRA,2022-03-01,23.68,1121.4816,2022-03-08,2022-03-09,25.65,rollback
RANKVOL_BENCH_N10,SLB,2022-03-08,43.05,626.4959,2022-03-09,2022-03-10,43.1,rollback
RANKVOL_BENCH_N10,KMI,2022-02-14,17.51,1534.4792,2022-03-11,2022-03-14,17.9,rollback
RANKVOL_BENCH_N10,AVGO,2022-03-10,58.556,454.1941,2022-03-21,2022-03-22,60.172,rollback
RANKVOL_BENCH_N10,HST,2022-03-11,18.47,1452.6734,2022-03-21,2022-03-22,18.47,rollback
RANKVOL_BENCH_N10,ORCL,2021-11-17,95.76,291.7743,2022-03-23,2022-03-24,80.65,rollback
RANKVOL_BENCH_N10,PYPL,2021-12-09,196.06,134.9899,2022-03-23,2022-03-24,115.82,rollback
RANKVOL_BENCH_N10,KIM,2022-03-10,23.54,1129.7561,2022-03-23,2022-03-24,24.02,rollback
RANKVOL_BENCH_N10,KMI,2022-03-22,17.99,1532.5448,2022-03-28,2022-03-29,18.52,rollback
RANKVOL_BENCH_N10,SCHW,2022-03-15,84.11,313.9333,2022-03-30,2022-03-31,88.45,rollback
RANKVOL_BENCH_N10,TWTR,2021-09-02,65.97,436.6791,2022-03-31,2022-04-01,39.16,rollback
RANKVOL_BENCH_N10,NKE,2021-12-30,168.31,160.3475,2022-03-31,2022-04-01,134.45,rollback
RANKVOL_BENCH_N10,PM,2022-03-31,93.78,295.2296,2022-04-04,2022-04-05,95.41,rollback
RANKVOL_BENCH_N10,VZ,2022-02-03,54.0,498.8176,2022-04-07,2022-04-08,52.73,rollback
RANKVOL_BENCH_N10,XOM,2022-03-22,81.63,337.7662,2022-04-11,2022-04-12,85.71,rollback
RANKVOL_BENCH_N10,GILD,2022-03-30,60.42,463.4714,2022-04-12,2022-04-13,61.62,rollback
RANKVOL_BENCH_N10,KO,2022-03-25,61.12,450.2795,2022-04-26,2022-04-27,65.0,rollback
RANKVOL_BENCH_N10,UAL,2022-04-14,45.49,605.2664,2022-04-26,2022-04-27,48.75,rollback
RANKVOL_BENCH_N10,QCOM,2022-03-25,157.97,174.2084,2022-05-05,2022-05-06,141.248,rollback
RANKVOL_BENCH_N10,DVN,2022-04-08,60.34,451.5224,2022-05-09,2022-05-10,63.51,rollback
RANKVOL_BENCH_N10,MRK,2022-04-29,88.66,300.0223,2022-05-13,2022-05-16,90.79,rollback
RANKVOL_BENCH_N10,OXY,2022-04-08,57.7,472.205,2022-05-18,2022-05-19,63.03,rollback
RANKVOL_BENCH_N10,SLB,2022-04-11,42.64,642.9617,2022-05-18,2022-05-19,40.04,rollback
RANKVOL_BENCH_N10,KMI,2022-05-09,19.0,1390.2694,2022-05-18,2022-05-19,18.97,rollback
RANKVOL_BENCH_N10,MU,2022-05-16,71.51,366.8077,2022-05-18,2022-05-19,70.76,rollback
RANKVOL_BENCH_N10,APA,2022-05-20,41.08,621.6146,2022-05-24,2022-05-25,43.51,rollback
RANKVOL_BENCH_N10,BKR,2022-04-11,36.72,746.6573,2022-05-31,2022-06-01,36.53,rollback
RANKVOL_BENCH_N10,V,2022-04-29,218.62,121.6661,2022-06-01,2022-06-02,211.89,rollback
RANKVOL_BENCH_N10,C,2022-05-20,50.26,508.1019,2022-06-01,2022-06-02,52.4,rollback
RANKVOL_BENCH_N10,BEN,2022-05-23,26.24,970.6533,2022-06-01,2022-06-02,26.63,rollback
RANKVOL_BENCH_N10,GOOG,2022-06-01,114.9315,235.0164,2022-06-03,2022-06-06,116.7425,rollback
RANKVOL_BENCH_N10,JPM,2022-05-24,124.36,205.7514,2022-06-08,2022-06-09,127.37,rollback
RANKVOL_BENCH_N10,FB,2022-06-03,195.98,136.0474,2022-06-08,2022-06-09,194.28,index_drop
RANKVOL_BENCH_N10,GOOGL,2022-06-22,110.5565,217.6602,2022-06-27,2022-06-28,115.8025,rollback
RANKVOL_BENCH_N10,GOOG,2022-06-22,111.163,216.4618,2022-06-27,2022-06-28,116.351,rollback
RANKVOL_BENCH_N10,BMY,2022-06-08,76.52,347.0882,2022-06-30,2022-07-01,76.98,rollback
RANKVOL_BENCH_N10,MSFT,2022-06-30,257.05,93.1464,2022-07-11,2022-07-12,265.88,rollback
RANKVOL_BENCH_N10,CCL,2022-04-14,19.71,1397.0038,2022-07-21,2022-07-22,9.9,rollback
RANKVOL_BENCH_N10,NCLH,2022-06-03,15.65,1703.5939,2022-07-21,2022-07-22,12.7,rollback
RANKVOL_BENCH_N10,HPE,2022-05-10,16.0,1600.952,2022-07-22,2022-07-25,13.89,rollback
RANKVOL_BENCH_N10,NFLX,2022-05-26,18.649,1393.2712,2022-07-22,2022-07-25,22.131,rollback
RANKVOL_BENCH_N10,F,2022-03-25,16.74,1644.1134,2022-07-26,2022-07-27,12.75,rollback
RANKVOL_BENCH_N10,TSLA,2022-06-03,243.225,109.6265,2022-07-26,2022-07-27,263.81,rollback
RANKVOL_BENCH_N10,CSCO,2022-03-16,55.93,481.1116,2022-08-01,2022-08-02,45.52,rollback
RANKVOL_BENCH_N10,SLB,2022-07-25,35.65,735.8908,2022-08-01,2022-08-02,36.5,rollback
RANKVOL_BENCH_N10,WMB,2022-07-14,30.2,789.8948,2022-08-02,2022-08-03,33.27,rollback
RANKVOL_BENCH_N10,KO,2022-07-27,62.88,421.7737,2022-08-02,2022-08-03,63.55,rollback
RANKVOL_BENCH_N10,MDLZ,2022-07-25,62.06,422.707,2022-08-04,2022-08-05,64.15,rollback
RANKVOL_BENCH_N10,SCHW,2022-07-22,63.37,415.7387,2022-08-08,2022-08-09,68.81,rollback
RANKVOL_BENCH_N10,GILD,2022-08-09,61.58,446.32,2022-08-11,2022-08-12,62.71,rollback
RANKVOL_BENCH_N10,VTRS,2022-08-09,10.0301,2740.3278,2022-08-16,2022-08-17,10.99,rollback
RANKVOL_BENCH_N10,CCL,2022-08-03,9.5,2874.2127,2022-08-17,2022-08-18,10.56,rollback
RANKVOL_BENCH_N10,JPM,2022-08-08,116.25,237.2102,2022-08-18,2022-08-19,120.62,rollback
RANKVOL_BENCH_N10,CMG,2022-07-01,26.0416,916.1892,2022-08-19,2022-08-22,32.8,rollback
RANKVOL_BENCH_N10,BSX,2022-07-22,38.18,690.0649,2022-08-19,2022-08-22,41.62,rollback
RANKVOL_BENCH_N10,WMT,2022-08-12,43.3333,656.8632,2022-08-19,2022-08-22,45.4,rollback
RANKVOL_BENCH_N10,HAL,2022-08-19,29.55,965.5566,2022-08-26,2022-08-29,31.17,rollback
RANKVOL_BENCH_N10,APA,2022-08-19,35.962,793.3589,2022-08-31,2022-09-01,38.405,rollback
RANKVOL_BENCH_N10,GILD,2022-09-02,65.04,424.8304,2022-09-13,2022-09-14,64.41,rollback
RANKVOL_BENCH_N10,GM,2022-09-08,39.45,702.3059,2022-09-13,2022-09-14,40.74,rollback
RANKVOL_BENCH_N10,NCLH,2022-09-08,13.72,2019.5872,2022-09-16,2022-09-19,15.1,rollback
RANKVOL_BENCH_N10,DXCM,2022-08-26,87.73,327.9184,2022-10-14,2022-10-17,99.41,rollback
RANKVOL_BENCH_N10,AAL,2022-08-02,14.05,1937.7582,2022-10-20,2022-10-21,13.36,rollback
RANKVOL_BENCH_N10,PFE,2022-07-27,51.94,510.5854,2022-10-27,2022-10-28,45.98,rollback
RANKVOL_BENCH_N10,UAL,2022-08-02,37.22,731.4385,2022-11-02,2022-11-03,40.57,rollback
RANKVOL_BENCH_N10,WMT,2022-09-08,45.1333,613.9004,2022-11-02,2022-11-03,46.5033,rollback
RANKVOL_BENCH_N10,JNJ,2022-09-23,165.74,157.0443,2022-11-02,2022-11-03,169.81,rollback
RANKVOL_BENCH_N10,CCL,2022-10-21,7.93,3427.0973,2022-11-02,2022-11-03,8.34,rollback
RANKVOL_BENCH_N10,XOM,2022-09-15,96.22,290.1114,2022-11-09,2022-11-10,110.19,rollback
RANKVOL_BENCH_N10,USB,2022-10-17,43.88,619.2841,2022-11-09,2022-11-10,44.0,rollback
RANKVOL_BENCH_N10,MU,2022-08-19,61.835,461.4478,2022-11-16,2022-11-17,57.3,rollback
RANKVOL_BENCH_N10,NEM,2022-11-09,43.66,646.9699,2022-11-16,2022-11-17,44.48,rollback
RANKVOL_BENCH_N10,QCOM,2022-11-11,118.99,245.6593,2022-11-16,2022-11-17,118.95,rollback
RANKVOL_BENCH_N10,V,2022-11-11,206.0,141.891,2022-11-16,2022-11-17,207.96,rollback
RANKVOL_BENCH_N10,AMD,2022-10-31,60.75,475.2196,2022-11-21,2022-11-22,72.72,rollback
RANKVOL_BENCH_N10,KDP,2022-11-09,37.82,746.8349,2022-12-05,2022-12-06,37.98,rollback
RANKVOL_BENCH_N10,MO,2022-11-23,45.21,641.4035,2022-12-05,2022-12-06,47.18,rollback
RANKVOL_BENCH_N10,ABBV,2022-11-08,148.83,190.4352,2022-12-09,2022-12-12,163.21,rollback
RANKVOL_BENCH_N10,PCG,2022-11-21,15.1,1904.3959,2022-12-15,2022-12-16,16.09,rollback
RANKVOL_BENCH_N10,LUMN,2022-06-28,11.5,2213.7042,2023-01-17,2023-01-18,5.59,rollback
RANKVOL_BENCH_N10,LRCX,2022-12-13,48.554,590.8132,2023-01-17,2023-01-18,47.718,rollback
RANKVOL_BENCH_N10,HAL,2022-12-21,37.96,687.8056,2023-01-17,2023-01-18,43.0,rollback
RANKVOL_BENCH_N10,CCL,2022-11-30,9.81,2918.8042,2023-01-19,2023-01-20,10.28,rollback
RANKVOL_BENCH_N10,AAL,2022-11-25,14.4,2014.3965,2023-01-24,2023-01-25,15.97,rollback
RANKVOL_BENCH_N10,DIS,2022-11-25,98.81,293.5519,2023-02-06,2023-02-07,109.295,rollback
RANKVOL_BENCH_N10,HBAN,2023-01-24,14.76,2034.0579,2023-02-06,2023-02-07,15.34,rollback
RANKVOL_BENCH_N10,WBD,2022-12-13,11.65,2462.5932,2023-02-07,2023-02-08,15.26,rollback
RANKVOL_BENCH_N10,TSLA,2023-01-18,136.555,222.3273,2023-02-16,2023-02-17,199.985,rollback
RANKVOL_BENCH_N10,PCG,2023-01-26,15.96,1919.6828,2023-03-07,2023-03-08,16.32,rollback
RANKVOL_BENCH_N10,BMY,2023-01-20,73.9,396.7505,2023-04-04,2023-04-05,69.46,rollback
RANKVOL_BENCH_N10,APA,2023-01-20,44.86,653.5532,2023-04-04,2023-04-05,37.89,rollback
RANKVOL_BENCH_N10,GILD,2023-02-07,86.6,363.9408,2023-04-04,2023-04-05,82.3,rollback
RANKVOL_BENCH_N10,CNC,2023-04-06,66.28,431.9147,2023-04-12,2023-04-13,67.52,rollback
RANKVOL_BENCH_N10,MS,2023-04-14,86.43,333.5087,2023-04-20,2023-04-21,90.48,rollback
RANKVOL_BENCH_N10,CSX,2022-12-13,33.25,862.7903,2023-04-24,2023-04-25,31.06,rollback
RANKVOL_BENCH_N10,MSFT,2023-04-27,295.97,95.9449,2023-05-03,2023-05-04,306.24,rollback
RANKVOL_BENCH_N10,CMCSA,2023-02-17,39.71,775.1804,2023-05-04,2023-05-05,40.57,rollback
RANKVOL_BENCH_N10,EQT,2022-11-07,42.57,658.6037,2023-05-19,2023-05-22,35.46,rollback
RANKVOL_BENCH_N10,AAL,2023-03-08,16.41,1834.5869,2023-05-19,2023-05-22,14.915,rollback
RANKVOL_BENCH_N10,KLAC,2023-02-08,41.298,765.7023,2023-05-23,2023-05-24,40.685,rollback
RANKVOL_BENCH_N10,LRCX,2023-04-21,52.419,554.4084,2023-05-23,2023-05-24,56.354,rollback
RANKVOL_BENCH_N10,AMAT,2023-05-04,113.05,249.9059,2023-05-23,2023-05-24,121.92,rollback
RANKVOL_BENCH_N10,ANET,2023-05-22,36.31,817.8183,2023-06-06,2023-06-07,39.9175,rollback
RANKVOL_BENCH_N10,KEY,2023-04-14,12.55,2296.94,2023-06-08,2023-06-09,10.98,rollback
RANKVOL_BENCH_N10,WBD,2023-06-07,12.12,2521.3112,2023-06-15,2023-06-16,13.09,rollback
RANKVOL_BENCH_N10,PYPL,2022-09-15,95.1,293.5134,2023-06-21,2023-06-22,67.52,rollback
RANKVOL_BENCH_N10,INTC,2023-05-05,31.38,914.465,2023-06-21,2023-06-22,32.69,rollback
RANKVOL_BENCH_N10,F,2023-05-24,11.64,2528.4915,2023-06-21,2023-06-22,13.91,rollback
RANKVOL_BENCH_N10,VZ,2023-06-13,35.5,890.8736,2023-07-06,2023-07-07,36.22,rollback
RANKVOL_BENCH_N10,MRO,2023-05-22,23.13,1283.7656,2023-07-14,2023-07-17,24.05,rollback
RANKVOL_BENCH_N10,OXY,2023-05-24,60.17,489.117,2023-07-14,2023-07-17,59.1,rollback
RANKVOL_BENCH_N10,CRM,2023-06-23,210.5,145.9535,2023-07-17,2023-07-18,227.05,rollback
RANKVOL_BENCH_N10,SLB,2023-05-24,45.96,640.3111,2023-07-21,2023-07-24,56.22,rollback
RANKVOL_BENCH_N10,HBAN,2023-07-10,10.82,2929.9262,2023-07-21,2023-07-24,11.85,rollback
RANKVOL_BENCH_N10,KO,2023-06-16,61.6,517.2004,2023-07-25,2023-07-26,61.86,rollback
RANKVOL_BENCH_N10,SCHW,2023-02-07,79.13,398.3173,2023-07-27,2023-07-28,66.1,rollback
RANKVOL_BENCH_N10,INTC,2023-07-18,34.28,946.3399,2023-07-31,2023-08-01,35.82,rollback
RANKVOL_BENCH_N10,KLAC,2023-07-28,50.0,654.4451,2023-08-02,2023-08-03,49.727,rollback
RANKVOL_BENCH_N10,TSCO,2023-07-28,45.06,726.1567,2023-08-04,2023-08-07,44.462,rollback
RANKVOL_BENCH_N10,AMZN,2023-08-07,140.99,229.5275,2023-08-08,2023-08-09,139.97,rollback
RANKVOL_BENCH_N10,WBD,2023-08-04,12.94,2493.2403,2023-08-09,2023-08-10,14.28,rollback
RANKVOL_BENCH_N10,MRK,2023-07-24,109.99,299.3369,2023-08-24,2023-08-25,109.94,rollback
RANKVOL_BENCH_N10,VZ,2023-08-14,33.19,960.6489,2023-09-05,2023-09-06,34.1,rollback
RANKVOL_BENCH_N10,MO,2023-04-14,45.14,638.5405,2023-09-13,2023-09-14,43.82,rollback
RANKVOL_BENCH_N10,T,2023-06-28,15.81,1966.3597,2023-09-18,2023-09-19,15.06,rollback
RANKVOL_BENCH_N10,KHC,2023-07-17,35.69,901.7997,2023-09-22,2023-09-25,34.11,rollback
RANKVOL_BENCH_N10,KMI,2023-08-14,17.81,1790.1372,2023-10-19,2023-10-20,17.04,rollback
RANKVOL_BENCH_N10,MRO,2023-09-28,27.265,1118.8245,2023-10-23,2023-10-24,28.37,rollback
RANKVOL_BENCH_N10,T,2023-10-20,15.19,2036.4746,2023-10-25,2023-10-26,15.17,rollback
RANKVOL_BENCH_N10,IBM,2023-10-27,143.62,206.4307,2023-11-09,2023-11-10,147.44,rollback
RANKVOL_BENCH_N10,GOOG,2023-08-28,132.08,240.3654,2023-11-17,2023-11-20,135.5,rollback
RANKVOL_BENCH_N10,GOOGL,2023-11-13,131.78,244.8933,2023-11-17,2023-11-20,133.69,rollback
RANKVOL_BENCH_N10,CCL,2023-07-24,17.88,1841.483,2023-11-24,2023-11-27,14.38,rollback
RANKVOL_BENCH_N10,META,2023-09-06,301.71,106.4685,2023-11-24,2023-11-27,336.18,rollback
RANKVOL_BENCH_N10,CMG,2023-06-22,41.38,750.2497,2023-11-27,2023-11-28,44.2,rollback
RANKVOL_BENCH_N10,ORCL,2023-07-17,118.85,270.819,2023-11-27,2023-11-28,116.0,rollback
RANKVOL_BENCH_N10,AMD,2023-08-01,114.26,287.4103,2023-11-27,2023-11-28,121.98,rollback
RANKVOL_BENCH_N10,DIS,2023-09-15,85.22,377.5085,2023-11-28,2023-11-29,92.6,rollback
RANKVOL_BENCH_N10,HPE,2023-11-30,16.84,1976.1553,2023-12-04,2023-12-05,16.43,rollback
RANKVOL_BENCH_N10,MRK,2023-10-26,103.1,288.4141,2023-12-07,2023-12-08,103.79,rollback
RANKVOL_BENCH_N10,NEE,2023-11-20,57.0,584.3373,2023-12-15,2023-12-18,61.6,rollback
RANKVOL_BENCH_N10,BMY,2023-12-06,50.32,667.5153,2023-12-15,2023-12-18,51.15,rollback
RANKVOL_BENCH_N10,GILD,2023-12-01,76.78,434.9754,2023-12-18,2023-12-19,79.58,rollback
RANKVOL_BENCH_N10,WBD,2023-12-04,11.24,2977.8611,2023-12-18,2023-12-19,11.94,rollback
RANKVOL_BENCH_N10,KR,2023-12-01,44.51,750.3724,2023-12-19,2023-12-20,44.88,rollback
RANKVOL_BENCH_N10,CMCSA,2023-09-19,45.57,696.6709,2023-12-20,2023-12-21,44.22,rollback
RANKVOL_BENCH_N10,AMD,2023-12-08,129.54,262.5631,2023-12-20,2023-12-21,138.14,rollback
RANKVOL_BENCH_N10,GOOGL,2023-12-19,136.84,257.358,2023-12-27,2023-12-28,140.78,rollback
RANKVOL_BENCH_N10,GOOG,2023-12-19,138.0,255.1692,2023-12-27,2023-12-28,141.85,rollback
RANKVOL_BENCH_N10,WMT,2023-12-19,51.6133,682.2875,2023-12-28,2023-12-29,52.51,rollback
RANKVOL_BENCH_N10,OXY,2023-12-19,59.12,595.5953,2023-12-28,2023-12-29,60.0,rollback
RANKVOL_BENCH_N10,WBA,2023-12-05,20.73,1623.8825,2024-01-03,2024-01-04,24.19,rollback
RANKVOL_BENCH_N10,PFE,2023-12-01,28.97,1152.9426,2024-01-04,2024-01-05,29.02,rollback
RANKVOL_BENCH_N10,CVS,2023-11-20,68.4,486.9234,2024-01-08,2024-01-09,80.55,rollback
RANKVOL_BENCH_N10,T,2023-12-20,16.57,2105.9714,2024-01-08,2024-01-09,16.97,rollback
RANKVOL_BENCH_N10,NI,2023-12-29,26.41,1364.7652,2024-01-09,2024-01-10,27.13,rollback
RANKVOL_BENCH_N10,VZ,2024-01-03,39.53,891.2832,2024-01-09,2024-01-10,39.08,rollback
RANKVOL_BENCH_N10,TSCO,2024-01-05,42.742,838.2187,2024-01-09,2024-01-10,44.146,rollback
RANKVOL_BENCH_N10,PYPL,2024-01-09,60.28,593.6757,2024-01-22,2024-01-23,64.525,rollback
RANKVOL_BENCH_N10,PG,2024-01-02,146.36,246.1488,2024-01-24,2024-01-25,152.4,rollback
RANKVOL_BENCH_N10,AAL,2024-01-09,14.51,2466.4753,2024-01-30,2024-01-31,14.49,rollback
RANKVOL_BENCH_N10,AMZN,2024-01-10,152.06,234.6453,2024-01-30,2024-01-31,157.0,rollback
RANKVOL_BENCH_N10,PANW,2024-01-10,152.6,233.8033,2024-01-31,2024-02-01,169.5,rollback
RANKVOL_BENCH_N10,NOW,2024-01-10,141.5,252.1315,2024-01-31,2024-02-01,153.818,rollback
RANKVOL_BENCH_N10,T,2024-01-23,17.04,2115.5356,2024-02-06,2024-02-07,17.6,rollback
RANKVOL_BENCH_N10,F,2024-01-31,11.76,3103.0852,2024-02-14,2024-02-15,12.35,rollback
RANKVOL_BENCH_N10,MRO,2023-12-22,24.89,1444.5869,2024-02-28,2024-02-29,24.23,rollback
RANKVOL_BENCH_N10,AMD,2024-02-15,179.14,197.1803,2024-03-11,2024-03-12,200.52,rollback
RANKVOL_BENCH_N10,DVN,2024-01-31,43.18,845.0778,2024-03-12,2024-03-13,47.02,rollback
RANKVOL_BENCH_N10,PARA,2024-02-01,14.9,2435.6088,2024-03-21,2024-03-22,11.84,rollback
RANKVOL_BENCH_N10,DAL,2024-01-09,41.4,864.3715,2024-03-22,2024-03-25,45.48,rollback
RANKVOL_BENCH_N10,TFC,2024-01-25,38.0,957.4339,2024-04-01,2024-04-02,38.12,rollback
RANKVOL_BENCH_N10,BMY,2024-03-26,52.39,691.253,2024-04-01,2024-04-02,53.1,rollback
RANKVOL_BENCH_N10,KDP,2023-12-22,32.465,956.5516,2024-04-04,2024-04-05,30.7,rollback
RANKVOL_BENCH_N10,AMZN,2024-03-13,175.9,202.6417,2024-04-10,2024-04-11,186.74,rollback
RANKVOL_BENCH_N10,MO,2024-02-02,41.49,871.7345,2024-05-06,2024-05-07,43.6,rollback
RANKVOL_BENCH_N10,KO,2024-03-12,60.32,594.8452,2024-05-14,2024-05-15,63.06,rollback
RANKVOL_BENCH_N10,NFLX,2024-05-07,59.628,592.8382,2024-05-14,2024-05-15,61.857,rollback
RANKVOL_BENCH_N10,MSFT,2024-04-08,425.17,83.771,2024-05-17,2024-05-20,420.21,rollback
RANKVOL_BENCH_N10,AVGO,2024-03-22,135.0,268.4535,2024-05-21,2024-05-22,139.601,rollback
RANKVOL_BENCH_N10,AAPL,2024-02-07,190.64,189.2447,2024-05-23,2024-05-24,188.82,rollback
RANKVOL_BENCH_N10,VZ,2024-05-31,40.14,883.9418,2024-06-05,2024-06-06,41.31,rollback
RANKVOL_BENCH_N10,SBUX,2024-04-02,91.11,397.0069,2024-06-07,2024-06-10,81.49,rollback
RANKVOL_BENCH_N10,NCLH,2024-05-22,16.93,2130.3601,2024-06-07,2024-06-10,17.67,rollback
RANKVOL_BENCH_N10,WMT,2024-04-11,60.75,583.2019,2024-06-12,2024-06-13,66.3,rollback
RANKVOL_BENCH_N10,AVGO,2024-06-06,142.187,255.9119,2024-06-25,2024-06-26,159.762,rollback
RANKVOL_BENCH_N10,F,2024-05-15,12.49,2880.2729,2024-07-05,2024-07-08,12.97,rollback
RANKVOL_BENCH_N10,BKR,2024-05-15,32.6,1103.4605,2024-07-05,2024-07-08,34.14,rollback
RANKVOL_BENCH_N10,CRM,2024-06-26,241.47,150.1793,2024-07-08,2024-07-09,256.09,rollback
RANKVOL_BENCH_N10,VTRS,2024-04-04,12.16,2984.5974,2024-07-15,2024-07-16,11.0,rollback
RANKVOL_BENCH_N10,MDT,2024-06-10,83.72,433.4738,2024-07-18,2024-07-19,81.58,rollback
RANKVOL_BENCH_N10,XOM,2024-05-20,119.73,302.7298,2024-07-19,2024-07-22,115.18,rollback
RANKVOL_BENCH_N10,TSLA,2024-06-13,188.39,194.8469,2024-07-19,2024-07-22,244.21,rollback
RANKVOL_BENCH_N10,PCAR,2024-07-16,104.92,367.5445,2024-07-19,2024-07-22,108.4,rollback
RANKVOL_BENCH_N10,PFE,2024-07-11,28.78,1336.6895,2024-07-23,2024-07-24,29.51,rollback
RANKVOL_BENCH_N10,MTCH,2024-07-10,31.16,1226.2312,2024-07-24,2024-07-25,33.06,rollback
RANKVOL_BENCH_N10,WBD,2024-01-03,11.48,3183.1992,2024-07-25,2024-07-26,8.1,rollback
RANKVOL_BENCH_N10,PYPL,2024-07-23,60.72,645.9472,2024-08-02,2024-08-05,60.7,rollback
RANKVOL_BENCH_N10,NEE,2024-07-11,73.5,523.3742,2024-08-05,2024-08-06,76.85,rollback
RANKVOL_BENCH_N10,PG,2024-08-05,170.88,225.0376,2024-08-09,2024-08-12,169.4,rollback
RANKVOL_BENCH_N10,MMM,2024-06-10,100.43,361.3324,2024-08-16,2024-08-19,127.08,rollback
RANKVOL_BENCH_N10,CNC,2024-07-26,69.45,559.1815,2024-08-20,2024-08-21,78.46,rollback
RANKVOL_BENCH_N10,WBD,2024-08-21,7.8,5208.0702,2024-08-27,2024-08-28,8.12,rollback
RANKVOL_BENCH_N10,NFLX,2024-08-12,63.1,611.684,2024-08-28,2024-08-29,69.0,rollback
RANKVOL_BENCH_N10,SBUX,2024-07-22,78.33,504.19,2024-09-03,2024-09-04,93.37,rollback
RANKVOL_BENCH_N10,PEP,2024-09-04,177.9,225.8338,2024-09-06,2024-09-09,177.05,rollback
RANKVOL_BENCH_N10,PFE,2024-09-10,29.42,1374.7746,2024-09-17,2024-09-18,30.0,rollback
RANKVOL_BENCH_N10,MNST,2024-07-29,51.0,780.7976,2024-09-20,2024-09-23,51.19,rollback
RANKVOL_BENCH_N10,TSLA,2024-08-19,217.07,186.6417,2024-09-20,2024-09-23,242.61,rollback
RANKVOL_BENCH_N10,T,2024-08-07,19.2,2009.772,2024-09-23,2024-09-24,21.38,rollback
RANKVOL_BENCH_N10,CRM,2024-07-26,258.17,150.4323,2024-10-01,2024-10-02,273.72,rollback
RANKVOL_BENCH_N10,MU,2024-09-24,94.73,440.152,2024-10-01,2024-10-02,100.59,rollback
RANKVOL_BENCH_N10,BMY,2024-09-23,49.56,833.812,2024-10-08,2024-10-09,52.25,rollback
RANKVOL_BENCH_N10,XOM,2024-08-30,116.79,349.0214,2024-10-15,2024-10-16,120.89,rollback
RANKVOL_BENCH_N10,KEY,2024-10-07,16.69,2512.9884,2024-10-17,2024-10-18,17.16,rollback
RANKVOL_BENCH_N10,BAC,2024-10-07,40.21,1043.1205,2024-10-21,2024-10-22,41.65,rollback
RANKVOL_BENCH_N10,NFLX,2024-10-09,71.925,575.2723,2024-10-23,2024-10-24,75.197,rollback
RANKVOL_BENCH_N10,KVUE,2024-10-22,22.55,1865.0681,2024-11-12,2024-11-13,23.45,rollback
RANKVOL_BENCH_N10,AMZN,2024-10-18,187.15,226.6254,2024-11-15,2024-11-18,204.15,rollback
RANKVOL_BENCH_N10,BKR,2024-10-24,37.1,1131.9716,2024-11-25,2024-11-26,43.75,rollback
RANKVOL_BENCH_N10,VTRS,2024-08-29,11.91,3436.9342,2024-11-26,2024-11-27,13.08,rollback
RANKVOL_BENCH_N10,VZ,2024-11-18,41.67,1000.2518,2024-12-04,2024-12-05,42.59,rollback
RANKVOL_BENCH_N10,BA,2024-02-29,206.44,170.1807,2024-12-05,2024-12-06,157.03,rollback
RANKVOL_BENCH_N10,MRK,2024-07-30,123.48,324.5442,2024-12-10,2024-12-11,100.7,rollback
RANKVOL_BENCH_N10,META,2024-11-27,574.89,74.4022,2024-12-17,2024-12-18,621.0,rollback
RANKVOL_BENCH_N10,MSFT,2024-11-13,421.64,100.6865,2024-12-18,2024-12-19,441.62,rollback
RANKVOL_BENCH_N10,PFE,2024-10-16,29.5,1430.7758,2024-12-26,2024-12-27,26.43,rollback
RANKVOL_BENCH_N10,NVDA,2024-12-05,145.11,294.7764,2025-01-07,2025-01-08,142.58,rollback
RANKVOL_BENCH_N10,OXY,2024-12-27,48.2,859.796,2025-01-21,2025-01-22,50.4,rollback
RANKVOL_BENCH_N10,NEM,2024-12-12,41.62,1024.7697,2025-01-22,2025-01-23,41.51,rollback
RANKVOL_BENCH_N10,WBA,2025-01-08,9.5,4327.1903,2025-01-27,2025-01-28,11.27,rollback
RANKVOL_BENCH_N10,KO,2024-12-18,62.81,668.0684,2025-01-28,2025-01-29,62.56,rollback
RANKVOL_BENCH_N10,PLTR,2025-01-23,76.04,562.4427,2025-01-29,2025-01-30,80.02,rollback
RANKVOL_BENCH_N10,NKE,2024-09-23,85.4,483.9085,2025-01-31,2025-02-03,74.9,rollback
RANKVOL_BENCH_N10,CCL,2024-12-23,26.52,1563.8187,2025-02-03,2025-02-04,27.18,rollback
RANKVOL_BENCH_N10,GILD,2024-12-06,93.5,456.4732,2025-02-07,2025-02-10,96.04,rollback
RANKVOL_BENCH_N10,SMCI,2025-01-22,33.98,1265.1557,2025-02-11,2025-02-12,42.3,rollback
RANKVOL_BENCH_N10,MO,2025-02-03,52.0,808.6474,2025-02-11,2025-02-12,53.51,rollback
RANKVOL_BENCH_N10,FCX,2025-02-10,38.88,1108.4557,2025-02-14,2025-02-18,39.48,rollback
RANKVOL_BENCH_N10,MU,2025-02-18,102.635,437.8803,2025-02-19,2025-02-20,103.98,rollback
RANKVOL_BENCH_N10,INTC,2025-02-12,21.98,1979.3744,2025-02-24,2025-02-25,24.21,rollback
RANKVOL_BENCH_N10,AAPL,2025-01-29,234.12,183.3906,2025-02-25,2025-02-26,244.33,rollback
RANKVOL_BENCH_N10,WBA,2025-02-25,10.91,4195.4238,2025-02-26,2025-02-27,11.7,rollback
RANKVOL_BENCH_N10,MCHP,2024-07-23,91.77,427.3723,2025-02-27,2025-02-28,57.16,rollback
RANKVOL_BENCH_N10,PARA,2024-11-26,11.11,3888.6102,2025-03-10,2025-03-11,11.96,rollback
RANKVOL_BENCH_N10,NEE,2025-01-30,71.99,602.3784,2025-03-12,2025-03-13,73.2,rollback
RANKVOL_BENCH_N10,MRK,2025-02-28,90.705,499.8463,2025-03-12,2025-03-13,93.4,rollback
RANKVOL_BENCH_N10,GM,2025-03-11,48.0,968.8181,2025-03-26,2025-03-27,46.99,rollback
RANKVOL_BENCH_N10,MU,2025-03-13,94.25,480.0601,2025-05-05,2025-05-06,79.04,rollback
RANKVOL_BENCH_N10,PFE,2025-01-28,26.78,1595.7602,2025-05-06,2025-05-07,22.99,rollback
RANKVOL_BENCH_N10,DIS,2025-02-20,111.24,411.7457,2025-05-06,2025-05-07,102.42,rollback
RANKVOL_BENCH_N10,F,2024-09-18,10.93,3774.5089,2025-05-07,2025-05-08,10.34,rollback
RANKVOL_BENCH_N10,UPS,2025-05-09,97.2,439.7638,2025-05-13,2025-05-14,99.85,rollback
RANKVOL_BENCH_N10,LUV,2025-02-27,30.87,1473.1697,2025-05-21,2025-05-22,31.67,rollback
RANKVOL_BENCH_N10,FSLR,2025-05-09,134.115,318.7034,2025-05-21,2025-05-22,159.95,rollback
RANKVOL_BENCH_N10,FCX,2025-05-27,39.14,1104.1163,2025-06-10,2025-06-11,41.385,rollback
RANKVOL_BENCH_N10,FAST,2025-05-15,40.265,1102.7989,2025-06-11,2025-06-12,42.495,rollback
RANKVOL_BENCH_N10,SLB,2025-02-12,41.53,1047.5433,2025-06-16,2025-06-17,36.22,rollback
RANKVOL_BENCH_N10,PFE,2025-05-27,23.55,1835.1283,2025-06-16,2025-06-17,24.27,rollback
RANKVOL_BENCH_N10,NEM,2025-05-12,51.02,860.5299,2025-06-20,2025-06-23,58.36,rollback
RANKVOL_BENCH_N10,XOM,2025-02-05,109.74,390.9017,2025-06-24,2025-06-25,108.11,rollback
RANKVOL_BENCH_N10,CMG,2025-06-17,52.25,857.0079,2025-06-26,2025-06-27,54.195,rollback
RANKVOL_BENCH_N10,KMI,2025-06-23,28.22,1592.3289,2025-07-01,2025-07-02,28.33,rollback
RANKVOL_BENCH_N10,DOC,2025-02-26,20.22,2257.3233,2025-07-07,2025-07-08,17.935,rollback
RANKVOL_BENCH_N10,AAPL,2025-05-13,210.43,212.3398,2025-07-07,2025-07-08,210.1,rollback
RANKVOL_BENCH_N10,GM,2025-06-12,49.46,898.8557,2025-07-07,2025-07-08,52.16,rollback
RANKVOL_BENCH_N10,F,2025-06-11,10.64,4205.6953,2025-07-11,2025-07-14,11.76,rollback
RANKVOL_BENCH_N10,DOW,2025-07-09,29.365,1609.949,2025-07-11,2025-07-14,29.25,rollback
RANKVOL_BENCH_N10,NKE,2025-06-27,69.79,660.1447,2025-07-14,2025-07-15,72.26,rollback
RANKVOL_BENCH_N10,HAL,2025-07-09,22.07,2185.8951,2025-07-14,2025-07-15,22.05,rollback
RANKVOL_BENCH_N10,AES,2025-07-02,10.85,4315.9495,2025-07-28,2025-07-29,13.49,rollback
RANKVOL_BENCH_N10,KVUE,2025-07-14,22.58,2123.0091,2025-07-28,2025-07-29,22.38,rollback
RANKVOL_BENCH_N10,META,2025-07-29,720.0,67.713,2025-08-01,2025-08-04,760.0,rollback
RANKVOL_BENCH_N10,CSCO,2025-08-05,68.69,704.691,2025-08-11,2025-08-12,70.785,rollback
RANKVOL_BENCH_N10,PLTR,2025-07-08,138.775,339.8566,2025-08-14,2025-08-15,179.725,rollback
RANKVOL_BENCH_N10,VZ,2025-03-27,44.48,1044.3918,2025-08-22,2025-08-25,44.44,rollback
RANKVOL_BENCH_N10,UBER,2025-08-12,91.19,520.0732,2025-08-25,2025-08-26,94.88,rollback
RANKVOL_BENCH_N10,CMCSA,2025-07-15,35.62,1352.3885,2025-08-26,2025-08-27,33.59,rollback
RANKVOL_BENCH_N10,INTC,2025-03-14,23.675,1927.8648,2025-08-29,2025-09-02,23.88,rollback
RANKVOL_BENCH_N10,XOM,2025-07-29,111.9,435.7086,2025-09-03,2025-09-04,112.105,rollback
RANKVOL_BENCH_N10,AVGO,2025-09-04,305.06,157.9918,2025-09-17,2025-09-18,350.0,rollback
RANKVOL_BENCH_N10,TSLA,2025-08-25,338.9,144.9732,2025-09-25,2025-09-26,428.3,rollback
RANKVOL_BENCH_N10,IBKR,2025-09-03,63.95,757.2361,2025-09-30,2025-10-01,67.86,rollback
RANKVOL_BENCH_N10,WBD,2025-08-28,12.19,4048.0072,2025-10-02,2025-10-03,19.378,rollback
RANKVOL_BENCH_N10,CMG,2025-10-03,40.27,1344.7694,2025-10-06,2025-10-07,41.5,rollback
RANKVOL_BENCH_N10,EQT,2025-07-15,58.3,822.9739,2025-10-09,2025-10-10,54.7,rollback
RANKVOL_BENCH_N10,PYPL,2025-09-18,70.08,755.3064,2025-10-10,2025-10-13,70.72,rollback
RANKVOL_BENCH_N10,KO,2025-10-13,66.23,808.7738,2025-10-20,2025-10-21,70.565,rollback
RANKVOL_BENCH_N10,CRM,2025-06-25,272.0,167.0585,2025-10-23,2025-10-24,257.42,rollback
RANKVOL_BENCH_N10,AAPL,2025-10-21,261.88,210.4649,2025-10-31,2025-11-03,270.42,rollback
RANKVOL_BENCH_N10,BMY,2025-07-15,47.15,1021.6261,2025-11-03,2025-11-04,45.49,rollback
RANKVOL_BENCH_N10,PLTR,2025-10-24,182.88,297.2653,2025-11-04,2025-11-05,189.0,rollback
RANKVOL_BENCH_N10,AMZN,2025-08-15,232.58,208.6723,2025-11-12,2025-11-13,243.05,rollback
RANKVOL_BENCH_N10,GOOGL,2025-10-07,248.27,222.8466,2025-11-13,2025-11-14,271.405,rollback
RANKVOL_BENCH_N10,CTRA,2025-08-27,23.95,2047.5326,2025-11-17,2025-11-18,25.74,rollback
RANKVOL_BENCH_N10,VZ,2025-10-01,43.915,1220.6572,2025-11-17,2025-11-18,41.03,rollback
RANKVOL_BENCH_N10,KHC,2025-11-19,24.915,2128.9797,2025-12-01,2025-12-02,25.38,rollback
RANKVOL_BENCH_N10,SCHW,2025-09-26,95.13,558.2382,2025-12-12,2025-12-15,96.73,rollback
RANKVOL_BENCH_N10,KDP,2025-11-19,27.29,1943.6013,2025-12-15,2025-12-16,29.34,rollback
RANKVOL_BENCH_N10,SLB,2025-12-02,36.31,1503.708,2025-12-15,2025-12-16,38.6,rollback
RANKVOL_BENCH_N10,DAL,2025-10-10,59.93,920.1742,2025-12-17,2025-12-18,70.82,rollback
RANKVOL_BENCH_N10,MRK,2025-12-19,100.6,541.1042,2025-12-30,2025-12-31,105.935,rollback
RANKVOL_BENCH_N10,SMCI,2025-06-17,43.24,1035.636,2025-12-31,,29.27,open
RANKVOL_BENCH_N10,HOOD,2025-11-03,148.79,382.8514,2025-12-31,,113.1,open
RANKVOL_BENCH_N10,CNC,2025-11-05,35.815,1543.1331,2025-12-31,,41.15,open
RANKVOL_BENCH_N10,PCG,2025-11-06,16.45,3379.0475,2025-12-31,,16.07,open
RANKVOL_BENCH_N10,T,2025-11-13,25.65,2144.1524,2025-12-31,,24.84,open
RANKVOL_BENCH_N10,NKE,2025-11-14,64.935,824.8861,2025-12-31,,63.71,open
RANKVOL_BENCH_N10,VICI,2025-12-16,28.61,1939.1476,2025-12-31,,28.12,open
RANKVOL_BENCH_N10,VZ,2025-12-18,40.78,1354.9024,2025-12-31,,40.73,open
RANKVOL_BENCH_N10,PG,2025-12-18,146.62,376.8255,2025-12-31,,143.31,open
RANKVOL_BENCH_N10,OXY,2025-12-31,41.46,1334.9238,2025-12-31,,41.12,open
LEAN_TIEBREAK,AVGO,2016-02-01,13.334,749.5877,2016-02-02,2016-02-03,13.725,rollback
LEAN_TIEBREAK,HAL,2016-02-01,31.29,319.3354,2016-02-05,2016-02-08,30.74,rollback
LEAN_TIEBREAK,DOW,2016-02-03,45.73,214.2506,2016-02-11,2016-02-12,45.28,rollback
LEAN_TIEBREAK,CVX,2016-02-09,85.08,108.9885,2016-02-18,2016-02-19,86.33,rollback
LEAN_TIEBREAK,FOXA,2016-02-01,26.84,372.2432,2016-02-23,2016-02-24,26.71,rollback
LEAN_TIEBREAK,XRX,2016-02-01,16.996,587.8152,2016-02-23,2016-02-24,16.513,rollback
LEAN_TIEBREAK,MDLZ,2016-02-01,42.82,233.3374,2016-02-26,2016-02-29,40.54,rollback
LEAN_TIEBREAK,JNPR,2016-02-19,24.0,407.0166,2016-02-26,2016-02-29,24.59,rollback
LEAN_TIEBREAK,KLAC,2016-02-01,6.64,1505.0458,2016-03-02,2016-03-03,6.836,rollback
LEAN_TIEBREAK,LRCX,2016-02-01,7.12,1403.7223,2016-03-08,2016-03-09,7.355,rollback
LEAN_TIEBREAK,JPM,2016-02-01,59.16,168.9318,2016-03-08,2016-03-09,59.15,rollback
LEAN_TIEBREAK,TAP,2016-02-01,90.5,110.4199,2016-03-08,2016-03-09,88.6,rollback
LEAN_TIEBREAK,AMAT,2016-02-01,17.45,572.6364,2016-03-08,2016-03-09,19.01,rollback
LEAN_TIEBREAK,BAC,2016-02-29,12.7,788.5809,2016-03-08,2016-03-09,13.17,rollback
LEAN_TIEBREAK,AIG,2016-03-14,52.59,195.6704,2016-03-21,2016-03-22,53.55,rollback
LEAN_TIEBREAK,GILD,2016-02-16,90.72,104.7284,2016-03-23,2016-03-24,89.61,rollback
LEAN_TIEBREAK,WY,2016-02-24,24.0,405.8842,2016-04-04,2016-04-05,30.87,rollback
LEAN_TIEBREAK,ATVI,2016-02-25,31.98,311.365,2016-04-05,2016-04-06,33.89,rollback
LEAN_TIEBREAK,V,2016-03-17,72.28,143.0051,2016-04-22,2016-04-25,78.69,rollback
LEAN_TIEBREAK,GME,2016-03-30,7.8925,1191.9597,2016-04-22,2016-04-25,8.17,index_drop
LEAN_TIEBREAK,MRO,2016-04-07,10.88,975.603,2016-04-25,2016-04-26,14.09,rollback
LEAN_TIEBREAK,PFE,2016-03-14,30.27,339.9847,2016-04-26,2016-04-27,32.98,rollback
LEAN_TIEBREAK,HAL,2016-04-07,35.97,295.0801,2016-05-03,2016-05-04,40.13,rollback
LEAN_TIEBREAK,WMT,2016-03-22,22.6667,460.3875,2016-05-23,2016-05-24,23.2167,rollback
LEAN_TIEBREAK,WFM,2016-05-06,29.95,354.802,2016-05-27,2016-05-31,31.96,rollback
LEAN_TIEBREAK,KR,2016-03-14,38.43,267.781,2016-06-02,2016-06-03,36.2,rollback
LEAN_TIEBREAK,MU,2016-04-27,11.34,963.9411,2016-06-09,2016-06-10,12.32,rollback
LEAN_TIEBREAK,FE,2016-04-28,32.67,335.2745,2016-06-10,2016-06-13,33.68,rollback
LEAN_TIEBREAK,T,2016-05-31,39.03,285.0458,2016-07-07,2016-07-08,42.13,rollback
LEAN_TIEBREAK,ATVI,2016-06-15,38.46,284.3381,2016-07-07,2016-07-08,40.64,rollback
LEAN_TIEBREAK,HST,2016-06-03,15.72,709.1639,2016-07-13,2016-07-14,16.58,rollback
LEAN_TIEBREAK,DAL,2016-03-17,48.58,212.4416,2016-07-21,2016-07-22,39.07,rollback
LEAN_TIEBREAK,GOOG,2016-02-29,35.016,285.9972,2016-07-26,2016-07-27,36.914,rollback
LEAN_TIEBREAK,EBAY,2016-04-28,25.09,436.6087,2016-08-09,2016-08-10,31.11,rollback
LEAN_TIEBREAK,AAPL,2016-07-08,24.1225,459.1314,2016-08-11,2016-08-12,26.945,rollback
LEAN_TIEBREAK,AABA,2016-06-10,36.97,298.6767,2016-08-23,2016-08-24,42.5,rollback
LEAN_TIEBREAK,WFC,2016-08-12,48.05,245.1974,2016-09-06,2016-09-07,49.79,rollback
LEAN_TIEBREAK,NEE,2016-07-22,32.0025,360.1073,2016-09-26,2016-09-27,31.7725,rollback
LEAN_TIEBREAK,PG,2016-03-03,82.54,124.5109,2016-10-03,2016-10-04,88.29,rollback
LEAN_TIEBREAK,FAST,2016-04-28,11.7725,930.4707,2016-10-07,2016-10-10,10.6175,rollback
LEAN_TIEBREAK,KLAC,2016-10-04,7.036,1688.5191,2016-10-11,2016-10-12,7.23,rollback
LEAN_TIEBREAK,KR,2016-10-12,30.24,389.9382,2016-10-13,2016-10-14,31.17,rollback
LEAN_TIEBREAK,FOXA,2016-07-14,28.18,403.5865,2016-10-24,2016-10-25,25.59,rollback
LEAN_TIEBREAK,GOOGL,2016-09-07,40.3965,293.1412,2016-10-25,2016-10-26,41.356,rollback
LEAN_TIEBREAK,SBUX,2016-08-24,57.0,207.2234,2016-11-09,2016-11-10,54.64,rollback
LEAN_TIEBREAK,WMT,2016-08-10,24.5233,476.8963,2016-11-14,2016-11-15,23.5967,rollback
LEAN_TIEBREAK,CMG,2016-09-27,8.39,1389.5051,2016-11-15,2016-11-16,7.98,rollback
LEAN_TIEBREAK,FCX,2016-10-26,10.45,1114.0402,2016-11-17,2016-11-18,13.79,rollback
LEAN_TIEBREAK,BMY,2016-10-10,50.79,234.582,2016-11-22,2016-11-23,56.05,rollback
LEAN_TIEBREAK,C,2016-05-24,45.45,237.4858,2016-11-28,2016-11-29,55.5,rollback
LEAN_TIEBREAK,ORLY,2016-10-14,18.6733,629.6699,2016-11-30,2016-12-01,18.2413,rollback
LEAN_TIEBREAK,CMCSA,2016-11-10,31.765,385.4659,2016-12-02,2016-12-05,34.51,rollback
LEAN_TIEBREAK,CVS,2016-12-01,76.62,161.6375,2016-12-08,2016-12-09,78.88,rollback
LEAN_TIEBREAK,AVGO,2016-12-09,18.095,694.455,2016-12-12,2016-12-13,17.874,rollback
LEAN_TIEBREAK,KO,2016-11-29,41.52,297.0225,2016-12-13,2016-12-14,41.89,rollback
LEAN_TIEBREAK,XOM,2016-11-16,86.74,135.7702,2016-12-19,2016-12-20,90.51,rollback
LEAN_TIEBREAK,PFE,2016-12-13,32.81,383.803,2016-12-21,2016-12-22,32.29,rollback
LEAN_TIEBREAK,BSX,2016-07-29,24.33,476.3341,2016-12-28,2016-12-29,21.65,rollback
LEAN_TIEBREAK,NKE,2016-11-18,51.39,242.2441,2017-01-09,2017-01-10,53.55,rollback
LEAN_TIEBREAK,AMZN,2016-10-25,41.965,280.3,2017-01-17,2017-01-18,40.475,rollback
LEAN_TIEBREAK,NFLX,2016-12-05,12.073,1017.6003,2017-01-20,2017-01-23,13.865,rollback
LEAN_TIEBREAK,FB,2016-12-14,120.0,105.337,2017-01-31,2017-02-01,132.25,rollback
LEAN_TIEBREAK,LRCX,2016-12-20,10.819,1155.8498,2017-01-31,2017-02-01,11.591,rollback
LEAN_TIEBREAK,PG,2017-01-18,84.8,149.7101,2017-02-06,2017-02-07,87.64,rollback
LEAN_TIEBREAK,KLAC,2016-12-22,7.898,1585.6418,2017-02-09,2017-02-10,8.696,rollback
LEAN_TIEBREAK,HPQ,2016-07-08,13.05,848.647,2017-02-15,2017-02-16,15.99,rollback
LEAN_TIEBREAK,COG,2017-01-03,22.98,539.0127,2017-02-16,2017-02-17,23.01,rollback
LEAN_TIEBREAK,HBAN,2017-01-10,13.35,948.5339,2017-02-16,2017-02-17,14.02,rollback
LEAN_TIEBREAK,BAC,2017-02-10,23.19,559.1533,2017-02-23,2017-02-24,24.12,rollback
LEAN_TIEBREAK,EXC,2017-02-01,35.66,361.1349,2017-02-27,2017-02-28,36.47,rollback
LEAN_TIEBREAK,ABBV,2017-02-16,61.67,214.1822,2017-03-21,2017-03-22,65.38,rollback
LEAN_TIEBREAK,LRCX,2017-02-22,11.763,1119.3054,2017-03-21,2017-03-22,12.408,rollback
LEAN_TIEBREAK,INTC,2017-01-23,37.07,344.8228,2017-04-28,2017-05-01,36.11,rollback
LEAN_TIEBREAK,EW,2017-02-02,30.72,414.7387,2017-05-11,2017-05-12,36.6967,rollback
LEAN_TIEBREAK,QCOM,2016-11-23,68.33,182.6973,2017-05-25,2017-05-26,57.66,rollback
LEAN_TIEBREAK,F,2017-02-28,12.63,1042.6996,2017-06-02,2017-06-05,11.36,rollback
LEAN_TIEBREAK,PHM,2017-05-12,23.0,560.2479,2017-06-05,2017-06-06,23.21,rollback
LEAN_TIEBREAK,NEE,2017-03-22,33.0025,392.7926,2017-06-08,2017-06-09,35.275,rollback
LEAN_TIEBREAK,AMD,2017-05-02,11.73,1103.2197,2017-06-09,2017-06-12,11.75,rollback
LEAN_TIEBREAK,BAC,2017-06-12,23.82,537.6331,2017-06-30,2017-07-03,24.46,rollback
LEAN_TIEBREAK,WMB,2017-02-07,28.93,448.4152,2017-07-05,2017-07-06,30.5,rollback
LEAN_TIEBREAK,RF,2017-06-09,14.14,908.5631,2017-07-05,2017-07-06,14.84,rollback
LEAN_TIEBREAK,GILD,2017-06-06,65.19,195.6905,2017-07-06,2017-07-07,69.69,rollback
LEAN_TIEBREAK,PYPL,2017-07-06,54.22,236.5214,2017-07-11,2017-07-12,56.6,rollback
LEAN_TIEBREAK,RIG,2017-02-24,13.99,939.429,2017-07-20,2017-07-21,8.74,rollback
LEAN_TIEBREAK,HPE,2017-07-06,16.85,761.1177,2017-07-24,2017-07-25,17.84,rollback
LEAN_TIEBREAK,AVGO,2017-07-10,24.051,526.1525,2017-07-27,2017-07-28,24.892,rollback
LEAN_TIEBREAK,KMI,2016-11-15,21.5,574.382,2017-08-01,2017-08-02,20.2,rollback
LEAN_TIEBREAK,NEM,2017-03-22,34.23,378.688,2017-08-04,2017-08-07,36.15,rollback
LEAN_TIEBREAK,T,2017-02-21,41.37,318.1595,2017-08-08,2017-08-09,38.2,rollback
LEAN_TIEBREAK,TJX,2017-07-03,36.325,351.9913,2017-08-09,2017-08-10,35.345,rollback
LEAN_TIEBREAK,HBI,2017-08-03,23.76,558.7451,2017-08-09,2017-08-10,24.11,rollback
LEAN_TIEBREAK,INTC,2017-05-26,36.26,351.4383,2017-08-10,2017-08-11,36.26,rollback
LEAN_TIEBREAK,VZ,2017-07-21,44.23,295.7539,2017-08-15,2017-08-16,48.37,rollback
LEAN_TIEBREAK,LRCX,2017-08-16,16.145,820.5671,2017-08-23,2017-08-24,16.221,rollback
LEAN_TIEBREAK,MU,2017-07-12,31.77,406.1635,2017-08-24,2017-08-25,30.3,rollback
LEAN_TIEBREAK,MSFT,2017-08-15,73.59,179.8648,2017-09-01,2017-09-05,73.34,rollback
LEAN_TIEBREAK,SPLS,2017-08-15,10.2,1297.5423,2017-09-12,2017-09-12,10.25,delisted
LEAN_TIEBREAK,FAST,2017-06-05,11.0675,1150.5157,2017-09-19,2017-09-20,11.1075,rollback
LEAN_TIEBREAK,BAC,2017-07-26,24.67,533.2719,2017-09-25,2017-09-26,24.83,rollback
LEAN_TIEBREAK,GPS,2017-08-25,23.39,562.536,2017-10-03,2017-10-04,29.04,rollback
LEAN_TIEBREAK,HPE,2017-09-26,14.74,928.5947,2017-10-03,2017-10-04,14.7,rollback
LEAN_TIEBREAK,HPQ,2017-08-25,19.54,673.4071,2017-10-09,2017-10-10,20.6165,rollback
LEAN_TIEBREAK,WFC,2017-09-13,51.39,260.7298,2017-10-09,2017-10-10,55.37,rollback
LEAN_TIEBREAK,AAPL,2017-10-10,39.0138,356.8172,2017-10-19,2017-10-20,39.1525,rollback
LEAN_TIEBREAK,WMT,2017-10-10,27.56,505.0835,2017-10-30,2017-10-31,28.9533,rollback
LEAN_TIEBREAK,NRG,2017-09-20,24.67,552.0783,2017-11-09,2017-11-10,27.75,rollback
LEAN_TIEBREAK,SBUX,2017-07-28,55.23,240.5947,2017-11-13,2017-11-14,56.47,rollback
LEAN_TIEBREAK,AVGO,2017-08-08,25.198,529.8672,2017-11-13,2017-11-14,26.33,rollback
LEAN_TIEBREAK,NWL,2017-10-04,43.05,319.3285,2017-12-05,2017-12-06,31.7,rollback
LEAN_TIEBREAK,F,2017-11-01,12.4,1082.0819,2017-12-05,2017-12-06,12.4,rollback
LEAN_TIEBREAK,T,2017-11-14,34.19,382.3455,2017-12-06,2017-12-07,36.13,rollback
LEAN_TIEBREAK,CMCSA,2017-11-10,36.5,358.7215,2017-12-07,2017-12-08,38.5,rollback
LEAN_TIEBREAK,TJX,2017-11-14,33.8,386.7379,2017-12-08,2017-12-11,36.87,rollback
LEAN_TIEBREAK,CMG,2017-09-05,6.386,2071.7752,2017-12-14,2017-12-15,6.256,rollback
LEAN_TIEBREAK,VZ,2017-10-20,49.45,284.4574,2017-12-20,2017-12-21,52.81,rollback
LEAN_TIEBREAK,GOOGL,2017-12-08,52.5905,264.5003,2017-12-20,2017-12-21,53.7695,rollback
LEAN_TIEBREAK,GOOG,2017-12-08,51.8745,268.1376,2017-12-21,2017-12-22,53.0555,rollback
LEAN_TIEBREAK,MU,2017-12-21,45.55,317.2004,2018-01-08,2018-01-09,45.27,rollback
LEAN_TIEBREAK,AMD,2017-10-04,13.31,1032.8911,2018-01-09,2018-01-10,11.63,rollback
LEAN_TIEBREAK,FCX,2017-12-07,14.2,972.0091,2018-01-09,2018-01-10,19.07,rollback
LEAN_TIEBREAK,CSX,2017-08-15,16.9633,780.2487,2018-01-10,2018-01-11,19.54,rollback
LEAN_TIEBREAK,GLW,2017-12-11,32.4,430.2287,2018-01-10,2018-01-11,33.44,rollback
LEAN_TIEBREAK,AMAT,2017-12-21,53.18,271.6765,2018-01-10,2018-01-11,53.47,rollback
LEAN_TIEBREAK,TJX,2018-01-11,38.075,395.8019,2018-01-16,2018-01-17,38.36,rollback
LEAN_TIEBREAK,AES,2017-08-09,11.45,1157.8469,2018-01-24,2018-01-25,11.15,rollback
LEAN_TIEBREAK,COP,2017-12-06,51.07,272.5582,2018-01-25,2018-01-26,59.7,rollback
LEAN_TIEBREAK,PM,2018-01-18,105.46,146.8167,2018-01-25,2018-01-26,107.36,rollback
LEAN_TIEBREAK,C,2017-12-22,75.89,189.5109,2018-01-30,2018-01-31,78.78,rollback
LEAN_TIEBREAK,MGM,2018-01-10,33.44,449.2974,2018-01-31,2018-02-01,36.49,rollback
LEAN_TIEBREAK,T,2018-01-29,37.13,433.1723,2018-02-02,2018-02-05,37.81,rollback
LEAN_TIEBREAK,NEE,2018-01-26,38.715,411.1948,2018-02-05,2018-02-06,37.9575,rollback
LEAN_TIEBREAK,NFLX,2017-12-18,19.12,742.4113,2018-02-20,2018-02-21,28.207,rollback
LEAN_TIEBREAK,BA,2018-02-13,340.45,43.9681,2018-02-20,2018-02-21,352.56,rollback
LEAN_TIEBREAK,MU,2018-01-18,44.21,350.2389,2018-02-21,2018-02-22,44.78,rollback
LEAN_TIEBREAK,BMY,2018-01-11,61.99,243.0941,2018-02-22,2018-02-23,66.17,rollback
LEAN_TIEBREAK,GOOGL,2018-02-22,55.9585,279.361,2018-02-27,2018-02-28,56.1,rollback
LEAN_TIEBREAK,PFE,2018-01-17,36.82,414.2338,2018-02-28,2018-03-01,36.12,rollback
LEAN_TIEBREAK,KLAC,2018-02-21,11.081,1416.9367,2018-03-01,2018-03-02,11.005,rollback
LEAN_TIEBREAK,NEE,2018-03-02,38.3,409.0707,2018-03-06,2018-03-07,38.185,rollback
LEAN_TIEBREAK,PCG,2018-03-01,41.09,386.9798,2018-03-07,2018-03-08,41.14,rollback
LEAN_TIEBREAK,M,2018-01-11,25.47,591.7122,2018-03-08,2018-03-09,29.31,rollback
LEAN_TIEBREAK,KO,2018-03-09,44.57,359.858,2018-03-12,2018-03-13,44.67,rollback
LEAN_TIEBREAK,SCHW,2018-02-02,54.75,283.8201,2018-03-14,2018-03-15,56.32,rollback
LEAN_TIEBREAK,INTC,2018-02-21,46.67,336.4444,2018-03-15,2018-03-16,51.17,rollback
LEAN_TIEBREAK,EXC,2018-02-01,38.53,408.8779,2018-03-19,2018-03-20,38.29,rollback
LEAN_TIEBREAK,DHI,2018-03-13,44.6,364.1233,2018-04-06,2018-04-09,45.52,rollback
LEAN_TIEBREAK,MRK,2018-03-16,55.19,290.6463,2018-04-11,2018-04-12,56.6,rollback
LEAN_TIEBREAK,SO,2018-03-02,43.98,356.2215,2018-04-18,2018-04-19,45.35,rollback
LEAN_TIEBREAK,NFLX,2018-04-12,30.9719,508.3096,2018-04-23,2018-04-24,31.9217,rollback
LEAN_TIEBREAK,HST,2018-03-15,18.96,849.2618,2018-04-24,2018-04-25,19.27,rollback
LEAN_TIEBREAK,VZ,2018-03-09,49.2,326.0096,2018-04-26,2018-04-27,50.25,rollback
LEAN_TIEBREAK,KIM,2018-02-23,15.06,1037.7092,2018-04-30,2018-05-01,14.52,rollback
LEAN_TIEBREAK,ABBV,2018-04-27,97.44,165.7151,2018-04-30,2018-05-01,102.1,rollback
LEAN_TIEBREAK,CVX,2018-04-10,117.6,133.0573,2018-05-01,2018-05-02,124.2,rollback
LEAN_TIEBREAK,NVDA,2018-03-21,6.233,2541.4097,2018-05-15,2018-05-16,6.1,rollback
LEAN_TIEBREAK,ORLY,2018-03-07,16.6213,963.3597,2018-05-18,2018-05-21,18.2567,rollback
LEAN_TIEBREAK,WDC,2018-05-16,83.5,197.3388,2018-05-18,2018-05-21,86.63,rollback
LEAN_TIEBREAK,MU,2018-04-19,52.9,303.8872,2018-05-31,2018-06-01,58.81,rollback
LEAN_TIEBREAK,KO,2018-05-24,42.4,392.811,2018-05-31,2018-06-01,43.1,rollback
LEAN_TIEBREAK,F,2018-04-27,11.4,1416.4989,2018-06-11,2018-06-12,12.07,rollback
LEAN_TIEBREAK,HBAN,2018-06-04,15.22,1082.8285,2018-06-11,2018-06-12,15.67,rollback
LEAN_TIEBREAK,CMCSA,2018-04-24,34.09,463.3943,2018-06-18,2018-06-19,32.17,rollback
LEAN_TIEBREAK,CELG,2018-01-29,104.76,128.8449,2018-07-11,2018-07-12,83.88,rollback
LEAN_TIEBREAK,FOXA,2018-05-01,36.43,435.9778,2018-07-11,2018-07-12,47.97,rollback
LEAN_TIEBREAK,MGM,2018-06-13,31.47,540.9308,2018-07-19,2018-07-20,30.71,rollback
LEAN_TIEBREAK,ORCL,2018-05-02,45.89,347.3219,2018-07-26,2018-07-27,48.99,rollback
LEAN_TIEBREAK,PM,2018-05-24,81.6,204.0975,2018-07-31,2018-08-01,86.03,rollback
LEAN_TIEBREAK,HST,2018-07-20,21.4,807.8071,2018-08-03,2018-08-06,21.56,rollback
LEAN_TIEBREAK,WMB,2018-06-19,26.87,625.1848,2018-08-13,2018-08-14,30.76,rollback
LEAN_TIEBREAK,TJX,2018-07-12,47.515,365.3309,2018-08-13,2018-08-14,49.8,rollback
LEAN_TIEBREAK,CMG,2018-07-12,9.1978,1887.3605,2018-08-16,2018-08-17,10.1008,rollback
LEAN_TIEBREAK,GGP,2018-05-01,20.02,793.3799,2018-08-27,2018-08-27,22.06,delisted
LEAN_TIEBREAK,MRO,2018-06-12,21.48,785.6837,2018-08-30,2018-08-31,21.51,rollback
LEAN_TIEBREAK,NLSN,2018-08-15,25.4,674.5103,2018-08-30,2018-08-31,25.93,rollback
LEAN_TIEBREAK,V,2018-08-14,140.3,122.3395,2018-09-17,2018-09-18,146.2,rollback
LEAN_TIEBREAK,GILD,2018-08-31,76.32,226.9817,2018-10-04,2018-10-05,76.77,rollback
LEAN_TIEBREAK,INTC,2018-09-04,48.38,357.8042,2018-10-04,2018-10-05,48.23,rollback
LEAN_TIEBREAK,GE,2018-08-01,67.5344,257.7315,2018-10-11,2018-10-12,62.4512,rollback
LEAN_TIEBREAK,SBUX,2018-10-15,56.37,280.611,2018-10-19,2018-10-22,58.93,rollback
LEAN_TIEBREAK,F,2018-08-28,10.08,1735.5218,2018-11-09,2018-11-12,9.38,rollback
LEAN_TIEBREAK,BAC,2018-10-05,30.6,550.413,2018-11-09,2018-11-12,28.38,rollback
LEAN_TIEBREAK,FITB,2018-08-17,29.78,573.9913,2018-11-12,2018-11-13,27.59,rollback
LEAN_TIEBREAK,KEY,2018-10-05,20.55,819.5521,2018-11-12,2018-11-13,18.27,rollback
LEAN_TIEBREAK,PBCT,2018-11-16,15.96,990.8397,2018-11-19,2018-11-20,15.99,rollback
LEAN_TIEBREAK,AMAT,2018-07-27,48.63,362.9409,2018-11-29,2018-11-30,36.47,rollback
LEAN_TIEBREAK,NWL,2018-02-08,29.38,520.0741,2018-12-04,2018-12-06,23.28,rollback
LEAN_TIEBREAK,PFE,2018-10-22,44.44,354.3828,2018-12-04,2018-12-06,44.58,rollback
LEAN_TIEBREAK,KLAC,2018-11-21,9.562,1662.7265,2018-12-04,2018-12-06,9.421,rollback
LEAN_TIEBREAK,BAX,2018-11-23,64.96,241.8852,2018-12-04,2018-12-06,66.35,rollback
LEAN_TIEBREAK,COTY,2018-09-18,12.33,1372.1694,2019-01-09,2019-01-10,7.29,rollback
LEAN_TIEBREAK,FB,2018-12-07,139.25,113.9353,2019-01-11,2019-01-14,142.0,rollback
LEAN_TIEBREAK,TXN,2018-11-21,97.75,162.6414,2019-01-14,2019-01-15,96.99,rollback
LEAN_TIEBREAK,ANET,2018-12-07,14.8863,1065.7249,2019-01-16,2019-01-17,13.7369,rollback
LEAN_TIEBREAK,HPQ,2018-12-07,23.9,663.7618,2019-01-22,2019-01-23,21.41,rollback
LEAN_TIEBREAK,CSX,2019-01-10,21.27,714.3348,2019-01-22,2019-01-23,22.0267,rollback
LEAN_TIEBREAK,ABT,2019-01-14,68.41,222.9514,2019-01-23,2019-01-24,70.0,rollback
LEAN_TIEBREAK,WMB,2018-11-20,25.11,631.3034,2019-02-05,2019-02-06,27.15,rollback
LEAN_TIEBREAK,KMI,2018-08-07,18.05,978.0264,2019-02-06,2019-02-07,18.02,rollback
LEAN_TIEBREAK,ORLY,2019-01-15,22.75,675.088,2019-02-06,2019-02-07,24.1067,rollback
LEAN_TIEBREAK,AAPL,2019-01-28,38.9475,392.0275,2019-02-11,2019-02-12,42.525,rollback
LEAN_TIEBREAK,WDC,2019-01-25,45.5,341.316,2019-02-15,2019-02-19,48.42,rollback
LEAN_TIEBREAK,WMT,2019-02-08,32.1133,490.5857,2019-02-20,2019-02-21,33.22,rollback
LEAN_TIEBREAK,KEY,2019-02-08,17.01,926.2266,2019-02-21,2019-02-22,17.71,rollback
LEAN_TIEBREAK,MDT,2019-01-18,88.52,177.1109,2019-02-25,2019-02-26,92.25,rollback
LEAN_TIEBREAK,BMY,2018-12-07,53.23,298.0108,2019-03-06,2019-03-07,52.7,rollback
LEAN_TIEBREAK,WFC,2019-02-26,49.49,326.2625,2019-03-19,2019-03-20,51.19,rollback
LEAN_TIEBREAK,NVDA,2019-02-13,3.809,4240.7387,2019-03-20,2019-03-21,4.3833,rollback
LEAN_TIEBREAK,AMZN,2019-02-06,83.5375,191.8979,2019-03-22,2019-03-25,87.8895,rollback
LEAN_TIEBREAK,AMD,2019-03-20,26.49,622.3762,2019-03-22,2019-03-25,26.29,rollback
LEAN_TIEBREAK,DHI,2019-03-08,40.34,386.299,2019-03-26,2019-03-27,42.14,rollback
LEAN_TIEBREAK,FCX,2019-03-21,12.71,1284.5059,2019-04-05,2019-04-08,13.45,rollback
LEAN_TIEBREAK,F,2019-03-27,8.75,1862.9398,2019-04-15,2019-04-16,9.32,rollback
LEAN_TIEBREAK,BKNG,2018-06-01,84.8396,194.4125,2019-04-16,2019-04-17,73.9452,rollback
LEAN_TIEBREAK,BAC,2019-02-19,28.93,567.6795,2019-04-22,2019-04-23,29.99,rollback
LEAN_TIEBREAK,HRB,2019-02-22,24.66,657.3563,2019-04-23,2019-04-24,26.35,rollback
LEAN_TIEBREAK,WMT,2019-04-08,32.8167,495.8744,2019-04-26,2019-04-29,33.96,rollback
LEAN_TIEBREAK,NEE,2019-04-16,47.765,346.4755,2019-05-01,2019-05-02,48.21,rollback
LEAN_TIEBREAK,FB,2019-03-27,167.85,97.11,2019-05-02,2019-05-03,194.38,rollback
LEAN_TIEBREAK,JNJ,2019-04-17,139.0,123.8998,2019-05-02,2019-05-03,141.29,rollback
LEAN_TIEBREAK,CVS,2019-01-24,65.5,235.3829,2019-05-03,2019-05-06,55.97,rollback
LEAN_TIEBREAK,GE,2019-04-29,47.6984,366.6042,2019-05-07,2019-05-08,50.24,rollback
LEAN_TIEBREAK,QCOM,2018-11-30,58.22,278.7898,2019-05-08,2019-05-09,83.37,rollback
LEAN_TIEBREAK,PFE,2019-05-03,41.22,429.538,2019-05-17,2019-05-20,41.4,rollback
LEAN_TIEBREAK,COTY,2019-05-06,11.26,1544.3434,2019-05-22,2019-05-23,13.03,rollback
LEAN_TIEBREAK,DWDP,2019-02-21,56.28,290.222,2019-05-31,2019-05-31,30.52,delisted
LEAN_TIEBREAK,AMD,2019-05-03,28.3,625.7006,2019-06-12,2019-06-13,32.39,rollback
LEAN_TIEBREAK,AMAT,2019-05-20,41.8,410.8953,2019-06-12,2019-06-13,41.61,rollback
LEAN_TIEBREAK,CMG,2019-05-03,14.1514,1251.2149,2019-06-13,2019-06-14,14.6776,rollback
LEAN_TIEBREAK,CVX,2019-05-10,121.17,140.882,2019-06-19,2019-06-20,124.31,rollback
LEAN_TIEBREAK,CTL,2019-03-27,12.25,1330.5383,2019-06-21,2019-06-24,11.38,rollback
LEAN_TIEBREAK,STX,2019-05-09,48.21,354.241,2019-06-25,2019-06-26,47.24,rollback
LEAN_TIEBREAK,WMT,2019-05-23,33.94,492.7302,2019-06-26,2019-06-27,36.6867,rollback
LEAN_TIEBREAK,NVDA,2019-06-14,3.6128,4893.9915,2019-07-02,2019-07-03,4.0793,rollback
LEAN_TIEBREAK,JCI,2019-06-13,39.82,443.1437,2019-07-08,2019-07-09,41.66,rollback
LEAN_TIEBREAK,ANET,2019-06-27,16.0494,1138.5167,2019-07-08,2019-07-09,16.6244,rollback
LEAN_TIEBREAK,ORLY,2019-07-03,25.5333,729.5685,2019-07-19,2019-07-22,26.5413,rollback
LEAN_TIEBREAK,EW,2019-07-10,63.01,297.7995,2019-08-05,2019-08-06,70.4867,rollback
LEAN_TIEBREAK,APC,2019-06-27,70.69,258.475,2019-08-08,2019-08-08,72.77,delisted
LEAN_TIEBREAK,NEE,2019-08-07,52.8475,332.5602,2019-08-14,2019-08-15,53.6575,rollback
LEAN_TIEBREAK,F,2019-06-14,10.01,1766.2466,2019-09-10,2019-09-11,9.29,rollback
LEAN_TIEBREAK,AAPL,2019-08-19,52.655,338.5022,2019-09-13,2019-09-16,54.4325,rollback
LEAN_TIEBREAK,ATVI,2019-04-24,46.45,375.1085,2019-09-16,2019-09-17,55.5,rollback
LEAN_TIEBREAK,VZ,2019-06-20,57.9,313.4658,2019-09-16,2019-09-17,59.32,rollback
LEAN_TIEBREAK,C,2019-06-05,65.45,259.9334,2019-09-19,2019-09-20,70.15,rollback
LEAN_TIEBREAK,FCX,2019-07-22,11.56,1584.3065,2019-09-23,2019-09-24,10.31,rollback
LEAN_TIEBREAK,NFLX,2019-04-23,37.545,460.383,2019-10-18,2019-10-21,27.289,rollback
LEAN_TIEBREAK,ALXN,2019-09-11,109.87,166.8949,2019-10-25,2019-10-28,105.0,rollback
LEAN_TIEBREAK,AMD,2019-06-28,31.08,593.1482,2019-10-29,2019-10-30,32.93,rollback
LEAN_TIEBREAK,MSFT,2019-08-09,138.61,131.3206,2019-10-31,2019-11-01,144.26,rollback
LEAN_TIEBREAK,FTNT,2019-09-17,15.98,1151.5819,2019-10-31,2019-11-01,17.732,rollback
LEAN_TIEBREAK,MRK,2019-09-23,84.91,214.5675,2019-11-01,2019-11-04,85.59,rollback
LEAN_TIEBREAK,XOM,2019-11-04,70.07,267.7108,2019-11-06,2019-11-07,72.03,rollback
LEAN_TIEBREAK,MRO,2019-11-04,12.32,1522.5289,2019-11-06,2019-11-07,12.61,rollback
LEAN_TIEBREAK,JNJ,2019-07-09,141.46,131.324,2019-11-18,2019-11-19,135.0,rollback
LEAN_TIEBREAK,HPQ,2019-10-28,17.46,1057.2427,2019-11-20,2019-11-21,19.81,rollback
LEAN_TIEBREAK,CMG,2019-09-18,16.5,1111.3494,2019-12-04,2019-12-05,16.18,rollback
LEAN_TIEBREAK,KO,2019-10-21,54.45,335.4846,2019-12-05,2019-12-06,54.31,rollback
LEAN_TIEBREAK,NEM,2019-09-18,39.53,463.859,2019-12-06,2019-12-09,40.12,rollback
LEAN_TIEBREAK,SLB,2019-11-21,36.42,517.3927,2019-12-13,2019-12-16,39.11,rollback
LEAN_TIEBREAK,F,2019-11-04,8.93,2100.7201,2019-12-17,2019-12-18,9.39,rollback
LEAN_TIEBREAK,ATVI,2019-10-31,55.93,332.6199,2019-12-24,2019-12-26,58.81,rollback
LEAN_TIEBREAK,HAL,2019-12-05,21.6,876.1245,2019-12-26,2019-12-27,24.55,rollback
LEAN_TIEBREAK,NVDA,2019-11-19,5.2758,3592.4854,2019-12-27,2019-12-30,5.8998,rollback
LEAN_TIEBREAK,NFLX,2019-12-18,31.626,630.9438,2019-12-27,2019-12-30,32.908,rollback
LEAN_TIEBREAK,AMZN,2019-12-17,88.9005,223.6268,2019-12-31,2020-01-02,93.75,rollback
LEAN_TIEBREAK,GIS,2020-01-02,53.63,375.392,2020-01-22,2020-01-23,53.83,rollback
LEAN_TIEBREAK,TSCO,2019-12-06,19.51,973.1726,2020-02-07,2020-02-10,19.234,rollback
LEAN_TIEBREAK,MPC,2019-11-08,65.87,283.0055,2020-02-14,2020-02-18,57.18,rollback
LEAN_TIEBREAK,PEP,2019-12-30,136.7,147.269,2020-02-18,2020-02-19,145.62,rollback
LEAN_TIEBREAK,WMT,2019-11-07,40.0,473.6463,2020-02-19,2020-02-20,39.07,rollback
LEAN_TIEBREAK,AMD,2020-02-10,49.47,398.698,2020-02-21,2020-02-24,48.175,rollback
LEAN_TIEBREAK,NFLX,2020-03-03,38.103,472.1624,2020-04-01,2020-04-02,36.408,rollback
LEAN_TIEBREAK,PM,2019-09-26,74.91,241.2754,2020-04-07,2020-04-08,75.17,rollback
LEAN_TIEBREAK,CVS,2019-12-26,74.7,270.5542,2020-04-13,2020-04-14,59.88,rollback
LEAN_TIEBREAK,HBI,2020-01-02,14.77,1363.1198,2020-04-13,2020-04-14,9.49,rollback
LEAN_TIEBREAK,F,2020-04-09,5.51,2666.4437,2020-04-13,2020-04-14,5.27,rollback
LEAN_TIEBREAK,USB,2019-12-27,60.36,335.6816,2020-04-14,2020-04-15,35.13,rollback
LEAN_TIEBREAK,BAC,2019-12-09,33.5,569.5749,2020-04-15,2020-04-16,22.15,rollback
LEAN_TIEBREAK,T,2020-01-23,38.96,506.9055,2020-04-21,2020-04-22,30.9,rollback
LEAN_TIEBREAK,AAPL,2020-02-20,80.6575,249.5786,2020-04-21,2020-04-22,68.4025,rollback
LEAN_TIEBREAK,GILD,2020-04-17,85.17,168.6111,2020-04-28,2020-04-29,83.97,rollback
LEAN_TIEBREAK,TWTR,2020-04-23,28.43,492.1585,2020-04-28,2020-04-29,30.06,rollback
LEAN_TIEBREAK,CCL,2020-04-15,11.88,1207.8086,2020-04-30,2020-05-01,14.9,rollback
LEAN_TIEBREAK,PFE,2020-04-03,32.63,407.9317,2020-05-01,2020-05-04,37.6,rollback
LEAN_TIEBREAK,HBAN,2020-04-23,7.87,1777.7213,2020-05-01,2020-05-04,8.34,rollback
LEAN_TIEBREAK,SYF,2020-04-23,16.06,871.1063,2020-05-01,2020-05-04,17.95,rollback
LEAN_TIEBREAK,BEN,2020-02-19,26.16,773.94,2020-05-05,2020-05-06,18.12,rollback
LEAN_TIEBREAK,AMAT,2020-05-08,52.41,292.7874,2020-05-21,2020-05-22,55.02,rollback
LEAN_TIEBREAK,FTNT,2020-04-30,21.6,746.4385,2020-05-26,2020-05-27,27.45,rollback
LEAN_TIEBREAK,AAL,2020-04-15,12.52,1146.0103,2020-05-28,2020-05-29,10.48,rollback
LEAN_TIEBREAK,BAC,2020-05-11,23.11,671.8397,2020-05-28,2020-05-29,24.42,rollback
LEAN_TIEBREAK,C,2020-05-11,45.21,343.39,2020-05-28,2020-05-29,48.02,rollback
LEAN_TIEBREAK,F,2020-05-11,5.18,2997.4886,2020-05-29,2020-06-01,5.73,rollback
LEAN_TIEBREAK,GPS,2020-05-22,8.21,1939.4218,2020-05-29,2020-06-01,9.38,rollback
LEAN_TIEBREAK,VZ,2020-05-29,55.33,292.0222,2020-06-01,2020-06-02,55.82,rollback
LEAN_TIEBREAK,HPQ,2020-04-29,15.9,997.8072,2020-06-09,2020-06-10,17.36,rollback
LEAN_TIEBREAK,MRK,2020-05-29,79.46,203.3323,2020-06-09,2020-06-10,82.44,rollback
LEAN_TIEBREAK,OXY,2020-02-20,42.7,471.414,2020-06-10,2020-06-11,17.84,rollback
LEAN_TIEBREAK,SLB,2020-04-23,15.85,882.736,2020-06-10,2020-06-11,19.12,rollback
LEAN_TIEBREAK,WFC,2020-05-27,27.8,615.8009,2020-06-10,2020-06-11,27.2,rollback
LEAN_TIEBREAK,UA,2020-06-02,8.39,1923.5523,2020-06-10,2020-06-11,8.62,rollback
LEAN_TIEBREAK,LRCX,2020-05-11,26.247,591.5129,2020-06-11,2020-06-12,29.2803,rollback
LEAN_TIEBREAK,COTY,2020-06-02,4.5,3586.5357,2020-06-11,2020-06-12,4.95,rollback
LEAN_TIEBREAK,CRM,2020-06-11,176.64,94.9201,2020-06-23,2020-06-24,187.51,rollback
LEAN_TIEBREAK,NFLX,2020-06-10,43.6,420.7267,2020-06-24,2020-06-25,45.886,rollback
LEAN_TIEBREAK,ORCL,2020-06-19,54.21,312.6535,2020-07-13,2020-07-14,56.67,rollback
LEAN_TIEBREAK,GOOGL,2020-06-26,71.6315,226.5586,2020-07-13,2020-07-14,74.6395,rollback
LEAN_TIEBREAK,PFE,2020-05-29,38.27,422.221,2020-07-14,2020-07-15,35.99,rollback
LEAN_TIEBREAK,F,2020-07-15,6.54,2574.1845,2020-07-17,2020-07-20,6.8,rollback
LEAN_TIEBREAK,KO,2020-07-15,46.3,363.5923,2020-07-23,2020-07-24,48.4,rollback
LEAN_TIEBREAK,AMD,2020-06-10,57.2,320.7098,2020-08-17,2020-08-18,82.8,rollback
LEAN_TIEBREAK,V,2020-07-20,194.74,87.2666,2020-08-31,2020-09-01,212.21,rollback
LEAN_TIEBREAK,CMG,2020-06-19,20.8,814.7719,2020-09-03,2020-09-04,26.6578,rollback
LEAN_TIEBREAK,GOOG,2020-08-18,76.309,242.9532,2020-09-03,2020-09-04,81.213,rollback
LEAN_TIEBREAK,KSS,2020-09-04,22.05,834.6068,2020-09-18,2020-09-21,22.53,index_drop
LEAN_TIEBREAK,TWTR,2020-09-21,39.43,442.8311,2020-09-24,2020-09-25,43.21,rollback
LEAN_TIEBREAK,LRCX,2020-09-25,32.472,519.0972,2020-10-16,2020-10-19,36.75,rollback
LEAN_TIEBREAK,CSX,2020-07-15,23.5,716.3185,2020-11-06,2020-11-09,30.1167,rollback
LEAN_TIEBREAK,MS,2020-06-26,48.3,335.9818,2020-11-10,2020-11-11,55.94,rollback
LEAN_TIEBREAK,XOM,2020-07-28,43.91,399.076,2020-11-10,2020-11-11,37.09,rollback
LEAN_TIEBREAK,BAC,2020-09-08,26.14,689.9975,2020-11-12,2020-11-13,26.88,rollback
LEAN_TIEBREAK,MYL,2020-11-11,15.71,1219.3002,2020-11-16,2020-11-16,15.855,delisted
LEAN_TIEBREAK,KMI,2020-11-11,13.07,1465.659,2020-11-18,2020-11-19,13.7,rollback
LEAN_TIEBREAK,MRO,2020-06-19,6.7,2529.8203,2020-11-25,2020-11-27,6.46,rollback
LEAN_TIEBREAK,DVN,2020-06-19,13.42,1262.7726,2020-11-25,2020-11-27,14.98,rollback
LEAN_TIEBREAK,AAL,2020-11-16,12.87,1504.5822,2020-11-27,2020-11-30,14.92,rollback
LEAN_TIEBREAK,ABBV,2020-09-01,95.52,193.4749,2020-12-01,2020-12-02,104.0,rollback
LEAN_TIEBREAK,NFLX,2020-11-30,49.008,425.0558,2020-12-08,2020-12-09,51.053,rollback
LEAN_TIEBREAK,ATVI,2020-10-19,82.28,211.6229,2021-01-04,2021-01-05,90.32,rollback
LEAN_TIEBREAK,NEE,2020-11-27,76.05,274.2269,2021-01-11,2021-01-12,79.65,rollback
LEAN_TIEBREAK,GILD,2020-06-01,75.47,212.8078,2021-01-13,2021-01-14,61.64,rollback
LEAN_TIEBREAK,EBAY,2020-11-20,49.8,395.9481,2021-01-13,2021-01-14,55.83,rollback
LEAN_TIEBREAK,GOOGL,2021-01-14,87.4435,251.943,2021-01-27,2021-01-28,91.55,rollback
LEAN_TIEBREAK,AAPL,2021-01-14,130.8,168.4395,2021-01-28,2021-01-29,135.83,rollback
LEAN_TIEBREAK,KR,2020-11-09,31.98,581.6038,2021-01-29,2021-02-01,34.51,rollback
LEAN_TIEBREAK,MSFT,2020-12-02,214.88,96.9311,2021-01-29,2021-02-01,235.06,rollback
LEAN_TIEBREAK,NOW,2020-11-18,102.25,192.753,2021-02-09,2021-02-10,117.152,rollback
LEAN_TIEBREAK,CSCO,2021-02-02,45.52,480.3585,2021-02-09,2021-02-10,46.15,rollback
LEAN_TIEBREAK,NVDA,2021-02-03,13.636,1608.8794,2021-02-09,2021-02-10,14.4633,rollback
LEAN_TIEBREAK,CMCSA,2021-01-29,50.31,435.9069,2021-02-12,2021-02-16,53.0,rollback
LEAN_TIEBREAK,HPE,2021-01-12,12.04,1814.1094,2021-02-17,2021-02-18,13.91,rollback
LEAN_TIEBREAK,LRCX,2021-02-12,57.018,396.5914,2021-02-22,2021-02-23,55.655,rollback
LEAN_TIEBREAK,AAL,2021-01-28,20.33,1098.2209,2021-02-25,2021-02-26,20.61,rollback
LEAN_TIEBREAK,SCHW,2021-02-16,58.93,390.4859,2021-02-25,2021-02-26,62.91,rollback
LEAN_TIEBREAK,VZ,2021-02-18,56.94,401.7723,2021-02-25,2021-02-26,56.47,rollback
LEAN_TIEBREAK,ORCL,2021-02-23,64.42,359.985,2021-03-04,2021-03-05,67.3101,rollback
LEAN_TIEBREAK,AVGO,2021-03-02,49.037,473.2901,2021-03-29,2021-03-30,46.388,rollback
LEAN_TIEBREAK,WMT,2021-01-05,48.8667,437.075,2021-03-30,2021-03-31,45.1833,rollback
LEAN_TIEBREAK,ORLY,2021-02-11,30.3853,751.5347,2021-04-05,2021-04-06,33.8347,rollback
LEAN_TIEBREAK,CPRT,2020-12-14,29.375,720.6409,2021-04-06,2021-04-07,28.1525,rollback
LEAN_TIEBREAK,NFLX,2021-03-02,55.334,419.4508,2021-04-12,2021-04-13,55.7,rollback
LEAN_TIEBREAK,CMG,2021-03-02,29.8682,776.9992,2021-04-13,2021-04-14,30.719,rollback
LEAN_TIEBREAK,TWTR,2021-04-07,66.64,357.213,2021-04-14,2021-04-15,70.55,rollback
LEAN_TIEBREAK,AMZN,2020-11-27,160.563,129.8929,2021-04-19,2021-04-20,168.68,rollback
LEAN_TIEBREAK,WFC,2021-03-31,39.27,593.185,2021-04-20,2021-04-21,42.24,rollback
LEAN_TIEBREAK,T,2021-03-05,29.01,778.3042,2021-04-26,2021-04-27,30.84,rollback
LEAN_TIEBREAK,MOS,2021-04-14,32.44,735.0426,2021-04-30,2021-05-03,35.3,rollback
LEAN_TIEBREAK,MDLZ,2021-04-21,59.37,393.632,2021-05-04,2021-05-05,60.94,rollback
LEAN_TIEBREAK,JNJ,2021-04-20,161.0,142.3639,2021-05-05,2021-05-06,166.79,rollback
LEAN_TIEBREAK,VZ,2021-05-03,58.23,419.5863,2021-05-07,2021-05-10,59.08,rollback
LEAN_TIEBREAK,NKE,2021-04-13,135.6,176.9718,2021-05-10,2021-05-11,138.38,rollback
LEAN_TIEBREAK,HAL,2020-06-19,13.78,1229.9058,2021-05-11,2021-05-12,22.63,rollback
LEAN_TIEBREAK,ABBV,2021-03-30,106.86,216.8655,2021-05-11,2021-05-12,114.85,rollback
LEAN_TIEBREAK,MS,2021-04-15,81.35,296.7922,2021-05-11,2021-05-12,85.4,rollback
LEAN_TIEBREAK,KMI,2021-02-16,15.07,1527.0395,2021-05-13,2021-05-14,18.23,rollback
LEAN_TIEBREAK,MRK,2021-05-06,77.44,319.5075,2021-05-18,2021-05-19,78.925,rollback
LEAN_TIEBREAK,BMY,2021-05-14,65.2,382.4199,2021-05-25,2021-05-26,66.72,rollback
LEAN_TIEBREAK,CCL,2021-04-27,27.59,875.9172,2021-06-03,2021-06-04,30.92,rollback
LEAN_TIEBREAK,AAL,2021-05-17,22.32,1126.761,2021-06-03,2021-06-04,25.13,rollback
LEAN_TIEBREAK,NCLH,2021-05-19,28.31,888.5415,2021-06-03,2021-06-04,32.37,rollback
LEAN_TIEBREAK,APH,2021-05-10,34.06,744.7634,2021-06-07,2021-06-08,34.27,rollback
LEAN_TIEBREAK,MSFT,2021-06-07,249.98,110.6876,2021-06-11,2021-06-14,257.9,rollback
LEAN_TIEBREAK,F,2021-04-06,12.7,1865.1396,2021-06-14,2021-06-15,14.91,rollback
LEAN_TIEBREAK,EBAY,2021-05-11,60.0443,412.9617,2021-06-14,2021-06-15,66.0,rollback
LEAN_TIEBREAK,ORLY,2021-06-16,35.8133,764.8709,2021-06-23,2021-06-24,36.544,rollback
LEAN_TIEBREAK,AMZN,2021-06-09,163.6435,168.2095,2021-06-24,2021-06-25,173.2,rollback
LEAN_TIEBREAK,AMD,2021-05-26,77.83,337.4181,2021-07-07,2021-07-08,87.86,rollback
LEAN_TIEBREAK,NFLX,2021-06-15,50.123,549.9736,2021-07-07,2021-07-08,53.093,rollback
LEAN_TIEBREAK,MU,2021-06-16,82.73,331.1244,2021-08-05,2021-08-06,81.2,rollback
LEAN_TIEBREAK,CNP,2021-07-09,25.38,1076.8939,2021-08-12,2021-08-13,26.87,rollback
LEAN_TIEBREAK,WMT,2021-05-19,46.9033,536.3615,2021-08-18,2021-08-19,49.4433,rollback
LEAN_TIEBREAK,GILD,2021-06-07,67.605,409.264,2021-08-19,2021-08-20,71.67,rollback
LEAN_TIEBREAK,CSCO,2021-05-07,52.48,472.1899,2021-08-31,2021-09-01,59.02,rollback
LEAN_TIEBREAK,MGM,2021-06-24,44.15,622.9049,2021-09-01,2021-09-02,42.48,rollback
LEAN_TIEBREAK,MO,2021-06-08,50.55,546.2497,2021-09-07,2021-09-08,50.66,rollback
LEAN_TIEBREAK,AAPL,2021-08-13,148.97,187.6596,2021-09-08,2021-09-09,155.49,rollback
LEAN_TIEBREAK,NOW,2021-08-20,118.21,233.3971,2021-09-08,2021-09-09,131.156,rollback
LEAN_TIEBREAK,NFLX,2021-08-06,52.4,528.441,2021-09-13,2021-09-14,58.489,rollback
LEAN_TIEBREAK,UAL,2021-09-08,46.7,616.2376,2021-09-28,2021-09-29,48.8808,rollback
LEAN_TIEBREAK,CCL,2021-09-14,23.2,1212.1144,2021-09-29,2021-09-30,25.44,rollback
LEAN_TIEBREAK,ORCL,2021-09-09,89.6,318.1901,2021-10-21,2021-10-22,96.29,rollback
LEAN_TIEBREAK,UAA,2021-10-22,20.82,1346.0834,2021-10-29,2021-11-01,22.0,rollback
LEAN_TIEBREAK,SBUX,2021-09-01,118.01,243.5564,2021-11-08,2021-11-09,114.65,rollback
LEAN_TIEBREAK,GPS,2021-09-29,25.49,1131.4228,2021-11-08,2021-11-09,24.59,rollback
LEAN_TIEBREAK,UAL,2021-11-02,47.915,579.9998,2021-11-11,2021-11-12,51.35,rollback
LEAN_TIEBREAK,BA,2021-06-25,250.75,110.6323,2021-11-16,2021-11-17,229.54,rollback
LEAN_TIEBREAK,INTC,2021-11-09,51.54,547.4298,2021-12-08,2021-12-09,51.3,rollback
LEAN_TIEBREAK,KHC,2021-09-09,36.92,772.2442,2021-12-17,2021-12-20,35.26,rollback
LEAN_TIEBREAK,CMG,2021-11-10,35.88,781.6516,2021-12-28,2021-12-29,34.789,rollback
LEAN_TIEBREAK,VZ,2021-07-08,55.75,484.6324,2021-12-29,2021-12-30,52.38,rollback
LEAN_TIEBREAK,FCX,2021-11-12,40.67,688.3604,2021-12-30,2021-12-31,41.64,rollback
LEAN_TIEBREAK,BMY,2021-08-20,68.71,401.561,2022-01-03,2022-01-04,61.5,rollback
LEAN_TIEBREAK,LUV,2021-12-29,42.23,640.6927,2022-01-05,2022-01-06,44.48,rollback
LEAN_TIEBREAK,LUMN,2021-12-20,12.48,2122.6998,2022-01-11,2022-01-12,13.31,rollback
LEAN_TIEBREAK,T,2021-09-30,27.48,1038.5227,2022-01-21,2022-01-24,26.19,rollback
LEAN_TIEBREAK,WFC,2022-01-04,51.58,536.4888,2022-01-21,2022-01-24,52.73,rollback
LEAN_TIEBREAK,LVS,2022-01-12,39.25,719.4224,2022-01-27,2022-01-28,42.33,rollback
LEAN_TIEBREAK,GPS,2022-01-26,17.88,1540.0815,2022-02-01,2022-02-02,18.46,index_drop
LEAN_TIEBREAK,SLB,2021-12-31,29.57,918.6569,2022-02-02,2022-02-03,39.43,rollback
LEAN_TIEBREAK,GOOGL,2022-02-02,151.25,181.5615,2022-02-07,2022-02-08,139.0265,rollback
LEAN_TIEBREAK,NCLH,2022-01-10,22.44,1251.8708,2022-02-10,2022-02-11,22.57,rollback
LEAN_TIEBREAK,MS,2022-01-28,99.1,270.0736,2022-02-11,2022-02-14,104.03,rollback
LEAN_TIEBREAK,AAL,2022-02-08,17.4,1549.5853,2022-02-11,2022-02-14,17.85,rollback
LEAN_TIEBREAK,VIAC,2021-05-19,39.43,637.988,2022-02-16,2022-02-16,29.58,delisted
LEAN_TIEBREAK,NEM,2022-02-14,64.17,418.6908,2022-02-28,2022-03-01,66.94,rollback
LEAN_TIEBREAK,MO,2022-02-14,50.37,533.3739,2022-03-07,2022-03-08,52.9,rollback
LEAN_TIEBREAK,JNJ,2022-01-28,170.86,156.6368,2022-03-08,2022-03-09,170.01,rollback
LEAN_TIEBREAK,KHC,2022-02-17,36.525,724.2584,2022-03-08,2022-03-09,39.11,rollback
LEAN_TIEBREAK,CTRA,2022-03-01,23.68,1121.4816,2022-03-08,2022-03-09,25.65,rollback
LEAN_TIEBREAK,SLB,2022-03-08,43.05,626.4959,2022-03-09,2022-03-10,43.1,rollback
LEAN_TIEBREAK,KMI,2022-02-14,17.51,1534.4792,2022-03-11,2022-03-14,17.9,rollback
LEAN_TIEBREAK,AVGO,2022-03-10,58.556,454.1941,2022-03-21,2022-03-22,60.172,rollback
LEAN_TIEBREAK,HST,2022-03-11,18.47,1452.6734,2022-03-21,2022-03-22,18.47,rollback
LEAN_TIEBREAK,ORCL,2021-11-17,95.76,291.7743,2022-03-23,2022-03-24,80.65,rollback
LEAN_TIEBREAK,PYPL,2021-12-09,196.06,134.9899,2022-03-23,2022-03-24,115.82,rollback
LEAN_TIEBREAK,KIM,2022-03-10,23.54,1129.7561,2022-03-23,2022-03-24,24.02,rollback
LEAN_TIEBREAK,KMI,2022-03-22,17.99,1532.5448,2022-03-28,2022-03-29,18.52,rollback
LEAN_TIEBREAK,SCHW,2022-03-15,84.11,313.9333,2022-03-30,2022-03-31,88.45,rollback
LEAN_TIEBREAK,TWTR,2021-09-02,65.97,436.6791,2022-03-31,2022-04-01,39.16,rollback
LEAN_TIEBREAK,NKE,2021-12-30,168.31,160.3475,2022-03-31,2022-04-01,134.45,rollback
LEAN_TIEBREAK,PM,2022-03-31,93.78,295.2296,2022-04-04,2022-04-05,95.41,rollback
LEAN_TIEBREAK,VZ,2022-02-03,54.0,498.8176,2022-04-07,2022-04-08,52.73,rollback
LEAN_TIEBREAK,XOM,2022-03-22,81.63,337.7662,2022-04-11,2022-04-12,85.71,rollback
LEAN_TIEBREAK,GILD,2022-03-30,60.42,463.4714,2022-04-12,2022-04-13,61.62,rollback
LEAN_TIEBREAK,KO,2022-03-25,61.12,450.2795,2022-04-26,2022-04-27,65.0,rollback
LEAN_TIEBREAK,UAL,2022-04-14,45.49,605.2664,2022-04-26,2022-04-27,48.75,rollback
LEAN_TIEBREAK,QCOM,2022-03-25,157.97,174.2084,2022-05-05,2022-05-06,141.248,rollback
LEAN_TIEBREAK,DVN,2022-04-08,60.34,451.5224,2022-05-09,2022-05-10,63.51,rollback
LEAN_TIEBREAK,MRK,2022-04-29,88.66,300.0223,2022-05-13,2022-05-16,90.79,rollback
LEAN_TIEBREAK,OXY,2022-04-08,57.7,472.205,2022-05-18,2022-05-19,63.03,rollback
LEAN_TIEBREAK,SLB,2022-04-11,42.64,642.9617,2022-05-18,2022-05-19,40.04,rollback
LEAN_TIEBREAK,KMI,2022-05-09,19.0,1390.2694,2022-05-18,2022-05-19,18.97,rollback
LEAN_TIEBREAK,MU,2022-05-16,71.51,366.8077,2022-05-18,2022-05-19,70.76,rollback
LEAN_TIEBREAK,APA,2022-05-20,41.08,621.6146,2022-05-24,2022-05-25,43.51,rollback
LEAN_TIEBREAK,BKR,2022-04-11,36.72,746.6573,2022-05-31,2022-06-01,36.53,rollback
LEAN_TIEBREAK,V,2022-04-29,218.62,121.6661,2022-06-01,2022-06-02,211.89,rollback
LEAN_TIEBREAK,C,2022-05-20,50.26,508.1019,2022-06-01,2022-06-02,52.4,rollback
LEAN_TIEBREAK,BEN,2022-05-23,26.24,970.6533,2022-06-01,2022-06-02,26.63,rollback
LEAN_TIEBREAK,GOOG,2022-06-01,114.9315,235.0164,2022-06-03,2022-06-06,116.7425,rollback
LEAN_TIEBREAK,JPM,2022-05-24,124.36,205.7514,2022-06-08,2022-06-09,127.37,rollback
LEAN_TIEBREAK,FB,2022-06-03,195.98,136.0474,2022-06-08,2022-06-09,194.28,index_drop
LEAN_TIEBREAK,GOOGL,2022-06-22,110.5565,217.6602,2022-06-27,2022-06-28,115.8025,rollback
LEAN_TIEBREAK,GOOG,2022-06-22,111.163,216.4618,2022-06-27,2022-06-28,116.351,rollback
LEAN_TIEBREAK,BMY,2022-06-08,76.52,347.0882,2022-06-30,2022-07-01,76.98,rollback
LEAN_TIEBREAK,MSFT,2022-06-30,257.05,93.1464,2022-07-11,2022-07-12,265.88,rollback
LEAN_TIEBREAK,CCL,2022-04-14,19.71,1397.0038,2022-07-21,2022-07-22,9.9,rollback
LEAN_TIEBREAK,NCLH,2022-06-03,15.65,1703.5939,2022-07-21,2022-07-22,12.7,rollback
LEAN_TIEBREAK,HPE,2022-05-10,16.0,1600.952,2022-07-22,2022-07-25,13.89,rollback
LEAN_TIEBREAK,NFLX,2022-05-26,18.649,1393.2712,2022-07-22,2022-07-25,22.131,rollback
LEAN_TIEBREAK,F,2022-03-25,16.74,1644.1134,2022-07-26,2022-07-27,12.75,rollback
LEAN_TIEBREAK,TSLA,2022-06-03,243.225,109.6265,2022-07-26,2022-07-27,263.81,rollback
LEAN_TIEBREAK,CSCO,2022-03-16,55.93,481.1116,2022-08-01,2022-08-02,45.52,rollback
LEAN_TIEBREAK,SLB,2022-07-25,35.65,735.8908,2022-08-01,2022-08-02,36.5,rollback
LEAN_TIEBREAK,WMB,2022-07-14,30.2,789.8948,2022-08-02,2022-08-03,33.27,rollback
LEAN_TIEBREAK,KO,2022-07-27,62.88,421.7737,2022-08-02,2022-08-03,63.55,rollback
LEAN_TIEBREAK,MDLZ,2022-07-25,62.06,422.707,2022-08-04,2022-08-05,64.15,rollback
LEAN_TIEBREAK,SCHW,2022-07-22,63.37,415.7387,2022-08-08,2022-08-09,68.81,rollback
LEAN_TIEBREAK,GILD,2022-08-09,61.58,446.32,2022-08-11,2022-08-12,62.71,rollback
LEAN_TIEBREAK,VTRS,2022-08-09,10.0301,2740.3278,2022-08-16,2022-08-17,10.99,rollback
LEAN_TIEBREAK,CCL,2022-08-03,9.5,2874.2127,2022-08-17,2022-08-18,10.56,rollback
LEAN_TIEBREAK,JPM,2022-08-08,116.25,237.2102,2022-08-18,2022-08-19,120.62,rollback
LEAN_TIEBREAK,CMG,2022-07-01,26.0416,916.1892,2022-08-19,2022-08-22,32.8,rollback
LEAN_TIEBREAK,BSX,2022-07-22,38.18,690.0649,2022-08-19,2022-08-22,41.62,rollback
LEAN_TIEBREAK,WMT,2022-08-12,43.3333,656.8632,2022-08-19,2022-08-22,45.4,rollback
LEAN_TIEBREAK,HAL,2022-08-19,29.55,965.5566,2022-08-26,2022-08-29,31.17,rollback
LEAN_TIEBREAK,APA,2022-08-19,35.962,793.3589,2022-08-31,2022-09-01,38.405,rollback
LEAN_TIEBREAK,GILD,2022-09-02,65.04,424.8304,2022-09-13,2022-09-14,64.41,rollback
LEAN_TIEBREAK,GM,2022-09-08,39.45,702.3059,2022-09-13,2022-09-14,40.74,rollback
LEAN_TIEBREAK,NCLH,2022-09-08,13.72,2019.5872,2022-09-16,2022-09-19,15.1,rollback
LEAN_TIEBREAK,DXCM,2022-08-26,87.73,327.9184,2022-10-14,2022-10-17,99.41,rollback
LEAN_TIEBREAK,AAL,2022-08-02,14.05,1937.7582,2022-10-20,2022-10-21,13.36,rollback
LEAN_TIEBREAK,PFE,2022-07-27,51.94,510.5854,2022-10-27,2022-10-28,45.98,rollback
LEAN_TIEBREAK,UAL,2022-08-02,37.22,731.4385,2022-11-02,2022-11-03,40.57,rollback
LEAN_TIEBREAK,WMT,2022-09-08,45.1333,613.9004,2022-11-02,2022-11-03,46.5033,rollback
LEAN_TIEBREAK,JNJ,2022-09-23,165.74,157.0443,2022-11-02,2022-11-03,169.81,rollback
LEAN_TIEBREAK,CCL,2022-10-21,7.93,3427.0973,2022-11-02,2022-11-03,8.34,rollback
LEAN_TIEBREAK,XOM,2022-09-15,96.22,290.1114,2022-11-09,2022-11-10,110.19,rollback
LEAN_TIEBREAK,USB,2022-10-17,43.88,619.2841,2022-11-09,2022-11-10,44.0,rollback
LEAN_TIEBREAK,MU,2022-08-19,61.835,461.4478,2022-11-16,2022-11-17,57.3,rollback
LEAN_TIEBREAK,NEM,2022-11-09,43.66,646.9699,2022-11-16,2022-11-17,44.48,rollback
LEAN_TIEBREAK,QCOM,2022-11-11,118.99,245.6593,2022-11-16,2022-11-17,118.95,rollback
LEAN_TIEBREAK,V,2022-11-11,206.0,141.891,2022-11-16,2022-11-17,207.96,rollback
LEAN_TIEBREAK,AMD,2022-10-31,60.75,475.2196,2022-11-21,2022-11-22,72.72,rollback
LEAN_TIEBREAK,KDP,2022-11-09,37.82,746.8349,2022-12-05,2022-12-06,37.98,rollback
LEAN_TIEBREAK,MO,2022-11-23,45.21,641.4035,2022-12-05,2022-12-06,47.18,rollback
LEAN_TIEBREAK,ABBV,2022-11-08,148.83,190.4352,2022-12-09,2022-12-12,163.21,rollback
LEAN_TIEBREAK,PCG,2022-11-21,15.1,1904.3959,2022-12-15,2022-12-16,16.09,rollback
LEAN_TIEBREAK,LUMN,2022-06-28,11.5,2213.7042,2023-01-17,2023-01-18,5.59,rollback
LEAN_TIEBREAK,LRCX,2022-12-13,48.554,590.8132,2023-01-17,2023-01-18,47.718,rollback
LEAN_TIEBREAK,HAL,2022-12-21,37.96,687.8056,2023-01-17,2023-01-18,43.0,rollback
LEAN_TIEBREAK,CCL,2022-11-30,9.81,2918.8042,2023-01-19,2023-01-20,10.28,rollback
LEAN_TIEBREAK,AAL,2022-11-25,14.4,2014.3965,2023-01-24,2023-01-25,15.97,rollback
LEAN_TIEBREAK,DIS,2022-11-25,98.81,293.5519,2023-02-06,2023-02-07,109.295,rollback
LEAN_TIEBREAK,HBAN,2023-01-24,14.76,2034.0579,2023-02-06,2023-02-07,15.34,rollback
LEAN_TIEBREAK,WBD,2022-12-13,11.65,2462.5932,2023-02-07,2023-02-08,15.26,rollback
LEAN_TIEBREAK,TSLA,2023-01-18,136.555,222.3273,2023-02-16,2023-02-17,199.985,rollback
LEAN_TIEBREAK,PCG,2023-01-26,15.96,1919.6828,2023-03-07,2023-03-08,16.32,rollback
LEAN_TIEBREAK,BMY,2023-01-20,73.9,396.7505,2023-04-04,2023-04-05,69.46,rollback
LEAN_TIEBREAK,APA,2023-01-20,44.86,653.5532,2023-04-04,2023-04-05,37.89,rollback
LEAN_TIEBREAK,GILD,2023-02-07,86.6,363.9408,2023-04-04,2023-04-05,82.3,rollback
LEAN_TIEBREAK,CNC,2023-04-06,66.28,431.9147,2023-04-12,2023-04-13,67.52,rollback
LEAN_TIEBREAK,MS,2023-04-14,86.43,333.5087,2023-04-20,2023-04-21,90.48,rollback
LEAN_TIEBREAK,CSX,2022-12-13,33.25,862.7903,2023-04-24,2023-04-25,31.06,rollback
LEAN_TIEBREAK,MSFT,2023-04-27,295.97,95.9449,2023-05-03,2023-05-04,306.24,rollback
LEAN_TIEBREAK,CMCSA,2023-02-17,39.71,775.1804,2023-05-04,2023-05-05,40.57,rollback
LEAN_TIEBREAK,EQT,2022-11-07,42.57,658.6037,2023-05-19,2023-05-22,35.46,rollback
LEAN_TIEBREAK,AAL,2023-03-08,16.41,1834.5869,2023-05-19,2023-05-22,14.915,rollback
LEAN_TIEBREAK,KLAC,2023-02-08,41.298,765.7023,2023-05-23,2023-05-24,40.685,rollback
LEAN_TIEBREAK,LRCX,2023-04-21,52.419,554.4084,2023-05-23,2023-05-24,56.354,rollback
LEAN_TIEBREAK,AMAT,2023-05-04,113.05,249.9059,2023-05-23,2023-05-24,121.92,rollback
LEAN_TIEBREAK,ANET,2023-05-22,36.31,817.8183,2023-06-06,2023-06-07,39.9175,rollback
LEAN_TIEBREAK,KEY,2023-04-14,12.55,2296.94,2023-06-08,2023-06-09,10.98,rollback
LEAN_TIEBREAK,WBD,2023-06-07,12.12,2521.3112,2023-06-15,2023-06-16,13.09,rollback
LEAN_TIEBREAK,PYPL,2022-09-15,95.1,293.5134,2023-06-21,2023-06-22,67.52,rollback
LEAN_TIEBREAK,INTC,2023-05-05,31.38,914.465,2023-06-21,2023-06-22,32.69,rollback
LEAN_TIEBREAK,F,2023-05-24,11.64,2528.4915,2023-06-21,2023-06-22,13.91,rollback
LEAN_TIEBREAK,VZ,2023-06-13,35.5,890.8736,2023-07-06,2023-07-07,36.22,rollback
LEAN_TIEBREAK,MRO,2023-05-22,23.13,1283.7656,2023-07-14,2023-07-17,24.05,rollback
LEAN_TIEBREAK,OXY,2023-05-24,60.17,489.117,2023-07-14,2023-07-17,59.1,rollback
LEAN_TIEBREAK,CRM,2023-06-23,210.5,145.9535,2023-07-17,2023-07-18,227.05,rollback
LEAN_TIEBREAK,SLB,2023-05-24,45.96,640.3111,2023-07-21,2023-07-24,56.22,rollback
LEAN_TIEBREAK,HBAN,2023-07-10,10.82,2929.9262,2023-07-21,2023-07-24,11.85,rollback
LEAN_TIEBREAK,KO,2023-06-16,61.6,517.2004,2023-07-25,2023-07-26,61.86,rollback
LEAN_TIEBREAK,SCHW,2023-02-07,79.13,398.3173,2023-07-27,2023-07-28,66.1,rollback
LEAN_TIEBREAK,INTC,2023-07-18,34.28,946.3399,2023-07-31,2023-08-01,35.82,rollback
LEAN_TIEBREAK,KLAC,2023-07-28,50.0,654.4451,2023-08-02,2023-08-03,49.727,rollback
LEAN_TIEBREAK,TSCO,2023-07-28,45.06,726.1567,2023-08-04,2023-08-07,44.462,rollback
LEAN_TIEBREAK,AMZN,2023-08-07,140.99,229.5275,2023-08-08,2023-08-09,139.97,rollback
LEAN_TIEBREAK,WBD,2023-08-04,12.94,2493.2403,2023-08-09,2023-08-10,14.28,rollback
LEAN_TIEBREAK,MRK,2023-07-24,109.99,299.3369,2023-08-24,2023-08-25,109.94,rollback
LEAN_TIEBREAK,VZ,2023-08-14,33.19,960.6489,2023-09-05,2023-09-06,34.1,rollback
LEAN_TIEBREAK,MO,2023-04-14,45.14,638.5405,2023-09-13,2023-09-14,43.82,rollback
LEAN_TIEBREAK,T,2023-06-28,15.81,1966.3597,2023-09-18,2023-09-19,15.06,rollback
LEAN_TIEBREAK,KHC,2023-07-17,35.69,901.7997,2023-09-22,2023-09-25,34.11,rollback
LEAN_TIEBREAK,KMI,2023-08-14,17.81,1790.1372,2023-10-19,2023-10-20,17.04,rollback
LEAN_TIEBREAK,MRO,2023-09-28,27.265,1118.8245,2023-10-23,2023-10-24,28.37,rollback
LEAN_TIEBREAK,T,2023-10-20,15.19,2036.4746,2023-10-25,2023-10-26,15.17,rollback
LEAN_TIEBREAK,IBM,2023-10-27,143.62,206.4307,2023-11-09,2023-11-10,147.44,rollback
LEAN_TIEBREAK,GOOG,2023-08-28,132.08,240.3654,2023-11-17,2023-11-20,135.5,rollback
LEAN_TIEBREAK,GOOGL,2023-11-13,131.78,244.8933,2023-11-17,2023-11-20,133.69,rollback
LEAN_TIEBREAK,CCL,2023-07-24,17.88,1841.483,2023-11-24,2023-11-27,14.38,rollback
LEAN_TIEBREAK,META,2023-09-06,301.71,106.4685,2023-11-24,2023-11-27,336.18,rollback
LEAN_TIEBREAK,CMG,2023-06-22,41.38,750.2497,2023-11-27,2023-11-28,44.2,rollback
LEAN_TIEBREAK,ORCL,2023-07-17,118.85,270.819,2023-11-27,2023-11-28,116.0,rollback
LEAN_TIEBREAK,AMD,2023-08-01,114.26,287.4103,2023-11-27,2023-11-28,121.98,rollback
LEAN_TIEBREAK,DIS,2023-09-15,85.22,377.5085,2023-11-28,2023-11-29,92.6,rollback
LEAN_TIEBREAK,HPE,2023-11-30,16.84,1976.1553,2023-12-04,2023-12-05,16.43,rollback
LEAN_TIEBREAK,MRK,2023-10-26,103.1,288.4141,2023-12-07,2023-12-08,103.79,rollback
LEAN_TIEBREAK,NEE,2023-11-20,57.0,584.3373,2023-12-15,2023-12-18,61.6,rollback
LEAN_TIEBREAK,BMY,2023-12-06,50.32,667.5153,2023-12-15,2023-12-18,51.15,rollback
LEAN_TIEBREAK,GILD,2023-12-01,76.78,434.9754,2023-12-18,2023-12-19,79.58,rollback
LEAN_TIEBREAK,WBD,2023-12-04,11.24,2977.8611,2023-12-18,2023-12-19,11.94,rollback
LEAN_TIEBREAK,KR,2023-12-01,44.51,750.3724,2023-12-19,2023-12-20,44.88,rollback
LEAN_TIEBREAK,CMCSA,2023-09-19,45.57,696.6709,2023-12-20,2023-12-21,44.22,rollback
LEAN_TIEBREAK,AMD,2023-12-08,129.54,262.5631,2023-12-20,2023-12-21,138.14,rollback
LEAN_TIEBREAK,GOOGL,2023-12-19,136.84,257.358,2023-12-27,2023-12-28,140.78,rollback
LEAN_TIEBREAK,GOOG,2023-12-19,138.0,255.1692,2023-12-27,2023-12-28,141.85,rollback
LEAN_TIEBREAK,WMT,2023-12-19,51.6133,682.2875,2023-12-28,2023-12-29,52.51,rollback
LEAN_TIEBREAK,OXY,2023-12-19,59.12,595.5953,2023-12-28,2023-12-29,60.0,rollback
LEAN_TIEBREAK,WBA,2023-12-05,20.73,1623.8825,2024-01-03,2024-01-04,24.19,rollback
LEAN_TIEBREAK,PFE,2023-12-01,28.97,1152.9426,2024-01-04,2024-01-05,29.02,rollback
LEAN_TIEBREAK,CVS,2023-11-20,68.4,486.9234,2024-01-08,2024-01-09,80.55,rollback
LEAN_TIEBREAK,T,2023-12-20,16.57,2105.9714,2024-01-08,2024-01-09,16.97,rollback
LEAN_TIEBREAK,NI,2023-12-29,26.41,1364.7652,2024-01-09,2024-01-10,27.13,rollback
LEAN_TIEBREAK,VZ,2024-01-03,39.53,891.2832,2024-01-09,2024-01-10,39.08,rollback
LEAN_TIEBREAK,TSCO,2024-01-05,42.742,838.2187,2024-01-09,2024-01-10,44.146,rollback
LEAN_TIEBREAK,PYPL,2024-01-09,60.28,593.6757,2024-01-22,2024-01-23,64.525,rollback
LEAN_TIEBREAK,PG,2024-01-02,146.36,246.1488,2024-01-24,2024-01-25,152.4,rollback
LEAN_TIEBREAK,AAL,2024-01-09,14.51,2466.4753,2024-01-30,2024-01-31,14.49,rollback
LEAN_TIEBREAK,AMZN,2024-01-10,152.06,234.6453,2024-01-30,2024-01-31,157.0,rollback
LEAN_TIEBREAK,PANW,2024-01-10,152.6,233.8033,2024-01-31,2024-02-01,169.5,rollback
LEAN_TIEBREAK,NOW,2024-01-10,141.5,252.1315,2024-01-31,2024-02-01,153.818,rollback
LEAN_TIEBREAK,T,2024-01-23,17.04,2115.5356,2024-02-06,2024-02-07,17.6,rollback
LEAN_TIEBREAK,F,2024-01-31,11.76,3103.0852,2024-02-14,2024-02-15,12.35,rollback
LEAN_TIEBREAK,MRO,2023-12-22,24.89,1444.5869,2024-02-28,2024-02-29,24.23,rollback
LEAN_TIEBREAK,AMD,2024-02-15,179.14,197.1803,2024-03-11,2024-03-12,200.52,rollback
LEAN_TIEBREAK,DVN,2024-01-31,43.18,845.0778,2024-03-12,2024-03-13,47.02,rollback
LEAN_TIEBREAK,PARA,2024-02-01,14.9,2435.6088,2024-03-21,2024-03-22,11.84,rollback
LEAN_TIEBREAK,DAL,2024-01-09,41.4,864.3715,2024-03-22,2024-03-25,45.48,rollback
LEAN_TIEBREAK,TFC,2024-01-25,38.0,957.4339,2024-04-01,2024-04-02,38.12,rollback
LEAN_TIEBREAK,BMY,2024-03-26,52.39,691.253,2024-04-01,2024-04-02,53.1,rollback
LEAN_TIEBREAK,KDP,2023-12-22,32.465,956.5516,2024-04-04,2024-04-05,30.7,rollback
LEAN_TIEBREAK,AMZN,2024-03-13,175.9,202.6417,2024-04-10,2024-04-11,186.74,rollback
LEAN_TIEBREAK,MO,2024-02-02,41.49,871.7345,2024-05-06,2024-05-07,43.6,rollback
LEAN_TIEBREAK,KO,2024-03-12,60.32,594.8452,2024-05-14,2024-05-15,63.06,rollback
LEAN_TIEBREAK,NFLX,2024-05-07,59.628,592.8382,2024-05-14,2024-05-15,61.857,rollback
LEAN_TIEBREAK,MSFT,2024-04-08,425.17,83.771,2024-05-17,2024-05-20,420.21,rollback
LEAN_TIEBREAK,AVGO,2024-03-22,135.0,268.4535,2024-05-21,2024-05-22,139.601,rollback
LEAN_TIEBREAK,AAPL,2024-02-07,190.64,189.2447,2024-05-23,2024-05-24,188.82,rollback
LEAN_TIEBREAK,VZ,2024-05-31,40.14,883.9418,2024-06-05,2024-06-06,41.31,rollback
LEAN_TIEBREAK,SBUX,2024-04-02,91.11,397.0069,2024-06-07,2024-06-10,81.49,rollback
LEAN_TIEBREAK,NCLH,2024-05-22,16.93,2130.3601,2024-06-07,2024-06-10,17.67,rollback
LEAN_TIEBREAK,WMT,2024-04-11,60.75,583.2019,2024-06-12,2024-06-13,66.3,rollback
LEAN_TIEBREAK,AVGO,2024-06-06,142.187,255.9119,2024-06-25,2024-06-26,159.762,rollback
LEAN_TIEBREAK,F,2024-05-15,12.49,2880.2729,2024-07-05,2024-07-08,12.97,rollback
LEAN_TIEBREAK,BKR,2024-05-15,32.6,1103.4605,2024-07-05,2024-07-08,34.14,rollback
LEAN_TIEBREAK,CRM,2024-06-26,241.47,150.1793,2024-07-08,2024-07-09,256.09,rollback
LEAN_TIEBREAK,VTRS,2024-04-04,12.16,2984.5974,2024-07-15,2024-07-16,11.0,rollback
LEAN_TIEBREAK,MDT,2024-06-10,83.72,433.4738,2024-07-18,2024-07-19,81.58,rollback
LEAN_TIEBREAK,XOM,2024-05-20,119.73,302.7298,2024-07-19,2024-07-22,115.18,rollback
LEAN_TIEBREAK,TSLA,2024-06-13,188.39,194.8469,2024-07-19,2024-07-22,244.21,rollback
LEAN_TIEBREAK,PCAR,2024-07-16,104.92,367.5445,2024-07-19,2024-07-22,108.4,rollback
LEAN_TIEBREAK,PFE,2024-07-11,28.78,1336.6895,2024-07-23,2024-07-24,29.51,rollback
LEAN_TIEBREAK,MTCH,2024-07-10,31.16,1226.2312,2024-07-24,2024-07-25,33.06,rollback
LEAN_TIEBREAK,WBD,2024-01-03,11.48,3183.1992,2024-07-25,2024-07-26,8.1,rollback
LEAN_TIEBREAK,PYPL,2024-07-23,60.72,645.9472,2024-08-02,2024-08-05,60.7,rollback
LEAN_TIEBREAK,NEE,2024-07-11,73.5,523.3742,2024-08-05,2024-08-06,76.85,rollback
LEAN_TIEBREAK,PG,2024-08-05,170.88,225.0376,2024-08-09,2024-08-12,169.4,rollback
LEAN_TIEBREAK,MMM,2024-06-10,100.43,361.3324,2024-08-16,2024-08-19,127.08,rollback
LEAN_TIEBREAK,CNC,2024-07-26,69.45,559.1815,2024-08-20,2024-08-21,78.46,rollback
LEAN_TIEBREAK,WBD,2024-08-21,7.8,5208.0702,2024-08-27,2024-08-28,8.12,rollback
LEAN_TIEBREAK,NFLX,2024-08-12,63.1,611.684,2024-08-28,2024-08-29,69.0,rollback
LEAN_TIEBREAK,SBUX,2024-07-22,78.33,504.19,2024-09-03,2024-09-04,93.37,rollback
LEAN_TIEBREAK,PEP,2024-09-04,177.9,225.8338,2024-09-06,2024-09-09,177.05,rollback
LEAN_TIEBREAK,PFE,2024-09-10,29.42,1374.7746,2024-09-17,2024-09-18,30.0,rollback
LEAN_TIEBREAK,MNST,2024-07-29,51.0,780.7976,2024-09-20,2024-09-23,51.19,rollback
LEAN_TIEBREAK,TSLA,2024-08-19,217.07,186.6417,2024-09-20,2024-09-23,242.61,rollback
LEAN_TIEBREAK,T,2024-08-07,19.2,2009.772,2024-09-23,2024-09-24,21.38,rollback
LEAN_TIEBREAK,CRM,2024-07-26,258.17,150.4323,2024-10-01,2024-10-02,273.72,rollback
LEAN_TIEBREAK,MU,2024-09-24,94.73,440.152,2024-10-01,2024-10-02,100.59,rollback
LEAN_TIEBREAK,BMY,2024-09-23,49.56,833.812,2024-10-08,2024-10-09,52.25,rollback
LEAN_TIEBREAK,XOM,2024-08-30,116.79,349.0214,2024-10-15,2024-10-16,120.89,rollback
LEAN_TIEBREAK,KEY,2024-10-07,16.69,2512.9884,2024-10-17,2024-10-18,17.16,rollback
LEAN_TIEBREAK,BAC,2024-10-07,40.21,1043.1205,2024-10-21,2024-10-22,41.65,rollback
LEAN_TIEBREAK,NFLX,2024-10-09,71.925,575.2723,2024-10-23,2024-10-24,75.197,rollback
LEAN_TIEBREAK,KVUE,2024-10-22,22.55,1865.0681,2024-11-12,2024-11-13,23.45,rollback
LEAN_TIEBREAK,AMZN,2024-10-18,187.15,226.6254,2024-11-15,2024-11-18,204.15,rollback
LEAN_TIEBREAK,BKR,2024-10-24,37.1,1131.9716,2024-11-25,2024-11-26,43.75,rollback
LEAN_TIEBREAK,VTRS,2024-08-29,11.91,3436.9342,2024-11-26,2024-11-27,13.08,rollback
LEAN_TIEBREAK,VZ,2024-11-18,41.67,1000.2518,2024-12-04,2024-12-05,42.59,rollback
LEAN_TIEBREAK,BA,2024-02-29,206.44,170.1807,2024-12-05,2024-12-06,157.03,rollback
LEAN_TIEBREAK,MRK,2024-07-30,123.48,324.5442,2024-12-10,2024-12-11,100.7,rollback
LEAN_TIEBREAK,META,2024-11-27,574.89,74.4022,2024-12-17,2024-12-18,621.0,rollback
LEAN_TIEBREAK,MSFT,2024-11-13,421.64,100.6865,2024-12-18,2024-12-19,441.62,rollback
LEAN_TIEBREAK,PFE,2024-10-16,29.5,1430.7758,2024-12-26,2024-12-27,26.43,rollback
LEAN_TIEBREAK,NVDA,2024-12-05,145.11,294.7764,2025-01-07,2025-01-08,142.58,rollback
LEAN_TIEBREAK,OXY,2024-12-27,48.2,859.796,2025-01-21,2025-01-22,50.4,rollback
LEAN_TIEBREAK,NEM,2024-12-12,41.62,1024.7697,2025-01-22,2025-01-23,41.51,rollback
LEAN_TIEBREAK,WBA,2025-01-08,9.5,4327.1903,2025-01-27,2025-01-28,11.27,rollback
LEAN_TIEBREAK,KO,2024-12-18,62.81,668.0684,2025-01-28,2025-01-29,62.56,rollback
LEAN_TIEBREAK,PLTR,2025-01-23,76.04,562.4427,2025-01-29,2025-01-30,80.02,rollback
LEAN_TIEBREAK,NKE,2024-09-23,85.4,483.9085,2025-01-31,2025-02-03,74.9,rollback
LEAN_TIEBREAK,CCL,2024-12-23,26.52,1563.8187,2025-02-03,2025-02-04,27.18,rollback
LEAN_TIEBREAK,GILD,2024-12-06,93.5,456.4732,2025-02-07,2025-02-10,96.04,rollback
LEAN_TIEBREAK,SMCI,2025-01-22,33.98,1265.1557,2025-02-11,2025-02-12,42.3,rollback
LEAN_TIEBREAK,MO,2025-02-03,52.0,808.6474,2025-02-11,2025-02-12,53.51,rollback
LEAN_TIEBREAK,FCX,2025-02-10,38.88,1108.4557,2025-02-14,2025-02-18,39.48,rollback
LEAN_TIEBREAK,MU,2025-02-18,102.635,437.8803,2025-02-19,2025-02-20,103.98,rollback
LEAN_TIEBREAK,INTC,2025-02-12,21.98,1979.3744,2025-02-24,2025-02-25,24.21,rollback
LEAN_TIEBREAK,AAPL,2025-01-29,234.12,183.3906,2025-02-25,2025-02-26,244.33,rollback
LEAN_TIEBREAK,WBA,2025-02-25,10.91,4195.4238,2025-02-26,2025-02-27,11.7,rollback
LEAN_TIEBREAK,MCHP,2024-07-23,91.77,427.3723,2025-02-27,2025-02-28,57.16,rollback
LEAN_TIEBREAK,PARA,2024-11-26,11.11,3888.6102,2025-03-10,2025-03-11,11.96,rollback
LEAN_TIEBREAK,NEE,2025-01-30,71.99,602.3784,2025-03-12,2025-03-13,73.2,rollback
LEAN_TIEBREAK,MRK,2025-02-28,90.705,499.8463,2025-03-12,2025-03-13,93.4,rollback
LEAN_TIEBREAK,GM,2025-03-11,48.0,968.8181,2025-03-26,2025-03-27,46.99,rollback
LEAN_TIEBREAK,MU,2025-03-13,94.25,480.0601,2025-05-05,2025-05-06,79.04,rollback
LEAN_TIEBREAK,PFE,2025-01-28,26.78,1595.7602,2025-05-06,2025-05-07,22.99,rollback
LEAN_TIEBREAK,DIS,2025-02-20,111.24,411.7457,2025-05-06,2025-05-07,102.42,rollback
LEAN_TIEBREAK,F,2024-09-18,10.93,3774.5089,2025-05-07,2025-05-08,10.34,rollback
LEAN_TIEBREAK,UPS,2025-05-09,97.2,439.7638,2025-05-13,2025-05-14,99.85,rollback
LEAN_TIEBREAK,LUV,2025-02-27,30.87,1473.1697,2025-05-21,2025-05-22,31.67,rollback
LEAN_TIEBREAK,FSLR,2025-05-09,134.115,318.7034,2025-05-21,2025-05-22,159.95,rollback
LEAN_TIEBREAK,FCX,2025-05-27,39.14,1104.1163,2025-06-10,2025-06-11,41.385,rollback
LEAN_TIEBREAK,FAST,2025-05-15,40.265,1102.7989,2025-06-11,2025-06-12,42.495,rollback
LEAN_TIEBREAK,SLB,2025-02-12,41.53,1047.5433,2025-06-16,2025-06-17,36.22,rollback
LEAN_TIEBREAK,PFE,2025-05-27,23.55,1835.1283,2025-06-16,2025-06-17,24.27,rollback
LEAN_TIEBREAK,NEM,2025-05-12,51.02,860.5299,2025-06-20,2025-06-23,58.36,rollback
LEAN_TIEBREAK,XOM,2025-02-05,109.74,390.9017,2025-06-24,2025-06-25,108.11,rollback
LEAN_TIEBREAK,CMG,2025-06-17,52.25,857.0079,2025-06-26,2025-06-27,54.195,rollback
LEAN_TIEBREAK,KMI,2025-06-23,28.22,1592.3289,2025-07-01,2025-07-02,28.33,rollback
LEAN_TIEBREAK,DOC,2025-02-26,20.22,2257.3233,2025-07-07,2025-07-08,17.935,rollback
LEAN_TIEBREAK,AAPL,2025-05-13,210.43,212.3398,2025-07-07,2025-07-08,210.1,rollback
LEAN_TIEBREAK,GM,2025-06-12,49.46,898.8557,2025-07-07,2025-07-08,52.16,rollback
LEAN_TIEBREAK,F,2025-06-11,10.64,4205.6953,2025-07-11,2025-07-14,11.76,rollback
LEAN_TIEBREAK,DOW,2025-07-09,29.365,1609.949,2025-07-11,2025-07-14,29.25,rollback
LEAN_TIEBREAK,NKE,2025-06-27,69.79,660.1447,2025-07-14,2025-07-15,72.26,rollback
LEAN_TIEBREAK,HAL,2025-07-09,22.07,2185.8951,2025-07-14,2025-07-15,22.05,rollback
LEAN_TIEBREAK,AES,2025-07-02,10.85,4315.9495,2025-07-28,2025-07-29,13.49,rollback
LEAN_TIEBREAK,KVUE,2025-07-14,22.58,2123.0091,2025-07-28,2025-07-29,22.38,rollback
LEAN_TIEBREAK,META,2025-07-29,720.0,67.713,2025-08-01,2025-08-04,760.0,rollback
LEAN_TIEBREAK,CSCO,2025-08-05,68.69,704.691,2025-08-11,2025-08-12,70.785,rollback
LEAN_TIEBREAK,PLTR,2025-07-08,138.775,339.8566,2025-08-14,2025-08-15,179.725,rollback
LEAN_TIEBREAK,VZ,2025-03-27,44.48,1044.3918,2025-08-22,2025-08-25,44.44,rollback
LEAN_TIEBREAK,UBER,2025-08-12,91.19,520.0732,2025-08-25,2025-08-26,94.88,rollback
LEAN_TIEBREAK,CMCSA,2025-07-15,35.62,1352.3885,2025-08-26,2025-08-27,33.59,rollback
LEAN_TIEBREAK,INTC,2025-03-14,23.675,1927.8648,2025-08-29,2025-09-02,23.88,rollback
LEAN_TIEBREAK,XOM,2025-07-29,111.9,435.7086,2025-09-03,2025-09-04,112.105,rollback
LEAN_TIEBREAK,AVGO,2025-09-04,305.06,157.9918,2025-09-17,2025-09-18,350.0,rollback
LEAN_TIEBREAK,TSLA,2025-08-25,338.9,144.9732,2025-09-25,2025-09-26,428.3,rollback
LEAN_TIEBREAK,IBKR,2025-09-03,63.95,757.2361,2025-09-30,2025-10-01,67.86,rollback
LEAN_TIEBREAK,WBD,2025-08-28,12.19,4048.0072,2025-10-02,2025-10-03,19.378,rollback
LEAN_TIEBREAK,CMG,2025-10-03,40.27,1344.7694,2025-10-06,2025-10-07,41.5,rollback
LEAN_TIEBREAK,EQT,2025-07-15,58.3,822.9739,2025-10-09,2025-10-10,54.7,rollback
LEAN_TIEBREAK,PYPL,2025-09-18,70.08,755.3064,2025-10-10,2025-10-13,70.72,rollback
LEAN_TIEBREAK,KO,2025-10-13,66.23,808.7738,2025-10-20,2025-10-21,70.565,rollback
LEAN_TIEBREAK,CRM,2025-06-25,272.0,167.0585,2025-10-23,2025-10-24,257.42,rollback
LEAN_TIEBREAK,AAPL,2025-10-21,261.88,210.4649,2025-10-31,2025-11-03,270.42,rollback
LEAN_TIEBREAK,BMY,2025-07-15,47.15,1021.6261,2025-11-03,2025-11-04,45.49,rollback
LEAN_TIEBREAK,PLTR,2025-10-24,182.88,297.2653,2025-11-04,2025-11-05,189.0,rollback
LEAN_TIEBREAK,AMZN,2025-08-15,232.58,208.6723,2025-11-12,2025-11-13,243.05,rollback
LEAN_TIEBREAK,GOOGL,2025-10-07,248.27,222.8466,2025-11-13,2025-11-14,271.405,rollback
LEAN_TIEBREAK,CTRA,2025-08-27,23.95,2047.5326,2025-11-17,2025-11-18,25.74,rollback
LEAN_TIEBREAK,VZ,2025-10-01,43.915,1220.6572,2025-11-17,2025-11-18,41.03,rollback
LEAN_TIEBREAK,KHC,2025-11-19,24.915,2128.9797,2025-12-01,2025-12-02,25.38,rollback
LEAN_TIEBREAK,SCHW,2025-09-26,95.13,558.2382,2025-12-12,2025-12-15,96.73,rollback
LEAN_TIEBREAK,KDP,2025-11-19,27.29,1943.6013,2025-12-15,2025-12-16,29.34,rollback
LEAN_TIEBREAK,SLB,2025-12-02,36.31,1503.708,2025-12-15,2025-12-16,38.6,rollback
LEAN_TIEBREAK,DAL,2025-10-10,59.93,920.1742,2025-12-17,2025-12-18,70.82,rollback
LEAN_TIEBREAK,MRK,2025-12-19,100.6,541.1042,2025-12-30,2025-12-31,105.935,rollback
LEAN_TIEBREAK,SMCI,2025-06-17,43.24,1035.636,2025-12-31,,29.27,open
LEAN_TIEBREAK,HOOD,2025-11-03,148.79,382.8514,2025-12-31,,113.1,open
LEAN_TIEBREAK,CNC,2025-11-05,35.815,1543.1331,2025-12-31,,41.15,open
LEAN_TIEBREAK,PCG,2025-11-06,16.45,3379.0475,2025-12-31,,16.07,open
LEAN_TIEBREAK,T,2025-11-13,25.65,2144.1524,2025-12-31,,24.84,open
LEAN_TIEBREAK,NKE,2025-11-14,64.935,824.8861,2025-12-31,,63.71,open
LEAN_TIEBREAK,VICI,2025-12-16,28.61,1939.1476,2025-12-31,,28.12,open
LEAN_TIEBREAK,VZ,2025-12-18,40.78,1354.9024,2025-12-31,,40.73,open
LEAN_TIEBREAK,PG,2025-12-18,146.62,376.8255,2025-12-31,,143.31,open
LEAN_TIEBREAK,OXY,2025-12-31,41.46,1334.9238,2025-12-31,,41.12,open
LEAN_FILTER,AVGO,2016-02-01,13.334,749.5877,2016-02-02,2016-02-03,13.725,rollback
LEAN_FILTER,HAL,2016-02-01,31.29,319.3354,2016-02-05,2016-02-08,30.74,rollback
LEAN_FILTER,DOW,2016-02-03,45.73,214.2506,2016-02-11,2016-02-12,45.28,rollback
LEAN_FILTER,CVX,2016-02-09,85.08,108.9885,2016-02-18,2016-02-19,86.33,rollback
LEAN_FILTER,FOXA,2016-02-01,26.84,372.2432,2016-02-23,2016-02-24,26.71,rollback
LEAN_FILTER,XRX,2016-02-01,16.996,587.8152,2016-02-23,2016-02-24,16.513,rollback
LEAN_FILTER,MDLZ,2016-02-01,42.82,233.3374,2016-02-26,2016-02-29,40.54,rollback
LEAN_FILTER,JNPR,2016-02-19,24.0,407.0166,2016-02-26,2016-02-29,24.59,rollback
LEAN_FILTER,KLAC,2016-02-01,6.64,1505.0458,2016-03-02,2016-03-03,6.836,rollback
LEAN_FILTER,LRCX,2016-02-01,7.12,1403.7223,2016-03-08,2016-03-09,7.355,rollback
LEAN_FILTER,JPM,2016-02-01,59.16,168.9318,2016-03-08,2016-03-09,59.15,rollback
LEAN_FILTER,TAP,2016-02-01,90.5,110.4199,2016-03-08,2016-03-09,88.6,rollback
LEAN_FILTER,AMAT,2016-02-01,17.45,572.6364,2016-03-08,2016-03-09,19.01,rollback
LEAN_FILTER,BAC,2016-02-29,12.7,788.5809,2016-03-08,2016-03-09,13.17,rollback
LEAN_FILTER,GILD,2016-02-16,90.72,104.7284,2016-03-23,2016-03-24,89.61,rollback
LEAN_FILTER,WY,2016-02-24,24.0,405.8842,2016-04-04,2016-04-05,30.87,rollback
LEAN_FILTER,ATVI,2016-02-25,31.98,311.365,2016-04-05,2016-04-06,33.89,rollback
LEAN_FILTER,COP,2016-04-07,40.43,253.1178,2016-04-15,2016-04-18,42.09,rollback
LEAN_FILTER,F,2016-04-01,13.28,788.8419,2016-04-22,2016-04-25,13.59,rollback
LEAN_FILTER,MRO,2016-04-01,10.75,974.5436,2016-04-25,2016-04-26,14.09,rollback
LEAN_FILTER,MS,2016-04-04,25.49,410.1675,2016-04-28,2016-04-29,27.01,rollback
LEAN_FILTER,JPM,2016-04-04,59.44,141.1038,2016-04-28,2016-04-29,63.09,rollback
LEAN_FILTER,C,2016-04-04,42.36,246.8294,2016-04-29,2016-05-02,46.54,rollback
LEAN_FILTER,HAL,2016-04-07,35.97,284.5166,2016-05-03,2016-05-04,40.13,rollback
LEAN_FILTER,NWL,2016-05-02,46.21,237.3502,2016-05-13,2016-05-16,47.58,rollback
LEAN_FILTER,WFM,2016-05-06,29.95,362.9871,2016-05-27,2016-05-31,31.96,rollback
LEAN_FILTER,MSFT,2016-05-17,51.72,210.7655,2016-06-01,2016-06-02,52.64,rollback
LEAN_FILTER,CMCSA,2016-05-09,30.785,355.6131,2016-06-02,2016-06-03,31.835,rollback
LEAN_FILTER,MU,2016-04-04,11.06,945.4083,2016-06-09,2016-06-10,12.32,rollback
LEAN_FILTER,CPRI,2016-06-02,45.42,248.9165,2016-06-16,2016-06-17,49.1,rollback
LEAN_FILTER,SYY,2016-06-10,48.87,230.7397,2016-07-01,2016-07-05,50.75,rollback
LEAN_FILTER,T,2016-05-31,39.03,290.0763,2016-07-07,2016-07-08,42.13,rollback
LEAN_FILTER,ATVI,2016-06-17,39.03,287.708,2016-07-07,2016-07-08,40.64,rollback
LEAN_FILTER,HST,2016-04-01,16.47,636.0229,2016-07-13,2016-07-14,16.58,rollback
LEAN_FILTER,M,2016-06-03,33.93,336.3324,2016-07-13,2016-07-14,35.53,rollback
LEAN_FILTER,GOOG,2016-02-29,35.016,285.9972,2016-07-26,2016-07-27,36.914,rollback
LEAN_FILTER,CMG,2016-04-18,9.36,1149.0703,2016-07-26,2016-07-27,8.638,rollback
LEAN_FILTER,EBAY,2016-04-28,25.09,442.1089,2016-08-09,2016-08-10,31.11,rollback
LEAN_FILTER,AAPL,2016-07-08,24.1225,475.2206,2016-08-11,2016-08-12,26.945,rollback
LEAN_FILTER,AABA,2016-05-06,36.55,297.426,2016-08-23,2016-08-24,42.5,rollback
LEAN_FILTER,BLL,2016-07-14,71.62,163.93,2016-08-24,2016-08-25,79.76,rollback
LEAN_FILTER,WFC,2016-08-12,48.05,256.3256,2016-09-06,2016-09-07,49.79,rollback
LEAN_FILTER,FAST,2016-04-28,11.7725,942.1923,2016-10-07,2016-10-10,10.6175,rollback
LEAN_FILTER,NFLX,2016-07-05,9.52,1198.3831,2016-10-07,2016-10-10,10.318,rollback
LEAN_FILTER,FOXA,2016-07-14,28.18,416.652,2016-10-24,2016-10-25,25.59,rollback
LEAN_FILTER,GOOGL,2016-09-07,40.3965,305.8997,2016-10-25,2016-10-26,41.356,rollback
LEAN_FILTER,SBUX,2016-08-24,57.0,215.34,2016-11-09,2016-11-10,54.64,rollback
LEAN_FILTER,WMT,2016-08-10,24.5233,497.8027,2016-11-14,2016-11-15,23.5967,rollback
LEAN_FILTER,T,2016-08-01,43.25,277.3081,2016-12-02,2016-12-05,38.7,rollback
LEAN_FILTER,EBAY,2016-08-25,31.08,390.9548,2016-12-13,2016-12-14,29.85,rollback
LEAN_FILTER,BSX,2016-07-29,24.33,491.739,2016-12-28,2016-12-29,21.65,rollback
LEAN_FILTER,V,2017-01-04,79.44,152.5643,2017-01-12,2017-01-13,81.02,rollback
LEAN_FILTER,ABT,2017-01-04,39.06,310.2378,2017-01-12,2017-01-13,40.75,rollback
LEAN_FILTER,FAST,2017-01-13,12.035,992.7759,2017-01-26,2017-01-27,12.6025,rollback
LEAN_FILTER,HAL,2017-01-04,55.61,217.9193,2017-01-30,2017-01-31,56.73,rollback
LEAN_FILTER,EBAY,2017-01-27,31.95,375.9132,2017-01-31,2017-02-01,31.9,rollback
LEAN_FILTER,HPQ,2016-07-08,13.05,878.3859,2017-02-15,2017-02-16,15.99,rollback
LEAN_FILTER,COG,2017-01-03,22.98,527.6336,2017-02-16,2017-02-17,23.01,rollback
LEAN_FILTER,PYPL,2017-01-04,40.35,276.5563,2017-02-17,2017-02-21,41.93,rollback
LEAN_FILTER,JPM,2017-01-17,84.93,139.8362,2017-02-24,2017-02-27,90.32,rollback
LEAN_FILTER,EXC,2017-02-01,35.66,334.568,2017-02-27,2017-02-28,36.47,rollback
LEAN_FILTER,ENDP,2017-01-03,16.71,725.5784,2017-03-01,2017-03-02,12.7,index_drop
LEAN_FILTER,MU,2017-03-02,24.88,484.2861,2017-03-08,2017-03-09,25.23,rollback
LEAN_FILTER,LRCX,2017-02-22,11.763,1032.5437,2017-03-21,2017-03-22,12.408,rollback
LEAN_FILTER,HBI,2017-02-27,21.01,578.9278,2017-03-30,2017-03-31,20.75,rollback
LEAN_FILTER,SPLS,2017-01-31,9.21,1279.0722,2017-04-12,2017-04-13,9.5,rollback
LEAN_FILTER,CTL,2017-01-04,25.49,475.5166,2017-04-21,2017-04-24,25.5,rollback
LEAN_FILTER,NFLX,2017-04-18,14.734,793.4777,2017-04-28,2017-05-01,15.191,rollback
LEAN_FILTER,QCOM,2017-02-16,56.58,216.3353,2017-05-25,2017-05-26,57.66,rollback
LEAN_FILTER,F,2017-02-28,12.63,964.7928,2017-06-02,2017-06-05,11.36,rollback
LEAN_FILTER,NEE,2017-03-22,33.0025,356.3031,2017-06-08,2017-06-09,35.275,rollback
LEAN_FILTER,AMD,2017-05-02,11.73,999.9907,2017-06-09,2017-06-12,11.75,rollback
LEAN_FILTER,C,2017-03-31,60.31,195.991,2017-06-15,2017-06-16,64.16,rollback
LEAN_FILTER,SO,2017-04-24,50.03,234.551,2017-06-16,2017-06-19,51.49,rollback
LEAN_FILTER,BAC,2017-06-12,23.82,494.5109,2017-06-30,2017-07-03,24.46,rollback
LEAN_FILTER,RF,2017-06-09,14.14,834.3896,2017-07-05,2017-07-06,14.84,rollback
LEAN_FILTER,GILD,2017-01-04,74.53,162.607,2017-07-06,2017-07-07,69.69,rollback
LEAN_FILTER,HPE,2017-07-06,16.85,693.9378,2017-07-24,2017-07-25,17.84,rollback
LEAN_FILTER,AVGO,2017-07-10,24.051,480.2961,2017-07-27,2017-07-28,24.892,rollback
LEAN_FILTER,AMZN,2017-06-19,50.85,231.8349,2017-07-28,2017-07-31,50.9525,rollback
LEAN_FILTER,OXY,2017-06-19,61.68,191.119,2017-07-31,2017-08-01,62.1,rollback
LEAN_FILTER,KMI,2017-01-04,21.67,559.313,2017-08-01,2017-08-02,20.2,rollback
LEAN_FILTER,TSCO,2017-03-09,14.518,815.7372,2017-08-03,2017-08-04,11.14,rollback
LEAN_FILTER,T,2017-02-21,41.37,292.7629,2017-08-08,2017-08-09,38.2,rollback
LEAN_FILTER,TJX,2017-07-03,36.325,322.8812,2017-08-09,2017-08-10,35.345,rollback
LEAN_FILTER,HBI,2017-08-03,23.76,505.5551,2017-08-09,2017-08-10,24.11,rollback
LEAN_FILTER,INTC,2017-05-26,36.26,318.3977,2017-08-10,2017-08-11,36.26,rollback
LEAN_FILTER,BMY,2017-08-01,57.15,210.7071,2017-09-01,2017-09-05,59.54,rollback
LEAN_FILTER,MSFT,2017-08-15,73.59,162.7105,2017-09-01,2017-09-05,73.34,rollback
LEAN_FILTER,SPLS,2017-08-15,10.2,1173.7909,2017-09-12,2017-09-12,10.25,delisted
LEAN_FILTER,FAST,2017-06-05,11.0675,1051.1933,2017-09-19,2017-09-20,11.1075,rollback
LEAN_FILTER,BAC,2017-07-26,24.67,485.7336,2017-09-25,2017-09-26,24.83,rollback
LEAN_FILTER,PFE,2017-08-04,33.58,358.9544,2017-09-25,2017-09-26,35.51,rollback
LEAN_FILTER,GE,2017-09-05,124.9024,95.6074,2017-09-26,2017-09-27,124.6032,rollback
LEAN_FILTER,GOOGL,2017-09-28,47.8125,257.7706,2017-10-02,2017-10-03,48.378,rollback
LEAN_FILTER,HPE,2017-09-26,14.74,829.6941,2017-10-03,2017-10-04,14.7,rollback
LEAN_FILTER,RF,2017-08-01,14.68,820.3345,2017-10-09,2017-10-10,15.0,rollback
LEAN_FILTER,WFC,2017-09-13,51.39,231.9759,2017-10-09,2017-10-10,55.37,rollback
LEAN_FILTER,MO,2017-09-26,64.15,190.6326,2017-10-13,2017-10-16,65.05,rollback
LEAN_FILTER,MDLZ,2017-10-03,41.29,298.2586,2017-10-13,2017-10-16,41.64,rollback
LEAN_FILTER,AAPL,2017-10-10,39.0138,317.3216,2017-10-19,2017-10-20,39.1525,rollback
LEAN_FILTER,WMT,2017-10-10,27.56,449.1765,2017-10-30,2017-10-31,28.9533,rollback
LEAN_FILTER,NRG,2017-09-20,24.67,491.7087,2017-11-09,2017-11-10,27.75,rollback
LEAN_FILTER,SBUX,2017-07-28,55.23,217.8946,2017-11-13,2017-11-14,56.47,rollback
LEAN_FILTER,PG,2017-10-16,92.97,135.9876,2017-11-17,2017-11-20,88.43,rollback
LEAN_FILTER,F,2017-11-01,12.4,955.7366,2017-12-05,2017-12-06,12.4,rollback
LEAN_FILTER,T,2017-11-14,34.19,350.5864,2017-12-06,2017-12-07,36.13,rollback
LEAN_FILTER,CMCSA,2017-11-10,36.5,325.5565,2017-12-07,2017-12-08,38.5,rollback
LEAN_FILTER,TJX,2017-11-20,35.545,339.1396,2017-12-08,2017-12-11,36.87,rollback
LEAN_FILTER,CMG,2017-09-05,6.386,1870.0583,2017-12-14,2017-12-15,6.256,rollback
LEAN_FILTER,ORLY,2017-10-18,14.1567,891.1503,2017-12-14,2017-12-15,16.2553,rollback
LEAN_FILTER,VZ,2017-10-20,49.45,254.0223,2017-12-20,2017-12-21,52.81,rollback
LEAN_FILTER,GOOGL,2017-12-08,52.5905,242.2782,2017-12-20,2017-12-21,53.7695,rollback
LEAN_FILTER,INTC,2017-12-18,45.15,286.8263,2017-12-26,2017-12-27,46.11,rollback
LEAN_FILTER,MU,2017-12-21,45.55,290.9046,2018-01-08,2018-01-09,45.27,rollback
LEAN_FILTER,AMD,2017-10-04,13.31,924.2299,2018-01-09,2018-01-10,11.63,rollback
LEAN_FILTER,FCX,2017-12-07,14.2,889.736,2018-01-09,2018-01-10,19.07,rollback
LEAN_FILTER,CSX,2017-08-15,16.9633,705.8335,2018-01-10,2018-01-11,19.54,rollback
LEAN_FILTER,GLW,2017-12-11,32.4,394.8554,2018-01-10,2018-01-11,33.44,rollback
LEAN_FILTER,AMAT,2017-12-21,53.18,249.1546,2018-01-10,2018-01-11,53.47,rollback
LEAN_FILTER,TJX,2018-01-11,38.075,361.7088,2018-01-16,2018-01-17,38.36,rollback
LEAN_FILTER,AES,2017-08-09,11.45,1051.2141,2018-01-24,2018-01-25,11.15,rollback
LEAN_FILTER,COP,2017-12-06,51.07,249.9998,2018-01-25,2018-01-26,59.7,rollback
LEAN_FILTER,PM,2018-01-18,105.46,134.1299,2018-01-25,2018-01-26,107.36,rollback
LEAN_FILTER,C,2018-01-10,75.7,181.3894,2018-01-30,2018-01-31,78.78,rollback
LEAN_FILTER,MGM,2017-12-28,33.73,390.2779,2018-01-31,2018-02-01,36.49,rollback
LEAN_FILTER,T,2018-01-29,37.13,395.7624,2018-02-02,2018-02-05,37.81,rollback
LEAN_FILTER,NEE,2018-01-26,38.715,375.6715,2018-02-05,2018-02-06,37.9575,rollback
LEAN_FILTER,NFLX,2017-12-18,19.12,677.346,2018-02-20,2018-02-21,28.207,rollback
LEAN_FILTER,BA,2018-02-13,340.45,40.1691,2018-02-20,2018-02-21,352.56,rollback
LEAN_FILTER,MU,2018-01-18,44.21,319.9738,2018-02-21,2018-02-22,44.78,rollback
LEAN_FILTER,BMY,2018-01-11,61.99,222.1548,2018-02-22,2018-02-23,66.17,rollback
LEAN_FILTER,GOOGL,2018-02-22,55.9585,255.2188,2018-02-27,2018-02-28,56.1,rollback
LEAN_FILTER,PFE,2018-01-17,36.82,378.4459,2018-02-28,2018-03-01,36.12,rollback
LEAN_FILTER,KLAC,2018-02-21,11.081,1294.4882,2018-03-01,2018-03-02,11.005,rollback
LEAN_FILTER,NEE,2018-03-02,38.3,373.7049,2018-03-06,2018-03-07,38.185,rollback
LEAN_FILTER,PCG,2018-03-01,41.09,353.5204,2018-03-07,2018-03-08,41.14,rollback
LEAN_FILTER,M,2018-01-11,25.47,540.7441,2018-03-08,2018-03-09,29.31,rollback
LEAN_FILTER,KO,2018-03-09,44.57,328.7415,2018-03-12,2018-03-13,44.67,rollback
LEAN_FILTER,SCHW,2018-02-02,54.75,257.7085,2018-03-14,2018-03-15,56.32,rollback
LEAN_FILTER,INTC,2018-02-21,46.67,307.3696,2018-03-15,2018-03-16,51.17,rollback
LEAN_FILTER,EXC,2018-02-01,38.53,373.5541,2018-03-19,2018-03-20,38.29,rollback
LEAN_FILTER,DHI,2018-03-13,44.6,332.6346,2018-04-06,2018-04-09,45.52,rollback
LEAN_FILTER,MRK,2018-03-16,55.19,265.5123,2018-04-11,2018-04-12,56.6,rollback
LEAN_FILTER,SO,2018-03-02,43.98,325.4248,2018-04-18,2018-04-19,45.35,rollback
LEAN_FILTER,NFLX,2018-04-12,30.9719,464.3487,2018-04-23,2018-04-24,31.9217,rollback
LEAN_FILTER,HST,2018-03-15,18.96,775.8273,2018-04-24,2018-04-25,19.27,rollback
LEAN_FILTER,VZ,2018-03-09,49.2,297.82,2018-04-26,2018-04-27,50.25,rollback
LEAN_FILTER,KIM,2018-02-23,15.06,948.038,2018-04-30,2018-05-01,14.52,rollback
LEAN_FILTER,ABBV,2018-04-27,97.44,151.3863,2018-04-30,2018-05-01,102.1,rollback
LEAN_FILTER,CVX,2018-04-10,117.6,121.5486,2018-05-01,2018-05-02,124.2,rollback
LEAN_FILTER,NVDA,2018-03-21,6.233,2321.6068,2018-05-15,2018-05-16,6.1,rollback
LEAN_FILTER,ORLY,2018-03-07,16.6213,880.063,2018-05-18,2018-05-21,18.2567,rollback
LEAN_FILTER,WDC,2018-05-16,83.5,180.2632,2018-05-18,2018-05-21,86.63,rollback
LEAN_FILTER,MU,2018-04-19,52.9,277.6088,2018-05-31,2018-06-01,58.81,rollback
LEAN_FILTER,KO,2018-05-24,42.4,358.8131,2018-05-31,2018-06-01,43.1,rollback
LEAN_FILTER,F,2018-04-27,11.4,1294.019,2018-06-11,2018-06-12,12.07,rollback
LEAN_FILTER,HBAN,2018-06-04,15.22,989.1098,2018-06-11,2018-06-12,15.67,rollback
LEAN_FILTER,CMCSA,2018-04-24,34.09,423.32,2018-06-18,2018-06-19,32.17,rollback
LEAN_FILTER,CELG,2018-01-29,104.76,118.7479,2018-07-11,2018-07-12,83.88,rollback
LEAN_FILTER,FOXA,2018-05-01,36.43,398.2664,2018-07-11,2018-07-12,47.97,rollback
LEAN_FILTER,MGM,2018-06-13,31.47,494.1099,2018-07-19,2018-07-20,30.71,rollback
LEAN_FILTER,ORCL,2018-05-02,45.89,317.2807,2018-07-26,2018-07-27,48.99,rollback
LEAN_FILTER,PM,2018-05-24,81.6,186.4328,2018-07-31,2018-08-01,86.03,rollback
LEAN_FILTER,HST,2018-07-20,21.4,737.9179,2018-08-03,2018-08-06,21.56,rollback
LEAN_FILTER,WMB,2018-06-19,26.87,571.0702,2018-08-13,2018-08-14,30.76,rollback
LEAN_FILTER,TJX,2018-07-12,47.515,333.7235,2018-08-13,2018-08-14,49.8,rollback
LEAN_FILTER,CMG,2018-07-12,9.1978,1724.0717,2018-08-16,2018-08-17,10.1008,rollback
LEAN_FILTER,GGP,2018-05-01,20.02,724.7538,2018-08-27,2018-08-27,22.06,delisted
LEAN_FILTER,MRO,2018-06-12,21.48,717.6817,2018-08-30,2018-08-31,21.51,rollback
LEAN_FILTER,NLSN,2018-08-15,25.4,616.152,2018-08-30,2018-08-31,25.93,rollback
LEAN_FILTER,V,2018-08-14,140.3,111.7547,2018-09-17,2018-09-18,146.2,rollback
LEAN_FILTER,GILD,2018-08-31,76.32,207.3434,2018-10-04,2018-10-05,76.77,rollback
LEAN_FILTER,INTC,2018-09-04,48.38,326.8472,2018-10-04,2018-10-05,48.23,rollback
LEAN_FILTER,GE,2018-08-01,67.5344,235.4331,2018-10-11,2018-10-12,62.4512,rollback
LEAN_FILTER,SBUX,2018-10-15,56.37,256.3322,2018-10-19,2018-10-22,58.93,rollback
LEAN_FILTER,F,2018-08-28,10.08,1585.3661,2018-11-09,2018-11-12,9.38,rollback
LEAN_FILTER,BAC,2018-10-05,30.6,502.7912,2018-11-09,2018-11-12,28.38,rollback
LEAN_FILTER,FITB,2018-08-17,29.78,524.3301,2018-11-12,2018-11-13,27.59,rollback
LEAN_FILTER,KEY,2018-10-05,20.55,748.6444,2018-11-12,2018-11-13,18.27,rollback
LEAN_FILTER,PBCT,2018-11-16,15.96,905.1127,2018-11-19,2018-11-20,15.99,rollback
LEAN_FILTER,AMAT,2018-07-27,48.63,331.5401,2018-11-29,2018-11-30,36.47,rollback
LEAN_FILTER,NWL,2018-02-08,29.38,475.1398,2018-12-04,2018-12-06,23.28,rollback
LEAN_FILTER,PFE,2018-10-22,44.44,323.7212,2018-12-04,2018-12-06,44.58,rollback
LEAN_FILTER,KLAC,2018-11-21,9.562,1518.8688,2018-12-04,2018-12-06,9.421,rollback
LEAN_FILTER,BAX,2018-11-23,64.96,220.9575,2018-12-04,2018-12-06,66.35,rollback
LEAN_FILTER,COTY,2018-09-18,12.33,1253.4501,2019-01-09,2019-01-10,7.29,rollback
LEAN_FILTER,FB,2018-12-07,139.25,104.0778,2019-01-11,2019-01-14,142.0,rollback
LEAN_FILTER,TXN,2018-11-21,97.75,148.5698,2019-01-14,2019-01-15,96.99,rollback
LEAN_FILTER,ANET,2018-12-07,14.8863,973.5198,2019-01-16,2019-01-17,13.7369,rollback
LEAN_FILTER,HPQ,2018-12-07,23.9,606.334,2019-01-22,2019-01-23,21.41,rollback
LEAN_FILTER,CSX,2019-01-10,21.27,652.5318,2019-01-22,2019-01-23,22.0267,rollback
LEAN_FILTER,ABT,2019-01-14,68.41,203.662,2019-01-23,2019-01-24,70.0,rollback
LEAN_FILTER,WMB,2018-11-20,25.11,576.6835,2019-02-05,2019-02-06,27.15,rollback
LEAN_FILTER,KMI,2018-08-07,18.05,893.4082,2019-02-06,2019-02-07,18.02,rollback
LEAN_FILTER,ORLY,2019-01-15,22.75,616.6805,2019-02-06,2019-02-07,24.1067,rollback
LEAN_FILTER,AAPL,2019-01-28,38.9475,358.1098,2019-02-11,2019-02-12,42.525,rollback
LEAN_FILTER,WDC,2019-01-25,45.5,311.7858,2019-02-15,2019-02-19,48.42,rollback
LEAN_FILTER,WMT,2019-02-08,32.1133,448.1409,2019-02-20,2019-02-21,33.22,rollback
LEAN_FILTER,KEY,2019-02-08,17.01,846.0907,2019-02-21,2019-02-22,17.71,rollback
LEAN_FILTER,MDT,2019-01-18,88.52,161.7875,2019-02-25,2019-02-26,92.25,rollback
LEAN_FILTER,BMY,2018-12-07,53.23,272.2273,2019-03-06,2019-03-07,52.7,rollback
LEAN_FILTER,WFC,2019-02-26,49.49,298.0347,2019-03-19,2019-03-20,51.19,rollback
LEAN_FILTER,NVDA,2019-02-13,3.809,3873.8354,2019-03-20,2019-03-21,4.3833,rollback
LEAN_FILTER,AMZN,2019-02-06,83.5375,175.2951,2019-03-22,2019-03-25,87.8895,rollback
LEAN_FILTER,AMD,2019-03-20,26.49,568.5291,2019-03-22,2019-03-25,26.29,rollback
LEAN_FILTER,DHI,2019-03-08,40.34,352.877,2019-03-26,2019-03-27,42.14,rollback
LEAN_FILTER,FCX,2019-03-21,12.71,1173.3723,2019-04-05,2019-04-08,13.45,rollback
LEAN_FILTER,F,2019-03-27,8.75,1701.761,2019-04-15,2019-04-16,9.32,rollback
LEAN_FILTER,BKNG,2018-06-01,84.8396,177.586,2019-04-16,2019-04-17,73.9452,rollback
LEAN_FILTER,BAC,2019-02-19,28.93,518.5645,2019-04-22,2019-04-23,29.99,rollback
LEAN_FILTER,HRB,2019-02-22,24.66,600.4827,2019-04-23,2019-04-24,26.35,rollback
LEAN_FILTER,WMT,2019-04-08,32.8167,452.9721,2019-04-26,2019-04-29,33.96,rollback
LEAN_FILTER,NEE,2019-04-16,47.765,316.4989,2019-05-01,2019-05-02,48.21,rollback
LEAN_FILTER,FB,2019-03-27,167.85,88.7082,2019-05-02,2019-05-03,194.38,rollback
LEAN_FILTER,JNJ,2019-04-17,139.0,113.1801,2019-05-02,2019-05-03,141.29,rollback
LEAN_FILTER,CVS,2019-01-24,65.5,215.0179,2019-05-03,2019-05-06,55.97,rollback
LEAN_FILTER,GE,2019-04-29,47.6984,334.8861,2019-05-07,2019-05-08,50.24,rollback
LEAN_FILTER,QCOM,2018-11-30,58.22,254.6693,2019-05-08,2019-05-09,83.37,rollback
LEAN_FILTER,PFE,2019-05-03,41.22,392.375,2019-05-17,2019-05-20,41.4,rollback
LEAN_FILTER,COTY,2019-05-06,11.26,1410.7289,2019-05-22,2019-05-23,13.03,rollback
LEAN_FILTER,DWDP,2019-02-21,56.28,265.1124,2019-05-31,2019-05-31,30.52,delisted
LEAN_FILTER,AMD,2019-05-03,28.3,571.5659,2019-06-12,2019-06-13,32.39,rollback
LEAN_FILTER,AMAT,2019-05-20,41.8,375.3452,2019-06-12,2019-06-13,41.61,rollback
LEAN_FILTER,CMG,2019-05-03,14.1514,1142.9615,2019-06-13,2019-06-14,14.6776,rollback
LEAN_FILTER,CVX,2019-05-10,121.17,128.6931,2019-06-19,2019-06-20,124.31,rollback
LEAN_FILTER,CTL,2019-03-27,12.25,1215.4221,2019-06-21,2019-06-24,11.38,rollback
LEAN_FILTER,STX,2019-05-09,48.21,323.5925,2019-06-25,2019-06-26,47.24,rollback
LEAN_FILTER,WMT,2019-05-23,33.94,450.0999,2019-06-26,2019-06-27,36.6867,rollback
LEAN_FILTER,NVDA,2019-06-14,3.6128,4470.57,2019-07-02,2019-07-03,4.0793,rollback
LEAN_FILTER,JCI,2019-06-13,39.82,404.8035,2019-07-08,2019-07-09,41.66,rollback
LEAN_FILTER,ANET,2019-06-27,16.0494,1040.0138,2019-07-08,2019-07-09,16.6244,rollback
LEAN_FILTER,ORLY,2019-07-03,25.5333,666.4472,2019-07-19,2019-07-22,26.5413,rollback
LEAN_FILTER,EW,2019-07-10,63.01,272.0343,2019-08-05,2019-08-06,70.4867,rollback
LEAN_FILTER,APC,2019-06-27,70.69,236.1121,2019-08-08,2019-08-08,72.77,delisted
LEAN_FILTER,NEE,2019-08-07,52.8475,303.7875,2019-08-14,2019-08-15,53.6575,rollback
LEAN_FILTER,F,2019-06-14,10.01,1613.4334,2019-09-10,2019-09-11,9.29,rollback
LEAN_FILTER,AAPL,2019-08-19,52.655,309.2154,2019-09-13,2019-09-16,54.4325,rollback
LEAN_FILTER,ATVI,2019-04-24,46.45,342.6547,2019-09-16,2019-09-17,55.5,rollback
LEAN_FILTER,VZ,2019-06-20,57.9,286.3452,2019-09-16,2019-09-17,59.32,rollback
LEAN_FILTER,C,2019-06-05,65.45,237.4443,2019-09-19,2019-09-20,70.15,rollback
LEAN_FILTER,FCX,2019-07-22,11.56,1447.2345,2019-09-23,2019-09-24,10.31,rollback
LEAN_FILTER,NFLX,2019-04-23,37.545,420.5513,2019-10-18,2019-10-21,27.289,rollback
LEAN_FILTER,ALXN,2019-09-11,109.87,152.4554,2019-10-25,2019-10-28,105.0,rollback
LEAN_FILTER,AMD,2019-06-28,31.08,541.8299,2019-10-29,2019-10-30,32.93,rollback
LEAN_FILTER,MSFT,2019-08-09,138.61,119.9589,2019-10-31,2019-11-01,144.26,rollback
LEAN_FILTER,FTNT,2019-09-17,15.98,1051.9486,2019-10-31,2019-11-01,17.732,rollback
LEAN_FILTER,MRK,2019-09-23,84.91,196.0034,2019-11-01,2019-11-04,85.59,rollback
LEAN_FILTER,XOM,2019-11-04,70.07,244.5488,2019-11-06,2019-11-07,72.03,rollback
LEAN_FILTER,MRO,2019-11-04,12.32,1390.8017,2019-11-06,2019-11-07,12.61,rollback
LEAN_FILTER,JNJ,2019-07-09,141.46,119.962,2019-11-18,2019-11-19,135.0,rollback
LEAN_FILTER,HPQ,2019-10-28,17.46,965.7715,2019-11-20,2019-11-21,19.81,rollback
LEAN_FILTER,CMG,2019-09-18,16.5,1015.1969,2019-12-04,2019-12-05,16.18,rollback
LEAN_FILTER,KO,2019-10-21,54.45,306.4589,2019-12-05,2019-12-06,54.31,rollback
LEAN_FILTER,NEM,2019-09-18,39.53,423.7266,2019-12-06,2019-12-09,40.12,rollback
LEAN_FILTER,SLB,2019-11-21,36.42,472.6286,2019-12-13,2019-12-16,39.11,rollback
LEAN_FILTER,F,2019-11-04,8.93,1918.9687,2019-12-17,2019-12-18,9.39,rollback
LEAN_FILTER,ATVI,2019-10-31,55.93,303.8421,2019-12-24,2019-12-26,58.81,rollback
LEAN_FILTER,HAL,2019-12-05,21.6,800.3234,2019-12-26,2019-12-27,24.55,rollback
LEAN_FILTER,NVDA,2019-11-19,5.2758,3281.6685,2019-12-27,2019-12-30,5.8998,rollback
LEAN_FILTER,NFLX,2019-12-18,31.626,576.3554,2019-12-27,2019-12-30,32.908,rollback
LEAN_FILTER,AMZN,2019-12-17,88.9005,204.2789,2019-12-31,2020-01-02,93.75,rollback
LEAN_FILTER,GIS,2020-01-02,53.63,342.9136,2020-01-22,2020-01-23,53.83,rollback
LEAN_FILTER,TSCO,2019-12-06,19.51,888.975,2020-02-07,2020-02-10,19.234,rollback
LEAN_FILTER,MPC,2019-11-08,65.87,258.5203,2020-02-14,2020-02-18,57.18,rollback
LEAN_FILTER,PEP,2019-12-30,136.7,134.5275,2020-02-18,2020-02-19,145.62,rollback
LEAN_FILTER,WMT,2019-11-07,40.0,432.6671,2020-02-19,2020-02-20,39.07,rollback
LEAN_FILTER,AMD,2020-02-10,49.47,364.2032,2020-02-21,2020-02-24,48.175,rollback
LEAN_FILTER,NFLX,2020-03-03,38.103,431.3116,2020-04-01,2020-04-02,36.408,rollback
LEAN_FILTER,PM,2019-09-26,74.91,220.4006,2020-04-07,2020-04-08,75.17,rollback
LEAN_FILTER,CVS,2019-12-26,74.7,247.1462,2020-04-13,2020-04-14,59.88,rollback
LEAN_FILTER,HBI,2020-01-02,14.77,1245.1846,2020-04-13,2020-04-14,9.49,rollback
LEAN_FILTER,F,2020-04-09,5.51,2435.7467,2020-04-13,2020-04-14,5.27,rollback
LEAN_FILTER,USB,2019-12-27,60.36,306.6388,2020-04-14,2020-04-15,35.13,rollback
LEAN_FILTER,BAC,2019-12-09,33.5,520.2961,2020-04-15,2020-04-16,22.15,rollback
LEAN_FILTER,T,2020-01-23,38.96,463.0487,2020-04-21,2020-04-22,30.9,rollback
LEAN_FILTER,AAPL,2020-02-20,80.6575,227.9854,2020-04-21,2020-04-22,68.4025,rollback
LEAN_FILTER,GILD,2020-04-17,85.17,154.0231,2020-04-28,2020-04-29,83.97,rollback
LEAN_FILTER,TWTR,2020-04-23,28.43,449.5776,2020-04-28,2020-04-29,30.06,rollback
LEAN_FILTER,CCL,2020-04-15,11.88,1103.3107,2020-04-30,2020-05-01,14.9,rollback
LEAN_FILTER,PFE,2020-04-03,32.63,372.638,2020-05-01,2020-05-04,37.6,rollback
LEAN_FILTER,HBAN,2020-04-23,7.87,1623.9153,2020-05-01,2020-05-04,8.34,rollback
LEAN_FILTER,SYF,2020-04-23,16.06,795.7394,2020-05-01,2020-05-04,17.95,rollback
LEAN_FILTER,BEN,2020-02-19,26.16,706.9798,2020-05-05,2020-05-06,18.12,rollback
LEAN_FILTER,AMAT,2020-05-08,52.41,267.4558,2020-05-21,2020-05-22,55.02,rollback
LEAN_FILTER,FTNT,2020-04-30,21.6,681.8577,2020-05-26,2020-05-27,27.45,rollback
LEAN_FILTER,AAL,2020-04-15,12.52,1046.8591,2020-05-28,2020-05-29,10.48,rollback
LEAN_FILTER,BAC,2020-05-11,23.11,613.713,2020-05-28,2020-05-29,24.42,rollback
LEAN_FILTER,C,2020-05-11,45.21,313.6804,2020-05-28,2020-05-29,48.02,rollback
LEAN_FILTER,F,2020-05-11,5.18,2738.15,2020-05-29,2020-06-01,5.73,rollback
LEAN_FILTER,GPS,2020-05-22,8.21,1771.6256,2020-05-29,2020-06-01,9.38,rollback
LEAN_FILTER,VZ,2020-05-29,55.33,266.7568,2020-06-01,2020-06-02,55.82,rollback
LEAN_FILTER,HPQ,2020-04-29,15.9,911.4783,2020-06-09,2020-06-10,17.36,rollback
LEAN_FILTER,MRK,2020-05-29,79.46,185.7402,2020-06-09,2020-06-10,82.44,rollback
LEAN_FILTER,OXY,2020-02-20,42.7,430.6279,2020-06-10,2020-06-11,17.84,rollback
LEAN_FILTER,SLB,2020-04-23,15.85,806.3629,2020-06-10,2020-06-11,19.12,rollback
LEAN_FILTER,WFC,2020-05-27,27.8,562.5226,2020-06-10,2020-06-11,27.2,rollback
LEAN_FILTER,UA,2020-06-02,8.39,1757.1292,2020-06-10,2020-06-11,8.62,rollback
LEAN_FILTER,LRCX,2020-05-11,26.247,540.336,2020-06-11,2020-06-12,29.2803,rollback
LEAN_FILTER,COTY,2020-06-02,4.5,3276.2335,2020-06-11,2020-06-12,4.95,rollback
LEAN_FILTER,CRM,2020-06-11,176.64,86.7077,2020-06-23,2020-06-24,187.51,rollback
LEAN_FILTER,NFLX,2020-06-10,43.6,384.326,2020-06-24,2020-06-25,45.886,rollback
LEAN_FILTER,ORCL,2020-06-19,54.21,285.6032,2020-07-13,2020-07-14,56.67,rollback
LEAN_FILTER,GOOGL,2020-06-26,71.6315,206.957,2020-07-13,2020-07-14,74.6395,rollback
LEAN_FILTER,PFE,2020-05-29,38.27,385.691,2020-07-14,2020-07-15,35.99,rollback
LEAN_FILTER,F,2020-07-15,6.54,2351.4695,2020-07-17,2020-07-20,6.8,rollback
LEAN_FILTER,KO,2020-07-15,46.3,332.1348,2020-07-23,2020-07-24,48.4,rollback
LEAN_FILTER,AMD,2020-06-10,57.2,292.9625,2020-08-17,2020-08-18,82.8,rollback
LEAN_FILTER,V,2020-07-20,194.74,79.7164,2020-08-31,2020-09-01,212.21,rollback
LEAN_FILTER,CMG,2020-06-19,20.8,744.2789,2020-09-03,2020-09-04,26.6578,rollback
LEAN_FILTER,GOOG,2020-08-18,76.309,221.9332,2020-09-03,2020-09-04,81.213,rollback
LEAN_FILTER,KSS,2020-09-04,22.05,762.3978,2020-09-18,2020-09-21,22.53,index_drop
LEAN_FILTER,TWTR,2020-09-21,39.43,404.5179,2020-09-24,2020-09-25,43.21,rollback
LEAN_FILTER,LRCX,2020-09-25,32.472,474.1857,2020-10-16,2020-10-19,36.75,rollback
LEAN_FILTER,CSX,2020-07-15,23.5,654.3436,2020-11-06,2020-11-09,30.1167,rollback
LEAN_FILTER,MS,2020-06-26,48.3,306.9131,2020-11-10,2020-11-11,55.94,rollback
LEAN_FILTER,XOM,2020-07-28,43.91,364.5485,2020-11-10,2020-11-11,37.09,rollback
LEAN_FILTER,BAC,2020-09-08,26.14,630.2998,2020-11-12,2020-11-13,26.88,rollback
LEAN_FILTER,MYL,2020-11-11,15.71,1113.808,2020-11-16,2020-11-16,15.855,delisted
LEAN_FILTER,KMI,2020-11-11,13.07,1338.8522,2020-11-18,2020-11-19,13.7,rollback
LEAN_FILTER,MRO,2020-06-19,6.7,2310.9437,2020-11-25,2020-11-27,6.46,rollback
LEAN_FILTER,DVN,2020-06-19,13.42,1153.5192,2020-11-25,2020-11-27,14.98,rollback
LEAN_FILTER,AAL,2020-11-16,12.87,1374.4078,2020-11-27,2020-11-30,14.92,rollback
LEAN_FILTER,ABBV,2020-09-01,95.52,176.7357,2020-12-01,2020-12-02,104.0,rollback
LEAN_FILTER,NFLX,2020-11-30,49.008,388.2805,2020-12-08,2020-12-09,51.053,rollback
LEAN_FILTER,ATVI,2020-10-19,82.28,193.3136,2021-01-04,2021-01-05,90.32,rollback
LEAN_FILTER,NEE,2020-11-27,76.05,250.5012,2021-01-11,2021-01-12,79.65,rollback
LEAN_FILTER,GILD,2020-06-01,75.47,194.396,2021-01-13,2021-01-14,61.64,rollback
LEAN_FILTER,EBAY,2020-11-20,49.8,361.6912,2021-01-13,2021-01-14,55.83,rollback
LEAN_FILTER,GOOGL,2021-01-14,87.4435,230.1453,2021-01-27,2021-01-28,91.55,rollback
LEAN_FILTER,AAPL,2021-01-14,130.8,153.8663,2021-01-28,2021-01-29,135.83,rollback
LEAN_FILTER,KR,2020-11-09,31.98,531.2842,2021-01-29,2021-02-01,34.51,rollback
LEAN_FILTER,MSFT,2020-12-02,214.88,88.5447,2021-01-29,2021-02-01,235.06,rollback
LEAN_FILTER,NOW,2020-11-18,102.25,176.0763,2021-02-09,2021-02-10,117.152,rollback
LEAN_FILTER,CSCO,2021-02-02,45.52,438.7986,2021-02-09,2021-02-10,46.15,rollback
LEAN_FILTER,NVDA,2021-02-03,13.636,1469.6813,2021-02-09,2021-02-10,14.4633,rollback
LEAN_FILTER,CMCSA,2021-01-29,50.31,398.1928,2021-02-12,2021-02-16,53.0,rollback
LEAN_FILTER,HPE,2021-01-12,12.04,1657.1552,2021-02-17,2021-02-18,13.91,rollback
LEAN_FILTER,LRCX,2021-02-12,57.018,362.2789,2021-02-22,2021-02-23,55.655,rollback
LEAN_FILTER,AAL,2021-01-28,20.33,1003.2043,2021-02-25,2021-02-26,20.61,rollback
LEAN_FILTER,SCHW,2021-02-16,58.93,356.7016,2021-02-25,2021-02-26,62.91,rollback
LEAN_FILTER,VZ,2021-02-18,56.94,367.0116,2021-02-25,2021-02-26,56.47,rollback
LEAN_FILTER,ORCL,2021-02-23,64.42,328.8396,2021-03-04,2021-03-05,67.3101,rollback
LEAN_FILTER,AVGO,2021-03-02,49.037,432.3417,2021-03-29,2021-03-30,46.388,rollback
LEAN_FILTER,WMT,2021-01-05,48.8667,399.2598,2021-03-30,2021-03-31,45.1833,rollback
LEAN_FILTER,ORLY,2021-02-11,30.3853,686.5129,2021-04-05,2021-04-06,33.8347,rollback
LEAN_FILTER,CPRT,2020-12-14,29.375,658.292,2021-04-06,2021-04-07,28.1525,rollback
LEAN_FILTER,NFLX,2021-03-02,55.334,383.1605,2021-04-12,2021-04-13,55.7,rollback
LEAN_FILTER,CMG,2021-03-02,29.8682,709.7743,2021-04-13,2021-04-14,30.719,rollback
LEAN_FILTER,TWTR,2021-04-07,66.64,326.3074,2021-04-14,2021-04-15,70.55,rollback
LEAN_FILTER,AMZN,2020-11-27,160.563,118.6548,2021-04-19,2021-04-20,168.68,rollback
LEAN_FILTER,WFC,2021-03-31,39.27,541.8635,2021-04-20,2021-04-21,42.24,rollback
LEAN_FILTER,T,2021-03-05,29.01,710.9664,2021-04-26,2021-04-27,30.84,rollback
LEAN_FILTER,MOS,2021-04-14,32.44,671.4478,2021-04-30,2021-05-03,35.3,rollback
LEAN_FILTER,MDLZ,2021-04-21,59.37,359.5755,2021-05-04,2021-05-05,60.94,rollback
LEAN_FILTER,JNJ,2021-04-20,161.0,130.0467,2021-05-05,2021-05-06,166.79,rollback
LEAN_FILTER,VZ,2021-05-03,58.23,383.2842,2021-05-07,2021-05-10,59.08,rollback
LEAN_FILTER,NKE,2021-04-13,135.6,161.6605,2021-05-10,2021-05-11,138.38,rollback
LEAN_FILTER,HAL,2020-06-19,13.78,1123.496,2021-05-11,2021-05-12,22.63,rollback
LEAN_FILTER,ABBV,2021-03-30,106.86,198.1026,2021-05-11,2021-05-12,114.85,rollback
LEAN_FILTER,MS,2021-04-15,81.35,271.1141,2021-05-11,2021-05-12,85.4,rollback
LEAN_FILTER,KMI,2021-02-16,15.07,1394.9221,2021-05-13,2021-05-14,18.23,rollback
LEAN_FILTER,MRK,2021-05-06,77.44,291.8642,2021-05-18,2021-05-19,78.925,rollback
LEAN_FILTER,BMY,2021-05-14,65.2,349.3334,2021-05-25,2021-05-26,66.72,rollback
LEAN_FILTER,CCL,2021-04-27,27.59,800.1341,2021-06-03,2021-06-04,30.92,rollback
LEAN_FILTER,AAL,2021-05-17,22.32,1029.2752,2021-06-03,2021-06-04,25.13,rollback
LEAN_FILTER,NCLH,2021-05-19,28.31,811.6661,2021-06-03,2021-06-04,32.37,rollback
LEAN_FILTER,APH,2021-05-10,34.06,680.3275,2021-06-07,2021-06-08,34.27,rollback
LEAN_FILTER,MSFT,2021-06-07,249.98,101.111,2021-06-11,2021-06-14,257.9,rollback
LEAN_FILTER,F,2021-04-06,12.7,1703.7702,2021-06-14,2021-06-15,14.91,rollback
LEAN_FILTER,EBAY,2021-05-11,60.0443,377.2328,2021-06-14,2021-06-15,66.0,rollback
LEAN_FILTER,ORLY,2021-06-16,35.8133,698.6953,2021-06-23,2021-06-24,36.544,rollback
LEAN_FILTER,AMZN,2021-06-09,163.6435,153.6563,2021-06-24,2021-06-25,173.2,rollback
LEAN_FILTER,AMD,2021-05-26,77.83,308.2252,2021-07-07,2021-07-08,87.86,rollback
LEAN_FILTER,NFLX,2021-06-15,50.123,502.3906,2021-07-07,2021-07-08,53.093,rollback
LEAN_FILTER,MU,2021-06-16,82.73,302.476,2021-08-05,2021-08-06,81.2,rollback
LEAN_FILTER,CNP,2021-07-09,25.38,983.7225,2021-08-12,2021-08-13,26.87,rollback
LEAN_FILTER,WMT,2021-05-19,46.9033,489.9562,2021-08-18,2021-08-19,49.4433,rollback
LEAN_FILTER,GILD,2021-06-07,67.605,373.855,2021-08-19,2021-08-20,71.67,rollback
LEAN_FILTER,CSCO,2021-05-07,52.48,431.3367,2021-08-31,2021-09-01,59.02,rollback
LEAN_FILTER,MGM,2021-06-24,44.15,569.012,2021-09-01,2021-09-02,42.48,rollback
LEAN_FILTER,MO,2021-06-08,50.55,498.9889,2021-09-07,2021-09-08,50.66,rollback
LEAN_FILTER,AAPL,2021-08-13,148.97,171.4236,2021-09-08,2021-09-09,155.49,rollback
LEAN_FILTER,NOW,2021-08-20,118.21,213.2039,2021-09-08,2021-09-09,131.156,rollback
LEAN_FILTER,NFLX,2021-08-06,52.4,482.721,2021-09-13,2021-09-14,58.489,rollback
LEAN_FILTER,UAL,2021-09-08,46.7,562.9216,2021-09-28,2021-09-29,48.8808,rollback
LEAN_FILTER,CCL,2021-09-14,23.2,1107.2439,2021-09-29,2021-09-30,25.44,rollback
LEAN_FILTER,ORCL,2021-09-09,89.6,290.6607,2021-10-21,2021-10-22,96.29,rollback
LEAN_FILTER,UAA,2021-10-22,20.82,1229.6221,2021-10-29,2021-11-01,22.0,rollback
LEAN_FILTER,SBUX,2021-09-01,118.01,222.4842,2021-11-08,2021-11-09,114.65,rollback
LEAN_FILTER,GPS,2021-09-29,25.49,1033.5336,2021-11-08,2021-11-09,24.59,rollback
LEAN_FILTER,UAL,2021-11-02,47.915,529.819,2021-11-11,2021-11-12,51.35,rollback
LEAN_FILTER,BA,2021-06-25,250.75,101.0605,2021-11-16,2021-11-17,229.54,rollback
LEAN_FILTER,INTC,2021-11-09,51.54,500.067,2021-12-08,2021-12-09,51.3,rollback
LEAN_FILTER,KHC,2021-09-09,36.92,705.4307,2021-12-17,2021-12-20,35.26,rollback
LEAN_FILTER,CMG,2021-11-10,35.88,714.0241,2021-12-28,2021-12-29,34.789,rollback
LEAN_FILTER,VZ,2021-07-08,55.75,442.7027,2021-12-29,2021-12-30,52.38,rollback
LEAN_FILTER,FCX,2021-11-12,40.67,628.8044,2021-12-30,2021-12-31,41.64,rollback
LEAN_FILTER,BMY,2021-08-20,68.71,366.8185,2022-01-03,2022-01-04,61.5,rollback
LEAN_FILTER,LUV,2021-12-29,42.23,585.2608,2022-01-05,2022-01-06,44.48,rollback
LEAN_FILTER,LUMN,2021-12-20,12.48,1939.0467,2022-01-11,2022-01-12,13.31,rollback
LEAN_FILTER,T,2021-09-30,27.48,948.6712,2022-01-21,2022-01-24,26.19,rollback
LEAN_FILTER,WFC,2022-01-04,51.58,490.0725,2022-01-21,2022-01-24,52.73,rollback
LEAN_FILTER,LVS,2022-01-12,39.25,657.179,2022-01-27,2022-01-28,42.33,rollback
LEAN_FILTER,GPS,2022-01-26,17.88,1406.8357,2022-02-01,2022-02-02,18.46,index_drop
LEAN_FILTER,SLB,2021-12-31,29.57,839.1759,2022-02-02,2022-02-03,39.43,rollback
LEAN_FILTER,GOOGL,2022-02-02,151.25,165.853,2022-02-07,2022-02-08,139.0265,rollback
LEAN_FILTER,NCLH,2022-01-10,22.44,1143.5607,2022-02-10,2022-02-11,22.57,rollback
LEAN_FILTER,MS,2022-01-28,99.1,246.7072,2022-02-11,2022-02-14,104.03,rollback
LEAN_FILTER,AAL,2022-02-08,17.4,1415.5173,2022-02-11,2022-02-14,17.85,rollback
LEAN_FILTER,VIAC,2021-05-19,39.43,582.7901,2022-02-16,2022-02-16,29.58,delisted
LEAN_FILTER,NEM,2022-02-14,64.17,382.4662,2022-02-28,2022-03-01,66.94,rollback
LEAN_FILTER,MO,2022-02-14,50.37,487.2271,2022-03-07,2022-03-08,52.9,rollback
LEAN_FILTER,JNJ,2022-01-28,170.86,143.0848,2022-03-08,2022-03-09,170.01,rollback
LEAN_FILTER,KHC,2022-02-17,36.525,661.5965,2022-03-08,2022-03-09,39.11,rollback
LEAN_FILTER,CTRA,2022-03-01,23.68,1024.4525,2022-03-08,2022-03-09,25.65,rollback
LEAN_FILTER,SLB,2022-03-08,43.05,572.2924,2022-03-09,2022-03-10,43.1,rollback
LEAN_FILTER,KMI,2022-02-14,17.51,1401.7181,2022-03-11,2022-03-14,17.9,rollback
LEAN_FILTER,AVGO,2022-03-10,58.556,414.8978,2022-03-21,2022-03-22,60.172,rollback
LEAN_FILTER,HST,2022-03-11,18.47,1326.9901,2022-03-21,2022-03-22,18.47,rollback
LEAN_FILTER,ORCL,2021-11-17,95.76,266.5304,2022-03-23,2022-03-24,80.65,rollback
LEAN_FILTER,PYPL,2021-12-09,196.06,123.3107,2022-03-23,2022-03-24,115.82,rollback
LEAN_FILTER,KIM,2022-03-10,23.54,1032.0111,2022-03-23,2022-03-24,24.02,rollback
LEAN_FILTER,KMI,2022-03-22,17.99,1399.9511,2022-03-28,2022-03-29,18.52,rollback
LEAN_FILTER,SCHW,2022-03-15,84.11,286.7722,2022-03-30,2022-03-31,88.45,rollback
LEAN_FILTER,TWTR,2021-09-02,65.97,398.8983,2022-03-31,2022-04-01,39.16,rollback
LEAN_FILTER,NKE,2021-12-30,168.31,146.4745,2022-03-31,2022-04-01,134.45,rollback
LEAN_FILTER,PM,2022-03-31,93.78,269.6868,2022-04-04,2022-04-05,95.41,rollback
LEAN_FILTER,VZ,2022-02-03,54.0,455.6606,2022-04-07,2022-04-08,52.73,rollback
LEAN_FILTER,XOM,2022-03-22,81.63,308.5432,2022-04-11,2022-04-12,85.71,rollback
LEAN_FILTER,GILD,2022-03-30,60.42,423.3725,2022-04-12,2022-04-13,61.62,rollback
LEAN_FILTER,KO,2022-03-25,61.12,411.3219,2022-04-26,2022-04-27,65.0,rollback
LEAN_FILTER,UAL,2022-04-14,45.49,552.8996,2022-04-26,2022-04-27,48.75,rollback
LEAN_FILTER,QCOM,2022-03-25,157.97,159.1362,2022-05-05,2022-05-06,141.248,rollback
LEAN_FILTER,DVN,2022-04-08,60.34,412.4573,2022-05-09,2022-05-10,63.51,rollback
LEAN_FILTER,MRK,2022-04-29,88.66,274.0648,2022-05-13,2022-05-16,90.79,rollback
LEAN_FILTER,OXY,2022-04-08,57.7,431.3504,2022-05-18,2022-05-19,63.03,rollback
LEAN_FILTER,SLB,2022-04-11,42.64,587.3335,2022-05-18,2022-05-19,40.04,rollback
LEAN_FILTER,KMI,2022-05-09,19.0,1269.9852,2022-05-18,2022-05-19,18.97,rollback
LEAN_FILTER,MU,2022-05-16,71.51,335.072,2022-05-18,2022-05-19,70.76,rollback
LEAN_FILTER,APA,2022-05-20,41.08,567.8333,2022-05-24,2022-05-25,43.51,rollback
LEAN_FILTER,BKR,2022-04-11,36.72,682.0576,2022-05-31,2022-06-01,36.53,rollback
LEAN_FILTER,V,2022-04-29,218.62,111.1397,2022-06-01,2022-06-02,211.89,rollback
LEAN_FILTER,C,2022-05-20,50.26,464.1416,2022-06-01,2022-06-02,52.4,rollback
LEAN_FILTER,BEN,2022-05-23,26.24,886.6737,2022-06-01,2022-06-02,26.63,rollback
LEAN_FILTER,GOOG,2022-06-01,114.9315,214.6831,2022-06-03,2022-06-06,116.7425,rollback
LEAN_FILTER,JPM,2022-05-24,124.36,187.95,2022-06-08,2022-06-09,127.37,rollback
LEAN_FILTER,FB,2022-06-03,195.98,124.2768,2022-06-08,2022-06-09,194.28,index_drop
LEAN_FILTER,GOOGL,2022-06-22,110.5565,198.8285,2022-06-27,2022-06-28,115.8025,rollback
LEAN_FILTER,GOOG,2022-06-22,111.163,197.7338,2022-06-27,2022-06-28,116.351,rollback
LEAN_FILTER,BMY,2022-06-08,76.52,317.0586,2022-06-30,2022-07-01,76.98,rollback
LEAN_FILTER,MSFT,2022-06-30,257.05,85.0875,2022-07-11,2022-07-12,265.88,rollback
LEAN_FILTER,CCL,2022-04-14,19.71,1276.1369,2022-07-21,2022-07-22,9.9,rollback
LEAN_FILTER,NCLH,2022-06-03,15.65,1556.2013,2022-07-21,2022-07-22,12.7,rollback
LEAN_FILTER,HPE,2022-05-10,16.0,1462.4398,2022-07-22,2022-07-25,13.89,rollback
LEAN_FILTER,NFLX,2022-05-26,18.649,1272.7272,2022-07-22,2022-07-25,22.131,rollback
LEAN_FILTER,F,2022-03-25,16.74,1501.867,2022-07-26,2022-07-27,12.75,rollback
LEAN_FILTER,TSLA,2022-06-03,243.225,100.1418,2022-07-26,2022-07-27,263.81,rollback
LEAN_FILTER,CSCO,2022-03-16,55.93,439.4865,2022-08-01,2022-08-02,45.52,rollback
LEAN_FILTER,SLB,2022-07-25,35.65,672.2225,2022-08-01,2022-08-02,36.5,rollback
LEAN_FILTER,WMB,2022-07-14,30.2,721.5542,2022-08-02,2022-08-03,33.27,rollback
LEAN_FILTER,KO,2022-07-27,62.88,385.2825,2022-08-02,2022-08-03,63.55,rollback
LEAN_FILTER,MDLZ,2022-07-25,62.06,386.135,2022-08-04,2022-08-05,64.15,rollback
LEAN_FILTER,SCHW,2022-07-22,63.37,379.7696,2022-08-08,2022-08-09,68.81,rollback
LEAN_FILTER,GILD,2022-08-09,61.58,407.705,2022-08-11,2022-08-12,62.71,rollback
LEAN_FILTER,VTRS,2022-08-09,10.0301,2503.2384,2022-08-16,2022-08-17,10.99,rollback
LEAN_FILTER,CCL,2022-08-03,9.5,2625.5398,2022-08-17,2022-08-18,10.56,rollback
LEAN_FILTER,JPM,2022-08-08,116.25,216.6871,2022-08-18,2022-08-19,120.62,rollback
LEAN_FILTER,CMG,2022-07-01,26.0416,836.9218,2022-08-19,2022-08-22,32.8,rollback
LEAN_FILTER,BSX,2022-07-22,38.18,630.3615,2022-08-19,2022-08-22,41.62,rollback
LEAN_FILTER,WMT,2022-08-12,43.3333,600.0323,2022-08-19,2022-08-22,45.4,rollback
LEAN_FILTER,HAL,2022-08-19,29.55,882.018,2022-08-26,2022-08-29,31.17,rollback
LEAN_FILTER,APA,2022-08-19,35.962,724.7186,2022-08-31,2022-09-01,38.405,rollback
LEAN_FILTER,GILD,2022-09-02,65.04,388.0747,2022-09-13,2022-09-14,64.41,rollback
LEAN_FILTER,GM,2022-09-08,39.45,641.5433,2022-09-13,2022-09-14,40.74,rollback
LEAN_FILTER,NCLH,2022-09-08,13.72,1844.8552,2022-09-16,2022-09-19,15.1,rollback
LEAN_FILTER,DXCM,2022-08-26,87.73,299.5473,2022-10-14,2022-10-17,99.41,rollback
LEAN_FILTER,AAL,2022-08-02,14.05,1770.106,2022-10-20,2022-10-21,13.36,rollback
LEAN_FILTER,PFE,2022-07-27,51.94,466.4103,2022-10-27,2022-10-28,45.98,rollback
LEAN_FILTER,UAL,2022-08-02,37.22,668.1555,2022-11-02,2022-11-03,40.57,rollback
LEAN_FILTER,WMT,2022-09-08,45.1333,560.7866,2022-11-02,2022-11-03,46.5033,rollback
LEAN_FILTER,JNJ,2022-09-23,165.74,143.4571,2022-11-02,2022-11-03,169.81,rollback
LEAN_FILTER,CCL,2022-10-21,7.93,3130.5896,2022-11-02,2022-11-03,8.34,rollback
LEAN_FILTER,XOM,2022-09-15,96.22,265.0114,2022-11-09,2022-11-10,110.19,rollback
LEAN_FILTER,USB,2022-10-17,43.88,565.7045,2022-11-09,2022-11-10,44.0,rollback
LEAN_FILTER,MU,2022-08-19,61.835,421.524,2022-11-16,2022-11-17,57.3,rollback
LEAN_FILTER,NEM,2022-11-09,43.66,590.995,2022-11-16,2022-11-17,44.48,rollback
LEAN_FILTER,QCOM,2022-11-11,118.99,224.4052,2022-11-16,2022-11-17,118.95,rollback
LEAN_FILTER,V,2022-11-11,206.0,129.6148,2022-11-16,2022-11-17,207.96,rollback
LEAN_FILTER,AMD,2022-10-31,60.75,434.1043,2022-11-21,2022-11-22,72.72,rollback
LEAN_FILTER,KDP,2022-11-09,37.82,682.2197,2022-12-05,2022-12-06,37.98,rollback
LEAN_FILTER,MO,2022-11-23,45.21,585.9101,2022-12-05,2022-12-06,47.18,rollback
LEAN_FILTER,ABBV,2022-11-08,148.83,173.959,2022-12-09,2022-12-12,163.21,rollback
LEAN_FILTER,PCG,2022-11-21,15.1,1739.6302,2022-12-15,2022-12-16,16.09,rollback
LEAN_FILTER,LUMN,2022-06-28,11.5,2022.1775,2023-01-17,2023-01-18,5.59,rollback
LEAN_FILTER,LRCX,2022-12-13,48.554,539.6968,2023-01-17,2023-01-18,47.718,rollback
LEAN_FILTER,HAL,2022-12-21,37.96,628.2976,2023-01-17,2023-01-18,43.0,rollback
LEAN_FILTER,CCL,2022-11-30,9.81,2666.2732,2023-01-19,2023-01-20,10.28,rollback
LEAN_FILTER,AAL,2022-11-25,14.4,1840.1137,2023-01-24,2023-01-25,15.97,rollback
LEAN_FILTER,DIS,2022-11-25,98.81,268.1542,2023-02-06,2023-02-07,109.295,rollback
LEAN_FILTER,HBAN,2023-01-24,14.76,1858.074,2023-02-06,2023-02-07,15.34,rollback
LEAN_FILTER,WBD,2022-12-13,11.65,2249.533,2023-02-07,2023-02-08,15.26,rollback
LEAN_FILTER,TSLA,2023-01-18,136.555,203.0918,2023-02-16,2023-02-17,199.985,rollback
LEAN_FILTER,PCG,2023-01-26,15.96,1753.5945,2023-03-07,2023-03-08,16.32,rollback
LEAN_FILTER,BMY,2023-01-20,73.9,362.4242,2023-04-04,2023-04-05,69.46,rollback
LEAN_FILTER,APA,2023-01-20,44.86,597.0087,2023-04-04,2023-04-05,37.89,rollback
LEAN_FILTER,GILD,2023-02-07,86.6,332.4531,2023-04-04,2023-04-05,82.3,rollback
LEAN_FILTER,CNC,2023-04-06,66.28,394.546,2023-04-12,2023-04-13,67.52,rollback
LEAN_FILTER,MS,2023-04-14,86.43,304.654,2023-04-20,2023-04-21,90.48,rollback
LEAN_FILTER,CSX,2022-12-13,33.25,788.1429,2023-04-24,2023-04-25,31.06,rollback
LEAN_FILTER,MSFT,2023-04-27,295.97,87.6439,2023-05-03,2023-05-04,306.24,rollback
LEAN_FILTER,CMCSA,2023-02-17,39.71,708.1128,2023-05-04,2023-05-05,40.57,rollback
LEAN_FILTER,EQT,2022-11-07,42.57,601.6222,2023-05-19,2023-05-22,35.46,rollback
LEAN_FILTER,AAL,2023-03-08,16.41,1675.8609,2023-05-19,2023-05-22,14.915,rollback
LEAN_FILTER,KLAC,2023-02-08,41.298,699.4548,2023-05-23,2023-05-24,40.685,rollback
LEAN_FILTER,LRCX,2023-04-21,52.419,506.4417,2023-05-23,2023-05-24,56.354,rollback
LEAN_FILTER,AMAT,2023-05-04,113.05,228.2843,2023-05-23,2023-05-24,121.92,rollback
LEAN_FILTER,ANET,2023-05-22,36.31,747.0618,2023-06-06,2023-06-07,39.9175,rollback
LEAN_FILTER,KEY,2023-04-14,12.55,2098.2119,2023-06-08,2023-06-09,10.98,rollback
LEAN_FILTER,WBD,2023-06-07,12.12,2303.1708,2023-06-15,2023-06-16,13.09,rollback
LEAN_FILTER,PYPL,2022-09-15,95.1,268.119,2023-06-21,2023-06-22,67.52,rollback
LEAN_FILTER,INTC,2023-05-05,31.38,835.3467,2023-06-21,2023-06-22,32.69,rollback
LEAN_FILTER,F,2023-05-24,11.64,2309.7298,2023-06-21,2023-06-22,13.91,rollback
LEAN_FILTER,VZ,2023-06-13,35.5,813.7965,2023-07-06,2023-07-07,36.22,rollback
LEAN_FILTER,MRO,2023-05-22,23.13,1172.6959,2023-07-14,2023-07-17,24.05,rollback
LEAN_FILTER,OXY,2023-05-24,60.17,446.7993,2023-07-14,2023-07-17,59.1,rollback
LEAN_FILTER,CRM,2023-06-23,210.5,133.3258,2023-07-17,2023-07-18,227.05,rollback
LEAN_FILTER,SLB,2023-05-24,45.96,584.9123,2023-07-21,2023-07-24,56.22,rollback
LEAN_FILTER,HBAN,2023-07-10,10.82,2676.4329,2023-07-21,2023-07-24,11.85,rollback
LEAN_FILTER,KO,2023-06-16,61.6,472.4529,2023-07-25,2023-07-26,61.86,rollback
LEAN_FILTER,SCHW,2023-02-07,79.13,363.8554,2023-07-27,2023-07-28,66.1,rollback
LEAN_FILTER,INTC,2023-07-18,34.28,864.4639,2023-07-31,2023-08-01,35.82,rollback
LEAN_FILTER,KLAC,2023-07-28,50.0,597.8234,2023-08-02,2023-08-03,49.727,rollback
LEAN_FILTER,TSCO,2023-07-28,45.06,663.3306,2023-08-04,2023-08-07,44.462,rollback
LEAN_FILTER,AMZN,2023-08-07,140.99,209.6691,2023-08-08,2023-08-09,139.97,rollback
LEAN_FILTER,WBD,2023-08-04,12.94,2277.5286,2023-08-09,2023-08-10,14.28,rollback
LEAN_FILTER,MRK,2023-07-24,109.99,273.4387,2023-08-24,2023-08-25,109.94,rollback
LEAN_FILTER,VZ,2023-08-14,33.19,877.5349,2023-09-05,2023-09-06,34.1,rollback
LEAN_FILTER,MO,2023-04-14,45.14,583.2948,2023-09-13,2023-09-14,43.82,rollback
LEAN_FILTER,T,2023-06-28,15.81,1796.233,2023-09-18,2023-09-19,15.06,rollback
LEAN_FILTER,KHC,2023-07-17,35.69,823.7772,2023-09-22,2023-09-25,34.11,rollback
LEAN_FILTER,KMI,2023-08-14,17.81,1635.257,2023-10-19,2023-10-20,17.04,rollback
LEAN_FILTER,MRO,2023-09-28,27.265,1022.0253,2023-10-23,2023-10-24,28.37,rollback
LEAN_FILTER,T,2023-10-20,15.19,1860.2816,2023-10-25,2023-10-26,15.17,rollback
LEAN_FILTER,IBM,2023-10-27,143.62,188.5706,2023-11-09,2023-11-10,147.44,rollback
LEAN_FILTER,GOOG,2023-08-28,132.08,219.5693,2023-11-17,2023-11-20,135.5,rollback
LEAN_FILTER,GOOGL,2023-11-13,131.78,223.7054,2023-11-17,2023-11-20,133.69,rollback
LEAN_FILTER,CCL,2023-07-24,17.88,1682.1604,2023-11-24,2023-11-27,14.38,rollback
LEAN_FILTER,META,2023-09-06,301.71,97.257,2023-11-24,2023-11-27,336.18,rollback
LEAN_FILTER,CMG,2023-06-22,41.38,685.3392,2023-11-27,2023-11-28,44.2,rollback
LEAN_FILTER,ORCL,2023-07-17,118.85,247.3881,2023-11-27,2023-11-28,116.0,rollback
LEAN_FILTER,AMD,2023-08-01,114.26,262.544,2023-11-27,2023-11-28,121.98,rollback
LEAN_FILTER,DIS,2023-09-15,85.22,344.847,2023-11-28,2023-11-29,92.6,rollback
LEAN_FILTER,HPE,2023-11-30,16.84,1805.181,2023-12-04,2023-12-05,16.43,rollback
LEAN_FILTER,MRK,2023-10-26,103.1,263.4609,2023-12-07,2023-12-08,103.79,rollback
LEAN_FILTER,NEE,2023-11-20,57.0,533.7812,2023-12-15,2023-12-18,61.6,rollback
LEAN_FILTER,BMY,2023-12-06,50.32,609.7628,2023-12-15,2023-12-18,51.15,rollback
LEAN_FILTER,GILD,2023-12-01,76.78,397.3419,2023-12-18,2023-12-19,79.58,rollback
LEAN_FILTER,WBD,2023-12-04,11.24,2720.2206,2023-12-18,2023-12-19,11.94,rollback
LEAN_FILTER,KR,2023-12-01,44.51,685.4512,2023-12-19,2023-12-20,44.88,rollback
LEAN_FILTER,CMCSA,2023-09-19,45.57,636.3959,2023-12-20,2023-12-21,44.22,rollback
LEAN_FILTER,AMD,2023-12-08,129.54,239.8465,2023-12-20,2023-12-21,138.14,rollback
LEAN_FILTER,GOOGL,2023-12-19,136.84,235.0918,2023-12-27,2023-12-28,140.78,rollback
LEAN_FILTER,GOOG,2023-12-19,138.0,233.0923,2023-12-27,2023-12-28,141.85,rollback
LEAN_FILTER,WMT,2023-12-19,51.6133,623.257,2023-12-28,2023-12-29,52.51,rollback
LEAN_FILTER,OXY,2023-12-19,59.12,544.0652,2023-12-28,2023-12-29,60.0,rollback
LEAN_FILTER,WBA,2023-12-05,20.73,1483.3864,2024-01-03,2024-01-04,24.19,rollback
LEAN_FILTER,PFE,2023-12-01,28.97,1053.1916,2024-01-04,2024-01-05,29.02,rollback
LEAN_FILTER,CVS,2023-11-20,68.4,444.7954,2024-01-08,2024-01-09,80.55,rollback
LEAN_FILTER,T,2023-12-20,16.57,1923.7656,2024-01-08,2024-01-09,16.97,rollback
LEAN_FILTER,NI,2023-12-29,26.41,1246.6876,2024-01-09,2024-01-10,27.13,rollback
LEAN_FILTER,VZ,2024-01-03,39.53,814.1706,2024-01-09,2024-01-10,39.08,rollback
LEAN_FILTER,TSCO,2024-01-05,42.742,765.6971,2024-01-09,2024-01-10,44.146,rollback
LEAN_FILTER,PYPL,2024-01-09,60.28,542.3116,2024-01-22,2024-01-23,64.525,rollback
LEAN_FILTER,PG,2024-01-02,146.36,224.8523,2024-01-24,2024-01-25,152.4,rollback
LEAN_FILTER,AAL,2024-01-09,14.51,2253.0792,2024-01-30,2024-01-31,14.49,rollback
LEAN_FILTER,AMZN,2024-01-10,152.06,214.3441,2024-01-30,2024-01-31,157.0,rollback
LEAN_FILTER,PANW,2024-01-10,152.6,213.575,2024-01-31,2024-02-01,169.5,rollback
LEAN_FILTER,NOW,2024-01-10,141.5,230.3174,2024-01-31,2024-02-01,153.818,rollback
LEAN_FILTER,T,2024-01-23,17.04,1932.5023,2024-02-06,2024-02-07,17.6,rollback
LEAN_FILTER,F,2024-01-31,11.76,2834.6105,2024-02-14,2024-02-15,12.35,rollback
LEAN_FILTER,MRO,2023-12-22,24.89,1319.6032,2024-02-28,2024-02-29,24.23,rollback
LEAN_FILTER,AMD,2024-02-15,179.14,180.1205,2024-03-11,2024-03-12,200.52,rollback
LEAN_FILTER,DVN,2024-01-31,43.18,771.9628,2024-03-12,2024-03-13,47.02,rollback
LEAN_FILTER,PARA,2024-02-01,14.9,2224.8832,2024-03-21,2024-03-22,11.84,rollback
LEAN_FILTER,DAL,2024-01-09,41.4,789.5873,2024-03-22,2024-03-25,45.48,rollback
LEAN_FILTER,TFC,2024-01-25,38.0,874.5981,2024-04-01,2024-04-02,38.12,rollback
LEAN_FILTER,BMY,2024-03-26,52.39,631.4468,2024-04-01,2024-04-02,53.1,rollback
LEAN_FILTER,KDP,2023-12-22,32.465,873.792,2024-04-04,2024-04-05,30.7,rollback
LEAN_FILTER,AMZN,2024-03-13,175.9,185.1094,2024-04-10,2024-04-11,186.74,rollback
LEAN_FILTER,MO,2024-02-02,41.49,796.3132,2024-05-06,2024-05-07,43.6,rollback
LEAN_FILTER,KO,2024-03-12,60.32,543.38,2024-05-14,2024-05-15,63.06,rollback
LEAN_FILTER,NFLX,2024-05-07,59.628,541.5467,2024-05-14,2024-05-15,61.857,rollback
LEAN_FILTER,MSFT,2024-04-08,425.17,76.5233,2024-05-17,2024-05-20,420.21,rollback
LEAN_FILTER,AVGO,2024-03-22,135.0,245.2273,2024-05-21,2024-05-22,139.601,rollback
LEAN_FILTER,AAPL,2024-02-07,190.64,172.8715,2024-05-23,2024-05-24,188.82,rollback
LEAN_FILTER,VZ,2024-05-31,40.14,807.4643,2024-06-05,2024-06-06,41.31,rollback
LEAN_FILTER,SBUX,2024-04-02,91.11,362.6584,2024-06-07,2024-06-10,81.49,rollback
LEAN_FILTER,NCLH,2024-05-22,16.93,1946.0443,2024-06-07,2024-06-10,17.67,rollback
LEAN_FILTER,WMT,2024-04-11,60.75,532.7441,2024-06-12,2024-06-13,66.3,rollback
LEAN_FILTER,AVGO,2024-06-06,142.187,233.7707,2024-06-25,2024-06-26,159.762,rollback
LEAN_FILTER,F,2024-05-15,12.49,2631.0757,2024-07-05,2024-07-08,12.97,rollback
LEAN_FILTER,BKR,2024-05-15,32.6,1007.9906,2024-07-05,2024-07-08,34.14,rollback
LEAN_FILTER,CRM,2024-06-26,241.47,137.186,2024-07-08,2024-07-09,256.09,rollback
LEAN_FILTER,VTRS,2024-04-04,12.16,2726.3741,2024-07-15,2024-07-16,11.0,rollback
LEAN_FILTER,MDT,2024-06-10,83.72,395.9702,2024-07-18,2024-07-19,81.58,rollback
LEAN_FILTER,XOM,2024-05-20,119.73,276.538,2024-07-19,2024-07-22,115.18,rollback
LEAN_FILTER,TSLA,2024-06-13,188.39,177.989,2024-07-19,2024-07-22,244.21,rollback
LEAN_FILTER,PCAR,2024-07-16,104.92,335.7451,2024-07-19,2024-07-22,108.4,rollback
LEAN_FILTER,PFE,2024-07-11,28.78,1221.041,2024-07-23,2024-07-24,29.51,rollback
LEAN_FILTER,MTCH,2024-07-10,31.16,1120.1394,2024-07-24,2024-07-25,33.06,rollback
LEAN_FILTER,WBD,2024-01-03,11.48,2907.7932,2024-07-25,2024-07-26,8.1,rollback
LEAN_FILTER,PYPL,2024-07-23,60.72,590.0607,2024-08-02,2024-08-05,60.7,rollback
LEAN_FILTER,NEE,2024-07-11,73.5,478.0926,2024-08-05,2024-08-06,76.85,rollback
LEAN_FILTER,PG,2024-08-05,170.88,205.5677,2024-08-09,2024-08-12,169.4,rollback
LEAN_FILTER,MMM,2024-06-10,100.43,330.0704,2024-08-16,2024-08-19,127.08,rollback
LEAN_FILTER,CNC,2024-07-26,69.45,510.8019,2024-08-20,2024-08-21,78.46,rollback
LEAN_FILTER,WBD,2024-08-21,7.8,4757.4751,2024-08-27,2024-08-28,8.12,rollback
LEAN_FILTER,NFLX,2024-08-12,63.1,558.7619,2024-08-28,2024-08-29,69.0,rollback
LEAN_FILTER,SBUX,2024-07-22,78.33,460.5682,2024-09-03,2024-09-04,93.37,rollback
LEAN_FILTER,PEP,2024-09-04,177.9,206.295,2024-09-06,2024-09-09,177.05,rollback
LEAN_FILTER,PFE,2024-09-10,29.42,1255.8309,2024-09-17,2024-09-18,30.0,rollback
LEAN_FILTER,MNST,2024-07-29,51.0,713.244,2024-09-20,2024-09-23,51.19,rollback
LEAN_FILTER,TSLA,2024-08-19,217.07,170.4937,2024-09-20,2024-09-23,242.61,rollback
LEAN_FILTER,T,2024-08-07,19.2,1835.8892,2024-09-23,2024-09-24,21.38,rollback
LEAN_FILTER,CRM,2024-07-26,258.17,137.4171,2024-10-01,2024-10-02,273.72,rollback
LEAN_FILTER,MU,2024-09-24,94.73,402.0707,2024-10-01,2024-10-02,100.59,rollback
LEAN_FILTER,BMY,2024-09-23,49.56,761.6717,2024-10-08,2024-10-09,52.25,rollback
LEAN_FILTER,XOM,2024-08-30,116.79,318.8245,2024-10-15,2024-10-16,120.89,rollback
LEAN_FILTER,KEY,2024-10-07,16.69,2295.5681,2024-10-17,2024-10-18,17.16,rollback
LEAN_FILTER,BAC,2024-10-07,40.21,952.8711,2024-10-21,2024-10-22,41.65,rollback
LEAN_FILTER,NFLX,2024-10-09,71.925,525.5006,2024-10-23,2024-10-24,75.197,rollback
LEAN_FILTER,KVUE,2024-10-22,22.55,1703.705,2024-11-12,2024-11-13,23.45,rollback
LEAN_FILTER,AMZN,2024-10-18,187.15,207.0181,2024-11-15,2024-11-18,204.15,rollback
LEAN_FILTER,BKR,2024-10-24,37.1,1034.0349,2024-11-25,2024-11-26,43.75,rollback
LEAN_FILTER,VTRS,2024-08-29,11.91,3139.5754,2024-11-26,2024-11-27,13.08,rollback
LEAN_FILTER,VZ,2024-11-18,41.67,913.7113,2024-12-04,2024-12-05,42.59,rollback
LEAN_FILTER,BA,2024-02-29,206.44,155.4569,2024-12-05,2024-12-06,157.03,rollback
LEAN_FILTER,MRK,2024-07-30,123.48,296.465,2024-12-10,2024-12-11,100.7,rollback
LEAN_FILTER,META,2024-11-27,574.89,67.9651,2024-12-17,2024-12-18,621.0,rollback
LEAN_FILTER,MSFT,2024-11-13,421.64,91.9752,2024-12-18,2024-12-19,441.62,rollback
LEAN_FILTER,PFE,2024-10-16,29.5,1306.987,2024-12-26,2024-12-27,26.43,rollback
LEAN_FILTER,NVDA,2024-12-05,145.11,269.2728,2025-01-07,2025-01-08,142.58,rollback
LEAN_FILTER,OXY,2024-12-27,48.2,785.4076,2025-01-21,2025-01-22,50.4,rollback
LEAN_FILTER,NEM,2024-12-12,41.62,936.108,2025-01-22,2025-01-23,41.51,rollback
LEAN_FILTER,WBA,2025-01-08,9.5,3952.8077,2025-01-27,2025-01-28,11.27,rollback
LEAN_FILTER,KO,2024-12-18,62.81,610.268,2025-01-28,2025-01-29,62.56,rollback
LEAN_FILTER,PLTR,2025-01-23,76.04,513.7809,2025-01-29,2025-01-30,80.02,rollback
LEAN_FILTER,NKE,2024-09-23,85.4,442.0414,2025-01-31,2025-02-03,74.9,rollback
LEAN_FILTER,CCL,2024-12-23,26.52,1428.5192,2025-02-03,2025-02-04,27.18,rollback
LEAN_FILTER,GILD,2024-12-06,93.5,416.9798,2025-02-07,2025-02-10,96.04,rollback
LEAN_FILTER,SMCI,2025-01-22,33.98,1155.6962,2025-02-11,2025-02-12,42.3,rollback
LEAN_FILTER,MO,2025-02-03,52.0,738.6843,2025-02-11,2025-02-12,53.51,rollback
LEAN_FILTER,FCX,2025-02-10,38.88,1012.5536,2025-02-14,2025-02-18,39.48,rollback
LEAN_FILTER,MU,2025-02-18,102.635,399.9955,2025-02-19,2025-02-20,103.98,rollback
LEAN_FILTER,INTC,2025-02-12,21.98,1808.1216,2025-02-24,2025-02-25,24.21,rollback
LEAN_FILTER,AAPL,2025-01-29,234.12,167.5239,2025-02-25,2025-02-26,244.33,rollback
LEAN_FILTER,WBA,2025-02-25,10.91,3832.4414,2025-02-26,2025-02-27,11.7,rollback
LEAN_FILTER,MCHP,2024-07-23,91.77,390.3966,2025-02-27,2025-02-28,57.16,rollback
LEAN_FILTER,PARA,2024-11-26,11.11,3552.173,2025-03-10,2025-03-11,11.96,rollback
LEAN_FILTER,NEE,2025-01-30,71.99,550.2615,2025-03-12,2025-03-13,73.2,rollback
LEAN_FILTER,MRK,2025-02-28,90.705,456.6003,2025-03-12,2025-03-13,93.4,rollback
LEAN_FILTER,GM,2025-03-11,48.0,884.9973,2025-03-26,2025-03-27,46.99,rollback
LEAN_FILTER,MU,2025-03-13,94.25,438.5259,2025-05-05,2025-05-06,79.04,rollback
LEAN_FILTER,PFE,2025-01-28,26.78,1457.6972,2025-05-06,2025-05-07,22.99,rollback
LEAN_FILTER,DIS,2025-02-20,111.24,376.122,2025-05-06,2025-05-07,102.42,rollback
LEAN_FILTER,F,2024-09-18,10.93,3447.9436,2025-05-07,2025-05-08,10.34,rollback
LEAN_FILTER,UPS,2025-05-09,97.2,401.716,2025-05-13,2025-05-14,99.85,rollback
LEAN_FILTER,LUV,2025-02-27,30.87,1345.7131,2025-05-21,2025-05-22,31.67,rollback
LEAN_FILTER,FSLR,2025-05-09,134.115,291.1296,2025-05-21,2025-05-22,159.95,rollback
LEAN_FILTER,FCX,2025-05-27,39.14,1008.5897,2025-06-10,2025-06-11,41.385,rollback
LEAN_FILTER,FAST,2025-05-15,40.265,1007.3863,2025-06-11,2025-06-12,42.495,rollback
LEAN_FILTER,SLB,2025-02-12,41.53,956.9113,2025-06-16,2025-06-17,36.22,rollback
LEAN_FILTER,PFE,2025-05-27,23.55,1676.3555,2025-06-16,2025-06-17,24.27,rollback
LEAN_FILTER,NEM,2025-05-12,51.02,786.078,2025-06-20,2025-06-23,58.36,rollback
LEAN_FILTER,XOM,2025-02-05,109.74,357.0814,2025-06-24,2025-06-25,108.11,rollback
LEAN_FILTER,CMG,2025-06-17,52.25,782.8608,2025-06-26,2025-06-27,54.195,rollback
LEAN_FILTER,KMI,2025-06-23,28.22,1454.5627,2025-07-01,2025-07-02,28.33,rollback
LEAN_FILTER,DOC,2025-02-26,20.22,2062.0228,2025-07-07,2025-07-08,17.935,rollback
LEAN_FILTER,AAPL,2025-05-13,210.43,193.9685,2025-07-07,2025-07-08,210.1,rollback
LEAN_FILTER,GM,2025-06-12,49.46,821.0879,2025-07-07,2025-07-08,52.16,rollback
LEAN_FILTER,F,2025-06-11,10.64,3841.8243,2025-07-11,2025-07-14,11.76,rollback
LEAN_FILTER,DOW,2025-07-09,29.365,1470.6584,2025-07-11,2025-07-14,29.25,rollback
LEAN_FILTER,NKE,2025-06-27,69.79,603.0299,2025-07-14,2025-07-15,72.26,rollback
LEAN_FILTER,HAL,2025-07-09,22.07,1996.7744,2025-07-14,2025-07-15,22.05,rollback
LEAN_FILTER,AES,2025-07-02,10.85,3942.5395,2025-07-28,2025-07-29,13.49,rollback
LEAN_FILTER,KVUE,2025-07-14,22.58,1939.3292,2025-07-28,2025-07-29,22.38,rollback
LEAN_FILTER,META,2025-07-29,720.0,61.8546,2025-08-01,2025-08-04,760.0,rollback
LEAN_FILTER,CSCO,2025-08-05,68.69,643.7221,2025-08-11,2025-08-12,70.785,rollback
LEAN_FILTER,PLTR,2025-07-08,138.775,310.4527,2025-08-14,2025-08-15,179.725,rollback
LEAN_FILTER,VZ,2025-03-27,44.48,954.0325,2025-08-22,2025-08-25,44.44,rollback
LEAN_FILTER,UBER,2025-08-12,91.19,475.0772,2025-08-25,2025-08-26,94.88,rollback
LEAN_FILTER,CMCSA,2025-07-15,35.62,1235.3817,2025-08-26,2025-08-27,33.59,rollback
LEAN_FILTER,INTC,2025-03-14,23.675,1761.0686,2025-08-29,2025-09-02,23.88,rollback
LEAN_FILTER,XOM,2025-07-29,111.9,398.0117,2025-09-03,2025-09-04,112.105,rollback
LEAN_FILTER,AVGO,2025-09-04,305.06,144.3226,2025-09-17,2025-09-18,350.0,rollback
LEAN_FILTER,TSLA,2025-08-25,338.9,132.4303,2025-09-25,2025-09-26,428.3,rollback
LEAN_FILTER,IBKR,2025-09-03,63.95,691.721,2025-09-30,2025-10-01,67.86,rollback
LEAN_FILTER,WBD,2025-08-28,12.19,3697.7792,2025-10-02,2025-10-03,19.378,rollback
LEAN_FILTER,CMG,2025-10-03,40.27,1228.4218,2025-10-06,2025-10-07,41.5,rollback
LEAN_FILTER,EQT,2025-07-15,58.3,751.7713,2025-10-09,2025-10-10,54.7,rollback
LEAN_FILTER,PYPL,2025-09-18,70.08,689.9583,2025-10-10,2025-10-13,70.72,rollback
LEAN_FILTER,KO,2025-10-13,66.23,738.7998,2025-10-20,2025-10-21,70.565,rollback
LEAN_FILTER,CRM,2025-06-25,272.0,152.6049,2025-10-23,2025-10-24,257.42,rollback
LEAN_FILTER,AAPL,2025-10-21,261.88,192.2558,2025-10-31,2025-11-03,270.42,rollback
LEAN_FILTER,BMY,2025-07-15,47.15,933.2364,2025-11-03,2025-11-04,45.49,rollback
LEAN_FILTER,PLTR,2025-10-24,182.88,271.5463,2025-11-04,2025-11-05,189.0,rollback
LEAN_FILTER,AMZN,2025-08-15,232.58,190.6183,2025-11-12,2025-11-13,243.05,rollback
LEAN_FILTER,GOOGL,2025-10-07,248.27,203.5663,2025-11-13,2025-11-14,271.405,rollback
LEAN_FILTER,CTRA,2025-08-27,23.95,1870.3829,2025-11-17,2025-11-18,25.74,rollback
LEAN_FILTER,VZ,2025-10-01,43.915,1115.0476,2025-11-17,2025-11-18,41.03,rollback
LEAN_FILTER,KHC,2025-11-19,24.915,1944.7833,2025-12-01,2025-12-02,25.38,rollback
LEAN_FILTER,SCHW,2025-09-26,95.13,509.9401,2025-12-12,2025-12-15,96.73,rollback
LEAN_FILTER,KDP,2025-11-19,27.29,1775.4436,2025-12-15,2025-12-16,29.34,rollback
LEAN_FILTER,SLB,2025-12-02,36.31,1373.6093,2025-12-15,2025-12-16,38.6,rollback
LEAN_FILTER,DAL,2025-10-10,59.93,840.5619,2025-12-17,2025-12-18,70.82,rollback
LEAN_FILTER,MRK,2025-12-19,100.6,494.2886,2025-12-30,2025-12-31,105.935,rollback
LEAN_FILTER,SMCI,2025-06-17,43.24,946.0342,2025-12-31,,29.27,open
LEAN_FILTER,HOOD,2025-11-03,148.79,349.7276,2025-12-31,,113.1,open
LEAN_FILTER,CNC,2025-11-05,35.815,1409.6234,2025-12-31,,41.15,open
LEAN_FILTER,PCG,2025-11-06,16.45,3086.6969,2025-12-31,,16.07,open
LEAN_FILTER,T,2025-11-13,25.65,1958.6433,2025-12-31,,24.84,open
LEAN_FILTER,NKE,2025-11-14,64.935,753.518,2025-12-31,,63.71,open
LEAN_FILTER,VICI,2025-12-16,28.61,1771.3752,2025-12-31,,28.12,open
LEAN_FILTER,VZ,2025-12-18,40.78,1237.6781,2025-12-31,,40.73,open
LEAN_FILTER,PG,2025-12-18,146.62,344.2231,2025-12-31,,143.31,open
LEAN_FILTER,OXY,2025-12-31,41.46,1219.428,2025-12-31,,41.12,open
LEAN_SIZER,AVGO,2016-02-01,13.334,983.8339,2016-02-02,2016-02-03,13.725,rollback
LEAN_SIZER,HAL,2016-02-01,31.29,419.0885,2016-02-05,2016-02-08,30.74,rollback
LEAN_SIZER,DOW,2016-02-03,45.73,284.2682,2016-02-11,2016-02-12,45.28,rollback
LEAN_SIZER,CVX,2016-02-09,85.08,145.1157,2016-02-18,2016-02-19,86.33,rollback
LEAN_SIZER,MDLZ,2016-02-01,42.82,190.0749,2016-02-26,2016-02-29,40.54,rollback
LEAN_SIZER,JNPR,2016-02-19,24.0,532.9914,2016-02-26,2016-02-29,24.59,rollback
LEAN_SIZER,KLAC,2016-02-01,6.64,1975.2801,2016-03-02,2016-03-03,6.836,rollback
LEAN_SIZER,LRCX,2016-02-01,7.12,1842.3568,2016-03-08,2016-03-09,7.355,rollback
LEAN_SIZER,JPM,2016-02-01,59.16,221.716,2016-03-08,2016-03-09,59.15,rollback
LEAN_SIZER,TAP,2016-02-01,90.5,144.9171,2016-03-08,2016-03-09,88.6,rollback
LEAN_SIZER,AMAT,2016-02-01,17.45,751.5266,2016-03-08,2016-03-09,19.01,rollback
LEAN_SIZER,DVN,2016-02-04,26.77,18.3056,2016-03-08,2016-03-09,22.07,rollback
LEAN_SIZER,EMC,2016-02-11,24.34,21.5061,2016-03-08,2016-03-09,26.35,rollback
LEAN_SIZER,BAC,2016-02-29,12.7,1034.8509,2016-03-08,2016-03-09,13.17,rollback
LEAN_SIZER,AIG,2016-03-14,52.59,121.3839,2016-03-21,2016-03-22,53.55,rollback
LEAN_SIZER,GILD,2016-02-16,90.72,138.694,2016-03-23,2016-03-24,89.61,rollback
LEAN_SIZER,ABBV,2016-03-30,57.43,112.0213,2016-04-07,2016-04-08,59.49,rollback
LEAN_SIZER,V,2016-03-17,72.28,88.1874,2016-04-22,2016-04-25,78.69,rollback
LEAN_SIZER,GME,2016-03-30,7.8925,815.1516,2016-04-22,2016-04-25,8.17,index_drop
LEAN_SIZER,WMB,2016-04-11,16.37,784.8193,2016-04-25,2016-04-26,19.25,rollback
LEAN_SIZER,PFE,2016-03-14,30.27,210.9012,2016-04-26,2016-04-27,32.98,rollback
LEAN_SIZER,WMT,2016-03-22,22.6667,283.4446,2016-05-23,2016-05-24,23.2167,rollback
LEAN_SIZER,KR,2016-03-14,38.43,166.1145,2016-06-02,2016-06-03,36.2,rollback
LEAN_SIZER,MU,2016-04-27,11.34,1153.344,2016-06-09,2016-06-10,12.32,rollback
LEAN_SIZER,XRAY,2016-03-30,62.19,103.444,2016-06-10,2016-06-13,64.22,rollback
LEAN_SIZER,FE,2016-04-28,32.67,400.6783,2016-06-10,2016-06-13,33.68,rollback
LEAN_SIZER,SYY,2016-06-17,49.75,138.0816,2016-07-01,2016-07-05,50.75,rollback
LEAN_SIZER,ATVI,2016-06-15,38.46,354.7355,2016-07-07,2016-07-08,40.64,rollback
LEAN_SIZER,HST,2016-06-03,15.72,778.0483,2016-07-13,2016-07-14,16.58,rollback
LEAN_SIZER,DAL,2016-03-17,48.58,131.206,2016-07-21,2016-07-22,39.07,rollback
LEAN_SIZER,GOOG,2016-02-29,35.016,218.4284,2016-07-26,2016-07-27,36.914,rollback
LEAN_SIZER,EBAY,2016-04-28,25.09,521.7934,2016-08-09,2016-08-10,31.11,rollback
LEAN_SIZER,AAPL,2016-07-08,24.1225,519.3032,2016-08-11,2016-08-12,26.945,rollback
LEAN_SIZER,AABA,2016-06-10,36.97,373.2811,2016-08-23,2016-08-24,42.5,rollback
LEAN_SIZER,WFC,2016-08-12,48.05,204.4894,2016-09-06,2016-09-07,49.79,rollback
LEAN_SIZER,NEE,2016-07-22,32.0025,221.7137,2016-09-26,2016-09-27,31.7725,rollback
LEAN_SIZER,PG,2016-03-03,82.54,77.6173,2016-10-03,2016-10-04,88.29,rollback
LEAN_SIZER,FAST,2016-04-28,11.7725,1111.9965,2016-10-07,2016-10-10,10.6175,rollback
LEAN_SIZER,NFLX,2016-07-05,9.52,735.3608,2016-10-07,2016-10-10,10.318,rollback
LEAN_SIZER,KLAC,2016-10-04,7.036,1101.8409,2016-10-11,2016-10-12,7.23,rollback
LEAN_SIZER,KR,2016-10-12,30.24,255.418,2016-10-13,2016-10-14,31.17,rollback
LEAN_SIZER,FOXA,2016-07-14,28.18,453.797,2016-10-24,2016-10-25,25.59,rollback
LEAN_SIZER,GOOGL,2016-09-07,40.3965,227.0627,2016-10-25,2016-10-26,41.356,rollback
LEAN_SIZER,SBUX,2016-08-24,57.0,172.7826,2016-11-09,2016-11-10,54.64,rollback
LEAN_SIZER,WMT,2016-08-10,24.5233,396.8405,2016-11-14,2016-11-15,23.5967,rollback
LEAN_SIZER,CMG,2016-09-27,8.39,1068.4977,2016-11-15,2016-11-16,7.98,rollback
LEAN_SIZER,FCX,2016-10-26,10.45,739.795,2016-11-17,2016-11-18,13.79,rollback
LEAN_SIZER,BMY,2016-10-10,50.79,153.2263,2016-11-22,2016-11-23,56.05,rollback
LEAN_SIZER,C,2016-05-24,45.45,310.8072,2016-11-28,2016-11-29,55.5,rollback
LEAN_SIZER,ORLY,2016-10-14,18.6733,414.6098,2016-11-30,2016-12-01,18.2413,rollback
LEAN_SIZER,CMCSA,2016-11-10,31.765,252.1304,2016-12-02,2016-12-05,34.51,rollback
LEAN_SIZER,CVS,2016-12-01,76.62,116.3026,2016-12-08,2016-12-09,78.88,rollback
LEAN_SIZER,WFC,2016-10-11,45.8,169.9027,2016-12-12,2016-12-13,55.85,rollback
LEAN_SIZER,AVGO,2016-12-09,18.095,498.7326,2016-12-12,2016-12-13,17.874,rollback
LEAN_SIZER,KO,2016-11-29,41.52,196.0442,2016-12-13,2016-12-14,41.89,rollback
LEAN_SIZER,XOM,2016-11-16,86.74,93.5123,2016-12-19,2016-12-20,90.51,rollback
LEAN_SIZER,PFE,2016-12-13,32.81,275.5223,2016-12-21,2016-12-22,32.29,rollback
LEAN_SIZER,BSX,2016-07-29,24.33,331.073,2016-12-28,2016-12-29,21.65,rollback
LEAN_SIZER,NKE,2016-11-18,51.39,159.0061,2017-01-09,2017-01-10,53.55,rollback
LEAN_SIZER,AMZN,2016-10-25,41.965,185.6589,2017-01-17,2017-01-18,40.475,rollback
LEAN_SIZER,NFLX,2016-12-05,12.073,735.4244,2017-01-20,2017-01-23,13.865,rollback
LEAN_SIZER,FB,2016-12-14,120.0,75.5293,2017-01-31,2017-02-01,132.25,rollback
LEAN_SIZER,LRCX,2016-12-20,10.819,833.7831,2017-01-31,2017-02-01,11.591,rollback
LEAN_SIZER,PG,2017-01-18,84.8,116.2568,2017-02-06,2017-02-07,87.64,rollback
LEAN_SIZER,KLAC,2016-12-22,7.898,1142.2193,2017-02-09,2017-02-10,8.696,rollback
LEAN_SIZER,WMT,2016-12-13,23.89,378.3821,2017-02-10,2017-02-13,22.7733,rollback
LEAN_SIZER,COG,2017-01-03,22.98,421.6392,2017-02-16,2017-02-17,23.01,rollback
LEAN_SIZER,HBAN,2017-01-10,13.35,737.9114,2017-02-16,2017-02-17,14.02,rollback
LEAN_SIZER,BAC,2017-02-10,23.19,430.6344,2017-02-23,2017-02-24,24.12,rollback
LEAN_SIZER,EXC,2017-02-01,35.66,278.7501,2017-02-27,2017-02-28,36.47,rollback
LEAN_SIZER,LRCX,2017-02-22,11.763,858.7327,2017-03-21,2017-03-22,12.408,rollback
LEAN_SIZER,INTC,2017-01-23,37.07,267.2,2017-04-28,2017-05-01,36.11,rollback
LEAN_SIZER,EW,2017-02-02,30.72,321.1679,2017-05-11,2017-05-12,36.6967,rollback
LEAN_SIZER,GOOGL,2017-02-13,41.885,238.2819,2017-05-17,2017-05-18,47.16,rollback
LEAN_SIZER,QCOM,2016-11-23,68.33,120.2461,2017-05-25,2017-05-26,57.66,rollback
LEAN_SIZER,F,2017-02-28,12.63,799.723,2017-06-02,2017-06-05,11.36,rollback
LEAN_SIZER,PHM,2017-05-12,23.0,435.1604,2017-06-05,2017-06-06,23.21,rollback
LEAN_SIZER,NEE,2017-03-22,33.0025,300.947,2017-06-08,2017-06-09,35.275,rollback
LEAN_SIZER,SBUX,2017-05-22,61.03,164.4579,2017-06-08,2017-06-09,62.37,rollback
LEAN_SIZER,AMD,2017-05-02,11.73,856.278,2017-06-09,2017-06-12,11.75,rollback
LEAN_SIZER,JPM,2017-06-09,85.51,116.6129,2017-06-20,2017-06-21,87.48,rollback
LEAN_SIZER,MRK,2017-06-21,64.56,152.4767,2017-06-26,2017-06-27,66.27,rollback
LEAN_SIZER,BAC,2017-06-12,23.82,418.6765,2017-06-30,2017-07-03,24.46,rollback
LEAN_SIZER,WMB,2017-02-07,28.93,345.4613,2017-07-05,2017-07-06,30.5,rollback
LEAN_SIZER,RF,2017-06-09,14.14,705.2317,2017-07-05,2017-07-06,14.84,rollback
LEAN_SIZER,GILD,2017-06-06,65.19,152.553,2017-07-06,2017-07-07,69.69,rollback
LEAN_SIZER,PYPL,2017-07-06,54.22,184.7307,2017-07-11,2017-07-12,56.6,rollback
LEAN_SIZER,RIG,2017-02-24,13.99,720.8851,2017-07-20,2017-07-21,8.74,rollback
LEAN_SIZER,HPE,2017-07-06,16.85,594.4514,2017-07-24,2017-07-25,17.84,rollback
LEAN_SIZER,AVGO,2017-07-10,24.051,412.5986,2017-07-27,2017-07-28,24.892,rollback
LEAN_SIZER,HPQ,2017-06-27,18.1,546.7936,2017-07-31,2017-08-01,19.14,rollback
LEAN_SIZER,KMI,2016-11-15,21.5,377.2017,2017-08-01,2017-08-02,20.2,rollback
LEAN_SIZER,T,2017-02-21,41.37,244.0647,2017-08-08,2017-08-09,38.2,rollback
LEAN_SIZER,TJX,2017-07-03,36.325,275.6292,2017-08-09,2017-08-10,35.345,rollback
LEAN_SIZER,HBI,2017-08-03,23.76,432.3891,2017-08-09,2017-08-10,24.11,rollback
LEAN_SIZER,INTC,2017-05-26,36.26,273.8902,2017-08-10,2017-08-11,36.26,rollback
LEAN_SIZER,VZ,2017-07-21,44.23,230.4956,2017-08-15,2017-08-16,48.37,rollback
LEAN_SIZER,LRCX,2017-08-16,16.145,634.6947,2017-08-23,2017-08-24,16.221,rollback
LEAN_SIZER,MU,2017-07-12,31.77,316.9737,2017-08-24,2017-08-25,30.3,rollback
LEAN_SIZER,MSFT,2017-08-15,73.59,139.2803,2017-09-01,2017-09-05,73.34,rollback
LEAN_SIZER,SPLS,2017-08-15,10.2,1004.7846,2017-09-12,2017-09-12,10.25,delisted
LEAN_SIZER,FAST,2017-06-05,11.0675,898.5098,2017-09-19,2017-09-20,11.1075,rollback
LEAN_SIZER,BAC,2017-07-26,24.67,414.3788,2017-09-25,2017-09-26,24.83,rollback
LEAN_SIZER,GPS,2017-08-25,23.39,435.8568,2017-10-03,2017-10-04,29.04,rollback
LEAN_SIZER,HPE,2017-09-26,14.74,717.5461,2017-10-03,2017-10-04,14.7,rollback
LEAN_SIZER,RF,2017-08-01,14.68,698.6411,2017-10-09,2017-10-10,15.0,rollback
LEAN_SIZER,HPQ,2017-08-25,19.54,521.7556,2017-10-09,2017-10-10,20.6165,rollback
LEAN_SIZER,WFC,2017-09-13,51.39,200.8411,2017-10-09,2017-10-10,55.37,rollback
LEAN_SIZER,MO,2017-10-10,64.08,180.1534,2017-10-13,2017-10-16,65.05,rollback
LEAN_SIZER,AAPL,2017-10-10,39.0138,295.9271,2017-10-19,2017-10-20,39.1525,rollback
LEAN_SIZER,WMT,2017-10-10,27.56,418.8946,2017-10-30,2017-10-31,28.9533,rollback
LEAN_SIZER,NRG,2017-09-20,24.67,424.538,2017-11-09,2017-11-10,27.75,rollback
LEAN_SIZER,SBUX,2017-07-28,55.23,185.9952,2017-11-13,2017-11-14,56.47,rollback
LEAN_SIZER,PG,2017-10-16,92.97,126.1989,2017-11-17,2017-11-20,88.43,rollback
LEAN_SIZER,NWL,2017-10-04,43.05,266.3078,2017-12-05,2017-12-06,31.7,rollback
LEAN_SIZER,F,2017-11-01,12.4,828.9821,2017-12-05,2017-12-06,12.4,rollback
LEAN_SIZER,T,2017-11-14,34.19,294.3961,2017-12-06,2017-12-07,36.13,rollback
LEAN_SIZER,CMCSA,2017-11-10,36.5,275.7817,2017-12-07,2017-12-08,38.5,rollback
LEAN_SIZER,TJX,2017-11-20,35.545,284.663,2017-12-08,2017-12-11,36.87,rollback
LEAN_SIZER,CMG,2017-09-05,6.386,1601.5034,2017-12-14,2017-12-15,6.256,rollback
LEAN_SIZER,VZ,2017-10-20,49.45,235.0808,2017-12-20,2017-12-21,52.81,rollback
LEAN_SIZER,GOOGL,2017-12-08,52.5905,200.6163,2017-12-20,2017-12-21,53.7695,rollback
LEAN_SIZER,GOOG,2017-12-08,51.8745,203.377,2017-12-21,2017-12-22,53.0555,rollback
LEAN_SIZER,MU,2017-12-21,45.55,239.0998,2018-01-08,2018-01-09,45.27,rollback
LEAN_SIZER,AMD,2017-10-04,13.31,861.3863,2018-01-09,2018-01-10,11.63,rollback
LEAN_SIZER,FCX,2017-12-07,14.2,738.2234,2018-01-09,2018-01-10,19.07,rollback
LEAN_SIZER,CSX,2017-08-15,16.9633,604.1996,2018-01-10,2018-01-11,19.54,rollback
LEAN_SIZER,GLW,2017-12-11,32.4,326.1965,2018-01-10,2018-01-11,33.44,rollback
LEAN_SIZER,AMAT,2017-12-21,53.18,204.7867,2018-01-10,2018-01-11,53.47,rollback
LEAN_SIZER,TJX,2018-01-11,38.075,319.0444,2018-01-16,2018-01-17,38.36,rollback
LEAN_SIZER,AES,2017-08-09,11.45,897.7729,2018-01-24,2018-01-25,11.15,rollback
LEAN_SIZER,COP,2017-12-06,51.07,206.6741,2018-01-25,2018-01-26,59.7,rollback
LEAN_SIZER,PM,2018-01-18,105.46,117.8715,2018-01-25,2018-01-26,107.36,rollback
LEAN_SIZER,C,2017-12-22,75.89,142.9519,2018-01-30,2018-01-31,78.78,rollback
LEAN_SIZER,MGM,2018-01-10,33.44,362.339,2018-01-31,2018-02-01,36.49,rollback
LEAN_SIZER,T,2018-01-29,37.13,345.7147,2018-02-02,2018-02-05,37.81,rollback
LEAN_SIZER,NEE,2018-01-26,38.715,328.6083,2018-02-05,2018-02-06,37.9575,rollback
LEAN_SIZER,NFLX,2017-12-18,19.12,561.2655,2018-02-20,2018-02-21,28.207,rollback
LEAN_SIZER,BA,2018-02-13,340.45,35.3549,2018-02-20,2018-02-21,352.56,rollback
LEAN_SIZER,MU,2018-01-18,44.21,281.187,2018-02-21,2018-02-22,44.78,rollback
LEAN_SIZER,BMY,2018-01-11,61.99,195.9523,2018-02-22,2018-02-23,66.17,rollback
LEAN_SIZER,GOOGL,2018-02-22,55.9585,223.3915,2018-02-27,2018-02-28,56.1,rollback
LEAN_SIZER,PFE,2018-01-17,36.82,333.2998,2018-02-28,2018-03-01,36.12,rollback
LEAN_SIZER,KLAC,2018-02-21,11.081,1132.3854,2018-03-01,2018-03-02,11.005,rollback
LEAN_SIZER,NEE,2018-03-02,38.3,466.6877,2018-03-06,2018-03-07,38.185,rollback
LEAN_SIZER,PCG,2018-03-01,41.09,440.7686,2018-03-07,2018-03-08,41.14,rollback
LEAN_SIZER,M,2018-01-11,25.47,476.9591,2018-03-08,2018-03-09,29.31,rollback
LEAN_SIZER,KO,2018-03-09,44.57,404.3472,2018-03-12,2018-03-13,44.67,rollback
LEAN_SIZER,SCHW,2018-02-02,54.75,228.6086,2018-03-14,2018-03-15,56.32,rollback
LEAN_SIZER,INTC,2018-02-21,46.67,268.8775,2018-03-15,2018-03-16,51.17,rollback
LEAN_SIZER,EXC,2018-02-01,38.53,327.0252,2018-03-19,2018-03-20,38.29,rollback
LEAN_SIZER,DHI,2018-03-13,44.6,404.5771,2018-04-06,2018-04-09,45.52,rollback
LEAN_SIZER,MRK,2018-03-16,55.19,249.0434,2018-04-11,2018-04-12,56.6,rollback
LEAN_SIZER,SO,2018-03-02,43.98,406.3898,2018-04-18,2018-04-19,45.35,rollback
LEAN_SIZER,NFLX,2018-04-12,30.9719,502.0946,2018-04-23,2018-04-24,31.9217,rollback
LEAN_SIZER,HST,2018-03-15,18.96,678.3949,2018-04-24,2018-04-25,19.27,rollback
LEAN_SIZER,VZ,2018-03-09,49.2,370.6595,2018-04-26,2018-04-27,50.25,rollback
LEAN_SIZER,KIM,2018-02-23,15.06,829.8648,2018-04-30,2018-05-01,14.52,rollback
LEAN_SIZER,ABBV,2018-04-27,97.44,145.0369,2018-04-30,2018-05-01,102.1,rollback
LEAN_SIZER,CVX,2018-04-10,117.6,143.9531,2018-05-01,2018-05-02,124.2,rollback
LEAN_SIZER,NVDA,2018-03-21,6.233,2006.9438,2018-05-15,2018-05-16,6.1,rollback
LEAN_SIZER,ORLY,2018-03-07,16.6213,1097.6709,2018-05-18,2018-05-21,18.2567,rollback
LEAN_SIZER,WDC,2018-05-16,83.5,153.9047,2018-05-18,2018-05-21,86.63,rollback
LEAN_SIZER,MU,2018-04-19,52.9,328.8865,2018-05-31,2018-06-01,58.81,rollback
LEAN_SIZER,KO,2018-05-24,42.4,426.721,2018-05-31,2018-06-01,43.1,rollback
LEAN_SIZER,F,2018-04-27,11.4,1538.0905,2018-06-11,2018-06-12,12.07,rollback
LEAN_SIZER,HBAN,2018-06-04,15.22,1178.2045,2018-06-11,2018-06-12,15.67,rollback
LEAN_SIZER,CMCSA,2018-04-24,34.09,499.412,2018-06-18,2018-06-19,32.17,rollback
LEAN_SIZER,CELG,2018-01-29,104.76,122.526,2018-07-11,2018-07-12,83.88,rollback
LEAN_SIZER,FOXA,2018-05-01,36.43,265.2135,2018-07-11,2018-07-12,47.97,rollback
LEAN_SIZER,MGM,2018-06-13,31.47,585.9941,2018-07-19,2018-07-20,30.71,rollback
LEAN_SIZER,ORCL,2018-05-02,45.89,375.685,2018-07-26,2018-07-27,48.99,rollback
LEAN_SIZER,PM,2018-05-24,81.6,186.8418,2018-07-31,2018-08-01,86.03,rollback
LEAN_SIZER,HST,2018-07-20,21.4,840.0884,2018-08-03,2018-08-06,21.56,rollback
LEAN_SIZER,WMB,2018-06-19,26.87,672.5664,2018-08-13,2018-08-14,30.76,rollback
LEAN_SIZER,TJX,2018-07-12,47.515,89.4318,2018-08-13,2018-08-14,49.8,rollback
LEAN_SIZER,CMG,2018-07-12,9.1978,2036.0776,2018-08-16,2018-08-17,10.1008,rollback
LEAN_SIZER,GGP,2018-05-01,20.02,857.609,2018-08-27,2018-08-27,22.06,delisted
LEAN_SIZER,MRO,2018-06-12,21.48,854.534,2018-08-30,2018-08-31,21.51,rollback
LEAN_SIZER,NLSN,2018-08-15,25.4,259.4937,2018-08-30,2018-08-31,25.93,rollback
LEAN_SIZER,V,2018-08-14,140.3,132.0426,2018-09-17,2018-09-18,146.2,rollback
LEAN_SIZER,GILD,2018-08-31,76.32,244.8613,2018-10-04,2018-10-05,76.77,rollback
LEAN_SIZER,INTC,2018-09-04,48.38,178.2215,2018-10-04,2018-10-05,48.23,rollback
LEAN_SIZER,GE,2018-08-01,67.5344,237.7741,2018-10-11,2018-10-12,62.4512,rollback
LEAN_SIZER,SBUX,2018-10-15,56.37,263.1619,2018-10-19,2018-10-22,58.93,rollback
LEAN_SIZER,F,2018-08-28,10.08,1869.8675,2018-11-09,2018-11-12,9.38,rollback
LEAN_SIZER,BAC,2018-10-05,30.6,591.5614,2018-11-09,2018-11-12,28.38,rollback
LEAN_SIZER,FITB,2018-08-17,29.78,616.9096,2018-11-12,2018-11-13,27.59,rollback
LEAN_SIZER,KEY,2018-10-05,20.55,454.4675,2018-11-12,2018-11-13,18.27,rollback
LEAN_SIZER,PBCT,2018-11-16,15.96,1112.9854,2018-11-19,2018-11-20,15.99,rollback
LEAN_SIZER,AMAT,2018-07-27,48.63,378.0879,2018-11-29,2018-11-30,36.47,rollback
LEAN_SIZER,NWL,2018-02-08,29.38,417.2332,2018-12-04,2018-12-06,23.28,rollback
LEAN_SIZER,PFE,2018-10-22,44.44,348.6191,2018-12-04,2018-12-06,44.58,rollback
LEAN_SIZER,KLAC,2018-11-21,9.562,1867.6614,2018-12-04,2018-12-06,9.421,rollback
LEAN_SIZER,BAX,2018-11-23,64.96,93.5862,2018-12-04,2018-12-06,66.35,rollback
LEAN_SIZER,COTY,2018-09-18,12.33,1558.0285,2019-01-09,2019-01-10,7.29,rollback
LEAN_SIZER,FB,2018-12-07,139.25,127.5116,2019-01-11,2019-01-14,142.0,rollback
LEAN_SIZER,TXN,2018-11-21,97.75,182.685,2019-01-14,2019-01-15,96.99,rollback
LEAN_SIZER,ANET,2018-12-07,14.8863,1192.699,2019-01-16,2019-01-17,13.7369,rollback
LEAN_SIZER,HPQ,2018-12-07,23.9,564.8291,2019-01-22,2019-01-23,21.41,rollback
LEAN_SIZER,CSX,2019-01-10,21.27,533.4591,2019-01-22,2019-01-23,22.0267,rollback
LEAN_SIZER,ABT,2019-01-14,68.41,250.816,2019-01-23,2019-01-24,70.0,rollback
LEAN_SIZER,WMB,2018-11-20,25.11,709.363,2019-02-05,2019-02-06,27.15,rollback
LEAN_SIZER,KMI,2018-08-07,18.05,1002.4489,2019-02-06,2019-02-07,18.02,rollback
LEAN_SIZER,ORLY,2019-01-15,22.75,760.3662,2019-02-06,2019-02-07,24.1067,rollback
LEAN_SIZER,AAPL,2019-01-28,38.9475,165.6795,2019-02-11,2019-02-12,42.525,rollback
LEAN_SIZER,WDC,2019-01-25,45.5,384.994,2019-02-15,2019-02-19,48.42,rollback
LEAN_SIZER,WMT,2019-02-08,32.1133,524.1402,2019-02-20,2019-02-21,33.22,rollback
LEAN_SIZER,KEY,2019-02-08,17.01,989.5867,2019-02-21,2019-02-22,17.71,rollback
LEAN_SIZER,MDT,2019-01-18,88.52,184.903,2019-02-25,2019-02-26,92.25,rollback
LEAN_SIZER,BMY,2019-01-16,49.65,26.844,2019-03-06,2019-03-07,52.7,rollback
LEAN_SIZER,WFC,2019-02-26,49.49,348.4619,2019-03-19,2019-03-20,51.19,rollback
LEAN_SIZER,NVDA,2019-02-13,3.809,3109.4108,2019-03-20,2019-03-21,4.3833,rollback
LEAN_SIZER,AMZN,2019-02-06,83.5375,205.0291,2019-03-22,2019-03-25,87.8895,rollback
LEAN_SIZER,AMD,2019-03-20,26.49,661.6567,2019-03-22,2019-03-25,26.29,rollback
LEAN_SIZER,DHI,2019-03-08,40.34,57.8426,2019-03-26,2019-03-27,42.14,rollback
LEAN_SIZER,FCX,2019-03-21,12.71,1094.2963,2019-04-05,2019-04-08,13.45,rollback
LEAN_SIZER,F,2019-03-27,8.75,1963.189,2019-04-15,2019-04-16,9.32,rollback
LEAN_SIZER,BKNG,2018-06-01,84.8396,211.4019,2019-04-16,2019-04-17,73.9452,rollback
LEAN_SIZER,BAC,2019-02-19,28.93,607.9562,2019-04-22,2019-04-23,29.99,rollback
LEAN_SIZER,HRB,2019-02-22,24.66,703.1207,2019-04-23,2019-04-24,26.35,rollback
LEAN_SIZER,WMT,2019-04-08,32.8167,448.0516,2019-04-26,2019-04-29,33.96,rollback
LEAN_SIZER,NEE,2019-04-16,47.765,346.8718,2019-05-01,2019-05-02,48.21,rollback
LEAN_SIZER,FB,2019-03-27,167.85,102.3347,2019-05-02,2019-05-03,194.38,rollback
LEAN_SIZER,JNJ,2019-04-17,139.0,123.7662,2019-05-02,2019-05-03,141.29,rollback
LEAN_SIZER,CVS,2019-01-24,65.5,265.4817,2019-05-03,2019-05-06,55.97,rollback
LEAN_SIZER,GE,2019-04-29,47.6984,363.3442,2019-05-07,2019-05-08,50.24,rollback
LEAN_SIZER,QCOM,2018-11-30,58.22,236.604,2019-05-08,2019-05-09,83.37,rollback
LEAN_SIZER,PFE,2019-05-03,41.22,431.8582,2019-05-17,2019-05-20,41.4,rollback
LEAN_SIZER,COTY,2019-05-06,11.26,1375.216,2019-05-22,2019-05-23,13.03,rollback
LEAN_SIZER,DWDP,2019-02-21,56.28,310.4657,2019-05-31,2019-05-31,30.52,delisted
LEAN_SIZER,AMD,2019-05-03,28.3,629.0882,2019-06-12,2019-06-13,32.39,rollback
LEAN_SIZER,AMAT,2019-05-20,41.8,413.4125,2019-06-12,2019-06-13,41.61,rollback
LEAN_SIZER,CMG,2019-05-03,14.1514,1257.9811,2019-06-13,2019-06-14,14.6776,rollback
LEAN_SIZER,CVX,2019-05-10,121.17,141.6193,2019-06-19,2019-06-20,124.31,rollback
LEAN_SIZER,CTL,2019-03-27,12.25,282.4268,2019-06-21,2019-06-24,11.38,rollback
LEAN_SIZER,STX,2019-05-09,48.21,355.771,2019-06-25,2019-06-26,47.24,rollback
LEAN_SIZER,WMT,2019-05-23,33.94,496.6783,2019-06-26,2019-06-27,36.6867,rollback
LEAN_SIZER,NVDA,2019-06-14,3.6128,4921.1674,2019-07-02,2019-07-03,4.0793,rollback
LEAN_SIZER,JCI,2019-06-13,39.82,446.5377,2019-07-08,2019-07-09,41.66,rollback
LEAN_SIZER,ANET,2019-06-27,16.0494,1147.704,2019-07-08,2019-07-09,16.6244,rollback
LEAN_SIZER,ORLY,2019-07-03,25.5333,736.5914,2019-07-19,2019-07-22,26.5413,rollback
LEAN_SIZER,EW,2019-07-10,63.01,298.7577,2019-08-05,2019-08-06,70.4867,rollback
LEAN_SIZER,APC,2019-06-27,70.69,260.5591,2019-08-08,2019-08-08,72.77,delisted
LEAN_SIZER,NEE,2019-08-07,52.8475,299.2282,2019-08-14,2019-08-15,53.6575,rollback
LEAN_SIZER,F,2019-06-14,10.01,1776.0434,2019-09-10,2019-09-11,9.29,rollback
LEAN_SIZER,AAPL,2019-08-19,52.655,301.7585,2019-09-13,2019-09-16,54.4325,rollback
LEAN_SIZER,ATVI,2019-04-24,46.45,375.3557,2019-09-16,2019-09-17,55.5,rollback
LEAN_SIZER,VZ,2019-06-20,57.9,315.5341,2019-09-16,2019-09-17,59.32,rollback
LEAN_SIZER,C,2019-06-05,65.45,224.9143,2019-09-19,2019-09-20,70.15,rollback
LEAN_SIZER,FCX,2019-07-22,11.56,1588.5189,2019-09-23,2019-09-24,10.31,rollback
LEAN_SIZER,NFLX,2019-04-23,37.545,460.2703,2019-10-18,2019-10-21,27.289,rollback
LEAN_SIZER,ALXN,2019-09-11,109.87,149.8525,2019-10-25,2019-10-28,105.0,rollback
LEAN_SIZER,AMD,2019-06-28,31.08,107.1613,2019-10-29,2019-10-30,32.93,rollback
LEAN_SIZER,MSFT,2019-08-09,138.61,116.8029,2019-10-31,2019-11-01,144.26,rollback
LEAN_SIZER,FTNT,2019-09-17,15.98,1032.1142,2019-10-31,2019-11-01,17.732,rollback
LEAN_SIZER,MRK,2019-09-23,84.91,192.6342,2019-11-01,2019-11-04,85.59,rollback
LEAN_SIZER,XOM,2019-11-04,70.07,253.7622,2019-11-06,2019-11-07,72.03,rollback
LEAN_SIZER,MRO,2019-11-04,12.32,1300.6653,2019-11-06,2019-11-07,12.61,rollback
LEAN_SIZER,JNJ,2019-07-09,141.46,132.3067,2019-11-18,2019-11-19,135.0,rollback
LEAN_SIZER,HPQ,2019-10-28,17.46,1118.0726,2019-11-20,2019-11-21,19.81,rollback
LEAN_SIZER,CMG,2019-09-18,16.5,996.9721,2019-12-04,2019-12-05,16.18,rollback
LEAN_SIZER,KO,2019-10-21,54.45,356.4003,2019-12-05,2019-12-06,54.31,rollback
LEAN_SIZER,NEM,2019-09-18,39.53,416.1198,2019-12-06,2019-12-09,40.12,rollback
LEAN_SIZER,SLB,2019-11-21,36.42,491.9556,2019-12-13,2019-12-16,39.11,rollback
LEAN_SIZER,F,2019-11-04,8.93,1991.2726,2019-12-17,2019-12-18,9.39,rollback
LEAN_SIZER,ATVI,2019-10-31,55.93,171.1989,2019-12-24,2019-12-26,58.81,rollback
LEAN_SIZER,HAL,2019-12-05,21.6,833.3427,2019-12-26,2019-12-27,24.55,rollback
LEAN_SIZER,NVDA,2019-11-19,5.2758,3382.1508,2019-12-27,2019-12-30,5.8998,rollback
LEAN_SIZER,NFLX,2019-12-18,31.626,599.6774,2019-12-27,2019-12-30,32.908,rollback
LEAN_SIZER,AMZN,2019-12-17,88.9005,212.4271,2019-12-31,2020-01-02,93.75,rollback
LEAN_SIZER,GIS,2020-01-02,53.63,314.8795,2020-01-22,2020-01-23,53.83,rollback
LEAN_SIZER,TSCO,2019-12-06,19.51,924.916,2020-02-07,2020-02-10,19.234,rollback
LEAN_SIZER,MPC,2019-11-08,65.87,253.095,2020-02-14,2020-02-18,57.18,rollback
LEAN_SIZER,PEP,2019-12-30,136.7,140.0242,2020-02-18,2020-02-19,145.62,rollback
LEAN_SIZER,WMT,2019-11-07,40.0,449.3464,2020-02-19,2020-02-20,39.07,rollback
LEAN_SIZER,AMD,2020-02-10,49.47,357.2261,2020-02-21,2020-02-24,48.175,rollback
LEAN_SIZER,NFLX,2020-03-03,38.103,477.1036,2020-04-01,2020-04-02,36.408,rollback
LEAN_SIZER,PM,2019-09-26,74.91,216.8796,2020-04-07,2020-04-08,75.17,rollback
LEAN_SIZER,CVS,2019-12-26,74.7,164.1646,2020-04-13,2020-04-14,59.88,rollback
LEAN_SIZER,HBI,2020-01-02,14.77,1143.3836,2020-04-13,2020-04-14,9.49,rollback
LEAN_SIZER,F,2020-04-09,5.51,3161.1189,2020-04-13,2020-04-14,5.27,rollback
LEAN_SIZER,USB,2019-12-27,60.36,319.2492,2020-04-14,2020-04-15,35.13,rollback
LEAN_SIZER,BAC,2019-12-09,33.5,541.4781,2020-04-15,2020-04-16,22.15,rollback
LEAN_SIZER,T,2020-01-23,38.96,425.1945,2020-04-21,2020-04-22,30.9,rollback
LEAN_SIZER,AAPL,2020-02-20,80.6575,223.6326,2020-04-21,2020-04-22,68.4025,rollback
LEAN_SIZER,GILD,2020-04-17,85.17,199.8363,2020-04-28,2020-04-29,83.97,rollback
LEAN_SIZER,TWTR,2020-04-23,28.43,578.6721,2020-04-28,2020-04-29,30.06,rollback
LEAN_SIZER,CCL,2020-04-15,11.88,1430.2191,2020-04-30,2020-05-01,14.9,rollback
LEAN_SIZER,PFE,2020-04-03,32.63,484.4453,2020-05-01,2020-05-04,37.6,rollback
LEAN_SIZER,HBAN,2020-04-23,7.87,1377.0931,2020-05-01,2020-05-04,8.34,rollback
LEAN_SIZER,BEN,2020-02-19,26.16,693.3075,2020-05-05,2020-05-06,18.12,rollback
LEAN_SIZER,AMAT,2020-05-08,52.41,361.2187,2020-05-21,2020-05-22,55.02,rollback
LEAN_SIZER,FTNT,2020-04-30,21.6,720.4712,2020-05-26,2020-05-27,27.45,rollback
LEAN_SIZER,AAL,2020-04-15,12.52,1357.0198,2020-05-28,2020-05-29,10.48,rollback
LEAN_SIZER,BAC,2020-05-11,23.11,831.3567,2020-05-28,2020-05-29,24.42,rollback
LEAN_SIZER,F,2020-05-11,5.18,3709.2615,2020-05-29,2020-06-01,5.73,rollback
LEAN_SIZER,GPS,2020-05-22,8.21,2418.3181,2020-05-29,2020-06-01,9.38,rollback
LEAN_SIZER,VZ,2020-05-29,55.33,260.0955,2020-06-01,2020-06-02,55.82,rollback
LEAN_SIZER,HPQ,2020-04-29,15.9,1168.4782,2020-06-09,2020-06-10,17.36,rollback
LEAN_SIZER,FTI,2020-06-02,8.02,146.1058,2020-06-09,2020-06-10,9.14,rollback
LEAN_SIZER,OXY,2020-02-20,42.7,422.4061,2020-06-10,2020-06-11,17.84,rollback
LEAN_SIZER,SLB,2020-04-23,15.85,1037.8908,2020-06-10,2020-06-11,19.12,rollback
LEAN_SIZER,WFC,2020-05-27,27.8,710.6895,2020-06-10,2020-06-11,27.2,rollback
LEAN_SIZER,UA,2020-06-02,8.39,2278.2306,2020-06-10,2020-06-11,8.62,rollback
LEAN_SIZER,LRCX,2020-05-11,26.247,234.3678,2020-06-11,2020-06-12,29.2803,rollback
LEAN_SIZER,COTY,2020-06-02,4.5,4247.913,2020-06-11,2020-06-12,4.95,rollback
LEAN_SIZER,CRM,2020-06-11,176.64,112.5554,2020-06-23,2020-06-24,187.51,rollback
LEAN_SIZER,ORCL,2020-06-19,54.21,369.3151,2020-07-13,2020-07-14,56.67,rollback
LEAN_SIZER,GOOGL,2020-06-26,71.6315,267.9891,2020-07-13,2020-07-14,74.6395,rollback
LEAN_SIZER,PFE,2020-05-29,38.27,525.1557,2020-07-14,2020-07-15,35.99,rollback
LEAN_SIZER,F,2020-07-15,6.54,3213.2417,2020-07-17,2020-07-20,6.8,rollback
LEAN_SIZER,KO,2020-07-15,46.3,453.8479,2020-07-23,2020-07-24,48.4,rollback
LEAN_SIZER,AMD,2020-06-10,57.2,377.5975,2020-08-17,2020-08-18,82.8,rollback
LEAN_SIZER,V,2020-07-20,194.74,109.8327,2020-08-31,2020-09-01,212.21,rollback
LEAN_SIZER,CMG,2020-06-19,20.8,682.7476,2020-09-03,2020-09-04,26.6578,rollback
LEAN_SIZER,MSFT,2020-07-21,213.66,2.0565,2020-09-03,2020-09-04,215.1,rollback
LEAN_SIZER,GOOG,2020-08-18,76.309,308.9421,2020-09-03,2020-09-04,81.213,rollback
LEAN_SIZER,KSS,2020-09-04,22.05,1107.7563,2020-09-18,2020-09-21,22.53,index_drop
LEAN_SIZER,TWTR,2020-09-21,39.43,589.3428,2020-09-24,2020-09-25,43.21,rollback
LEAN_SIZER,LRCX,2020-09-25,32.472,691.8428,2020-10-16,2020-10-19,36.75,rollback
LEAN_SIZER,CSX,2020-07-15,23.5,755.0832,2020-11-06,2020-11-09,30.1167,rollback
LEAN_SIZER,MS,2020-06-26,48.3,39.0827,2020-11-10,2020-11-11,55.94,rollback
LEAN_SIZER,XOM,2020-07-28,43.91,499.7559,2020-11-10,2020-11-11,37.09,rollback
LEAN_SIZER,BAC,2020-09-08,26.14,915.8571,2020-11-12,2020-11-13,26.88,rollback
LEAN_SIZER,MYL,2020-11-11,15.71,29.5745,2020-11-16,2020-11-16,15.855,delisted
LEAN_SIZER,C,2020-09-08,51.92,31.4905,2020-11-18,2020-11-19,51.6,rollback
LEAN_SIZER,KMI,2020-11-11,13.07,1937.3418,2020-11-18,2020-11-19,13.7,rollback
LEAN_SIZER,MRO,2020-06-19,6.7,2988.3407,2020-11-25,2020-11-27,6.46,rollback
LEAN_SIZER,AAL,2020-11-16,12.87,1910.9272,2020-11-27,2020-11-30,14.92,rollback
LEAN_SIZER,ABBV,2020-09-01,95.52,257.8606,2020-12-01,2020-12-02,104.0,rollback
LEAN_SIZER,NFLX,2020-11-30,49.008,562.1529,2020-12-08,2020-12-09,51.053,rollback
LEAN_SIZER,PYPL,2020-11-23,194.53,11.4101,2020-12-09,2020-12-10,208.36,rollback
LEAN_SIZER,ATVI,2020-10-19,82.28,280.8386,2021-01-04,2021-01-05,90.32,rollback
LEAN_SIZER,GILD,2020-06-01,75.47,251.7061,2021-01-13,2021-01-14,61.64,rollback
LEAN_SIZER,EBAY,2020-11-20,49.8,520.4566,2021-01-13,2021-01-14,55.83,rollback
LEAN_SIZER,BMY,2020-12-16,62.5,48.6172,2021-01-13,2021-01-14,64.91,rollback
LEAN_SIZER,GOOGL,2021-01-14,87.4435,208.2786,2021-01-27,2021-01-28,91.55,rollback
LEAN_SIZER,AAPL,2021-01-14,130.8,225.2881,2021-01-28,2021-01-29,135.83,rollback
LEAN_SIZER,KR,2020-11-09,31.98,769.096,2021-01-29,2021-02-01,34.51,rollback
LEAN_SIZER,MSFT,2020-12-02,214.88,128.4724,2021-01-29,2021-02-01,235.06,rollback
LEAN_SIZER,NOW,2020-11-18,102.25,4.5813,2021-02-09,2021-02-10,117.152,rollback
LEAN_SIZER,CSCO,2021-02-02,45.52,609.5945,2021-02-09,2021-02-10,46.15,rollback
LEAN_SIZER,NVDA,2021-02-03,13.636,2041.2386,2021-02-09,2021-02-10,14.4633,rollback
LEAN_SIZER,CMCSA,2021-01-29,50.31,579.4706,2021-02-12,2021-02-16,53.0,rollback
LEAN_SIZER,LRCX,2021-02-12,57.018,499.1625,2021-02-22,2021-02-23,55.655,rollback
LEAN_SIZER,AAL,2021-01-28,20.33,936.9823,2021-02-25,2021-02-26,20.61,rollback
LEAN_SIZER,SCHW,2021-02-16,58.93,59.5372,2021-02-25,2021-02-26,62.91,rollback
LEAN_SIZER,TWTR,2021-01-29,51.02,27.776,2021-03-02,2021-03-03,74.01,rollback
LEAN_SIZER,ORCL,2021-02-23,64.42,430.8153,2021-03-04,2021-03-05,67.3101,rollback
LEAN_SIZER,WMT,2021-01-05,48.8667,518.5534,2021-03-30,2021-03-31,45.1833,rollback
LEAN_SIZER,ORLY,2021-02-11,30.3853,951.2017,2021-04-05,2021-04-06,33.8347,rollback
LEAN_SIZER,CPRT,2020-12-14,29.375,957.4286,2021-04-06,2021-04-07,28.1525,rollback
LEAN_SIZER,GM,2021-03-03,54.5,37.6816,2021-04-07,2021-04-08,60.36,rollback
LEAN_SIZER,NFLX,2021-03-02,55.334,416.2657,2021-04-12,2021-04-13,55.7,rollback
LEAN_SIZER,TWTR,2021-04-07,66.64,430.282,2021-04-14,2021-04-15,70.55,rollback
LEAN_SIZER,AMZN,2020-11-27,160.563,120.111,2021-04-19,2021-04-20,168.68,rollback
LEAN_SIZER,WFC,2021-03-31,39.27,596.0411,2021-04-20,2021-04-21,42.24,rollback
LEAN_SIZER,T,2021-03-05,29.01,994.2116,2021-04-26,2021-04-27,30.84,rollback
LEAN_SIZER,MDLZ,2021-04-21,59.37,423.6418,2021-05-04,2021-05-05,60.94,rollback
LEAN_SIZER,JNJ,2021-04-20,161.0,125.7148,2021-05-05,2021-05-06,166.79,rollback
LEAN_SIZER,NKE,2021-04-13,135.6,170.8173,2021-05-10,2021-05-11,138.38,rollback
LEAN_SIZER,HAL,2020-06-19,13.78,1452.7762,2021-05-11,2021-05-12,22.63,rollback
LEAN_SIZER,JPM,2021-04-08,154.0,14.7545,2021-05-11,2021-05-12,159.61,rollback
LEAN_SIZER,MS,2021-04-15,81.35,372.7849,2021-05-11,2021-05-12,85.4,rollback
LEAN_SIZER,KMI,2021-02-16,15.07,1927.2545,2021-05-13,2021-05-14,18.23,rollback
LEAN_SIZER,MRK,2021-05-06,77.44,401.6589,2021-05-18,2021-05-19,78.925,rollback
LEAN_SIZER,BMY,2021-05-14,65.2,483.6026,2021-05-25,2021-05-26,66.72,rollback
LEAN_SIZER,CCL,2021-04-27,27.59,1104.1474,2021-06-03,2021-06-04,30.92,rollback
LEAN_SIZER,AAL,2021-05-17,22.32,1428.085,2021-06-03,2021-06-04,25.13,rollback
LEAN_SIZER,NCLH,2021-05-19,28.31,224.07,2021-06-03,2021-06-04,32.37,rollback
LEAN_SIZER,MSFT,2021-06-07,249.98,141.727,2021-06-11,2021-06-14,257.9,rollback
LEAN_SIZER,F,2021-04-06,12.7,2394.0579,2021-06-14,2021-06-15,14.91,rollback
LEAN_SIZER,EBAY,2021-05-11,60.0443,393.2775,2021-06-14,2021-06-15,66.0,rollback
LEAN_SIZER,ORLY,2021-06-16,35.8133,775.3687,2021-06-23,2021-06-24,36.544,rollback
LEAN_SIZER,AMD,2021-05-26,77.83,414.1554,2021-07-07,2021-07-08,87.86,rollback
LEAN_SIZER,NFLX,2021-06-15,50.123,704.369,2021-07-07,2021-07-08,53.093,rollback
LEAN_SIZER,MU,2021-06-16,82.73,423.4422,2021-08-05,2021-08-06,81.2,rollback
LEAN_SIZER,PPL,2021-03-05,27.97,4.5463,2021-08-09,2021-08-10,29.07,rollback
LEAN_SIZER,CNP,2021-07-09,25.38,1386.181,2021-08-12,2021-08-13,26.87,rollback
LEAN_SIZER,WMT,2021-05-19,46.9033,682.4796,2021-08-18,2021-08-19,49.4433,rollback
LEAN_SIZER,GILD,2021-06-07,67.605,524.0218,2021-08-19,2021-08-20,71.67,rollback
LEAN_SIZER,CSCO,2021-05-07,52.48,301.0839,2021-08-31,2021-09-01,59.02,rollback
LEAN_SIZER,MGM,2021-06-24,44.15,641.1495,2021-09-01,2021-09-02,42.48,rollback
LEAN_SIZER,MO,2021-06-08,50.55,125.5885,2021-09-07,2021-09-08,50.66,rollback
LEAN_SIZER,AAPL,2021-08-13,148.97,231.1028,2021-09-08,2021-09-09,155.49,rollback
LEAN_SIZER,NOW,2021-08-20,118.21,289.9435,2021-09-08,2021-09-09,131.156,rollback
LEAN_SIZER,NFLX,2021-08-06,52.4,652.9868,2021-09-13,2021-09-14,58.489,rollback
LEAN_SIZER,AAL,2021-08-11,20.625,186.5255,2021-09-28,2021-09-29,21.51,rollback
LEAN_SIZER,UAL,2021-09-08,46.7,136.1018,2021-09-28,2021-09-29,48.8808,rollback
LEAN_SIZER,CCL,2021-09-14,23.2,1509.2628,2021-09-29,2021-09-30,25.44,rollback
LEAN_SIZER,MRK,2021-09-30,75.58,38.3842,2021-10-14,2021-10-15,78.2,rollback
LEAN_SIZER,ORCL,2021-09-09,89.6,398.0426,2021-10-21,2021-10-22,96.29,rollback
LEAN_SIZER,UAA,2021-10-22,20.82,1676.647,2021-10-29,2021-11-01,22.0,rollback
LEAN_SIZER,SBUX,2021-09-01,118.01,196.7038,2021-11-08,2021-11-09,114.65,rollback
LEAN_SIZER,GPS,2021-09-29,25.49,641.4381,2021-11-08,2021-11-09,24.59,rollback
LEAN_SIZER,UAL,2021-11-02,47.915,723.8704,2021-11-11,2021-11-12,51.35,rollback
LEAN_SIZER,NVDA,2021-10-15,21.81,137.4893,2021-11-26,2021-11-29,32.366,rollback
LEAN_SIZER,INTC,2021-11-09,51.54,683.1071,2021-12-08,2021-12-09,51.3,rollback
LEAN_SIZER,KHC,2021-09-09,36.92,966.0605,2021-12-17,2021-12-20,35.26,rollback
LEAN_SIZER,CMG,2021-11-10,35.88,240.4109,2021-12-28,2021-12-29,34.789,rollback
LEAN_SIZER,VZ,2021-07-08,55.75,626.8574,2021-12-29,2021-12-30,52.38,rollback
LEAN_SIZER,FCX,2021-11-12,40.67,856.7169,2021-12-30,2021-12-31,41.64,rollback
LEAN_SIZER,BMY,2021-08-20,68.71,498.857,2022-01-03,2022-01-04,61.5,rollback
LEAN_SIZER,LUV,2021-12-29,42.23,283.0744,2022-01-05,2022-01-06,44.48,rollback
LEAN_SIZER,LUMN,2021-12-20,12.48,2616.741,2022-01-11,2022-01-12,13.31,rollback
LEAN_SIZER,T,2021-09-30,27.48,1290.2545,2022-01-21,2022-01-24,26.19,rollback
LEAN_SIZER,CVX,2021-11-30,113.45,59.3781,2022-01-21,2022-01-24,124.45,rollback
LEAN_SIZER,WFC,2022-01-04,51.58,625.8167,2022-01-21,2022-01-24,52.73,rollback
LEAN_SIZER,LVS,2022-01-12,39.25,886.4716,2022-01-27,2022-01-28,42.33,rollback
LEAN_SIZER,GPS,2022-01-26,17.88,1968.096,2022-02-01,2022-02-02,18.46,index_drop
LEAN_SIZER,SLB,2021-12-31,29.57,1150.0661,2022-02-02,2022-02-03,39.43,rollback
LEAN_SIZER,GOOGL,2022-02-02,151.25,231.4837,2022-02-07,2022-02-08,139.0265,rollback
LEAN_SIZER,NCLH,2022-01-10,22.44,560.5421,2022-02-10,2022-02-11,22.57,rollback
LEAN_SIZER,MS,2022-01-28,99.1,345.1571,2022-02-11,2022-02-14,104.03,rollback
LEAN_SIZER,AAL,2022-02-08,17.4,1964.9728,2022-02-11,2022-02-14,17.85,rollback
LEAN_SIZER,VIAC,2021-05-19,39.43,811.7765,2022-02-16,2022-02-16,29.58,delisted
LEAN_SIZER,ABBV,2022-01-28,135.99,58.7979,2022-02-18,2022-02-22,141.25,rollback
LEAN_SIZER,NEM,2022-02-14,64.17,530.8861,2022-02-28,2022-03-01,66.94,rollback
LEAN_SIZER,MO,2022-02-14,50.37,509.5989,2022-03-07,2022-03-08,52.9,rollback
LEAN_SIZER,MDT,2022-02-23,104.24,79.5942,2022-03-07,2022-03-08,106.32,rollback
LEAN_SIZER,JNJ,2022-01-28,170.86,200.1804,2022-03-08,2022-03-09,170.01,rollback
LEAN_SIZER,KHC,2022-02-17,36.525,656.7652,2022-03-08,2022-03-09,39.11,rollback
LEAN_SIZER,CTRA,2022-03-01,23.68,1419.9175,2022-03-08,2022-03-09,25.65,rollback
LEAN_SIZER,SLB,2022-03-08,43.05,800.2562,2022-03-09,2022-03-10,43.1,rollback
LEAN_SIZER,KMI,2022-02-14,17.51,1945.6995,2022-03-11,2022-03-14,17.9,rollback
LEAN_SIZER,AVGO,2022-03-10,58.556,576.6526,2022-03-21,2022-03-22,60.172,rollback
LEAN_SIZER,HST,2022-03-11,18.47,1844.564,2022-03-21,2022-03-22,18.47,rollback
LEAN_SIZER,PYPL,2021-12-09,196.06,167.2026,2022-03-23,2022-03-24,115.82,rollback
LEAN_SIZER,KIM,2022-03-10,23.54,1434.3354,2022-03-23,2022-03-24,24.02,rollback
LEAN_SIZER,KMI,2022-03-22,17.99,1874.1677,2022-03-28,2022-03-29,18.52,rollback
LEAN_SIZER,SCHW,2022-03-15,84.11,396.1435,2022-03-30,2022-03-31,88.45,rollback
LEAN_SIZER,TWTR,2021-09-02,65.97,412.4422,2022-03-31,2022-04-01,39.16,rollback
LEAN_SIZER,NKE,2021-12-30,168.31,194.8902,2022-03-31,2022-04-01,134.45,rollback
LEAN_SIZER,PM,2022-03-31,93.78,373.2552,2022-04-04,2022-04-05,95.41,rollback
LEAN_SIZER,VZ,2022-02-03,54.0,634.9802,2022-04-07,2022-04-08,52.73,rollback
LEAN_SIZER,XOM,2022-03-22,81.63,428.5487,2022-04-11,2022-04-12,85.71,rollback
LEAN_SIZER,GILD,2022-03-30,60.42,573.8976,2022-04-12,2022-04-13,61.62,rollback
LEAN_SIZER,KO,2022-03-25,61.12,308.297,2022-04-26,2022-04-27,65.0,rollback
LEAN_SIZER,UAL,2022-04-14,45.49,776.6516,2022-04-26,2022-04-27,48.75,rollback
LEAN_SIZER,QCOM,2022-04-29,145.81,231.6665,2022-05-05,2022-05-06,141.248,rollback
LEAN_SIZER,DVN,2022-04-08,60.34,579.0028,2022-05-09,2022-05-10,63.51,rollback
LEAN_SIZER,MRK,2022-04-29,88.66,271.4179,2022-05-13,2022-05-16,90.79,rollback
LEAN_SIZER,OXY,2022-04-08,57.7,605.5342,2022-05-18,2022-05-19,63.03,rollback
LEAN_SIZER,SLB,2022-04-11,42.64,143.67,2022-05-18,2022-05-19,40.04,rollback
LEAN_SIZER,KMI,2022-05-09,19.0,1720.5118,2022-05-18,2022-05-19,18.97,rollback
LEAN_SIZER,MU,2022-05-16,71.51,400.2012,2022-05-18,2022-05-19,70.76,rollback
LEAN_SIZER,APA,2022-05-20,41.08,788.4858,2022-05-24,2022-05-25,43.51,rollback
LEAN_SIZER,BKR,2022-04-11,36.72,962.2868,2022-05-31,2022-06-01,36.53,rollback
LEAN_SIZER,C,2022-05-20,50.26,644.5109,2022-06-01,2022-06-02,52.4,rollback
LEAN_SIZER,BEN,2022-05-23,26.24,1228.7302,2022-06-01,2022-06-02,26.63,rollback
LEAN_SIZER,GOOG,2022-06-01,114.9315,299.0552,2022-06-03,2022-06-06,116.7425,rollback
LEAN_SIZER,JPM,2022-05-24,124.36,62.278,2022-06-08,2022-06-09,127.37,rollback
LEAN_SIZER,FB,2022-06-03,195.98,172.6346,2022-06-08,2022-06-09,194.28,index_drop
LEAN_SIZER,GOOGL,2022-06-22,110.5565,278.4355,2022-06-27,2022-06-28,115.8025,rollback
LEAN_SIZER,GOOG,2022-06-22,111.163,113.7806,2022-06-27,2022-06-28,116.351,rollback
LEAN_SIZER,BMY,2022-06-08,76.52,441.1521,2022-06-30,2022-07-01,76.98,rollback
LEAN_SIZER,MSFT,2022-06-30,257.05,50.1346,2022-07-11,2022-07-12,265.88,rollback
LEAN_SIZER,CCL,2022-04-14,19.71,1792.6027,2022-07-21,2022-07-22,9.9,rollback
LEAN_SIZER,NCLH,2022-04-14,21.64,62.8623,2022-07-21,2022-07-22,12.7,rollback
LEAN_SIZER,HPE,2022-05-10,16.0,2045.9204,2022-07-22,2022-07-25,13.89,rollback
LEAN_SIZER,NFLX,2022-05-26,18.649,1764.0568,2022-07-22,2022-07-25,22.131,rollback
LEAN_SIZER,F,2022-03-25,16.74,2086.0956,2022-07-26,2022-07-27,12.75,rollback
LEAN_SIZER,TSLA,2022-06-03,243.225,139.1105,2022-07-26,2022-07-27,263.81,rollback
LEAN_SIZER,CSCO,2022-03-16,55.93,593.3495,2022-08-01,2022-08-02,45.52,rollback
LEAN_SIZER,SLB,2022-07-25,35.65,945.4264,2022-08-01,2022-08-02,36.5,rollback
LEAN_SIZER,WMB,2022-07-14,30.2,556.6467,2022-08-02,2022-08-03,33.27,rollback
LEAN_SIZER,KO,2022-07-27,62.88,543.0307,2022-08-02,2022-08-03,63.55,rollback
LEAN_SIZER,MDLZ,2022-07-25,62.06,542.8022,2022-08-04,2022-08-05,64.15,rollback
LEAN_SIZER,VTRS,2022-08-09,10.0301,1405.3955,2022-08-16,2022-08-17,10.99,rollback
LEAN_SIZER,CCL,2022-08-03,9.5,3852.4687,2022-08-17,2022-08-18,10.56,rollback
LEAN_SIZER,JPM,2022-08-08,116.25,318.86,2022-08-18,2022-08-19,120.62,rollback
LEAN_SIZER,CMG,2022-07-01,26.0416,1168.5792,2022-08-19,2022-08-22,32.8,rollback
LEAN_SIZER,BSX,2022-07-22,38.18,485.2431,2022-08-19,2022-08-22,41.62,rollback
LEAN_SIZER,HAL,2022-08-19,29.55,1286.4761,2022-08-26,2022-08-29,31.17,rollback
LEAN_SIZER,APA,2022-08-19,35.962,513.33,2022-08-31,2022-09-01,38.405,rollback
LEAN_SIZER,GILD,2022-09-02,65.04,535.9907,2022-09-13,2022-09-14,64.41,rollback
LEAN_SIZER,NCLH,2022-09-08,13.72,2545.0113,2022-09-16,2022-09-19,15.1,rollback
LEAN_SIZER,DXCM,2022-08-26,87.73,436.7451,2022-10-14,2022-10-17,99.41,rollback
LEAN_SIZER,AAL,2022-08-02,14.05,2607.9276,2022-10-20,2022-10-21,13.36,rollback
LEAN_SIZER,NFLX,2022-09-29,24.161,241.753,2022-10-24,2022-10-25,28.695,rollback
LEAN_SIZER,PFE,2022-07-27,51.94,560.0196,2022-10-27,2022-10-28,45.98,rollback
LEAN_SIZER,UAL,2022-08-02,37.22,666.697,2022-11-02,2022-11-03,40.57,rollback
LEAN_SIZER,WMT,2022-09-08,45.1333,224.3752,2022-11-02,2022-11-03,46.5033,rollback
LEAN_SIZER,JNJ,2022-09-23,165.74,196.3935,2022-11-02,2022-11-03,169.81,rollback
LEAN_SIZER,CCL,2022-10-21,7.93,4152.0376,2022-11-02,2022-11-03,8.34,rollback
LEAN_SIZER,XOM,2022-09-15,96.22,358.4354,2022-11-09,2022-11-10,110.19,rollback
LEAN_SIZER,USB,2022-10-17,43.88,752.6209,2022-11-09,2022-11-10,44.0,rollback
LEAN_SIZER,AVGO,2022-10-25,45.799,418.3504,2022-11-09,2022-11-10,49.1,rollback
LEAN_SIZER,MU,2022-08-19,61.835,614.8295,2022-11-16,2022-11-17,57.3,rollback
LEAN_SIZER,NEM,2022-11-09,43.66,744.7119,2022-11-16,2022-11-17,44.48,rollback
LEAN_SIZER,QCOM,2022-11-11,118.99,316.1332,2022-11-16,2022-11-17,118.95,rollback
LEAN_SIZER,AMD,2022-10-31,60.75,423.4397,2022-11-21,2022-11-22,72.72,rollback
LEAN_SIZER,KDP,2022-11-11,38.04,468.543,2022-12-05,2022-12-06,37.98,rollback
LEAN_SIZER,MO,2022-11-23,45.21,819.5402,2022-12-05,2022-12-06,47.18,rollback
LEAN_SIZER,ABBV,2022-11-08,148.83,246.3351,2022-12-09,2022-12-12,163.21,rollback
LEAN_SIZER,PCG,2022-11-21,15.1,2432.7738,2022-12-15,2022-12-16,16.09,rollback
LEAN_SIZER,LUMN,2022-06-28,11.5,2830.3875,2023-01-17,2023-01-18,5.59,rollback
LEAN_SIZER,LRCX,2022-12-13,48.554,478.3427,2023-01-17,2023-01-18,47.718,rollback
LEAN_SIZER,HAL,2022-12-21,37.96,880.448,2023-01-17,2023-01-18,43.0,rollback
LEAN_SIZER,NEM,2022-12-21,47.9,118.6305,2023-01-17,2023-01-18,53.02,rollback
LEAN_SIZER,AAL,2022-11-25,14.4,2574.9749,2023-01-24,2023-01-25,15.97,rollback
LEAN_SIZER,DIS,2022-11-25,98.81,260.5857,2023-02-06,2023-02-07,109.295,rollback
LEAN_SIZER,WBD,2022-12-13,11.65,3147.8909,2023-02-07,2023-02-08,15.26,rollback
LEAN_SIZER,TSLA,2023-01-18,136.555,284.278,2023-02-16,2023-02-17,199.985,rollback
LEAN_SIZER,PCG,2023-01-26,15.96,2476.9651,2023-03-07,2023-03-08,16.32,rollback
LEAN_SIZER,BMY,2023-01-20,73.9,506.7667,2023-04-04,2023-04-05,69.46,rollback
LEAN_SIZER,APA,2023-01-20,44.86,143.6487,2023-04-04,2023-04-05,37.89,rollback
LEAN_SIZER,CNC,2023-04-06,66.28,563.6896,2023-04-12,2023-04-13,67.52,rollback
LEAN_SIZER,MS,2023-04-14,86.43,323.9484,2023-04-20,2023-04-21,90.48,rollback
LEAN_SIZER,CSX,2022-12-13,33.25,1102.8729,2023-04-24,2023-04-25,31.06,rollback
LEAN_SIZER,MSFT,2023-04-27,295.97,115.6232,2023-05-03,2023-05-04,306.24,rollback
LEAN_SIZER,CMCSA,2023-02-17,39.71,1013.0349,2023-05-04,2023-05-05,40.57,rollback
LEAN_SIZER,EQT,2022-11-07,42.57,849.8494,2023-05-19,2023-05-22,35.46,rollback
LEAN_SIZER,AAL,2023-03-08,16.41,2400.8782,2023-05-19,2023-05-22,14.915,rollback
LEAN_SIZER,KLAC,2023-02-08,41.298,996.6868,2023-05-23,2023-05-24,40.685,rollback
LEAN_SIZER,LRCX,2023-04-21,52.419,558.6057,2023-05-23,2023-05-24,56.354,rollback
LEAN_SIZER,AMAT,2023-05-04,113.05,307.762,2023-05-23,2023-05-24,121.92,rollback
LEAN_SIZER,ANET,2023-05-22,36.31,1017.0602,2023-06-06,2023-06-07,39.9175,rollback
LEAN_SIZER,KEY,2023-04-14,12.55,2999.5295,2023-06-08,2023-06-09,10.98,rollback
LEAN_SIZER,WBD,2023-06-07,12.12,3165.2477,2023-06-15,2023-06-16,13.09,rollback
LEAN_SIZER,PYPL,2022-11-11,86.52,434.803,2023-06-21,2023-06-22,67.52,rollback
LEAN_SIZER,INTC,2023-05-05,31.38,1131.4949,2023-06-21,2023-06-22,32.69,rollback
LEAN_SIZER,F,2023-05-24,11.64,3143.403,2023-06-21,2023-06-22,13.91,rollback
LEAN_SIZER,VZ,2023-06-13,35.5,988.6488,2023-07-06,2023-07-07,36.22,rollback
LEAN_SIZER,MRO,2023-05-22,23.13,1516.7053,2023-07-14,2023-07-17,24.05,rollback
LEAN_SIZER,OXY,2023-05-24,60.17,608.0592,2023-07-14,2023-07-17,59.1,rollback
LEAN_SIZER,CRM,2023-06-23,210.5,184.1877,2023-07-17,2023-07-18,227.05,rollback
LEAN_SIZER,HAL,2023-01-27,40.9,37.87,2023-07-19,2023-07-20,37.01,rollback
LEAN_SIZER,SLB,2023-05-24,45.96,789.09,2023-07-21,2023-07-24,56.22,rollback
LEAN_SIZER,HBAN,2023-07-10,10.82,3306.1987,2023-07-21,2023-07-24,11.85,rollback
LEAN_SIZER,KO,2023-06-16,61.6,656.1671,2023-07-25,2023-07-26,61.86,rollback
LEAN_SIZER,SCHW,2023-02-07,79.13,359.5634,2023-07-27,2023-07-28,66.1,rollback
LEAN_SIZER,INTC,2023-07-18,34.28,1201.3054,2023-07-31,2023-08-01,35.82,rollback
LEAN_SIZER,KLAC,2023-07-28,50.0,829.4997,2023-08-02,2023-08-03,49.727,rollback
LEAN_SIZER,TSCO,2023-07-28,45.06,506.3987,2023-08-04,2023-08-07,44.462,rollback
LEAN_SIZER,AMZN,2023-08-07,140.99,170.7795,2023-08-08,2023-08-09,139.97,rollback
LEAN_SIZER,WBD,2023-08-04,12.94,3162.5025,2023-08-09,2023-08-10,14.28,rollback
LEAN_SIZER,MRK,2023-07-24,109.99,378.9219,2023-08-24,2023-08-25,109.94,rollback
LEAN_SIZER,VZ,2023-08-14,33.19,1218.803,2023-09-05,2023-09-06,34.1,rollback
LEAN_SIZER,T,2023-06-28,15.81,2083.0479,2023-09-18,2023-09-19,15.06,rollback
LEAN_SIZER,KHC,2023-07-17,35.69,881.7936,2023-09-22,2023-09-25,34.11,rollback
LEAN_SIZER,KMI,2023-08-14,17.81,1602.6636,2023-10-19,2023-10-20,17.04,rollback
LEAN_SIZER,MRO,2023-09-28,27.265,1102.0692,2023-10-23,2023-10-24,28.37,rollback
LEAN_SIZER,T,2023-10-20,15.19,1796.056,2023-10-25,2023-10-26,15.17,rollback
LEAN_SIZER,IBM,2023-10-27,143.62,146.3232,2023-11-09,2023-11-10,147.44,rollback
LEAN_SIZER,GOOG,2023-08-28,132.08,305.0861,2023-11-17,2023-11-20,135.5,rollback
LEAN_SIZER,GOOGL,2023-11-13,131.78,163.5478,2023-11-17,2023-11-20,133.69,rollback
LEAN_SIZER,CCL,2023-07-24,17.88,2336.6875,2023-11-24,2023-11-27,14.38,rollback
LEAN_SIZER,META,2023-09-06,301.71,135.635,2023-11-24,2023-11-27,336.18,rollback
LEAN_SIZER,CMG,2023-06-22,41.38,948.0054,2023-11-27,2023-11-28,44.2,rollback
LEAN_SIZER,ORCL,2023-07-17,118.85,343.8744,2023-11-27,2023-11-28,116.0,rollback
LEAN_SIZER,MDLZ,2023-07-20,73.5,27.1761,2023-11-27,2023-11-28,71.55,rollback
LEAN_SIZER,AMD,2023-08-01,114.26,364.8439,2023-11-27,2023-11-28,121.98,rollback
LEAN_SIZER,HPE,2023-11-30,16.84,2383.5845,2023-12-04,2023-12-05,16.43,rollback
LEAN_SIZER,MRK,2023-10-26,103.1,363.1276,2023-12-07,2023-12-08,103.79,rollback
LEAN_SIZER,NEE,2023-11-20,57.0,702.6484,2023-12-15,2023-12-18,61.6,rollback
LEAN_SIZER,GILD,2023-12-01,76.78,552.2711,2023-12-18,2023-12-19,79.58,rollback
LEAN_SIZER,WBD,2023-12-04,11.24,3547.4879,2023-12-18,2023-12-19,11.94,rollback
LEAN_SIZER,KR,2023-12-01,44.51,952.7302,2023-12-19,2023-12-20,44.88,rollback
LEAN_SIZER,CMCSA,2023-09-19,45.57,729.8182,2023-12-20,2023-12-21,44.22,rollback
LEAN_SIZER,AMD,2023-12-08,129.54,290.6542,2023-12-20,2023-12-21,138.14,rollback
LEAN_SIZER,GOOGL,2023-12-19,136.84,326.978,2023-12-27,2023-12-28,140.78,rollback
LEAN_SIZER,GOOG,2023-12-19,138.0,289.6798,2023-12-27,2023-12-28,141.85,rollback
LEAN_SIZER,WMT,2023-12-19,51.6133,866.8477,2023-12-28,2023-12-29,52.51,rollback
LEAN_SIZER,WBA,2023-12-05,20.73,1887.2721,2024-01-03,2024-01-04,24.19,rollback
LEAN_SIZER,PFE,2023-12-01,28.97,1463.8823,2024-01-04,2024-01-05,29.02,rollback
LEAN_SIZER,CVS,2023-11-20,68.4,337.5694,2024-01-08,2024-01-09,80.55,rollback
LEAN_SIZER,T,2023-12-20,16.57,2577.8995,2024-01-08,2024-01-09,16.97,rollback
LEAN_SIZER,NI,2023-12-29,26.41,1732.9644,2024-01-09,2024-01-10,27.13,rollback
LEAN_SIZER,TSCO,2024-01-05,42.742,1064.0529,2024-01-09,2024-01-10,44.146,rollback
LEAN_SIZER,PYPL,2024-01-09,60.28,754.5593,2024-01-22,2024-01-23,64.525,rollback
LEAN_SIZER,PG,2024-01-02,146.36,312.5144,2024-01-24,2024-01-25,152.4,rollback
LEAN_SIZER,AAL,2024-01-09,14.51,3134.9191,2024-01-30,2024-01-31,14.49,rollback
LEAN_SIZER,AMZN,2024-01-10,152.06,297.8149,2024-01-30,2024-01-31,157.0,rollback
LEAN_SIZER,PANW,2024-01-10,152.6,296.7425,2024-01-31,2024-02-01,169.5,rollback
LEAN_SIZER,NOW,2024-01-10,141.5,23.5083,2024-01-31,2024-02-01,153.818,rollback
LEAN_SIZER,T,2024-01-23,17.04,2692.0915,2024-02-06,2024-02-07,17.6,rollback
LEAN_SIZER,F,2024-01-31,11.76,3937.143,2024-02-14,2024-02-15,12.35,rollback
LEAN_SIZER,MRO,2023-12-22,24.89,1829.6376,2024-02-28,2024-02-29,24.23,rollback
LEAN_SIZER,AMD,2024-02-15,179.14,248.7011,2024-03-11,2024-03-12,200.52,rollback
LEAN_SIZER,DVN,2024-01-31,43.18,1072.2072,2024-03-12,2024-03-13,47.02,rollback
LEAN_SIZER,PARA,2024-02-01,14.9,3092.3594,2024-03-21,2024-03-22,11.84,rollback
LEAN_SIZER,DAL,2024-01-09,41.4,542.5578,2024-03-22,2024-03-25,45.48,rollback
LEAN_SIZER,TFC,2024-01-25,38.0,1214.229,2024-04-01,2024-04-02,38.12,rollback
LEAN_SIZER,BMY,2024-03-26,52.39,601.9435,2024-04-01,2024-04-02,53.1,rollback
LEAN_SIZER,KDP,2023-12-22,32.465,825.8574,2024-04-04,2024-04-05,30.7,rollback
LEAN_SIZER,AMZN,2024-03-13,175.9,254.815,2024-04-10,2024-04-11,186.74,rollback
LEAN_SIZER,MO,2024-02-02,41.49,276.6886,2024-05-06,2024-05-07,43.6,rollback
LEAN_SIZER,KO,2024-03-12,60.32,750.2511,2024-05-14,2024-05-15,63.06,rollback
LEAN_SIZER,NFLX,2024-05-07,59.628,253.8966,2024-05-14,2024-05-15,61.857,rollback
LEAN_SIZER,MSFT,2024-04-08,425.17,59.5726,2024-05-17,2024-05-20,420.21,rollback
LEAN_SIZER,AVGO,2024-03-22,135.0,336.7586,2024-05-21,2024-05-22,139.601,rollback
LEAN_SIZER,AAPL,2024-02-07,190.64,239.9523,2024-05-23,2024-05-24,188.82,rollback
LEAN_SIZER,VZ,2024-05-31,40.14,1054.8997,2024-06-05,2024-06-06,41.31,rollback
LEAN_SIZER,SBUX,2024-04-02,91.11,497.8687,2024-06-07,2024-06-10,81.49,rollback
LEAN_SIZER,NCLH,2024-05-22,16.93,2542.9939,2024-06-07,2024-06-10,17.67,rollback
LEAN_SIZER,WMT,2024-04-11,60.75,731.6677,2024-06-12,2024-06-13,66.3,rollback
LEAN_SIZER,AVGO,2024-06-06,142.187,307.8217,2024-06-25,2024-06-26,159.762,rollback
LEAN_SIZER,F,2024-05-15,12.49,3429.2381,2024-07-05,2024-07-08,12.97,rollback
LEAN_SIZER,BKR,2024-05-15,32.6,617.2375,2024-07-05,2024-07-08,34.14,rollback
LEAN_SIZER,CRM,2024-06-26,241.47,179.4068,2024-07-08,2024-07-09,256.09,rollback
LEAN_SIZER,VTRS,2024-04-04,12.16,2698.239,2024-07-15,2024-07-16,11.0,rollback
LEAN_SIZER,MDT,2024-06-10,83.72,521.035,2024-07-18,2024-07-19,81.58,rollback
LEAN_SIZER,XOM,2024-05-20,119.73,208.8698,2024-07-19,2024-07-22,115.18,rollback
LEAN_SIZER,TSLA,2024-06-13,188.39,234.6451,2024-07-19,2024-07-22,244.21,rollback
LEAN_SIZER,PCAR,2024-07-16,104.92,282.6054,2024-07-19,2024-07-22,108.4,rollback
LEAN_SIZER,PFE,2024-07-11,28.78,1616.2643,2024-07-23,2024-07-24,29.51,rollback
LEAN_SIZER,MTCH,2024-07-10,31.16,1481.926,2024-07-24,2024-07-25,33.06,rollback
LEAN_SIZER,WBD,2024-01-03,11.48,3571.5539,2024-07-25,2024-07-26,8.1,rollback
LEAN_SIZER,PYPL,2024-07-23,60.72,781.3203,2024-08-02,2024-08-05,60.7,rollback
LEAN_SIZER,NEE,2024-07-11,73.5,456.2121,2024-08-05,2024-08-06,76.85,rollback
LEAN_SIZER,PG,2024-08-05,170.88,272.6577,2024-08-09,2024-08-12,169.4,rollback
LEAN_SIZER,MMM,2024-06-10,100.43,434.317,2024-08-16,2024-08-19,127.08,rollback
LEAN_SIZER,CNC,2024-07-26,69.45,674.8127,2024-08-20,2024-08-21,78.46,rollback
LEAN_SIZER,WBD,2024-08-21,7.8,6382.9867,2024-08-27,2024-08-28,8.12,rollback
LEAN_SIZER,NFLX,2024-08-12,63.1,731.2528,2024-08-28,2024-08-29,69.0,rollback
LEAN_SIZER,SBUX,2024-07-22,78.33,610.4658,2024-09-03,2024-09-04,93.37,rollback
LEAN_SIZER,C,2024-08-19,61.5,88.3226,2024-09-03,2024-09-04,61.57,rollback
LEAN_SIZER,PEP,2024-09-04,177.9,275.2485,2024-09-06,2024-09-09,177.05,rollback
LEAN_SIZER,PFE,2024-09-10,29.42,1654.7938,2024-09-17,2024-09-18,30.0,rollback
LEAN_SIZER,MNST,2024-07-29,51.0,851.0989,2024-09-20,2024-09-23,51.19,rollback
LEAN_SIZER,TSLA,2024-08-19,217.07,228.9861,2024-09-20,2024-09-23,242.61,rollback
LEAN_SIZER,T,2024-08-07,19.2,1865.2006,2024-09-23,2024-09-24,21.38,rollback
LEAN_SIZER,CRM,2024-07-26,258.17,181.5413,2024-10-01,2024-10-02,273.72,rollback
LEAN_SIZER,CVS,2024-09-05,59.5,315.4751,2024-10-01,2024-10-02,63.01,rollback
LEAN_SIZER,MU,2024-09-24,94.73,420.544,2024-10-01,2024-10-02,100.59,rollback
LEAN_SIZER,BMY,2024-09-23,49.56,980.7362,2024-10-08,2024-10-09,52.25,rollback
LEAN_SIZER,XOM,2024-08-30,116.79,426.9096,2024-10-15,2024-10-16,120.89,rollback
LEAN_SIZER,KEY,2024-10-07,16.69,3102.5858,2024-10-17,2024-10-18,17.16,rollback
LEAN_SIZER,BAC,2024-10-07,40.21,1287.8695,2024-10-21,2024-10-22,41.65,rollback
LEAN_SIZER,NFLX,2024-10-09,71.925,709.6152,2024-10-23,2024-10-24,75.197,rollback
LEAN_SIZER,SCHW,2024-10-07,64.48,127.0609,2024-10-29,2024-10-30,71.75,rollback
LEAN_SIZER,KVUE,2024-10-22,22.55,2316.671,2024-11-12,2024-11-13,23.45,rollback
LEAN_SIZER,AMZN,2024-10-18,187.15,280.9881,2024-11-15,2024-11-18,204.15,rollback
LEAN_SIZER,BKR,2024-10-24,37.1,1405.6894,2024-11-25,2024-11-26,43.75,rollback
LEAN_SIZER,VTRS,2024-08-29,11.91,4203.8798,2024-11-26,2024-11-27,13.08,rollback
LEAN_SIZER,VZ,2024-11-18,41.67,1248.4191,2024-12-04,2024-12-05,42.59,rollback
LEAN_SIZER,BA,2024-02-29,206.44,214.2827,2024-12-05,2024-12-06,157.03,rollback
LEAN_SIZER,META,2024-11-27,574.89,92.8328,2024-12-17,2024-12-18,621.0,rollback
LEAN_SIZER,MSFT,2024-11-13,421.64,125.9447,2024-12-18,2024-12-19,441.62,rollback
LEAN_SIZER,PFE,2024-10-16,29.5,1752.9049,2024-12-26,2024-12-27,26.43,rollback
LEAN_SIZER,NVDA,2024-12-05,145.11,310.2842,2025-01-07,2025-01-08,142.58,rollback
LEAN_SIZER,OXY,2024-12-27,48.2,909.7232,2025-01-21,2025-01-22,50.4,rollback
LEAN_SIZER,WBA,2025-01-08,9.5,4854.3759,2025-01-27,2025-01-28,11.27,rollback
LEAN_SIZER,KO,2024-12-18,62.81,704.9036,2025-01-28,2025-01-29,62.56,rollback
LEAN_SIZER,NKE,2024-09-23,85.4,590.3712,2025-01-31,2025-02-03,74.9,rollback
LEAN_SIZER,CCL,2024-12-23,26.52,1651.5625,2025-02-03,2025-02-04,27.18,rollback
LEAN_SIZER,GILD,2024-12-06,93.5,479.2602,2025-02-07,2025-02-10,96.04,rollback
LEAN_SIZER,SMCI,2025-01-22,33.98,1406.6478,2025-02-11,2025-02-12,42.3,rollback
LEAN_SIZER,MO,2025-02-03,52.0,1000.2953,2025-02-11,2025-02-12,53.51,rollback
LEAN_SIZER,FCX,2025-02-10,38.88,1376.0331,2025-02-14,2025-02-18,39.48,rollback
LEAN_SIZER,MU,2025-02-18,102.635,547.3425,2025-02-19,2025-02-20,103.98,rollback
LEAN_SIZER,INTC,2025-02-12,21.98,2454.4513,2025-02-24,2025-02-25,24.21,rollback
LEAN_SIZER,AAPL,2025-01-29,234.12,203.0609,2025-02-25,2025-02-26,244.33,rollback
LEAN_SIZER,WBA,2025-02-25,10.91,5225.8061,2025-02-26,2025-02-27,11.7,rollback
LEAN_SIZER,MCHP,2024-07-23,91.77,516.9332,2025-02-27,2025-02-28,57.16,rollback
LEAN_SIZER,PARA,2024-11-26,11.11,4865.2721,2025-03-10,2025-03-11,11.96,rollback
LEAN_SIZER,MRK,2025-02-28,90.705,524.393,2025-03-12,2025-03-13,93.4,rollback
LEAN_SIZER,GM,2025-03-11,48.0,1072.3799,2025-03-26,2025-03-27,46.99,rollback
LEAN_SIZER,AMD,2024-10-30,153.01,79.7953,2025-03-27,2025-03-28,105.525,rollback
LEAN_SIZER,CMG,2025-03-28,50.22,245.9826,2025-04-28,2025-04-29,50.62,rollback
LEAN_SIZER,MU,2025-03-13,94.25,531.5557,2025-05-05,2025-05-06,79.04,rollback
LEAN_SIZER,PFE,2025-01-28,26.78,1778.1252,2025-05-06,2025-05-07,22.99,rollback
LEAN_SIZER,DIS,2025-02-20,111.24,515.4291,2025-05-06,2025-05-07,102.42,rollback
LEAN_SIZER,F,2024-09-18,10.93,4537.4377,2025-05-07,2025-05-08,10.34,rollback
LEAN_SIZER,UPS,2025-05-09,97.2,491.0139,2025-05-13,2025-05-14,99.85,rollback
LEAN_SIZER,LUV,2025-02-27,30.87,1834.4283,2025-05-21,2025-05-22,31.67,rollback
LEAN_SIZER,FSLR,2025-05-09,134.115,355.844,2025-05-21,2025-05-22,159.95,rollback
LEAN_SIZER,FCX,2025-05-27,39.14,1237.7767,2025-06-10,2025-06-11,41.385,rollback
LEAN_SIZER,FAST,2025-05-15,40.265,1216.4097,2025-06-11,2025-06-12,42.495,rollback
LEAN_SIZER,SLB,2025-02-12,41.53,1298.9559,2025-06-16,2025-06-17,36.22,rollback
LEAN_SIZER,PFE,2025-05-27,23.55,2057.2889,2025-06-16,2025-06-17,24.27,rollback
LEAN_SIZER,NEM,2025-05-12,51.02,960.3054,2025-06-20,2025-06-23,58.36,rollback
LEAN_SIZER,XOM,2025-02-05,109.74,483.6831,2025-06-24,2025-06-25,108.11,rollback
LEAN_SIZER,CMG,2025-06-17,52.25,963.8807,2025-06-26,2025-06-27,54.195,rollback
LEAN_SIZER,KMI,2025-06-23,28.22,1788.3156,2025-07-01,2025-07-02,28.33,rollback
LEAN_SIZER,DOC,2025-02-26,20.22,2809.4618,2025-07-07,2025-07-08,17.935,rollback
LEAN_SIZER,AAPL,2025-05-13,210.43,180.4532,2025-07-07,2025-07-08,210.1,rollback
LEAN_SIZER,GM,2025-06-12,49.46,1010.2473,2025-07-07,2025-07-08,52.16,rollback
LEAN_SIZER,F,2025-06-11,10.64,4706.8153,2025-07-11,2025-07-14,11.76,rollback
LEAN_SIZER,DOW,2025-07-09,29.365,1837.7897,2025-07-11,2025-07-14,29.25,rollback
LEAN_SIZER,NKE,2025-06-27,69.79,738.205,2025-07-14,2025-07-15,72.26,rollback
LEAN_SIZER,HAL,2025-07-09,22.07,2445.3811,2025-07-14,2025-07-15,22.05,rollback
LEAN_SIZER,AES,2025-07-02,10.85,4830.7457,2025-07-28,2025-07-29,13.49,rollback
LEAN_SIZER,KVUE,2025-07-14,22.58,2374.4737,2025-07-28,2025-07-29,22.38,rollback
LEAN_SIZER,META,2025-07-29,720.0,76.4029,2025-08-01,2025-08-04,760.0,rollback
LEAN_SIZER,CSCO,2025-08-05,68.69,797.2068,2025-08-11,2025-08-12,70.785,rollback
LEAN_SIZER,PLTR,2025-07-08,138.775,380.9592,2025-08-14,2025-08-15,179.725,rollback
LEAN_SIZER,VZ,2025-03-27,44.48,1166.5014,2025-08-22,2025-08-25,44.44,rollback
LEAN_SIZER,UBER,2025-08-12,91.19,584.9731,2025-08-25,2025-08-26,94.88,rollback
LEAN_SIZER,CMCSA,2025-07-15,35.62,1511.5836,2025-08-26,2025-08-27,33.59,rollback
LEAN_SIZER,INTC,2025-04-29,20.31,612.4665,2025-08-29,2025-09-02,23.88,rollback
LEAN_SIZER,XOM,2025-07-29,111.9,491.6267,2025-09-03,2025-09-04,112.105,rollback
LEAN_SIZER,AVGO,2025-09-04,305.06,176.4257,2025-09-17,2025-09-18,350.0,rollback
LEAN_SIZER,TSLA,2025-08-25,338.9,161.3091,2025-09-25,2025-09-26,428.3,rollback
LEAN_SIZER,IBKR,2025-09-03,63.95,637.3535,2025-09-30,2025-10-01,67.86,rollback
LEAN_SIZER,WBD,2025-08-28,12.19,4512.7413,2025-10-02,2025-10-03,19.378,rollback
LEAN_SIZER,CMG,2025-10-03,40.27,1510.051,2025-10-06,2025-10-07,41.5,rollback
LEAN_SIZER,EQT,2025-07-15,58.3,923.4458,2025-10-09,2025-10-10,54.7,rollback
LEAN_SIZER,PYPL,2025-09-18,70.08,848.4925,2025-10-10,2025-10-13,70.72,rollback
LEAN_SIZER,KO,2025-10-13,66.23,908.1378,2025-10-20,2025-10-21,70.565,rollback
LEAN_SIZER,CRM,2025-06-25,272.0,186.7191,2025-10-23,2025-10-24,257.42,rollback
LEAN_SIZER,AAPL,2025-10-21,261.88,236.702,2025-10-31,2025-11-03,270.42,rollback
LEAN_SIZER,BMY,2025-07-15,47.15,1141.8822,2025-11-03,2025-11-04,45.49,rollback
LEAN_SIZER,PLTR,2025-10-24,182.88,334.1341,2025-11-04,2025-11-05,189.0,rollback
LEAN_SIZER,AMZN,2025-08-15,232.58,232.3261,2025-11-12,2025-11-13,243.05,rollback
LEAN_SIZER,GOOGL,2025-10-07,248.27,250.64,2025-11-13,2025-11-14,271.405,rollback
LEAN_SIZER,CTRA,2025-08-27,23.95,2286.9123,2025-11-17,2025-11-18,25.74,rollback
LEAN_SIZER,VZ,2025-10-01,43.915,1277.1585,2025-11-17,2025-11-18,41.03,rollback
LEAN_SIZER,KHC,2025-11-19,24.915,2388.2443,2025-12-01,2025-12-02,25.38,rollback
LEAN_SIZER,SCHW,2025-09-26,95.13,626.5535,2025-12-12,2025-12-15,96.73,rollback
LEAN_SIZER,KDP,2025-11-19,27.29,2180.2839,2025-12-15,2025-12-16,29.34,rollback
LEAN_SIZER,SLB,2025-12-02,36.31,1667.9694,2025-12-15,2025-12-16,38.6,rollback
LEAN_SIZER,DAL,2025-10-10,59.93,1034.9564,2025-12-17,2025-12-18,70.82,rollback
LEAN_SIZER,MRK,2025-12-19,100.6,608.4,2025-12-30,2025-12-31,105.935,rollback
LEAN_SIZER,SMCI,2025-06-17,43.24,1164.7881,2025-12-31,,29.27,open
LEAN_SIZER,HOOD,2025-11-03,148.79,431.4435,2025-12-31,,113.1,open
LEAN_SIZER,CNC,2025-11-05,35.815,1735.769,2025-12-31,,41.15,open
LEAN_SIZER,PCG,2025-11-06,16.45,3445.0894,2025-12-31,,16.07,open
LEAN_SIZER,T,2025-11-13,25.65,2199.2362,2025-12-31,,24.84,open
LEAN_SIZER,NKE,2025-11-14,64.935,925.5212,2025-12-31,,63.71,open
LEAN_SIZER,VICI,2025-12-16,28.61,2183.3788,2025-12-31,,28.12,open
LEAN_SIZER,VZ,2025-12-18,40.78,1524.8613,2025-12-31,,40.73,open
LEAN_SIZER,PG,2025-12-18,146.62,424.0932,2025-12-31,,143.31,open
LEAN_SIZER,OXY,2025-12-31,41.46,1501.953,2025-12-31,,41.12,open
LEAN_SELECT,AVGO,2016-02-01,13.334,749.5877,2016-02-02,2016-02-03,13.725,rollback
LEAN_SELECT,HAL,2016-02-01,31.29,319.3354,2016-02-05,2016-02-08,30.74,rollback
LEAN_SELECT,DOW,2016-02-03,45.73,214.2506,2016-02-11,2016-02-12,45.28,rollback
LEAN_SELECT,CVX,2016-02-09,85.08,108.9885,2016-02-18,2016-02-19,86.33,rollback
LEAN_SELECT,FOXA,2016-02-01,26.84,372.2432,2016-02-23,2016-02-24,26.71,rollback
LEAN_SELECT,XRX,2016-02-01,16.996,587.8152,2016-02-23,2016-02-24,16.513,rollback
LEAN_SELECT,MDLZ,2016-02-01,42.82,233.3374,2016-02-26,2016-02-29,40.54,rollback
LEAN_SELECT,JNPR,2016-02-19,24.0,407.0166,2016-02-26,2016-02-29,24.59,rollback
LEAN_SELECT,KLAC,2016-02-01,6.64,1505.0458,2016-03-02,2016-03-03,6.836,rollback
LEAN_SELECT,LRCX,2016-02-01,7.12,1403.7223,2016-03-08,2016-03-09,7.355,rollback
LEAN_SELECT,JPM,2016-02-01,59.16,168.9318,2016-03-08,2016-03-09,59.15,rollback
LEAN_SELECT,TAP,2016-02-01,90.5,110.4199,2016-03-08,2016-03-09,88.6,rollback
LEAN_SELECT,AMAT,2016-02-01,17.45,572.6364,2016-03-08,2016-03-09,19.01,rollback
LEAN_SELECT,BAC,2016-02-29,12.7,788.5809,2016-03-08,2016-03-09,13.17,rollback
LEAN_SELECT,AIG,2016-03-14,52.59,195.6704,2016-03-21,2016-03-22,53.55,rollback
LEAN_SELECT,GILD,2016-02-16,90.72,104.7284,2016-03-23,2016-03-24,89.61,rollback
LEAN_SELECT,WY,2016-02-24,24.0,405.8842,2016-04-04,2016-04-05,30.87,rollback
LEAN_SELECT,ATVI,2016-02-25,31.98,311.365,2016-04-05,2016-04-06,33.89,rollback
LEAN_SELECT,V,2016-03-17,72.28,143.0051,2016-04-22,2016-04-25,78.69,rollback
LEAN_SELECT,GME,2016-03-30,7.8925,1191.9597,2016-04-22,2016-04-25,8.17,index_drop
LEAN_SELECT,MRO,2016-04-07,10.88,975.603,2016-04-25,2016-04-26,14.09,rollback
LEAN_SELECT,PFE,2016-03-14,30.27,339.9847,2016-04-26,2016-04-27,32.98,rollback
LEAN_SELECT,HAL,2016-04-07,35.97,295.0801,2016-05-03,2016-05-04,40.13,rollback
LEAN_SELECT,WMT,2016-03-22,22.6667,460.3875,2016-05-23,2016-05-24,23.2167,rollback
LEAN_SELECT,WFM,2016-05-06,29.95,354.802,2016-05-27,2016-05-31,31.96,rollback
LEAN_SELECT,KR,2016-03-14,38.43,267.781,2016-06-02,2016-06-03,36.2,rollback
LEAN_SELECT,MU,2016-04-27,11.34,963.9411,2016-06-09,2016-06-10,12.32,rollback
LEAN_SELECT,FE,2016-04-28,32.67,335.2745,2016-06-10,2016-06-13,33.68,rollback
LEAN_SELECT,T,2016-05-31,39.03,285.0458,2016-07-07,2016-07-08,42.13,rollback
LEAN_SELECT,ATVI,2016-06-15,38.46,284.3381,2016-07-07,2016-07-08,40.64,rollback
LEAN_SELECT,HST,2016-06-03,15.72,709.1639,2016-07-13,2016-07-14,16.58,rollback
LEAN_SELECT,DAL,2016-03-17,48.58,212.4416,2016-07-21,2016-07-22,39.07,rollback
LEAN_SELECT,GOOG,2016-02-29,35.016,285.9972,2016-07-26,2016-07-27,36.914,rollback
LEAN_SELECT,EBAY,2016-04-28,25.09,436.6087,2016-08-09,2016-08-10,31.11,rollback
LEAN_SELECT,AAPL,2016-07-08,24.1225,459.1314,2016-08-11,2016-08-12,26.945,rollback
LEAN_SELECT,AABA,2016-06-10,36.97,298.6767,2016-08-23,2016-08-24,42.5,rollback
LEAN_SELECT,WFC,2016-08-12,48.05,245.1974,2016-09-06,2016-09-07,49.79,rollback
LEAN_SELECT,NEE,2016-07-22,32.0025,360.1073,2016-09-26,2016-09-27,31.7725,rollback
LEAN_SELECT,PG,2016-03-03,82.54,124.5109,2016-10-03,2016-10-04,88.29,rollback
LEAN_SELECT,FAST,2016-04-28,11.7725,930.4707,2016-10-07,2016-10-10,10.6175,rollback
LEAN_SELECT,KLAC,2016-10-04,7.036,1688.5191,2016-10-11,2016-10-12,7.23,rollback
LEAN_SELECT,KR,2016-10-12,30.24,389.9382,2016-10-13,2016-10-14,31.17,rollback
LEAN_SELECT,FOXA,2016-07-14,28.18,403.5865,2016-10-24,2016-10-25,25.59,rollback
LEAN_SELECT,GOOGL,2016-09-07,40.3965,293.1412,2016-10-25,2016-10-26,41.356,rollback
LEAN_SELECT,SBUX,2016-08-24,57.0,207.2234,2016-11-09,2016-11-10,54.64,rollback
LEAN_SELECT,WMT,2016-08-10,24.5233,476.8963,2016-11-14,2016-11-15,23.5967,rollback
LEAN_SELECT,CMG,2016-09-27,8.39,1389.5051,2016-11-15,2016-11-16,7.98,rollback
LEAN_SELECT,FCX,2016-10-26,10.45,1114.0402,2016-11-17,2016-11-18,13.79,rollback
LEAN_SELECT,BMY,2016-10-10,50.79,234.582,2016-11-22,2016-11-23,56.05,rollback
LEAN_SELECT,C,2016-05-24,45.45,237.4858,2016-11-28,2016-11-29,55.5,rollback
LEAN_SELECT,ORLY,2016-10-14,18.6733,629.6699,2016-11-30,2016-12-01,18.2413,rollback
LEAN_SELECT,CMCSA,2016-11-10,31.765,385.4659,2016-12-02,2016-12-05,34.51,rollback
LEAN_SELECT,CVS,2016-12-01,76.62,161.6375,2016-12-08,2016-12-09,78.88,rollback
LEAN_SELECT,AVGO,2016-12-09,18.095,694.455,2016-12-12,2016-12-13,17.874,rollback
LEAN_SELECT,KO,2016-11-29,41.52,297.0225,2016-12-13,2016-12-14,41.89,rollback
LEAN_SELECT,XOM,2016-11-16,86.74,135.7702,2016-12-19,2016-12-20,90.51,rollback
LEAN_SELECT,PFE,2016-12-13,32.81,383.803,2016-12-21,2016-12-22,32.29,rollback
LEAN_SELECT,BSX,2016-07-29,24.33,476.3341,2016-12-28,2016-12-29,21.65,rollback
LEAN_SELECT,NKE,2016-11-18,51.39,242.2441,2017-01-09,2017-01-10,53.55,rollback
LEAN_SELECT,AMZN,2016-10-25,41.965,280.3,2017-01-17,2017-01-18,40.475,rollback
LEAN_SELECT,NFLX,2016-12-05,12.073,1017.6003,2017-01-20,2017-01-23,13.865,rollback
LEAN_SELECT,FB,2016-12-14,120.0,105.337,2017-01-31,2017-02-01,132.25,rollback
LEAN_SELECT,LRCX,2016-12-20,10.819,1155.8498,2017-01-31,2017-02-01,11.591,rollback
LEAN_SELECT,PG,2017-01-18,84.8,149.7101,2017-02-06,2017-02-07,87.64,rollback
LEAN_SELECT,KLAC,2016-12-22,7.898,1585.6418,2017-02-09,2017-02-10,8.696,rollback
LEAN_SELECT,HPQ,2016-07-08,13.05,848.647,2017-02-15,2017-02-16,15.99,rollback
LEAN_SELECT,COG,2017-01-03,22.98,539.0127,2017-02-16,2017-02-17,23.01,rollback
LEAN_SELECT,HBAN,2017-01-10,13.35,948.5339,2017-02-16,2017-02-17,14.02,rollback
LEAN_SELECT,BAC,2017-02-10,23.19,559.1533,2017-02-23,2017-02-24,24.12,rollback
LEAN_SELECT,EXC,2017-02-01,35.66,361.1349,2017-02-27,2017-02-28,36.47,rollback
LEAN_SELECT,ABBV,2017-02-16,61.67,214.1822,2017-03-21,2017-03-22,65.38,rollback
LEAN_SELECT,LRCX,2017-02-22,11.763,1119.3054,2017-03-21,2017-03-22,12.408,rollback
LEAN_SELECT,INTC,2017-01-23,37.07,344.8228,2017-04-28,2017-05-01,36.11,rollback
LEAN_SELECT,EW,2017-02-02,30.72,414.7387,2017-05-11,2017-05-12,36.6967,rollback
LEAN_SELECT,QCOM,2016-11-23,68.33,182.6973,2017-05-25,2017-05-26,57.66,rollback
LEAN_SELECT,F,2017-02-28,12.63,1042.6996,2017-06-02,2017-06-05,11.36,rollback
LEAN_SELECT,PHM,2017-05-12,23.0,560.2479,2017-06-05,2017-06-06,23.21,rollback
LEAN_SELECT,NEE,2017-03-22,33.0025,392.7926,2017-06-08,2017-06-09,35.275,rollback
LEAN_SELECT,AMD,2017-05-02,11.73,1103.2197,2017-06-09,2017-06-12,11.75,rollback
LEAN_SELECT,BAC,2017-06-12,23.82,537.6331,2017-06-30,2017-07-03,24.46,rollback
LEAN_SELECT,WMB,2017-02-07,28.93,448.4152,2017-07-05,2017-07-06,30.5,rollback
LEAN_SELECT,RF,2017-06-09,14.14,908.5631,2017-07-05,2017-07-06,14.84,rollback
LEAN_SELECT,GILD,2017-06-06,65.19,195.6905,2017-07-06,2017-07-07,69.69,rollback
LEAN_SELECT,PYPL,2017-07-06,54.22,236.5214,2017-07-11,2017-07-12,56.6,rollback
LEAN_SELECT,RIG,2017-02-24,13.99,939.429,2017-07-20,2017-07-21,8.74,rollback
LEAN_SELECT,HPE,2017-07-06,16.85,761.1177,2017-07-24,2017-07-25,17.84,rollback
LEAN_SELECT,AVGO,2017-07-10,24.051,526.1525,2017-07-27,2017-07-28,24.892,rollback
LEAN_SELECT,KMI,2016-11-15,21.5,574.382,2017-08-01,2017-08-02,20.2,rollback
LEAN_SELECT,NEM,2017-03-22,34.23,378.688,2017-08-04,2017-08-07,36.15,rollback
LEAN_SELECT,T,2017-02-21,41.37,318.1595,2017-08-08,2017-08-09,38.2,rollback
LEAN_SELECT,TJX,2017-07-03,36.325,351.9913,2017-08-09,2017-08-10,35.345,rollback
LEAN_SELECT,HBI,2017-08-03,23.76,558.7451,2017-08-09,2017-08-10,24.11,rollback
LEAN_SELECT,INTC,2017-05-26,36.26,351.4383,2017-08-10,2017-08-11,36.26,rollback
LEAN_SELECT,VZ,2017-07-21,44.23,295.7539,2017-08-15,2017-08-16,48.37,rollback
LEAN_SELECT,LRCX,2017-08-16,16.145,820.5671,2017-08-23,2017-08-24,16.221,rollback
LEAN_SELECT,MU,2017-07-12,31.77,406.1635,2017-08-24,2017-08-25,30.3,rollback
LEAN_SELECT,MSFT,2017-08-15,73.59,179.8648,2017-09-01,2017-09-05,73.34,rollback
LEAN_SELECT,SPLS,2017-08-15,10.2,1297.5423,2017-09-12,2017-09-12,10.25,delisted
LEAN_SELECT,FAST,2017-06-05,11.0675,1150.5157,2017-09-19,2017-09-20,11.1075,rollback
LEAN_SELECT,BAC,2017-07-26,24.67,533.2719,2017-09-25,2017-09-26,24.83,rollback
LEAN_SELECT,GPS,2017-08-25,23.39,562.536,2017-10-03,2017-10-04,29.04,rollback
LEAN_SELECT,HPE,2017-09-26,14.74,928.5947,2017-10-03,2017-10-04,14.7,rollback
LEAN_SELECT,HPQ,2017-08-25,19.54,673.4071,2017-10-09,2017-10-10,20.6165,rollback
LEAN_SELECT,WFC,2017-09-13,51.39,260.7298,2017-10-09,2017-10-10,55.37,rollback
LEAN_SELECT,AAPL,2017-10-10,39.0138,356.8172,2017-10-19,2017-10-20,39.1525,rollback
LEAN_SELECT,WMT,2017-10-10,27.56,505.0835,2017-10-30,2017-10-31,28.9533,rollback
LEAN_SELECT,NRG,2017-09-20,24.67,552.0783,2017-11-09,2017-11-10,27.75,rollback
LEAN_SELECT,SBUX,2017-07-28,55.23,240.5947,2017-11-13,2017-11-14,56.47,rollback
LEAN_SELECT,AVGO,2017-08-08,25.198,529.8672,2017-11-13,2017-11-14,26.33,rollback
LEAN_SELECT,NWL,2017-10-04,43.05,319.3285,2017-12-05,2017-12-06,31.7,rollback
LEAN_SELECT,F,2017-11-01,12.4,1082.0819,2017-12-05,2017-12-06,12.4,rollback
LEAN_SELECT,T,2017-11-14,34.19,382.3455,2017-12-06,2017-12-07,36.13,rollback
LEAN_SELECT,CMCSA,2017-11-10,36.5,358.7215,2017-12-07,2017-12-08,38.5,rollback
LEAN_SELECT,TJX,2017-11-14,33.8,386.7379,2017-12-08,2017-12-11,36.87,rollback
LEAN_SELECT,CMG,2017-09-05,6.386,2071.7752,2017-12-14,2017-12-15,6.256,rollback
LEAN_SELECT,VZ,2017-10-20,49.45,284.4574,2017-12-20,2017-12-21,52.81,rollback
LEAN_SELECT,GOOGL,2017-12-08,52.5905,264.5003,2017-12-20,2017-12-21,53.7695,rollback
LEAN_SELECT,GOOG,2017-12-08,51.8745,268.1376,2017-12-21,2017-12-22,53.0555,rollback
LEAN_SELECT,MU,2017-12-21,45.55,317.2004,2018-01-08,2018-01-09,45.27,rollback
LEAN_SELECT,AMD,2017-10-04,13.31,1032.8911,2018-01-09,2018-01-10,11.63,rollback
LEAN_SELECT,FCX,2017-12-07,14.2,972.0091,2018-01-09,2018-01-10,19.07,rollback
LEAN_SELECT,CSX,2017-08-15,16.9633,780.2487,2018-01-10,2018-01-11,19.54,rollback
LEAN_SELECT,GLW,2017-12-11,32.4,430.2287,2018-01-10,2018-01-11,33.44,rollback
LEAN_SELECT,AMAT,2017-12-21,53.18,271.6765,2018-01-10,2018-01-11,53.47,rollback
LEAN_SELECT,TJX,2018-01-11,38.075,395.8019,2018-01-16,2018-01-17,38.36,rollback
LEAN_SELECT,AES,2017-08-09,11.45,1157.8469,2018-01-24,2018-01-25,11.15,rollback
LEAN_SELECT,COP,2017-12-06,51.07,272.5582,2018-01-25,2018-01-26,59.7,rollback
LEAN_SELECT,PM,2018-01-18,105.46,146.8167,2018-01-25,2018-01-26,107.36,rollback
LEAN_SELECT,C,2017-12-22,75.89,189.5109,2018-01-30,2018-01-31,78.78,rollback
LEAN_SELECT,MGM,2018-01-10,33.44,449.2974,2018-01-31,2018-02-01,36.49,rollback
LEAN_SELECT,T,2018-01-29,37.13,433.1723,2018-02-02,2018-02-05,37.81,rollback
LEAN_SELECT,NEE,2018-01-26,38.715,411.1948,2018-02-05,2018-02-06,37.9575,rollback
LEAN_SELECT,NFLX,2017-12-18,19.12,742.4113,2018-02-20,2018-02-21,28.207,rollback
LEAN_SELECT,BA,2018-02-13,340.45,43.9681,2018-02-20,2018-02-21,352.56,rollback
LEAN_SELECT,MU,2018-01-18,44.21,350.2389,2018-02-21,2018-02-22,44.78,rollback
LEAN_SELECT,BMY,2018-01-11,61.99,243.0941,2018-02-22,2018-02-23,66.17,rollback
LEAN_SELECT,GOOGL,2018-02-22,55.9585,279.361,2018-02-27,2018-02-28,56.1,rollback
LEAN_SELECT,PFE,2018-01-17,36.82,414.2338,2018-02-28,2018-03-01,36.12,rollback
LEAN_SELECT,KLAC,2018-02-21,11.081,1416.9367,2018-03-01,2018-03-02,11.005,rollback
LEAN_SELECT,NEE,2018-03-02,38.3,409.0707,2018-03-06,2018-03-07,38.185,rollback
LEAN_SELECT,PCG,2018-03-01,41.09,386.9798,2018-03-07,2018-03-08,41.14,rollback
LEAN_SELECT,M,2018-01-11,25.47,591.7122,2018-03-08,2018-03-09,29.31,rollback
LEAN_SELECT,KO,2018-03-09,44.57,359.858,2018-03-12,2018-03-13,44.67,rollback
LEAN_SELECT,SCHW,2018-02-02,54.75,283.8201,2018-03-14,2018-03-15,56.32,rollback
LEAN_SELECT,INTC,2018-02-21,46.67,336.4444,2018-03-15,2018-03-16,51.17,rollback
LEAN_SELECT,EXC,2018-02-01,38.53,408.8779,2018-03-19,2018-03-20,38.29,rollback
LEAN_SELECT,DHI,2018-03-13,44.6,364.1233,2018-04-06,2018-04-09,45.52,rollback
LEAN_SELECT,MRK,2018-03-16,55.19,290.6463,2018-04-11,2018-04-12,56.6,rollback
LEAN_SELECT,SO,2018-03-02,43.98,356.2215,2018-04-18,2018-04-19,45.35,rollback
LEAN_SELECT,NFLX,2018-04-12,30.9719,508.3096,2018-04-23,2018-04-24,31.9217,rollback
LEAN_SELECT,HST,2018-03-15,18.96,849.2618,2018-04-24,2018-04-25,19.27,rollback
LEAN_SELECT,VZ,2018-03-09,49.2,326.0096,2018-04-26,2018-04-27,50.25,rollback
LEAN_SELECT,KIM,2018-02-23,15.06,1037.7092,2018-04-30,2018-05-01,14.52,rollback
LEAN_SELECT,ABBV,2018-04-27,97.44,165.7151,2018-04-30,2018-05-01,102.1,rollback
LEAN_SELECT,CVX,2018-04-10,117.6,133.0573,2018-05-01,2018-05-02,124.2,rollback
LEAN_SELECT,NVDA,2018-03-21,6.233,2541.4097,2018-05-15,2018-05-16,6.1,rollback
LEAN_SELECT,ORLY,2018-03-07,16.6213,963.3597,2018-05-18,2018-05-21,18.2567,rollback
LEAN_SELECT,WDC,2018-05-16,83.5,197.3388,2018-05-18,2018-05-21,86.63,rollback
LEAN_SELECT,MU,2018-04-19,52.9,303.8872,2018-05-31,2018-06-01,58.81,rollback
LEAN_SELECT,KO,2018-05-24,42.4,392.811,2018-05-31,2018-06-01,43.1,rollback
LEAN_SELECT,F,2018-04-27,11.4,1416.4989,2018-06-11,2018-06-12,12.07,rollback
LEAN_SELECT,HBAN,2018-06-04,15.22,1082.8285,2018-06-11,2018-06-12,15.67,rollback
LEAN_SELECT,CMCSA,2018-04-24,34.09,463.3943,2018-06-18,2018-06-19,32.17,rollback
LEAN_SELECT,CELG,2018-01-29,104.76,128.8449,2018-07-11,2018-07-12,83.88,rollback
LEAN_SELECT,FOXA,2018-05-01,36.43,435.9778,2018-07-11,2018-07-12,47.97,rollback
LEAN_SELECT,MGM,2018-06-13,31.47,540.9308,2018-07-19,2018-07-20,30.71,rollback
LEAN_SELECT,ORCL,2018-05-02,45.89,347.3219,2018-07-26,2018-07-27,48.99,rollback
LEAN_SELECT,PM,2018-05-24,81.6,204.0975,2018-07-31,2018-08-01,86.03,rollback
LEAN_SELECT,HST,2018-07-20,21.4,807.8071,2018-08-03,2018-08-06,21.56,rollback
LEAN_SELECT,WMB,2018-06-19,26.87,625.1848,2018-08-13,2018-08-14,30.76,rollback
LEAN_SELECT,TJX,2018-07-12,47.515,365.3309,2018-08-13,2018-08-14,49.8,rollback
LEAN_SELECT,CMG,2018-07-12,9.1978,1887.3605,2018-08-16,2018-08-17,10.1008,rollback
LEAN_SELECT,GGP,2018-05-01,20.02,793.3799,2018-08-27,2018-08-27,22.06,delisted
LEAN_SELECT,MRO,2018-06-12,21.48,785.6837,2018-08-30,2018-08-31,21.51,rollback
LEAN_SELECT,NLSN,2018-08-15,25.4,674.5103,2018-08-30,2018-08-31,25.93,rollback
LEAN_SELECT,V,2018-08-14,140.3,122.3395,2018-09-17,2018-09-18,146.2,rollback
LEAN_SELECT,GILD,2018-08-31,76.32,226.9817,2018-10-04,2018-10-05,76.77,rollback
LEAN_SELECT,INTC,2018-09-04,48.38,357.8042,2018-10-04,2018-10-05,48.23,rollback
LEAN_SELECT,GE,2018-08-01,67.5344,257.7315,2018-10-11,2018-10-12,62.4512,rollback
LEAN_SELECT,SBUX,2018-10-15,56.37,280.611,2018-10-19,2018-10-22,58.93,rollback
LEAN_SELECT,F,2018-08-28,10.08,1735.5218,2018-11-09,2018-11-12,9.38,rollback
LEAN_SELECT,BAC,2018-10-05,30.6,550.413,2018-11-09,2018-11-12,28.38,rollback
LEAN_SELECT,FITB,2018-08-17,29.78,573.9913,2018-11-12,2018-11-13,27.59,rollback
LEAN_SELECT,KEY,2018-10-05,20.55,819.5521,2018-11-12,2018-11-13,18.27,rollback
LEAN_SELECT,PBCT,2018-11-16,15.96,990.8397,2018-11-19,2018-11-20,15.99,rollback
LEAN_SELECT,AMAT,2018-07-27,48.63,362.9409,2018-11-29,2018-11-30,36.47,rollback
LEAN_SELECT,NWL,2018-02-08,29.38,520.0741,2018-12-04,2018-12-06,23.28,rollback
LEAN_SELECT,PFE,2018-10-22,44.44,354.3828,2018-12-04,2018-12-06,44.58,rollback
LEAN_SELECT,KLAC,2018-11-21,9.562,1662.7265,2018-12-04,2018-12-06,9.421,rollback
LEAN_SELECT,BAX,2018-11-23,64.96,241.8852,2018-12-04,2018-12-06,66.35,rollback
LEAN_SELECT,COTY,2018-09-18,12.33,1372.1694,2019-01-09,2019-01-10,7.29,rollback
LEAN_SELECT,FB,2018-12-07,139.25,113.9353,2019-01-11,2019-01-14,142.0,rollback
LEAN_SELECT,TXN,2018-11-21,97.75,162.6414,2019-01-14,2019-01-15,96.99,rollback
LEAN_SELECT,ANET,2018-12-07,14.8863,1065.7249,2019-01-16,2019-01-17,13.7369,rollback
LEAN_SELECT,HPQ,2018-12-07,23.9,663.7618,2019-01-22,2019-01-23,21.41,rollback
LEAN_SELECT,CSX,2019-01-10,21.27,714.3348,2019-01-22,2019-01-23,22.0267,rollback
LEAN_SELECT,ABT,2019-01-14,68.41,222.9514,2019-01-23,2019-01-24,70.0,rollback
LEAN_SELECT,WMB,2018-11-20,25.11,631.3034,2019-02-05,2019-02-06,27.15,rollback
LEAN_SELECT,KMI,2018-08-07,18.05,978.0264,2019-02-06,2019-02-07,18.02,rollback
LEAN_SELECT,ORLY,2019-01-15,22.75,675.088,2019-02-06,2019-02-07,24.1067,rollback
LEAN_SELECT,AAPL,2019-01-28,38.9475,392.0275,2019-02-11,2019-02-12,42.525,rollback
LEAN_SELECT,WDC,2019-01-25,45.5,341.316,2019-02-15,2019-02-19,48.42,rollback
LEAN_SELECT,WMT,2019-02-08,32.1133,490.5857,2019-02-20,2019-02-21,33.22,rollback
LEAN_SELECT,KEY,2019-02-08,17.01,926.2266,2019-02-21,2019-02-22,17.71,rollback
LEAN_SELECT,MDT,2019-01-18,88.52,177.1109,2019-02-25,2019-02-26,92.25,rollback
LEAN_SELECT,BMY,2018-12-07,53.23,298.0108,2019-03-06,2019-03-07,52.7,rollback
LEAN_SELECT,WFC,2019-02-26,49.49,326.2625,2019-03-19,2019-03-20,51.19,rollback
LEAN_SELECT,NVDA,2019-02-13,3.809,4240.7387,2019-03-20,2019-03-21,4.3833,rollback
LEAN_SELECT,AMZN,2019-02-06,83.5375,191.8979,2019-03-22,2019-03-25,87.8895,rollback
LEAN_SELECT,AMD,2019-03-20,26.49,622.3762,2019-03-22,2019-03-25,26.29,rollback
LEAN_SELECT,DHI,2019-03-08,40.34,386.299,2019-03-26,2019-03-27,42.14,rollback
LEAN_SELECT,FCX,2019-03-21,12.71,1284.5059,2019-04-05,2019-04-08,13.45,rollback
LEAN_SELECT,F,2019-03-27,8.75,1862.9398,2019-04-15,2019-04-16,9.32,rollback
LEAN_SELECT,BKNG,2018-06-01,84.8396,194.4125,2019-04-16,2019-04-17,73.9452,rollback
LEAN_SELECT,BAC,2019-02-19,28.93,567.6795,2019-04-22,2019-04-23,29.99,rollback
LEAN_SELECT,HRB,2019-02-22,24.66,657.3563,2019-04-23,2019-04-24,26.35,rollback
LEAN_SELECT,WMT,2019-04-08,32.8167,495.8744,2019-04-26,2019-04-29,33.96,rollback
LEAN_SELECT,NEE,2019-04-16,47.765,346.4755,2019-05-01,2019-05-02,48.21,rollback
LEAN_SELECT,FB,2019-03-27,167.85,97.11,2019-05-02,2019-05-03,194.38,rollback
LEAN_SELECT,JNJ,2019-04-17,139.0,123.8998,2019-05-02,2019-05-03,141.29,rollback
LEAN_SELECT,CVS,2019-01-24,65.5,235.3829,2019-05-03,2019-05-06,55.97,rollback
LEAN_SELECT,GE,2019-04-29,47.6984,366.6042,2019-05-07,2019-05-08,50.24,rollback
LEAN_SELECT,QCOM,2018-11-30,58.22,278.7898,2019-05-08,2019-05-09,83.37,rollback
LEAN_SELECT,PFE,2019-05-03,41.22,429.538,2019-05-17,2019-05-20,41.4,rollback
LEAN_SELECT,COTY,2019-05-06,11.26,1544.3434,2019-05-22,2019-05-23,13.03,rollback
LEAN_SELECT,DWDP,2019-02-21,56.28,290.222,2019-05-31,2019-05-31,30.52,delisted
LEAN_SELECT,AMD,2019-05-03,28.3,625.7006,2019-06-12,2019-06-13,32.39,rollback
LEAN_SELECT,AMAT,2019-05-20,41.8,410.8953,2019-06-12,2019-06-13,41.61,rollback
LEAN_SELECT,CMG,2019-05-03,14.1514,1251.2149,2019-06-13,2019-06-14,14.6776,rollback
LEAN_SELECT,CVX,2019-05-10,121.17,140.882,2019-06-19,2019-06-20,124.31,rollback
LEAN_SELECT,CTL,2019-03-27,12.25,1330.5383,2019-06-21,2019-06-24,11.38,rollback
LEAN_SELECT,STX,2019-05-09,48.21,354.241,2019-06-25,2019-06-26,47.24,rollback
LEAN_SELECT,WMT,2019-05-23,33.94,492.7302,2019-06-26,2019-06-27,36.6867,rollback
LEAN_SELECT,NVDA,2019-06-14,3.6128,4893.9915,2019-07-02,2019-07-03,4.0793,rollback
LEAN_SELECT,JCI,2019-06-13,39.82,443.1437,2019-07-08,2019-07-09,41.66,rollback
LEAN_SELECT,ANET,2019-06-27,16.0494,1138.5167,2019-07-08,2019-07-09,16.6244,rollback
LEAN_SELECT,ORLY,2019-07-03,25.5333,729.5685,2019-07-19,2019-07-22,26.5413,rollback
LEAN_SELECT,EW,2019-07-10,63.01,297.7995,2019-08-05,2019-08-06,70.4867,rollback
LEAN_SELECT,APC,2019-06-27,70.69,258.475,2019-08-08,2019-08-08,72.77,delisted
LEAN_SELECT,NEE,2019-08-07,52.8475,332.5602,2019-08-14,2019-08-15,53.6575,rollback
LEAN_SELECT,F,2019-06-14,10.01,1766.2466,2019-09-10,2019-09-11,9.29,rollback
LEAN_SELECT,AAPL,2019-08-19,52.655,338.5022,2019-09-13,2019-09-16,54.4325,rollback
LEAN_SELECT,ATVI,2019-04-24,46.45,375.1085,2019-09-16,2019-09-17,55.5,rollback
LEAN_SELECT,VZ,2019-06-20,57.9,313.4658,2019-09-16,2019-09-17,59.32,rollback
LEAN_SELECT,C,2019-06-05,65.45,259.9334,2019-09-19,2019-09-20,70.15,rollback
LEAN_SELECT,FCX,2019-07-22,11.56,1584.3065,2019-09-23,2019-09-24,10.31,rollback
LEAN_SELECT,NFLX,2019-04-23,37.545,460.383,2019-10-18,2019-10-21,27.289,rollback
LEAN_SELECT,ALXN,2019-09-11,109.87,166.8949,2019-10-25,2019-10-28,105.0,rollback
LEAN_SELECT,AMD,2019-06-28,31.08,593.1482,2019-10-29,2019-10-30,32.93,rollback
LEAN_SELECT,MSFT,2019-08-09,138.61,131.3206,2019-10-31,2019-11-01,144.26,rollback
LEAN_SELECT,FTNT,2019-09-17,15.98,1151.5819,2019-10-31,2019-11-01,17.732,rollback
LEAN_SELECT,MRK,2019-09-23,84.91,214.5675,2019-11-01,2019-11-04,85.59,rollback
LEAN_SELECT,XOM,2019-11-04,70.07,267.7108,2019-11-06,2019-11-07,72.03,rollback
LEAN_SELECT,MRO,2019-11-04,12.32,1522.5289,2019-11-06,2019-11-07,12.61,rollback
LEAN_SELECT,JNJ,2019-07-09,141.46,131.324,2019-11-18,2019-11-19,135.0,rollback
LEAN_SELECT,HPQ,2019-10-28,17.46,1057.2427,2019-11-20,2019-11-21,19.81,rollback
LEAN_SELECT,CMG,2019-09-18,16.5,1111.3494,2019-12-04,2019-12-05,16.18,rollback
LEAN_SELECT,KO,2019-10-21,54.45,335.4846,2019-12-05,2019-12-06,54.31,rollback
LEAN_SELECT,NEM,2019-09-18,39.53,463.859,2019-12-06,2019-12-09,40.12,rollback
LEAN_SELECT,SLB,2019-11-21,36.42,517.3927,2019-12-13,2019-12-16,39.11,rollback
LEAN_SELECT,F,2019-11-04,8.93,2100.7201,2019-12-17,2019-12-18,9.39,rollback
LEAN_SELECT,ATVI,2019-10-31,55.93,332.6199,2019-12-24,2019-12-26,58.81,rollback
LEAN_SELECT,HAL,2019-12-05,21.6,876.1245,2019-12-26,2019-12-27,24.55,rollback
LEAN_SELECT,NVDA,2019-11-19,5.2758,3592.4854,2019-12-27,2019-12-30,5.8998,rollback
LEAN_SELECT,NFLX,2019-12-18,31.626,630.9438,2019-12-27,2019-12-30,32.908,rollback
LEAN_SELECT,AMZN,2019-12-17,88.9005,223.6268,2019-12-31,2020-01-02,93.75,rollback
LEAN_SELECT,GIS,2020-01-02,53.63,375.392,2020-01-22,2020-01-23,53.83,rollback
LEAN_SELECT,TSCO,2019-12-06,19.51,973.1726,2020-02-07,2020-02-10,19.234,rollback
LEAN_SELECT,MPC,2019-11-08,65.87,283.0055,2020-02-14,2020-02-18,57.18,rollback
LEAN_SELECT,PEP,2019-12-30,136.7,147.269,2020-02-18,2020-02-19,145.62,rollback
LEAN_SELECT,WMT,2019-11-07,40.0,473.6463,2020-02-19,2020-02-20,39.07,rollback
LEAN_SELECT,AMD,2020-02-10,49.47,398.698,2020-02-21,2020-02-24,48.175,rollback
LEAN_SELECT,NFLX,2020-03-03,38.103,472.1624,2020-04-01,2020-04-02,36.408,rollback
LEAN_SELECT,PM,2019-09-26,74.91,241.2754,2020-04-07,2020-04-08,75.17,rollback
LEAN_SELECT,CVS,2019-12-26,74.7,270.5542,2020-04-13,2020-04-14,59.88,rollback
LEAN_SELECT,HBI,2020-01-02,14.77,1363.1198,2020-04-13,2020-04-14,9.49,rollback
LEAN_SELECT,F,2020-04-09,5.51,2666.4437,2020-04-13,2020-04-14,5.27,rollback
LEAN_SELECT,USB,2019-12-27,60.36,335.6816,2020-04-14,2020-04-15,35.13,rollback
LEAN_SELECT,BAC,2019-12-09,33.5,569.5749,2020-04-15,2020-04-16,22.15,rollback
LEAN_SELECT,T,2020-01-23,38.96,506.9055,2020-04-21,2020-04-22,30.9,rollback
LEAN_SELECT,AAPL,2020-02-20,80.6575,249.5786,2020-04-21,2020-04-22,68.4025,rollback
LEAN_SELECT,GILD,2020-04-17,85.17,168.6111,2020-04-28,2020-04-29,83.97,rollback
LEAN_SELECT,TWTR,2020-04-23,28.43,492.1585,2020-04-28,2020-04-29,30.06,rollback
LEAN_SELECT,CCL,2020-04-15,11.88,1207.8086,2020-04-30,2020-05-01,14.9,rollback
LEAN_SELECT,PFE,2020-04-03,32.63,407.9317,2020-05-01,2020-05-04,37.6,rollback
LEAN_SELECT,HBAN,2020-04-23,7.87,1777.7213,2020-05-01,2020-05-04,8.34,rollback
LEAN_SELECT,SYF,2020-04-23,16.06,871.1063,2020-05-01,2020-05-04,17.95,rollback
LEAN_SELECT,BEN,2020-02-19,26.16,773.94,2020-05-05,2020-05-06,18.12,rollback
LEAN_SELECT,AMAT,2020-05-08,52.41,292.7874,2020-05-21,2020-05-22,55.02,rollback
LEAN_SELECT,FTNT,2020-04-30,21.6,746.4385,2020-05-26,2020-05-27,27.45,rollback
LEAN_SELECT,AAL,2020-04-15,12.52,1146.0103,2020-05-28,2020-05-29,10.48,rollback
LEAN_SELECT,BAC,2020-05-11,23.11,671.8397,2020-05-28,2020-05-29,24.42,rollback
LEAN_SELECT,C,2020-05-11,45.21,343.39,2020-05-28,2020-05-29,48.02,rollback
LEAN_SELECT,F,2020-05-11,5.18,2997.4886,2020-05-29,2020-06-01,5.73,rollback
LEAN_SELECT,GPS,2020-05-22,8.21,1939.4218,2020-05-29,2020-06-01,9.38,rollback
LEAN_SELECT,VZ,2020-05-29,55.33,292.0222,2020-06-01,2020-06-02,55.82,rollback
LEAN_SELECT,HPQ,2020-04-29,15.9,997.8072,2020-06-09,2020-06-10,17.36,rollback
LEAN_SELECT,MRK,2020-05-29,79.46,203.3323,2020-06-09,2020-06-10,82.44,rollback
LEAN_SELECT,OXY,2020-02-20,42.7,471.414,2020-06-10,2020-06-11,17.84,rollback
LEAN_SELECT,SLB,2020-04-23,15.85,882.736,2020-06-10,2020-06-11,19.12,rollback
LEAN_SELECT,WFC,2020-05-27,27.8,615.8009,2020-06-10,2020-06-11,27.2,rollback
LEAN_SELECT,UA,2020-06-02,8.39,1923.5523,2020-06-10,2020-06-11,8.62,rollback
LEAN_SELECT,LRCX,2020-05-11,26.247,591.5129,2020-06-11,2020-06-12,29.2803,rollback
LEAN_SELECT,COTY,2020-06-02,4.5,3586.5357,2020-06-11,2020-06-12,4.95,rollback
LEAN_SELECT,CRM,2020-06-11,176.64,94.9201,2020-06-23,2020-06-24,187.51,rollback
LEAN_SELECT,NFLX,2020-06-10,43.6,420.7267,2020-06-24,2020-06-25,45.886,rollback
LEAN_SELECT,ORCL,2020-06-19,54.21,312.6535,2020-07-13,2020-07-14,56.67,rollback
LEAN_SELECT,GOOGL,2020-06-26,71.6315,226.5586,2020-07-13,2020-07-14,74.6395,rollback
LEAN_SELECT,PFE,2020-05-29,38.27,422.221,2020-07-14,2020-07-15,35.99,rollback
LEAN_SELECT,F,2020-07-15,6.54,2574.1845,2020-07-17,2020-07-20,6.8,rollback
LEAN_SELECT,KO,2020-07-15,46.3,363.5923,2020-07-23,2020-07-24,48.4,rollback
LEAN_SELECT,AMD,2020-06-10,57.2,320.7098,2020-08-17,2020-08-18,82.8,rollback
LEAN_SELECT,V,2020-07-20,194.74,87.2666,2020-08-31,2020-09-01,212.21,rollback
LEAN_SELECT,CMG,2020-06-19,20.8,814.7719,2020-09-03,2020-09-04,26.6578,rollback
LEAN_SELECT,GOOG,2020-08-18,76.309,242.9532,2020-09-03,2020-09-04,81.213,rollback
LEAN_SELECT,KSS,2020-09-04,22.05,834.6068,2020-09-18,2020-09-21,22.53,index_drop
LEAN_SELECT,TWTR,2020-09-21,39.43,442.8311,2020-09-24,2020-09-25,43.21,rollback
LEAN_SELECT,LRCX,2020-09-25,32.472,519.0972,2020-10-16,2020-10-19,36.75,rollback
LEAN_SELECT,CSX,2020-07-15,23.5,716.3185,2020-11-06,2020-11-09,30.1167,rollback
LEAN_SELECT,MS,2020-06-26,48.3,335.9818,2020-11-10,2020-11-11,55.94,rollback
LEAN_SELECT,XOM,2020-07-28,43.91,399.076,2020-11-10,2020-11-11,37.09,rollback
LEAN_SELECT,BAC,2020-09-08,26.14,689.9975,2020-11-12,2020-11-13,26.88,rollback
LEAN_SELECT,MYL,2020-11-11,15.71,1219.3002,2020-11-16,2020-11-16,15.855,delisted
LEAN_SELECT,KMI,2020-11-11,13.07,1465.659,2020-11-18,2020-11-19,13.7,rollback
LEAN_SELECT,MRO,2020-06-19,6.7,2529.8203,2020-11-25,2020-11-27,6.46,rollback
LEAN_SELECT,DVN,2020-06-19,13.42,1262.7726,2020-11-25,2020-11-27,14.98,rollback
LEAN_SELECT,AAL,2020-11-16,12.87,1504.5822,2020-11-27,2020-11-30,14.92,rollback
LEAN_SELECT,ABBV,2020-09-01,95.52,193.4749,2020-12-01,2020-12-02,104.0,rollback
LEAN_SELECT,NFLX,2020-11-30,49.008,425.0558,2020-12-08,2020-12-09,51.053,rollback
LEAN_SELECT,ATVI,2020-10-19,82.28,211.6229,2021-01-04,2021-01-05,90.32,rollback
LEAN_SELECT,NEE,2020-11-27,76.05,274.2269,2021-01-11,2021-01-12,79.65,rollback
LEAN_SELECT,GILD,2020-06-01,75.47,212.8078,2021-01-13,2021-01-14,61.64,rollback
LEAN_SELECT,EBAY,2020-11-20,49.8,395.9481,2021-01-13,2021-01-14,55.83,rollback
LEAN_SELECT,GOOGL,2021-01-14,87.4435,251.943,2021-01-27,2021-01-28,91.55,rollback
LEAN_SELECT,AAPL,2021-01-14,130.8,168.4395,2021-01-28,2021-01-29,135.83,rollback
LEAN_SELECT,KR,2020-11-09,31.98,581.6038,2021-01-29,2021-02-01,34.51,rollback
LEAN_SELECT,MSFT,2020-12-02,214.88,96.9311,2021-01-29,2021-02-01,235.06,rollback
LEAN_SELECT,NOW,2020-11-18,102.25,192.753,2021-02-09,2021-02-10,117.152,rollback
LEAN_SELECT,CSCO,2021-02-02,45.52,480.3585,2021-02-09,2021-02-10,46.15,rollback
LEAN_SELECT,NVDA,2021-02-03,13.636,1608.8794,2021-02-09,2021-02-10,14.4633,rollback
LEAN_SELECT,CMCSA,2021-01-29,50.31,435.9069,2021-02-12,2021-02-16,53.0,rollback
LEAN_SELECT,HPE,2021-01-12,12.04,1814.1094,2021-02-17,2021-02-18,13.91,rollback
LEAN_SELECT,LRCX,2021-02-12,57.018,396.5914,2021-02-22,2021-02-23,55.655,rollback
LEAN_SELECT,AAL,2021-01-28,20.33,1098.2209,2021-02-25,2021-02-26,20.61,rollback
LEAN_SELECT,SCHW,2021-02-16,58.93,390.4859,2021-02-25,2021-02-26,62.91,rollback
LEAN_SELECT,VZ,2021-02-18,56.94,401.7723,2021-02-25,2021-02-26,56.47,rollback
LEAN_SELECT,ORCL,2021-02-23,64.42,359.985,2021-03-04,2021-03-05,67.3101,rollback
LEAN_SELECT,AVGO,2021-03-02,49.037,473.2901,2021-03-29,2021-03-30,46.388,rollback
LEAN_SELECT,WMT,2021-01-05,48.8667,437.075,2021-03-30,2021-03-31,45.1833,rollback
LEAN_SELECT,ORLY,2021-02-11,30.3853,751.5347,2021-04-05,2021-04-06,33.8347,rollback
LEAN_SELECT,CPRT,2020-12-14,29.375,720.6409,2021-04-06,2021-04-07,28.1525,rollback
LEAN_SELECT,NFLX,2021-03-02,55.334,419.4508,2021-04-12,2021-04-13,55.7,rollback
LEAN_SELECT,CMG,2021-03-02,29.8682,776.9992,2021-04-13,2021-04-14,30.719,rollback
LEAN_SELECT,TWTR,2021-04-07,66.64,357.213,2021-04-14,2021-04-15,70.55,rollback
LEAN_SELECT,AMZN,2020-11-27,160.563,129.8929,2021-04-19,2021-04-20,168.68,rollback
LEAN_SELECT,WFC,2021-03-31,39.27,593.185,2021-04-20,2021-04-21,42.24,rollback
LEAN_SELECT,T,2021-03-05,29.01,778.3042,2021-04-26,2021-04-27,30.84,rollback
LEAN_SELECT,MOS,2021-04-14,32.44,735.0426,2021-04-30,2021-05-03,35.3,rollback
LEAN_SELECT,MDLZ,2021-04-21,59.37,393.632,2021-05-04,2021-05-05,60.94,rollback
LEAN_SELECT,JNJ,2021-04-20,161.0,142.3639,2021-05-05,2021-05-06,166.79,rollback
LEAN_SELECT,VZ,2021-05-03,58.23,419.5863,2021-05-07,2021-05-10,59.08,rollback
LEAN_SELECT,NKE,2021-04-13,135.6,176.9718,2021-05-10,2021-05-11,138.38,rollback
LEAN_SELECT,HAL,2020-06-19,13.78,1229.9058,2021-05-11,2021-05-12,22.63,rollback
LEAN_SELECT,ABBV,2021-03-30,106.86,216.8655,2021-05-11,2021-05-12,114.85,rollback
LEAN_SELECT,MS,2021-04-15,81.35,296.7922,2021-05-11,2021-05-12,85.4,rollback
LEAN_SELECT,KMI,2021-02-16,15.07,1527.0395,2021-05-13,2021-05-14,18.23,rollback
LEAN_SELECT,MRK,2021-05-06,77.44,319.5075,2021-05-18,2021-05-19,78.925,rollback
LEAN_SELECT,BMY,2021-05-14,65.2,382.4199,2021-05-25,2021-05-26,66.72,rollback
LEAN_SELECT,CCL,2021-04-27,27.59,875.9172,2021-06-03,2021-06-04,30.92,rollback
LEAN_SELECT,AAL,2021-05-17,22.32,1126.761,2021-06-03,2021-06-04,25.13,rollback
LEAN_SELECT,NCLH,2021-05-19,28.31,888.5415,2021-06-03,2021-06-04,32.37,rollback
LEAN_SELECT,APH,2021-05-10,34.06,744.7634,2021-06-07,2021-06-08,34.27,rollback
LEAN_SELECT,MSFT,2021-06-07,249.98,110.6876,2021-06-11,2021-06-14,257.9,rollback
LEAN_SELECT,F,2021-04-06,12.7,1865.1396,2021-06-14,2021-06-15,14.91,rollback
LEAN_SELECT,EBAY,2021-05-11,60.0443,412.9617,2021-06-14,2021-06-15,66.0,rollback
LEAN_SELECT,ORLY,2021-06-16,35.8133,764.8709,2021-06-23,2021-06-24,36.544,rollback
LEAN_SELECT,AMZN,2021-06-09,163.6435,168.2095,2021-06-24,2021-06-25,173.2,rollback
LEAN_SELECT,AMD,2021-05-26,77.83,337.4181,2021-07-07,2021-07-08,87.86,rollback
LEAN_SELECT,NFLX,2021-06-15,50.123,549.9736,2021-07-07,2021-07-08,53.093,rollback
LEAN_SELECT,MU,2021-06-16,82.73,331.1244,2021-08-05,2021-08-06,81.2,rollback
LEAN_SELECT,CNP,2021-07-09,25.38,1076.8939,2021-08-12,2021-08-13,26.87,rollback
LEAN_SELECT,WMT,2021-05-19,46.9033,536.3615,2021-08-18,2021-08-19,49.4433,rollback
LEAN_SELECT,GILD,2021-06-07,67.605,409.264,2021-08-19,2021-08-20,71.67,rollback
LEAN_SELECT,CSCO,2021-05-07,52.48,472.1899,2021-08-31,2021-09-01,59.02,rollback
LEAN_SELECT,MGM,2021-06-24,44.15,622.9049,2021-09-01,2021-09-02,42.48,rollback
LEAN_SELECT,MO,2021-06-08,50.55,546.2497,2021-09-07,2021-09-08,50.66,rollback
LEAN_SELECT,AAPL,2021-08-13,148.97,187.6596,2021-09-08,2021-09-09,155.49,rollback
LEAN_SELECT,NOW,2021-08-20,118.21,233.3971,2021-09-08,2021-09-09,131.156,rollback
LEAN_SELECT,NFLX,2021-08-06,52.4,528.441,2021-09-13,2021-09-14,58.489,rollback
LEAN_SELECT,UAL,2021-09-08,46.7,616.2376,2021-09-28,2021-09-29,48.8808,rollback
LEAN_SELECT,CCL,2021-09-14,23.2,1212.1144,2021-09-29,2021-09-30,25.44,rollback
LEAN_SELECT,ORCL,2021-09-09,89.6,318.1901,2021-10-21,2021-10-22,96.29,rollback
LEAN_SELECT,UAA,2021-10-22,20.82,1346.0834,2021-10-29,2021-11-01,22.0,rollback
LEAN_SELECT,SBUX,2021-09-01,118.01,243.5564,2021-11-08,2021-11-09,114.65,rollback
LEAN_SELECT,GPS,2021-09-29,25.49,1131.4228,2021-11-08,2021-11-09,24.59,rollback
LEAN_SELECT,UAL,2021-11-02,47.915,579.9998,2021-11-11,2021-11-12,51.35,rollback
LEAN_SELECT,BA,2021-06-25,250.75,110.6323,2021-11-16,2021-11-17,229.54,rollback
LEAN_SELECT,INTC,2021-11-09,51.54,547.4298,2021-12-08,2021-12-09,51.3,rollback
LEAN_SELECT,KHC,2021-09-09,36.92,772.2442,2021-12-17,2021-12-20,35.26,rollback
LEAN_SELECT,CMG,2021-11-10,35.88,781.6516,2021-12-28,2021-12-29,34.789,rollback
LEAN_SELECT,VZ,2021-07-08,55.75,484.6324,2021-12-29,2021-12-30,52.38,rollback
LEAN_SELECT,FCX,2021-11-12,40.67,688.3604,2021-12-30,2021-12-31,41.64,rollback
LEAN_SELECT,BMY,2021-08-20,68.71,401.561,2022-01-03,2022-01-04,61.5,rollback
LEAN_SELECT,LUV,2021-12-29,42.23,640.6927,2022-01-05,2022-01-06,44.48,rollback
LEAN_SELECT,LUMN,2021-12-20,12.48,2122.6998,2022-01-11,2022-01-12,13.31,rollback
LEAN_SELECT,T,2021-09-30,27.48,1038.5227,2022-01-21,2022-01-24,26.19,rollback
LEAN_SELECT,WFC,2022-01-04,51.58,536.4888,2022-01-21,2022-01-24,52.73,rollback
LEAN_SELECT,LVS,2022-01-12,39.25,719.4224,2022-01-27,2022-01-28,42.33,rollback
LEAN_SELECT,GPS,2022-01-26,17.88,1540.0815,2022-02-01,2022-02-02,18.46,index_drop
LEAN_SELECT,SLB,2021-12-31,29.57,918.6569,2022-02-02,2022-02-03,39.43,rollback
LEAN_SELECT,GOOGL,2022-02-02,151.25,181.5615,2022-02-07,2022-02-08,139.0265,rollback
LEAN_SELECT,NCLH,2022-01-10,22.44,1251.8708,2022-02-10,2022-02-11,22.57,rollback
LEAN_SELECT,MS,2022-01-28,99.1,270.0736,2022-02-11,2022-02-14,104.03,rollback
LEAN_SELECT,AAL,2022-02-08,17.4,1549.5853,2022-02-11,2022-02-14,17.85,rollback
LEAN_SELECT,VIAC,2021-05-19,39.43,637.988,2022-02-16,2022-02-16,29.58,delisted
LEAN_SELECT,NEM,2022-02-14,64.17,418.6908,2022-02-28,2022-03-01,66.94,rollback
LEAN_SELECT,MO,2022-02-14,50.37,533.3739,2022-03-07,2022-03-08,52.9,rollback
LEAN_SELECT,JNJ,2022-01-28,170.86,156.6368,2022-03-08,2022-03-09,170.01,rollback
LEAN_SELECT,KHC,2022-02-17,36.525,724.2584,2022-03-08,2022-03-09,39.11,rollback
LEAN_SELECT,CTRA,2022-03-01,23.68,1121.4816,2022-03-08,2022-03-09,25.65,rollback
LEAN_SELECT,SLB,2022-03-08,43.05,626.4959,2022-03-09,2022-03-10,43.1,rollback
LEAN_SELECT,KMI,2022-02-14,17.51,1534.4792,2022-03-11,2022-03-14,17.9,rollback
LEAN_SELECT,AVGO,2022-03-10,58.556,454.1941,2022-03-21,2022-03-22,60.172,rollback
LEAN_SELECT,HST,2022-03-11,18.47,1452.6734,2022-03-21,2022-03-22,18.47,rollback
LEAN_SELECT,ORCL,2021-11-17,95.76,291.7743,2022-03-23,2022-03-24,80.65,rollback
LEAN_SELECT,PYPL,2021-12-09,196.06,134.9899,2022-03-23,2022-03-24,115.82,rollback
LEAN_SELECT,KIM,2022-03-10,23.54,1129.7561,2022-03-23,2022-03-24,24.02,rollback
LEAN_SELECT,KMI,2022-03-22,17.99,1532.5448,2022-03-28,2022-03-29,18.52,rollback
LEAN_SELECT,SCHW,2022-03-15,84.11,313.9333,2022-03-30,2022-03-31,88.45,rollback
LEAN_SELECT,TWTR,2021-09-02,65.97,436.6791,2022-03-31,2022-04-01,39.16,rollback
LEAN_SELECT,NKE,2021-12-30,168.31,160.3475,2022-03-31,2022-04-01,134.45,rollback
LEAN_SELECT,PM,2022-03-31,93.78,295.2296,2022-04-04,2022-04-05,95.41,rollback
LEAN_SELECT,VZ,2022-02-03,54.0,498.8176,2022-04-07,2022-04-08,52.73,rollback
LEAN_SELECT,XOM,2022-03-22,81.63,337.7662,2022-04-11,2022-04-12,85.71,rollback
LEAN_SELECT,GILD,2022-03-30,60.42,463.4714,2022-04-12,2022-04-13,61.62,rollback
LEAN_SELECT,KO,2022-03-25,61.12,450.2795,2022-04-26,2022-04-27,65.0,rollback
LEAN_SELECT,UAL,2022-04-14,45.49,605.2664,2022-04-26,2022-04-27,48.75,rollback
LEAN_SELECT,QCOM,2022-03-25,157.97,174.2084,2022-05-05,2022-05-06,141.248,rollback
LEAN_SELECT,DVN,2022-04-08,60.34,451.5224,2022-05-09,2022-05-10,63.51,rollback
LEAN_SELECT,MRK,2022-04-29,88.66,300.0223,2022-05-13,2022-05-16,90.79,rollback
LEAN_SELECT,OXY,2022-04-08,57.7,472.205,2022-05-18,2022-05-19,63.03,rollback
LEAN_SELECT,SLB,2022-04-11,42.64,642.9617,2022-05-18,2022-05-19,40.04,rollback
LEAN_SELECT,KMI,2022-05-09,19.0,1390.2694,2022-05-18,2022-05-19,18.97,rollback
LEAN_SELECT,MU,2022-05-16,71.51,366.8077,2022-05-18,2022-05-19,70.76,rollback
LEAN_SELECT,APA,2022-05-20,41.08,621.6146,2022-05-24,2022-05-25,43.51,rollback
LEAN_SELECT,BKR,2022-04-11,36.72,746.6573,2022-05-31,2022-06-01,36.53,rollback
LEAN_SELECT,V,2022-04-29,218.62,121.6661,2022-06-01,2022-06-02,211.89,rollback
LEAN_SELECT,C,2022-05-20,50.26,508.1019,2022-06-01,2022-06-02,52.4,rollback
LEAN_SELECT,BEN,2022-05-23,26.24,970.6533,2022-06-01,2022-06-02,26.63,rollback
LEAN_SELECT,GOOG,2022-06-01,114.9315,235.0164,2022-06-03,2022-06-06,116.7425,rollback
LEAN_SELECT,JPM,2022-05-24,124.36,205.7514,2022-06-08,2022-06-09,127.37,rollback
LEAN_SELECT,FB,2022-06-03,195.98,136.0474,2022-06-08,2022-06-09,194.28,index_drop
LEAN_SELECT,GOOGL,2022-06-22,110.5565,217.6602,2022-06-27,2022-06-28,115.8025,rollback
LEAN_SELECT,GOOG,2022-06-22,111.163,216.4618,2022-06-27,2022-06-28,116.351,rollback
LEAN_SELECT,BMY,2022-06-08,76.52,347.0882,2022-06-30,2022-07-01,76.98,rollback
LEAN_SELECT,MSFT,2022-06-30,257.05,93.1464,2022-07-11,2022-07-12,265.88,rollback
LEAN_SELECT,CCL,2022-04-14,19.71,1397.0038,2022-07-21,2022-07-22,9.9,rollback
LEAN_SELECT,NCLH,2022-06-03,15.65,1703.5939,2022-07-21,2022-07-22,12.7,rollback
LEAN_SELECT,HPE,2022-05-10,16.0,1600.952,2022-07-22,2022-07-25,13.89,rollback
LEAN_SELECT,NFLX,2022-05-26,18.649,1393.2712,2022-07-22,2022-07-25,22.131,rollback
LEAN_SELECT,F,2022-03-25,16.74,1644.1134,2022-07-26,2022-07-27,12.75,rollback
LEAN_SELECT,TSLA,2022-06-03,243.225,109.6265,2022-07-26,2022-07-27,263.81,rollback
LEAN_SELECT,CSCO,2022-03-16,55.93,481.1116,2022-08-01,2022-08-02,45.52,rollback
LEAN_SELECT,SLB,2022-07-25,35.65,735.8908,2022-08-01,2022-08-02,36.5,rollback
LEAN_SELECT,WMB,2022-07-14,30.2,789.8948,2022-08-02,2022-08-03,33.27,rollback
LEAN_SELECT,KO,2022-07-27,62.88,421.7737,2022-08-02,2022-08-03,63.55,rollback
LEAN_SELECT,MDLZ,2022-07-25,62.06,422.707,2022-08-04,2022-08-05,64.15,rollback
LEAN_SELECT,SCHW,2022-07-22,63.37,415.7387,2022-08-08,2022-08-09,68.81,rollback
LEAN_SELECT,GILD,2022-08-09,61.58,446.32,2022-08-11,2022-08-12,62.71,rollback
LEAN_SELECT,VTRS,2022-08-09,10.0301,2740.3278,2022-08-16,2022-08-17,10.99,rollback
LEAN_SELECT,CCL,2022-08-03,9.5,2874.2127,2022-08-17,2022-08-18,10.56,rollback
LEAN_SELECT,JPM,2022-08-08,116.25,237.2102,2022-08-18,2022-08-19,120.62,rollback
LEAN_SELECT,CMG,2022-07-01,26.0416,916.1892,2022-08-19,2022-08-22,32.8,rollback
LEAN_SELECT,BSX,2022-07-22,38.18,690.0649,2022-08-19,2022-08-22,41.62,rollback
LEAN_SELECT,WMT,2022-08-12,43.3333,656.8632,2022-08-19,2022-08-22,45.4,rollback
LEAN_SELECT,HAL,2022-08-19,29.55,965.5566,2022-08-26,2022-08-29,31.17,rollback
LEAN_SELECT,APA,2022-08-19,35.962,793.3589,2022-08-31,2022-09-01,38.405,rollback
LEAN_SELECT,GILD,2022-09-02,65.04,424.8304,2022-09-13,2022-09-14,64.41,rollback
LEAN_SELECT,GM,2022-09-08,39.45,702.3059,2022-09-13,2022-09-14,40.74,rollback
LEAN_SELECT,NCLH,2022-09-08,13.72,2019.5872,2022-09-16,2022-09-19,15.1,rollback
LEAN_SELECT,DXCM,2022-08-26,87.73,327.9184,2022-10-14,2022-10-17,99.41,rollback
LEAN_SELECT,AAL,2022-08-02,14.05,1937.7582,2022-10-20,2022-10-21,13.36,rollback
LEAN_SELECT,PFE,2022-07-27,51.94,510.5854,2022-10-27,2022-10-28,45.98,rollback
LEAN_SELECT,UAL,2022-08-02,37.22,731.4385,2022-11-02,2022-11-03,40.57,rollback
LEAN_SELECT,WMT,2022-09-08,45.1333,613.9004,2022-11-02,2022-11-03,46.5033,rollback
LEAN_SELECT,JNJ,2022-09-23,165.74,157.0443,2022-11-02,2022-11-03,169.81,rollback
LEAN_SELECT,CCL,2022-10-21,7.93,3427.0973,2022-11-02,2022-11-03,8.34,rollback
LEAN_SELECT,XOM,2022-09-15,96.22,290.1114,2022-11-09,2022-11-10,110.19,rollback
LEAN_SELECT,USB,2022-10-17,43.88,619.2841,2022-11-09,2022-11-10,44.0,rollback
LEAN_SELECT,MU,2022-08-19,61.835,461.4478,2022-11-16,2022-11-17,57.3,rollback
LEAN_SELECT,NEM,2022-11-09,43.66,646.9699,2022-11-16,2022-11-17,44.48,rollback
LEAN_SELECT,QCOM,2022-11-11,118.99,245.6593,2022-11-16,2022-11-17,118.95,rollback
LEAN_SELECT,V,2022-11-11,206.0,141.891,2022-11-16,2022-11-17,207.96,rollback
LEAN_SELECT,AMD,2022-10-31,60.75,475.2196,2022-11-21,2022-11-22,72.72,rollback
LEAN_SELECT,KDP,2022-11-09,37.82,746.8349,2022-12-05,2022-12-06,37.98,rollback
LEAN_SELECT,MO,2022-11-23,45.21,641.4035,2022-12-05,2022-12-06,47.18,rollback
LEAN_SELECT,ABBV,2022-11-08,148.83,190.4352,2022-12-09,2022-12-12,163.21,rollback
LEAN_SELECT,PCG,2022-11-21,15.1,1904.3959,2022-12-15,2022-12-16,16.09,rollback
LEAN_SELECT,LUMN,2022-06-28,11.5,2213.7042,2023-01-17,2023-01-18,5.59,rollback
LEAN_SELECT,LRCX,2022-12-13,48.554,590.8132,2023-01-17,2023-01-18,47.718,rollback
LEAN_SELECT,HAL,2022-12-21,37.96,687.8056,2023-01-17,2023-01-18,43.0,rollback
LEAN_SELECT,CCL,2022-11-30,9.81,2918.8042,2023-01-19,2023-01-20,10.28,rollback
LEAN_SELECT,AAL,2022-11-25,14.4,2014.3965,2023-01-24,2023-01-25,15.97,rollback
LEAN_SELECT,DIS,2022-11-25,98.81,293.5519,2023-02-06,2023-02-07,109.295,rollback
LEAN_SELECT,HBAN,2023-01-24,14.76,2034.0579,2023-02-06,2023-02-07,15.34,rollback
LEAN_SELECT,WBD,2022-12-13,11.65,2462.5932,2023-02-07,2023-02-08,15.26,rollback
LEAN_SELECT,TSLA,2023-01-18,136.555,222.3273,2023-02-16,2023-02-17,199.985,rollback
LEAN_SELECT,PCG,2023-01-26,15.96,1919.6828,2023-03-07,2023-03-08,16.32,rollback
LEAN_SELECT,BMY,2023-01-20,73.9,396.7505,2023-04-04,2023-04-05,69.46,rollback
LEAN_SELECT,APA,2023-01-20,44.86,653.5532,2023-04-04,2023-04-05,37.89,rollback
LEAN_SELECT,GILD,2023-02-07,86.6,363.9408,2023-04-04,2023-04-05,82.3,rollback
LEAN_SELECT,CNC,2023-04-06,66.28,431.9147,2023-04-12,2023-04-13,67.52,rollback
LEAN_SELECT,MS,2023-04-14,86.43,333.5087,2023-04-20,2023-04-21,90.48,rollback
LEAN_SELECT,CSX,2022-12-13,33.25,862.7903,2023-04-24,2023-04-25,31.06,rollback
LEAN_SELECT,MSFT,2023-04-27,295.97,95.9449,2023-05-03,2023-05-04,306.24,rollback
LEAN_SELECT,CMCSA,2023-02-17,39.71,775.1804,2023-05-04,2023-05-05,40.57,rollback
LEAN_SELECT,EQT,2022-11-07,42.57,658.6037,2023-05-19,2023-05-22,35.46,rollback
LEAN_SELECT,AAL,2023-03-08,16.41,1834.5869,2023-05-19,2023-05-22,14.915,rollback
LEAN_SELECT,KLAC,2023-02-08,41.298,765.7023,2023-05-23,2023-05-24,40.685,rollback
LEAN_SELECT,LRCX,2023-04-21,52.419,554.4084,2023-05-23,2023-05-24,56.354,rollback
LEAN_SELECT,AMAT,2023-05-04,113.05,249.9059,2023-05-23,2023-05-24,121.92,rollback
LEAN_SELECT,ANET,2023-05-22,36.31,817.8183,2023-06-06,2023-06-07,39.9175,rollback
LEAN_SELECT,KEY,2023-04-14,12.55,2296.94,2023-06-08,2023-06-09,10.98,rollback
LEAN_SELECT,WBD,2023-06-07,12.12,2521.3112,2023-06-15,2023-06-16,13.09,rollback
LEAN_SELECT,PYPL,2022-09-15,95.1,293.5134,2023-06-21,2023-06-22,67.52,rollback
LEAN_SELECT,INTC,2023-05-05,31.38,914.465,2023-06-21,2023-06-22,32.69,rollback
LEAN_SELECT,F,2023-05-24,11.64,2528.4915,2023-06-21,2023-06-22,13.91,rollback
LEAN_SELECT,VZ,2023-06-13,35.5,890.8736,2023-07-06,2023-07-07,36.22,rollback
LEAN_SELECT,MRO,2023-05-22,23.13,1283.7656,2023-07-14,2023-07-17,24.05,rollback
LEAN_SELECT,OXY,2023-05-24,60.17,489.117,2023-07-14,2023-07-17,59.1,rollback
LEAN_SELECT,CRM,2023-06-23,210.5,145.9535,2023-07-17,2023-07-18,227.05,rollback
LEAN_SELECT,SLB,2023-05-24,45.96,640.3111,2023-07-21,2023-07-24,56.22,rollback
LEAN_SELECT,HBAN,2023-07-10,10.82,2929.9262,2023-07-21,2023-07-24,11.85,rollback
LEAN_SELECT,KO,2023-06-16,61.6,517.2004,2023-07-25,2023-07-26,61.86,rollback
LEAN_SELECT,SCHW,2023-02-07,79.13,398.3173,2023-07-27,2023-07-28,66.1,rollback
LEAN_SELECT,INTC,2023-07-18,34.28,946.3399,2023-07-31,2023-08-01,35.82,rollback
LEAN_SELECT,KLAC,2023-07-28,50.0,654.4451,2023-08-02,2023-08-03,49.727,rollback
LEAN_SELECT,TSCO,2023-07-28,45.06,726.1567,2023-08-04,2023-08-07,44.462,rollback
LEAN_SELECT,AMZN,2023-08-07,140.99,229.5275,2023-08-08,2023-08-09,139.97,rollback
LEAN_SELECT,WBD,2023-08-04,12.94,2493.2403,2023-08-09,2023-08-10,14.28,rollback
LEAN_SELECT,MRK,2023-07-24,109.99,299.3369,2023-08-24,2023-08-25,109.94,rollback
LEAN_SELECT,VZ,2023-08-14,33.19,960.6489,2023-09-05,2023-09-06,34.1,rollback
LEAN_SELECT,MO,2023-04-14,45.14,638.5405,2023-09-13,2023-09-14,43.82,rollback
LEAN_SELECT,T,2023-06-28,15.81,1966.3597,2023-09-18,2023-09-19,15.06,rollback
LEAN_SELECT,KHC,2023-07-17,35.69,901.7997,2023-09-22,2023-09-25,34.11,rollback
LEAN_SELECT,KMI,2023-08-14,17.81,1790.1372,2023-10-19,2023-10-20,17.04,rollback
LEAN_SELECT,MRO,2023-09-28,27.265,1118.8245,2023-10-23,2023-10-24,28.37,rollback
LEAN_SELECT,T,2023-10-20,15.19,2036.4746,2023-10-25,2023-10-26,15.17,rollback
LEAN_SELECT,IBM,2023-10-27,143.62,206.4307,2023-11-09,2023-11-10,147.44,rollback
LEAN_SELECT,GOOG,2023-08-28,132.08,240.3654,2023-11-17,2023-11-20,135.5,rollback
LEAN_SELECT,GOOGL,2023-11-13,131.78,244.8933,2023-11-17,2023-11-20,133.69,rollback
LEAN_SELECT,CCL,2023-07-24,17.88,1841.483,2023-11-24,2023-11-27,14.38,rollback
LEAN_SELECT,META,2023-09-06,301.71,106.4685,2023-11-24,2023-11-27,336.18,rollback
LEAN_SELECT,CMG,2023-06-22,41.38,750.2497,2023-11-27,2023-11-28,44.2,rollback
LEAN_SELECT,ORCL,2023-07-17,118.85,270.819,2023-11-27,2023-11-28,116.0,rollback
LEAN_SELECT,AMD,2023-08-01,114.26,287.4103,2023-11-27,2023-11-28,121.98,rollback
LEAN_SELECT,DIS,2023-09-15,85.22,377.5085,2023-11-28,2023-11-29,92.6,rollback
LEAN_SELECT,HPE,2023-11-30,16.84,1976.1553,2023-12-04,2023-12-05,16.43,rollback
LEAN_SELECT,MRK,2023-10-26,103.1,288.4141,2023-12-07,2023-12-08,103.79,rollback
LEAN_SELECT,NEE,2023-11-20,57.0,584.3373,2023-12-15,2023-12-18,61.6,rollback
LEAN_SELECT,BMY,2023-12-06,50.32,667.5153,2023-12-15,2023-12-18,51.15,rollback
LEAN_SELECT,GILD,2023-12-01,76.78,434.9754,2023-12-18,2023-12-19,79.58,rollback
LEAN_SELECT,WBD,2023-12-04,11.24,2977.8611,2023-12-18,2023-12-19,11.94,rollback
LEAN_SELECT,KR,2023-12-01,44.51,750.3724,2023-12-19,2023-12-20,44.88,rollback
LEAN_SELECT,CMCSA,2023-09-19,45.57,696.6709,2023-12-20,2023-12-21,44.22,rollback
LEAN_SELECT,AMD,2023-12-08,129.54,262.5631,2023-12-20,2023-12-21,138.14,rollback
LEAN_SELECT,GOOGL,2023-12-19,136.84,257.358,2023-12-27,2023-12-28,140.78,rollback
LEAN_SELECT,GOOG,2023-12-19,138.0,255.1692,2023-12-27,2023-12-28,141.85,rollback
LEAN_SELECT,WMT,2023-12-19,51.6133,682.2875,2023-12-28,2023-12-29,52.51,rollback
LEAN_SELECT,OXY,2023-12-19,59.12,595.5953,2023-12-28,2023-12-29,60.0,rollback
LEAN_SELECT,WBA,2023-12-05,20.73,1623.8825,2024-01-03,2024-01-04,24.19,rollback
LEAN_SELECT,PFE,2023-12-01,28.97,1152.9426,2024-01-04,2024-01-05,29.02,rollback
LEAN_SELECT,CVS,2023-11-20,68.4,486.9234,2024-01-08,2024-01-09,80.55,rollback
LEAN_SELECT,T,2023-12-20,16.57,2105.9714,2024-01-08,2024-01-09,16.97,rollback
LEAN_SELECT,NI,2023-12-29,26.41,1364.7652,2024-01-09,2024-01-10,27.13,rollback
LEAN_SELECT,VZ,2024-01-03,39.53,891.2832,2024-01-09,2024-01-10,39.08,rollback
LEAN_SELECT,TSCO,2024-01-05,42.742,838.2187,2024-01-09,2024-01-10,44.146,rollback
LEAN_SELECT,PYPL,2024-01-09,60.28,593.6757,2024-01-22,2024-01-23,64.525,rollback
LEAN_SELECT,PG,2024-01-02,146.36,246.1488,2024-01-24,2024-01-25,152.4,rollback
LEAN_SELECT,AAL,2024-01-09,14.51,2466.4753,2024-01-30,2024-01-31,14.49,rollback
LEAN_SELECT,AMZN,2024-01-10,152.06,234.6453,2024-01-30,2024-01-31,157.0,rollback
LEAN_SELECT,PANW,2024-01-10,152.6,233.8033,2024-01-31,2024-02-01,169.5,rollback
LEAN_SELECT,NOW,2024-01-10,141.5,252.1315,2024-01-31,2024-02-01,153.818,rollback
LEAN_SELECT,T,2024-01-23,17.04,2115.5356,2024-02-06,2024-02-07,17.6,rollback
LEAN_SELECT,F,2024-01-31,11.76,3103.0852,2024-02-14,2024-02-15,12.35,rollback
LEAN_SELECT,MRO,2023-12-22,24.89,1444.5869,2024-02-28,2024-02-29,24.23,rollback
LEAN_SELECT,AMD,2024-02-15,179.14,197.1803,2024-03-11,2024-03-12,200.52,rollback
LEAN_SELECT,DVN,2024-01-31,43.18,845.0778,2024-03-12,2024-03-13,47.02,rollback
LEAN_SELECT,PARA,2024-02-01,14.9,2435.6088,2024-03-21,2024-03-22,11.84,rollback
LEAN_SELECT,DAL,2024-01-09,41.4,864.3715,2024-03-22,2024-03-25,45.48,rollback
LEAN_SELECT,TFC,2024-01-25,38.0,957.4339,2024-04-01,2024-04-02,38.12,rollback
LEAN_SELECT,BMY,2024-03-26,52.39,691.253,2024-04-01,2024-04-02,53.1,rollback
LEAN_SELECT,KDP,2023-12-22,32.465,956.5516,2024-04-04,2024-04-05,30.7,rollback
LEAN_SELECT,AMZN,2024-03-13,175.9,202.6417,2024-04-10,2024-04-11,186.74,rollback
LEAN_SELECT,MO,2024-02-02,41.49,871.7345,2024-05-06,2024-05-07,43.6,rollback
LEAN_SELECT,KO,2024-03-12,60.32,594.8452,2024-05-14,2024-05-15,63.06,rollback
LEAN_SELECT,NFLX,2024-05-07,59.628,592.8382,2024-05-14,2024-05-15,61.857,rollback
LEAN_SELECT,MSFT,2024-04-08,425.17,83.771,2024-05-17,2024-05-20,420.21,rollback
LEAN_SELECT,AVGO,2024-03-22,135.0,268.4535,2024-05-21,2024-05-22,139.601,rollback
LEAN_SELECT,AAPL,2024-02-07,190.64,189.2447,2024-05-23,2024-05-24,188.82,rollback
LEAN_SELECT,VZ,2024-05-31,40.14,883.9418,2024-06-05,2024-06-06,41.31,rollback
LEAN_SELECT,SBUX,2024-04-02,91.11,397.0069,2024-06-07,2024-06-10,81.49,rollback
LEAN_SELECT,NCLH,2024-05-22,16.93,2130.3601,2024-06-07,2024-06-10,17.67,rollback
LEAN_SELECT,WMT,2024-04-11,60.75,583.2019,2024-06-12,2024-06-13,66.3,rollback
LEAN_SELECT,AVGO,2024-06-06,142.187,255.9119,2024-06-25,2024-06-26,159.762,rollback
LEAN_SELECT,F,2024-05-15,12.49,2880.2729,2024-07-05,2024-07-08,12.97,rollback
LEAN_SELECT,BKR,2024-05-15,32.6,1103.4605,2024-07-05,2024-07-08,34.14,rollback
LEAN_SELECT,CRM,2024-06-26,241.47,150.1793,2024-07-08,2024-07-09,256.09,rollback
LEAN_SELECT,VTRS,2024-04-04,12.16,2984.5974,2024-07-15,2024-07-16,11.0,rollback
LEAN_SELECT,MDT,2024-06-10,83.72,433.4738,2024-07-18,2024-07-19,81.58,rollback
LEAN_SELECT,XOM,2024-05-20,119.73,302.7298,2024-07-19,2024-07-22,115.18,rollback
LEAN_SELECT,TSLA,2024-06-13,188.39,194.8469,2024-07-19,2024-07-22,244.21,rollback
LEAN_SELECT,PCAR,2024-07-16,104.92,367.5445,2024-07-19,2024-07-22,108.4,rollback
LEAN_SELECT,PFE,2024-07-11,28.78,1336.6895,2024-07-23,2024-07-24,29.51,rollback
LEAN_SELECT,MTCH,2024-07-10,31.16,1226.2312,2024-07-24,2024-07-25,33.06,rollback
LEAN_SELECT,WBD,2024-01-03,11.48,3183.1992,2024-07-25,2024-07-26,8.1,rollback
LEAN_SELECT,PYPL,2024-07-23,60.72,645.9472,2024-08-02,2024-08-05,60.7,rollback
LEAN_SELECT,NEE,2024-07-11,73.5,523.3742,2024-08-05,2024-08-06,76.85,rollback
LEAN_SELECT,PG,2024-08-05,170.88,225.0376,2024-08-09,2024-08-12,169.4,rollback
LEAN_SELECT,MMM,2024-06-10,100.43,361.3324,2024-08-16,2024-08-19,127.08,rollback
LEAN_SELECT,CNC,2024-07-26,69.45,559.1815,2024-08-20,2024-08-21,78.46,rollback
LEAN_SELECT,WBD,2024-08-21,7.8,5208.0702,2024-08-27,2024-08-28,8.12,rollback
LEAN_SELECT,NFLX,2024-08-12,63.1,611.684,2024-08-28,2024-08-29,69.0,rollback
LEAN_SELECT,SBUX,2024-07-22,78.33,504.19,2024-09-03,2024-09-04,93.37,rollback
LEAN_SELECT,PEP,2024-09-04,177.9,225.8338,2024-09-06,2024-09-09,177.05,rollback
LEAN_SELECT,PFE,2024-09-10,29.42,1374.7746,2024-09-17,2024-09-18,30.0,rollback
LEAN_SELECT,MNST,2024-07-29,51.0,780.7976,2024-09-20,2024-09-23,51.19,rollback
LEAN_SELECT,TSLA,2024-08-19,217.07,186.6417,2024-09-20,2024-09-23,242.61,rollback
LEAN_SELECT,T,2024-08-07,19.2,2009.772,2024-09-23,2024-09-24,21.38,rollback
LEAN_SELECT,CRM,2024-07-26,258.17,150.4323,2024-10-01,2024-10-02,273.72,rollback
LEAN_SELECT,MU,2024-09-24,94.73,440.152,2024-10-01,2024-10-02,100.59,rollback
LEAN_SELECT,BMY,2024-09-23,49.56,833.812,2024-10-08,2024-10-09,52.25,rollback
LEAN_SELECT,XOM,2024-08-30,116.79,349.0214,2024-10-15,2024-10-16,120.89,rollback
LEAN_SELECT,KEY,2024-10-07,16.69,2512.9884,2024-10-17,2024-10-18,17.16,rollback
LEAN_SELECT,BAC,2024-10-07,40.21,1043.1205,2024-10-21,2024-10-22,41.65,rollback
LEAN_SELECT,NFLX,2024-10-09,71.925,575.2723,2024-10-23,2024-10-24,75.197,rollback
LEAN_SELECT,KVUE,2024-10-22,22.55,1865.0681,2024-11-12,2024-11-13,23.45,rollback
LEAN_SELECT,AMZN,2024-10-18,187.15,226.6254,2024-11-15,2024-11-18,204.15,rollback
LEAN_SELECT,BKR,2024-10-24,37.1,1131.9716,2024-11-25,2024-11-26,43.75,rollback
LEAN_SELECT,VTRS,2024-08-29,11.91,3436.9342,2024-11-26,2024-11-27,13.08,rollback
LEAN_SELECT,VZ,2024-11-18,41.67,1000.2518,2024-12-04,2024-12-05,42.59,rollback
LEAN_SELECT,BA,2024-02-29,206.44,170.1807,2024-12-05,2024-12-06,157.03,rollback
LEAN_SELECT,MRK,2024-07-30,123.48,324.5442,2024-12-10,2024-12-11,100.7,rollback
LEAN_SELECT,META,2024-11-27,574.89,74.4022,2024-12-17,2024-12-18,621.0,rollback
LEAN_SELECT,MSFT,2024-11-13,421.64,100.6865,2024-12-18,2024-12-19,441.62,rollback
LEAN_SELECT,PFE,2024-10-16,29.5,1430.7758,2024-12-26,2024-12-27,26.43,rollback
LEAN_SELECT,NVDA,2024-12-05,145.11,294.7764,2025-01-07,2025-01-08,142.58,rollback
LEAN_SELECT,OXY,2024-12-27,48.2,859.796,2025-01-21,2025-01-22,50.4,rollback
LEAN_SELECT,NEM,2024-12-12,41.62,1024.7697,2025-01-22,2025-01-23,41.51,rollback
LEAN_SELECT,WBA,2025-01-08,9.5,4327.1903,2025-01-27,2025-01-28,11.27,rollback
LEAN_SELECT,KO,2024-12-18,62.81,668.0684,2025-01-28,2025-01-29,62.56,rollback
LEAN_SELECT,PLTR,2025-01-23,76.04,562.4427,2025-01-29,2025-01-30,80.02,rollback
LEAN_SELECT,NKE,2024-09-23,85.4,483.9085,2025-01-31,2025-02-03,74.9,rollback
LEAN_SELECT,CCL,2024-12-23,26.52,1563.8187,2025-02-03,2025-02-04,27.18,rollback
LEAN_SELECT,GILD,2024-12-06,93.5,456.4732,2025-02-07,2025-02-10,96.04,rollback
LEAN_SELECT,SMCI,2025-01-22,33.98,1265.1557,2025-02-11,2025-02-12,42.3,rollback
LEAN_SELECT,MO,2025-02-03,52.0,808.6474,2025-02-11,2025-02-12,53.51,rollback
LEAN_SELECT,FCX,2025-02-10,38.88,1108.4557,2025-02-14,2025-02-18,39.48,rollback
LEAN_SELECT,MU,2025-02-18,102.635,437.8803,2025-02-19,2025-02-20,103.98,rollback
LEAN_SELECT,INTC,2025-02-12,21.98,1979.3744,2025-02-24,2025-02-25,24.21,rollback
LEAN_SELECT,AAPL,2025-01-29,234.12,183.3906,2025-02-25,2025-02-26,244.33,rollback
LEAN_SELECT,WBA,2025-02-25,10.91,4195.4238,2025-02-26,2025-02-27,11.7,rollback
LEAN_SELECT,MCHP,2024-07-23,91.77,427.3723,2025-02-27,2025-02-28,57.16,rollback
LEAN_SELECT,PARA,2024-11-26,11.11,3888.6102,2025-03-10,2025-03-11,11.96,rollback
LEAN_SELECT,NEE,2025-01-30,71.99,602.3784,2025-03-12,2025-03-13,73.2,rollback
LEAN_SELECT,MRK,2025-02-28,90.705,499.8463,2025-03-12,2025-03-13,93.4,rollback
LEAN_SELECT,GM,2025-03-11,48.0,968.8181,2025-03-26,2025-03-27,46.99,rollback
LEAN_SELECT,MU,2025-03-13,94.25,480.0601,2025-05-05,2025-05-06,79.04,rollback
LEAN_SELECT,PFE,2025-01-28,26.78,1595.7602,2025-05-06,2025-05-07,22.99,rollback
LEAN_SELECT,DIS,2025-02-20,111.24,411.7457,2025-05-06,2025-05-07,102.42,rollback
LEAN_SELECT,F,2024-09-18,10.93,3774.5089,2025-05-07,2025-05-08,10.34,rollback
LEAN_SELECT,UPS,2025-05-09,97.2,439.7638,2025-05-13,2025-05-14,99.85,rollback
LEAN_SELECT,LUV,2025-02-27,30.87,1473.1697,2025-05-21,2025-05-22,31.67,rollback
LEAN_SELECT,FSLR,2025-05-09,134.115,318.7034,2025-05-21,2025-05-22,159.95,rollback
LEAN_SELECT,FCX,2025-05-27,39.14,1104.1163,2025-06-10,2025-06-11,41.385,rollback
LEAN_SELECT,FAST,2025-05-15,40.265,1102.7989,2025-06-11,2025-06-12,42.495,rollback
LEAN_SELECT,SLB,2025-02-12,41.53,1047.5433,2025-06-16,2025-06-17,36.22,rollback
LEAN_SELECT,PFE,2025-05-27,23.55,1835.1283,2025-06-16,2025-06-17,24.27,rollback
LEAN_SELECT,NEM,2025-05-12,51.02,860.5299,2025-06-20,2025-06-23,58.36,rollback
LEAN_SELECT,XOM,2025-02-05,109.74,390.9017,2025-06-24,2025-06-25,108.11,rollback
LEAN_SELECT,CMG,2025-06-17,52.25,857.0079,2025-06-26,2025-06-27,54.195,rollback
LEAN_SELECT,KMI,2025-06-23,28.22,1592.3289,2025-07-01,2025-07-02,28.33,rollback
LEAN_SELECT,DOC,2025-02-26,20.22,2257.3233,2025-07-07,2025-07-08,17.935,rollback
LEAN_SELECT,AAPL,2025-05-13,210.43,212.3398,2025-07-07,2025-07-08,210.1,rollback
LEAN_SELECT,GM,2025-06-12,49.46,898.8557,2025-07-07,2025-07-08,52.16,rollback
LEAN_SELECT,F,2025-06-11,10.64,4205.6953,2025-07-11,2025-07-14,11.76,rollback
LEAN_SELECT,DOW,2025-07-09,29.365,1609.949,2025-07-11,2025-07-14,29.25,rollback
LEAN_SELECT,NKE,2025-06-27,69.79,660.1447,2025-07-14,2025-07-15,72.26,rollback
LEAN_SELECT,HAL,2025-07-09,22.07,2185.8951,2025-07-14,2025-07-15,22.05,rollback
LEAN_SELECT,AES,2025-07-02,10.85,4315.9495,2025-07-28,2025-07-29,13.49,rollback
LEAN_SELECT,KVUE,2025-07-14,22.58,2123.0091,2025-07-28,2025-07-29,22.38,rollback
LEAN_SELECT,META,2025-07-29,720.0,67.713,2025-08-01,2025-08-04,760.0,rollback
LEAN_SELECT,CSCO,2025-08-05,68.69,704.691,2025-08-11,2025-08-12,70.785,rollback
LEAN_SELECT,PLTR,2025-07-08,138.775,339.8566,2025-08-14,2025-08-15,179.725,rollback
LEAN_SELECT,VZ,2025-03-27,44.48,1044.3918,2025-08-22,2025-08-25,44.44,rollback
LEAN_SELECT,UBER,2025-08-12,91.19,520.0732,2025-08-25,2025-08-26,94.88,rollback
LEAN_SELECT,CMCSA,2025-07-15,35.62,1352.3885,2025-08-26,2025-08-27,33.59,rollback
LEAN_SELECT,INTC,2025-03-14,23.675,1927.8648,2025-08-29,2025-09-02,23.88,rollback
LEAN_SELECT,XOM,2025-07-29,111.9,435.7086,2025-09-03,2025-09-04,112.105,rollback
LEAN_SELECT,AVGO,2025-09-04,305.06,157.9918,2025-09-17,2025-09-18,350.0,rollback
LEAN_SELECT,TSLA,2025-08-25,338.9,144.9732,2025-09-25,2025-09-26,428.3,rollback
LEAN_SELECT,IBKR,2025-09-03,63.95,757.2361,2025-09-30,2025-10-01,67.86,rollback
LEAN_SELECT,WBD,2025-08-28,12.19,4048.0072,2025-10-02,2025-10-03,19.378,rollback
LEAN_SELECT,CMG,2025-10-03,40.27,1344.7694,2025-10-06,2025-10-07,41.5,rollback
LEAN_SELECT,EQT,2025-07-15,58.3,822.9739,2025-10-09,2025-10-10,54.7,rollback
LEAN_SELECT,PYPL,2025-09-18,70.08,755.3064,2025-10-10,2025-10-13,70.72,rollback
LEAN_SELECT,KO,2025-10-13,66.23,808.7738,2025-10-20,2025-10-21,70.565,rollback
LEAN_SELECT,CRM,2025-06-25,272.0,167.0585,2025-10-23,2025-10-24,257.42,rollback
LEAN_SELECT,AAPL,2025-10-21,261.88,210.4649,2025-10-31,2025-11-03,270.42,rollback
LEAN_SELECT,BMY,2025-07-15,47.15,1021.6261,2025-11-03,2025-11-04,45.49,rollback
LEAN_SELECT,PLTR,2025-10-24,182.88,297.2653,2025-11-04,2025-11-05,189.0,rollback
LEAN_SELECT,AMZN,2025-08-15,232.58,208.6723,2025-11-12,2025-11-13,243.05,rollback
LEAN_SELECT,GOOGL,2025-10-07,248.27,222.8466,2025-11-13,2025-11-14,271.405,rollback
LEAN_SELECT,CTRA,2025-08-27,23.95,2047.5326,2025-11-17,2025-11-18,25.74,rollback
LEAN_SELECT,VZ,2025-10-01,43.915,1220.6572,2025-11-17,2025-11-18,41.03,rollback
LEAN_SELECT,KHC,2025-11-19,24.915,2128.9797,2025-12-01,2025-12-02,25.38,rollback
LEAN_SELECT,SCHW,2025-09-26,95.13,558.2382,2025-12-12,2025-12-15,96.73,rollback
LEAN_SELECT,KDP,2025-11-19,27.29,1943.6013,2025-12-15,2025-12-16,29.34,rollback
LEAN_SELECT,SLB,2025-12-02,36.31,1503.708,2025-12-15,2025-12-16,38.6,rollback
LEAN_SELECT,DAL,2025-10-10,59.93,920.1742,2025-12-17,2025-12-18,70.82,rollback
LEAN_SELECT,MRK,2025-12-19,100.6,541.1042,2025-12-30,2025-12-31,105.935,rollback
LEAN_SELECT,SMCI,2025-06-17,43.24,1035.636,2025-12-31,,29.27,open
LEAN_SELECT,HOOD,2025-11-03,148.79,382.8514,2025-12-31,,113.1,open
LEAN_SELECT,CNC,2025-11-05,35.815,1543.1331,2025-12-31,,41.15,open
LEAN_SELECT,PCG,2025-11-06,16.45,3379.0475,2025-12-31,,16.07,open
LEAN_SELECT,T,2025-11-13,25.65,2144.1524,2025-12-31,,24.84,open
LEAN_SELECT,NKE,2025-11-14,64.935,824.8861,2025-12-31,,63.71,open
LEAN_SELECT,VICI,2025-12-16,28.61,1939.1476,2025-12-31,,28.12,open
LEAN_SELECT,VZ,2025-12-18,40.78,1354.9024,2025-12-31,,40.73,open
LEAN_SELECT,PG,2025-12-18,146.62,376.8255,2025-12-31,,143.31,open
LEAN_SELECT,OXY,2025-12-31,41.46,1334.9238,2025-12-31,,41.12,open
