run,date,equity,n_pos
RANKVOL_BENCH_N10,2016-01-04,100000.0,0
RANKVOL_BENCH_N10,2016-01-05,100000.0,0
RANKVOL_BENCH_N10,2016-01-06,100000.0,0
RANKVOL_BENCH_N10,2016-01-07,100000.0,0
RANKVOL_BENCH_N10,2016-01-08,100000.0,0
RANKVOL_BENCH_N10,2016-01-11,100000.0,0
RANKVOL_BENCH_N10,2016-01-12,100000.0,0
RANKVOL_BENCH_N10,2016-01-13,100000.0,0
RANKVOL_BENCH_N10,2016-01-14,100000.0,0
RANKVOL_BENCH_N10,2016-01-15,100000.0,0
RANKVOL_BENCH_N10,2016-01-19,100000.0,0
RANKVOL_BENCH_N10,2016-01-20,100000.0,0
RANKVOL_BENCH_N10,2016-01-21,100000.0,0
RANKVOL_BENCH_N10,2016-01-22,100000.0,0
RANKVOL_BENCH_N10,2016-01-25,100000.0,0
RANKVOL_BENCH_N10,2016-01-26,100000.0,0
RANKVOL_BENCH_N10,2016-01-27,100000.0,0
RANKVOL_BENCH_N10,2016-01-28,100000.0,0
RANKVOL_BENCH_N10,2016-01-29,100000.0,0
RANKVOL_BENCH_N10,2016-02-01,100682.42,10
RANKVOL_BENCH_N10,2016-02-02,97832.08,10
RANKVOL_BENCH_N10,2016-02-03,98890.22,10
RANKVOL_BENCH_N10,2016-02-04,98972.39,10
RANKVOL_BENCH_N10,2016-02-05,96938.75,10
RANKVOL_BENCH_N10,2016-02-08,94212.93,9
RANKVOL_BENCH_N10,2016-02-09,93539.51,10
RANKVOL_BENCH_N10,2016-02-10,93750.24,10
RANKVOL_BENCH_N10,2016-02-11,92265.48,10
RANKVOL_BENCH_N10,2016-02-12,94200.46,9
RANKVOL_BENCH_N10,2016-02-16,96002.19,10
RANKVOL_BENCH_N10,2016-02-17,97698.22,10
RANKVOL_BENCH_N10,2016-02-18,97023.26,10
RANKVOL_BENCH_N10,2016-02-19,98299.56,10
RANKVOL_BENCH_N10,2016-02-22,99578.4,10
RANKVOL_BENCH_N10,2016-02-23,98434.26,10
RANKVOL_BENCH_N10,2016-02-24,99454.57,9
RANKVOL_BENCH_N10,2016-02-25,100781.93,10
RANKVOL_BENCH_N10,2016-02-26,100436.95,10
RANKVOL_BENCH_N10,2016-02-29,99819.21,10
RANKVOL_BENCH_N10,2016-03-01,102765.77,10
RANKVOL_BENCH_N10,2016-03-02,102900.61,10
RANKVOL_BENCH_N10,2016-03-03,102987.34,10
RANKVOL_BENCH_N10,2016-03-04,103073.86,10
RANKVOL_BENCH_N10,2016-03-07,103071.19,10
RANKVOL_BENCH_N10,2016-03-08,101540.56,10
RANKVOL_BENCH_N10,2016-03-09,101966.55,5
RANKVOL_BENCH_N10,2016-03-10,102395.43,5
RANKVOL_BENCH_N10,2016-03-11,102987.36,5
RANKVOL_BENCH_N10,2016-03-14,103446.53,8
RANKVOL_BENCH_N10,2016-03-15,103221.53,8
RANKVOL_BENCH_N10,2016-03-16,103503.78,8
RANKVOL_BENCH_N10,2016-03-17,103958.24,10
RANKVOL_BENCH_N10,2016-03-18,104624.76,10
RANKVOL_BENCH_N10,2016-03-21,105066.41,10
RANKVOL_BENCH_N10,2016-03-22,105122.49,10
RANKVOL_BENCH_N10,2016-03-23,104393.16,10
RANKVOL_BENCH_N10,2016-03-24,104101.0,9
RANKVOL_BENCH_N10,2016-03-28,104228.03,9
RANKVOL_BENCH_N10,2016-03-29,105373.51,9
RANKVOL_BENCH_N10,2016-03-30,106143.1,10
RANKVOL_BENCH_N10,2016-03-31,105576.38,10
RANKVOL_BENCH_N10,2016-04-01,105978.76,10
RANKVOL_BENCH_N10,2016-04-04,105931.47,10
RANKVOL_BENCH_N10,2016-04-05,105406.4,9
RANKVOL_BENCH_N10,2016-04-06,106602.59,8
RANKVOL_BENCH_N10,2016-04-07,105754.1,10
RANKVOL_BENCH_N10,2016-04-08,106715.56,10
RANKVOL_BENCH_N10,2016-04-11,106086.81,10
RANKVOL_BENCH_N10,2016-04-12,108159.29,10
RANKVOL_BENCH_N10,2016-04-13,109552.62,10
RANKVOL_BENCH_N10,2016-04-14,109733.8,10
RANKVOL_BENCH_N10,2016-04-15,109464.55,10
RANKVOL_BENCH_N10,2016-04-18,110411.13,10
RANKVOL_BENCH_N10,2016-04-19,111171.56,10
RANKVOL_BENCH_N10,2016-04-20,111487.38,10
RANKVOL_BENCH_N10,2016-04-21,110479.13,10
RANKVOL_BENCH_N10,2016-04-22,110180.99,10
RANKVOL_BENCH_N10,2016-04-25,109727.73,8
RANKVOL_BENCH_N10,2016-04-26,109329.59,7
RANKVOL_BENCH_N10,2016-04-27,109773.75,7
RANKVOL_BENCH_N10,2016-04-28,108997.63,10
RANKVOL_BENCH_N10,2016-04-29,107449.78,10
RANKVOL_BENCH_N10,2016-05-02,108083.95,10
RANKVOL_BENCH_N10,2016-05-03,107195.5,10
RANKVOL_BENCH_N10,2016-05-04,106285.69,9
RANKVOL_BENCH_N10,2016-05-05,106623.1,9
RANKVOL_BENCH_N10,2016-05-06,106746.22,10
RANKVOL_BENCH_N10,2016-05-09,107497.88,10
RANKVOL_BENCH_N10,2016-05-10,108112.97,10
RANKVOL_BENCH_N10,2016-05-11,107162.83,10
RANKVOL_BENCH_N10,2016-05-12,106344.46,10
RANKVOL_BENCH_N10,2016-05-13,105717.38,10
RANKVOL_BENCH_N10,2016-05-16,106485.01,10
RANKVOL_BENCH_N10,2016-05-17,105640.19,10
RANKVOL_BENCH_N10,2016-05-18,105540.07,10
RANKVOL_BENCH_N10,2016-05-19,106330.6,10
RANKVOL_BENCH_N10,2016-05-20,107588.75,10
RANKVOL_BENCH_N10,2016-05-23,107535.87,10
RANKVOL_BENCH_N10,2016-05-24,109287.91,10
RANKVOL_BENCH_N10,2016-05-25,109795.89,10
RANKVOL_BENCH_N10,2016-05-26,110213.99,10
RANKVOL_BENCH_N10,2016-05-27,110888.97,10
RANKVOL_BENCH_N10,2016-05-31,111522.04,10
RANKVOL_BENCH_N10,2016-06-01,112070.88,10
RANKVOL_BENCH_N10,2016-06-02,112096.97,10
RANKVOL_BENCH_N10,2016-06-03,111205.43,10
RANKVOL_BENCH_N10,2016-06-06,111057.96,10
RANKVOL_BENCH_N10,2016-06-07,111725.5,10
RANKVOL_BENCH_N10,2016-06-08,111520.62,10
RANKVOL_BENCH_N10,2016-06-09,111438.07,10
RANKVOL_BENCH_N10,2016-06-10,110188.47,10
RANKVOL_BENCH_N10,2016-06-13,109217.18,9
RANKVOL_BENCH_N10,2016-06-14,109219.38,9
RANKVOL_BENCH_N10,2016-06-15,109333.85,10
RANKVOL_BENCH_N10,2016-06-16,109460.59,10
RANKVOL_BENCH_N10,2016-06-17,109203.44,10
RANKVOL_BENCH_N10,2016-06-20,110157.08,10
RANKVOL_BENCH_N10,2016-06-21,110602.8,10
RANKVOL_BENCH_N10,2016-06-22,110465.78,10
RANKVOL_BENCH_N10,2016-06-23,111912.58,10
RANKVOL_BENCH_N10,2016-06-24,106463.16,10
RANKVOL_BENCH_N10,2016-06-27,103952.64,10
RANKVOL_BENCH_N10,2016-06-28,105951.72,10
RANKVOL_BENCH_N10,2016-06-29,108479.46,10
RANKVOL_BENCH_N10,2016-06-30,110028.78,10
RANKVOL_BENCH_N10,2016-07-01,110902.09,10
RANKVOL_BENCH_N10,2016-07-05,109839.63,10
RANKVOL_BENCH_N10,2016-07-06,110069.39,10
RANKVOL_BENCH_N10,2016-07-07,110211.73,10
RANKVOL_BENCH_N10,2016-07-08,111628.42,10
RANKVOL_BENCH_N10,2016-07-11,112464.7,10
RANKVOL_BENCH_N10,2016-07-12,113639.24,10
RANKVOL_BENCH_N10,2016-07-13,112778.12,10
RANKVOL_BENCH_N10,2016-07-14,114161.81,10
RANKVOL_BENCH_N10,2016-07-15,114004.26,10
RANKVOL_BENCH_N10,2016-07-18,114493.71,10
RANKVOL_BENCH_N10,2016-07-19,114541.6,10
RANKVOL_BENCH_N10,2016-07-20,114715.33,10
RANKVOL_BENCH_N10,2016-07-21,115211.04,10
RANKVOL_BENCH_N10,2016-07-22,116081.09,10
RANKVOL_BENCH_N10,2016-07-25,115463.85,10
RANKVOL_BENCH_N10,2016-07-26,115664.65,10
RANKVOL_BENCH_N10,2016-07-27,115948.15,9
RANKVOL_BENCH_N10,2016-07-28,116126.19,9
RANKVOL_BENCH_N10,2016-07-29,116159.17,10
RANKVOL_BENCH_N10,2016-08-01,116767.41,10
RANKVOL_BENCH_N10,2016-08-02,115829.23,10
RANKVOL_BENCH_N10,2016-08-03,116402.82,10
RANKVOL_BENCH_N10,2016-08-04,116059.8,10
RANKVOL_BENCH_N10,2016-08-05,116930.84,10
RANKVOL_BENCH_N10,2016-08-08,116819.09,10
RANKVOL_BENCH_N10,2016-08-09,116936.03,10
RANKVOL_BENCH_N10,2016-08-10,116915.41,10
RANKVOL_BENCH_N10,2016-08-11,118004.61,10
RANKVOL_BENCH_N10,2016-08-12,118374.72,10
RANKVOL_BENCH_N10,2016-08-15,118603.99,10
RANKVOL_BENCH_N10,2016-08-16,118035.5,10
RANKVOL_BENCH_N10,2016-08-17,118487.87,10
RANKVOL_BENCH_N10,2016-08-18,118819.87,10
RANKVOL_BENCH_N10,2016-08-19,118547.44,10
RANKVOL_BENCH_N10,2016-08-22,118304.56,10
RANKVOL_BENCH_N10,2016-08-23,118182.92,10
RANKVOL_BENCH_N10,2016-08-24,117763.35,10
RANKVOL_BENCH_N10,2016-08-25,117658.43,10
RANKVOL_BENCH_N10,2016-08-26,117574.95,10
RANKVOL_BENCH_N10,2016-08-29,118292.32,10
RANKVOL_BENCH_N10,2016-08-30,118191.42,10
RANKVOL_BENCH_N10,2016-08-31,117781.97,10
RANKVOL_BENCH_N10,2016-09-01,118255.86,10
RANKVOL_BENCH_N10,2016-09-02,118496.51,10
RANKVOL_BENCH_N10,2016-09-06,118606.8,10
RANKVOL_BENCH_N10,2016-09-07,118319.56,10
RANKVOL_BENCH_N10,2016-09-08,118188.21,10
RANKVOL_BENCH_N10,2016-09-09,115006.04,10
RANKVOL_BENCH_N10,2016-09-12,116765.86,10
RANKVOL_BENCH_N10,2016-09-13,115220.53,10
RANKVOL_BENCH_N10,2016-09-14,115207.72,10
RANKVOL_BENCH_N10,2016-09-15,116432.7,10
RANKVOL_BENCH_N10,2016-09-16,116096.11,10
RANKVOL_BENCH_N10,2016-09-19,116152.1,10
RANKVOL_BENCH_N10,2016-09-20,116021.86,10
RANKVOL_BENCH_N10,2016-09-21,117213.21,10
RANKVOL_BENCH_N10,2016-09-22,117989.62,10
RANKVOL_BENCH_N10,2016-09-23,117527.35,10
RANKVOL_BENCH_N10,2016-09-26,116652.97,10
RANKVOL_BENCH_N10,2016-09-27,117619.92,10
RANKVOL_BENCH_N10,2016-09-28,118016.3,10
RANKVOL_BENCH_N10,2016-09-29,116874.06,10
RANKVOL_BENCH_N10,2016-09-30,118512.93,10
RANKVOL_BENCH_N10,2016-10-03,118654.08,10
RANKVOL_BENCH_N10,2016-10-04,118075.15,10
RANKVOL_BENCH_N10,2016-10-05,118760.79,10
RANKVOL_BENCH_N10,2016-10-06,118618.4,10
RANKVOL_BENCH_N10,2016-10-07,118704.49,10
RANKVOL_BENCH_N10,2016-10-10,119277.35,10
RANKVOL_BENCH_N10,2016-10-11,117790.14,10
RANKVOL_BENCH_N10,2016-10-12,118037.33,10
RANKVOL_BENCH_N10,2016-10-13,117557.37,10
RANKVOL_BENCH_N10,2016-10-14,116768.01,10
RANKVOL_BENCH_N10,2016-10-17,115801.98,10
RANKVOL_BENCH_N10,2016-10-18,116750.18,10
RANKVOL_BENCH_N10,2016-10-19,117203.87,10
RANKVOL_BENCH_N10,2016-10-20,117258.95,10
RANKVOL_BENCH_N10,2016-10-21,117300.25,10
RANKVOL_BENCH_N10,2016-10-24,117844.08,10
RANKVOL_BENCH_N10,2016-10-25,117192.67,10
RANKVOL_BENCH_N10,2016-10-26,115860.12,10
RANKVOL_BENCH_N10,2016-10-27,115344.37,10
RANKVOL_BENCH_N10,2016-10-28,115575.3,10
RANKVOL_BENCH_N10,2016-10-31,115910.98,10
RANKVOL_BENCH_N10,2016-11-01,115218.84,10
RANKVOL_BENCH_N10,2016-11-02,114731.94,10
RANKVOL_BENCH_N10,2016-11-03,114468.55,10
RANKVOL_BENCH_N10,2016-11-04,114976.38,10
RANKVOL_BENCH_N10,2016-11-07,117676.77,10
RANKVOL_BENCH_N10,2016-11-08,118968.28,10
RANKVOL_BENCH_N10,2016-11-09,121165.16,10
RANKVOL_BENCH_N10,2016-11-10,122982.09,10
RANKVOL_BENCH_N10,2016-11-11,123329.6,10
RANKVOL_BENCH_N10,2016-11-14,123895.73,10
RANKVOL_BENCH_N10,2016-11-15,124522.84,10
RANKVOL_BENCH_N10,2016-11-16,123780.71,10
RANKVOL_BENCH_N10,2016-11-17,124645.85,10
RANKVOL_BENCH_N10,2016-11-18,124402.87,10
RANKVOL_BENCH_N10,2016-11-21,125427.33,10
RANKVOL_BENCH_N10,2016-11-22,125672.05,10
RANKVOL_BENCH_N10,2016-11-23,124622.12,10
RANKVOL_BENCH_N10,2016-11-25,125183.19,10
RANKVOL_BENCH_N10,2016-11-28,123511.67,10
RANKVOL_BENCH_N10,2016-11-29,123543.11,10
RANKVOL_BENCH_N10,2016-11-30,123806.14,10
RANKVOL_BENCH_N10,2016-12-01,122231.34,10
RANKVOL_BENCH_N10,2016-12-02,122506.08,10
RANKVOL_BENCH_N10,2016-12-05,123868.68,10
RANKVOL_BENCH_N10,2016-12-06,124505.31,10
RANKVOL_BENCH_N10,2016-12-07,126133.53,10
RANKVOL_BENCH_N10,2016-12-08,125284.07,10
RANKVOL_BENCH_N10,2016-12-09,125389.29,10
RANKVOL_BENCH_N10,2016-12-12,125671.25,10
RANKVOL_BENCH_N10,2016-12-13,126666.43,10
RANKVOL_BENCH_N10,2016-12-14,125339.72,10
RANKVOL_BENCH_N10,2016-12-15,125460.59,10
RANKVOL_BENCH_N10,2016-12-16,124819.77,10
RANKVOL_BENCH_N10,2016-12-19,124875.45,10
RANKVOL_BENCH_N10,2016-12-20,124816.24,10
RANKVOL_BENCH_N10,2016-12-21,125153.31,10
RANKVOL_BENCH_N10,2016-12-22,124809.88,10
RANKVOL_BENCH_N10,2016-12-23,124835.1,10
RANKVOL_BENCH_N10,2016-12-27,125596.57,10
RANKVOL_BENCH_N10,2016-12-28,124160.91,10
RANKVOL_BENCH_N10,2016-12-29,123912.02,9
RANKVOL_BENCH_N10,2016-12-30,122821.62,9
RANKVOL_BENCH_N10,2017-01-03,124223.02,10
RANKVOL_BENCH_N10,2017-01-04,125174.27,10
RANKVOL_BENCH_N10,2017-01-05,125944.88,10
RANKVOL_BENCH_N10,2017-01-06,126895.2,10
RANKVOL_BENCH_N10,2017-01-09,126364.67,10
RANKVOL_BENCH_N10,2017-01-10,126115.41,10
RANKVOL_BENCH_N10,2017-01-11,127169.25,10
RANKVOL_BENCH_N10,2017-01-12,127193.24,10
RANKVOL_BENCH_N10,2017-01-13,128577.45,10
RANKVOL_BENCH_N10,2017-01-17,126762.29,10
RANKVOL_BENCH_N10,2017-01-18,127592.07,10
RANKVOL_BENCH_N10,2017-01-19,128352.98,10
RANKVOL_BENCH_N10,2017-01-20,128501.68,10
RANKVOL_BENCH_N10,2017-01-23,126906.28,10
RANKVOL_BENCH_N10,2017-01-24,129035.6,10
RANKVOL_BENCH_N10,2017-01-25,130836.6,10
RANKVOL_BENCH_N10,2017-01-26,129433.37,10
RANKVOL_BENCH_N10,2017-01-27,129919.58,10
RANKVOL_BENCH_N10,2017-01-30,128201.93,10
RANKVOL_BENCH_N10,2017-01-31,128125.56,10
RANKVOL_BENCH_N10,2017-02-01,127781.47,9
RANKVOL_BENCH_N10,2017-02-02,128359.96,10
RANKVOL_BENCH_N10,2017-02-03,128992.87,10
RANKVOL_BENCH_N10,2017-02-06,129623.86,10
RANKVOL_BENCH_N10,2017-02-07,129651.56,10
RANKVOL_BENCH_N10,2017-02-08,129273.73,10
RANKVOL_BENCH_N10,2017-02-09,129536.27,10
RANKVOL_BENCH_N10,2017-02-10,129656.9,10
RANKVOL_BENCH_N10,2017-02-13,130837.1,10
RANKVOL_BENCH_N10,2017-02-14,131774.69,10
RANKVOL_BENCH_N10,2017-02-15,132082.21,10
RANKVOL_BENCH_N10,2017-02-16,131065.13,10
RANKVOL_BENCH_N10,2017-02-17,130940.85,8
RANKVOL_BENCH_N10,2017-02-21,132228.47,9
RANKVOL_BENCH_N10,2017-02-22,131284.91,10
RANKVOL_BENCH_N10,2017-02-23,132081.85,10
RANKVOL_BENCH_N10,2017-02-24,131998.97,10
RANKVOL_BENCH_N10,2017-02-27,132138.19,10
RANKVOL_BENCH_N10,2017-02-28,131285.6,10
RANKVOL_BENCH_N10,2017-03-01,132542.44,10
RANKVOL_BENCH_N10,2017-03-02,132290.61,10
RANKVOL_BENCH_N10,2017-03-03,132046.69,10
RANKVOL_BENCH_N10,2017-03-06,131090.44,10
RANKVOL_BENCH_N10,2017-03-07,130628.19,10
RANKVOL_BENCH_N10,2017-03-08,129842.05,10
RANKVOL_BENCH_N10,2017-03-09,130253.21,10
RANKVOL_BENCH_N10,2017-03-10,131578.23,10
RANKVOL_BENCH_N10,2017-03-13,131920.62,10
RANKVOL_BENCH_N10,2017-03-14,131007.15,10
RANKVOL_BENCH_N10,2017-03-15,132921.3,10
RANKVOL_BENCH_N10,2017-03-16,132258.08,10
RANKVOL_BENCH_N10,2017-03-17,131949.93,10
RANKVOL_BENCH_N10,2017-03-20,131595.13,10
RANKVOL_BENCH_N10,2017-03-21,129705.7,10
RANKVOL_BENCH_N10,2017-03-22,129837.47,10
RANKVOL_BENCH_N10,2017-03-23,129726.99,10
RANKVOL_BENCH_N10,2017-03-24,129982.26,10
RANKVOL_BENCH_N10,2017-03-27,129541.76,10
RANKVOL_BENCH_N10,2017-03-28,129794.29,10
RANKVOL_BENCH_N10,2017-03-29,130269.08,10
RANKVOL_BENCH_N10,2017-03-30,129830.16,10
RANKVOL_BENCH_N10,2017-03-31,130431.18,10
RANKVOL_BENCH_N10,2017-04-03,130580.97,10
RANKVOL_BENCH_N10,2017-04-04,130767.67,10
RANKVOL_BENCH_N10,2017-04-05,130380.56,10
RANKVOL_BENCH_N10,2017-04-06,130544.81,10
RANKVOL_BENCH_N10,2017-04-07,130336.85,10
RANKVOL_BENCH_N10,2017-04-10,130891.25,10
RANKVOL_BENCH_N10,2017-04-11,130379.75,10
RANKVOL_BENCH_N10,2017-04-12,129735.35,10
RANKVOL_BENCH_N10,2017-04-13,128535.02,10
RANKVOL_BENCH_N10,2017-04-17,129153.52,10
RANKVOL_BENCH_N10,2017-04-18,128776.94,10
RANKVOL_BENCH_N10,2017-04-19,128252.58,10
RANKVOL_BENCH_N10,2017-04-20,128895.78,10
RANKVOL_BENCH_N10,2017-04-21,128479.74,10
RANKVOL_BENCH_N10,2017-04-24,128906.9,10
RANKVOL_BENCH_N10,2017-04-25,129460.38,10
RANKVOL_BENCH_N10,2017-04-26,131221.46,10
RANKVOL_BENCH_N10,2017-04-27,130661.04,10
RANKVOL_BENCH_N10,2017-04-28,130495.91,10
RANKVOL_BENCH_N10,2017-05-01,129459.29,9
RANKVOL_BENCH_N10,2017-05-02,127033.89,10
RANKVOL_BENCH_N10,2017-05-03,127483.39,10
RANKVOL_BENCH_N10,2017-05-04,125843.3,10
RANKVOL_BENCH_N10,2017-05-05,127813.55,10
RANKVOL_BENCH_N10,2017-05-08,127653.04,10
RANKVOL_BENCH_N10,2017-05-09,127171.74,10
RANKVOL_BENCH_N10,2017-05-10,128700.34,10
RANKVOL_BENCH_N10,2017-05-11,128702.89,10
RANKVOL_BENCH_N10,2017-05-12,128442.29,10
RANKVOL_BENCH_N10,2017-05-15,129264.56,10
RANKVOL_BENCH_N10,2017-05-16,130477.34,10
RANKVOL_BENCH_N10,2017-05-17,127498.03,10
RANKVOL_BENCH_N10,2017-05-18,127664.65,10
RANKVOL_BENCH_N10,2017-05-19,128871.99,10
RANKVOL_BENCH_N10,2017-05-22,129207.01,10
RANKVOL_BENCH_N10,2017-05-23,128832.74,10
RANKVOL_BENCH_N10,2017-05-24,128679.5,10
RANKVOL_BENCH_N10,2017-05-25,127623.96,10
RANKVOL_BENCH_N10,2017-05-26,127500.1,10
RANKVOL_BENCH_N10,2017-05-30,126536.45,10
RANKVOL_BENCH_N10,2017-05-31,126765.39,10
RANKVOL_BENCH_N10,2017-06-01,127476.06,10
RANKVOL_BENCH_N10,2017-06-02,127707.5,10
RANKVOL_BENCH_N10,2017-06-05,127940.54,10
RANKVOL_BENCH_N10,2017-06-06,128444.01,10
RANKVOL_BENCH_N10,2017-06-07,128127.05,10
RANKVOL_BENCH_N10,2017-06-08,128407.49,10
RANKVOL_BENCH_N10,2017-06-09,128647.35,10
RANKVOL_BENCH_N10,2017-06-12,128545.5,10
RANKVOL_BENCH_N10,2017-06-13,128679.96,10
RANKVOL_BENCH_N10,2017-06-14,127314.31,10
RANKVOL_BENCH_N10,2017-06-15,126477.61,10
RANKVOL_BENCH_N10,2017-06-16,127032.45,10
RANKVOL_BENCH_N10,2017-06-19,127479.51,10
RANKVOL_BENCH_N10,2017-06-20,125621.07,10
RANKVOL_BENCH_N10,2017-06-21,124581.57,10
RANKVOL_BENCH_N10,2017-06-22,125269.35,10
RANKVOL_BENCH_N10,2017-06-23,125593.04,10
RANKVOL_BENCH_N10,2017-06-26,126084.85,10
RANKVOL_BENCH_N10,2017-06-27,125721.42,10
RANKVOL_BENCH_N10,2017-06-28,127181.15,10
RANKVOL_BENCH_N10,2017-06-29,127247.91,10
RANKVOL_BENCH_N10,2017-06-30,127844.34,10
RANKVOL_BENCH_N10,2017-07-03,128800.7,10
RANKVOL_BENCH_N10,2017-07-05,128680.01,10
RANKVOL_BENCH_N10,2017-07-06,126768.4,10
RANKVOL_BENCH_N10,2017-07-07,126780.89,9
RANKVOL_BENCH_N10,2017-07-10,126994.46,10
RANKVOL_BENCH_N10,2017-07-11,127184.07,10
RANKVOL_BENCH_N10,2017-07-12,127945.37,10
RANKVOL_BENCH_N10,2017-07-13,128296.43,10
RANKVOL_BENCH_N10,2017-07-14,129141.32,10
RANKVOL_BENCH_N10,2017-07-17,129217.36,10
RANKVOL_BENCH_N10,2017-07-18,129368.04,10
RANKVOL_BENCH_N10,2017-07-19,130489.69,10
RANKVOL_BENCH_N10,2017-07-20,131261.48,10
RANKVOL_BENCH_N10,2017-07-21,131245.32,10
RANKVOL_BENCH_N10,2017-07-24,130080.4,10
RANKVOL_BENCH_N10,2017-07-25,131016.92,9
RANKVOL_BENCH_N10,2017-07-26,131828.49,10
RANKVOL_BENCH_N10,2017-07-27,133213.65,10
RANKVOL_BENCH_N10,2017-07-28,132508.26,10
RANKVOL_BENCH_N10,2017-07-31,132286.71,10
RANKVOL_BENCH_N10,2017-08-01,133111.38,10
RANKVOL_BENCH_N10,2017-08-02,133005.52,9
RANKVOL_BENCH_N10,2017-08-03,132346.13,10
RANKVOL_BENCH_N10,2017-08-04,133269.0,10
RANKVOL_BENCH_N10,2017-08-07,133498.49,9
RANKVOL_BENCH_N10,2017-08-08,133288.49,10
RANKVOL_BENCH_N10,2017-08-09,132409.56,10
RANKVOL_BENCH_N10,2017-08-10,130522.1,8
RANKVOL_BENCH_N10,2017-08-11,130599.79,7
RANKVOL_BENCH_N10,2017-08-14,132153.23,7
RANKVOL_BENCH_N10,2017-08-15,132231.0,10
RANKVOL_BENCH_N10,2017-08-16,132769.49,10
RANKVOL_BENCH_N10,2017-08-17,129934.08,10
RANKVOL_BENCH_N10,2017-08-18,130224.3,10
RANKVOL_BENCH_N10,2017-08-21,129612.33,10
RANKVOL_BENCH_N10,2017-08-22,132327.84,10
RANKVOL_BENCH_N10,2017-08-23,131672.81,10
RANKVOL_BENCH_N10,2017-08-24,131459.66,9
RANKVOL_BENCH_N10,2017-08-25,131402.59,10
RANKVOL_BENCH_N10,2017-08-28,130887.76,10
RANKVOL_BENCH_N10,2017-08-29,130833.41,10
RANKVOL_BENCH_N10,2017-08-30,131623.72,10
RANKVOL_BENCH_N10,2017-08-31,132282.8,10
RANKVOL_BENCH_N10,2017-09-01,132770.16,10
RANKVOL_BENCH_N10,2017-09-05,131098.87,10
RANKVOL_BENCH_N10,2017-09-06,132885.43,10
RANKVOL_BENCH_N10,2017-09-07,132497.14,10
RANKVOL_BENCH_N10,2017-09-08,131605.82,10
RANKVOL_BENCH_N10,2017-09-11,133185.69,10
RANKVOL_BENCH_N10,2017-09-12,134523.11,10
RANKVOL_BENCH_N10,2017-09-13,135214.09,10
RANKVOL_BENCH_N10,2017-09-14,135100.42,10
RANKVOL_BENCH_N10,2017-09-15,136027.82,10
RANKVOL_BENCH_N10,2017-09-18,135796.06,10
RANKVOL_BENCH_N10,2017-09-19,136129.86,10
RANKVOL_BENCH_N10,2017-09-20,136553.0,10
RANKVOL_BENCH_N10,2017-09-21,136453.91,10
RANKVOL_BENCH_N10,2017-09-22,136732.36,10
RANKVOL_BENCH_N10,2017-09-25,136814.09,10
RANKVOL_BENCH_N10,2017-09-26,137512.88,10
RANKVOL_BENCH_N10,2017-09-27,138186.82,10
RANKVOL_BENCH_N10,2017-09-28,137927.28,10
RANKVOL_BENCH_N10,2017-09-29,138178.79,10
RANKVOL_BENCH_N10,2017-10-02,137950.01,10
RANKVOL_BENCH_N10,2017-10-03,137550.79,10
RANKVOL_BENCH_N10,2017-10-04,137835.67,10
RANKVOL_BENCH_N10,2017-10-05,138644.02,10
RANKVOL_BENCH_N10,2017-10-06,138741.34,10
RANKVOL_BENCH_N10,2017-10-09,138695.39,10
RANKVOL_BENCH_N10,2017-10-10,139410.33,10
RANKVOL_BENCH_N10,2017-10-11,140469.95,10
RANKVOL_BENCH_N10,2017-10-12,140979.75,10
RANKVOL_BENCH_N10,2017-10-13,141735.25,10
RANKVOL_BENCH_N10,2017-10-16,141595.02,10
RANKVOL_BENCH_N10,2017-10-17,141311.12,10
RANKVOL_BENCH_N10,2017-10-18,140505.21,10
RANKVOL_BENCH_N10,2017-10-19,140286.53,10
RANKVOL_BENCH_N10,2017-10-20,139945.31,10
RANKVOL_BENCH_N10,2017-10-23,139593.14,10
RANKVOL_BENCH_N10,2017-10-24,140051.1,10
RANKVOL_BENCH_N10,2017-10-25,135368.91,10
RANKVOL_BENCH_N10,2017-10-26,135147.03,10
RANKVOL_BENCH_N10,2017-10-27,135292.2,10
RANKVOL_BENCH_N10,2017-10-30,133687.34,10
RANKVOL_BENCH_N10,2017-10-31,133634.58,9
RANKVOL_BENCH_N10,2017-11-01,132965.49,10
RANKVOL_BENCH_N10,2017-11-02,131071.38,10
RANKVOL_BENCH_N10,2017-11-03,132781.62,10
RANKVOL_BENCH_N10,2017-11-06,133637.12,10
RANKVOL_BENCH_N10,2017-11-07,133762.79,10
RANKVOL_BENCH_N10,2017-11-08,133406.51,10
RANKVOL_BENCH_N10,2017-11-09,131120.0,10
RANKVOL_BENCH_N10,2017-11-10,130946.64,10
RANKVOL_BENCH_N10,2017-11-13,131197.74,10
RANKVOL_BENCH_N10,2017-11-14,130450.02,10
RANKVOL_BENCH_N10,2017-11-15,130720.74,10
RANKVOL_BENCH_N10,2017-11-16,131627.1,10
RANKVOL_BENCH_N10,2017-11-17,132101.02,10
RANKVOL_BENCH_N10,2017-11-20,132119.4,10
RANKVOL_BENCH_N10,2017-11-21,132006.69,10
RANKVOL_BENCH_N10,2017-11-22,132668.26,10
RANKVOL_BENCH_N10,2017-11-24,132482.91,10
RANKVOL_BENCH_N10,2017-11-27,132957.57,10
RANKVOL_BENCH_N10,2017-11-28,134835.58,10
RANKVOL_BENCH_N10,2017-11-29,137553.94,10
RANKVOL_BENCH_N10,2017-11-30,138642.72,10
RANKVOL_BENCH_N10,2017-12-01,139481.92,10
RANKVOL_BENCH_N10,2017-12-04,141002.75,10
RANKVOL_BENCH_N10,2017-12-05,139220.61,10
RANKVOL_BENCH_N10,2017-12-06,138269.73,9
RANKVOL_BENCH_N10,2017-12-07,138508.01,9
RANKVOL_BENCH_N10,2017-12-08,139410.84,10
RANKVOL_BENCH_N10,2017-12-11,140197.67,10
RANKVOL_BENCH_N10,2017-12-12,141084.13,10
RANKVOL_BENCH_N10,2017-12-13,141776.45,10
RANKVOL_BENCH_N10,2017-12-14,141317.04,10
RANKVOL_BENCH_N10,2017-12-15,141803.59,9
RANKVOL_BENCH_N10,2017-12-18,143830.47,10
RANKVOL_BENCH_N10,2017-12-19,143298.53,10
RANKVOL_BENCH_N10,2017-12-20,144169.14,10
RANKVOL_BENCH_N10,2017-12-21,144166.85,10
RANKVOL_BENCH_N10,2017-12-22,143699.89,10
RANKVOL_BENCH_N10,2017-12-26,143091.48,10
RANKVOL_BENCH_N10,2017-12-27,143252.95,10
RANKVOL_BENCH_N10,2017-12-28,144086.57,10
RANKVOL_BENCH_N10,2017-12-29,142813.13,10
RANKVOL_BENCH_N10,2018-01-02,147112.85,10
RANKVOL_BENCH_N10,2018-01-03,149215.27,10
RANKVOL_BENCH_N10,2018-01-04,151177.67,10
RANKVOL_BENCH_N10,2018-01-05,151340.84,10
RANKVOL_BENCH_N10,2018-01-08,152411.29,10
RANKVOL_BENCH_N10,2018-01-09,150715.83,9
RANKVOL_BENCH_N10,2018-01-10,150343.49,8
RANKVOL_BENCH_N10,2018-01-11,152674.48,8
RANKVOL_BENCH_N10,2018-01-12,154215.91,8
RANKVOL_BENCH_N10,2018-01-16,152381.07,8
RANKVOL_BENCH_N10,2018-01-17,153521.72,8
RANKVOL_BENCH_N10,2018-01-18,154395.75,10
RANKVOL_BENCH_N10,2018-01-19,155417.89,10
RANKVOL_BENCH_N10,2018-01-22,156580.1,10
RANKVOL_BENCH_N10,2018-01-23,158741.86,10
RANKVOL_BENCH_N10,2018-01-24,159621.38,10
RANKVOL_BENCH_N10,2018-01-25,158805.23,9
RANKVOL_BENCH_N10,2018-01-26,161301.61,8
RANKVOL_BENCH_N10,2018-01-29,161964.03,10
RANKVOL_BENCH_N10,2018-01-30,158854.54,10
RANKVOL_BENCH_N10,2018-01-31,158136.37,9
RANKVOL_BENCH_N10,2018-02-01,157224.69,9
RANKVOL_BENCH_N10,2018-02-02,155415.29,10
RANKVOL_BENCH_N10,2018-02-05,149705.64,9
RANKVOL_BENCH_N10,2018-02-06,153096.21,8
RANKVOL_BENCH_N10,2018-02-07,152499.6,8
RANKVOL_BENCH_N10,2018-02-08,147464.33,9
RANKVOL_BENCH_N10,2018-02-09,148613.91,9
RANKVOL_BENCH_N10,2018-02-12,150278.93,9
RANKVOL_BENCH_N10,2018-02-13,150956.01,10
RANKVOL_BENCH_N10,2018-02-14,153614.13,10
RANKVOL_BENCH_N10,2018-02-15,157587.01,10
RANKVOL_BENCH_N10,2018-02-16,158010.48,10
RANKVOL_BENCH_N10,2018-02-20,156713.01,10
RANKVOL_BENCH_N10,2018-02-21,155483.12,10
RANKVOL_BENCH_N10,2018-02-22,155379.11,10
RANKVOL_BENCH_N10,2018-02-23,158196.83,10
RANKVOL_BENCH_N10,2018-02-26,161315.85,10
RANKVOL_BENCH_N10,2018-02-27,159983.71,10
RANKVOL_BENCH_N10,2018-02-28,158238.1,9
RANKVOL_BENCH_N10,2018-03-01,157651.3,9
RANKVOL_BENCH_N10,2018-03-02,158980.89,10
RANKVOL_BENCH_N10,2018-03-05,161306.31,10
RANKVOL_BENCH_N10,2018-03-06,161208.8,10
RANKVOL_BENCH_N10,2018-03-07,160099.84,10
RANKVOL_BENCH_N10,2018-03-08,159882.53,9
RANKVOL_BENCH_N10,2018-03-09,161091.31,10
RANKVOL_BENCH_N10,2018-03-12,161705.45,10
RANKVOL_BENCH_N10,2018-03-13,161214.42,10
RANKVOL_BENCH_N10,2018-03-14,160871.45,10
RANKVOL_BENCH_N10,2018-03-15,160134.42,10
RANKVOL_BENCH_N10,2018-03-16,161061.85,10
RANKVOL_BENCH_N10,2018-03-19,158750.99,10
RANKVOL_BENCH_N10,2018-03-20,158337.18,9
RANKVOL_BENCH_N10,2018-03-21,158229.33,10
RANKVOL_BENCH_N10,2018-03-22,155856.43,10
RANKVOL_BENCH_N10,2018-03-23,153381.74,10
RANKVOL_BENCH_N10,2018-03-26,156874.86,10
RANKVOL_BENCH_N10,2018-03-27,154431.85,10
RANKVOL_BENCH_N10,2018-03-28,155883.76,10
RANKVOL_BENCH_N10,2018-03-29,156937.46,10
RANKVOL_BENCH_N10,2018-04-02,152872.27,10
RANKVOL_BENCH_N10,2018-04-03,154450.2,10
RANKVOL_BENCH_N10,2018-04-04,157590.03,10
RANKVOL_BENCH_N10,2018-04-05,157939.66,10
RANKVOL_BENCH_N10,2018-04-06,154980.06,10
RANKVOL_BENCH_N10,2018-04-09,155033.78,9
RANKVOL_BENCH_N10,2018-04-10,157171.63,10
RANKVOL_BENCH_N10,2018-04-11,156788.31,10
RANKVOL_BENCH_N10,2018-04-12,157379.3,10
RANKVOL_BENCH_N10,2018-04-13,156931.18,10
RANKVOL_BENCH_N10,2018-04-16,158244.6,10
RANKVOL_BENCH_N10,2018-04-17,161321.47,10
RANKVOL_BENCH_N10,2018-04-18,161380.11,10
RANKVOL_BENCH_N10,2018-04-19,158907.95,10
RANKVOL_BENCH_N10,2018-04-20,157414.64,10
RANKVOL_BENCH_N10,2018-04-23,156796.97,10
RANKVOL_BENCH_N10,2018-04-24,155960.42,10
RANKVOL_BENCH_N10,2018-04-25,156716.63,9
RANKVOL_BENCH_N10,2018-04-26,160717.49,9
RANKVOL_BENCH_N10,2018-04-27,161394.99,10
RANKVOL_BENCH_N10,2018-04-30,158491.65,10
RANKVOL_BENCH_N10,2018-05-01,160051.63,10
RANKVOL_BENCH_N10,2018-05-02,158661.4,10
RANKVOL_BENCH_N10,2018-05-03,158692.32,10
RANKVOL_BENCH_N10,2018-05-04,161560.21,10
RANKVOL_BENCH_N10,2018-05-07,163068.1,10
RANKVOL_BENCH_N10,2018-05-08,161995.98,10
RANKVOL_BENCH_N10,2018-05-09,162895.16,10
RANKVOL_BENCH_N10,2018-05-10,164754.48,10
RANKVOL_BENCH_N10,2018-05-11,164792.68,10
RANKVOL_BENCH_N10,2018-05-14,165444.0,10
RANKVOL_BENCH_N10,2018-05-15,164250.48,10
RANKVOL_BENCH_N10,2018-05-16,166022.27,10
RANKVOL_BENCH_N10,2018-05-17,165429.45,10
RANKVOL_BENCH_N10,2018-05-18,163807.0,10
RANKVOL_BENCH_N10,2018-05-21,165024.44,8
RANKVOL_BENCH_N10,2018-05-22,166200.62,8
RANKVOL_BENCH_N10,2018-05-23,166595.37,8
RANKVOL_BENCH_N10,2018-05-24,166948.74,10
RANKVOL_BENCH_N10,2018-05-25,166749.9,10
RANKVOL_BENCH_N10,2018-05-29,166032.36,10
RANKVOL_BENCH_N10,2018-05-30,166932.0,10
RANKVOL_BENCH_N10,2018-05-31,164088.56,10
RANKVOL_BENCH_N10,2018-06-01,164614.69,9
RANKVOL_BENCH_N10,2018-06-04,164822.05,10
RANKVOL_BENCH_N10,2018-06-05,164990.42,10
RANKVOL_BENCH_N10,2018-06-06,166775.55,10
RANKVOL_BENCH_N10,2018-06-07,167099.21,10
RANKVOL_BENCH_N10,2018-06-08,168331.54,10
RANKVOL_BENCH_N10,2018-06-11,168712.52,10
RANKVOL_BENCH_N10,2018-06-12,169615.01,9
RANKVOL_BENCH_N10,2018-06-13,170137.25,10
RANKVOL_BENCH_N10,2018-06-14,170982.11,10
RANKVOL_BENCH_N10,2018-06-15,170261.7,10
RANKVOL_BENCH_N10,2018-06-18,169553.97,10
RANKVOL_BENCH_N10,2018-06-19,169387.93,10
RANKVOL_BENCH_N10,2018-06-20,171169.51,10
RANKVOL_BENCH_N10,2018-06-21,169345.95,10
RANKVOL_BENCH_N10,2018-06-22,170965.92,10
RANKVOL_BENCH_N10,2018-06-25,168279.03,10
RANKVOL_BENCH_N10,2018-06-26,168536.39,10
RANKVOL_BENCH_N10,2018-06-27,168088.06,10
RANKVOL_BENCH_N10,2018-06-28,168558.29,10
RANKVOL_BENCH_N10,2018-06-29,169251.86,10
RANKVOL_BENCH_N10,2018-07-02,168752.86,10
RANKVOL_BENCH_N10,2018-07-03,169244.36,10
RANKVOL_BENCH_N10,2018-07-05,170573.0,10
RANKVOL_BENCH_N10,2018-07-06,172374.1,10
RANKVOL_BENCH_N10,2018-07-09,174187.76,10
RANKVOL_BENCH_N10,2018-07-10,174663.27,10
RANKVOL_BENCH_N10,2018-07-11,173090.04,10
RANKVOL_BENCH_N10,2018-07-12,173546.69,10
RANKVOL_BENCH_N10,2018-07-13,174089.32,10
RANKVOL_BENCH_N10,2018-07-16,172396.03,10
RANKVOL_BENCH_N10,2018-07-17,172686.12,10
RANKVOL_BENCH_N10,2018-07-18,172603.76,10
RANKVOL_BENCH_N10,2018-07-19,173263.91,10
RANKVOL_BENCH_N10,2018-07-20,173453.93,10
RANKVOL_BENCH_N10,2018-07-23,174056.56,10
RANKVOL_BENCH_N10,2018-07-24,173921.9,10
RANKVOL_BENCH_N10,2018-07-25,174939.93,10
RANKVOL_BENCH_N10,2018-07-26,175230.93,10
RANKVOL_BENCH_N10,2018-07-27,175199.72,10
RANKVOL_BENCH_N10,2018-07-30,175077.71,10
RANKVOL_BENCH_N10,2018-07-31,174592.19,10
RANKVOL_BENCH_N10,2018-08-01,173921.67,10
RANKVOL_BENCH_N10,2018-08-02,176498.1,10
RANKVOL_BENCH_N10,2018-08-03,176581.89,10
RANKVOL_BENCH_N10,2018-08-06,175900.94,9
RANKVOL_BENCH_N10,2018-08-07,175800.89,10
RANKVOL_BENCH_N10,2018-08-08,175098.77,10
RANKVOL_BENCH_N10,2018-08-09,174000.94,10
RANKVOL_BENCH_N10,2018-08-10,173482.32,10
RANKVOL_BENCH_N10,2018-08-13,170918.88,10
RANKVOL_BENCH_N10,2018-08-14,171790.56,9
RANKVOL_BENCH_N10,2018-08-15,171895.55,10
RANKVOL_BENCH_N10,2018-08-16,171855.03,10
RANKVOL_BENCH_N10,2018-08-17,170979.57,10
RANKVOL_BENCH_N10,2018-08-20,171412.85,10
RANKVOL_BENCH_N10,2018-08-21,172456.56,10
RANKVOL_BENCH_N10,2018-08-22,172767.92,10
RANKVOL_BENCH_N10,2018-08-23,172867.81,10
RANKVOL_BENCH_N10,2018-08-24,172906.13,10
RANKVOL_BENCH_N10,2018-08-27,174921.19,10
RANKVOL_BENCH_N10,2018-08-28,174424.45,10
RANKVOL_BENCH_N10,2018-08-29,175599.65,10
RANKVOL_BENCH_N10,2018-08-30,173823.6,10
RANKVOL_BENCH_N10,2018-08-31,173253.22,9
RANKVOL_BENCH_N10,2018-09-04,172083.43,10
RANKVOL_BENCH_N10,2018-09-05,171408.19,10
RANKVOL_BENCH_N10,2018-09-06,169717.11,10
RANKVOL_BENCH_N10,2018-09-07,168680.25,10
RANKVOL_BENCH_N10,2018-09-10,168796.39,10
RANKVOL_BENCH_N10,2018-09-11,168168.03,10
RANKVOL_BENCH_N10,2018-09-12,168770.96,10
RANKVOL_BENCH_N10,2018-09-13,169786.2,10
RANKVOL_BENCH_N10,2018-09-14,169834.4,10
RANKVOL_BENCH_N10,2018-09-17,169170.54,10
RANKVOL_BENCH_N10,2018-09-18,170203.35,10
RANKVOL_BENCH_N10,2018-09-19,171716.34,10
RANKVOL_BENCH_N10,2018-09-20,172743.24,10
RANKVOL_BENCH_N10,2018-09-21,172410.54,10
RANKVOL_BENCH_N10,2018-09-24,170119.39,10
RANKVOL_BENCH_N10,2018-09-25,168106.28,10
RANKVOL_BENCH_N10,2018-09-26,167340.51,10
RANKVOL_BENCH_N10,2018-09-27,167288.78,10
RANKVOL_BENCH_N10,2018-09-28,167976.13,10
RANKVOL_BENCH_N10,2018-10-01,169430.17,10
RANKVOL_BENCH_N10,2018-10-02,170560.18,10
RANKVOL_BENCH_N10,2018-10-03,171016.97,10
RANKVOL_BENCH_N10,2018-10-04,168212.38,10
RANKVOL_BENCH_N10,2018-10-05,167292.87,10
RANKVOL_BENCH_N10,2018-10-08,169096.26,10
RANKVOL_BENCH_N10,2018-10-09,167491.28,10
RANKVOL_BENCH_N10,2018-10-10,163305.09,10
RANKVOL_BENCH_N10,2018-10-11,159215.76,10
RANKVOL_BENCH_N10,2018-10-12,158413.84,9
RANKVOL_BENCH_N10,2018-10-15,158304.81,10
RANKVOL_BENCH_N10,2018-10-16,160548.17,10
RANKVOL_BENCH_N10,2018-10-17,161400.16,10
RANKVOL_BENCH_N10,2018-10-18,157809.49,10
RANKVOL_BENCH_N10,2018-10-19,157455.71,10
RANKVOL_BENCH_N10,2018-10-22,154851.53,10
RANKVOL_BENCH_N10,2018-10-23,155010.61,10
RANKVOL_BENCH_N10,2018-10-24,149714.88,10
RANKVOL_BENCH_N10,2018-10-25,153727.7,10
RANKVOL_BENCH_N10,2018-10-26,151924.8,10
RANKVOL_BENCH_N10,2018-10-29,152815.46,10
RANKVOL_BENCH_N10,2018-10-30,155454.34,10
RANKVOL_BENCH_N10,2018-10-31,157593.98,10
RANKVOL_BENCH_N10,2018-11-01,159865.44,10
RANKVOL_BENCH_N10,2018-11-02,160836.66,10
RANKVOL_BENCH_N10,2018-11-05,162191.25,10
RANKVOL_BENCH_N10,2018-11-06,163576.64,10
RANKVOL_BENCH_N10,2018-11-07,161541.03,10
RANKVOL_BENCH_N10,2018-11-08,160619.19,10
RANKVOL_BENCH_N10,2018-11-09,160209.08,10
RANKVOL_BENCH_N10,2018-11-12,159019.28,8
RANKVOL_BENCH_N10,2018-11-13,158142.32,6
RANKVOL_BENCH_N10,2018-11-14,158337.83,6
RANKVOL_BENCH_N10,2018-11-15,159609.8,6
RANKVOL_BENCH_N10,2018-11-16,160538.69,7
RANKVOL_BENCH_N10,2018-11-19,159859.3,7
RANKVOL_BENCH_N10,2018-11-20,158433.65,7
RANKVOL_BENCH_N10,2018-11-21,158448.39,9
RANKVOL_BENCH_N10,2018-11-23,157183.51,10
RANKVOL_BENCH_N10,2018-11-26,159826.38,10
RANKVOL_BENCH_N10,2018-11-27,160286.05,10
RANKVOL_BENCH_N10,2018-11-28,162936.7,10
RANKVOL_BENCH_N10,2018-11-29,162628.88,10
RANKVOL_BENCH_N10,2018-11-30,163484.71,10
RANKVOL_BENCH_N10,2018-12-03,165707.57,10
RANKVOL_BENCH_N10,2018-12-04,160326.25,10
RANKVOL_BENCH_N10,2018-12-06,158730.59,6
RANKVOL_BENCH_N10,2018-12-07,155070.55,10
RANKVOL_BENCH_N10,2018-12-10,155819.13,10
RANKVOL_BENCH_N10,2018-12-11,155830.81,10
RANKVOL_BENCH_N10,2018-12-12,157442.97,10
RANKVOL_BENCH_N10,2018-12-13,156860.06,10
RANKVOL_BENCH_N10,2018-12-14,154078.96,10
RANKVOL_BENCH_N10,2018-12-17,150178.67,10
RANKVOL_BENCH_N10,2018-12-18,151146.54,10
RANKVOL_BENCH_N10,2018-12-19,146943.91,10
RANKVOL_BENCH_N10,2018-12-20,144836.24,10
RANKVOL_BENCH_N10,2018-12-21,141866.68,10
RANKVOL_BENCH_N10,2018-12-24,138430.74,10
RANKVOL_BENCH_N10,2018-12-26,145520.89,10
RANKVOL_BENCH_N10,2018-12-27,145935.5,10
RANKVOL_BENCH_N10,2018-12-28,146167.12,10
RANKVOL_BENCH_N10,2018-12-31,147380.66,10
RANKVOL_BENCH_N10,2019-01-02,149442.92,10
RANKVOL_BENCH_N10,2019-01-03,143598.52,10
RANKVOL_BENCH_N10,2019-01-04,148496.59,10
RANKVOL_BENCH_N10,2019-01-07,151037.12,10
RANKVOL_BENCH_N10,2019-01-08,152486.9,10
RANKVOL_BENCH_N10,2019-01-09,152887.09,10
RANKVOL_BENCH_N10,2019-01-10,153993.27,10
RANKVOL_BENCH_N10,2019-01-11,153898.37,10
RANKVOL_BENCH_N10,2019-01-14,153306.62,10
RANKVOL_BENCH_N10,2019-01-15,154913.88,10
RANKVOL_BENCH_N10,2019-01-16,154709.35,10
RANKVOL_BENCH_N10,2019-01-17,155778.25,9
RANKVOL_BENCH_N10,2019-01-18,157795.7,10
RANKVOL_BENCH_N10,2019-01-22,155521.82,10
RANKVOL_BENCH_N10,2019-01-23,154460.12,8
RANKVOL_BENCH_N10,2019-01-24,154512.12,8
RANKVOL_BENCH_N10,2019-01-25,154188.75,9
RANKVOL_BENCH_N10,2019-01-28,154095.2,10
RANKVOL_BENCH_N10,2019-01-29,153518.25,10
RANKVOL_BENCH_N10,2019-01-30,156326.96,10
RANKVOL_BENCH_N10,2019-01-31,156829.74,10
RANKVOL_BENCH_N10,2019-02-01,158298.38,10
RANKVOL_BENCH_N10,2019-02-04,160017.05,10
RANKVOL_BENCH_N10,2019-02-05,160725.54,10
RANKVOL_BENCH_N10,2019-02-06,160556.07,10
RANKVOL_BENCH_N10,2019-02-07,158787.63,8
RANKVOL_BENCH_N10,2019-02-08,158374.87,10
RANKVOL_BENCH_N10,2019-02-11,158380.1,10
RANKVOL_BENCH_N10,2019-02-12,160578.25,9
RANKVOL_BENCH_N10,2019-02-13,161712.37,10
RANKVOL_BENCH_N10,2019-02-14,161654.85,10
RANKVOL_BENCH_N10,2019-02-15,163617.98,10
RANKVOL_BENCH_N10,2019-02-19,164690.43,10
RANKVOL_BENCH_N10,2019-02-20,163597.81,10
RANKVOL_BENCH_N10,2019-02-21,161624.76,10
RANKVOL_BENCH_N10,2019-02-22,162781.32,10
RANKVOL_BENCH_N10,2019-02-25,161888.6,10
RANKVOL_BENCH_N10,2019-02-26,161676.12,10
RANKVOL_BENCH_N10,2019-02-27,161128.15,10
RANKVOL_BENCH_N10,2019-02-28,158714.53,10
RANKVOL_BENCH_N10,2019-03-01,160348.43,10
RANKVOL_BENCH_N10,2019-03-04,159883.7,10
RANKVOL_BENCH_N10,2019-03-05,159914.23,10
RANKVOL_BENCH_N10,2019-03-06,158835.64,10
RANKVOL_BENCH_N10,2019-03-07,157473.3,9
RANKVOL_BENCH_N10,2019-03-08,158170.55,10
RANKVOL_BENCH_N10,2019-03-11,160767.94,10
RANKVOL_BENCH_N10,2019-03-12,161080.12,10
RANKVOL_BENCH_N10,2019-03-13,162955.49,10
RANKVOL_BENCH_N10,2019-03-14,162249.18,10
RANKVOL_BENCH_N10,2019-03-15,163417.04,10
RANKVOL_BENCH_N10,2019-03-18,164448.4,10
RANKVOL_BENCH_N10,2019-03-19,164907.56,10
RANKVOL_BENCH_N10,2019-03-20,163430.51,10
RANKVOL_BENCH_N10,2019-03-21,166622.98,10
RANKVOL_BENCH_N10,2019-03-22,162041.99,10
RANKVOL_BENCH_N10,2019-03-25,162072.97,8
RANKVOL_BENCH_N10,2019-03-26,163379.11,8
RANKVOL_BENCH_N10,2019-03-27,162040.55,10
RANKVOL_BENCH_N10,2019-03-28,161768.63,10
RANKVOL_BENCH_N10,2019-03-29,162623.3,10
RANKVOL_BENCH_N10,2019-04-01,165474.26,10
RANKVOL_BENCH_N10,2019-04-02,160453.34,10
RANKVOL_BENCH_N10,2019-04-03,161319.32,10
RANKVOL_BENCH_N10,2019-04-04,163080.77,10
RANKVOL_BENCH_N10,2019-04-05,163199.45,10
RANKVOL_BENCH_N10,2019-04-08,163834.41,10
RANKVOL_BENCH_N10,2019-04-09,163123.89,10
RANKVOL_BENCH_N10,2019-04-10,163917.05,10
RANKVOL_BENCH_N10,2019-04-11,164168.93,10
RANKVOL_BENCH_N10,2019-04-12,165529.84,10
RANKVOL_BENCH_N10,2019-04-15,165627.0,10
RANKVOL_BENCH_N10,2019-04-16,169804.4,10
RANKVOL_BENCH_N10,2019-04-17,171901.68,10
RANKVOL_BENCH_N10,2019-04-18,172192.63,10
RANKVOL_BENCH_N10,2019-04-22,172302.6,10
RANKVOL_BENCH_N10,2019-04-23,174257.36,10
RANKVOL_BENCH_N10,2019-04-24,173576.26,10
RANKVOL_BENCH_N10,2019-04-25,173846.65,10
RANKVOL_BENCH_N10,2019-04-26,174998.98,10
RANKVOL_BENCH_N10,2019-04-29,175863.33,10
RANKVOL_BENCH_N10,2019-04-30,176404.76,10
RANKVOL_BENCH_N10,2019-05-01,177095.16,10
RANKVOL_BENCH_N10,2019-05-02,176961.88,9
RANKVOL_BENCH_N10,2019-05-03,177994.01,10
RANKVOL_BENCH_N10,2019-05-06,178051.86,10
RANKVOL_BENCH_N10,2019-05-07,174196.15,10
RANKVOL_BENCH_N10,2019-05-08,172975.55,9
RANKVOL_BENCH_N10,2019-05-09,171117.11,9
RANKVOL_BENCH_N10,2019-05-10,171793.2,10
RANKVOL_BENCH_N10,2019-05-13,166218.26,10
RANKVOL_BENCH_N10,2019-05-14,169617.59,10
RANKVOL_BENCH_N10,2019-05-15,173038.85,10
RANKVOL_BENCH_N10,2019-05-16,173742.07,10
RANKVOL_BENCH_N10,2019-05-17,173131.9,10
RANKVOL_BENCH_N10,2019-05-20,169966.43,10
RANKVOL_BENCH_N10,2019-05-21,171919.83,10
RANKVOL_BENCH_N10,2019-05-22,169799.44,10
RANKVOL_BENCH_N10,2019-05-23,165825.84,10
RANKVOL_BENCH_N10,2019-05-24,166414.79,10
RANKVOL_BENCH_N10,2019-05-28,168384.9,10
RANKVOL_BENCH_N10,2019-05-29,168130.56,10
RANKVOL_BENCH_N10,2019-05-30,168779.96,10
RANKVOL_BENCH_N10,2019-05-31,165446.18,10
RANKVOL_BENCH_N10,2019-06-03,164927.3,9
RANKVOL_BENCH_N10,2019-06-04,169470.62,9
RANKVOL_BENCH_N10,2019-06-05,170531.82,10
RANKVOL_BENCH_N10,2019-06-06,173781.28,10
RANKVOL_BENCH_N10,2019-06-07,175154.59,10
RANKVOL_BENCH_N10,2019-06-10,177016.72,10
RANKVOL_BENCH_N10,2019-06-11,177701.71,10
RANKVOL_BENCH_N10,2019-06-12,175787.43,10
RANKVOL_BENCH_N10,2019-06-13,177236.83,9
RANKVOL_BENCH_N10,2019-06-14,176725.05,10
RANKVOL_BENCH_N10,2019-06-17,176946.51,10
RANKVOL_BENCH_N10,2019-06-18,180112.98,10
RANKVOL_BENCH_N10,2019-06-19,179596.6,10
RANKVOL_BENCH_N10,2019-06-20,180751.95,10
RANKVOL_BENCH_N10,2019-06-21,181140.72,10
RANKVOL_BENCH_N10,2019-06-24,182264.22,9
RANKVOL_BENCH_N10,2019-06-25,180347.42,9
RANKVOL_BENCH_N10,2019-06-26,181851.6,8
RANKVOL_BENCH_N10,2019-06-27,183699.79,9
RANKVOL_BENCH_N10,2019-06-28,184210.45,10
RANKVOL_BENCH_N10,2019-07-01,185803.92,10
RANKVOL_BENCH_N10,2019-07-02,186025.2,10
RANKVOL_BENCH_N10,2019-07-03,187390.87,10
RANKVOL_BENCH_N10,2019-07-05,187682.04,10
RANKVOL_BENCH_N10,2019-07-08,186670.98,10
RANKVOL_BENCH_N10,2019-07-09,186785.63,9
RANKVOL_BENCH_N10,2019-07-10,187826.78,10
RANKVOL_BENCH_N10,2019-07-11,188410.57,10
RANKVOL_BENCH_N10,2019-07-12,188395.76,10
RANKVOL_BENCH_N10,2019-07-15,189013.99,10
RANKVOL_BENCH_N10,2019-07-16,187892.18,10
RANKVOL_BENCH_N10,2019-07-17,186827.26,10
RANKVOL_BENCH_N10,2019-07-18,185008.45,10
RANKVOL_BENCH_N10,2019-07-19,183197.49,10
RANKVOL_BENCH_N10,2019-07-22,182493.55,10
RANKVOL_BENCH_N10,2019-07-23,183757.53,10
RANKVOL_BENCH_N10,2019-07-24,188184.9,10
RANKVOL_BENCH_N10,2019-07-25,185850.03,10
RANKVOL_BENCH_N10,2019-07-26,187477.4,10
RANKVOL_BENCH_N10,2019-07-29,187848.99,10
RANKVOL_BENCH_N10,2019-07-30,187296.44,10
RANKVOL_BENCH_N10,2019-07-31,183305.61,10
RANKVOL_BENCH_N10,2019-08-01,182043.99,10
RANKVOL_BENCH_N10,2019-08-02,180437.34,10
RANKVOL_BENCH_N10,2019-08-05,175988.5,10
RANKVOL_BENCH_N10,2019-08-06,177772.95,9
RANKVOL_BENCH_N10,2019-08-07,177873.11,10
RANKVOL_BENCH_N10,2019-08-08,182968.84,10
RANKVOL_BENCH_N10,2019-08-09,181374.68,10
RANKVOL_BENCH_N10,2019-08-12,178597.76,10
RANKVOL_BENCH_N10,2019-08-13,180302.06,10
RANKVOL_BENCH_N10,2019-08-14,174041.8,10
RANKVOL_BENCH_N10,2019-08-15,172929.22,9
RANKVOL_BENCH_N10,2019-08-16,176031.85,9
RANKVOL_BENCH_N10,2019-08-19,178056.63,10
RANKVOL_BENCH_N10,2019-08-20,176411.87,10
RANKVOL_BENCH_N10,2019-08-21,177663.06,10
RANKVOL_BENCH_N10,2019-08-22,177789.44,10
RANKVOL_BENCH_N10,2019-08-23,171876.79,10
RANKVOL_BENCH_N10,2019-08-26,174146.3,10
RANKVOL_BENCH_N10,2019-08-27,174459.67,10
RANKVOL_BENCH_N10,2019-08-28,175701.35,10
RANKVOL_BENCH_N10,2019-08-29,178062.08,10
RANKVOL_BENCH_N10,2019-08-30,178131.46,10
RANKVOL_BENCH_N10,2019-09-03,176732.98,10
RANKVOL_BENCH_N10,2019-09-04,179093.07,10
RANKVOL_BENCH_N10,2019-09-05,181822.7,10
RANKVOL_BENCH_N10,2019-09-06,180825.18,10
RANKVOL_BENCH_N10,2019-09-09,182318.92,10
RANKVOL_BENCH_N10,2019-09-10,183379.95,10
RANKVOL_BENCH_N10,2019-09-11,183133.62,10
RANKVOL_BENCH_N10,2019-09-12,184224.86,10
RANKVOL_BENCH_N10,2019-09-13,185203.85,10
RANKVOL_BENCH_N10,2019-09-16,184282.24,9
RANKVOL_BENCH_N10,2019-09-17,184133.31,8
RANKVOL_BENCH_N10,2019-09-18,182833.61,10
RANKVOL_BENCH_N10,2019-09-19,183311.64,10
RANKVOL_BENCH_N10,2019-09-20,182890.08,9
RANKVOL_BENCH_N10,2019-09-23,182791.13,10
RANKVOL_BENCH_N10,2019-09-24,180219.38,9
RANKVOL_BENCH_N10,2019-09-25,180342.72,9
RANKVOL_BENCH_N10,2019-09-26,179715.32,10
RANKVOL_BENCH_N10,2019-09-27,177556.28,10
RANKVOL_BENCH_N10,2019-09-30,179076.35,10
RANKVOL_BENCH_N10,2019-10-01,178805.27,10
RANKVOL_BENCH_N10,2019-10-02,177068.76,10
RANKVOL_BENCH_N10,2019-10-03,178566.0,10
RANKVOL_BENCH_N10,2019-10-04,180508.16,10
RANKVOL_BENCH_N10,2019-10-07,179661.77,10
RANKVOL_BENCH_N10,2019-10-08,177805.28,10
RANKVOL_BENCH_N10,2019-10-09,178848.67,10
RANKVOL_BENCH_N10,2019-10-10,180075.05,10
RANKVOL_BENCH_N10,2019-10-11,181502.43,10
RANKVOL_BENCH_N10,2019-10-14,182592.29,10
RANKVOL_BENCH_N10,2019-10-15,183594.79,10
RANKVOL_BENCH_N10,2019-10-16,182849.46,10
RANKVOL_BENCH_N10,2019-10-17,184143.64,10
RANKVOL_BENCH_N10,2019-10-18,181687.85,10
RANKVOL_BENCH_N10,2019-10-21,182884.46,10
RANKVOL_BENCH_N10,2019-10-22,180893.91,10
RANKVOL_BENCH_N10,2019-10-23,182537.74,10
RANKVOL_BENCH_N10,2019-10-24,183774.45,10
RANKVOL_BENCH_N10,2019-10-25,183891.37,10
RANKVOL_BENCH_N10,2019-10-28,184811.86,10
RANKVOL_BENCH_N10,2019-10-29,184392.49,10
RANKVOL_BENCH_N10,2019-10-30,186113.47,9
RANKVOL_BENCH_N10,2019-10-31,186054.12,10
RANKVOL_BENCH_N10,2019-11-01,187594.67,8
RANKVOL_BENCH_N10,2019-11-04,187795.04,10
RANKVOL_BENCH_N10,2019-11-05,187866.74,10
RANKVOL_BENCH_N10,2019-11-06,188240.75,10
RANKVOL_BENCH_N10,2019-11-07,187244.12,9
RANKVOL_BENCH_N10,2019-11-08,187803.57,10
RANKVOL_BENCH_N10,2019-11-11,187302.59,10
RANKVOL_BENCH_N10,2019-11-12,187140.54,10
RANKVOL_BENCH_N10,2019-11-13,187312.73,10
RANKVOL_BENCH_N10,2019-11-14,187790.46,10
RANKVOL_BENCH_N10,2019-11-15,189179.82,10
RANKVOL_BENCH_N10,2019-11-18,189624.5,10
RANKVOL_BENCH_N10,2019-11-19,188450.67,10
RANKVOL_BENCH_N10,2019-11-20,188391.09,10
RANKVOL_BENCH_N10,2019-11-21,188582.75,10
RANKVOL_BENCH_N10,2019-11-22,188163.85,10
RANKVOL_BENCH_N10,2019-11-25,189962.01,10
RANKVOL_BENCH_N10,2019-11-26,190253.81,10
RANKVOL_BENCH_N10,2019-11-27,190835.71,10
RANKVOL_BENCH_N10,2019-11-29,190218.88,10
RANKVOL_BENCH_N10,2019-12-02,189612.01,10
RANKVOL_BENCH_N10,2019-12-03,188721.87,10
RANKVOL_BENCH_N10,2019-12-04,189109.86,10
RANKVOL_BENCH_N10,2019-12-05,189396.91,10
RANKVOL_BENCH_N10,2019-12-06,191707.72,10
RANKVOL_BENCH_N10,2019-12-09,191419.86,10
RANKVOL_BENCH_N10,2019-12-10,192564.84,10
RANKVOL_BENCH_N10,2019-12-11,193988.4,10
RANKVOL_BENCH_N10,2019-12-12,198176.66,10
RANKVOL_BENCH_N10,2019-12-13,197038.66,10
RANKVOL_BENCH_N10,2019-12-16,198766.74,9
RANKVOL_BENCH_N10,2019-12-17,199677.47,10
RANKVOL_BENCH_N10,2019-12-18,199705.14,10
RANKVOL_BENCH_N10,2019-12-19,200858.99,10
RANKVOL_BENCH_N10,2019-12-20,201550.73,10
RANKVOL_BENCH_N10,2019-12-23,201401.7,10
RANKVOL_BENCH_N10,2019-12-24,201784.87,10
RANKVOL_BENCH_N10,2019-12-26,202131.52,10
RANKVOL_BENCH_N10,2019-12-27,201387.33,10
RANKVOL_BENCH_N10,2019-12-30,200284.06,9
RANKVOL_BENCH_N10,2019-12-31,200547.48,9
RANKVOL_BENCH_N10,2020-01-02,200479.0,10
RANKVOL_BENCH_N10,2020-01-03,197879.2,10
RANKVOL_BENCH_N10,2020-01-06,198473.43,10
RANKVOL_BENCH_N10,2020-01-07,197356.17,10
RANKVOL_BENCH_N10,2020-01-08,197892.1,10
RANKVOL_BENCH_N10,2020-01-09,197630.06,10
RANKVOL_BENCH_N10,2020-01-10,196729.55,10
RANKVOL_BENCH_N10,2020-01-13,197775.51,10
RANKVOL_BENCH_N10,2020-01-14,198385.46,10
RANKVOL_BENCH_N10,2020-01-15,197584.98,10
RANKVOL_BENCH_N10,2020-01-16,198593.99,10
RANKVOL_BENCH_N10,2020-01-17,198999.3,10
RANKVOL_BENCH_N10,2020-01-21,198300.94,10
RANKVOL_BENCH_N10,2020-01-22,198498.31,10
RANKVOL_BENCH_N10,2020-01-23,197626.16,10
RANKVOL_BENCH_N10,2020-01-24,195238.42,10
RANKVOL_BENCH_N10,2020-01-27,193556.13,10
RANKVOL_BENCH_N10,2020-01-28,194955.44,10
RANKVOL_BENCH_N10,2020-01-29,193570.17,10
RANKVOL_BENCH_N10,2020-01-30,194416.94,10
RANKVOL_BENCH_N10,2020-01-31,191472.09,10
RANKVOL_BENCH_N10,2020-02-03,190306.09,10
RANKVOL_BENCH_N10,2020-02-04,192244.53,10
RANKVOL_BENCH_N10,2020-02-05,196747.06,10
RANKVOL_BENCH_N10,2020-02-06,197630.23,10
RANKVOL_BENCH_N10,2020-02-07,197691.61,10
RANKVOL_BENCH_N10,2020-02-10,199016.43,10
RANKVOL_BENCH_N10,2020-02-11,201206.83,10
RANKVOL_BENCH_N10,2020-02-12,202081.03,10
RANKVOL_BENCH_N10,2020-02-13,202291.87,10
RANKVOL_BENCH_N10,2020-02-14,201960.94,10
RANKVOL_BENCH_N10,2020-02-18,201971.39,9
RANKVOL_BENCH_N10,2020-02-19,202040.67,9
RANKVOL_BENCH_N10,2020-02-20,202201.54,10
RANKVOL_BENCH_N10,2020-02-21,199101.45,10
RANKVOL_BENCH_N10,2020-02-24,189915.0,9
RANKVOL_BENCH_N10,2020-02-25,183166.44,9
RANKVOL_BENCH_N10,2020-02-26,180167.62,9
RANKVOL_BENCH_N10,2020-02-27,173877.86,9
RANKVOL_BENCH_N10,2020-02-28,172833.21,9
RANKVOL_BENCH_N10,2020-03-02,180040.87,9
RANKVOL_BENCH_N10,2020-03-03,174715.84,10
RANKVOL_BENCH_N10,2020-03-04,180573.79,10
RANKVOL_BENCH_N10,2020-03-05,174170.14,10
RANKVOL_BENCH_N10,2020-03-06,169349.01,10
RANKVOL_BENCH_N10,2020-03-09,149875.5,10
RANKVOL_BENCH_N10,2020-03-10,156767.65,10
RANKVOL_BENCH_N10,2020-03-11,148114.44,10
RANKVOL_BENCH_N10,2020-03-12,134019.85,10
RANKVOL_BENCH_N10,2020-03-13,148175.55,10
RANKVOL_BENCH_N10,2020-03-16,131714.61,10
RANKVOL_BENCH_N10,2020-03-17,141681.79,10
RANKVOL_BENCH_N10,2020-03-18,135491.1,10
RANKVOL_BENCH_N10,2020-03-19,135659.31,10
RANKVOL_BENCH_N10,2020-03-20,128272.98,10
RANKVOL_BENCH_N10,2020-03-23,124089.35,10
RANKVOL_BENCH_N10,2020-03-24,131168.23,10
RANKVOL_BENCH_N10,2020-03-25,131930.28,10
RANKVOL_BENCH_N10,2020-03-26,141170.54,10
RANKVOL_BENCH_N10,2020-03-27,136374.03,10
RANKVOL_BENCH_N10,2020-03-30,138920.3,10
RANKVOL_BENCH_N10,2020-03-31,136802.56,10
RANKVOL_BENCH_N10,2020-04-01,130788.97,10
RANKVOL_BENCH_N10,2020-04-02,133000.27,9
RANKVOL_BENCH_N10,2020-04-03,131245.29,10
RANKVOL_BENCH_N10,2020-04-06,138744.63,10
RANKVOL_BENCH_N10,2020-04-07,139361.36,10
RANKVOL_BENCH_N10,2020-04-08,144464.69,9
RANKVOL_BENCH_N10,2020-04-09,146949.78,10
RANKVOL_BENCH_N10,2020-04-13,144104.15,10
RANKVOL_BENCH_N10,2020-04-14,146218.21,7
RANKVOL_BENCH_N10,2020-04-15,143164.05,8
RANKVOL_BENCH_N10,2020-04-16,140656.91,7
RANKVOL_BENCH_N10,2020-04-17,143987.31,8
RANKVOL_BENCH_N10,2020-04-20,141163.6,8
RANKVOL_BENCH_N10,2020-04-21,138541.12,8
RANKVOL_BENCH_N10,2020-04-22,139458.05,6
RANKVOL_BENCH_N10,2020-04-23,140257.95,10
RANKVOL_BENCH_N10,2020-04-24,141881.62,10
RANKVOL_BENCH_N10,2020-04-27,146611.97,10
RANKVOL_BENCH_N10,2020-04-28,151233.39,10
RANKVOL_BENCH_N10,2020-04-29,163771.23,9
RANKVOL_BENCH_N10,2020-04-30,158548.42,10
RANKVOL_BENCH_N10,2020-05-01,149643.41,9
RANKVOL_BENCH_N10,2020-05-04,148947.53,6
RANKVOL_BENCH_N10,2020-05-05,148567.19,6
RANKVOL_BENCH_N10,2020-05-06,147384.62,5
RANKVOL_BENCH_N10,2020-05-07,152568.04,5
RANKVOL_BENCH_N10,2020-05-08,156325.72,6
RANKVOL_BENCH_N10,2020-05-11,155062.37,10
RANKVOL_BENCH_N10,2020-05-12,150880.68,10
RANKVOL_BENCH_N10,2020-05-13,144887.96,10
RANKVOL_BENCH_N10,2020-05-14,149555.71,10
RANKVOL_BENCH_N10,2020-05-15,148562.14,10
RANKVOL_BENCH_N10,2020-05-18,157840.43,10
RANKVOL_BENCH_N10,2020-05-19,156769.75,10
RANKVOL_BENCH_N10,2020-05-20,161357.1,10
RANKVOL_BENCH_N10,2020-05-21,159293.92,10
RANKVOL_BENCH_N10,2020-05-22,158143.82,10
RANKVOL_BENCH_N10,2020-05-26,164702.86,10
RANKVOL_BENCH_N10,2020-05-27,173213.84,10
RANKVOL_BENCH_N10,2020-05-28,164109.05,10
RANKVOL_BENCH_N10,2020-05-29,161330.79,10
RANKVOL_BENCH_N10,2020-06-01,160956.43,9
RANKVOL_BENCH_N10,2020-06-02,161723.1,10
RANKVOL_BENCH_N10,2020-06-03,169575.59,10
RANKVOL_BENCH_N10,2020-06-04,172053.48,10
RANKVOL_BENCH_N10,2020-06-05,180460.87,10
RANKVOL_BENCH_N10,2020-06-08,190182.86,10
RANKVOL_BENCH_N10,2020-06-09,184604.39,10
RANKVOL_BENCH_N10,2020-06-10,177598.33,10
RANKVOL_BENCH_N10,2020-06-11,163983.16,7
RANKVOL_BENCH_N10,2020-06-12,166363.03,5
RANKVOL_BENCH_N10,2020-06-15,167385.48,5
RANKVOL_BENCH_N10,2020-06-16,168094.88,5
RANKVOL_BENCH_N10,2020-06-17,168585.33,5
RANKVOL_BENCH_N10,2020-06-18,169028.8,5
RANKVOL_BENCH_N10,2020-06-19,167155.55,10
RANKVOL_BENCH_N10,2020-06-22,168498.22,10
RANKVOL_BENCH_N10,2020-06-23,166893.41,10
RANKVOL_BENCH_N10,2020-06-24,161526.42,9
RANKVOL_BENCH_N10,2020-06-25,163166.57,8
RANKVOL_BENCH_N10,2020-06-26,158487.59,10
RANKVOL_BENCH_N10,2020-06-29,161029.07,10
RANKVOL_BENCH_N10,2020-06-30,164536.05,10
RANKVOL_BENCH_N10,2020-07-01,163786.87,10
RANKVOL_BENCH_N10,2020-07-02,165150.05,10
RANKVOL_BENCH_N10,2020-07-06,167405.36,10
RANKVOL_BENCH_N10,2020-07-07,163538.73,10
RANKVOL_BENCH_N10,2020-07-08,164576.24,10
RANKVOL_BENCH_N10,2020-07-09,162912.24,10
RANKVOL_BENCH_N10,2020-07-10,165005.58,10
RANKVOL_BENCH_N10,2020-07-13,162995.78,10
RANKVOL_BENCH_N10,2020-07-14,165504.46,8
RANKVOL_BENCH_N10,2020-07-15,169091.07,10
RANKVOL_BENCH_N10,2020-07-16,169734.31,10
RANKVOL_BENCH_N10,2020-07-17,169315.99,10
RANKVOL_BENCH_N10,2020-07-20,170717.23,10
RANKVOL_BENCH_N10,2020-07-21,174303.46,10
RANKVOL_BENCH_N10,2020-07-22,175792.93,10
RANKVOL_BENCH_N10,2020-07-23,173514.08,10
RANKVOL_BENCH_N10,2020-07-24,175693.63,9
RANKVOL_BENCH_N10,2020-07-27,176215.05,9
RANKVOL_BENCH_N10,2020-07-28,173553.0,10
RANKVOL_BENCH_N10,2020-07-29,179361.63,10
RANKVOL_BENCH_N10,2020-07-30,175903.72,10
RANKVOL_BENCH_N10,2020-07-31,174895.28,10
RANKVOL_BENCH_N10,2020-08-03,175815.15,10
RANKVOL_BENCH_N10,2020-08-04,180936.01,10
RANKVOL_BENCH_N10,2020-08-05,183494.24,10
RANKVOL_BENCH_N10,2020-08-06,182700.05,10
RANKVOL_BENCH_N10,2020-08-07,182954.81,10
RANKVOL_BENCH_N10,2020-08-10,184749.41,10
RANKVOL_BENCH_N10,2020-08-11,183688.34,10
RANKVOL_BENCH_N10,2020-08-12,186808.13,10
RANKVOL_BENCH_N10,2020-08-13,184982.06,10
RANKVOL_BENCH_N10,2020-08-14,185567.62,10
RANKVOL_BENCH_N10,2020-08-17,185618.83,10
RANKVOL_BENCH_N10,2020-08-18,185375.16,10
RANKVOL_BENCH_N10,2020-08-19,183466.9,10
RANKVOL_BENCH_N10,2020-08-20,182434.9,10
RANKVOL_BENCH_N10,2020-08-21,181504.97,10
RANKVOL_BENCH_N10,2020-08-24,184226.59,10
RANKVOL_BENCH_N10,2020-08-25,184776.73,10
RANKVOL_BENCH_N10,2020-08-26,183716.11,10
RANKVOL_BENCH_N10,2020-08-27,184458.4,10
RANKVOL_BENCH_N10,2020-08-28,186780.1,10
RANKVOL_BENCH_N10,2020-08-31,185455.18,10
RANKVOL_BENCH_N10,2020-09-01,186451.51,10
RANKVOL_BENCH_N10,2020-09-02,187164.75,10
RANKVOL_BENCH_N10,2020-09-03,183292.08,10
RANKVOL_BENCH_N10,2020-09-04,183035.07,9
RANKVOL_BENCH_N10,2020-09-08,176976.24,10
RANKVOL_BENCH_N10,2020-09-09,177956.0,10
RANKVOL_BENCH_N10,2020-09-10,173893.63,10
RANKVOL_BENCH_N10,2020-09-11,174764.36,10
RANKVOL_BENCH_N10,2020-09-14,177640.6,10
RANKVOL_BENCH_N10,2020-09-15,177191.69,10
RANKVOL_BENCH_N10,2020-09-16,180303.6,10
RANKVOL_BENCH_N10,2020-09-17,179470.36,10
RANKVOL_BENCH_N10,2020-09-18,179048.28,10
RANKVOL_BENCH_N10,2020-09-21,173392.49,10
RANKVOL_BENCH_N10,2020-09-22,173311.2,10
RANKVOL_BENCH_N10,2020-09-23,170291.23,10
RANKVOL_BENCH_N10,2020-09-24,169461.6,10
RANKVOL_BENCH_N10,2020-09-25,169767.1,10
RANKVOL_BENCH_N10,2020-09-28,173953.71,10
RANKVOL_BENCH_N10,2020-09-29,170879.9,10
RANKVOL_BENCH_N10,2020-09-30,171227.71,10
RANKVOL_BENCH_N10,2020-10-01,168628.7,10
RANKVOL_BENCH_N10,2020-10-02,169203.22,10
RANKVOL_BENCH_N10,2020-10-05,173233.58,10
RANKVOL_BENCH_N10,2020-10-06,170590.08,10
RANKVOL_BENCH_N10,2020-10-07,172830.1,10
RANKVOL_BENCH_N10,2020-10-08,176583.14,10
RANKVOL_BENCH_N10,2020-10-09,176241.25,10
RANKVOL_BENCH_N10,2020-10-12,177968.13,10
RANKVOL_BENCH_N10,2020-10-13,176375.84,10
RANKVOL_BENCH_N10,2020-10-14,175292.72,10
RANKVOL_BENCH_N10,2020-10-15,176544.85,10
RANKVOL_BENCH_N10,2020-10-16,173764.6,10
RANKVOL_BENCH_N10,2020-10-19,171103.76,10
RANKVOL_BENCH_N10,2020-10-20,173204.74,10
RANKVOL_BENCH_N10,2020-10-21,171627.76,10
RANKVOL_BENCH_N10,2020-10-22,176217.4,10
RANKVOL_BENCH_N10,2020-10-23,176510.23,10
RANKVOL_BENCH_N10,2020-10-26,172347.35,10
RANKVOL_BENCH_N10,2020-10-27,170272.34,10
RANKVOL_BENCH_N10,2020-10-28,164742.16,10
RANKVOL_BENCH_N10,2020-10-29,166776.03,10
RANKVOL_BENCH_N10,2020-10-30,168423.46,10
RANKVOL_BENCH_N10,2020-11-02,173173.27,10
RANKVOL_BENCH_N10,2020-11-03,175006.53,10
RANKVOL_BENCH_N10,2020-11-04,176811.46,10
RANKVOL_BENCH_N10,2020-11-05,178349.83,10
RANKVOL_BENCH_N10,2020-11-06,175938.1,10
RANKVOL_BENCH_N10,2020-11-09,188534.4,10
RANKVOL_BENCH_N10,2020-11-10,190366.68,10
RANKVOL_BENCH_N10,2020-11-11,189974.0,10
RANKVOL_BENCH_N10,2020-11-12,187183.99,10
RANKVOL_BENCH_N10,2020-11-13,190437.83,9
RANKVOL_BENCH_N10,2020-11-16,194916.2,10
RANKVOL_BENCH_N10,2020-11-17,196348.67,9
RANKVOL_BENCH_N10,2020-11-18,194491.24,10
RANKVOL_BENCH_N10,2020-11-19,197648.96,9
RANKVOL_BENCH_N10,2020-11-20,196331.03,10
RANKVOL_BENCH_N10,2020-11-23,203619.75,10
RANKVOL_BENCH_N10,2020-11-24,208025.63,10
RANKVOL_BENCH_N10,2020-11-25,207952.26,10
RANKVOL_BENCH_N10,2020-11-27,208474.43,10
RANKVOL_BENCH_N10,2020-11-30,207199.8,10
RANKVOL_BENCH_N10,2020-12-01,209206.24,10
RANKVOL_BENCH_N10,2020-12-02,209005.85,10
RANKVOL_BENCH_N10,2020-12-03,207356.37,10
RANKVOL_BENCH_N10,2020-12-04,209455.05,10
RANKVOL_BENCH_N10,2020-12-07,210073.87,10
RANKVOL_BENCH_N10,2020-12-08,212172.56,10
RANKVOL_BENCH_N10,2020-12-09,209825.0,9
RANKVOL_BENCH_N10,2020-12-10,210625.64,9
RANKVOL_BENCH_N10,2020-12-11,210985.45,9
RANKVOL_BENCH_N10,2020-12-14,210578.4,10
RANKVOL_BENCH_N10,2020-12-15,213769.16,10
RANKVOL_BENCH_N10,2020-12-16,215982.63,10
RANKVOL_BENCH_N10,2020-12-17,216405.64,10
RANKVOL_BENCH_N10,2020-12-18,216353.91,10
RANKVOL_BENCH_N10,2020-12-21,214663.65,10
RANKVOL_BENCH_N10,2020-12-22,215047.49,10
RANKVOL_BENCH_N10,2020-12-23,214916.19,10
RANKVOL_BENCH_N10,2020-12-24,214835.12,10
RANKVOL_BENCH_N10,2020-12-28,215696.52,10
RANKVOL_BENCH_N10,2020-12-29,215716.67,10
RANKVOL_BENCH_N10,2020-12-30,216093.28,10
RANKVOL_BENCH_N10,2020-12-31,216906.88,10
RANKVOL_BENCH_N10,2021-01-04,213482.93,10
RANKVOL_BENCH_N10,2021-01-05,215906.33,10
RANKVOL_BENCH_N10,2021-01-06,216172.5,10
RANKVOL_BENCH_N10,2021-01-07,217113.28,10
RANKVOL_BENCH_N10,2021-01-08,219095.6,10
RANKVOL_BENCH_N10,2021-01-11,217954.43,10
RANKVOL_BENCH_N10,2021-01-12,220458.88,10
RANKVOL_BENCH_N10,2021-01-13,219896.03,10
RANKVOL_BENCH_N10,2021-01-14,219588.73,10
RANKVOL_BENCH_N10,2021-01-15,217613.92,10
RANKVOL_BENCH_N10,2021-01-19,218303.09,10
RANKVOL_BENCH_N10,2021-01-20,222316.32,10
RANKVOL_BENCH_N10,2021-01-21,222501.55,10
RANKVOL_BENCH_N10,2021-01-22,222644.74,10
RANKVOL_BENCH_N10,2021-01-25,223353.66,10
RANKVOL_BENCH_N10,2021-01-26,224334.49,10
RANKVOL_BENCH_N10,2021-01-27,222349.32,10
RANKVOL_BENCH_N10,2021-01-28,219884.66,10
RANKVOL_BENCH_N10,2021-01-29,214795.64,10
RANKVOL_BENCH_N10,2021-02-01,216829.96,8
RANKVOL_BENCH_N10,2021-02-02,219264.68,9
RANKVOL_BENCH_N10,2021-02-03,220522.64,10
RANKVOL_BENCH_N10,2021-02-04,223651.53,10
RANKVOL_BENCH_N10,2021-02-05,225064.62,10
RANKVOL_BENCH_N10,2021-02-08,229846.21,10
RANKVOL_BENCH_N10,2021-02-09,229061.04,10
RANKVOL_BENCH_N10,2021-02-10,228671.45,7
RANKVOL_BENCH_N10,2021-02-11,226121.6,8
RANKVOL_BENCH_N10,2021-02-12,229090.11,9
RANKVOL_BENCH_N10,2021-02-16,231281.72,10
RANKVOL_BENCH_N10,2021-02-17,231593.22,10
RANKVOL_BENCH_N10,2021-02-18,228729.84,10
RANKVOL_BENCH_N10,2021-02-19,230821.37,10
RANKVOL_BENCH_N10,2021-02-22,231861.74,10
RANKVOL_BENCH_N10,2021-02-23,231129.45,10
RANKVOL_BENCH_N10,2021-02-24,234916.74,10
RANKVOL_BENCH_N10,2021-02-25,230350.07,10
RANKVOL_BENCH_N10,2021-02-26,228935.3,7
RANKVOL_BENCH_N10,2021-03-01,232374.48,7
RANKVOL_BENCH_N10,2021-03-02,230161.89,10
RANKVOL_BENCH_N10,2021-03-03,226111.46,10
RANKVOL_BENCH_N10,2021-03-04,223066.22,10
RANKVOL_BENCH_N10,2021-03-05,228372.46,10
RANKVOL_BENCH_N10,2021-03-08,226967.27,10
RANKVOL_BENCH_N10,2021-03-09,228692.77,10
RANKVOL_BENCH_N10,2021-03-10,231446.02,10
RANKVOL_BENCH_N10,2021-03-11,233585.8,10
RANKVOL_BENCH_N10,2021-03-12,234260.79,10
RANKVOL_BENCH_N10,2021-03-15,235879.11,10
RANKVOL_BENCH_N10,2021-03-16,234125.34,10
RANKVOL_BENCH_N10,2021-03-17,235854.42,10
RANKVOL_BENCH_N10,2021-03-18,229737.84,10
RANKVOL_BENCH_N10,2021-03-19,230410.01,10
RANKVOL_BENCH_N10,2021-03-22,231962.36,10
RANKVOL_BENCH_N10,2021-03-23,230690.5,10
RANKVOL_BENCH_N10,2021-03-24,230165.53,10
RANKVOL_BENCH_N10,2021-03-25,230169.4,10
RANKVOL_BENCH_N10,2021-03-26,234174.0,10
RANKVOL_BENCH_N10,2021-03-29,233300.04,10
RANKVOL_BENCH_N10,2021-03-30,232604.91,10
RANKVOL_BENCH_N10,2021-03-31,233540.75,10
RANKVOL_BENCH_N10,2021-04-01,237152.44,10
RANKVOL_BENCH_N10,2021-04-05,236682.46,10
RANKVOL_BENCH_N10,2021-04-06,237771.48,10
RANKVOL_BENCH_N10,2021-04-07,239405.5,10
RANKVOL_BENCH_N10,2021-04-08,239866.97,10
RANKVOL_BENCH_N10,2021-04-09,240294.6,10
RANKVOL_BENCH_N10,2021-04-12,240144.95,10
RANKVOL_BENCH_N10,2021-04-13,238994.36,10
RANKVOL_BENCH_N10,2021-04-14,240371.11,10
RANKVOL_BENCH_N10,2021-04-15,240652.44,10
RANKVOL_BENCH_N10,2021-04-16,241031.37,10
RANKVOL_BENCH_N10,2021-04-19,240516.5,10
RANKVOL_BENCH_N10,2021-04-20,235945.65,10
RANKVOL_BENCH_N10,2021-04-21,238191.2,10
RANKVOL_BENCH_N10,2021-04-22,238180.62,10
RANKVOL_BENCH_N10,2021-04-23,241122.05,10
RANKVOL_BENCH_N10,2021-04-26,242027.87,10
RANKVOL_BENCH_N10,2021-04-27,243198.65,10
RANKVOL_BENCH_N10,2021-04-28,245973.22,10
RANKVOL_BENCH_N10,2021-04-29,244242.32,10
RANKVOL_BENCH_N10,2021-04-30,242694.72,10
RANKVOL_BENCH_N10,2021-05-03,245767.55,10
RANKVOL_BENCH_N10,2021-05-04,244502.24,10
RANKVOL_BENCH_N10,2021-05-05,247617.77,9
RANKVOL_BENCH_N10,2021-05-06,249060.26,9
RANKVOL_BENCH_N10,2021-05-07,252517.9,10
RANKVOL_BENCH_N10,2021-05-10,251265.76,10
RANKVOL_BENCH_N10,2021-05-11,249168.85,10
RANKVOL_BENCH_N10,2021-05-12,245963.89,7
RANKVOL_BENCH_N10,2021-05-13,247801.33,7
RANKVOL_BENCH_N10,2021-05-14,251672.04,7
RANKVOL_BENCH_N10,2021-05-17,254818.92,8
RANKVOL_BENCH_N10,2021-05-18,254886.5,8
RANKVOL_BENCH_N10,2021-05-19,253963.11,10
RANKVOL_BENCH_N10,2021-05-20,256242.06,10
RANKVOL_BENCH_N10,2021-05-21,257784.57,10
RANKVOL_BENCH_N10,2021-05-24,259998.32,10
RANKVOL_BENCH_N10,2021-05-25,260876.56,10
RANKVOL_BENCH_N10,2021-05-26,265902.29,10
RANKVOL_BENCH_N10,2021-05-27,269150.38,10
RANKVOL_BENCH_N10,2021-05-28,268173.59,10
RANKVOL_BENCH_N10,2021-06-01,270949.32,10
RANKVOL_BENCH_N10,2021-06-02,275112.65,10
RANKVOL_BENCH_N10,2021-06-03,274160.78,10
RANKVOL_BENCH_N10,2021-06-04,276499.95,7
RANKVOL_BENCH_N10,2021-06-07,276089.56,9
RANKVOL_BENCH_N10,2021-06-08,275119.52,9
RANKVOL_BENCH_N10,2021-06-09,275415.9,10
RANKVOL_BENCH_N10,2021-06-10,277112.92,10
RANKVOL_BENCH_N10,2021-06-11,277699.08,10
RANKVOL_BENCH_N10,2021-06-14,275491.52,9
RANKVOL_BENCH_N10,2021-06-15,273671.6,8
RANKVOL_BENCH_N10,2021-06-16,271768.67,10
RANKVOL_BENCH_N10,2021-06-17,273013.98,10
RANKVOL_BENCH_N10,2021-06-18,270299.46,10
RANKVOL_BENCH_N10,2021-06-21,271840.63,10
RANKVOL_BENCH_N10,2021-06-22,273556.53,10
RANKVOL_BENCH_N10,2021-06-23,274182.13,10
RANKVOL_BENCH_N10,2021-06-24,276407.52,10
RANKVOL_BENCH_N10,2021-06-25,278368.38,10
RANKVOL_BENCH_N10,2021-06-28,278722.59,10
RANKVOL_BENCH_N10,2021-06-29,277668.48,10
RANKVOL_BENCH_N10,2021-06-30,282194.78,10
RANKVOL_BENCH_N10,2021-07-01,281163.63,10
RANKVOL_BENCH_N10,2021-07-02,280814.2,10
RANKVOL_BENCH_N10,2021-07-06,278148.86,10
RANKVOL_BENCH_N10,2021-07-07,274618.17,10
RANKVOL_BENCH_N10,2021-07-08,272166.54,9
RANKVOL_BENCH_N10,2021-07-09,276030.21,10
RANKVOL_BENCH_N10,2021-07-12,276002.76,10
RANKVOL_BENCH_N10,2021-07-13,272579.93,10
RANKVOL_BENCH_N10,2021-07-14,272420.45,10
RANKVOL_BENCH_N10,2021-07-15,271480.06,10
RANKVOL_BENCH_N10,2021-07-16,269152.78,10
RANKVOL_BENCH_N10,2021-07-19,264858.58,10
RANKVOL_BENCH_N10,2021-07-20,268921.31,10
RANKVOL_BENCH_N10,2021-07-21,271488.94,10
RANKVOL_BENCH_N10,2021-07-22,270178.99,10
RANKVOL_BENCH_N10,2021-07-23,271255.84,10
RANKVOL_BENCH_N10,2021-07-26,273107.08,10
RANKVOL_BENCH_N10,2021-07-27,271436.58,10
RANKVOL_BENCH_N10,2021-07-28,273088.0,10
RANKVOL_BENCH_N10,2021-07-29,274386.08,10
RANKVOL_BENCH_N10,2021-07-30,271885.47,10
RANKVOL_BENCH_N10,2021-08-02,271543.36,10
RANKVOL_BENCH_N10,2021-08-03,272883.14,10
RANKVOL_BENCH_N10,2021-08-04,271931.52,10
RANKVOL_BENCH_N10,2021-08-05,276650.57,10
RANKVOL_BENCH_N10,2021-08-06,276428.66,10
RANKVOL_BENCH_N10,2021-08-09,275318.43,10
RANKVOL_BENCH_N10,2021-08-10,277643.97,10
RANKVOL_BENCH_N10,2021-08-11,279322.9,10
RANKVOL_BENCH_N10,2021-08-12,279082.05,10
RANKVOL_BENCH_N10,2021-08-13,278983.23,10
RANKVOL_BENCH_N10,2021-08-16,278137.7,10
RANKVOL_BENCH_N10,2021-08-17,277249.58,10
RANKVOL_BENCH_N10,2021-08-18,276032.14,10
RANKVOL_BENCH_N10,2021-08-19,276047.23,9
RANKVOL_BENCH_N10,2021-08-20,278299.87,10
RANKVOL_BENCH_N10,2021-08-23,281650.12,10
RANKVOL_BENCH_N10,2021-08-24,282930.36,10
RANKVOL_BENCH_N10,2021-08-25,283083.68,10
RANKVOL_BENCH_N10,2021-08-26,281542.14,10
RANKVOL_BENCH_N10,2021-08-27,284872.5,10
RANKVOL_BENCH_N10,2021-08-30,285641.23,10
RANKVOL_BENCH_N10,2021-08-31,286816.58,10
RANKVOL_BENCH_N10,2021-09-01,286824.22,10
RANKVOL_BENCH_N10,2021-09-02,288552.47,10
RANKVOL_BENCH_N10,2021-09-03,288981.26,10
RANKVOL_BENCH_N10,2021-09-07,288484.31,10
RANKVOL_BENCH_N10,2021-09-08,285522.82,10
RANKVOL_BENCH_N10,2021-09-09,284947.73,10
RANKVOL_BENCH_N10,2021-09-10,282112.2,10
RANKVOL_BENCH_N10,2021-09-13,282035.72,10
RANKVOL_BENCH_N10,2021-09-14,278147.85,10
RANKVOL_BENCH_N10,2021-09-15,279895.88,10
RANKVOL_BENCH_N10,2021-09-16,280039.1,10
RANKVOL_BENCH_N10,2021-09-17,279824.32,10
RANKVOL_BENCH_N10,2021-09-20,277031.92,10
RANKVOL_BENCH_N10,2021-09-21,276697.04,10
RANKVOL_BENCH_N10,2021-09-22,280946.03,10
RANKVOL_BENCH_N10,2021-09-23,286506.81,10
RANKVOL_BENCH_N10,2021-09-24,288483.27,10
RANKVOL_BENCH_N10,2021-09-27,290071.7,10
RANKVOL_BENCH_N10,2021-09-28,286550.5,10
RANKVOL_BENCH_N10,2021-09-29,286076.29,10
RANKVOL_BENCH_N10,2021-09-30,279298.42,10
RANKVOL_BENCH_N10,2021-10-01,283687.22,10
RANKVOL_BENCH_N10,2021-10-04,281344.43,10
RANKVOL_BENCH_N10,2021-10-05,283076.85,10
RANKVOL_BENCH_N10,2021-10-06,283265.95,10
RANKVOL_BENCH_N10,2021-10-07,285125.31,10
RANKVOL_BENCH_N10,2021-10-08,283317.19,10
RANKVOL_BENCH_N10,2021-10-11,280086.18,10
RANKVOL_BENCH_N10,2021-10-12,278957.62,10
RANKVOL_BENCH_N10,2021-10-13,279157.53,10
RANKVOL_BENCH_N10,2021-10-14,280521.81,10
RANKVOL_BENCH_N10,2021-10-15,279488.26,10
RANKVOL_BENCH_N10,2021-10-18,280916.4,10
RANKVOL_BENCH_N10,2021-10-19,282485.06,10
RANKVOL_BENCH_N10,2021-10-20,283376.09,10
RANKVOL_BENCH_N10,2021-10-21,281462.31,10
RANKVOL_BENCH_N10,2021-10-22,278512.86,10
RANKVOL_BENCH_N10,2021-10-25,279398.74,10
RANKVOL_BENCH_N10,2021-10-26,279262.8,10
RANKVOL_BENCH_N10,2021-10-27,272757.4,10
RANKVOL_BENCH_N10,2021-10-28,276170.85,10
RANKVOL_BENCH_N10,2021-10-29,272816.63,10
RANKVOL_BENCH_N10,2021-11-01,277884.26,9
RANKVOL_BENCH_N10,2021-11-02,277187.88,10
RANKVOL_BENCH_N10,2021-11-03,280617.82,10
RANKVOL_BENCH_N10,2021-11-04,278021.05,10
RANKVOL_BENCH_N10,2021-11-05,283984.6,10
RANKVOL_BENCH_N10,2021-11-08,282521.53,10
RANKVOL_BENCH_N10,2021-11-09,281443.47,9
RANKVOL_BENCH_N10,2021-11-10,280448.87,10
RANKVOL_BENCH_N10,2021-11-11,279868.1,10
RANKVOL_BENCH_N10,2021-11-12,280899.81,10
RANKVOL_BENCH_N10,2021-11-15,282567.9,10
RANKVOL_BENCH_N10,2021-11-16,279132.09,10
RANKVOL_BENCH_N10,2021-11-17,277252.71,10
RANKVOL_BENCH_N10,2021-11-18,273264.15,10
RANKVOL_BENCH_N10,2021-11-19,270830.54,10
RANKVOL_BENCH_N10,2021-11-22,270444.0,10
RANKVOL_BENCH_N10,2021-11-23,270150.08,10
RANKVOL_BENCH_N10,2021-11-24,269931.68,10
RANKVOL_BENCH_N10,2021-11-26,266550.16,10
RANKVOL_BENCH_N10,2021-11-29,265786.16,10
RANKVOL_BENCH_N10,2021-11-30,258808.88,10
RANKVOL_BENCH_N10,2021-12-01,254774.68,10
RANKVOL_BENCH_N10,2021-12-02,257706.32,10
RANKVOL_BENCH_N10,2021-12-03,258521.67,10
RANKVOL_BENCH_N10,2021-12-06,262140.95,10
RANKVOL_BENCH_N10,2021-12-07,265797.46,10
RANKVOL_BENCH_N10,2021-12-08,265349.97,10
RANKVOL_BENCH_N10,2021-12-09,263669.32,10
RANKVOL_BENCH_N10,2021-12-10,266853.01,10
RANKVOL_BENCH_N10,2021-12-13,265048.29,10
RANKVOL_BENCH_N10,2021-12-14,264690.76,10
RANKVOL_BENCH_N10,2021-12-15,266392.94,10
RANKVOL_BENCH_N10,2021-12-16,270232.83,10
RANKVOL_BENCH_N10,2021-12-17,267332.62,10
RANKVOL_BENCH_N10,2021-12-20,264598.78,10
RANKVOL_BENCH_N10,2021-12-21,268819.77,10
RANKVOL_BENCH_N10,2021-12-22,270105.34,10
RANKVOL_BENCH_N10,2021-12-23,272059.51,10
RANKVOL_BENCH_N10,2021-12-27,272614.87,10
RANKVOL_BENCH_N10,2021-12-28,271453.61,10
RANKVOL_BENCH_N10,2021-12-29,270002.68,10
RANKVOL_BENCH_N10,2021-12-30,272078.45,10
RANKVOL_BENCH_N10,2021-12-31,269880.2,10
RANKVOL_BENCH_N10,2022-01-03,275049.96,10
RANKVOL_BENCH_N10,2022-01-04,277636.44,10
RANKVOL_BENCH_N10,2022-01-05,274750.64,10
RANKVOL_BENCH_N10,2022-01-06,277379.4,9
RANKVOL_BENCH_N10,2022-01-07,281445.73,9
RANKVOL_BENCH_N10,2022-01-10,279499.93,10
RANKVOL_BENCH_N10,2022-01-11,281944.79,10
RANKVOL_BENCH_N10,2022-01-12,281682.38,10
RANKVOL_BENCH_N10,2022-01-13,280454.23,10
RANKVOL_BENCH_N10,2022-01-14,286790.88,10
RANKVOL_BENCH_N10,2022-01-18,281863.93,10
RANKVOL_BENCH_N10,2022-01-19,279598.06,10
RANKVOL_BENCH_N10,2022-01-20,276819.02,10
RANKVOL_BENCH_N10,2022-01-21,269850.37,10
RANKVOL_BENCH_N10,2022-01-24,271106.77,8
RANKVOL_BENCH_N10,2022-01-25,272751.45,8
RANKVOL_BENCH_N10,2022-01-26,271148.85,9
RANKVOL_BENCH_N10,2022-01-27,267569.46,9
RANKVOL_BENCH_N10,2022-01-28,272192.36,10
RANKVOL_BENCH_N10,2022-01-31,276927.82,10
RANKVOL_BENCH_N10,2022-02-01,279737.01,10
RANKVOL_BENCH_N10,2022-02-02,272433.12,10
RANKVOL_BENCH_N10,2022-02-03,267601.49,10
RANKVOL_BENCH_N10,2022-02-04,268987.72,10
RANKVOL_BENCH_N10,2022-02-07,269331.19,10
RANKVOL_BENCH_N10,2022-02-08,271817.36,10
RANKVOL_BENCH_N10,2022-02-09,277966.29,10
RANKVOL_BENCH_N10,2022-02-10,274166.68,10
RANKVOL_BENCH_N10,2022-02-11,269109.32,9
RANKVOL_BENCH_N10,2022-02-14,267497.13,10
RANKVOL_BENCH_N10,2022-02-15,269444.05,10
RANKVOL_BENCH_N10,2022-02-16,265105.74,10
RANKVOL_BENCH_N10,2022-02-17,264485.61,10
RANKVOL_BENCH_N10,2022-02-18,263620.62,10
RANKVOL_BENCH_N10,2022-02-22,262599.77,10
RANKVOL_BENCH_N10,2022-02-23,262208.62,10
RANKVOL_BENCH_N10,2022-02-24,260729.66,10
RANKVOL_BENCH_N10,2022-02-25,267039.01,10
RANKVOL_BENCH_N10,2022-02-28,265689.96,10
RANKVOL_BENCH_N10,2022-03-01,265255.78,10
RANKVOL_BENCH_N10,2022-03-02,269916.79,10
RANKVOL_BENCH_N10,2022-03-03,270104.12,10
RANKVOL_BENCH_N10,2022-03-04,270742.05,10
RANKVOL_BENCH_N10,2022-03-07,268664.41,10
RANKVOL_BENCH_N10,2022-03-08,265890.06,10
RANKVOL_BENCH_N10,2022-03-09,266971.9,7
RANKVOL_BENCH_N10,2022-03-10,267809.65,8
RANKVOL_BENCH_N10,2022-03-11,264790.17,9
RANKVOL_BENCH_N10,2022-03-14,262073.11,8
RANKVOL_BENCH_N10,2022-03-15,266061.73,9
RANKVOL_BENCH_N10,2022-03-16,271959.48,10
RANKVOL_BENCH_N10,2022-03-17,274069.52,10
RANKVOL_BENCH_N10,2022-03-18,276076.7,10
RANKVOL_BENCH_N10,2022-03-21,273515.42,10
RANKVOL_BENCH_N10,2022-03-22,276618.45,10
RANKVOL_BENCH_N10,2022-03-23,274259.29,10
RANKVOL_BENCH_N10,2022-03-24,275425.83,7
RANKVOL_BENCH_N10,2022-03-25,277584.52,10
RANKVOL_BENCH_N10,2022-03-28,277445.01,10
RANKVOL_BENCH_N10,2022-03-29,280762.55,9
RANKVOL_BENCH_N10,2022-03-30,277408.93,10
RANKVOL_BENCH_N10,2022-03-31,274913.8,10
RANKVOL_BENCH_N10,2022-04-01,275690.64,8
RANKVOL_BENCH_N10,2022-04-04,277346.59,8
RANKVOL_BENCH_N10,2022-04-05,273339.37,7
RANKVOL_BENCH_N10,2022-04-06,272591.02,7
RANKVOL_BENCH_N10,2022-04-07,272439.07,7
RANKVOL_BENCH_N10,2022-04-08,276207.43,8
RANKVOL_BENCH_N10,2022-04-11,270526.29,10
RANKVOL_BENCH_N10,2022-04-12,272705.57,9
RANKVOL_BENCH_N10,2022-04-13,276176.95,8
RANKVOL_BENCH_N10,2022-04-14,274526.28,10
RANKVOL_BENCH_N10,2022-04-18,275321.99,10
RANKVOL_BENCH_N10,2022-04-19,278069.21,10
RANKVOL_BENCH_N10,2022-04-20,278400.9,10
RANKVOL_BENCH_N10,2022-04-21,273806.5,10
RANKVOL_BENCH_N10,2022-04-22,268116.09,10
RANKVOL_BENCH_N10,2022-04-25,264767.38,10
RANKVOL_BENCH_N10,2022-04-26,260193.41,10
RANKVOL_BENCH_N10,2022-04-27,261022.12,8
RANKVOL_BENCH_N10,2022-04-28,266265.99,8
RANKVOL_BENCH_N10,2022-04-29,258699.86,10
RANKVOL_BENCH_N10,2022-05-02,261418.55,10
RANKVOL_BENCH_N10,2022-05-03,265648.08,10
RANKVOL_BENCH_N10,2022-05-04,274696.44,10
RANKVOL_BENCH_N10,2022-05-05,267900.4,10
RANKVOL_BENCH_N10,2022-05-06,269203.57,9
RANKVOL_BENCH_N10,2022-05-09,251591.48,10
RANKVOL_BENCH_N10,2022-05-10,254140.33,10
RANKVOL_BENCH_N10,2022-05-11,253611.12,10
RANKVOL_BENCH_N10,2022-05-12,252063.71,10
RANKVOL_BENCH_N10,2022-05-13,262352.7,10
RANKVOL_BENCH_N10,2022-05-16,264777.95,10
RANKVOL_BENCH_N10,2022-05-17,272182.33,10
RANKVOL_BENCH_N10,2022-05-18,261212.67,10
RANKVOL_BENCH_N10,2022-05-19,254625.29,6
RANKVOL_BENCH_N10,2022-05-20,252563.56,8
RANKVOL_BENCH_N10,2022-05-23,258576.3,9
RANKVOL_BENCH_N10,2022-05-24,256108.85,10
RANKVOL_BENCH_N10,2022-05-25,258157.4,9
RANKVOL_BENCH_N10,2022-05-26,265206.02,10
RANKVOL_BENCH_N10,2022-05-27,270112.35,10
RANKVOL_BENCH_N10,2022-05-31,268456.14,10
RANKVOL_BENCH_N10,2022-06-01,265837.17,10
RANKVOL_BENCH_N10,2022-06-02,269424.61,7
RANKVOL_BENCH_N10,2022-06-03,264233.5,10
RANKVOL_BENCH_N10,2022-06-06,265812.56,9
RANKVOL_BENCH_N10,2022-06-07,267588.23,9
RANKVOL_BENCH_N10,2022-06-08,264381.92,10
RANKVOL_BENCH_N10,2022-06-09,256959.82,8
RANKVOL_BENCH_N10,2022-06-10,250527.3,8
RANKVOL_BENCH_N10,2022-06-13,239499.39,8
RANKVOL_BENCH_N10,2022-06-14,238675.37,8
RANKVOL_BENCH_N10,2022-06-15,244476.25,8
RANKVOL_BENCH_N10,2022-06-16,234330.79,8
RANKVOL_BENCH_N10,2022-06-17,238521.21,8
RANKVOL_BENCH_N10,2022-06-21,242573.98,8
RANKVOL_BENCH_N10,2022-06-22,243532.89,10
RANKVOL_BENCH_N10,2022-06-23,244187.43,10
RANKVOL_BENCH_N10,2022-06-24,256264.55,10
RANKVOL_BENCH_N10,2022-06-27,254400.6,10
RANKVOL_BENCH_N10,2022-06-28,248803.79,9
RANKVOL_BENCH_N10,2022-06-29,242750.94,9
RANKVOL_BENCH_N10,2022-06-30,238626.37,10
RANKVOL_BENCH_N10,2022-07-01,240867.67,10
RANKVOL_BENCH_N10,2022-07-05,245520.39,10
RANKVOL_BENCH_N10,2022-07-06,241676.77,10
RANKVOL_BENCH_N10,2022-07-07,247774.92,10
RANKVOL_BENCH_N10,2022-07-08,246887.6,10
RANKVOL_BENCH_N10,2022-07-11,239769.19,10
RANKVOL_BENCH_N10,2022-07-12,241508.47,9
RANKVOL_BENCH_N10,2022-07-13,241649.93,9
RANKVOL_BENCH_N10,2022-07-14,240448.13,10
RANKVOL_BENCH_N10,2022-07-15,247044.96,10
RANKVOL_BENCH_N10,2022-07-18,249532.83,10
RANKVOL_BENCH_N10,2022-07-19,257414.56,10
RANKVOL_BENCH_N10,2022-07-20,262972.77,10
RANKVOL_BENCH_N10,2022-07-21,262637.16,10
RANKVOL_BENCH_N10,2022-07-22,261386.52,10
RANKVOL_BENCH_N10,2022-07-25,262794.47,10
RANKVOL_BENCH_N10,2022-07-26,259686.87,10
RANKVOL_BENCH_N10,2022-07-27,268234.13,10
RANKVOL_BENCH_N10,2022-07-28,271349.31,10
RANKVOL_BENCH_N10,2022-07-29,273310.76,10
RANKVOL_BENCH_N10,2022-08-01,273338.12,10
RANKVOL_BENCH_N10,2022-08-02,270788.91,10
RANKVOL_BENCH_N10,2022-08-03,276430.62,9
RANKVOL_BENCH_N10,2022-08-04,275429.47,9
RANKVOL_BENCH_N10,2022-08-05,274324.59,8
RANKVOL_BENCH_N10,2022-08-08,276399.54,9
RANKVOL_BENCH_N10,2022-08-09,275412.25,10
RANKVOL_BENCH_N10,2022-08-10,282563.74,10
RANKVOL_BENCH_N10,2022-08-11,282757.33,10
RANKVOL_BENCH_N10,2022-08-12,287877.61,10
RANKVOL_BENCH_N10,2022-08-15,288347.83,10
RANKVOL_BENCH_N10,2022-08-16,292969.26,10
RANKVOL_BENCH_N10,2022-08-17,287916.2,9
RANKVOL_BENCH_N10,2022-08-18,287255.21,8
RANKVOL_BENCH_N10,2022-08-19,282660.6,10
RANKVOL_BENCH_N10,2022-08-22,278241.43,7
RANKVOL_BENCH_N10,2022-08-23,282117.93,7
RANKVOL_BENCH_N10,2022-08-24,284407.12,7
RANKVOL_BENCH_N10,2022-08-25,288041.67,7
RANKVOL_BENCH_N10,2022-08-26,280644.91,8
RANKVOL_BENCH_N10,2022-08-29,278793.87,7
RANKVOL_BENCH_N10,2022-08-30,275505.3,7
RANKVOL_BENCH_N10,2022-08-31,273416.16,7
RANKVOL_BENCH_N10,2022-09-01,274453.23,6
RANKVOL_BENCH_N10,2022-09-02,272364.24,7
RANKVOL_BENCH_N10,2022-09-06,272690.59,7
RANKVOL_BENCH_N10,2022-09-07,278466.45,7
RANKVOL_BENCH_N10,2022-09-08,282431.51,10
RANKVOL_BENCH_N10,2022-09-09,286963.11,10
RANKVOL_BENCH_N10,2022-09-12,290659.85,10
RANKVOL_BENCH_N10,2022-09-13,277913.7,10
RANKVOL_BENCH_N10,2022-09-14,279938.72,8
RANKVOL_BENCH_N10,2022-09-15,281105.04,10
RANKVOL_BENCH_N10,2022-09-16,276937.29,10
RANKVOL_BENCH_N10,2022-09-19,277506.27,9
RANKVOL_BENCH_N10,2022-09-20,273571.05,9
RANKVOL_BENCH_N10,2022-09-21,268390.3,9
RANKVOL_BENCH_N10,2022-09-22,263406.57,9
RANKVOL_BENCH_N10,2022-09-23,258720.78,10
RANKVOL_BENCH_N10,2022-09-26,254251.46,10
RANKVOL_BENCH_N10,2022-09-27,256921.98,10
RANKVOL_BENCH_N10,2022-09-28,263860.14,10
RANKVOL_BENCH_N10,2022-09-29,258954.52,10
RANKVOL_BENCH_N10,2022-09-30,255499.07,10
RANKVOL_BENCH_N10,2022-10-03,261192.96,10
RANKVOL_BENCH_N10,2022-10-04,272119.38,10
RANKVOL_BENCH_N10,2022-10-05,271635.51,10
RANKVOL_BENCH_N10,2022-10-06,271300.38,10
RANKVOL_BENCH_N10,2022-10-07,267557.88,10
RANKVOL_BENCH_N10,2022-10-10,263402.25,10
RANKVOL_BENCH_N10,2022-10-11,265337.18,10
RANKVOL_BENCH_N10,2022-10-12,265510.73,10
RANKVOL_BENCH_N10,2022-10-13,271762.21,10
RANKVOL_BENCH_N10,2022-10-14,266889.7,10
RANKVOL_BENCH_N10,2022-10-17,270671.94,10
RANKVOL_BENCH_N10,2022-10-18,273522.95,10
RANKVOL_BENCH_N10,2022-10-19,274038.07,10
RANKVOL_BENCH_N10,2022-10-20,272340.47,10
RANKVOL_BENCH_N10,2022-10-21,277842.52,10
RANKVOL_BENCH_N10,2022-10-24,280859.74,10
RANKVOL_BENCH_N10,2022-10-25,285154.68,10
RANKVOL_BENCH_N10,2022-10-26,286425.29,10
RANKVOL_BENCH_N10,2022-10-27,284400.55,10
RANKVOL_BENCH_N10,2022-10-28,289542.97,9
RANKVOL_BENCH_N10,2022-10-31,288031.88,10
RANKVOL_BENCH_N10,2022-11-01,288184.29,10
RANKVOL_BENCH_N10,2022-11-02,280784.1,10
RANKVOL_BENCH_N10,2022-11-03,276158.05,6
RANKVOL_BENCH_N10,2022-11-04,279421.4,6
RANKVOL_BENCH_N10,2022-11-07,282888.16,7
RANKVOL_BENCH_N10,2022-11-08,285637.24,8
RANKVOL_BENCH_N10,2022-11-09,277628.06,10
RANKVOL_BENCH_N10,2022-11-10,291165.31,8
RANKVOL_BENCH_N10,2022-11-11,295012.19,10
RANKVOL_BENCH_N10,2022-11-14,294202.07,10
RANKVOL_BENCH_N10,2022-11-15,298293.02,10
RANKVOL_BENCH_N10,2022-11-16,290142.97,10
RANKVOL_BENCH_N10,2022-11-17,288552.63,6
RANKVOL_BENCH_N10,2022-11-18,288697.85,6
RANKVOL_BENCH_N10,2022-11-21,287480.19,7
RANKVOL_BENCH_N10,2022-11-22,290148.07,6
RANKVOL_BENCH_N10,2022-11-23,290368.93,7
RANKVOL_BENCH_N10,2022-11-25,289984.21,9
RANKVOL_BENCH_N10,2022-11-28,285762.75,9
RANKVOL_BENCH_N10,2022-11-29,286182.45,9
RANKVOL_BENCH_N10,2022-11-30,290587.4,10
RANKVOL_BENCH_N10,2022-12-01,289962.76,10
RANKVOL_BENCH_N10,2022-12-02,288799.43,10
RANKVOL_BENCH_N10,2022-12-05,282785.97,10
RANKVOL_BENCH_N10,2022-12-06,281127.64,8
RANKVOL_BENCH_N10,2022-12-07,279517.94,8
RANKVOL_BENCH_N10,2022-12-08,279139.21,8
RANKVOL_BENCH_N10,2022-12-09,278440.67,8
RANKVOL_BENCH_N10,2022-12-12,282521.93,7
RANKVOL_BENCH_N10,2022-12-13,278197.34,10
RANKVOL_BENCH_N10,2022-12-14,278667.9,10
RANKVOL_BENCH_N10,2022-12-15,269656.12,10
RANKVOL_BENCH_N10,2022-12-16,267265.31,9
RANKVOL_BENCH_N10,2022-12-19,260846.84,9
RANKVOL_BENCH_N10,2022-12-20,260274.0,9
RANKVOL_BENCH_N10,2022-12-21,264382.76,10
RANKVOL_BENCH_N10,2022-12-22,257312.35,10
RANKVOL_BENCH_N10,2022-12-23,260183.93,10
RANKVOL_BENCH_N10,2022-12-27,258769.44,10
RANKVOL_BENCH_N10,2022-12-28,252973.32,10
RANKVOL_BENCH_N10,2022-12-29,260730.91,10
RANKVOL_BENCH_N10,2022-12-30,260825.67,10
RANKVOL_BENCH_N10,2023-01-03,259755.85,10
RANKVOL_BENCH_N10,2023-01-04,270007.81,10
RANKVOL_BENCH_N10,2023-01-05,271193.6,10
RANKVOL_BENCH_N10,2023-01-06,278497.32,10
RANKVOL_BENCH_N10,2023-01-09,282608.21,10
RANKVOL_BENCH_N10,2023-01-10,288190.74,10
RANKVOL_BENCH_N10,2023-01-11,290004.01,10
RANKVOL_BENCH_N10,2023-01-12,299670.99,10
RANKVOL_BENCH_N10,2023-01-13,300574.4,10
RANKVOL_BENCH_N10,2023-01-17,301823.59,10
RANKVOL_BENCH_N10,2023-01-18,294526.62,8
RANKVOL_BENCH_N10,2023-01-19,291688.24,8
RANKVOL_BENCH_N10,2023-01-20,297613.77,9
RANKVOL_BENCH_N10,2023-01-23,302251.18,9
RANKVOL_BENCH_N10,2023-01-24,299539.84,10
RANKVOL_BENCH_N10,2023-01-25,301996.93,9
RANKVOL_BENCH_N10,2023-01-26,307664.09,10
RANKVOL_BENCH_N10,2023-01-27,312055.91,10
RANKVOL_BENCH_N10,2023-01-30,304408.66,10
RANKVOL_BENCH_N10,2023-01-31,310121.95,10
RANKVOL_BENCH_N10,2023-02-01,312278.11,10
RANKVOL_BENCH_N10,2023-02-02,319018.3,10
RANKVOL_BENCH_N10,2023-02-03,316511.55,10
RANKVOL_BENCH_N10,2023-02-06,315356.07,10
RANKVOL_BENCH_N10,2023-02-07,317955.35,10
RANKVOL_BENCH_N10,2023-02-08,314109.43,10
RANKVOL_BENCH_N10,2023-02-09,312755.89,10
RANKVOL_BENCH_N10,2023-02-10,314520.63,10
RANKVOL_BENCH_N10,2023-02-13,313880.53,10
RANKVOL_BENCH_N10,2023-02-14,315374.52,10
RANKVOL_BENCH_N10,2023-02-15,315800.84,10
RANKVOL_BENCH_N10,2023-02-16,309957.27,10
RANKVOL_BENCH_N10,2023-02-17,307018.57,10
RANKVOL_BENCH_N10,2023-02-21,303977.34,10
RANKVOL_BENCH_N10,2023-02-22,304295.28,10
RANKVOL_BENCH_N10,2023-02-23,305319.41,10
RANKVOL_BENCH_N10,2023-02-24,305718.56,10
RANKVOL_BENCH_N10,2023-02-27,304097.03,10
RANKVOL_BENCH_N10,2023-02-28,302128.9,10
RANKVOL_BENCH_N10,2023-03-01,302504.7,10
RANKVOL_BENCH_N10,2023-03-02,303531.22,10
RANKVOL_BENCH_N10,2023-03-03,307809.58,10
RANKVOL_BENCH_N10,2023-03-06,305874.7,10
RANKVOL_BENCH_N10,2023-03-07,300805.53,10
RANKVOL_BENCH_N10,2023-03-08,301802.55,10
RANKVOL_BENCH_N10,2023-03-09,292921.19,10
RANKVOL_BENCH_N10,2023-03-10,285703.26,10
RANKVOL_BENCH_N10,2023-03-13,280315.47,10
RANKVOL_BENCH_N10,2023-03-14,283887.08,10
RANKVOL_BENCH_N10,2023-03-15,280638.75,10
RANKVOL_BENCH_N10,2023-03-16,283921.32,10
RANKVOL_BENCH_N10,2023-03-17,279646.17,10
RANKVOL_BENCH_N10,2023-03-20,282594.79,10
RANKVOL_BENCH_N10,2023-03-21,287852.34,10
RANKVOL_BENCH_N10,2023-03-22,281096.63,10
RANKVOL_BENCH_N10,2023-03-23,279089.51,10
RANKVOL_BENCH_N10,2023-03-24,280579.43,10
RANKVOL_BENCH_N10,2023-03-27,282664.63,10
RANKVOL_BENCH_N10,2023-03-28,283478.75,10
RANKVOL_BENCH_N10,2023-03-29,287495.39,10
RANKVOL_BENCH_N10,2023-03-30,287210.66,10
RANKVOL_BENCH_N10,2023-03-31,291198.97,10
RANKVOL_BENCH_N10,2023-04-03,292294.96,10
RANKVOL_BENCH_N10,2023-04-04,289246.14,10
RANKVOL_BENCH_N10,2023-04-05,287066.59,7
RANKVOL_BENCH_N10,2023-04-06,287350.81,8
RANKVOL_BENCH_N10,2023-04-10,290394.56,8
RANKVOL_BENCH_N10,2023-04-11,290923.4,8
RANKVOL_BENCH_N10,2023-04-12,286679.04,8
RANKVOL_BENCH_N10,2023-04-13,288153.67,7
RANKVOL_BENCH_N10,2023-04-14,286985.45,10
RANKVOL_BENCH_N10,2023-04-17,289850.48,10
RANKVOL_BENCH_N10,2023-04-18,290928.88,10
RANKVOL_BENCH_N10,2023-04-19,292210.48,10
RANKVOL_BENCH_N10,2023-04-20,290022.24,10
RANKVOL_BENCH_N10,2023-04-21,289433.56,10
RANKVOL_BENCH_N10,2023-04-24,287503.0,10
RANKVOL_BENCH_N10,2023-04-25,280627.97,9
RANKVOL_BENCH_N10,2023-04-26,279664.05,9
RANKVOL_BENCH_N10,2023-04-27,290693.54,10
RANKVOL_BENCH_N10,2023-04-28,296090.38,10
RANKVOL_BENCH_N10,2023-05-01,294543.95,10
RANKVOL_BENCH_N10,2023-05-02,288239.14,10
RANKVOL_BENCH_N10,2023-05-03,284732.35,10
RANKVOL_BENCH_N10,2023-05-04,281102.86,10
RANKVOL_BENCH_N10,2023-05-05,289433.12,10
RANKVOL_BENCH_N10,2023-05-08,288809.89,10
RANKVOL_BENCH_N10,2023-05-09,284020.21,10
RANKVOL_BENCH_N10,2023-05-10,283294.81,10
RANKVOL_BENCH_N10,2023-05-11,281227.37,10
RANKVOL_BENCH_N10,2023-05-12,281929.5,10
RANKVOL_BENCH_N10,2023-05-15,290527.37,10
RANKVOL_BENCH_N10,2023-05-16,288745.95,10
RANKVOL_BENCH_N10,2023-05-17,295281.37,10
RANKVOL_BENCH_N10,2023-05-18,300380.28,10
RANKVOL_BENCH_N10,2023-05-19,297601.7,10
RANKVOL_BENCH_N10,2023-05-22,298977.94,10
RANKVOL_BENCH_N10,2023-05-23,296353.9,10
RANKVOL_BENCH_N10,2023-05-24,292725.51,10
RANKVOL_BENCH_N10,2023-05-25,292358.51,10
RANKVOL_BENCH_N10,2023-05-26,297527.03,10
RANKVOL_BENCH_N10,2023-05-30,300221.05,10
RANKVOL_BENCH_N10,2023-05-31,294360.7,10
RANKVOL_BENCH_N10,2023-06-01,297484.91,10
RANKVOL_BENCH_N10,2023-06-02,303358.29,10
RANKVOL_BENCH_N10,2023-06-05,301052.01,10
RANKVOL_BENCH_N10,2023-06-06,304477.19,10
RANKVOL_BENCH_N10,2023-06-07,312744.35,10
RANKVOL_BENCH_N10,2023-06-08,314316.94,10
RANKVOL_BENCH_N10,2023-06-09,312841.59,9
RANKVOL_BENCH_N10,2023-06-12,313935.37,9
RANKVOL_BENCH_N10,2023-06-13,316020.69,10
RANKVOL_BENCH_N10,2023-06-14,315072.71,10
RANKVOL_BENCH_N10,2023-06-15,317440.62,10
RANKVOL_BENCH_N10,2023-06-16,317526.18,10
RANKVOL_BENCH_N10,2023-06-20,313472.34,10
RANKVOL_BENCH_N10,2023-06-21,311988.95,10
RANKVOL_BENCH_N10,2023-06-22,308729.95,8
RANKVOL_BENCH_N10,2023-06-23,306914.69,9
RANKVOL_BENCH_N10,2023-06-26,308862.25,9
RANKVOL_BENCH_N10,2023-06-27,311065.16,9
RANKVOL_BENCH_N10,2023-06-28,313016.92,10
RANKVOL_BENCH_N10,2023-06-29,315226.65,10
RANKVOL_BENCH_N10,2023-06-30,316692.74,10
RANKVOL_BENCH_N10,2023-07-03,318327.45,10
RANKVOL_BENCH_N10,2023-07-05,318148.6,10
RANKVOL_BENCH_N10,2023-07-06,314829.08,10
RANKVOL_BENCH_N10,2023-07-07,317474.32,9
RANKVOL_BENCH_N10,2023-07-10,317653.18,10
RANKVOL_BENCH_N10,2023-07-11,322344.88,10
RANKVOL_BENCH_N10,2023-07-12,325611.44,10
RANKVOL_BENCH_N10,2023-07-13,327979.87,10
RANKVOL_BENCH_N10,2023-07-14,323576.21,10
RANKVOL_BENCH_N10,2023-07-17,322132.51,10
RANKVOL_BENCH_N10,2023-07-18,326757.85,10
RANKVOL_BENCH_N10,2023-07-19,330231.52,10
RANKVOL_BENCH_N10,2023-07-20,329345.47,10
RANKVOL_BENCH_N10,2023-07-21,328998.07,10
RANKVOL_BENCH_N10,2023-07-24,328804.17,10
RANKVOL_BENCH_N10,2023-07-25,327484.27,10
RANKVOL_BENCH_N10,2023-07-26,327572.94,9
RANKVOL_BENCH_N10,2023-07-27,324227.52,9
RANKVOL_BENCH_N10,2023-07-28,327906.52,10
RANKVOL_BENCH_N10,2023-07-31,329026.57,10
RANKVOL_BENCH_N10,2023-08-01,327294.29,10
RANKVOL_BENCH_N10,2023-08-02,323089.46,10
RANKVOL_BENCH_N10,2023-08-03,322011.41,9
RANKVOL_BENCH_N10,2023-08-04,322529.46,10
RANKVOL_BENCH_N10,2023-08-07,326541.59,10
RANKVOL_BENCH_N10,2023-08-08,323997.91,10
RANKVOL_BENCH_N10,2023-08-09,320529.52,9
RANKVOL_BENCH_N10,2023-08-10,320348.54,8
RANKVOL_BENCH_N10,2023-08-11,319541.94,8
RANKVOL_BENCH_N10,2023-08-14,321505.2,10
RANKVOL_BENCH_N10,2023-08-15,319475.48,10
RANKVOL_BENCH_N10,2023-08-16,316539.65,10
RANKVOL_BENCH_N10,2023-08-17,314382.41,10
RANKVOL_BENCH_N10,2023-08-18,315533.05,10
RANKVOL_BENCH_N10,2023-08-21,316493.94,10
RANKVOL_BENCH_N10,2023-08-22,315192.88,10
RANKVOL_BENCH_N10,2023-08-23,319482.91,10
RANKVOL_BENCH_N10,2023-08-24,314382.7,10
RANKVOL_BENCH_N10,2023-08-25,316471.58,9
RANKVOL_BENCH_N10,2023-08-28,317295.4,10
RANKVOL_BENCH_N10,2023-08-29,323277.66,10
RANKVOL_BENCH_N10,2023-08-30,324128.92,10
RANKVOL_BENCH_N10,2023-08-31,322847.22,10
RANKVOL_BENCH_N10,2023-09-01,322883.24,10
RANKVOL_BENCH_N10,2023-09-05,322562.81,10
RANKVOL_BENCH_N10,2023-09-06,320687.76,10
RANKVOL_BENCH_N10,2023-09-07,320367.11,10
RANKVOL_BENCH_N10,2023-09-08,320832.99,10
RANKVOL_BENCH_N10,2023-09-11,323114.48,10
RANKVOL_BENCH_N10,2023-09-12,318080.68,10
RANKVOL_BENCH_N10,2023-09-13,319228.33,10
RANKVOL_BENCH_N10,2023-09-14,322696.5,9
RANKVOL_BENCH_N10,2023-09-15,318477.47,10
RANKVOL_BENCH_N10,2023-09-18,318175.68,10
RANKVOL_BENCH_N10,2023-09-19,317399.51,10
RANKVOL_BENCH_N10,2023-09-20,314615.04,10
RANKVOL_BENCH_N10,2023-09-21,310176.5,10
RANKVOL_BENCH_N10,2023-09-22,308767.91,10
RANKVOL_BENCH_N10,2023-09-25,308620.04,9
RANKVOL_BENCH_N10,2023-09-26,304691.36,9
RANKVOL_BENCH_N10,2023-09-27,305896.74,9
RANKVOL_BENCH_N10,2023-09-28,310492.53,10
RANKVOL_BENCH_N10,2023-09-29,307396.66,10
RANKVOL_BENCH_N10,2023-10-02,307912.93,10
RANKVOL_BENCH_N10,2023-10-03,301685.55,10
RANKVOL_BENCH_N10,2023-10-04,304063.62,10
RANKVOL_BENCH_N10,2023-10-05,304666.02,10
RANKVOL_BENCH_N10,2023-10-06,309162.64,10
RANKVOL_BENCH_N10,2023-10-09,312606.18,10
RANKVOL_BENCH_N10,2023-10-10,314191.87,10
RANKVOL_BENCH_N10,2023-10-11,314750.82,10
RANKVOL_BENCH_N10,2023-10-12,313506.05,10
RANKVOL_BENCH_N10,2023-10-13,311697.51,10
RANKVOL_BENCH_N10,2023-10-16,315530.99,10
RANKVOL_BENCH_N10,2023-10-17,316760.91,10
RANKVOL_BENCH_N10,2023-10-18,312305.94,10
RANKVOL_BENCH_N10,2023-10-19,310378.5,10
RANKVOL_BENCH_N10,2023-10-20,305815.2,10
RANKVOL_BENCH_N10,2023-10-23,306100.06,10
RANKVOL_BENCH_N10,2023-10-24,309038.74,9
RANKVOL_BENCH_N10,2023-10-25,299865.89,9
RANKVOL_BENCH_N10,2023-10-26,294409.52,9
RANKVOL_BENCH_N10,2023-10-27,296162.62,10
RANKVOL_BENCH_N10,2023-10-30,299344.95,10
RANKVOL_BENCH_N10,2023-10-31,302183.1,10
RANKVOL_BENCH_N10,2023-11-01,307978.75,10
RANKVOL_BENCH_N10,2023-11-02,311840.39,10
RANKVOL_BENCH_N10,2023-11-03,317014.36,10
RANKVOL_BENCH_N10,2023-11-06,317038.76,10
RANKVOL_BENCH_N10,2023-11-07,318328.74,10
RANKVOL_BENCH_N10,2023-11-08,319848.35,10
RANKVOL_BENCH_N10,2023-11-09,319651.5,10
RANKVOL_BENCH_N10,2023-11-10,323818.66,9
RANKVOL_BENCH_N10,2023-11-13,324542.65,10
RANKVOL_BENCH_N10,2023-11-14,330593.36,10
RANKVOL_BENCH_N10,2023-11-15,331992.5,10
RANKVOL_BENCH_N10,2023-11-16,334985.92,10
RANKVOL_BENCH_N10,2023-11-17,334272.32,10
RANKVOL_BENCH_N10,2023-11-20,335727.67,10
RANKVOL_BENCH_N10,2023-11-21,333678.59,10
RANKVOL_BENCH_N10,2023-11-22,336197.3,10
RANKVOL_BENCH_N10,2023-11-24,336377.33,10
RANKVOL_BENCH_N10,2023-11-27,334954.91,8
RANKVOL_BENCH_N10,2023-11-28,333696.99,5
RANKVOL_BENCH_N10,2023-11-29,332762.57,4
RANKVOL_BENCH_N10,2023-11-30,334053.68,5
RANKVOL_BENCH_N10,2023-12-01,335490.15,8
RANKVOL_BENCH_N10,2023-12-04,336783.09,9
RANKVOL_BENCH_N10,2023-12-05,334876.58,9
RANKVOL_BENCH_N10,2023-12-06,338193.67,10
RANKVOL_BENCH_N10,2023-12-07,339881.63,10
RANKVOL_BENCH_N10,2023-12-08,342926.73,10
RANKVOL_BENCH_N10,2023-12-11,344940.13,10
RANKVOL_BENCH_N10,2023-12-12,344115.14,10
RANKVOL_BENCH_N10,2023-12-13,352262.81,10
RANKVOL_BENCH_N10,2023-12-14,353012.47,10
RANKVOL_BENCH_N10,2023-12-15,351787.1,10
RANKVOL_BENCH_N10,2023-12-18,352270.19,8
RANKVOL_BENCH_N10,2023-12-19,356574.79,10
RANKVOL_BENCH_N10,2023-12-20,353647.56,10
RANKVOL_BENCH_N10,2023-12-21,358536.31,8
RANKVOL_BENCH_N10,2023-12-22,360200.18,10
RANKVOL_BENCH_N10,2023-12-26,362305.06,10
RANKVOL_BENCH_N10,2023-12-27,361589.79,10
RANKVOL_BENCH_N10,2023-12-28,361159.06,8
RANKVOL_BENCH_N10,2023-12-29,360242.28,7
RANKVOL_BENCH_N10,2024-01-02,365732.06,8
RANKVOL_BENCH_N10,2024-01-03,362617.44,10
RANKVOL_BENCH_N10,2024-01-04,358481.21,9
RANKVOL_BENCH_N10,2024-01-05,360480.54,9
RANKVOL_BENCH_N10,2024-01-08,360688.12,9
RANKVOL_BENCH_N10,2024-01-09,357493.84,10
RANKVOL_BENCH_N10,2024-01-10,358337.3,10
RANKVOL_BENCH_N10,2024-01-11,360182.65,10
RANKVOL_BENCH_N10,2024-01-12,354504.05,10
RANKVOL_BENCH_N10,2024-01-16,350148.45,10
RANKVOL_BENCH_N10,2024-01-17,348357.8,10
RANKVOL_BENCH_N10,2024-01-18,354447.31,10
RANKVOL_BENCH_N10,2024-01-19,356729.79,10
RANKVOL_BENCH_N10,2024-01-22,356193.44,10
RANKVOL_BENCH_N10,2024-01-23,361024.06,10
RANKVOL_BENCH_N10,2024-01-24,359043.42,10
RANKVOL_BENCH_N10,2024-01-25,367028.38,10
RANKVOL_BENCH_N10,2024-01-26,367873.46,10
RANKVOL_BENCH_N10,2024-01-29,369271.39,10
RANKVOL_BENCH_N10,2024-01-30,366968.05,10
RANKVOL_BENCH_N10,2024-01-31,360686.5,10
RANKVOL_BENCH_N10,2024-02-01,363712.78,9
RANKVOL_BENCH_N10,2024-02-02,361424.56,10
RANKVOL_BENCH_N10,2024-02-05,354744.59,10
RANKVOL_BENCH_N10,2024-02-06,357489.29,10
RANKVOL_BENCH_N10,2024-02-07,355737.48,10
RANKVOL_BENCH_N10,2024-02-08,356926.79,10
RANKVOL_BENCH_N10,2024-02-09,354781.25,10
RANKVOL_BENCH_N10,2024-02-12,359258.91,10
RANKVOL_BENCH_N10,2024-02-13,352664.82,10
RANKVOL_BENCH_N10,2024-02-14,354715.36,10
RANKVOL_BENCH_N10,2024-02-15,356524.29,10
RANKVOL_BENCH_N10,2024-02-16,352580.8,10
RANKVOL_BENCH_N10,2024-02-20,350757.14,10
RANKVOL_BENCH_N10,2024-02-21,351410.97,10
RANKVOL_BENCH_N10,2024-02-22,355620.11,10
RANKVOL_BENCH_N10,2024-02-23,348909.84,10
RANKVOL_BENCH_N10,2024-02-26,346915.46,10
RANKVOL_BENCH_N10,2024-02-27,349734.51,10
RANKVOL_BENCH_N10,2024-02-28,348840.4,10
RANKVOL_BENCH_N10,2024-02-29,351961.73,10
RANKVOL_BENCH_N10,2024-03-01,352320.35,10
RANKVOL_BENCH_N10,2024-03-04,347907.03,10
RANKVOL_BENCH_N10,2024-03-05,348731.64,10
RANKVOL_BENCH_N10,2024-03-06,353284.72,10
RANKVOL_BENCH_N10,2024-03-07,356087.75,10
RANKVOL_BENCH_N10,2024-03-08,355850.99,10
RANKVOL_BENCH_N10,2024-03-11,357669.82,10
RANKVOL_BENCH_N10,2024-03-12,356123.32,10
RANKVOL_BENCH_N10,2024-03-13,356850.24,10
RANKVOL_BENCH_N10,2024-03-14,353836.85,10
RANKVOL_BENCH_N10,2024-03-15,352090.07,10
RANKVOL_BENCH_N10,2024-03-18,353290.13,10
RANKVOL_BENCH_N10,2024-03-19,355254.36,10
RANKVOL_BENCH_N10,2024-03-20,364630.73,10
RANKVOL_BENCH_N10,2024-03-21,363053.52,10
RANKVOL_BENCH_N10,2024-03-22,360591.32,10
RANKVOL_BENCH_N10,2024-03-25,361579.61,9
RANKVOL_BENCH_N10,2024-03-26,359911.63,10
RANKVOL_BENCH_N10,2024-03-27,364205.37,10
RANKVOL_BENCH_N10,2024-03-28,365795.02,10
RANKVOL_BENCH_N10,2024-04-01,364352.7,10
RANKVOL_BENCH_N10,2024-04-02,360725.59,9
RANKVOL_BENCH_N10,2024-04-03,361100.06,9
RANKVOL_BENCH_N10,2024-04-04,355240.99,10
RANKVOL_BENCH_N10,2024-04-05,356641.08,9
RANKVOL_BENCH_N10,2024-04-08,356776.74,10
RANKVOL_BENCH_N10,2024-04-09,357731.5,10
RANKVOL_BENCH_N10,2024-04-10,353444.01,10
RANKVOL_BENCH_N10,2024-04-11,356466.68,10
RANKVOL_BENCH_N10,2024-04-12,352066.18,10
RANKVOL_BENCH_N10,2024-04-15,349293.39,10
RANKVOL_BENCH_N10,2024-04-16,348231.08,10
RANKVOL_BENCH_N10,2024-04-17,347438.51,10
RANKVOL_BENCH_N10,2024-04-18,346863.84,10
RANKVOL_BENCH_N10,2024-04-19,346972.17,10
RANKVOL_BENCH_N10,2024-04-22,349377.13,10
RANKVOL_BENCH_N10,2024-04-23,350386.54,10
RANKVOL_BENCH_N10,2024-04-24,352057.25,10
RANKVOL_BENCH_N10,2024-04-25,352779.19,10
RANKVOL_BENCH_N10,2024-04-26,354399.66,10
RANKVOL_BENCH_N10,2024-04-29,357168.79,10
RANKVOL_BENCH_N10,2024-04-30,349729.17,10
RANKVOL_BENCH_N10,2024-05-01,344320.12,10
RANKVOL_BENCH_N10,2024-05-02,348243.58,10
RANKVOL_BENCH_N10,2024-05-03,351872.15,10
RANKVOL_BENCH_N10,2024-05-06,352805.05,10
RANKVOL_BENCH_N10,2024-05-07,352282.8,10
RANKVOL_BENCH_N10,2024-05-08,354581.73,10
RANKVOL_BENCH_N10,2024-05-09,354824.81,10
RANKVOL_BENCH_N10,2024-05-10,355520.74,10
RANKVOL_BENCH_N10,2024-05-13,358006.56,10
RANKVOL_BENCH_N10,2024-05-14,358916.4,10
RANKVOL_BENCH_N10,2024-05-15,359456.82,10
RANKVOL_BENCH_N10,2024-05-16,362193.3,10
RANKVOL_BENCH_N10,2024-05-17,362918.91,10
RANKVOL_BENCH_N10,2024-05-20,362807.41,10
RANKVOL_BENCH_N10,2024-05-21,361670.44,10
RANKVOL_BENCH_N10,2024-05-22,359549.03,10
RANKVOL_BENCH_N10,2024-05-23,350875.43,10
RANKVOL_BENCH_N10,2024-05-24,353529.25,9
RANKVOL_BENCH_N10,2024-05-28,353566.83,9
RANKVOL_BENCH_N10,2024-05-29,350370.91,9
RANKVOL_BENCH_N10,2024-05-30,354366.84,9
RANKVOL_BENCH_N10,2024-05-31,361473.27,10
RANKVOL_BENCH_N10,2024-06-03,362619.14,10
RANKVOL_BENCH_N10,2024-06-04,363997.25,10
RANKVOL_BENCH_N10,2024-06-05,365329.36,10
RANKVOL_BENCH_N10,2024-06-06,364756.15,10
RANKVOL_BENCH_N10,2024-06-07,362792.8,10
RANKVOL_BENCH_N10,2024-06-10,365083.6,10
RANKVOL_BENCH_N10,2024-06-11,363271.52,10
RANKVOL_BENCH_N10,2024-06-12,362285.2,10
RANKVOL_BENCH_N10,2024-06-13,361603.22,10
RANKVOL_BENCH_N10,2024-06-14,358729.22,10
RANKVOL_BENCH_N10,2024-06-17,363331.98,10
RANKVOL_BENCH_N10,2024-06-18,361084.69,10
RANKVOL_BENCH_N10,2024-06-20,362308.13,10
RANKVOL_BENCH_N10,2024-06-21,362034.37,10
RANKVOL_BENCH_N10,2024-06-24,364806.01,10
RANKVOL_BENCH_N10,2024-06-25,363628.52,10
RANKVOL_BENCH_N10,2024-06-26,366276.61,10
RANKVOL_BENCH_N10,2024-06-27,369836.1,10
RANKVOL_BENCH_N10,2024-06-28,372377.3,10
RANKVOL_BENCH_N10,2024-07-01,373245.68,10
RANKVOL_BENCH_N10,2024-07-02,377313.5,10
RANKVOL_BENCH_N10,2024-07-03,380579.88,10
RANKVOL_BENCH_N10,2024-07-05,381060.86,10
RANKVOL_BENCH_N10,2024-07-08,380657.73,8
RANKVOL_BENCH_N10,2024-07-09,382265.09,7
RANKVOL_BENCH_N10,2024-07-10,383425.54,8
RANKVOL_BENCH_N10,2024-07-11,382902.76,10
RANKVOL_BENCH_N10,2024-07-12,386416.05,10
RANKVOL_BENCH_N10,2024-07-15,383100.53,10
RANKVOL_BENCH_N10,2024-07-16,393110.14,10
RANKVOL_BENCH_N10,2024-07-17,396451.34,10
RANKVOL_BENCH_N10,2024-07-18,396122.73,10
RANKVOL_BENCH_N10,2024-07-19,393161.0,9
RANKVOL_BENCH_N10,2024-07-22,392630.27,7
RANKVOL_BENCH_N10,2024-07-23,391717.41,9
RANKVOL_BENCH_N10,2024-07-24,386469.48,8
RANKVOL_BENCH_N10,2024-07-25,382862.12,7
RANKVOL_BENCH_N10,2024-07-26,397163.31,8
RANKVOL_BENCH_N10,2024-07-29,397500.28,9
RANKVOL_BENCH_N10,2024-07-30,400789.63,10
RANKVOL_BENCH_N10,2024-07-31,405188.51,10
RANKVOL_BENCH_N10,2024-08-01,399992.68,10
RANKVOL_BENCH_N10,2024-08-02,392326.65,10
RANKVOL_BENCH_N10,2024-08-05,384150.25,10
RANKVOL_BENCH_N10,2024-08-06,383775.54,9
RANKVOL_BENCH_N10,2024-08-07,382157.68,10
RANKVOL_BENCH_N10,2024-08-08,384857.98,10
RANKVOL_BENCH_N10,2024-08-09,385422.59,10
RANKVOL_BENCH_N10,2024-08-12,384473.14,10
RANKVOL_BENCH_N10,2024-08-13,399394.5,10
RANKVOL_BENCH_N10,2024-08-14,399273.0,10
RANKVOL_BENCH_N10,2024-08-15,404296.76,10
RANKVOL_BENCH_N10,2024-08-16,405520.79,10
RANKVOL_BENCH_N10,2024-08-19,407520.02,10
RANKVOL_BENCH_N10,2024-08-20,405865.61,10
RANKVOL_BENCH_N10,2024-08-21,407386.68,10
RANKVOL_BENCH_N10,2024-08-22,401329.68,10
RANKVOL_BENCH_N10,2024-08-23,409300.7,10
RANKVOL_BENCH_N10,2024-08-26,409576.48,10
RANKVOL_BENCH_N10,2024-08-27,410281.18,10
RANKVOL_BENCH_N10,2024-08-28,405634.28,9
RANKVOL_BENCH_N10,2024-08-29,406292.41,9
RANKVOL_BENCH_N10,2024-08-30,409483.67,10
RANKVOL_BENCH_N10,2024-09-03,402629.99,10
RANKVOL_BENCH_N10,2024-09-04,404213.64,10
RANKVOL_BENCH_N10,2024-09-05,406174.1,10
RANKVOL_BENCH_N10,2024-09-06,399047.7,10
RANKVOL_BENCH_N10,2024-09-09,403984.28,9
RANKVOL_BENCH_N10,2024-09-10,404485.62,10
RANKVOL_BENCH_N10,2024-09-11,405380.37,10
RANKVOL_BENCH_N10,2024-09-12,407833.54,10
RANKVOL_BENCH_N10,2024-09-13,408571.49,10
RANKVOL_BENCH_N10,2024-09-16,411840.86,10
RANKVOL_BENCH_N10,2024-09-17,411518.16,10
RANKVOL_BENCH_N10,2024-09-18,412294.84,10
RANKVOL_BENCH_N10,2024-09-19,417084.37,10
RANKVOL_BENCH_N10,2024-09-20,412825.08,10
RANKVOL_BENCH_N10,2024-09-23,414986.39,10
RANKVOL_BENCH_N10,2024-09-24,416283.33,10
RANKVOL_BENCH_N10,2024-09-25,412654.72,10
RANKVOL_BENCH_N10,2024-09-26,423091.93,10
RANKVOL_BENCH_N10,2024-09-27,424661.08,10
RANKVOL_BENCH_N10,2024-09-30,421706.61,10
RANKVOL_BENCH_N10,2024-10-01,421911.23,10
RANKVOL_BENCH_N10,2024-10-02,418909.03,8
RANKVOL_BENCH_N10,2024-10-03,417510.92,8
RANKVOL_BENCH_N10,2024-10-04,419950.47,8
RANKVOL_BENCH_N10,2024-10-07,416967.2,10
RANKVOL_BENCH_N10,2024-10-08,414939.67,10
RANKVOL_BENCH_N10,2024-10-09,417474.94,10
RANKVOL_BENCH_N10,2024-10-10,416369.59,10
RANKVOL_BENCH_N10,2024-10-11,420598.93,10
RANKVOL_BENCH_N10,2024-10-14,421206.71,10
RANKVOL_BENCH_N10,2024-10-15,421025.45,10
RANKVOL_BENCH_N10,2024-10-16,424287.09,10
RANKVOL_BENCH_N10,2024-10-17,421208.62,10
RANKVOL_BENCH_N10,2024-10-18,425363.02,10
RANKVOL_BENCH_N10,2024-10-21,421803.64,10
RANKVOL_BENCH_N10,2024-10-22,423315.65,10
RANKVOL_BENCH_N10,2024-10-23,419139.52,10
RANKVOL_BENCH_N10,2024-10-24,419067.62,10
RANKVOL_BENCH_N10,2024-10-25,418010.28,10
RANKVOL_BENCH_N10,2024-10-28,421031.66,10
RANKVOL_BENCH_N10,2024-10-29,417553.91,10
RANKVOL_BENCH_N10,2024-10-30,417623.64,10
RANKVOL_BENCH_N10,2024-10-31,412663.13,10
RANKVOL_BENCH_N10,2024-11-01,415968.02,10
RANKVOL_BENCH_N10,2024-11-04,415405.31,10
RANKVOL_BENCH_N10,2024-11-05,418734.92,10
RANKVOL_BENCH_N10,2024-11-06,422316.13,10
RANKVOL_BENCH_N10,2024-11-07,430277.35,10
RANKVOL_BENCH_N10,2024-11-08,429343.87,10
RANKVOL_BENCH_N10,2024-11-11,429104.53,10
RANKVOL_BENCH_N10,2024-11-12,425304.65,10
RANKVOL_BENCH_N10,2024-11-13,425460.8,10
RANKVOL_BENCH_N10,2024-11-14,421554.45,10
RANKVOL_BENCH_N10,2024-11-15,415811.98,10
RANKVOL_BENCH_N10,2024-11-18,419218.16,10
RANKVOL_BENCH_N10,2024-11-19,418442.95,10
RANKVOL_BENCH_N10,2024-11-20,419179.87,10
RANKVOL_BENCH_N10,2024-11-21,422556.92,10
RANKVOL_BENCH_N10,2024-11-22,427470.42,10
RANKVOL_BENCH_N10,2024-11-25,432770.05,10
RANKVOL_BENCH_N10,2024-11-26,428109.05,10
RANKVOL_BENCH_N10,2024-11-27,428628.16,10
RANKVOL_BENCH_N10,2024-11-29,430357.75,10
RANKVOL_BENCH_N10,2024-12-02,432305.66,10
RANKVOL_BENCH_N10,2024-12-03,430574.0,10
RANKVOL_BENCH_N10,2024-12-04,428077.01,10
RANKVOL_BENCH_N10,2024-12-05,426062.17,10
RANKVOL_BENCH_N10,2024-12-06,427343.11,10
RANKVOL_BENCH_N10,2024-12-09,427351.84,10
RANKVOL_BENCH_N10,2024-12-10,425092.91,10
RANKVOL_BENCH_N10,2024-12-11,427569.79,9
RANKVOL_BENCH_N10,2024-12-12,428219.62,10
RANKVOL_BENCH_N10,2024-12-13,422380.17,10
RANKVOL_BENCH_N10,2024-12-16,419084.17,10
RANKVOL_BENCH_N10,2024-12-17,419598.1,10
RANKVOL_BENCH_N10,2024-12-18,410579.01,10
RANKVOL_BENCH_N10,2024-12-19,410445.29,9
RANKVOL_BENCH_N10,2024-12-20,415065.0,9
RANKVOL_BENCH_N10,2024-12-23,415708.5,10
RANKVOL_BENCH_N10,2024-12-24,417754.02,10
RANKVOL_BENCH_N10,2024-12-26,417312.47,10
RANKVOL_BENCH_N10,2024-12-27,414541.58,10
RANKVOL_BENCH_N10,2024-12-30,410272.79,10
RANKVOL_BENCH_N10,2024-12-31,411620.45,10
RANKVOL_BENCH_N10,2025-01-02,412318.67,10
RANKVOL_BENCH_N10,2025-01-03,414591.56,10
RANKVOL_BENCH_N10,2025-01-06,415641.24,10
RANKVOL_BENCH_N10,2025-01-07,412178.86,10
RANKVOL_BENCH_N10,2025-01-08,410861.6,10
RANKVOL_BENCH_N10,2025-01-10,420453.46,10
RANKVOL_BENCH_N10,2025-01-13,424031.42,10
RANKVOL_BENCH_N10,2025-01-14,427759.27,10
RANKVOL_BENCH_N10,2025-01-15,431659.37,10
RANKVOL_BENCH_N10,2025-01-16,432303.58,10
RANKVOL_BENCH_N10,2025-01-17,433610.77,10
RANKVOL_BENCH_N10,2025-01-21,431155.51,10
RANKVOL_BENCH_N10,2025-01-22,429303.42,10
RANKVOL_BENCH_N10,2025-01-23,433508.66,10
RANKVOL_BENCH_N10,2025-01-24,432845.24,10
RANKVOL_BENCH_N10,2025-01-27,428660.21,10
RANKVOL_BENCH_N10,2025-01-28,428903.62,10
RANKVOL_BENCH_N10,2025-01-29,431576.74,10
RANKVOL_BENCH_N10,2025-01-30,433850.42,10
RANKVOL_BENCH_N10,2025-01-31,430022.71,10
RANKVOL_BENCH_N10,2025-02-03,422703.93,10
RANKVOL_BENCH_N10,2025-02-04,427006.83,9
RANKVOL_BENCH_N10,2025-02-05,430648.09,10
RANKVOL_BENCH_N10,2025-02-06,428576.74,10
RANKVOL_BENCH_N10,2025-02-07,427762.11,10
RANKVOL_BENCH_N10,2025-02-10,437909.22,10
RANKVOL_BENCH_N10,2025-02-11,433054.79,10
RANKVOL_BENCH_N10,2025-02-12,437925.32,10
RANKVOL_BENCH_N10,2025-02-13,446666.74,10
RANKVOL_BENCH_N10,2025-02-14,447582.99,10
RANKVOL_BENCH_N10,2025-02-18,459064.74,10
RANKVOL_BENCH_N10,2025-02-19,458345.71,10
RANKVOL_BENCH_N10,2025-02-20,461137.82,10
RANKVOL_BENCH_N10,2025-02-21,456268.35,10
RANKVOL_BENCH_N10,2025-02-24,457367.82,10
RANKVOL_BENCH_N10,2025-02-25,457494.32,10
RANKVOL_BENCH_N10,2025-02-26,453330.11,10
RANKVOL_BENCH_N10,2025-02-27,453227.81,10
RANKVOL_BENCH_N10,2025-02-28,459955.72,10
RANKVOL_BENCH_N10,2025-03-03,455656.21,10
RANKVOL_BENCH_N10,2025-03-04,449276.48,10
RANKVOL_BENCH_N10,2025-03-05,452578.45,10
RANKVOL_BENCH_N10,2025-03-06,452327.03,10
RANKVOL_BENCH_N10,2025-03-07,460343.22,10
RANKVOL_BENCH_N10,2025-03-10,460881.27,10
RANKVOL_BENCH_N10,2025-03-11,455757.8,10
RANKVOL_BENCH_N10,2025-03-12,452613.57,10
RANKVOL_BENCH_N10,2025-03-13,451732.67,9
RANKVOL_BENCH_N10,2025-03-14,462693.66,10
RANKVOL_BENCH_N10,2025-03-17,470901.06,10
RANKVOL_BENCH_N10,2025-03-18,470813.05,10
RANKVOL_BENCH_N10,2025-03-19,471980.8,10
RANKVOL_BENCH_N10,2025-03-20,471590.59,10
RANKVOL_BENCH_N10,2025-03-21,468715.01,10
RANKVOL_BENCH_N10,2025-03-24,474152.38,10
RANKVOL_BENCH_N10,2025-03-25,473693.22,10
RANKVOL_BENCH_N10,2025-03-26,469499.43,10
RANKVOL_BENCH_N10,2025-03-27,462708.73,10
RANKVOL_BENCH_N10,2025-03-28,457415.47,10
RANKVOL_BENCH_N10,2025-03-31,459195.67,10
RANKVOL_BENCH_N10,2025-04-01,453860.53,10
RANKVOL_BENCH_N10,2025-04-02,454467.62,10
RANKVOL_BENCH_N10,2025-04-03,431394.86,10
RANKVOL_BENCH_N10,2025-04-04,400423.19,10
RANKVOL_BENCH_N10,2025-04-07,396593.21,10
RANKVOL_BENCH_N10,2025-04-08,383691.72,10
RANKVOL_BENCH_N10,2025-04-09,418267.47,10
RANKVOL_BENCH_N10,2025-04-10,394986.77,10
RANKVOL_BENCH_N10,2025-04-11,399719.6,10
RANKVOL_BENCH_N10,2025-04-14,404163.46,10
RANKVOL_BENCH_N10,2025-04-15,403370.37,10
RANKVOL_BENCH_N10,2025-04-16,397702.46,10
RANKVOL_BENCH_N10,2025-04-17,401466.2,10
RANKVOL_BENCH_N10,2025-04-21,395212.05,10
RANKVOL_BENCH_N10,2025-04-22,403764.22,10
RANKVOL_BENCH_N10,2025-04-23,407587.5,10
RANKVOL_BENCH_N10,2025-04-24,417189.62,10
RANKVOL_BENCH_N10,2025-04-25,412244.65,10
RANKVOL_BENCH_N10,2025-04-28,412768.26,10
RANKVOL_BENCH_N10,2025-04-29,415132.43,10
RANKVOL_BENCH_N10,2025-04-30,415476.73,10
RANKVOL_BENCH_N10,2025-05-01,416013.21,10
RANKVOL_BENCH_N10,2025-05-02,423766.6,10
RANKVOL_BENCH_N10,2025-05-05,419294.96,10
RANKVOL_BENCH_N10,2025-05-06,417783.17,9
RANKVOL_BENCH_N10,2025-05-07,422073.92,7
RANKVOL_BENCH_N10,2025-05-08,426228.21,6
RANKVOL_BENCH_N10,2025-05-09,429579.65,8
RANKVOL_BENCH_N10,2025-05-12,439866.42,9
RANKVOL_BENCH_N10,2025-05-13,450536.15,10
RANKVOL_BENCH_N10,2025-05-14,446325.24,9
RANKVOL_BENCH_N10,2025-05-15,448141.99,10
RANKVOL_BENCH_N10,2025-05-16,449299.81,10
RANKVOL_BENCH_N10,2025-05-19,443534.13,10
RANKVOL_BENCH_N10,2025-05-20,442236.98,10
RANKVOL_BENCH_N10,2025-05-21,434609.49,10
RANKVOL_BENCH_N10,2025-05-22,431839.76,8
RANKVOL_BENCH_N10,2025-05-23,430544.28,8
RANKVOL_BENCH_N10,2025-05-27,435272.6,10
RANKVOL_BENCH_N10,2025-05-28,432117.18,10
RANKVOL_BENCH_N10,2025-05-29,432643.03,10
RANKVOL_BENCH_N10,2025-05-30,430874.53,10
RANKVOL_BENCH_N10,2025-06-02,435940.22,10
RANKVOL_BENCH_N10,2025-06-03,437564.58,10
RANKVOL_BENCH_N10,2025-06-04,435529.6,10
RANKVOL_BENCH_N10,2025-06-05,434495.12,10
RANKVOL_BENCH_N10,2025-06-06,437172.64,10
RANKVOL_BENCH_N10,2025-06-09,440815.5,10
RANKVOL_BENCH_N10,2025-06-10,448222.49,10
RANKVOL_BENCH_N10,2025-06-11,445130.68,10
RANKVOL_BENCH_N10,2025-06-12,446829.9,10
RANKVOL_BENCH_N10,2025-06-13,446424.42,10
RANKVOL_BENCH_N10,2025-06-16,447946.01,10
RANKVOL_BENCH_N10,2025-06-17,444826.36,10
RANKVOL_BENCH_N10,2025-06-18,447383.52,10
RANKVOL_BENCH_N10,2025-06-20,450706.51,10
RANKVOL_BENCH_N10,2025-06-23,448524.31,10
RANKVOL_BENCH_N10,2025-06-24,453673.29,10
RANKVOL_BENCH_N10,2025-06-25,453609.66,10
RANKVOL_BENCH_N10,2025-06-26,459419.22,10
RANKVOL_BENCH_N10,2025-06-27,461148.91,10
RANKVOL_BENCH_N10,2025-06-30,463954.98,10
RANKVOL_BENCH_N10,2025-07-01,469142.19,10
RANKVOL_BENCH_N10,2025-07-02,475754.02,10
RANKVOL_BENCH_N10,2025-07-03,479265.73,10
RANKVOL_BENCH_N10,2025-07-07,472542.73,10
RANKVOL_BENCH_N10,2025-07-08,475771.46,8
RANKVOL_BENCH_N10,2025-07-09,487157.49,10
RANKVOL_BENCH_N10,2025-07-10,484519.12,10
RANKVOL_BENCH_N10,2025-07-11,480890.26,10
RANKVOL_BENCH_N10,2025-07-14,478906.38,9
RANKVOL_BENCH_N10,2025-07-15,480311.64,10
RANKVOL_BENCH_N10,2025-07-16,482318.75,10
RANKVOL_BENCH_N10,2025-07-17,484794.73,10
RANKVOL_BENCH_N10,2025-07-18,485027.1,10
RANKVOL_BENCH_N10,2025-07-21,483132.96,10
RANKVOL_BENCH_N10,2025-07-22,485214.36,10
RANKVOL_BENCH_N10,2025-07-23,489983.0,10
RANKVOL_BENCH_N10,2025-07-24,489988.8,10
RANKVOL_BENCH_N10,2025-07-25,486263.09,10
RANKVOL_BENCH_N10,2025-07-28,487485.34,10
RANKVOL_BENCH_N10,2025-07-29,483120.46,10
RANKVOL_BENCH_N10,2025-07-30,483516.51,10
RANKVOL_BENCH_N10,2025-07-31,483434.02,10
RANKVOL_BENCH_N10,2025-08-01,473908.45,10
RANKVOL_BENCH_N10,2025-08-04,478954.41,9
RANKVOL_BENCH_N10,2025-08-05,481804.99,10
RANKVOL_BENCH_N10,2025-08-06,472621.33,10
RANKVOL_BENCH_N10,2025-08-07,471359.15,10
RANKVOL_BENCH_N10,2025-08-08,473673.31,10
RANKVOL_BENCH_N10,2025-08-11,471765.1,10
RANKVOL_BENCH_N10,2025-08-12,478193.81,10
RANKVOL_BENCH_N10,2025-08-13,481914.67,10
RANKVOL_BENCH_N10,2025-08-14,483081.15,10
RANKVOL_BENCH_N10,2025-08-15,488058.21,10
RANKVOL_BENCH_N10,2025-08-18,485940.31,10
RANKVOL_BENCH_N10,2025-08-19,488405.44,10
RANKVOL_BENCH_N10,2025-08-20,483086.69,10
RANKVOL_BENCH_N10,2025-08-21,483918.1,10
RANKVOL_BENCH_N10,2025-08-22,491664.34,10
RANKVOL_BENCH_N10,2025-08-25,490424.52,10
RANKVOL_BENCH_N10,2025-08-26,490631.71,9
RANKVOL_BENCH_N10,2025-08-27,492946.79,9
RANKVOL_BENCH_N10,2025-08-28,493252.28,10
RANKVOL_BENCH_N10,2025-08-29,486337.72,10
RANKVOL_BENCH_N10,2025-09-02,484024.59,9
RANKVOL_BENCH_N10,2025-09-03,482757.41,10
RANKVOL_BENCH_N10,2025-09-04,483843.17,10
RANKVOL_BENCH_N10,2025-09-05,488016.79,10
RANKVOL_BENCH_N10,2025-09-08,489978.95,10
RANKVOL_BENCH_N10,2025-09-09,492661.14,10
RANKVOL_BENCH_N10,2025-09-10,498867.98,10
RANKVOL_BENCH_N10,2025-09-11,516475.17,10
RANKVOL_BENCH_N10,2025-09-12,530366.29,10
RANKVOL_BENCH_N10,2025-09-15,534399.99,10
RANKVOL_BENCH_N10,2025-09-16,530955.07,10
RANKVOL_BENCH_N10,2025-09-17,527684.0,10
RANKVOL_BENCH_N10,2025-09-18,530270.29,10
RANKVOL_BENCH_N10,2025-09-19,531985.22,10
RANKVOL_BENCH_N10,2025-09-22,534238.76,10
RANKVOL_BENCH_N10,2025-09-23,532822.45,10
RANKVOL_BENCH_N10,2025-09-24,536825.97,10
RANKVOL_BENCH_N10,2025-09-25,532009.04,10
RANKVOL_BENCH_N10,2025-09-26,534466.3,10
RANKVOL_BENCH_N10,2025-09-29,537788.4,10
RANKVOL_BENCH_N10,2025-09-30,538423.21,10
RANKVOL_BENCH_N10,2025-10-01,543769.09,10
RANKVOL_BENCH_N10,2025-10-02,542058.5,10
RANKVOL_BENCH_N10,2025-10-03,545222.31,10
RANKVOL_BENCH_N10,2025-10-06,549515.5,10
RANKVOL_BENCH_N10,2025-10-07,551728.51,10
RANKVOL_BENCH_N10,2025-10-08,555619.73,10
RANKVOL_BENCH_N10,2025-10-09,552461.68,10
RANKVOL_BENCH_N10,2025-10-10,531258.98,10
RANKVOL_BENCH_N10,2025-10-13,540234.82,10
RANKVOL_BENCH_N10,2025-10-14,540746.87,10
RANKVOL_BENCH_N10,2025-10-15,542296.46,10
RANKVOL_BENCH_N10,2025-10-16,540816.9,10
RANKVOL_BENCH_N10,2025-10-17,540044.78,10
RANKVOL_BENCH_N10,2025-10-20,550247.35,10
RANKVOL_BENCH_N10,2025-10-21,553953.73,10
RANKVOL_BENCH_N10,2025-10-22,545558.82,10
RANKVOL_BENCH_N10,2025-10-23,539402.76,10
RANKVOL_BENCH_N10,2025-10-24,545539.78,10
RANKVOL_BENCH_N10,2025-10-27,554280.49,10
RANKVOL_BENCH_N10,2025-10-28,551335.97,10
RANKVOL_BENCH_N10,2025-10-29,558396.33,10
RANKVOL_BENCH_N10,2025-10-30,555134.05,10
RANKVOL_BENCH_N10,2025-10-31,564961.21,10
RANKVOL_BENCH_N10,2025-11-03,568986.12,10
RANKVOL_BENCH_N10,2025-11-04,554344.5,9
RANKVOL_BENCH_N10,2025-11-05,556475.65,9
RANKVOL_BENCH_N10,2025-11-06,548442.94,10
RANKVOL_BENCH_N10,2025-11-07,551618.9,10
RANKVOL_BENCH_N10,2025-11-10,551889.9,10
RANKVOL_BENCH_N10,2025-11-11,552592.26,10
RANKVOL_BENCH_N10,2025-11-12,554223.43,10
RANKVOL_BENCH_N10,2025-11-13,542264.77,10
RANKVOL_BENCH_N10,2025-11-14,540333.55,10
RANKVOL_BENCH_N10,2025-11-17,530023.98,10
RANKVOL_BENCH_N10,2025-11-18,530283.24,8
RANKVOL_BENCH_N10,2025-11-19,526120.85,10
RANKVOL_BENCH_N10,2025-11-20,516256.16,10
RANKVOL_BENCH_N10,2025-11-21,525431.42,10
RANKVOL_BENCH_N10,2025-11-24,532750.63,10
RANKVOL_BENCH_N10,2025-11-25,536953.67,10
RANKVOL_BENCH_N10,2025-11-26,547347.08,10
RANKVOL_BENCH_N10,2025-11-28,549975.98,10
RANKVOL_BENCH_N10,2025-12-01,544710.81,10
RANKVOL_BENCH_N10,2025-12-02,544474.36,10
RANKVOL_BENCH_N10,2025-12-03,553478.91,10
RANKVOL_BENCH_N10,2025-12-04,557641.77,10
RANKVOL_BENCH_N10,2025-12-05,554617.84,10
RANKVOL_BENCH_N10,2025-12-08,553365.76,10
RANKVOL_BENCH_N10,2025-12-09,552639.1,10
RANKVOL_BENCH_N10,2025-12-10,562086.63,10
RANKVOL_BENCH_N10,2025-12-11,561578.69,10
RANKVOL_BENCH_N10,2025-12-12,558263.57,10
RANKVOL_BENCH_N10,2025-12-15,555371.29,9
RANKVOL_BENCH_N10,2025-12-16,552585.7,8
RANKVOL_BENCH_N10,2025-12-17,548844.37,8
RANKVOL_BENCH_N10,2025-12-18,549073.74,9
RANKVOL_BENCH_N10,2025-12-19,544186.52,10
RANKVOL_BENCH_N10,2025-12-22,547732.3,10
RANKVOL_BENCH_N10,2025-12-23,546174.83,10
RANKVOL_BENCH_N10,2025-12-24,551155.68,10
RANKVOL_BENCH_N10,2025-12-26,552717.21,10
RANKVOL_BENCH_N10,2025-12-29,553742.87,10
RANKVOL_BENCH_N10,2025-12-30,553406.81,10
RANKVOL_BENCH_N10,2025-12-31,552887.57,10
LEAN_TIEBREAK,2016-01-04,100000.0,0
LEAN_TIEBREAK,2016-01-05,100000.0,0
LEAN_TIEBREAK,2016-01-06,100000.0,0
LEAN_TIEBREAK,2016-01-07,100000.0,0
LEAN_TIEBREAK,2016-01-08,100000.0,0
LEAN_TIEBREAK,2016-01-11,100000.0,0
LEAN_TIEBREAK,2016-01-12,100000.0,0
LEAN_TIEBREAK,2016-01-13,100000.0,0
LEAN_TIEBREAK,2016-01-14,100000.0,0
LEAN_TIEBREAK,2016-01-15,100000.0,0
LEAN_TIEBREAK,2016-01-19,100000.0,0
LEAN_TIEBREAK,2016-01-20,100000.0,0
LEAN_TIEBREAK,2016-01-21,100000.0,0
LEAN_TIEBREAK,2016-01-22,100000.0,0
LEAN_TIEBREAK,2016-01-25,100000.0,0
LEAN_TIEBREAK,2016-01-26,100000.0,0
LEAN_TIEBREAK,2016-01-27,100000.0,0
LEAN_TIEBREAK,2016-01-28,100000.0,0
LEAN_TIEBREAK,2016-01-29,100000.0,0
LEAN_TIEBREAK,2016-02-01,100682.42,10
LEAN_TIEBREAK,2016-02-02,97832.08,10
LEAN_TIEBREAK,2016-02-03,98890.22,10
LEAN_TIEBREAK,2016-02-04,98972.39,10
LEAN_TIEBREAK,2016-02-05,96938.75,10
LEAN_TIEBREAK,2016-02-08,94212.93,9
LEAN_TIEBREAK,2016-02-09,93539.51,10
LEAN_TIEBREAK,2016-02-10,93750.24,10
LEAN_TIEBREAK,2016-02-11,92265.48,10
LEAN_TIEBREAK,2016-02-12,94200.46,9
LEAN_TIEBREAK,2016-02-16,96002.19,10
LEAN_TIEBREAK,2016-02-17,97698.22,10
LEAN_TIEBREAK,2016-02-18,97023.26,10
LEAN_TIEBREAK,2016-02-19,98299.56,10
LEAN_TIEBREAK,2016-02-22,99578.4,10
LEAN_TIEBREAK,2016-02-23,98434.26,10
LEAN_TIEBREAK,2016-02-24,99454.57,9
LEAN_TIEBREAK,2016-02-25,100781.93,10
LEAN_TIEBREAK,2016-02-26,100436.95,10
LEAN_TIEBREAK,2016-02-29,99819.21,10
LEAN_TIEBREAK,2016-03-01,102765.77,10
LEAN_TIEBREAK,2016-03-02,102900.61,10
LEAN_TIEBREAK,2016-03-03,102987.34,10
LEAN_TIEBREAK,2016-03-04,103073.86,10
LEAN_TIEBREAK,2016-03-07,103071.19,10
LEAN_TIEBREAK,2016-03-08,101540.56,10
LEAN_TIEBREAK,2016-03-09,101966.55,5
LEAN_TIEBREAK,2016-03-10,102395.43,5
LEAN_TIEBREAK,2016-03-11,102987.36,5
LEAN_TIEBREAK,2016-03-14,103446.53,8
LEAN_TIEBREAK,2016-03-15,103221.53,8
LEAN_TIEBREAK,2016-03-16,103503.78,8
LEAN_TIEBREAK,2016-03-17,103958.24,10
LEAN_TIEBREAK,2016-03-18,104624.76,10
LEAN_TIEBREAK,2016-03-21,105066.41,10
LEAN_TIEBREAK,2016-03-22,105122.49,10
LEAN_TIEBREAK,2016-03-23,104393.16,10
LEAN_TIEBREAK,2016-03-24,104101.0,9
LEAN_TIEBREAK,2016-03-28,104228.03,9
LEAN_TIEBREAK,2016-03-29,105373.51,9
LEAN_TIEBREAK,2016-03-30,106143.1,10
LEAN_TIEBREAK,2016-03-31,105576.38,10
LEAN_TIEBREAK,2016-04-01,105978.76,10
LEAN_TIEBREAK,2016-04-04,105931.47,10
LEAN_TIEBREAK,2016-04-05,105406.4,9
LEAN_TIEBREAK,2016-04-06,106602.59,8
LEAN_TIEBREAK,2016-04-07,105754.1,10
LEAN_TIEBREAK,2016-04-08,106715.56,10
LEAN_TIEBREAK,2016-04-11,106086.81,10
LEAN_TIEBREAK,2016-04-12,108159.29,10
LEAN_TIEBREAK,2016-04-13,109552.62,10
LEAN_TIEBREAK,2016-04-14,109733.8,10
LEAN_TIEBREAK,2016-04-15,109464.55,10
LEAN_TIEBREAK,2016-04-18,110411.13,10
LEAN_TIEBREAK,2016-04-19,111171.56,10
LEAN_TIEBREAK,2016-04-20,111487.38,10
LEAN_TIEBREAK,2016-04-21,110479.13,10
LEAN_TIEBREAK,2016-04-22,110180.99,10
LEAN_TIEBREAK,2016-04-25,109727.73,8
LEAN_TIEBREAK,2016-04-26,109329.59,7
LEAN_TIEBREAK,2016-04-27,109773.75,7
LEAN_TIEBREAK,2016-04-28,108997.63,10
LEAN_TIEBREAK,2016-04-29,107449.78,10
LEAN_TIEBREAK,2016-05-02,108083.95,10
LEAN_TIEBREAK,2016-05-03,107195.5,10
LEAN_TIEBREAK,2016-05-04,106285.69,9
LEAN_TIEBREAK,2016-05-05,106623.1,9
LEAN_TIEBREAK,2016-05-06,106746.22,10
LEAN_TIEBREAK,2016-05-09,107497.88,10
LEAN_TIEBREAK,2016-05-10,108112.97,10
LEAN_TIEBREAK,2016-05-11,107162.83,10
LEAN_TIEBREAK,2016-05-12,106344.46,10
LEAN_TIEBREAK,2016-05-13,105717.38,10
LEAN_TIEBREAK,2016-05-16,106485.01,10
LEAN_TIEBREAK,2016-05-17,105640.19,10
LEAN_TIEBREAK,2016-05-18,105540.07,10
LEAN_TIEBREAK,2016-05-19,106330.6,10
LEAN_TIEBREAK,2016-05-20,107588.75,10
LEAN_TIEBREAK,2016-05-23,107535.87,10
LEAN_TIEBREAK,2016-05-24,109287.91,10
LEAN_TIEBREAK,2016-05-25,109795.89,10
LEAN_TIEBREAK,2016-05-26,110213.99,10
LEAN_TIEBREAK,2016-05-27,110888.97,10
LEAN_TIEBREAK,2016-05-31,111522.04,10
LEAN_TIEBREAK,2016-06-01,112070.88,10
LEAN_TIEBREAK,2016-06-02,112096.97,10
LEAN_TIEBREAK,2016-06-03,111205.43,10
LEAN_TIEBREAK,2016-06-06,111057.96,10
LEAN_TIEBREAK,2016-06-07,111725.5,10
LEAN_TIEBREAK,2016-06-08,111520.62,10
LEAN_TIEBREAK,2016-06-09,111438.07,10
LEAN_TIEBREAK,2016-06-10,110188.47,10
LEAN_TIEBREAK,2016-06-13,109217.18,9
LEAN_TIEBREAK,2016-06-14,109219.38,9
LEAN_TIEBREAK,2016-06-15,109333.85,10
LEAN_TIEBREAK,2016-06-16,109460.59,10
LEAN_TIEBREAK,2016-06-17,109203.44,10
LEAN_TIEBREAK,2016-06-20,110157.08,10
LEAN_TIEBREAK,2016-06-21,110602.8,10
LEAN_TIEBREAK,2016-06-22,110465.78,10
LEAN_TIEBREAK,2016-06-23,111912.58,10
LEAN_TIEBREAK,2016-06-24,106463.16,10
LEAN_TIEBREAK,2016-06-27,103952.64,10
LEAN_TIEBREAK,2016-06-28,105951.72,10
LEAN_TIEBREAK,2016-06-29,108479.46,10
LEAN_TIEBREAK,2016-06-30,110028.78,10
LEAN_TIEBREAK,2016-07-01,110902.09,10
LEAN_TIEBREAK,2016-07-05,109839.63,10
LEAN_TIEBREAK,2016-07-06,110069.39,10
LEAN_TIEBREAK,2016-07-07,110211.73,10
LEAN_TIEBREAK,2016-07-08,111628.42,10
LEAN_TIEBREAK,2016-07-11,112464.7,10
LEAN_TIEBREAK,2016-07-12,113639.24,10
LEAN_TIEBREAK,2016-07-13,112778.12,10
LEAN_TIEBREAK,2016-07-14,114161.81,10
LEAN_TIEBREAK,2016-07-15,114004.26,10
LEAN_TIEBREAK,2016-07-18,114493.71,10
LEAN_TIEBREAK,2016-07-19,114541.6,10
LEAN_TIEBREAK,2016-07-20,114715.33,10
LEAN_TIEBREAK,2016-07-21,115211.04,10
LEAN_TIEBREAK,2016-07-22,116081.09,10
LEAN_TIEBREAK,2016-07-25,115463.85,10
LEAN_TIEBREAK,2016-07-26,115664.65,10
LEAN_TIEBREAK,2016-07-27,115948.15,9
LEAN_TIEBREAK,2016-07-28,116126.19,9
LEAN_TIEBREAK,2016-07-29,116159.17,10
LEAN_TIEBREAK,2016-08-01,116767.41,10
LEAN_TIEBREAK,2016-08-02,115829.23,10
LEAN_TIEBREAK,2016-08-03,116402.82,10
LEAN_TIEBREAK,2016-08-04,116059.8,10
LEAN_TIEBREAK,2016-08-05,116930.84,10
LEAN_TIEBREAK,2016-08-08,116819.09,10
LEAN_TIEBREAK,2016-08-09,116936.03,10
LEAN_TIEBREAK,2016-08-10,116915.41,10
LEAN_TIEBREAK,2016-08-11,118004.61,10
LEAN_TIEBREAK,2016-08-12,118374.72,10
LEAN_TIEBREAK,2016-08-15,118603.99,10
LEAN_TIEBREAK,2016-08-16,118035.5,10
LEAN_TIEBREAK,2016-08-17,118487.87,10
LEAN_TIEBREAK,2016-08-18,118819.87,10
LEAN_TIEBREAK,2016-08-19,118547.44,10
LEAN_TIEBREAK,2016-08-22,118304.56,10
LEAN_TIEBREAK,2016-08-23,118182.92,10
LEAN_TIEBREAK,2016-08-24,117763.35,10
LEAN_TIEBREAK,2016-08-25,117658.43,10
LEAN_TIEBREAK,2016-08-26,117574.95,10
LEAN_TIEBREAK,2016-08-29,118292.32,10
LEAN_TIEBREAK,2016-08-30,118191.42,10
LEAN_TIEBREAK,2016-08-31,117781.97,10
LEAN_TIEBREAK,2016-09-01,118255.86,10
LEAN_TIEBREAK,2016-09-02,118496.51,10
LEAN_TIEBREAK,2016-09-06,118606.8,10
LEAN_TIEBREAK,2016-09-07,118319.56,10
LEAN_TIEBREAK,2016-09-08,118188.21,10
LEAN_TIEBREAK,2016-09-09,115006.04,10
LEAN_TIEBREAK,2016-09-12,116765.86,10
LEAN_TIEBREAK,2016-09-13,115220.53,10
LEAN_TIEBREAK,2016-09-14,115207.72,10
LEAN_TIEBREAK,2016-09-15,116432.7,10
LEAN_TIEBREAK,2016-09-16,116096.11,10
LEAN_TIEBREAK,2016-09-19,116152.1,10
LEAN_TIEBREAK,2016-09-20,116021.86,10
LEAN_TIEBREAK,2016-09-21,117213.21,10
LEAN_TIEBREAK,2016-09-22,117989.62,10
LEAN_TIEBREAK,2016-09-23,117527.35,10
LEAN_TIEBREAK,2016-09-26,116652.97,10
LEAN_TIEBREAK,2016-09-27,117619.92,10
LEAN_TIEBREAK,2016-09-28,118016.3,10
LEAN_TIEBREAK,2016-09-29,116874.06,10
LEAN_TIEBREAK,2016-09-30,118512.93,10
LEAN_TIEBREAK,2016-10-03,118654.08,10
LEAN_TIEBREAK,2016-10-04,118075.15,10
LEAN_TIEBREAK,2016-10-05,118760.79,10
LEAN_TIEBREAK,2016-10-06,118618.4,10
LEAN_TIEBREAK,2016-10-07,118704.49,10
LEAN_TIEBREAK,2016-10-10,119277.35,10
LEAN_TIEBREAK,2016-10-11,117790.14,10
LEAN_TIEBREAK,2016-10-12,118037.33,10
LEAN_TIEBREAK,2016-10-13,117557.37,10
LEAN_TIEBREAK,2016-10-14,116768.01,10
LEAN_TIEBREAK,2016-10-17,115801.98,10
LEAN_TIEBREAK,2016-10-18,116750.18,10
LEAN_TIEBREAK,2016-10-19,117203.87,10
LEAN_TIEBREAK,2016-10-20,117258.95,10
LEAN_TIEBREAK,2016-10-21,117300.25,10
LEAN_TIEBREAK,2016-10-24,117844.08,10
LEAN_TIEBREAK,2016-10-25,117192.67,10
LEAN_TIEBREAK,2016-10-26,115860.12,10
LEAN_TIEBREAK,2016-10-27,115344.37,10
LEAN_TIEBREAK,2016-10-28,115575.3,10
LEAN_TIEBREAK,2016-10-31,115910.98,10
LEAN_TIEBREAK,2016-11-01,115218.84,10
LEAN_TIEBREAK,2016-11-02,114731.94,10
LEAN_TIEBREAK,2016-11-03,114468.55,10
LEAN_TIEBREAK,2016-11-04,114976.38,10
LEAN_TIEBREAK,2016-11-07,117676.77,10
LEAN_TIEBREAK,2016-11-08,118968.28,10
LEAN_TIEBREAK,2016-11-09,121165.16,10
LEAN_TIEBREAK,2016-11-10,122982.09,10
LEAN_TIEBREAK,2016-11-11,123329.6,10
LEAN_TIEBREAK,2016-11-14,123895.73,10
LEAN_TIEBREAK,2016-11-15,124522.84,10
LEAN_TIEBREAK,2016-11-16,123780.71,10
LEAN_TIEBREAK,2016-11-17,124645.85,10
LEAN_TIEBREAK,2016-11-18,124402.87,10
LEAN_TIEBREAK,2016-11-21,125427.33,10
LEAN_TIEBREAK,2016-11-22,125672.05,10
LEAN_TIEBREAK,2016-11-23,124622.12,10
LEAN_TIEBREAK,2016-11-25,125183.19,10
LEAN_TIEBREAK,2016-11-28,123511.67,10
LEAN_TIEBREAK,2016-11-29,123543.11,10
LEAN_TIEBREAK,2016-11-30,123806.14,10
LEAN_TIEBREAK,2016-12-01,122231.34,10
LEAN_TIEBREAK,2016-12-02,122506.08,10
LEAN_TIEBREAK,2016-12-05,123868.68,10
LEAN_TIEBREAK,2016-12-06,124505.31,10
LEAN_TIEBREAK,2016-12-07,126133.53,10
LEAN_TIEBREAK,2016-12-08,125284.07,10
LEAN_TIEBREAK,2016-12-09,125389.29,10
LEAN_TIEBREAK,2016-12-12,125671.25,10
LEAN_TIEBREAK,2016-12-13,126666.43,10
LEAN_TIEBREAK,2016-12-14,125339.72,10
LEAN_TIEBREAK,2016-12-15,125460.59,10
LEAN_TIEBREAK,2016-12-16,124819.77,10
LEAN_TIEBREAK,2016-12-19,124875.45,10
LEAN_TIEBREAK,2016-12-20,124816.24,10
LEAN_TIEBREAK,2016-12-21,125153.31,10
LEAN_TIEBREAK,2016-12-22,124809.88,10
LEAN_TIEBREAK,2016-12-23,124835.1,10
LEAN_TIEBREAK,2016-12-27,125596.57,10
LEAN_TIEBREAK,2016-12-28,124160.91,10
LEAN_TIEBREAK,2016-12-29,123912.02,9
LEAN_TIEBREAK,2016-12-30,122821.62,9
LEAN_TIEBREAK,2017-01-03,124223.02,10
LEAN_TIEBREAK,2017-01-04,125174.27,10
LEAN_TIEBREAK,2017-01-05,125944.88,10
LEAN_TIEBREAK,2017-01-06,126895.2,10
LEAN_TIEBREAK,2017-01-09,126364.67,10
LEAN_TIEBREAK,2017-01-10,126115.41,10
LEAN_TIEBREAK,2017-01-11,127169.25,10
LEAN_TIEBREAK,2017-01-12,127193.24,10
LEAN_TIEBREAK,2017-01-13,128577.45,10
LEAN_TIEBREAK,2017-01-17,126762.29,10
LEAN_TIEBREAK,2017-01-18,127592.07,10
LEAN_TIEBREAK,2017-01-19,128352.98,10
LEAN_TIEBREAK,2017-01-20,128501.68,10
LEAN_TIEBREAK,2017-01-23,126906.28,10
LEAN_TIEBREAK,2017-01-24,129035.6,10
LEAN_TIEBREAK,2017-01-25,130836.6,10
LEAN_TIEBREAK,2017-01-26,129433.37,10
LEAN_TIEBREAK,2017-01-27,129919.58,10
LEAN_TIEBREAK,2017-01-30,128201.93,10
LEAN_TIEBREAK,2017-01-31,128125.56,10
LEAN_TIEBREAK,2017-02-01,127781.47,9
LEAN_TIEBREAK,2017-02-02,128359.96,10
LEAN_TIEBREAK,2017-02-03,128992.87,10
LEAN_TIEBREAK,2017-02-06,129623.86,10
LEAN_TIEBREAK,2017-02-07,129651.56,10
LEAN_TIEBREAK,2017-02-08,129273.73,10
LEAN_TIEBREAK,2017-02-09,129536.27,10
LEAN_TIEBREAK,2017-02-10,129656.9,10
LEAN_TIEBREAK,2017-02-13,130837.1,10
LEAN_TIEBREAK,2017-02-14,131774.69,10
LEAN_TIEBREAK,2017-02-15,132082.21,10
LEAN_TIEBREAK,2017-02-16,131065.13,10
LEAN_TIEBREAK,2017-02-17,130940.85,8
LEAN_TIEBREAK,2017-02-21,132228.47,9
LEAN_TIEBREAK,2017-02-22,131284.91,10
LEAN_TIEBREAK,2017-02-23,132081.85,10
LEAN_TIEBREAK,2017-02-24,131998.97,10
LEAN_TIEBREAK,2017-02-27,132138.19,10
LEAN_TIEBREAK,2017-02-28,131285.6,10
LEAN_TIEBREAK,2017-03-01,132542.44,10
LEAN_TIEBREAK,2017-03-02,132290.61,10
LEAN_TIEBREAK,2017-03-03,132046.69,10
LEAN_TIEBREAK,2017-03-06,131090.44,10
LEAN_TIEBREAK,2017-03-07,130628.19,10
LEAN_TIEBREAK,2017-03-08,129842.05,10
LEAN_TIEBREAK,2017-03-09,130253.21,10
LEAN_TIEBREAK,2017-03-10,131578.23,10
LEAN_TIEBREAK,2017-03-13,131920.62,10
LEAN_TIEBREAK,2017-03-14,131007.15,10
LEAN_TIEBREAK,2017-03-15,132921.3,10
LEAN_TIEBREAK,2017-03-16,132258.08,10
LEAN_TIEBREAK,2017-03-17,131949.93,10
LEAN_TIEBREAK,2017-03-20,131595.13,10
LEAN_TIEBREAK,2017-03-21,129705.7,10
LEAN_TIEBREAK,2017-03-22,129837.47,10
LEAN_TIEBREAK,2017-03-23,129726.99,10
LEAN_TIEBREAK,2017-03-24,129982.26,10
LEAN_TIEBREAK,2017-03-27,129541.76,10
LEAN_TIEBREAK,2017-03-28,129794.29,10
LEAN_TIEBREAK,2017-03-29,130269.08,10
LEAN_TIEBREAK,2017-03-30,129830.16,10
LEAN_TIEBREAK,2017-03-31,130431.18,10
LEAN_TIEBREAK,2017-04-03,130580.97,10
LEAN_TIEBREAK,2017-04-04,130767.67,10
LEAN_TIEBREAK,2017-04-05,130380.56,10
LEAN_TIEBREAK,2017-04-06,130544.81,10
LEAN_TIEBREAK,2017-04-07,130336.85,10
LEAN_TIEBREAK,2017-04-10,130891.25,10
LEAN_TIEBREAK,2017-04-11,130379.75,10
LEAN_TIEBREAK,2017-04-12,129735.35,10
LEAN_TIEBREAK,2017-04-13,128535.02,10
LEAN_TIEBREAK,2017-04-17,129153.52,10
LEAN_TIEBREAK,2017-04-18,128776.94,10
LEAN_TIEBREAK,2017-04-19,128252.58,10
LEAN_TIEBREAK,2017-04-20,128895.78,10
LEAN_TIEBREAK,2017-04-21,128479.74,10
LEAN_TIEBREAK,2017-04-24,128906.9,10
LEAN_TIEBREAK,2017-04-25,129460.38,10
LEAN_TIEBREAK,2017-04-26,131221.46,10
LEAN_TIEBREAK,2017-04-27,130661.04,10
LEAN_TIEBREAK,2017-04-28,130495.91,10
LEAN_TIEBREAK,2017-05-01,129459.29,9
LEAN_TIEBREAK,2017-05-02,127033.89,10
LEAN_TIEBREAK,2017-05-03,127483.39,10
LEAN_TIEBREAK,2017-05-04,125843.3,10
LEAN_TIEBREAK,2017-05-05,127813.55,10
LEAN_TIEBREAK,2017-05-08,127653.04,10
LEAN_TIEBREAK,2017-05-09,127171.74,10
LEAN_TIEBREAK,2017-05-10,128700.34,10
LEAN_TIEBREAK,2017-05-11,128702.89,10
LEAN_TIEBREAK,2017-05-12,128442.29,10
LEAN_TIEBREAK,2017-05-15,129264.56,10
LEAN_TIEBREAK,2017-05-16,130477.34,10
LEAN_TIEBREAK,2017-05-17,127498.03,10
LEAN_TIEBREAK,2017-05-18,127664.65,10
LEAN_TIEBREAK,2017-05-19,128871.99,10
LEAN_TIEBREAK,2017-05-22,129207.01,10
LEAN_TIEBREAK,2017-05-23,128832.74,10
LEAN_TIEBREAK,2017-05-24,128679.5,10
LEAN_TIEBREAK,2017-05-25,127623.96,10
LEAN_TIEBREAK,2017-05-26,127500.1,10
LEAN_TIEBREAK,2017-05-30,126536.45,10
LEAN_TIEBREAK,2017-05-31,126765.39,10
LEAN_TIEBREAK,2017-06-01,127476.06,10
LEAN_TIEBREAK,2017-06-02,127707.5,10
LEAN_TIEBREAK,2017-06-05,127940.54,10
LEAN_TIEBREAK,2017-06-06,128444.01,10
LEAN_TIEBREAK,2017-06-07,128127.05,10
LEAN_TIEBREAK,2017-06-08,128407.49,10
LEAN_TIEBREAK,2017-06-09,128647.35,10
LEAN_TIEBREAK,2017-06-12,128545.5,10
LEAN_TIEBREAK,2017-06-13,128679.96,10
LEAN_TIEBREAK,2017-06-14,127314.31,10
LEAN_TIEBREAK,2017-06-15,126477.61,10
LEAN_TIEBREAK,2017-06-16,127032.45,10
LEAN_TIEBREAK,2017-06-19,127479.51,10
LEAN_TIEBREAK,2017-06-20,125621.07,10
LEAN_TIEBREAK,2017-06-21,124581.57,10
LEAN_TIEBREAK,2017-06-22,125269.35,10
LEAN_TIEBREAK,2017-06-23,125593.04,10
LEAN_TIEBREAK,2017-06-26,126084.85,10
LEAN_TIEBREAK,2017-06-27,125721.42,10
LEAN_TIEBREAK,2017-06-28,127181.15,10
LEAN_TIEBREAK,2017-06-29,127247.91,10
LEAN_TIEBREAK,2017-06-30,127844.34,10
LEAN_TIEBREAK,2017-07-03,128800.7,10
LEAN_TIEBREAK,2017-07-05,128680.01,10
LEAN_TIEBREAK,2017-07-06,126768.4,10
LEAN_TIEBREAK,2017-07-07,126780.89,9
LEAN_TIEBREAK,2017-07-10,126994.46,10
LEAN_TIEBREAK,2017-07-11,127184.07,10
LEAN_TIEBREAK,2017-07-12,127945.37,10
LEAN_TIEBREAK,2017-07-13,128296.43,10
LEAN_TIEBREAK,2017-07-14,129141.32,10
LEAN_TIEBREAK,2017-07-17,129217.36,10
LEAN_TIEBREAK,2017-07-18,129368.04,10
LEAN_TIEBREAK,2017-07-19,130489.69,10
LEAN_TIEBREAK,2017-07-20,131261.48,10
LEAN_TIEBREAK,2017-07-21,131245.32,10
LEAN_TIEBREAK,2017-07-24,130080.4,10
LEAN_TIEBREAK,2017-07-25,131016.92,9
LEAN_TIEBREAK,2017-07-26,131828.49,10
LEAN_TIEBREAK,2017-07-27,133213.65,10
LEAN_TIEBREAK,2017-07-28,132508.26,10
LEAN_TIEBREAK,2017-07-31,132286.71,10
LEAN_TIEBREAK,2017-08-01,133111.38,10
LEAN_TIEBREAK,2017-08-02,133005.52,9
LEAN_TIEBREAK,2017-08-03,132346.13,10
LEAN_TIEBREAK,2017-08-04,133269.0,10
LEAN_TIEBREAK,2017-08-07,133498.49,9
LEAN_TIEBREAK,2017-08-08,133288.49,10
LEAN_TIEBREAK,2017-08-09,132409.56,10
LEAN_TIEBREAK,2017-08-10,130522.1,8
LEAN_TIEBREAK,2017-08-11,130599.79,7
LEAN_TIEBREAK,2017-08-14,132153.23,7
LEAN_TIEBREAK,2017-08-15,132231.0,10
LEAN_TIEBREAK,2017-08-16,132769.49,10
LEAN_TIEBREAK,2017-08-17,129934.08,10
LEAN_TIEBREAK,2017-08-18,130224.3,10
LEAN_TIEBREAK,2017-08-21,129612.33,10
LEAN_TIEBREAK,2017-08-22,132327.84,10
LEAN_TIEBREAK,2017-08-23,131672.81,10
LEAN_TIEBREAK,2017-08-24,131459.66,9
LEAN_TIEBREAK,2017-08-25,131402.59,10
LEAN_TIEBREAK,2017-08-28,130887.76,10
LEAN_TIEBREAK,2017-08-29,130833.41,10
LEAN_TIEBREAK,2017-08-30,131623.72,10
LEAN_TIEBREAK,2017-08-31,132282.8,10
LEAN_TIEBREAK,2017-09-01,132770.16,10
LEAN_TIEBREAK,2017-09-05,131098.87,10
LEAN_TIEBREAK,2017-09-06,132885.43,10
LEAN_TIEBREAK,2017-09-07,132497.14,10
LEAN_TIEBREAK,2017-09-08,131605.82,10
LEAN_TIEBREAK,2017-09-11,133185.69,10
LEAN_TIEBREAK,2017-09-12,134523.11,10
LEAN_TIEBREAK,2017-09-13,135214.09,10
LEAN_TIEBREAK,2017-09-14,135100.42,10
LEAN_TIEBREAK,2017-09-15,136027.82,10
LEAN_TIEBREAK,2017-09-18,135796.06,10
LEAN_TIEBREAK,2017-09-19,136129.86,10
LEAN_TIEBREAK,2017-09-20,136553.0,10
LEAN_TIEBREAK,2017-09-21,136453.91,10
LEAN_TIEBREAK,2017-09-22,136732.36,10
LEAN_TIEBREAK,2017-09-25,136814.09,10
LEAN_TIEBREAK,2017-09-26,137512.88,10
LEAN_TIEBREAK,2017-09-27,138186.82,10
LEAN_TIEBREAK,2017-09-28,137927.28,10
LEAN_TIEBREAK,2017-09-29,138178.79,10
LEAN_TIEBREAK,2017-10-02,137950.01,10
LEAN_TIEBREAK,2017-10-03,137550.79,10
LEAN_TIEBREAK,2017-10-04,137835.67,10
LEAN_TIEBREAK,2017-10-05,138644.02,10
LEAN_TIEBREAK,2017-10-06,138741.34,10
LEAN_TIEBREAK,2017-10-09,138695.39,10
LEAN_TIEBREAK,2017-10-10,139410.33,10
LEAN_TIEBREAK,2017-10-11,140469.95,10
LEAN_TIEBREAK,2017-10-12,140979.75,10
LEAN_TIEBREAK,2017-10-13,141735.25,10
LEAN_TIEBREAK,2017-10-16,141595.02,10
LEAN_TIEBREAK,2017-10-17,141311.12,10
LEAN_TIEBREAK,2017-10-18,140505.21,10
LEAN_TIEBREAK,2017-10-19,140286.53,10
LEAN_TIEBREAK,2017-10-20,139945.31,10
LEAN_TIEBREAK,2017-10-23,139593.14,10
LEAN_TIEBREAK,2017-10-24,140051.1,10
LEAN_TIEBREAK,2017-10-25,135368.91,10
LEAN_TIEBREAK,2017-10-26,135147.03,10
LEAN_TIEBREAK,2017-10-27,135292.2,10
LEAN_TIEBREAK,2017-10-30,133687.34,10
LEAN_TIEBREAK,2017-10-31,133634.58,9
LEAN_TIEBREAK,2017-11-01,132965.49,10
LEAN_TIEBREAK,2017-11-02,131071.38,10
LEAN_TIEBREAK,2017-11-03,132781.62,10
LEAN_TIEBREAK,2017-11-06,133637.12,10
LEAN_TIEBREAK,2017-11-07,133762.79,10
LEAN_TIEBREAK,2017-11-08,133406.51,10
LEAN_TIEBREAK,2017-11-09,131120.0,10
LEAN_TIEBREAK,2017-11-10,130946.64,10
LEAN_TIEBREAK,2017-11-13,131197.74,10
LEAN_TIEBREAK,2017-11-14,130450.02,10
LEAN_TIEBREAK,2017-11-15,130720.74,10
LEAN_TIEBREAK,2017-11-16,131627.1,10
LEAN_TIEBREAK,2017-11-17,132101.02,10
LEAN_TIEBREAK,2017-11-20,132119.4,10
LEAN_TIEBREAK,2017-11-21,132006.69,10
LEAN_TIEBREAK,2017-11-22,132668.26,10
LEAN_TIEBREAK,2017-11-24,132482.91,10
LEAN_TIEBREAK,2017-11-27,132957.57,10
LEAN_TIEBREAK,2017-11-28,134835.58,10
LEAN_TIEBREAK,2017-11-29,137553.94,10
LEAN_TIEBREAK,2017-11-30,138642.72,10
LEAN_TIEBREAK,2017-12-01,139481.92,10
LEAN_TIEBREAK,2017-12-04,141002.75,10
LEAN_TIEBREAK,2017-12-05,139220.61,10
LEAN_TIEBREAK,2017-12-06,138269.73,9
LEAN_TIEBREAK,2017-12-07,138508.01,9
LEAN_TIEBREAK,2017-12-08,139410.84,10
LEAN_TIEBREAK,2017-12-11,140197.67,10
LEAN_TIEBREAK,2017-12-12,141084.13,10
LEAN_TIEBREAK,2017-12-13,141776.45,10
LEAN_TIEBREAK,2017-12-14,141317.04,10
LEAN_TIEBREAK,2017-12-15,141803.59,9
LEAN_TIEBREAK,2017-12-18,143830.47,10
LEAN_TIEBREAK,2017-12-19,143298.53,10
LEAN_TIEBREAK,2017-12-20,144169.14,10
LEAN_TIEBREAK,2017-12-21,144166.85,10
LEAN_TIEBREAK,2017-12-22,143699.89,10
LEAN_TIEBREAK,2017-12-26,143091.48,10
LEAN_TIEBREAK,2017-12-27,143252.95,10
LEAN_TIEBREAK,2017-12-28,144086.57,10
LEAN_TIEBREAK,2017-12-29,142813.13,10
LEAN_TIEBREAK,2018-01-02,147112.85,10
LEAN_TIEBREAK,2018-01-03,149215.27,10
LEAN_TIEBREAK,2018-01-04,151177.67,10
LEAN_TIEBREAK,2018-01-05,151340.84,10
LEAN_TIEBREAK,2018-01-08,152411.29,10
LEAN_TIEBREAK,2018-01-09,150715.83,9
LEAN_TIEBREAK,2018-01-10,150343.49,8
LEAN_TIEBREAK,2018-01-11,152674.48,8
LEAN_TIEBREAK,2018-01-12,154215.91,8
LEAN_TIEBREAK,2018-01-16,152381.07,8
LEAN_TIEBREAK,2018-01-17,153521.72,8
LEAN_TIEBREAK,2018-01-18,154395.75,10
LEAN_TIEBREAK,2018-01-19,155417.89,10
LEAN_TIEBREAK,2018-01-22,156580.1,10
LEAN_TIEBREAK,2018-01-23,158741.86,10
LEAN_TIEBREAK,2018-01-24,159621.38,10
LEAN_TIEBREAK,2018-01-25,158805.23,9
LEAN_TIEBREAK,2018-01-26,161301.61,8
LEAN_TIEBREAK,2018-01-29,161964.03,10
LEAN_TIEBREAK,2018-01-30,158854.54,10
LEAN_TIEBREAK,2018-01-31,158136.37,9
LEAN_TIEBREAK,2018-02-01,157224.69,9
LEAN_TIEBREAK,2018-02-02,155415.29,10
LEAN_TIEBREAK,2018-02-05,149705.64,9
LEAN_TIEBREAK,2018-02-06,153096.21,8
LEAN_TIEBREAK,2018-02-07,152499.6,8
LEAN_TIEBREAK,2018-02-08,147464.33,9
LEAN_TIEBREAK,2018-02-09,148613.91,9
LEAN_TIEBREAK,2018-02-12,150278.93,9
LEAN_TIEBREAK,2018-02-13,150956.01,10
LEAN_TIEBREAK,2018-02-14,153614.13,10
LEAN_TIEBREAK,2018-02-15,157587.01,10
LEAN_TIEBREAK,2018-02-16,158010.48,10
LEAN_TIEBREAK,2018-02-20,156713.01,10
LEAN_TIEBREAK,2018-02-21,155483.12,10
LEAN_TIEBREAK,2018-02-22,155379.11,10
LEAN_TIEBREAK,2018-02-23,158196.83,10
LEAN_TIEBREAK,2018-02-26,161315.85,10
LEAN_TIEBREAK,2018-02-27,159983.71,10
LEAN_TIEBREAK,2018-02-28,158238.1,9
LEAN_TIEBREAK,2018-03-01,157651.3,9
LEAN_TIEBREAK,2018-03-02,158980.89,10
LEAN_TIEBREAK,2018-03-05,161306.31,10
LEAN_TIEBREAK,2018-03-06,161208.8,10
LEAN_TIEBREAK,2018-03-07,160099.84,10
LEAN_TIEBREAK,2018-03-08,159882.53,9
LEAN_TIEBREAK,2018-03-09,161091.31,10
LEAN_TIEBREAK,2018-03-12,161705.45,10
LEAN_TIEBREAK,2018-03-13,161214.42,10
LEAN_TIEBREAK,2018-03-14,160871.45,10
LEAN_TIEBREAK,2018-03-15,160134.42,10
LEAN_TIEBREAK,2018-03-16,161061.85,10
LEAN_TIEBREAK,2018-03-19,158750.99,10
LEAN_TIEBREAK,2018-03-20,158337.18,9
LEAN_TIEBREAK,2018-03-21,158229.33,10
LEAN_TIEBREAK,2018-03-22,155856.43,10
LEAN_TIEBREAK,2018-03-23,153381.74,10
LEAN_TIEBREAK,2018-03-26,156874.86,10
LEAN_TIEBREAK,2018-03-27,154431.85,10
LEAN_TIEBREAK,2018-03-28,155883.76,10
LEAN_TIEBREAK,2018-03-29,156937.46,10
LEAN_TIEBREAK,2018-04-02,152872.27,10
LEAN_TIEBREAK,2018-04-03,154450.2,10
LEAN_TIEBREAK,2018-04-04,157590.03,10
LEAN_TIEBREAK,2018-04-05,157939.66,10
LEAN_TIEBREAK,2018-04-06,154980.06,10
LEAN_TIEBREAK,2018-04-09,155033.78,9
LEAN_TIEBREAK,2018-04-10,157171.63,10
LEAN_TIEBREAK,2018-04-11,156788.31,10
LEAN_TIEBREAK,2018-04-12,157379.3,10
LEAN_TIEBREAK,2018-04-13,156931.18,10
LEAN_TIEBREAK,2018-04-16,158244.6,10
LEAN_TIEBREAK,2018-04-17,161321.47,10
LEAN_TIEBREAK,2018-04-18,161380.11,10
LEAN_TIEBREAK,2018-04-19,158907.95,10
LEAN_TIEBREAK,2018-04-20,157414.64,10
LEAN_TIEBREAK,2018-04-23,156796.97,10
LEAN_TIEBREAK,2018-04-24,155960.42,10
LEAN_TIEBREAK,2018-04-25,156716.63,9
LEAN_TIEBREAK,2018-04-26,160717.49,9
LEAN_TIEBREAK,2018-04-27,161394.99,10
LEAN_TIEBREAK,2018-04-30,158491.65,10
LEAN_TIEBREAK,2018-05-01,160051.63,10
LEAN_TIEBREAK,2018-05-02,158661.4,10
LEAN_TIEBREAK,2018-05-03,158692.32,10
LEAN_TIEBREAK,2018-05-04,161560.21,10
LEAN_TIEBREAK,2018-05-07,163068.1,10
LEAN_TIEBREAK,2018-05-08,161995.98,10
LEAN_TIEBREAK,2018-05-09,162895.16,10
LEAN_TIEBREAK,2018-05-10,164754.48,10
LEAN_TIEBREAK,2018-05-11,164792.68,10
LEAN_TIEBREAK,2018-05-14,165444.0,10
LEAN_TIEBREAK,2018-05-15,164250.48,10
LEAN_TIEBREAK,2018-05-16,166022.27,10
LEAN_TIEBREAK,2018-05-17,165429.45,10
LEAN_TIEBREAK,2018-05-18,163807.0,10
LEAN_TIEBREAK,2018-05-21,165024.44,8
LEAN_TIEBREAK,2018-05-22,166200.62,8
LEAN_TIEBREAK,2018-05-23,166595.37,8
LEAN_TIEBREAK,2018-05-24,166948.74,10
LEAN_TIEBREAK,2018-05-25,166749.9,10
LEAN_TIEBREAK,2018-05-29,166032.36,10
LEAN_TIEBREAK,2018-05-30,166932.0,10
LEAN_TIEBREAK,2018-05-31,164088.56,10
LEAN_TIEBREAK,2018-06-01,164614.69,9
LEAN_TIEBREAK,2018-06-04,164822.05,10
LEAN_TIEBREAK,2018-06-05,164990.42,10
LEAN_TIEBREAK,2018-06-06,166775.55,10
LEAN_TIEBREAK,2018-06-07,167099.21,10
LEAN_TIEBREAK,2018-06-08,168331.54,10
LEAN_TIEBREAK,2018-06-11,168712.52,10
LEAN_TIEBREAK,2018-06-12,169615.01,9
LEAN_TIEBREAK,2018-06-13,170137.25,10
LEAN_TIEBREAK,2018-06-14,170982.11,10
LEAN_TIEBREAK,2018-06-15,170261.7,10
LEAN_TIEBREAK,2018-06-18,169553.97,10
LEAN_TIEBREAK,2018-06-19,169387.93,10
LEAN_TIEBREAK,2018-06-20,171169.51,10
LEAN_TIEBREAK,2018-06-21,169345.95,10
LEAN_TIEBREAK,2018-06-22,170965.92,10
LEAN_TIEBREAK,2018-06-25,168279.03,10
LEAN_TIEBREAK,2018-06-26,168536.39,10
LEAN_TIEBREAK,2018-06-27,168088.06,10
LEAN_TIEBREAK,2018-06-28,168558.29,10
LEAN_TIEBREAK,2018-06-29,169251.86,10
LEAN_TIEBREAK,2018-07-02,168752.86,10
LEAN_TIEBREAK,2018-07-03,169244.36,10
LEAN_TIEBREAK,2018-07-05,170573.0,10
LEAN_TIEBREAK,2018-07-06,172374.1,10
LEAN_TIEBREAK,2018-07-09,174187.76,10
LEAN_TIEBREAK,2018-07-10,174663.27,10
LEAN_TIEBREAK,2018-07-11,173090.04,10
LEAN_TIEBREAK,2018-07-12,173546.69,10
LEAN_TIEBREAK,2018-07-13,174089.32,10
LEAN_TIEBREAK,2018-07-16,172396.03,10
LEAN_TIEBREAK,2018-07-17,172686.12,10
LEAN_TIEBREAK,2018-07-18,172603.76,10
LEAN_TIEBREAK,2018-07-19,173263.91,10
LEAN_TIEBREAK,2018-07-20,173453.93,10
LEAN_TIEBREAK,2018-07-23,174056.56,10
LEAN_TIEBREAK,2018-07-24,173921.9,10
LEAN_TIEBREAK,2018-07-25,174939.93,10
LEAN_TIEBREAK,2018-07-26,175230.93,10
LEAN_TIEBREAK,2018-07-27,175199.72,10
LEAN_TIEBREAK,2018-07-30,175077.71,10
LEAN_TIEBREAK,2018-07-31,174592.19,10
LEAN_TIEBREAK,2018-08-01,173921.67,10
LEAN_TIEBREAK,2018-08-02,176498.1,10
LEAN_TIEBREAK,2018-08-03,176581.89,10
LEAN_TIEBREAK,2018-08-06,175900.94,9
LEAN_TIEBREAK,2018-08-07,175800.89,10
LEAN_TIEBREAK,2018-08-08,175098.77,10
LEAN_TIEBREAK,2018-08-09,174000.94,10
LEAN_TIEBREAK,2018-08-10,173482.32,10
LEAN_TIEBREAK,2018-08-13,170918.88,10
LEAN_TIEBREAK,2018-08-14,171790.56,9
LEAN_TIEBREAK,2018-08-15,171895.55,10
LEAN_TIEBREAK,2018-08-16,171855.03,10
LEAN_TIEBREAK,2018-08-17,170979.57,10
LEAN_TIEBREAK,2018-08-20,171412.85,10
LEAN_TIEBREAK,2018-08-21,172456.56,10
LEAN_TIEBREAK,2018-08-22,172767.92,10
LEAN_TIEBREAK,2018-08-23,172867.81,10
LEAN_TIEBREAK,2018-08-24,172906.13,10
LEAN_TIEBREAK,2018-08-27,174921.19,10
LEAN_TIEBREAK,2018-08-28,174424.45,10
LEAN_TIEBREAK,2018-08-29,175599.65,10
LEAN_TIEBREAK,2018-08-30,173823.6,10
LEAN_TIEBREAK,2018-08-31,173253.22,9
LEAN_TIEBREAK,2018-09-04,172083.43,10
LEAN_TIEBREAK,2018-09-05,171408.19,10
LEAN_TIEBREAK,2018-09-06,169717.11,10
LEAN_TIEBREAK,2018-09-07,168680.25,10
LEAN_TIEBREAK,2018-09-10,168796.39,10
LEAN_TIEBREAK,2018-09-11,168168.03,10
LEAN_TIEBREAK,2018-09-12,168770.96,10
LEAN_TIEBREAK,2018-09-13,169786.2,10
LEAN_TIEBREAK,2018-09-14,169834.4,10
LEAN_TIEBREAK,2018-09-17,169170.54,10
LEAN_TIEBREAK,2018-09-18,170203.35,10
LEAN_TIEBREAK,2018-09-19,171716.34,10
LEAN_TIEBREAK,2018-09-20,172743.24,10
LEAN_TIEBREAK,2018-09-21,172410.54,10
LEAN_TIEBREAK,2018-09-24,170119.39,10
LEAN_TIEBREAK,2018-09-25,168106.28,10
LEAN_TIEBREAK,2018-09-26,167340.51,10
LEAN_TIEBREAK,2018-09-27,167288.78,10
LEAN_TIEBREAK,2018-09-28,167976.13,10
LEAN_TIEBREAK,2018-10-01,169430.17,10
LEAN_TIEBREAK,2018-10-02,170560.18,10
LEAN_TIEBREAK,2018-10-03,171016.97,10
LEAN_TIEBREAK,2018-10-04,168212.38,10
LEAN_TIEBREAK,2018-10-05,167292.87,10
LEAN_TIEBREAK,2018-10-08,169096.26,10
LEAN_TIEBREAK,2018-10-09,167491.28,10
LEAN_TIEBREAK,2018-10-10,163305.09,10
LEAN_TIEBREAK,2018-10-11,159215.76,10
LEAN_TIEBREAK,2018-10-12,158413.84,9
LEAN_TIEBREAK,2018-10-15,158304.81,10
LEAN_TIEBREAK,2018-10-16,160548.17,10
LEAN_TIEBREAK,2018-10-17,161400.16,10
LEAN_TIEBREAK,2018-10-18,157809.49,10
LEAN_TIEBREAK,2018-10-19,157455.71,10
LEAN_TIEBREAK,2018-10-22,154851.53,10
LEAN_TIEBREAK,2018-10-23,155010.61,10
LEAN_TIEBREAK,2018-10-24,149714.88,10
LEAN_TIEBREAK,2018-10-25,153727.7,10
LEAN_TIEBREAK,2018-10-26,151924.8,10
LEAN_TIEBREAK,2018-10-29,152815.46,10
LEAN_TIEBREAK,2018-10-30,155454.34,10
LEAN_TIEBREAK,2018-10-31,157593.98,10
LEAN_TIEBREAK,2018-11-01,159865.44,10
LEAN_TIEBREAK,2018-11-02,160836.66,10
LEAN_TIEBREAK,2018-11-05,162191.25,10
LEAN_TIEBREAK,2018-11-06,163576.64,10
LEAN_TIEBREAK,2018-11-07,161541.03,10
LEAN_TIEBREAK,2018-11-08,160619.19,10
LEAN_TIEBREAK,2018-11-09,160209.08,10
LEAN_TIEBREAK,2018-11-12,159019.28,8
LEAN_TIEBREAK,2018-11-13,158142.32,6
LEAN_TIEBREAK,2018-11-14,158337.83,6
LEAN_TIEBREAK,2018-11-15,159609.8,6
LEAN_TIEBREAK,2018-11-16,160538.69,7
LEAN_TIEBREAK,2018-11-19,159859.3,7
LEAN_TIEBREAK,2018-11-20,158433.65,7
LEAN_TIEBREAK,2018-11-21,158448.39,9
LEAN_TIEBREAK,2018-11-23,157183.51,10
LEAN_TIEBREAK,2018-11-26,159826.38,10
LEAN_TIEBREAK,2018-11-27,160286.05,10
LEAN_TIEBREAK,2018-11-28,162936.7,10
LEAN_TIEBREAK,2018-11-29,162628.88,10
LEAN_TIEBREAK,2018-11-30,163484.71,10
LEAN_TIEBREAK,2018-12-03,165707.57,10
LEAN_TIEBREAK,2018-12-04,160326.25,10
LEAN_TIEBREAK,2018-12-06,158730.59,6
LEAN_TIEBREAK,2018-12-07,155070.55,10
LEAN_TIEBREAK,2018-12-10,155819.13,10
LEAN_TIEBREAK,2018-12-11,155830.81,10
LEAN_TIEBREAK,2018-12-12,157442.97,10
LEAN_TIEBREAK,2018-12-13,156860.06,10
LEAN_TIEBREAK,2018-12-14,154078.96,10
LEAN_TIEBREAK,2018-12-17,150178.67,10
LEAN_TIEBREAK,2018-12-18,151146.54,10
LEAN_TIEBREAK,2018-12-19,146943.91,10
LEAN_TIEBREAK,2018-12-20,144836.24,10
LEAN_TIEBREAK,2018-12-21,141866.68,10
LEAN_TIEBREAK,2018-12-24,138430.74,10
LEAN_TIEBREAK,2018-12-26,145520.89,10
LEAN_TIEBREAK,2018-12-27,145935.5,10
LEAN_TIEBREAK,2018-12-28,146167.12,10
LEAN_TIEBREAK,2018-12-31,147380.66,10
LEAN_TIEBREAK,2019-01-02,149442.92,10
LEAN_TIEBREAK,2019-01-03,143598.52,10
LEAN_TIEBREAK,2019-01-04,148496.59,10
LEAN_TIEBREAK,2019-01-07,151037.12,10
LEAN_TIEBREAK,2019-01-08,152486.9,10
LEAN_TIEBREAK,2019-01-09,152887.09,10
LEAN_TIEBREAK,2019-01-10,153993.27,10
LEAN_TIEBREAK,2019-01-11,153898.37,10
LEAN_TIEBREAK,2019-01-14,153306.62,10
LEAN_TIEBREAK,2019-01-15,154913.88,10
LEAN_TIEBREAK,2019-01-16,154709.35,10
LEAN_TIEBREAK,2019-01-17,155778.25,9
LEAN_TIEBREAK,2019-01-18,157795.7,10
LEAN_TIEBREAK,2019-01-22,155521.82,10
LEAN_TIEBREAK,2019-01-23,154460.12,8
LEAN_TIEBREAK,2019-01-24,154512.12,8
LEAN_TIEBREAK,2019-01-25,154188.75,9
LEAN_TIEBREAK,2019-01-28,154095.2,10
LEAN_TIEBREAK,2019-01-29,153518.25,10
LEAN_TIEBREAK,2019-01-30,156326.96,10
LEAN_TIEBREAK,2019-01-31,156829.74,10
LEAN_TIEBREAK,2019-02-01,158298.38,10
LEAN_TIEBREAK,2019-02-04,160017.05,10
LEAN_TIEBREAK,2019-02-05,160725.54,10
LEAN_TIEBREAK,2019-02-06,160556.07,10
LEAN_TIEBREAK,2019-02-07,158787.63,8
LEAN_TIEBREAK,2019-02-08,158374.87,10
LEAN_TIEBREAK,2019-02-11,158380.1,10
LEAN_TIEBREAK,2019-02-12,160578.25,9
LEAN_TIEBREAK,2019-02-13,161712.37,10
LEAN_TIEBREAK,2019-02-14,161654.85,10
LEAN_TIEBREAK,2019-02-15,163617.98,10
LEAN_TIEBREAK,2019-02-19,164690.43,10
LEAN_TIEBREAK,2019-02-20,163597.81,10
LEAN_TIEBREAK,2019-02-21,161624.76,10
LEAN_TIEBREAK,2019-02-22,162781.32,10
LEAN_TIEBREAK,2019-02-25,161888.6,10
LEAN_TIEBREAK,2019-02-26,161676.12,10
LEAN_TIEBREAK,2019-02-27,161128.15,10
LEAN_TIEBREAK,2019-02-28,158714.53,10
LEAN_TIEBREAK,2019-03-01,160348.43,10
LEAN_TIEBREAK,2019-03-04,159883.7,10
LEAN_TIEBREAK,2019-03-05,159914.23,10
LEAN_TIEBREAK,2019-03-06,158835.64,10
LEAN_TIEBREAK,2019-03-07,157473.3,9
LEAN_TIEBREAK,2019-03-08,158170.55,10
LEAN_TIEBREAK,2019-03-11,160767.94,10
LEAN_TIEBREAK,2019-03-12,161080.12,10
LEAN_TIEBREAK,2019-03-13,162955.49,10
LEAN_TIEBREAK,2019-03-14,162249.18,10
LEAN_TIEBREAK,2019-03-15,163417.04,10
LEAN_TIEBREAK,2019-03-18,164448.4,10
LEAN_TIEBREAK,2019-03-19,164907.56,10
LEAN_TIEBREAK,2019-03-20,163430.51,10
LEAN_TIEBREAK,2019-03-21,166622.98,10
LEAN_TIEBREAK,2019-03-22,162041.99,10
LEAN_TIEBREAK,2019-03-25,162072.97,8
LEAN_TIEBREAK,2019-03-26,163379.11,8
LEAN_TIEBREAK,2019-03-27,162040.55,10
LEAN_TIEBREAK,2019-03-28,161768.63,10
LEAN_TIEBREAK,2019-03-29,162623.3,10
LEAN_TIEBREAK,2019-04-01,165474.26,10
LEAN_TIEBREAK,2019-04-02,160453.34,10
LEAN_TIEBREAK,2019-04-03,161319.32,10
LEAN_TIEBREAK,2019-04-04,163080.77,10
LEAN_TIEBREAK,2019-04-05,163199.45,10
LEAN_TIEBREAK,2019-04-08,163834.41,10
LEAN_TIEBREAK,2019-04-09,163123.89,10
LEAN_TIEBREAK,2019-04-10,163917.05,10
LEAN_TIEBREAK,2019-04-11,164168.93,10
LEAN_TIEBREAK,2019-04-12,165529.84,10
LEAN_TIEBREAK,2019-04-15,165627.0,10
LEAN_TIEBREAK,2019-04-16,169804.4,10
LEAN_TIEBREAK,2019-04-17,171901.68,10
LEAN_TIEBREAK,2019-04-18,172192.63,10
LEAN_TIEBREAK,2019-04-22,172302.6,10
LEAN_TIEBREAK,2019-04-23,174257.36,10
LEAN_TIEBREAK,2019-04-24,173576.26,10
LEAN_TIEBREAK,2019-04-25,173846.65,10
LEAN_TIEBREAK,2019-04-26,174998.98,10
LEAN_TIEBREAK,2019-04-29,175863.33,10
LEAN_TIEBREAK,2019-04-30,176404.76,10
LEAN_TIEBREAK,2019-05-01,177095.16,10
LEAN_TIEBREAK,2019-05-02,176961.88,9
LEAN_TIEBREAK,2019-05-03,177994.01,10
LEAN_TIEBREAK,2019-05-06,178051.86,10
LEAN_TIEBREAK,2019-05-07,174196.15,10
LEAN_TIEBREAK,2019-05-08,172975.55,9
LEAN_TIEBREAK,2019-05-09,171117.11,9
LEAN_TIEBREAK,2019-05-10,171793.2,10
LEAN_TIEBREAK,2019-05-13,166218.26,10
LEAN_TIEBREAK,2019-05-14,169617.59,10
LEAN_TIEBREAK,2019-05-15,173038.85,10
LEAN_TIEBREAK,2019-05-16,173742.07,10
LEAN_TIEBREAK,2019-05-17,173131.9,10
LEAN_TIEBREAK,2019-05-20,169966.43,10
LEAN_TIEBREAK,2019-05-21,171919.83,10
LEAN_TIEBREAK,2019-05-22,169799.44,10
LEAN_TIEBREAK,2019-05-23,165825.84,10
LEAN_TIEBREAK,2019-05-24,166414.79,10
LEAN_TIEBREAK,2019-05-28,168384.9,10
LEAN_TIEBREAK,2019-05-29,168130.56,10
LEAN_TIEBREAK,2019-05-30,168779.96,10
LEAN_TIEBREAK,2019-05-31,165446.18,10
LEAN_TIEBREAK,2019-06-03,164927.3,9
LEAN_TIEBREAK,2019-06-04,169470.62,9
LEAN_TIEBREAK,2019-06-05,170531.82,10
LEAN_TIEBREAK,2019-06-06,173781.28,10
LEAN_TIEBREAK,2019-06-07,175154.59,10
LEAN_TIEBREAK,2019-06-10,177016.72,10
LEAN_TIEBREAK,2019-06-11,177701.71,10
LEAN_TIEBREAK,2019-06-12,175787.43,10
LEAN_TIEBREAK,2019-06-13,177236.83,9
LEAN_TIEBREAK,2019-06-14,176725.05,10
LEAN_TIEBREAK,2019-06-17,176946.51,10
LEAN_TIEBREAK,2019-06-18,180112.98,10
LEAN_TIEBREAK,2019-06-19,179596.6,10
LEAN_TIEBREAK,2019-06-20,180751.95,10
LEAN_TIEBREAK,2019-06-21,181140.72,10
LEAN_TIEBREAK,2019-06-24,182264.22,9
LEAN_TIEBREAK,2019-06-25,180347.42,9
LEAN_TIEBREAK,2019-06-26,181851.6,8
LEAN_TIEBREAK,2019-06-27,183699.79,9
LEAN_TIEBREAK,2019-06-28,184210.45,10
LEAN_TIEBREAK,2019-07-01,185803.92,10
LEAN_TIEBREAK,2019-07-02,186025.2,10
LEAN_TIEBREAK,2019-07-03,187390.87,10
LEAN_TIEBREAK,2019-07-05,187682.04,10
LEAN_TIEBREAK,2019-07-08,186670.98,10
LEAN_TIEBREAK,2019-07-09,186785.63,9
LEAN_TIEBREAK,2019-07-10,187826.78,10
LEAN_TIEBREAK,2019-07-11,188410.57,10
LEAN_TIEBREAK,2019-07-12,188395.76,10
LEAN_TIEBREAK,2019-07-15,189013.99,10
LEAN_TIEBREAK,2019-07-16,187892.18,10
LEAN_TIEBREAK,2019-07-17,186827.26,10
LEAN_TIEBREAK,2019-07-18,185008.45,10
LEAN_TIEBREAK,2019-07-19,183197.49,10
LEAN_TIEBREAK,2019-07-22,182493.55,10
LEAN_TIEBREAK,2019-07-23,183757.53,10
LEAN_TIEBREAK,2019-07-24,188184.9,10
LEAN_TIEBREAK,2019-07-25,185850.03,10
LEAN_TIEBREAK,2019-07-26,187477.4,10
LEAN_TIEBREAK,2019-07-29,187848.99,10
LEAN_TIEBREAK,2019-07-30,187296.44,10
LEAN_TIEBREAK,2019-07-31,183305.61,10
LEAN_TIEBREAK,2019-08-01,182043.99,10
LEAN_TIEBREAK,2019-08-02,180437.34,10
LEAN_TIEBREAK,2019-08-05,175988.5,10
LEAN_TIEBREAK,2019-08-06,177772.95,9
LEAN_TIEBREAK,2019-08-07,177873.11,10
LEAN_TIEBREAK,2019-08-08,182968.84,10
LEAN_TIEBREAK,2019-08-09,181374.68,10
LEAN_TIEBREAK,2019-08-12,178597.76,10
LEAN_TIEBREAK,2019-08-13,180302.06,10
LEAN_TIEBREAK,2019-08-14,174041.8,10
LEAN_TIEBREAK,2019-08-15,172929.22,9
LEAN_TIEBREAK,2019-08-16,176031.85,9
LEAN_TIEBREAK,2019-08-19,178056.63,10
LEAN_TIEBREAK,2019-08-20,176411.87,10
LEAN_TIEBREAK,2019-08-21,177663.06,10
LEAN_TIEBREAK,2019-08-22,177789.44,10
LEAN_TIEBREAK,2019-08-23,171876.79,10
LEAN_TIEBREAK,2019-08-26,174146.3,10
LEAN_TIEBREAK,2019-08-27,174459.67,10
LEAN_TIEBREAK,2019-08-28,175701.35,10
LEAN_TIEBREAK,2019-08-29,178062.08,10
LEAN_TIEBREAK,2019-08-30,178131.46,10
LEAN_TIEBREAK,2019-09-03,176732.98,10
LEAN_TIEBREAK,2019-09-04,179093.07,10
LEAN_TIEBREAK,2019-09-05,181822.7,10
LEAN_TIEBREAK,2019-09-06,180825.18,10
LEAN_TIEBREAK,2019-09-09,182318.92,10
LEAN_TIEBREAK,2019-09-10,183379.95,10
LEAN_TIEBREAK,2019-09-11,183133.62,10
LEAN_TIEBREAK,2019-09-12,184224.86,10
LEAN_TIEBREAK,2019-09-13,185203.85,10
LEAN_TIEBREAK,2019-09-16,184282.24,9
LEAN_TIEBREAK,2019-09-17,184133.31,8
LEAN_TIEBREAK,2019-09-18,182833.61,10
LEAN_TIEBREAK,2019-09-19,183311.64,10
LEAN_TIEBREAK,2019-09-20,182890.08,9
LEAN_TIEBREAK,2019-09-23,182791.13,10
LEAN_TIEBREAK,2019-09-24,180219.38,9
LEAN_TIEBREAK,2019-09-25,180342.72,9
LEAN_TIEBREAK,2019-09-26,179715.32,10
LEAN_TIEBREAK,2019-09-27,177556.28,10
LEAN_TIEBREAK,2019-09-30,179076.35,10
LEAN_TIEBREAK,2019-10-01,178805.27,10
LEAN_TIEBREAK,2019-10-02,177068.76,10
LEAN_TIEBREAK,2019-10-03,178566.0,10
LEAN_TIEBREAK,2019-10-04,180508.16,10
LEAN_TIEBREAK,2019-10-07,179661.77,10
LEAN_TIEBREAK,2019-10-08,177805.28,10
LEAN_TIEBREAK,2019-10-09,178848.67,10
LEAN_TIEBREAK,2019-10-10,180075.05,10
LEAN_TIEBREAK,2019-10-11,181502.43,10
LEAN_TIEBREAK,2019-10-14,182592.29,10
LEAN_TIEBREAK,2019-10-15,183594.79,10
LEAN_TIEBREAK,2019-10-16,182849.46,10
LEAN_TIEBREAK,2019-10-17,184143.64,10
LEAN_TIEBREAK,2019-10-18,181687.85,10
LEAN_TIEBREAK,2019-10-21,182884.46,10
LEAN_TIEBREAK,2019-10-22,180893.91,10
LEAN_TIEBREAK,2019-10-23,182537.74,10
LEAN_TIEBREAK,2019-10-24,183774.45,10
LEAN_TIEBREAK,2019-10-25,183891.37,10
LEAN_TIEBREAK,2019-10-28,184811.86,10
LEAN_TIEBREAK,2019-10-29,184392.49,10
LEAN_TIEBREAK,2019-10-30,186113.47,9
LEAN_TIEBREAK,2019-10-31,186054.12,10
LEAN_TIEBREAK,2019-11-01,187594.67,8
LEAN_TIEBREAK,2019-11-04,187795.04,10
LEAN_TIEBREAK,2019-11-05,187866.74,10
LEAN_TIEBREAK,2019-11-06,188240.75,10
LEAN_TIEBREAK,2019-11-07,187244.12,9
LEAN_TIEBREAK,2019-11-08,187803.57,10
LEAN_TIEBREAK,2019-11-11,187302.59,10
LEAN_TIEBREAK,2019-11-12,187140.54,10
LEAN_TIEBREAK,2019-11-13,187312.73,10
LEAN_TIEBREAK,2019-11-14,187790.46,10
LEAN_TIEBREAK,2019-11-15,189179.82,10
LEAN_TIEBREAK,2019-11-18,189624.5,10
LEAN_TIEBREAK,2019-11-19,188450.67,10
LEAN_TIEBREAK,2019-11-20,188391.09,10
LEAN_TIEBREAK,2019-11-21,188582.75,10
LEAN_TIEBREAK,2019-11-22,188163.85,10
LEAN_TIEBREAK,2019-11-25,189962.01,10
LEAN_TIEBREAK,2019-11-26,190253.81,10
LEAN_TIEBREAK,2019-11-27,190835.71,10
LEAN_TIEBREAK,2019-11-29,190218.88,10
LEAN_TIEBREAK,2019-12-02,189612.01,10
LEAN_TIEBREAK,2019-12-03,188721.87,10
LEAN_TIEBREAK,2019-12-04,189109.86,10
LEAN_TIEBREAK,2019-12-05,189396.91,10
LEAN_TIEBREAK,2019-12-06,191707.72,10
LEAN_TIEBREAK,2019-12-09,191419.86,10
LEAN_TIEBREAK,2019-12-10,192564.84,10
LEAN_TIEBREAK,2019-12-11,193988.4,10
LEAN_TIEBREAK,2019-12-12,198176.66,10
LEAN_TIEBREAK,2019-12-13,197038.66,10
LEAN_TIEBREAK,2019-12-16,198766.74,9
LEAN_TIEBREAK,2019-12-17,199677.47,10
LEAN_TIEBREAK,2019-12-18,199705.14,10
LEAN_TIEBREAK,2019-12-19,200858.99,10
LEAN_TIEBREAK,2019-12-20,201550.73,10
LEAN_TIEBREAK,2019-12-23,201401.7,10
LEAN_TIEBREAK,2019-12-24,201784.87,10
LEAN_TIEBREAK,2019-12-26,202131.52,10
LEAN_TIEBREAK,2019-12-27,201387.33,10
LEAN_TIEBREAK,2019-12-30,200284.06,9
LEAN_TIEBREAK,2019-12-31,200547.48,9
LEAN_TIEBREAK,2020-01-02,200479.0,10
LEAN_TIEBREAK,2020-01-03,197879.2,10
LEAN_TIEBREAK,2020-01-06,198473.43,10
LEAN_TIEBREAK,2020-01-07,197356.17,10
LEAN_TIEBREAK,2020-01-08,197892.1,10
LEAN_TIEBREAK,2020-01-09,197630.06,10
LEAN_TIEBREAK,2020-01-10,196729.55,10
LEAN_TIEBREAK,2020-01-13,197775.51,10
LEAN_TIEBREAK,2020-01-14,198385.46,10
LEAN_TIEBREAK,2020-01-15,197584.98,10
LEAN_TIEBREAK,2020-01-16,198593.99,10
LEAN_TIEBREAK,2020-01-17,198999.3,10
LEAN_TIEBREAK,2020-01-21,198300.94,10
LEAN_TIEBREAK,2020-01-22,198498.31,10
LEAN_TIEBREAK,2020-01-23,197626.16,10
LEAN_TIEBREAK,2020-01-24,195238.42,10
LEAN_TIEBREAK,2020-01-27,193556.13,10
LEAN_TIEBREAK,2020-01-28,194955.44,10
LEAN_TIEBREAK,2020-01-29,193570.17,10
LEAN_TIEBREAK,2020-01-30,194416.94,10
LEAN_TIEBREAK,2020-01-31,191472.09,10
LEAN_TIEBREAK,2020-02-03,190306.09,10
LEAN_TIEBREAK,2020-02-04,192244.53,10
LEAN_TIEBREAK,2020-02-05,196747.06,10
LEAN_TIEBREAK,2020-02-06,197630.23,10
LEAN_TIEBREAK,2020-02-07,197691.61,10
LEAN_TIEBREAK,2020-02-10,199016.43,10
LEAN_TIEBREAK,2020-02-11,201206.83,10
LEAN_TIEBREAK,2020-02-12,202081.03,10
LEAN_TIEBREAK,2020-02-13,202291.87,10
LEAN_TIEBREAK,2020-02-14,201960.94,10
LEAN_TIEBREAK,2020-02-18,201971.39,9
LEAN_TIEBREAK,2020-02-19,202040.67,9
LEAN_TIEBREAK,2020-02-20,202201.54,10
LEAN_TIEBREAK,2020-02-21,199101.45,10
LEAN_TIEBREAK,2020-02-24,189915.0,9
LEAN_TIEBREAK,2020-02-25,183166.44,9
LEAN_TIEBREAK,2020-02-26,180167.62,9
LEAN_TIEBREAK,2020-02-27,173877.86,9
LEAN_TIEBREAK,2020-02-28,172833.21,9
LEAN_TIEBREAK,2020-03-02,180040.87,9
LEAN_TIEBREAK,2020-03-03,174715.84,10
LEAN_TIEBREAK,2020-03-04,180573.79,10
LEAN_TIEBREAK,2020-03-05,174170.14,10
LEAN_TIEBREAK,2020-03-06,169349.01,10
LEAN_TIEBREAK,2020-03-09,149875.5,10
LEAN_TIEBREAK,2020-03-10,156767.65,10
LEAN_TIEBREAK,2020-03-11,148114.44,10
LEAN_TIEBREAK,2020-03-12,134019.85,10
LEAN_TIEBREAK,2020-03-13,148175.55,10
LEAN_TIEBREAK,2020-03-16,131714.61,10
LEAN_TIEBREAK,2020-03-17,141681.79,10
LEAN_TIEBREAK,2020-03-18,135491.1,10
LEAN_TIEBREAK,2020-03-19,135659.31,10
LEAN_TIEBREAK,2020-03-20,128272.98,10
LEAN_TIEBREAK,2020-03-23,124089.35,10
LEAN_TIEBREAK,2020-03-24,131168.23,10
LEAN_TIEBREAK,2020-03-25,131930.28,10
LEAN_TIEBREAK,2020-03-26,141170.54,10
LEAN_TIEBREAK,2020-03-27,136374.03,10
LEAN_TIEBREAK,2020-03-30,138920.3,10
LEAN_TIEBREAK,2020-03-31,136802.56,10
LEAN_TIEBREAK,2020-04-01,130788.97,10
LEAN_TIEBREAK,2020-04-02,133000.27,9
LEAN_TIEBREAK,2020-04-03,131245.29,10
LEAN_TIEBREAK,2020-04-06,138744.63,10
LEAN_TIEBREAK,2020-04-07,139361.36,10
LEAN_TIEBREAK,2020-04-08,144464.69,9
LEAN_TIEBREAK,2020-04-09,146949.78,10
LEAN_TIEBREAK,2020-04-13,144104.15,10
LEAN_TIEBREAK,2020-04-14,146218.21,7
LEAN_TIEBREAK,2020-04-15,143164.05,8
LEAN_TIEBREAK,2020-04-16,140656.91,7
LEAN_TIEBREAK,2020-04-17,143987.31,8
LEAN_TIEBREAK,2020-04-20,141163.6,8
LEAN_TIEBREAK,2020-04-21,138541.12,8
LEAN_TIEBREAK,2020-04-22,139458.05,6
LEAN_TIEBREAK,2020-04-23,140257.95,10
LEAN_TIEBREAK,2020-04-24,141881.62,10
LEAN_TIEBREAK,2020-04-27,146611.97,10
LEAN_TIEBREAK,2020-04-28,151233.39,10
LEAN_TIEBREAK,2020-04-29,163771.23,9
LEAN_TIEBREAK,2020-04-30,158548.42,10
LEAN_TIEBREAK,2020-05-01,149643.41,9
LEAN_TIEBREAK,2020-05-04,148947.53,6
LEAN_TIEBREAK,2020-05-05,148567.19,6
LEAN_TIEBREAK,2020-05-06,147384.62,5
LEAN_TIEBREAK,2020-05-07,152568.04,5
LEAN_TIEBREAK,2020-05-08,156325.72,6
LEAN_TIEBREAK,2020-05-11,155062.37,10
LEAN_TIEBREAK,2020-05-12,150880.68,10
LEAN_TIEBREAK,2020-05-13,144887.96,10
LEAN_TIEBREAK,2020-05-14,149555.71,10
LEAN_TIEBREAK,2020-05-15,148562.14,10
LEAN_TIEBREAK,2020-05-18,157840.43,10
LEAN_TIEBREAK,2020-05-19,156769.75,10
LEAN_TIEBREAK,2020-05-20,161357.1,10
LEAN_TIEBREAK,2020-05-21,159293.92,10
LEAN_TIEBREAK,2020-05-22,158143.82,10
LEAN_TIEBREAK,2020-05-26,164702.86,10
LEAN_TIEBREAK,2020-05-27,173213.84,10
LEAN_TIEBREAK,2020-05-28,164109.05,10
LEAN_TIEBREAK,2020-05-29,161330.79,10
LEAN_TIEBREAK,2020-06-01,160956.43,9
LEAN_TIEBREAK,2020-06-02,161723.1,10
LEAN_TIEBREAK,2020-06-03,169575.59,10
LEAN_TIEBREAK,2020-06-04,172053.48,10
LEAN_TIEBREAK,2020-06-05,180460.87,10
LEAN_TIEBREAK,2020-06-08,190182.86,10
LEAN_TIEBREAK,2020-06-09,184604.39,10
LEAN_TIEBREAK,2020-06-10,177598.33,10
LEAN_TIEBREAK,2020-06-11,163983.16,7
LEAN_TIEBREAK,2020-06-12,166363.03,5
LEAN_TIEBREAK,2020-06-15,167385.48,5
LEAN_TIEBREAK,2020-06-16,168094.88,5
LEAN_TIEBREAK,2020-06-17,168585.33,5
LEAN_TIEBREAK,2020-06-18,169028.8,5
LEAN_TIEBREAK,2020-06-19,167155.55,10
LEAN_TIEBREAK,2020-06-22,168498.22,10
LEAN_TIEBREAK,2020-06-23,166893.41,10
LEAN_TIEBREAK,2020-06-24,161526.42,9
LEAN_TIEBREAK,2020-06-25,163166.57,8
LEAN_TIEBREAK,2020-06-26,158487.59,10
LEAN_TIEBREAK,2020-06-29,161029.07,10
LEAN_TIEBREAK,2020-06-30,164536.05,10
LEAN_TIEBREAK,2020-07-01,163786.87,10
LEAN_TIEBREAK,2020-07-02,165150.05,10
LEAN_TIEBREAK,2020-07-06,167405.36,10
LEAN_TIEBREAK,2020-07-07,163538.73,10
LEAN_TIEBREAK,2020-07-08,164576.24,10
LEAN_TIEBREAK,2020-07-09,162912.24,10
LEAN_TIEBREAK,2020-07-10,165005.58,10
LEAN_TIEBREAK,2020-07-13,162995.78,10
LEAN_TIEBREAK,2020-07-14,165504.46,8
LEAN_TIEBREAK,2020-07-15,169091.07,10
LEAN_TIEBREAK,2020-07-16,169734.31,10
LEAN_TIEBREAK,2020-07-17,169315.99,10
LEAN_TIEBREAK,2020-07-20,170717.23,10
LEAN_TIEBREAK,2020-07-21,174303.46,10
LEAN_TIEBREAK,2020-07-22,175792.93,10
LEAN_TIEBREAK,2020-07-23,173514.08,10
LEAN_TIEBREAK,2020-07-24,175693.63,9
LEAN_TIEBREAK,2020-07-27,176215.05,9
LEAN_TIEBREAK,2020-07-28,173553.0,10
LEAN_TIEBREAK,2020-07-29,179361.63,10
LEAN_TIEBREAK,2020-07-30,175903.72,10
LEAN_TIEBREAK,2020-07-31,174895.28,10
LEAN_TIEBREAK,2020-08-03,175815.15,10
LEAN_TIEBREAK,2020-08-04,180936.01,10
LEAN_TIEBREAK,2020-08-05,183494.24,10
LEAN_TIEBREAK,2020-08-06,182700.05,10
LEAN_TIEBREAK,2020-08-07,182954.81,10
LEAN_TIEBREAK,2020-08-10,184749.41,10
LEAN_TIEBREAK,2020-08-11,183688.34,10
LEAN_TIEBREAK,2020-08-12,186808.13,10
LEAN_TIEBREAK,2020-08-13,184982.06,10
LEAN_TIEBREAK,2020-08-14,185567.62,10
LEAN_TIEBREAK,2020-08-17,185618.83,10
LEAN_TIEBREAK,2020-08-18,185375.16,10
LEAN_TIEBREAK,2020-08-19,183466.9,10
LEAN_TIEBREAK,2020-08-20,182434.9,10
LEAN_TIEBREAK,2020-08-21,181504.97,10
LEAN_TIEBREAK,2020-08-24,184226.59,10
LEAN_TIEBREAK,2020-08-25,184776.73,10
LEAN_TIEBREAK,2020-08-26,183716.11,10
LEAN_TIEBREAK,2020-08-27,184458.4,10
LEAN_TIEBREAK,2020-08-28,186780.1,10
LEAN_TIEBREAK,2020-08-31,185455.18,10
LEAN_TIEBREAK,2020-09-01,186451.51,10
LEAN_TIEBREAK,2020-09-02,187164.75,10
LEAN_TIEBREAK,2020-09-03,183292.08,10
LEAN_TIEBREAK,2020-09-04,183035.07,9
LEAN_TIEBREAK,2020-09-08,176976.24,10
LEAN_TIEBREAK,2020-09-09,177956.0,10
LEAN_TIEBREAK,2020-09-10,173893.63,10
LEAN_TIEBREAK,2020-09-11,174764.36,10
LEAN_TIEBREAK,2020-09-14,177640.6,10
LEAN_TIEBREAK,2020-09-15,177191.69,10
LEAN_TIEBREAK,2020-09-16,180303.6,10
LEAN_TIEBREAK,2020-09-17,179470.36,10
LEAN_TIEBREAK,2020-09-18,179048.28,10
LEAN_TIEBREAK,2020-09-21,173392.49,10
LEAN_TIEBREAK,2020-09-22,173311.2,10
LEAN_TIEBREAK,2020-09-23,170291.23,10
LEAN_TIEBREAK,2020-09-24,169461.6,10
LEAN_TIEBREAK,2020-09-25,169767.1,10
LEAN_TIEBREAK,2020-09-28,173953.71,10
LEAN_TIEBREAK,2020-09-29,170879.9,10
LEAN_TIEBREAK,2020-09-30,171227.71,10
LEAN_TIEBREAK,2020-10-01,168628.7,10
LEAN_TIEBREAK,2020-10-02,169203.22,10
LEAN_TIEBREAK,2020-10-05,173233.58,10
LEAN_TIEBREAK,2020-10-06,170590.08,10
LEAN_TIEBREAK,2020-10-07,172830.1,10
LEAN_TIEBREAK,2020-10-08,176583.14,10
LEAN_TIEBREAK,2020-10-09,176241.25,10
LEAN_TIEBREAK,2020-10-12,177968.13,10
LEAN_TIEBREAK,2020-10-13,176375.84,10
LEAN_TIEBREAK,2020-10-14,175292.72,10
LEAN_TIEBREAK,2020-10-15,176544.85,10
LEAN_TIEBREAK,2020-10-16,173764.6,10
LEAN_TIEBREAK,2020-10-19,171103.76,10
LEAN_TIEBREAK,2020-10-20,173204.74,10
LEAN_TIEBREAK,2020-10-21,171627.76,10
LEAN_TIEBREAK,2020-10-22,176217.4,10
LEAN_TIEBREAK,2020-10-23,176510.23,10
LEAN_TIEBREAK,2020-10-26,172347.35,10
LEAN_TIEBREAK,2020-10-27,170272.34,10
LEAN_TIEBREAK,2020-10-28,164742.16,10
LEAN_TIEBREAK,2020-10-29,166776.03,10
LEAN_TIEBREAK,2020-10-30,168423.46,10
LEAN_TIEBREAK,2020-11-02,173173.27,10
LEAN_TIEBREAK,2020-11-03,175006.53,10
LEAN_TIEBREAK,2020-11-04,176811.46,10
LEAN_TIEBREAK,2020-11-05,178349.83,10
LEAN_TIEBREAK,2020-11-06,175938.1,10
LEAN_TIEBREAK,2020-11-09,188534.4,10
LEAN_TIEBREAK,2020-11-10,190366.68,10
LEAN_TIEBREAK,2020-11-11,189974.0,10
LEAN_TIEBREAK,2020-11-12,187183.99,10
LEAN_TIEBREAK,2020-11-13,190437.83,9
LEAN_TIEBREAK,2020-11-16,194916.2,10
LEAN_TIEBREAK,2020-11-17,196348.67,9
LEAN_TIEBREAK,2020-11-18,194491.24,10
LEAN_TIEBREAK,2020-11-19,197648.96,9
LEAN_TIEBREAK,2020-11-20,196331.03,10
LEAN_TIEBREAK,2020-11-23,203619.75,10
LEAN_TIEBREAK,2020-11-24,208025.63,10
LEAN_TIEBREAK,2020-11-25,207952.26,10
LEAN_TIEBREAK,2020-11-27,208474.43,10
LEAN_TIEBREAK,2020-11-30,207199.8,10
LEAN_TIEBREAK,2020-12-01,209206.24,10
LEAN_TIEBREAK,2020-12-02,209005.85,10
LEAN_TIEBREAK,2020-12-03,207356.37,10
LEAN_TIEBREAK,2020-12-04,209455.05,10
LEAN_TIEBREAK,2020-12-07,210073.87,10
LEAN_TIEBREAK,2020-12-08,212172.56,10
LEAN_TIEBREAK,2020-12-09,209825.0,9
LEAN_TIEBREAK,2020-12-10,210625.64,9
LEAN_TIEBREAK,2020-12-11,210985.45,9
LEAN_TIEBREAK,2020-12-14,210578.4,10
LEAN_TIEBREAK,2020-12-15,213769.16,10
LEAN_TIEBREAK,2020-12-16,215982.63,10
LEAN_TIEBREAK,2020-12-17,216405.64,10
LEAN_TIEBREAK,2020-12-18,216353.91,10
LEAN_TIEBREAK,2020-12-21,214663.65,10
LEAN_TIEBREAK,2020-12-22,215047.49,10
LEAN_TIEBREAK,2020-12-23,214916.19,10
LEAN_TIEBREAK,2020-12-24,214835.12,10
LEAN_TIEBREAK,2020-12-28,215696.52,10
LEAN_TIEBREAK,2020-12-29,215716.67,10
LEAN_TIEBREAK,2020-12-30,216093.28,10
LEAN_TIEBREAK,2020-12-31,216906.88,10
LEAN_TIEBREAK,2021-01-04,213482.93,10
LEAN_TIEBREAK,2021-01-05,215906.33,10
LEAN_TIEBREAK,2021-01-06,216172.5,10
LEAN_TIEBREAK,2021-01-07,217113.28,10
LEAN_TIEBREAK,2021-01-08,219095.6,10
LEAN_TIEBREAK,2021-01-11,217954.43,10
LEAN_TIEBREAK,2021-01-12,220458.88,10
LEAN_TIEBREAK,2021-01-13,219896.03,10
LEAN_TIEBREAK,2021-01-14,219588.73,10
LEAN_TIEBREAK,2021-01-15,217613.92,10
LEAN_TIEBREAK,2021-01-19,218303.09,10
LEAN_TIEBREAK,2021-01-20,222316.32,10
LEAN_TIEBREAK,2021-01-21,222501.55,10
LEAN_TIEBREAK,2021-01-22,222644.74,10
LEAN_TIEBREAK,2021-01-25,223353.66,10
LEAN_TIEBREAK,2021-01-26,224334.49,10
LEAN_TIEBREAK,2021-01-27,222349.32,10
LEAN_TIEBREAK,2021-01-28,219884.66,10
LEAN_TIEBREAK,2021-01-29,214795.64,10
LEAN_TIEBREAK,2021-02-01,216829.96,8
LEAN_TIEBREAK,2021-02-02,219264.68,9
LEAN_TIEBREAK,2021-02-03,220522.64,10
LEAN_TIEBREAK,2021-02-04,223651.53,10
LEAN_TIEBREAK,2021-02-05,225064.62,10
LEAN_TIEBREAK,2021-02-08,229846.21,10
LEAN_TIEBREAK,2021-02-09,229061.04,10
LEAN_TIEBREAK,2021-02-10,228671.45,7
LEAN_TIEBREAK,2021-02-11,226121.6,8
LEAN_TIEBREAK,2021-02-12,229090.11,9
LEAN_TIEBREAK,2021-02-16,231281.72,10
LEAN_TIEBREAK,2021-02-17,231593.22,10
LEAN_TIEBREAK,2021-02-18,228729.84,10
LEAN_TIEBREAK,2021-02-19,230821.37,10
LEAN_TIEBREAK,2021-02-22,231861.74,10
LEAN_TIEBREAK,2021-02-23,231129.45,10
LEAN_TIEBREAK,2021-02-24,234916.74,10
LEAN_TIEBREAK,2021-02-25,230350.07,10
LEAN_TIEBREAK,2021-02-26,228935.3,7
LEAN_TIEBREAK,2021-03-01,232374.48,7
LEAN_TIEBREAK,2021-03-02,230161.89,10
LEAN_TIEBREAK,2021-03-03,226111.46,10
LEAN_TIEBREAK,2021-03-04,223066.22,10
LEAN_TIEBREAK,2021-03-05,228372.46,10
LEAN_TIEBREAK,2021-03-08,226967.27,10
LEAN_TIEBREAK,2021-03-09,228692.77,10
LEAN_TIEBREAK,2021-03-10,231446.02,10
LEAN_TIEBREAK,2021-03-11,233585.8,10
LEAN_TIEBREAK,2021-03-12,234260.79,10
LEAN_TIEBREAK,2021-03-15,235879.11,10
LEAN_TIEBREAK,2021-03-16,234125.34,10
LEAN_TIEBREAK,2021-03-17,235854.42,10
LEAN_TIEBREAK,2021-03-18,229737.84,10
LEAN_TIEBREAK,2021-03-19,230410.01,10
LEAN_TIEBREAK,2021-03-22,231962.36,10
LEAN_TIEBREAK,2021-03-23,230690.5,10
LEAN_TIEBREAK,2021-03-24,230165.53,10
LEAN_TIEBREAK,2021-03-25,230169.4,10
LEAN_TIEBREAK,2021-03-26,234174.0,10
LEAN_TIEBREAK,2021-03-29,233300.04,10
LEAN_TIEBREAK,2021-03-30,232604.91,10
LEAN_TIEBREAK,2021-03-31,233540.75,10
LEAN_TIEBREAK,2021-04-01,237152.44,10
LEAN_TIEBREAK,2021-04-05,236682.46,10
LEAN_TIEBREAK,2021-04-06,237771.48,10
LEAN_TIEBREAK,2021-04-07,239405.5,10
LEAN_TIEBREAK,2021-04-08,239866.97,10
LEAN_TIEBREAK,2021-04-09,240294.6,10
LEAN_TIEBREAK,2021-04-12,240144.95,10
LEAN_TIEBREAK,2021-04-13,238994.36,10
LEAN_TIEBREAK,2021-04-14,240371.11,10
LEAN_TIEBREAK,2021-04-15,240652.44,10
LEAN_TIEBREAK,2021-04-16,241031.37,10
LEAN_TIEBREAK,2021-04-19,240516.5,10
LEAN_TIEBREAK,2021-04-20,235945.65,10
LEAN_TIEBREAK,2021-04-21,238191.2,10
LEAN_TIEBREAK,2021-04-22,238180.62,10
LEAN_TIEBREAK,2021-04-23,241122.05,10
LEAN_TIEBREAK,2021-04-26,242027.87,10
LEAN_TIEBREAK,2021-04-27,243198.65,10
LEAN_TIEBREAK,2021-04-28,245973.22,10
LEAN_TIEBREAK,2021-04-29,244242.32,10
LEAN_TIEBREAK,2021-04-30,242694.72,10
LEAN_TIEBREAK,2021-05-03,245767.55,10
LEAN_TIEBREAK,2021-05-04,244502.24,10
LEAN_TIEBREAK,2021-05-05,247617.77,9
LEAN_TIEBREAK,2021-05-06,249060.26,9
LEAN_TIEBREAK,2021-05-07,252517.9,10
LEAN_TIEBREAK,2021-05-10,251265.76,10
LEAN_TIEBREAK,2021-05-11,249168.85,10
LEAN_TIEBREAK,2021-05-12,245963.89,7
LEAN_TIEBREAK,2021-05-13,247801.33,7
LEAN_TIEBREAK,2021-05-14,251672.04,7
LEAN_TIEBREAK,2021-05-17,254818.92,8
LEAN_TIEBREAK,2021-05-18,254886.5,8
LEAN_TIEBREAK,2021-05-19,253963.11,10
LEAN_TIEBREAK,2021-05-20,256242.06,10
LEAN_TIEBREAK,2021-05-21,257784.57,10
LEAN_TIEBREAK,2021-05-24,259998.32,10
LEAN_TIEBREAK,2021-05-25,260876.56,10
LEAN_TIEBREAK,2021-05-26,265902.29,10
LEAN_TIEBREAK,2021-05-27,269150.38,10
LEAN_TIEBREAK,2021-05-28,268173.59,10
LEAN_TIEBREAK,2021-06-01,270949.32,10
LEAN_TIEBREAK,2021-06-02,275112.65,10
LEAN_TIEBREAK,2021-06-03,274160.78,10
LEAN_TIEBREAK,2021-06-04,276499.95,7
LEAN_TIEBREAK,2021-06-07,276089.56,9
LEAN_TIEBREAK,2021-06-08,275119.52,9
LEAN_TIEBREAK,2021-06-09,275415.9,10
LEAN_TIEBREAK,2021-06-10,277112.92,10
LEAN_TIEBREAK,2021-06-11,277699.08,10
LEAN_TIEBREAK,2021-06-14,275491.52,9
LEAN_TIEBREAK,2021-06-15,273671.6,8
LEAN_TIEBREAK,2021-06-16,271768.67,10
LEAN_TIEBREAK,2021-06-17,273013.98,10
LEAN_TIEBREAK,2021-06-18,270299.46,10
LEAN_TIEBREAK,2021-06-21,271840.63,10
LEAN_TIEBREAK,2021-06-22,273556.53,10
LEAN_TIEBREAK,2021-06-23,274182.13,10
LEAN_TIEBREAK,2021-06-24,276407.52,10
LEAN_TIEBREAK,2021-06-25,278368.38,10
LEAN_TIEBREAK,2021-06-28,278722.59,10
LEAN_TIEBREAK,2021-06-29,277668.48,10
LEAN_TIEBREAK,2021-06-30,282194.78,10
LEAN_TIEBREAK,2021-07-01,281163.63,10
LEAN_TIEBREAK,2021-07-02,280814.2,10
LEAN_TIEBREAK,2021-07-06,278148.86,10
LEAN_TIEBREAK,2021-07-07,274618.17,10
LEAN_TIEBREAK,2021-07-08,272166.54,9
LEAN_TIEBREAK,2021-07-09,276030.21,10
LEAN_TIEBREAK,2021-07-12,276002.76,10
LEAN_TIEBREAK,2021-07-13,272579.93,10
LEAN_TIEBREAK,2021-07-14,272420.45,10
LEAN_TIEBREAK,2021-07-15,271480.06,10
LEAN_TIEBREAK,2021-07-16,269152.78,10
LEAN_TIEBREAK,2021-07-19,264858.58,10
LEAN_TIEBREAK,2021-07-20,268921.31,10
LEAN_TIEBREAK,2021-07-21,271488.94,10
LEAN_TIEBREAK,2021-07-22,270178.99,10
LEAN_TIEBREAK,2021-07-23,271255.84,10
LEAN_TIEBREAK,2021-07-26,273107.08,10
LEAN_TIEBREAK,2021-07-27,271436.58,10
LEAN_TIEBREAK,2021-07-28,273088.0,10
LEAN_TIEBREAK,2021-07-29,274386.08,10
LEAN_TIEBREAK,2021-07-30,271885.47,10
LEAN_TIEBREAK,2021-08-02,271543.36,10
LEAN_TIEBREAK,2021-08-03,272883.14,10
LEAN_TIEBREAK,2021-08-04,271931.52,10
LEAN_TIEBREAK,2021-08-05,276650.57,10
LEAN_TIEBREAK,2021-08-06,276428.66,10
LEAN_TIEBREAK,2021-08-09,275318.43,10
LEAN_TIEBREAK,2021-08-10,277643.97,10
LEAN_TIEBREAK,2021-08-11,279322.9,10
LEAN_TIEBREAK,2021-08-12,279082.05,10
LEAN_TIEBREAK,2021-08-13,278983.23,10
LEAN_TIEBREAK,2021-08-16,278137.7,10
LEAN_TIEBREAK,2021-08-17,277249.58,10
LEAN_TIEBREAK,2021-08-18,276032.14,10
LEAN_TIEBREAK,2021-08-19,276047.23,9
LEAN_TIEBREAK,2021-08-20,278299.87,10
LEAN_TIEBREAK,2021-08-23,281650.12,10
LEAN_TIEBREAK,2021-08-24,282930.36,10
LEAN_TIEBREAK,2021-08-25,283083.68,10
LEAN_TIEBREAK,2021-08-26,281542.14,10
LEAN_TIEBREAK,2021-08-27,284872.5,10
LEAN_TIEBREAK,2021-08-30,285641.23,10
LEAN_TIEBREAK,2021-08-31,286816.58,10
LEAN_TIEBREAK,2021-09-01,286824.22,10
LEAN_TIEBREAK,2021-09-02,288552.47,10
LEAN_TIEBREAK,2021-09-03,288981.26,10
LEAN_TIEBREAK,2021-09-07,288484.31,10
LEAN_TIEBREAK,2021-09-08,285522.82,10
LEAN_TIEBREAK,2021-09-09,284947.73,10
LEAN_TIEBREAK,2021-09-10,282112.2,10
LEAN_TIEBREAK,2021-09-13,282035.72,10
LEAN_TIEBREAK,2021-09-14,278147.85,10
LEAN_TIEBREAK,2021-09-15,279895.88,10
LEAN_TIEBREAK,2021-09-16,280039.1,10
LEAN_TIEBREAK,2021-09-17,279824.32,10
LEAN_TIEBREAK,2021-09-20,277031.92,10
LEAN_TIEBREAK,2021-09-21,276697.04,10
LEAN_TIEBREAK,2021-09-22,280946.03,10
LEAN_TIEBREAK,2021-09-23,286506.81,10
LEAN_TIEBREAK,2021-09-24,288483.27,10
LEAN_TIEBREAK,2021-09-27,290071.7,10
LEAN_TIEBREAK,2021-09-28,286550.5,10
LEAN_TIEBREAK,2021-09-29,286076.29,10
LEAN_TIEBREAK,2021-09-30,279298.42,10
LEAN_TIEBREAK,2021-10-01,283687.22,10
LEAN_TIEBREAK,2021-10-04,281344.43,10
LEAN_TIEBREAK,2021-10-05,283076.85,10
LEAN_TIEBREAK,2021-10-06,283265.95,10
LEAN_TIEBREAK,2021-10-07,285125.31,10
LEAN_TIEBREAK,2021-10-08,283317.19,10
LEAN_TIEBREAK,2021-10-11,280086.18,10
LEAN_TIEBREAK,2021-10-12,278957.62,10
LEAN_TIEBREAK,2021-10-13,279157.53,10
LEAN_TIEBREAK,2021-10-14,280521.81,10
LEAN_TIEBREAK,2021-10-15,279488.26,10
LEAN_TIEBREAK,2021-10-18,280916.4,10
LEAN_TIEBREAK,2021-10-19,282485.06,10
LEAN_TIEBREAK,2021-10-20,283376.09,10
LEAN_TIEBREAK,2021-10-21,281462.31,10
LEAN_TIEBREAK,2021-10-22,278512.86,10
LEAN_TIEBREAK,2021-10-25,279398.74,10
LEAN_TIEBREAK,2021-10-26,279262.8,10
LEAN_TIEBREAK,2021-10-27,272757.4,10
LEAN_TIEBREAK,2021-10-28,276170.85,10
LEAN_TIEBREAK,2021-10-29,272816.63,10
LEAN_TIEBREAK,2021-11-01,277884.26,9
LEAN_TIEBREAK,2021-11-02,277187.88,10
LEAN_TIEBREAK,2021-11-03,280617.82,10
LEAN_TIEBREAK,2021-11-04,278021.05,10
LEAN_TIEBREAK,2021-11-05,283984.6,10
LEAN_TIEBREAK,2021-11-08,282521.53,10
LEAN_TIEBREAK,2021-11-09,281443.47,9
LEAN_TIEBREAK,2021-11-10,280448.87,10
LEAN_TIEBREAK,2021-11-11,279868.1,10
LEAN_TIEBREAK,2021-11-12,280899.81,10
LEAN_TIEBREAK,2021-11-15,282567.9,10
LEAN_TIEBREAK,2021-11-16,279132.09,10
LEAN_TIEBREAK,2021-11-17,277252.71,10
LEAN_TIEBREAK,2021-11-18,273264.15,10
LEAN_TIEBREAK,2021-11-19,270830.54,10
LEAN_TIEBREAK,2021-11-22,270444.0,10
LEAN_TIEBREAK,2021-11-23,270150.08,10
LEAN_TIEBREAK,2021-11-24,269931.68,10
LEAN_TIEBREAK,2021-11-26,266550.16,10
LEAN_TIEBREAK,2021-11-29,265786.16,10
LEAN_TIEBREAK,2021-11-30,258808.88,10
LEAN_TIEBREAK,2021-12-01,254774.68,10
LEAN_TIEBREAK,2021-12-02,257706.32,10
LEAN_TIEBREAK,2021-12-03,258521.67,10
LEAN_TIEBREAK,2021-12-06,262140.95,10
LEAN_TIEBREAK,2021-12-07,265797.46,10
LEAN_TIEBREAK,2021-12-08,265349.97,10
LEAN_TIEBREAK,2021-12-09,263669.32,10
LEAN_TIEBREAK,2021-12-10,266853.01,10
LEAN_TIEBREAK,2021-12-13,265048.29,10
LEAN_TIEBREAK,2021-12-14,264690.76,10
LEAN_TIEBREAK,2021-12-15,266392.94,10
LEAN_TIEBREAK,2021-12-16,270232.83,10
LEAN_TIEBREAK,2021-12-17,267332.62,10
LEAN_TIEBREAK,2021-12-20,264598.78,10
LEAN_TIEBREAK,2021-12-21,268819.77,10
LEAN_TIEBREAK,2021-12-22,270105.34,10
LEAN_TIEBREAK,2021-12-23,272059.51,10
LEAN_TIEBREAK,2021-12-27,272614.87,10
LEAN_TIEBREAK,2021-12-28,271453.61,10
LEAN_TIEBREAK,2021-12-29,270002.68,10
LEAN_TIEBREAK,2021-12-30,272078.45,10
LEAN_TIEBREAK,2021-12-31,269880.2,10
LEAN_TIEBREAK,2022-01-03,275049.96,10
LEAN_TIEBREAK,2022-01-04,277636.44,10
LEAN_TIEBREAK,2022-01-05,274750.64,10
LEAN_TIEBREAK,2022-01-06,277379.4,9
LEAN_TIEBREAK,2022-01-07,281445.73,9
LEAN_TIEBREAK,2022-01-10,279499.93,10
LEAN_TIEBREAK,2022-01-11,281944.79,10
LEAN_TIEBREAK,2022-01-12,281682.38,10
LEAN_TIEBREAK,2022-01-13,280454.23,10
LEAN_TIEBREAK,2022-01-14,286790.88,10
LEAN_TIEBREAK,2022-01-18,281863.93,10
LEAN_TIEBREAK,2022-01-19,279598.06,10
LEAN_TIEBREAK,2022-01-20,276819.02,10
LEAN_TIEBREAK,2022-01-21,269850.37,10
LEAN_TIEBREAK,2022-01-24,271106.77,8
LEAN_TIEBREAK,2022-01-25,272751.45,8
LEAN_TIEBREAK,2022-01-26,271148.85,9
LEAN_TIEBREAK,2022-01-27,267569.46,9
LEAN_TIEBREAK,2022-01-28,272192.36,10
LEAN_TIEBREAK,2022-01-31,276927.82,10
LEAN_TIEBREAK,2022-02-01,279737.01,10
LEAN_TIEBREAK,2022-02-02,272433.12,10
LEAN_TIEBREAK,2022-02-03,267601.49,10
LEAN_TIEBREAK,2022-02-04,268987.72,10
LEAN_TIEBREAK,2022-02-07,269331.19,10
LEAN_TIEBREAK,2022-02-08,271817.36,10
LEAN_TIEBREAK,2022-02-09,277966.29,10
LEAN_TIEBREAK,2022-02-10,274166.68,10
LEAN_TIEBREAK,2022-02-11,269109.32,9
LEAN_TIEBREAK,2022-02-14,267497.13,10
LEAN_TIEBREAK,2022-02-15,269444.05,10
LEAN_TIEBREAK,2022-02-16,265105.74,10
LEAN_TIEBREAK,2022-02-17,264485.61,10
LEAN_TIEBREAK,2022-02-18,263620.62,10
LEAN_TIEBREAK,2022-02-22,262599.77,10
LEAN_TIEBREAK,2022-02-23,262208.62,10
LEAN_TIEBREAK,2022-02-24,260729.66,10
LEAN_TIEBREAK,2022-02-25,267039.01,10
LEAN_TIEBREAK,2022-02-28,265689.96,10
LEAN_TIEBREAK,2022-03-01,265255.78,10
LEAN_TIEBREAK,2022-03-02,269916.79,10
LEAN_TIEBREAK,2022-03-03,270104.12,10
LEAN_TIEBREAK,2022-03-04,270742.05,10
LEAN_TIEBREAK,2022-03-07,268664.41,10
LEAN_TIEBREAK,2022-03-08,265890.06,10
LEAN_TIEBREAK,2022-03-09,266971.9,7
LEAN_TIEBREAK,2022-03-10,267809.65,8
LEAN_TIEBREAK,2022-03-11,264790.17,9
LEAN_TIEBREAK,2022-03-14,262073.11,8
LEAN_TIEBREAK,2022-03-15,266061.73,9
LEAN_TIEBREAK,2022-03-16,271959.48,10
LEAN_TIEBREAK,2022-03-17,274069.52,10
LEAN_TIEBREAK,2022-03-18,276076.7,10
LEAN_TIEBREAK,2022-03-21,273515.42,10
LEAN_TIEBREAK,2022-03-22,276618.45,10
LEAN_TIEBREAK,2022-03-23,274259.29,10
LEAN_TIEBREAK,2022-03-24,275425.83,7
LEAN_TIEBREAK,2022-03-25,277584.52,10
LEAN_TIEBREAK,2022-03-28,277445.01,10
LEAN_TIEBREAK,2022-03-29,280762.55,9
LEAN_TIEBREAK,2022-03-30,277408.93,10
LEAN_TIEBREAK,2022-03-31,274913.8,10
LEAN_TIEBREAK,2022-04-01,275690.64,8
LEAN_TIEBREAK,2022-04-04,277346.59,8
LEAN_TIEBREAK,2022-04-05,273339.37,7
LEAN_TIEBREAK,2022-04-06,272591.02,7
LEAN_TIEBREAK,2022-04-07,272439.07,7
LEAN_TIEBREAK,2022-04-08,276207.43,8
LEAN_TIEBREAK,2022-04-11,270526.29,10
LEAN_TIEBREAK,2022-04-12,272705.57,9
LEAN_TIEBREAK,2022-04-13,276176.95,8
LEAN_TIEBREAK,2022-04-14,274526.28,10
LEAN_TIEBREAK,2022-04-18,275321.99,10
LEAN_TIEBREAK,2022-04-19,278069.21,10
LEAN_TIEBREAK,2022-04-20,278400.9,10
LEAN_TIEBREAK,2022-04-21,273806.5,10
LEAN_TIEBREAK,2022-04-22,268116.09,10
LEAN_TIEBREAK,2022-04-25,264767.38,10
LEAN_TIEBREAK,2022-04-26,260193.41,10
LEAN_TIEBREAK,2022-04-27,261022.12,8
LEAN_TIEBREAK,2022-04-28,266265.99,8
LEAN_TIEBREAK,2022-04-29,258699.86,10
LEAN_TIEBREAK,2022-05-02,261418.55,10
LEAN_TIEBREAK,2022-05-03,265648.08,10
LEAN_TIEBREAK,2022-05-04,274696.44,10
LEAN_TIEBREAK,2022-05-05,267900.4,10
LEAN_TIEBREAK,2022-05-06,269203.57,9
LEAN_TIEBREAK,2022-05-09,251591.48,10
LEAN_TIEBREAK,2022-05-10,254140.33,10
LEAN_TIEBREAK,2022-05-11,253611.12,10
LEAN_TIEBREAK,2022-05-12,252063.71,10
LEAN_TIEBREAK,2022-05-13,262352.7,10
LEAN_TIEBREAK,2022-05-16,264777.95,10
LEAN_TIEBREAK,2022-05-17,272182.33,10
LEAN_TIEBREAK,2022-05-18,261212.67,10
LEAN_TIEBREAK,2022-05-19,254625.29,6
LEAN_TIEBREAK,2022-05-20,252563.56,8
LEAN_TIEBREAK,2022-05-23,258576.3,9
LEAN_TIEBREAK,2022-05-24,256108.85,10
LEAN_TIEBREAK,2022-05-25,258157.4,9
LEAN_TIEBREAK,2022-05-26,265206.02,10
LEAN_TIEBREAK,2022-05-27,270112.35,10
LEAN_TIEBREAK,2022-05-31,268456.14,10
LEAN_TIEBREAK,2022-06-01,265837.17,10
LEAN_TIEBREAK,2022-06-02,269424.61,7
LEAN_TIEBREAK,2022-06-03,264233.5,10
LEAN_TIEBREAK,2022-06-06,265812.56,9
LEAN_TIEBREAK,2022-06-07,267588.23,9
LEAN_TIEBREAK,2022-06-08,264381.92,10
LEAN_TIEBREAK,2022-06-09,256959.82,8
LEAN_TIEBREAK,2022-06-10,250527.3,8
LEAN_TIEBREAK,2022-06-13,239499.39,8
LEAN_TIEBREAK,2022-06-14,238675.37,8
LEAN_TIEBREAK,2022-06-15,244476.25,8
LEAN_TIEBREAK,2022-06-16,234330.79,8
LEAN_TIEBREAK,2022-06-17,238521.21,8
LEAN_TIEBREAK,2022-06-21,242573.98,8
LEAN_TIEBREAK,2022-06-22,243532.89,10
LEAN_TIEBREAK,2022-06-23,244187.43,10
LEAN_TIEBREAK,2022-06-24,256264.55,10
LEAN_TIEBREAK,2022-06-27,254400.6,10
LEAN_TIEBREAK,2022-06-28,248803.79,9
LEAN_TIEBREAK,2022-06-29,242750.94,9
LEAN_TIEBREAK,2022-06-30,238626.37,10
LEAN_TIEBREAK,2022-07-01,240867.67,10
LEAN_TIEBREAK,2022-07-05,245520.39,10
LEAN_TIEBREAK,2022-07-06,241676.77,10
LEAN_TIEBREAK,2022-07-07,247774.92,10
LEAN_TIEBREAK,2022-07-08,246887.6,10
LEAN_TIEBREAK,2022-07-11,239769.19,10
LEAN_TIEBREAK,2022-07-12,241508.47,9
LEAN_TIEBREAK,2022-07-13,241649.93,9
LEAN_TIEBREAK,2022-07-14,240448.13,10
LEAN_TIEBREAK,2022-07-15,247044.96,10
LEAN_TIEBREAK,2022-07-18,249532.83,10
LEAN_TIEBREAK,2022-07-19,257414.56,10
LEAN_TIEBREAK,2022-07-20,262972.77,10
LEAN_TIEBREAK,2022-07-21,262637.16,10
LEAN_TIEBREAK,2022-07-22,261386.52,10
LEAN_TIEBREAK,2022-07-25,262794.47,10
LEAN_TIEBREAK,2022-07-26,259686.87,10
LEAN_TIEBREAK,2022-07-27,268234.13,10
LEAN_TIEBREAK,2022-07-28,271349.31,10
LEAN_TIEBREAK,2022-07-29,273310.76,10
LEAN_TIEBREAK,2022-08-01,273338.12,10
LEAN_TIEBREAK,2022-08-02,270788.91,10
LEAN_TIEBREAK,2022-08-03,276430.62,9
LEAN_TIEBREAK,2022-08-04,275429.47,9
LEAN_TIEBREAK,2022-08-05,274324.59,8
LEAN_TIEBREAK,2022-08-08,276399.54,9
LEAN_TIEBREAK,2022-08-09,275412.25,10
LEAN_TIEBREAK,2022-08-10,282563.74,10
LEAN_TIEBREAK,2022-08-11,282757.33,10
LEAN_TIEBREAK,2022-08-12,287877.61,10
LEAN_TIEBREAK,2022-08-15,288347.83,10
LEAN_TIEBREAK,2022-08-16,292969.26,10
LEAN_TIEBREAK,2022-08-17,287916.2,9
LEAN_TIEBREAK,2022-08-18,287255.21,8
LEAN_TIEBREAK,2022-08-19,282660.6,10
LEAN_TIEBREAK,2022-08-22,278241.43,7
LEAN_TIEBREAK,2022-08-23,282117.93,7
LEAN_TIEBREAK,2022-08-24,284407.12,7
LEAN_TIEBREAK,2022-08-25,288041.67,7
LEAN_TIEBREAK,2022-08-26,280644.91,8
LEAN_TIEBREAK,2022-08-29,278793.87,7
LEAN_TIEBREAK,2022-08-30,275505.3,7
LEAN_TIEBREAK,2022-08-31,273416.16,7
LEAN_TIEBREAK,2022-09-01,274453.23,6
LEAN_TIEBREAK,2022-09-02,272364.24,7
LEAN_TIEBREAK,2022-09-06,272690.59,7
LEAN_TIEBREAK,2022-09-07,278466.45,7
LEAN_TIEBREAK,2022-09-08,282431.51,10
LEAN_TIEBREAK,2022-09-09,286963.11,10
LEAN_TIEBREAK,2022-09-12,290659.85,10
LEAN_TIEBREAK,2022-09-13,277913.7,10
LEAN_TIEBREAK,2022-09-14,279938.72,8
LEAN_TIEBREAK,2022-09-15,281105.04,10
LEAN_TIEBREAK,2022-09-16,276937.29,10
LEAN_TIEBREAK,2022-09-19,277506.27,9
LEAN_TIEBREAK,2022-09-20,273571.05,9
LEAN_TIEBREAK,2022-09-21,268390.3,9
LEAN_TIEBREAK,2022-09-22,263406.57,9
LEAN_TIEBREAK,2022-09-23,258720.78,10
LEAN_TIEBREAK,2022-09-26,254251.46,10
LEAN_TIEBREAK,2022-09-27,256921.98,10
LEAN_TIEBREAK,2022-09-28,263860.14,10
LEAN_TIEBREAK,2022-09-29,258954.52,10
LEAN_TIEBREAK,2022-09-30,255499.07,10
LEAN_TIEBREAK,2022-10-03,261192.96,10
LEAN_TIEBREAK,2022-10-04,272119.38,10
LEAN_TIEBREAK,2022-10-05,271635.51,10
LEAN_TIEBREAK,2022-10-06,271300.38,10
LEAN_TIEBREAK,2022-10-07,267557.88,10
LEAN_TIEBREAK,2022-10-10,263402.25,10
LEAN_TIEBREAK,2022-10-11,265337.18,10
LEAN_TIEBREAK,2022-10-12,265510.73,10
LEAN_TIEBREAK,2022-10-13,271762.21,10
LEAN_TIEBREAK,2022-10-14,266889.7,10
LEAN_TIEBREAK,2022-10-17,270671.94,10
LEAN_TIEBREAK,2022-10-18,273522.95,10
LEAN_TIEBREAK,2022-10-19,274038.07,10
LEAN_TIEBREAK,2022-10-20,272340.47,10
LEAN_TIEBREAK,2022-10-21,277842.52,10
LEAN_TIEBREAK,2022-10-24,280859.74,10
LEAN_TIEBREAK,2022-10-25,285154.68,10
LEAN_TIEBREAK,2022-10-26,286425.29,10
LEAN_TIEBREAK,2022-10-27,284400.55,10
LEAN_TIEBREAK,2022-10-28,289542.97,9
LEAN_TIEBREAK,2022-10-31,288031.88,10
LEAN_TIEBREAK,2022-11-01,288184.29,10
LEAN_TIEBREAK,2022-11-02,280784.1,10
LEAN_TIEBREAK,2022-11-03,276158.05,6
LEAN_TIEBREAK,2022-11-04,279421.4,6
LEAN_TIEBREAK,2022-11-07,282888.16,7
LEAN_TIEBREAK,2022-11-08,285637.24,8
LEAN_TIEBREAK,2022-11-09,277628.06,10
LEAN_TIEBREAK,2022-11-10,291165.31,8
LEAN_TIEBREAK,2022-11-11,295012.19,10
LEAN_TIEBREAK,2022-11-14,294202.07,10
LEAN_TIEBREAK,2022-11-15,298293.02,10
LEAN_TIEBREAK,2022-11-16,290142.97,10
LEAN_TIEBREAK,2022-11-17,288552.63,6
LEAN_TIEBREAK,2022-11-18,288697.85,6
LEAN_TIEBREAK,2022-11-21,287480.19,7
LEAN_TIEBREAK,2022-11-22,290148.07,6
LEAN_TIEBREAK,2022-11-23,290368.93,7
LEAN_TIEBREAK,2022-11-25,289984.21,9
LEAN_TIEBREAK,2022-11-28,285762.75,9
LEAN_TIEBREAK,2022-11-29,286182.45,9
LEAN_TIEBREAK,2022-11-30,290587.4,10
LEAN_TIEBREAK,2022-12-01,289962.76,10
LEAN_TIEBREAK,2022-12-02,288799.43,10
LEAN_TIEBREAK,2022-12-05,282785.97,10
LEAN_TIEBREAK,2022-12-06,281127.64,8
LEAN_TIEBREAK,2022-12-07,279517.94,8
LEAN_TIEBREAK,2022-12-08,279139.21,8
LEAN_TIEBREAK,2022-12-09,278440.67,8
LEAN_TIEBREAK,2022-12-12,282521.93,7
LEAN_TIEBREAK,2022-12-13,278197.34,10
LEAN_TIEBREAK,2022-12-14,278667.9,10
LEAN_TIEBREAK,2022-12-15,269656.12,10
LEAN_TIEBREAK,2022-12-16,267265.31,9
LEAN_TIEBREAK,2022-12-19,260846.84,9
LEAN_TIEBREAK,2022-12-20,260274.0,9
LEAN_TIEBREAK,2022-12-21,264382.76,10
LEAN_TIEBREAK,2022-12-22,257312.35,10
LEAN_TIEBREAK,2022-12-23,260183.93,10
LEAN_TIEBREAK,2022-12-27,258769.44,10
LEAN_TIEBREAK,2022-12-28,252973.32,10
LEAN_TIEBREAK,2022-12-29,260730.91,10
LEAN_TIEBREAK,2022-12-30,260825.67,10
LEAN_TIEBREAK,2023-01-03,259755.85,10
LEAN_TIEBREAK,2023-01-04,270007.81,10
LEAN_TIEBREAK,2023-01-05,271193.6,10
LEAN_TIEBREAK,2023-01-06,278497.32,10
LEAN_TIEBREAK,2023-01-09,282608.21,10
LEAN_TIEBREAK,2023-01-10,288190.74,10
LEAN_TIEBREAK,2023-01-11,290004.01,10
LEAN_TIEBREAK,2023-01-12,299670.99,10
LEAN_TIEBREAK,2023-01-13,300574.4,10
LEAN_TIEBREAK,2023-01-17,301823.59,10
LEAN_TIEBREAK,2023-01-18,294526.62,8
LEAN_TIEBREAK,2023-01-19,291688.24,8
LEAN_TIEBREAK,2023-01-20,297613.77,9
LEAN_TIEBREAK,2023-01-23,302251.18,9
LEAN_TIEBREAK,2023-01-24,299539.84,10
LEAN_TIEBREAK,2023-01-25,301996.93,9
LEAN_TIEBREAK,2023-01-26,307664.09,10
LEAN_TIEBREAK,2023-01-27,312055.91,10
LEAN_TIEBREAK,2023-01-30,304408.66,10
LEAN_TIEBREAK,2023-01-31,310121.95,10
LEAN_TIEBREAK,2023-02-01,312278.11,10
LEAN_TIEBREAK,2023-02-02,319018.3,10
LEAN_TIEBREAK,2023-02-03,316511.55,10
LEAN_TIEBREAK,2023-02-06,315356.07,10
LEAN_TIEBREAK,2023-02-07,317955.35,10
LEAN_TIEBREAK,2023-02-08,314109.43,10
LEAN_TIEBREAK,2023-02-09,312755.89,10
LEAN_TIEBREAK,2023-02-10,314520.63,10
LEAN_TIEBREAK,2023-02-13,313880.53,10
LEAN_TIEBREAK,2023-02-14,315374.52,10
LEAN_TIEBREAK,2023-02-15,315800.84,10
LEAN_TIEBREAK,2023-02-16,309957.27,10
LEAN_TIEBREAK,2023-02-17,307018.57,10
LEAN_TIEBREAK,2023-02-21,303977.34,10
LEAN_TIEBREAK,2023-02-22,304295.28,10
LEAN_TIEBREAK,2023-02-23,305319.41,10
LEAN_TIEBREAK,2023-02-24,305718.56,10
LEAN_TIEBREAK,2023-02-27,304097.03,10
LEAN_TIEBREAK,2023-02-28,302128.9,10
LEAN_TIEBREAK,2023-03-01,302504.7,10
LEAN_TIEBREAK,2023-03-02,303531.22,10
LEAN_TIEBREAK,2023-03-03,307809.58,10
LEAN_TIEBREAK,2023-03-06,305874.7,10
LEAN_TIEBREAK,2023-03-07,300805.53,10
LEAN_TIEBREAK,2023-03-08,301802.55,10
LEAN_TIEBREAK,2023-03-09,292921.19,10
LEAN_TIEBREAK,2023-03-10,285703.26,10
LEAN_TIEBREAK,2023-03-13,280315.47,10
LEAN_TIEBREAK,2023-03-14,283887.08,10
LEAN_TIEBREAK,2023-03-15,280638.75,10
LEAN_TIEBREAK,2023-03-16,283921.32,10
LEAN_TIEBREAK,2023-03-17,279646.17,10
LEAN_TIEBREAK,2023-03-20,282594.79,10
LEAN_TIEBREAK,2023-03-21,287852.34,10
LEAN_TIEBREAK,2023-03-22,281096.63,10
LEAN_TIEBREAK,2023-03-23,279089.51,10
LEAN_TIEBREAK,2023-03-24,280579.43,10
LEAN_TIEBREAK,2023-03-27,282664.63,10
LEAN_TIEBREAK,2023-03-28,283478.75,10
LEAN_TIEBREAK,2023-03-29,287495.39,10
LEAN_TIEBREAK,2023-03-30,287210.66,10
LEAN_TIEBREAK,2023-03-31,291198.97,10
LEAN_TIEBREAK,2023-04-03,292294.96,10
LEAN_TIEBREAK,2023-04-04,289246.14,10
LEAN_TIEBREAK,2023-04-05,287066.59,7
LEAN_TIEBREAK,2023-04-06,287350.81,8
LEAN_TIEBREAK,2023-04-10,290394.56,8
LEAN_TIEBREAK,2023-04-11,290923.4,8
LEAN_TIEBREAK,2023-04-12,286679.04,8
LEAN_TIEBREAK,2023-04-13,288153.67,7
LEAN_TIEBREAK,2023-04-14,286985.45,10
LEAN_TIEBREAK,2023-04-17,289850.48,10
LEAN_TIEBREAK,2023-04-18,290928.88,10
LEAN_TIEBREAK,2023-04-19,292210.48,10
LEAN_TIEBREAK,2023-04-20,290022.24,10
LEAN_TIEBREAK,2023-04-21,289433.56,10
LEAN_TIEBREAK,2023-04-24,287503.0,10
LEAN_TIEBREAK,2023-04-25,280627.97,9
LEAN_TIEBREAK,2023-04-26,279664.05,9
LEAN_TIEBREAK,2023-04-27,290693.54,10
LEAN_TIEBREAK,2023-04-28,296090.38,10
LEAN_TIEBREAK,2023-05-01,294543.95,10
LEAN_TIEBREAK,2023-05-02,288239.14,10
LEAN_TIEBREAK,2023-05-03,284732.35,10
LEAN_TIEBREAK,2023-05-04,281102.86,10
LEAN_TIEBREAK,2023-05-05,289433.12,10
LEAN_TIEBREAK,2023-05-08,288809.89,10
LEAN_TIEBREAK,2023-05-09,284020.21,10
LEAN_TIEBREAK,2023-05-10,283294.81,10
LEAN_TIEBREAK,2023-05-11,281227.37,10
LEAN_TIEBREAK,2023-05-12,281929.5,10
LEAN_TIEBREAK,2023-05-15,290527.37,10
LEAN_TIEBREAK,2023-05-16,288745.95,10
LEAN_TIEBREAK,2023-05-17,295281.37,10
LEAN_TIEBREAK,2023-05-18,300380.28,10
LEAN_TIEBREAK,2023-05-19,297601.7,10
LEAN_TIEBREAK,2023-05-22,298977.94,10
LEAN_TIEBREAK,2023-05-23,296353.9,10
LEAN_TIEBREAK,2023-05-24,292725.51,10
LEAN_TIEBREAK,2023-05-25,292358.51,10
LEAN_TIEBREAK,2023-05-26,297527.03,10
LEAN_TIEBREAK,2023-05-30,300221.05,10
LEAN_TIEBREAK,2023-05-31,294360.7,10
LEAN_TIEBREAK,2023-06-01,297484.91,10
LEAN_TIEBREAK,2023-06-02,303358.29,10
LEAN_TIEBREAK,2023-06-05,301052.01,10
LEAN_TIEBREAK,2023-06-06,304477.19,10
LEAN_TIEBREAK,2023-06-07,312744.35,10
LEAN_TIEBREAK,2023-06-08,314316.94,10
LEAN_TIEBREAK,2023-06-09,312841.59,9
LEAN_TIEBREAK,2023-06-12,313935.37,9
LEAN_TIEBREAK,2023-06-13,316020.69,10
LEAN_TIEBREAK,2023-06-14,315072.71,10
LEAN_TIEBREAK,2023-06-15,317440.62,10
LEAN_TIEBREAK,2023-06-16,317526.18,10
LEAN_TIEBREAK,2023-06-20,313472.34,10
LEAN_TIEBREAK,2023-06-21,311988.95,10
LEAN_TIEBREAK,2023-06-22,308729.95,8
LEAN_TIEBREAK,2023-06-23,306914.69,9
LEAN_TIEBREAK,2023-06-26,308862.25,9
LEAN_TIEBREAK,2023-06-27,311065.16,9
LEAN_TIEBREAK,2023-06-28,313016.92,10
LEAN_TIEBREAK,2023-06-29,315226.65,10
LEAN_TIEBREAK,2023-06-30,316692.74,10
LEAN_TIEBREAK,2023-07-03,318327.45,10
LEAN_TIEBREAK,2023-07-05,318148.6,10
LEAN_TIEBREAK,2023-07-06,314829.08,10
LEAN_TIEBREAK,2023-07-07,317474.32,9
LEAN_TIEBREAK,2023-07-10,317653.18,10
LEAN_TIEBREAK,2023-07-11,322344.88,10
LEAN_TIEBREAK,2023-07-12,325611.44,10
LEAN_TIEBREAK,2023-07-13,327979.87,10
LEAN_TIEBREAK,2023-07-14,323576.21,10
LEAN_TIEBREAK,2023-07-17,322132.51,10
LEAN_TIEBREAK,2023-07-18,326757.85,10
LEAN_TIEBREAK,2023-07-19,330231.52,10
LEAN_TIEBREAK,2023-07-20,329345.47,10
LEAN_TIEBREAK,2023-07-21,328998.07,10
LEAN_TIEBREAK,2023-07-24,328804.17,10
LEAN_TIEBREAK,2023-07-25,327484.27,10
LEAN_TIEBREAK,2023-07-26,327572.94,9
LEAN_TIEBREAK,2023-07-27,324227.52,9
LEAN_TIEBREAK,2023-07-28,327906.52,10
LEAN_TIEBREAK,2023-07-31,329026.57,10
LEAN_TIEBREAK,2023-08-01,327294.29,10
LEAN_TIEBREAK,2023-08-02,323089.46,10
LEAN_TIEBREAK,2023-08-03,322011.41,9
LEAN_TIEBREAK,2023-08-04,322529.46,10
LEAN_TIEBREAK,2023-08-07,326541.59,10
LEAN_TIEBREAK,2023-08-08,323997.91,10
LEAN_TIEBREAK,2023-08-09,320529.52,9
LEAN_TIEBREAK,2023-08-10,320348.54,8
LEAN_TIEBREAK,2023-08-11,319541.94,8
LEAN_TIEBREAK,2023-08-14,321505.2,10
LEAN_TIEBREAK,2023-08-15,319475.48,10
LEAN_TIEBREAK,2023-08-16,316539.65,10
LEAN_TIEBREAK,2023-08-17,314382.41,10
LEAN_TIEBREAK,2023-08-18,315533.05,10
LEAN_TIEBREAK,2023-08-21,316493.94,10
LEAN_TIEBREAK,2023-08-22,315192.88,10
LEAN_TIEBREAK,2023-08-23,319482.91,10
LEAN_TIEBREAK,2023-08-24,314382.7,10
LEAN_TIEBREAK,2023-08-25,316471.58,9
LEAN_TIEBREAK,2023-08-28,317295.4,10
LEAN_TIEBREAK,2023-08-29,323277.66,10
LEAN_TIEBREAK,2023-08-30,324128.92,10
LEAN_TIEBREAK,2023-08-31,322847.22,10
LEAN_TIEBREAK,2023-09-01,322883.24,10
LEAN_TIEBREAK,2023-09-05,322562.81,10
LEAN_TIEBREAK,2023-09-06,320687.76,10
LEAN_TIEBREAK,2023-09-07,320367.11,10
LEAN_TIEBREAK,2023-09-08,320832.99,10
LEAN_TIEBREAK,2023-09-11,323114.48,10
LEAN_TIEBREAK,2023-09-12,318080.68,10
LEAN_TIEBREAK,2023-09-13,319228.33,10
LEAN_TIEBREAK,2023-09-14,322696.5,9
LEAN_TIEBREAK,2023-09-15,318477.47,10
LEAN_TIEBREAK,2023-09-18,318175.68,10
LEAN_TIEBREAK,2023-09-19,317399.51,10
LEAN_TIEBREAK,2023-09-20,314615.04,10
LEAN_TIEBREAK,2023-09-21,310176.5,10
LEAN_TIEBREAK,2023-09-22,308767.91,10
LEAN_TIEBREAK,2023-09-25,308620.04,9
LEAN_TIEBREAK,2023-09-26,304691.36,9
LEAN_TIEBREAK,2023-09-27,305896.74,9
LEAN_TIEBREAK,2023-09-28,310492.53,10
LEAN_TIEBREAK,2023-09-29,307396.66,10
LEAN_TIEBREAK,2023-10-02,307912.93,10
LEAN_TIEBREAK,2023-10-03,301685.55,10
LEAN_TIEBREAK,2023-10-04,304063.62,10
LEAN_TIEBREAK,2023-10-05,304666.02,10
LEAN_TIEBREAK,2023-10-06,309162.64,10
LEAN_TIEBREAK,2023-10-09,312606.18,10
LEAN_TIEBREAK,2023-10-10,314191.87,10
LEAN_TIEBREAK,2023-10-11,314750.82,10
LEAN_TIEBREAK,2023-10-12,313506.05,10
LEAN_TIEBREAK,2023-10-13,311697.51,10
LEAN_TIEBREAK,2023-10-16,315530.99,10
LEAN_TIEBREAK,2023-10-17,316760.91,10
LEAN_TIEBREAK,2023-10-18,312305.94,10
LEAN_TIEBREAK,2023-10-19,310378.5,10
LEAN_TIEBREAK,2023-10-20,305815.2,10
LEAN_TIEBREAK,2023-10-23,306100.06,10
LEAN_TIEBREAK,2023-10-24,309038.74,9
LEAN_TIEBREAK,2023-10-25,299865.89,9
LEAN_TIEBREAK,2023-10-26,294409.52,9
LEAN_TIEBREAK,2023-10-27,296162.62,10
LEAN_TIEBREAK,2023-10-30,299344.95,10
LEAN_TIEBREAK,2023-10-31,302183.1,10
LEAN_TIEBREAK,2023-11-01,307978.75,10
LEAN_TIEBREAK,2023-11-02,311840.39,10
LEAN_TIEBREAK,2023-11-03,317014.36,10
LEAN_TIEBREAK,2023-11-06,317038.76,10
LEAN_TIEBREAK,2023-11-07,318328.74,10
LEAN_TIEBREAK,2023-11-08,319848.35,10
LEAN_TIEBREAK,2023-11-09,319651.5,10
LEAN_TIEBREAK,2023-11-10,323818.66,9
LEAN_TIEBREAK,2023-11-13,324542.65,10
LEAN_TIEBREAK,2023-11-14,330593.36,10
LEAN_TIEBREAK,2023-11-15,331992.5,10
LEAN_TIEBREAK,2023-11-16,334985.92,10
LEAN_TIEBREAK,2023-11-17,334272.32,10
LEAN_TIEBREAK,2023-11-20,335727.67,10
LEAN_TIEBREAK,2023-11-21,333678.59,10
LEAN_TIEBREAK,2023-11-22,336197.3,10
LEAN_TIEBREAK,2023-11-24,336377.33,10
LEAN_TIEBREAK,2023-11-27,334954.91,8
LEAN_TIEBREAK,2023-11-28,333696.99,5
LEAN_TIEBREAK,2023-11-29,332762.57,4
LEAN_TIEBREAK,2023-11-30,334053.68,5
LEAN_TIEBREAK,2023-12-01,335490.15,8
LEAN_TIEBREAK,2023-12-04,336783.09,9
LEAN_TIEBREAK,2023-12-05,334876.58,9
LEAN_TIEBREAK,2023-12-06,338193.67,10
LEAN_TIEBREAK,2023-12-07,339881.63,10
LEAN_TIEBREAK,2023-12-08,342926.73,10
LEAN_TIEBREAK,2023-12-11,344940.13,10
LEAN_TIEBREAK,2023-12-12,344115.14,10
LEAN_TIEBREAK,2023-12-13,352262.81,10
LEAN_TIEBREAK,2023-12-14,353012.47,10
LEAN_TIEBREAK,2023-12-15,351787.1,10
LEAN_TIEBREAK,2023-12-18,352270.19,8
LEAN_TIEBREAK,2023-12-19,356574.79,10
LEAN_TIEBREAK,2023-12-20,353647.56,10
LEAN_TIEBREAK,2023-12-21,358536.31,8
LEAN_TIEBREAK,2023-12-22,360200.18,10
LEAN_TIEBREAK,2023-12-26,362305.06,10
LEAN_TIEBREAK,2023-12-27,361589.79,10
LEAN_TIEBREAK,2023-12-28,361159.06,8
LEAN_TIEBREAK,2023-12-29,360242.28,7
LEAN_TIEBREAK,2024-01-02,365732.06,8
LEAN_TIEBREAK,2024-01-03,362617.44,10
LEAN_TIEBREAK,2024-01-04,358481.21,9
LEAN_TIEBREAK,2024-01-05,360480.54,9
LEAN_TIEBREAK,2024-01-08,360688.12,9
LEAN_TIEBREAK,2024-01-09,357493.84,10
LEAN_TIEBREAK,2024-01-10,358337.3,10
LEAN_TIEBREAK,2024-01-11,360182.65,10
LEAN_TIEBREAK,2024-01-12,354504.05,10
LEAN_TIEBREAK,2024-01-16,350148.45,10
LEAN_TIEBREAK,2024-01-17,348357.8,10
LEAN_TIEBREAK,2024-01-18,354447.31,10
LEAN_TIEBREAK,2024-01-19,356729.79,10
LEAN_TIEBREAK,2024-01-22,356193.44,10
LEAN_TIEBREAK,2024-01-23,361024.06,10
LEAN_TIEBREAK,2024-01-24,359043.42,10
LEAN_TIEBREAK,2024-01-25,367028.38,10
LEAN_TIEBREAK,2024-01-26,367873.46,10
LEAN_TIEBREAK,2024-01-29,369271.39,10
LEAN_TIEBREAK,2024-01-30,366968.05,10
LEAN_TIEBREAK,2024-01-31,360686.5,10
LEAN_TIEBREAK,2024-02-01,363712.78,9
LEAN_TIEBREAK,2024-02-02,361424.56,10
LEAN_TIEBREAK,2024-02-05,354744.59,10
LEAN_TIEBREAK,2024-02-06,357489.29,10
LEAN_TIEBREAK,2024-02-07,355737.48,10
LEAN_TIEBREAK,2024-02-08,356926.79,10
LEAN_TIEBREAK,2024-02-09,354781.25,10
LEAN_TIEBREAK,2024-02-12,359258.91,10
LEAN_TIEBREAK,2024-02-13,352664.82,10
LEAN_TIEBREAK,2024-02-14,354715.36,10
LEAN_TIEBREAK,2024-02-15,356524.29,10
LEAN_TIEBREAK,2024-02-16,352580.8,10
LEAN_TIEBREAK,2024-02-20,350757.14,10
LEAN_TIEBREAK,2024-02-21,351410.97,10
LEAN_TIEBREAK,2024-02-22,355620.11,10
LEAN_TIEBREAK,2024-02-23,348909.84,10
LEAN_TIEBREAK,2024-02-26,346915.46,10
LEAN_TIEBREAK,2024-02-27,349734.51,10
LEAN_TIEBREAK,2024-02-28,348840.4,10
LEAN_TIEBREAK,2024-02-29,351961.73,10
LEAN_TIEBREAK,2024-03-01,352320.35,10
LEAN_TIEBREAK,2024-03-04,347907.03,10
LEAN_TIEBREAK,2024-03-05,348731.64,10
LEAN_TIEBREAK,2024-03-06,353284.72,10
LEAN_TIEBREAK,2024-03-07,356087.75,10
LEAN_TIEBREAK,2024-03-08,355850.99,10
LEAN_TIEBREAK,2024-03-11,357669.82,10
LEAN_TIEBREAK,2024-03-12,356123.32,10
LEAN_TIEBREAK,2024-03-13,356850.24,10
LEAN_TIEBREAK,2024-03-14,353836.85,10
LEAN_TIEBREAK,2024-03-15,352090.07,10
LEAN_TIEBREAK,2024-03-18,353290.13,10
LEAN_TIEBREAK,2024-03-19,355254.36,10
LEAN_TIEBREAK,2024-03-20,364630.73,10
LEAN_TIEBREAK,2024-03-21,363053.52,10
LEAN_TIEBREAK,2024-03-22,360591.32,10
LEAN_TIEBREAK,2024-03-25,361579.61,9
LEAN_TIEBREAK,2024-03-26,359911.63,10
LEAN_TIEBREAK,2024-03-27,364205.37,10
LEAN_TIEBREAK,2024-03-28,365795.02,10
LEAN_TIEBREAK,2024-04-01,364352.7,10
LEAN_TIEBREAK,2024-04-02,360725.59,9
LEAN_TIEBREAK,2024-04-03,361100.06,9
LEAN_TIEBREAK,2024-04-04,355240.99,10
LEAN_TIEBREAK,2024-04-05,356641.08,9
LEAN_TIEBREAK,2024-04-08,356776.74,10
LEAN_TIEBREAK,2024-04-09,357731.5,10
LEAN_TIEBREAK,2024-04-10,353444.01,10
LEAN_TIEBREAK,2024-04-11,356466.68,10
LEAN_TIEBREAK,2024-04-12,352066.18,10
LEAN_TIEBREAK,2024-04-15,349293.39,10
LEAN_TIEBREAK,2024-04-16,348231.08,10
LEAN_TIEBREAK,2024-04-17,347438.51,10
LEAN_TIEBREAK,2024-04-18,346863.84,10
LEAN_TIEBREAK,2024-04-19,346972.17,10
LEAN_TIEBREAK,2024-04-22,349377.13,10
LEAN_TIEBREAK,2024-04-23,350386.54,10
LEAN_TIEBREAK,2024-04-24,352057.25,10
LEAN_TIEBREAK,2024-04-25,352779.19,10
LEAN_TIEBREAK,2024-04-26,354399.66,10
LEAN_TIEBREAK,2024-04-29,357168.79,10
LEAN_TIEBREAK,2024-04-30,349729.17,10
LEAN_TIEBREAK,2024-05-01,344320.12,10
LEAN_TIEBREAK,2024-05-02,348243.58,10
LEAN_TIEBREAK,2024-05-03,351872.15,10
LEAN_TIEBREAK,2024-05-06,352805.05,10
LEAN_TIEBREAK,2024-05-07,352282.8,10
LEAN_TIEBREAK,2024-05-08,354581.73,10
LEAN_TIEBREAK,2024-05-09,354824.81,10
LEAN_TIEBREAK,2024-05-10,355520.74,10
LEAN_TIEBREAK,2024-05-13,358006.56,10
LEAN_TIEBREAK,2024-05-14,358916.4,10
LEAN_TIEBREAK,2024-05-15,359456.82,10
LEAN_TIEBREAK,2024-05-16,362193.3,10
LEAN_TIEBREAK,2024-05-17,362918.91,10
LEAN_TIEBREAK,2024-05-20,362807.41,10
LEAN_TIEBREAK,2024-05-21,361670.44,10
LEAN_TIEBREAK,2024-05-22,359549.03,10
LEAN_TIEBREAK,2024-05-23,350875.43,10
LEAN_TIEBREAK,2024-05-24,353529.25,9
LEAN_TIEBREAK,2024-05-28,353566.83,9
LEAN_TIEBREAK,2024-05-29,350370.91,9
LEAN_TIEBREAK,2024-05-30,354366.84,9
LEAN_TIEBREAK,2024-05-31,361473.27,10
LEAN_TIEBREAK,2024-06-03,362619.14,10
LEAN_TIEBREAK,2024-06-04,363997.25,10
LEAN_TIEBREAK,2024-06-05,365329.36,10
LEAN_TIEBREAK,2024-06-06,364756.15,10
LEAN_TIEBREAK,2024-06-07,362792.8,10
LEAN_TIEBREAK,2024-06-10,365083.6,10
LEAN_TIEBREAK,2024-06-11,363271.52,10
LEAN_TIEBREAK,2024-06-12,362285.2,10
LEAN_TIEBREAK,2024-06-13,361603.22,10
LEAN_TIEBREAK,2024-06-14,358729.22,10
LEAN_TIEBREAK,2024-06-17,363331.98,10
LEAN_TIEBREAK,2024-06-18,361084.69,10
LEAN_TIEBREAK,2024-06-20,362308.13,10
LEAN_TIEBREAK,2024-06-21,362034.37,10
LEAN_TIEBREAK,2024-06-24,364806.01,10
LEAN_TIEBREAK,2024-06-25,363628.52,10
LEAN_TIEBREAK,2024-06-26,366276.61,10
LEAN_TIEBREAK,2024-06-27,369836.1,10
LEAN_TIEBREAK,2024-06-28,372377.3,10
LEAN_TIEBREAK,2024-07-01,373245.68,10
LEAN_TIEBREAK,2024-07-02,377313.5,10
LEAN_TIEBREAK,2024-07-03,380579.88,10
LEAN_TIEBREAK,2024-07-05,381060.86,10
LEAN_TIEBREAK,2024-07-08,380657.73,8
LEAN_TIEBREAK,2024-07-09,382265.09,7
LEAN_TIEBREAK,2024-07-10,383425.54,8
LEAN_TIEBREAK,2024-07-11,382902.76,10
LEAN_TIEBREAK,2024-07-12,386416.05,10
LEAN_TIEBREAK,2024-07-15,383100.53,10
LEAN_TIEBREAK,2024-07-16,393110.14,10
LEAN_TIEBREAK,2024-07-17,396451.34,10
LEAN_TIEBREAK,2024-07-18,396122.73,10
LEAN_TIEBREAK,2024-07-19,393161.0,9
LEAN_TIEBREAK,2024-07-22,392630.27,7
LEAN_TIEBREAK,2024-07-23,391717.41,9
LEAN_TIEBREAK,2024-07-24,386469.48,8
LEAN_TIEBREAK,2024-07-25,382862.12,7
LEAN_TIEBREAK,2024-07-26,397163.31,8
LEAN_TIEBREAK,2024-07-29,397500.28,9
LEAN_TIEBREAK,2024-07-30,400789.63,10
LEAN_TIEBREAK,2024-07-31,405188.51,10
LEAN_TIEBREAK,2024-08-01,399992.68,10
LEAN_TIEBREAK,2024-08-02,392326.65,10
LEAN_TIEBREAK,2024-08-05,384150.25,10
LEAN_TIEBREAK,2024-08-06,383775.54,9
LEAN_TIEBREAK,2024-08-07,382157.68,10
LEAN_TIEBREAK,2024-08-08,384857.98,10
LEAN_TIEBREAK,2024-08-09,385422.59,10
LEAN_TIEBREAK,2024-08-12,384473.14,10
LEAN_TIEBREAK,2024-08-13,399394.5,10
LEAN_TIEBREAK,2024-08-14,399273.0,10
LEAN_TIEBREAK,2024-08-15,404296.76,10
LEAN_TIEBREAK,2024-08-16,405520.79,10
LEAN_TIEBREAK,2024-08-19,407520.02,10
LEAN_TIEBREAK,2024-08-20,405865.61,10
LEAN_TIEBREAK,2024-08-21,407386.68,10
LEAN_TIEBREAK,2024-08-22,401329.68,10
LEAN_TIEBREAK,2024-08-23,409300.7,10
LEAN_TIEBREAK,2024-08-26,409576.48,10
LEAN_TIEBREAK,2024-08-27,410281.18,10
LEAN_TIEBREAK,2024-08-28,405634.28,9
LEAN_TIEBREAK,2024-08-29,406292.41,9
LEAN_TIEBREAK,2024-08-30,409483.67,10
LEAN_TIEBREAK,2024-09-03,402629.99,10
LEAN_TIEBREAK,2024-09-04,404213.64,10
LEAN_TIEBREAK,2024-09-05,406174.1,10
LEAN_TIEBREAK,2024-09-06,399047.7,10
LEAN_TIEBREAK,2024-09-09,403984.28,9
LEAN_TIEBREAK,2024-09-10,404485.62,10
LEAN_TIEBREAK,2024-09-11,405380.37,10
LEAN_TIEBREAK,2024-09-12,407833.54,10
LEAN_TIEBREAK,2024-09-13,408571.49,10
LEAN_TIEBREAK,2024-09-16,411840.86,10
LEAN_TIEBREAK,2024-09-17,411518.16,10
LEAN_TIEBREAK,2024-09-18,412294.84,10
LEAN_TIEBREAK,2024-09-19,417084.37,10
LEAN_TIEBREAK,2024-09-20,412825.08,10
LEAN_TIEBREAK,2024-09-23,414986.39,10
LEAN_TIEBREAK,2024-09-24,416283.33,10
LEAN_TIEBREAK,2024-09-25,412654.72,10
LEAN_TIEBREAK,2024-09-26,423091.93,10
LEAN_TIEBREAK,2024-09-27,424661.08,10
LEAN_TIEBREAK,2024-09-30,421706.61,10
LEAN_TIEBREAK,2024-10-01,421911.23,10
LEAN_TIEBREAK,2024-10-02,418909.03,8
LEAN_TIEBREAK,2024-10-03,417510.92,8
LEAN_TIEBREAK,2024-10-04,419950.47,8
LEAN_TIEBREAK,2024-10-07,416967.2,10
LEAN_TIEBREAK,2024-10-08,414939.67,10
LEAN_TIEBREAK,2024-10-09,417474.94,10
LEAN_TIEBREAK,2024-10-10,416369.59,10
LEAN_TIEBREAK,2024-10-11,420598.93,10
LEAN_TIEBREAK,2024-10-14,421206.71,10
LEAN_TIEBREAK,2024-10-15,421025.45,10
LEAN_TIEBREAK,2024-10-16,424287.09,10
LEAN_TIEBREAK,2024-10-17,421208.62,10
LEAN_TIEBREAK,2024-10-18,425363.02,10
LEAN_TIEBREAK,2024-10-21,421803.64,10
LEAN_TIEBREAK,2024-10-22,423315.65,10
LEAN_TIEBREAK,2024-10-23,419139.52,10
LEAN_TIEBREAK,2024-10-24,419067.62,10
LEAN_TIEBREAK,2024-10-25,418010.28,10
LEAN_TIEBREAK,2024-10-28,421031.66,10
LEAN_TIEBREAK,2024-10-29,417553.91,10
LEAN_TIEBREAK,2024-10-30,417623.64,10
LEAN_TIEBREAK,2024-10-31,412663.13,10
LEAN_TIEBREAK,2024-11-01,415968.02,10
LEAN_TIEBREAK,2024-11-04,415405.31,10
LEAN_TIEBREAK,2024-11-05,418734.92,10
LEAN_TIEBREAK,2024-11-06,422316.13,10
LEAN_TIEBREAK,2024-11-07,430277.35,10
LEAN_TIEBREAK,2024-11-08,429343.87,10
LEAN_TIEBREAK,2024-11-11,429104.53,10
LEAN_TIEBREAK,2024-11-12,425304.65,10
LEAN_TIEBREAK,2024-11-13,425460.8,10
LEAN_TIEBREAK,2024-11-14,421554.45,10
LEAN_TIEBREAK,2024-11-15,415811.98,10
LEAN_TIEBREAK,2024-11-18,419218.16,10
LEAN_TIEBREAK,2024-11-19,418442.95,10
LEAN_TIEBREAK,2024-11-20,419179.87,10
LEAN_TIEBREAK,2024-11-21,422556.92,10
LEAN_TIEBREAK,2024-11-22,427470.42,10
LEAN_TIEBREAK,2024-11-25,432770.05,10
LEAN_TIEBREAK,2024-11-26,428109.05,10
LEAN_TIEBREAK,2024-11-27,428628.16,10
LEAN_TIEBREAK,2024-11-29,430357.75,10
LEAN_TIEBREAK,2024-12-02,432305.66,10
LEAN_TIEBREAK,2024-12-03,430574.0,10
LEAN_TIEBREAK,2024-12-04,428077.01,10
LEAN_TIEBREAK,2024-12-05,426062.17,10
LEAN_TIEBREAK,2024-12-06,427343.11,10
LEAN_TIEBREAK,2024-12-09,427351.84,10
LEAN_TIEBREAK,2024-12-10,425092.91,10
LEAN_TIEBREAK,2024-12-11,427569.79,9
LEAN_TIEBREAK,2024-12-12,428219.62,10
LEAN_TIEBREAK,2024-12-13,422380.17,10
LEAN_TIEBREAK,2024-12-16,419084.17,10
LEAN_TIEBREAK,2024-12-17,419598.1,10
LEAN_TIEBREAK,2024-12-18,410579.01,10
LEAN_TIEBREAK,2024-12-19,410445.29,9
LEAN_TIEBREAK,2024-12-20,415065.0,9
LEAN_TIEBREAK,2024-12-23,415708.5,10
LEAN_TIEBREAK,2024-12-24,417754.02,10
LEAN_TIEBREAK,2024-12-26,417312.47,10
LEAN_TIEBREAK,2024-12-27,414541.58,10
LEAN_TIEBREAK,2024-12-30,410272.79,10
LEAN_TIEBREAK,2024-12-31,411620.45,10
LEAN_TIEBREAK,2025-01-02,412318.67,10
LEAN_TIEBREAK,2025-01-03,414591.56,10
LEAN_TIEBREAK,2025-01-06,415641.24,10
LEAN_TIEBREAK,2025-01-07,412178.86,10
LEAN_TIEBREAK,2025-01-08,410861.6,10
LEAN_TIEBREAK,2025-01-10,420453.46,10
LEAN_TIEBREAK,2025-01-13,424031.42,10
LEAN_TIEBREAK,2025-01-14,427759.27,10
LEAN_TIEBREAK,2025-01-15,431659.37,10
LEAN_TIEBREAK,2025-01-16,432303.58,10
LEAN_TIEBREAK,2025-01-17,433610.77,10
LEAN_TIEBREAK,2025-01-21,431155.51,10
LEAN_TIEBREAK,2025-01-22,429303.42,10
LEAN_TIEBREAK,2025-01-23,433508.66,10
LEAN_TIEBREAK,2025-01-24,432845.24,10
LEAN_TIEBREAK,2025-01-27,428660.21,10
LEAN_TIEBREAK,2025-01-28,428903.62,10
LEAN_TIEBREAK,2025-01-29,431576.74,10
LEAN_TIEBREAK,2025-01-30,433850.42,10
LEAN_TIEBREAK,2025-01-31,430022.71,10
LEAN_TIEBREAK,2025-02-03,422703.93,10
LEAN_TIEBREAK,2025-02-04,427006.83,9
LEAN_TIEBREAK,2025-02-05,430648.09,10
LEAN_TIEBREAK,2025-02-06,428576.74,10
LEAN_TIEBREAK,2025-02-07,427762.11,10
LEAN_TIEBREAK,2025-02-10,437909.22,10
LEAN_TIEBREAK,2025-02-11,433054.79,10
LEAN_TIEBREAK,2025-02-12,437925.32,10
LEAN_TIEBREAK,2025-02-13,446666.74,10
LEAN_TIEBREAK,2025-02-14,447582.99,10
LEAN_TIEBREAK,2025-02-18,459064.74,10
LEAN_TIEBREAK,2025-02-19,458345.71,10
LEAN_TIEBREAK,2025-02-20,461137.82,10
LEAN_TIEBREAK,2025-02-21,456268.35,10
LEAN_TIEBREAK,2025-02-24,457367.82,10
LEAN_TIEBREAK,2025-02-25,457494.32,10
LEAN_TIEBREAK,2025-02-26,453330.11,10
LEAN_TIEBREAK,2025-02-27,453227.81,10
LEAN_TIEBREAK,2025-02-28,459955.72,10
LEAN_TIEBREAK,2025-03-03,455656.21,10
LEAN_TIEBREAK,2025-03-04,449276.48,10
LEAN_TIEBREAK,2025-03-05,452578.45,10
LEAN_TIEBREAK,2025-03-06,452327.03,10
LEAN_TIEBREAK,2025-03-07,460343.22,10
LEAN_TIEBREAK,2025-03-10,460881.27,10
LEAN_TIEBREAK,2025-03-11,455757.8,10
LEAN_TIEBREAK,2025-03-12,452613.57,10
LEAN_TIEBREAK,2025-03-13,451732.67,9
LEAN_TIEBREAK,2025-03-14,462693.66,10
LEAN_TIEBREAK,2025-03-17,470901.06,10
LEAN_TIEBREAK,2025-03-18,470813.05,10
LEAN_TIEBREAK,2025-03-19,471980.8,10
LEAN_TIEBREAK,2025-03-20,471590.59,10
LEAN_TIEBREAK,2025-03-21,468715.01,10
LEAN_TIEBREAK,2025-03-24,474152.38,10
LEAN_TIEBREAK,2025-03-25,473693.22,10
LEAN_TIEBREAK,2025-03-26,469499.43,10
LEAN_TIEBREAK,2025-03-27,462708.73,10
LEAN_TIEBREAK,2025-03-28,457415.47,10
LEAN_TIEBREAK,2025-03-31,459195.67,10
LEAN_TIEBREAK,2025-04-01,453860.53,10
LEAN_TIEBREAK,2025-04-02,454467.62,10
LEAN_TIEBREAK,2025-04-03,431394.86,10
LEAN_TIEBREAK,2025-04-04,400423.19,10
LEAN_TIEBREAK,2025-04-07,396593.21,10
LEAN_TIEBREAK,2025-04-08,383691.72,10
LEAN_TIEBREAK,2025-04-09,418267.47,10
LEAN_TIEBREAK,2025-04-10,394986.77,10
LEAN_TIEBREAK,2025-04-11,399719.6,10
LEAN_TIEBREAK,2025-04-14,404163.46,10
LEAN_TIEBREAK,2025-04-15,403370.37,10
LEAN_TIEBREAK,2025-04-16,397702.46,10
LEAN_TIEBREAK,2025-04-17,401466.2,10
LEAN_TIEBREAK,2025-04-21,395212.05,10
LEAN_TIEBREAK,2025-04-22,403764.22,10
LEAN_TIEBREAK,2025-04-23,407587.5,10
LEAN_TIEBREAK,2025-04-24,417189.62,10
LEAN_TIEBREAK,2025-04-25,412244.65,10
LEAN_TIEBREAK,2025-04-28,412768.26,10
LEAN_TIEBREAK,2025-04-29,415132.43,10
LEAN_TIEBREAK,2025-04-30,415476.73,10
LEAN_TIEBREAK,2025-05-01,416013.21,10
LEAN_TIEBREAK,2025-05-02,423766.6,10
LEAN_TIEBREAK,2025-05-05,419294.96,10
LEAN_TIEBREAK,2025-05-06,417783.17,9
LEAN_TIEBREAK,2025-05-07,422073.92,7
LEAN_TIEBREAK,2025-05-08,426228.21,6
LEAN_TIEBREAK,2025-05-09,429579.65,8
LEAN_TIEBREAK,2025-05-12,439866.42,9
LEAN_TIEBREAK,2025-05-13,450536.15,10
LEAN_TIEBREAK,2025-05-14,446325.24,9
LEAN_TIEBREAK,2025-05-15,448141.99,10
LEAN_TIEBREAK,2025-05-16,449299.81,10
LEAN_TIEBREAK,2025-05-19,443534.13,10
LEAN_TIEBREAK,2025-05-20,442236.98,10
LEAN_TIEBREAK,2025-05-21,434609.49,10
LEAN_TIEBREAK,2025-05-22,431839.76,8
LEAN_TIEBREAK,2025-05-23,430544.28,8
LEAN_TIEBREAK,2025-05-27,435272.6,10
LEAN_TIEBREAK,2025-05-28,432117.18,10
LEAN_TIEBREAK,2025-05-29,432643.03,10
LEAN_TIEBREAK,2025-05-30,430874.53,10
LEAN_TIEBREAK,2025-06-02,435940.22,10
LEAN_TIEBREAK,2025-06-03,437564.58,10
LEAN_TIEBREAK,2025-06-04,435529.6,10
LEAN_TIEBREAK,2025-06-05,434495.12,10
LEAN_TIEBREAK,2025-06-06,437172.64,10
LEAN_TIEBREAK,2025-06-09,440815.5,10
LEAN_TIEBREAK,2025-06-10,448222.49,10
LEAN_TIEBREAK,2025-06-11,445130.68,10
LEAN_TIEBREAK,2025-06-12,446829.9,10
LEAN_TIEBREAK,2025-06-13,446424.42,10
LEAN_TIEBREAK,2025-06-16,447946.01,10
LEAN_TIEBREAK,2025-06-17,444826.36,10
LEAN_TIEBREAK,2025-06-18,447383.52,10
LEAN_TIEBREAK,2025-06-20,450706.51,10
LEAN_TIEBREAK,2025-06-23,448524.31,10
LEAN_TIEBREAK,2025-06-24,453673.29,10
LEAN_TIEBREAK,2025-06-25,453609.66,10
LEAN_TIEBREAK,2025-06-26,459419.22,10
LEAN_TIEBREAK,2025-06-27,461148.91,10
LEAN_TIEBREAK,2025-06-30,463954.98,10
LEAN_TIEBREAK,2025-07-01,469142.19,10
LEAN_TIEBREAK,2025-07-02,475754.02,10
LEAN_TIEBREAK,2025-07-03,479265.73,10
LEAN_TIEBREAK,2025-07-07,472542.73,10
LEAN_TIEBREAK,2025-07-08,475771.46,8
LEAN_TIEBREAK,2025-07-09,487157.49,10
LEAN_TIEBREAK,2025-07-10,484519.12,10
LEAN_TIEBREAK,2025-07-11,480890.26,10
LEAN_TIEBREAK,2025-07-14,478906.38,9
LEAN_TIEBREAK,2025-07-15,480311.64,10
LEAN_TIEBREAK,2025-07-16,482318.75,10
LEAN_TIEBREAK,2025-07-17,484794.73,10
LEAN_TIEBREAK,2025-07-18,485027.1,10
LEAN_TIEBREAK,2025-07-21,483132.96,10
LEAN_TIEBREAK,2025-07-22,485214.36,10
LEAN_TIEBREAK,2025-07-23,489983.0,10
LEAN_TIEBREAK,2025-07-24,489988.8,10
LEAN_TIEBREAK,2025-07-25,486263.09,10
LEAN_TIEBREAK,2025-07-28,487485.34,10
LEAN_TIEBREAK,2025-07-29,483120.46,10
LEAN_TIEBREAK,2025-07-30,483516.51,10
LEAN_TIEBREAK,2025-07-31,483434.02,10
LEAN_TIEBREAK,2025-08-01,473908.45,10
LEAN_TIEBREAK,2025-08-04,478954.41,9
LEAN_TIEBREAK,2025-08-05,481804.99,10
LEAN_TIEBREAK,2025-08-06,472621.33,10
LEAN_TIEBREAK,2025-08-07,471359.15,10
LEAN_TIEBREAK,2025-08-08,473673.31,10
LEAN_TIEBREAK,2025-08-11,471765.1,10
LEAN_TIEBREAK,2025-08-12,478193.81,10
LEAN_TIEBREAK,2025-08-13,481914.67,10
LEAN_TIEBREAK,2025-08-14,483081.15,10
LEAN_TIEBREAK,2025-08-15,488058.21,10
LEAN_TIEBREAK,2025-08-18,485940.31,10
LEAN_TIEBREAK,2025-08-19,488405.44,10
LEAN_TIEBREAK,2025-08-20,483086.69,10
LEAN_TIEBREAK,2025-08-21,483918.1,10
LEAN_TIEBREAK,2025-08-22,491664.34,10
LEAN_TIEBREAK,2025-08-25,490424.52,10
LEAN_TIEBREAK,2025-08-26,490631.71,9
LEAN_TIEBREAK,2025-08-27,492946.79,9
LEAN_TIEBREAK,2025-08-28,493252.28,10
LEAN_TIEBREAK,2025-08-29,486337.72,10
LEAN_TIEBREAK,2025-09-02,484024.59,9
LEAN_TIEBREAK,2025-09-03,482757.41,10
LEAN_TIEBREAK,2025-09-04,483843.17,10
LEAN_TIEBREAK,2025-09-05,488016.79,10
LEAN_TIEBREAK,2025-09-08,489978.95,10
LEAN_TIEBREAK,2025-09-09,492661.14,10
LEAN_TIEBREAK,2025-09-10,498867.98,10
LEAN_TIEBREAK,2025-09-11,516475.17,10
LEAN_TIEBREAK,2025-09-12,530366.29,10
LEAN_TIEBREAK,2025-09-15,534399.99,10
LEAN_TIEBREAK,2025-09-16,530955.07,10
LEAN_TIEBREAK,2025-09-17,527684.0,10
LEAN_TIEBREAK,2025-09-18,530270.29,10
LEAN_TIEBREAK,2025-09-19,531985.22,10
LEAN_TIEBREAK,2025-09-22,534238.76,10
LEAN_TIEBREAK,2025-09-23,532822.45,10
LEAN_TIEBREAK,2025-09-24,536825.97,10
LEAN_TIEBREAK,2025-09-25,532009.04,10
LEAN_TIEBREAK,2025-09-26,534466.3,10
LEAN_TIEBREAK,2025-09-29,537788.4,10
LEAN_TIEBREAK,2025-09-30,538423.21,10
LEAN_TIEBREAK,2025-10-01,543769.09,10
LEAN_TIEBREAK,2025-10-02,542058.5,10
LEAN_TIEBREAK,2025-10-03,545222.31,10
LEAN_TIEBREAK,2025-10-06,549515.5,10
LEAN_TIEBREAK,2025-10-07,551728.51,10
LEAN_TIEBREAK,2025-10-08,555619.73,10
LEAN_TIEBREAK,2025-10-09,552461.68,10
LEAN_TIEBREAK,2025-10-10,531258.98,10
LEAN_TIEBREAK,2025-10-13,540234.82,10
LEAN_TIEBREAK,2025-10-14,540746.87,10
LEAN_TIEBREAK,2025-10-15,542296.46,10
LEAN_TIEBREAK,2025-10-16,540816.9,10
LEAN_TIEBREAK,2025-10-17,540044.78,10
LEAN_TIEBREAK,2025-10-20,550247.35,10
LEAN_TIEBREAK,2025-10-21,553953.73,10
LEAN_TIEBREAK,2025-10-22,545558.82,10
LEAN_TIEBREAK,2025-10-23,539402.76,10
LEAN_TIEBREAK,2025-10-24,545539.78,10
LEAN_TIEBREAK,2025-10-27,554280.49,10
LEAN_TIEBREAK,2025-10-28,551335.97,10
LEAN_TIEBREAK,2025-10-29,558396.33,10
LEAN_TIEBREAK,2025-10-30,555134.05,10
LEAN_TIEBREAK,2025-10-31,564961.21,10
LEAN_TIEBREAK,2025-11-03,568986.12,10
LEAN_TIEBREAK,2025-11-04,554344.5,9
LEAN_TIEBREAK,2025-11-05,556475.65,9
LEAN_TIEBREAK,2025-11-06,548442.94,10
LEAN_TIEBREAK,2025-11-07,551618.9,10
LEAN_TIEBREAK,2025-11-10,551889.9,10
LEAN_TIEBREAK,2025-11-11,552592.26,10
LEAN_TIEBREAK,2025-11-12,554223.43,10
LEAN_TIEBREAK,2025-11-13,542264.77,10
LEAN_TIEBREAK,2025-11-14,540333.55,10
LEAN_TIEBREAK,2025-11-17,530023.98,10
LEAN_TIEBREAK,2025-11-18,530283.24,8
LEAN_TIEBREAK,2025-11-19,526120.85,10
LEAN_TIEBREAK,2025-11-20,516256.16,10
LEAN_TIEBREAK,2025-11-21,525431.42,10
LEAN_TIEBREAK,2025-11-24,532750.63,10
LEAN_TIEBREAK,2025-11-25,536953.67,10
LEAN_TIEBREAK,2025-11-26,547347.08,10
LEAN_TIEBREAK,2025-11-28,549975.98,10
LEAN_TIEBREAK,2025-12-01,544710.81,10
LEAN_TIEBREAK,2025-12-02,544474.36,10
LEAN_TIEBREAK,2025-12-03,553478.91,10
LEAN_TIEBREAK,2025-12-04,557641.77,10
LEAN_TIEBREAK,2025-12-05,554617.84,10
LEAN_TIEBREAK,2025-12-08,553365.76,10
LEAN_TIEBREAK,2025-12-09,552639.1,10
LEAN_TIEBREAK,2025-12-10,562086.63,10
LEAN_TIEBREAK,2025-12-11,561578.69,10
LEAN_TIEBREAK,2025-12-12,558263.57,10
LEAN_TIEBREAK,2025-12-15,555371.29,9
LEAN_TIEBREAK,2025-12-16,552585.7,8
LEAN_TIEBREAK,2025-12-17,548844.37,8
LEAN_TIEBREAK,2025-12-18,549073.74,9
LEAN_TIEBREAK,2025-12-19,544186.52,10
LEAN_TIEBREAK,2025-12-22,547732.3,10
LEAN_TIEBREAK,2025-12-23,546174.83,10
LEAN_TIEBREAK,2025-12-24,551155.68,10
LEAN_TIEBREAK,2025-12-26,552717.21,10
LEAN_TIEBREAK,2025-12-29,553742.87,10
LEAN_TIEBREAK,2025-12-30,553406.81,10
LEAN_TIEBREAK,2025-12-31,552887.57,10
LEAN_FILTER,2016-01-04,100000.0,0
LEAN_FILTER,2016-01-05,100000.0,0
LEAN_FILTER,2016-01-06,100000.0,0
LEAN_FILTER,2016-01-07,100000.0,0
LEAN_FILTER,2016-01-08,100000.0,0
LEAN_FILTER,2016-01-11,100000.0,0
LEAN_FILTER,2016-01-12,100000.0,0
LEAN_FILTER,2016-01-13,100000.0,0
LEAN_FILTER,2016-01-14,100000.0,0
LEAN_FILTER,2016-01-15,100000.0,0
LEAN_FILTER,2016-01-19,100000.0,0
LEAN_FILTER,2016-01-20,100000.0,0
LEAN_FILTER,2016-01-21,100000.0,0
LEAN_FILTER,2016-01-22,100000.0,0
LEAN_FILTER,2016-01-25,100000.0,0
LEAN_FILTER,2016-01-26,100000.0,0
LEAN_FILTER,2016-01-27,100000.0,0
LEAN_FILTER,2016-01-28,100000.0,0
LEAN_FILTER,2016-01-29,100000.0,0
LEAN_FILTER,2016-02-01,100682.42,10
LEAN_FILTER,2016-02-02,97832.08,10
LEAN_FILTER,2016-02-03,98890.22,10
LEAN_FILTER,2016-02-04,98972.39,10
LEAN_FILTER,2016-02-05,96938.75,10
LEAN_FILTER,2016-02-08,94212.93,9
LEAN_FILTER,2016-02-09,93539.51,10
LEAN_FILTER,2016-02-10,93750.24,10
LEAN_FILTER,2016-02-11,92265.48,10
LEAN_FILTER,2016-02-12,94200.46,9
LEAN_FILTER,2016-02-16,96002.19,10
LEAN_FILTER,2016-02-17,97698.22,10
LEAN_FILTER,2016-02-18,97023.26,10
LEAN_FILTER,2016-02-19,98299.56,10
LEAN_FILTER,2016-02-22,99578.4,10
LEAN_FILTER,2016-02-23,98434.26,10
LEAN_FILTER,2016-02-24,99454.57,9
LEAN_FILTER,2016-02-25,100781.93,10
LEAN_FILTER,2016-02-26,100436.95,10
LEAN_FILTER,2016-02-29,99819.21,10
LEAN_FILTER,2016-03-01,102765.77,10
LEAN_FILTER,2016-03-02,102900.61,10
LEAN_FILTER,2016-03-03,102955.13,9
LEAN_FILTER,2016-03-04,102960.72,9
LEAN_FILTER,2016-03-07,103006.6,9
LEAN_FILTER,2016-03-08,101480.95,9
LEAN_FILTER,2016-03-09,101919.4,4
LEAN_FILTER,2016-03-10,102432.94,4
LEAN_FILTER,2016-03-11,103090.86,4
LEAN_FILTER,2016-03-14,103651.41,4
LEAN_FILTER,2016-03-15,103636.96,4
LEAN_FILTER,2016-03-16,103981.13,4
LEAN_FILTER,2016-03-17,104123.3,4
LEAN_FILTER,2016-03-18,104077.74,4
LEAN_FILTER,2016-03-21,104416.53,4
LEAN_FILTER,2016-03-22,104792.9,4
LEAN_FILTER,2016-03-23,104243.62,4
LEAN_FILTER,2016-03-24,104075.62,3
LEAN_FILTER,2016-03-28,104142.16,3
LEAN_FILTER,2016-03-29,104811.8,3
LEAN_FILTER,2016-03-30,105160.72,3
LEAN_FILTER,2016-03-31,104980.9,3
LEAN_FILTER,2016-04-01,104697.78,6
LEAN_FILTER,2016-04-04,103523.04,10
LEAN_FILTER,2016-04-05,102135.87,9
LEAN_FILTER,2016-04-06,102976.89,8
LEAN_FILTER,2016-04-07,101923.99,10
LEAN_FILTER,2016-04-08,103317.78,10
LEAN_FILTER,2016-04-11,103501.79,10
LEAN_FILTER,2016-04-12,106318.33,10
LEAN_FILTER,2016-04-13,108948.14,10
LEAN_FILTER,2016-04-14,109311.9,10
LEAN_FILTER,2016-04-15,109082.06,10
LEAN_FILTER,2016-04-18,109439.56,10
LEAN_FILTER,2016-04-19,110583.52,10
LEAN_FILTER,2016-04-20,111598.92,10
LEAN_FILTER,2016-04-21,111025.86,10
LEAN_FILTER,2016-04-22,111080.03,10
LEAN_FILTER,2016-04-25,110065.83,9
LEAN_FILTER,2016-04-26,111429.93,8
LEAN_FILTER,2016-04-27,111365.51,8
LEAN_FILTER,2016-04-28,110756.41,10
LEAN_FILTER,2016-04-29,109503.01,8
LEAN_FILTER,2016-05-02,110336.01,8
LEAN_FILTER,2016-05-03,109302.16,8
LEAN_FILTER,2016-05-04,108589.2,7
LEAN_FILTER,2016-05-05,109069.5,7
LEAN_FILTER,2016-05-06,109423.39,9
LEAN_FILTER,2016-05-09,110113.38,10
LEAN_FILTER,2016-05-10,111471.54,10
LEAN_FILTER,2016-05-11,110465.37,10
LEAN_FILTER,2016-05-12,109677.46,10
LEAN_FILTER,2016-05-13,108915.55,10
LEAN_FILTER,2016-05-16,109278.04,9
LEAN_FILTER,2016-05-17,108101.61,10
LEAN_FILTER,2016-05-18,108445.37,10
LEAN_FILTER,2016-05-19,107874.73,10
LEAN_FILTER,2016-05-20,109232.91,10
LEAN_FILTER,2016-05-23,109472.55,10
LEAN_FILTER,2016-05-24,111579.67,10
LEAN_FILTER,2016-05-25,111703.12,10
LEAN_FILTER,2016-05-26,112262.34,10
LEAN_FILTER,2016-05-27,113060.11,10
LEAN_FILTER,2016-05-31,113778.71,10
LEAN_FILTER,2016-06-01,113332.54,10
LEAN_FILTER,2016-06-02,114534.33,10
LEAN_FILTER,2016-06-03,113997.21,10
LEAN_FILTER,2016-06-06,114470.5,10
LEAN_FILTER,2016-06-07,114918.03,10
LEAN_FILTER,2016-06-08,114622.65,10
LEAN_FILTER,2016-06-09,114057.63,10
LEAN_FILTER,2016-06-10,112622.98,10
LEAN_FILTER,2016-06-13,111295.58,10
LEAN_FILTER,2016-06-14,111663.25,10
LEAN_FILTER,2016-06-15,112128.15,10
LEAN_FILTER,2016-06-16,112423.72,10
LEAN_FILTER,2016-06-17,112469.01,10
LEAN_FILTER,2016-06-20,113360.94,10
LEAN_FILTER,2016-06-21,113459.33,10
LEAN_FILTER,2016-06-22,113295.2,10
LEAN_FILTER,2016-06-23,114919.56,10
LEAN_FILTER,2016-06-24,110725.92,10
LEAN_FILTER,2016-06-27,108777.26,10
LEAN_FILTER,2016-06-28,110119.72,10
LEAN_FILTER,2016-06-29,112549.3,10
LEAN_FILTER,2016-06-30,113961.92,10
LEAN_FILTER,2016-07-01,114580.31,10
LEAN_FILTER,2016-07-05,114241.89,10
LEAN_FILTER,2016-07-06,114334.66,10
LEAN_FILTER,2016-07-07,114089.61,10
LEAN_FILTER,2016-07-08,115685.75,10
LEAN_FILTER,2016-07-11,116241.3,10
LEAN_FILTER,2016-07-12,117241.78,10
LEAN_FILTER,2016-07-13,116630.39,10
LEAN_FILTER,2016-07-14,117762.16,10
LEAN_FILTER,2016-07-15,117365.19,10
LEAN_FILTER,2016-07-18,117914.82,10
LEAN_FILTER,2016-07-19,116458.61,10
LEAN_FILTER,2016-07-20,117248.31,10
LEAN_FILTER,2016-07-21,117997.73,10
LEAN_FILTER,2016-07-22,119024.77,10
LEAN_FILTER,2016-07-25,118721.92,10
LEAN_FILTER,2016-07-26,119329.46,10
LEAN_FILTER,2016-07-27,119855.22,8
LEAN_FILTER,2016-07-28,119938.12,8
LEAN_FILTER,2016-07-29,119770.99,9
LEAN_FILTER,2016-08-01,120717.73,10
LEAN_FILTER,2016-08-02,119690.16,10
LEAN_FILTER,2016-08-03,120068.39,10
LEAN_FILTER,2016-08-04,121169.84,10
LEAN_FILTER,2016-08-05,122330.89,10
LEAN_FILTER,2016-08-08,122037.17,10
LEAN_FILTER,2016-08-09,122023.82,10
LEAN_FILTER,2016-08-10,122082.5,10
LEAN_FILTER,2016-08-11,123353.0,10
LEAN_FILTER,2016-08-12,123745.42,10
LEAN_FILTER,2016-08-15,123771.41,10
LEAN_FILTER,2016-08-16,122920.68,10
LEAN_FILTER,2016-08-17,123283.24,10
LEAN_FILTER,2016-08-18,123336.06,10
LEAN_FILTER,2016-08-19,123142.45,10
LEAN_FILTER,2016-08-22,122845.87,10
LEAN_FILTER,2016-08-23,122773.45,10
LEAN_FILTER,2016-08-24,122146.03,10
LEAN_FILTER,2016-08-25,122303.89,10
LEAN_FILTER,2016-08-26,122343.32,10
LEAN_FILTER,2016-08-29,122980.1,10
LEAN_FILTER,2016-08-30,123056.64,10
LEAN_FILTER,2016-08-31,122881.94,10
LEAN_FILTER,2016-09-01,123335.39,10
LEAN_FILTER,2016-09-02,123416.36,10
LEAN_FILTER,2016-09-06,123781.19,10
LEAN_FILTER,2016-09-07,123486.73,10
LEAN_FILTER,2016-09-08,123378.03,10
LEAN_FILTER,2016-09-09,119756.75,10
LEAN_FILTER,2016-09-12,121760.28,10
LEAN_FILTER,2016-09-13,119905.43,10
LEAN_FILTER,2016-09-14,119933.27,10
LEAN_FILTER,2016-09-15,121190.42,10
LEAN_FILTER,2016-09-16,121061.95,10
LEAN_FILTER,2016-09-19,120610.22,10
LEAN_FILTER,2016-09-20,120347.16,10
LEAN_FILTER,2016-09-21,121337.17,10
LEAN_FILTER,2016-09-22,122302.77,10
LEAN_FILTER,2016-09-23,122071.5,10
LEAN_FILTER,2016-09-26,121150.97,10
LEAN_FILTER,2016-09-27,122411.52,10
LEAN_FILTER,2016-09-28,122416.64,10
LEAN_FILTER,2016-09-29,121630.05,10
LEAN_FILTER,2016-09-30,123122.84,10
LEAN_FILTER,2016-10-03,123640.04,10
LEAN_FILTER,2016-10-04,122768.95,10
LEAN_FILTER,2016-10-05,123185.64,10
LEAN_FILTER,2016-10-06,122755.94,10
LEAN_FILTER,2016-10-07,122189.33,10
LEAN_FILTER,2016-10-10,122542.82,8
LEAN_FILTER,2016-10-11,121665.22,8
LEAN_FILTER,2016-10-12,121734.9,8
LEAN_FILTER,2016-10-13,121528.54,8
LEAN_FILTER,2016-10-14,121091.95,8
LEAN_FILTER,2016-10-17,120521.68,8
LEAN_FILTER,2016-10-18,121202.12,8
LEAN_FILTER,2016-10-19,121621.6,8
LEAN_FILTER,2016-10-20,120149.3,8
LEAN_FILTER,2016-10-21,119700.71,8
LEAN_FILTER,2016-10-24,120141.42,8
LEAN_FILTER,2016-10-25,119519.91,7
LEAN_FILTER,2016-10-26,119193.17,6
LEAN_FILTER,2016-10-27,119020.65,6
LEAN_FILTER,2016-10-28,119332.27,6
LEAN_FILTER,2016-10-31,119587.75,6
LEAN_FILTER,2016-11-01,118965.35,6
LEAN_FILTER,2016-11-02,119203.43,6
LEAN_FILTER,2016-11-03,118840.52,6
LEAN_FILTER,2016-11-04,119053.65,6
LEAN_FILTER,2016-11-07,120265.27,6
LEAN_FILTER,2016-11-08,120568.01,6
LEAN_FILTER,2016-11-09,121056.35,6
LEAN_FILTER,2016-11-10,120768.84,5
LEAN_FILTER,2016-11-11,121016.28,5
LEAN_FILTER,2016-11-14,120391.74,5
LEAN_FILTER,2016-11-15,120817.78,4
LEAN_FILTER,2016-11-16,120907.3,4
LEAN_FILTER,2016-11-17,121392.5,4
LEAN_FILTER,2016-11-18,121213.39,4
LEAN_FILTER,2016-11-21,121557.7,4
LEAN_FILTER,2016-11-22,121456.98,4
LEAN_FILTER,2016-11-23,120564.53,4
LEAN_FILTER,2016-11-25,121073.08,4
LEAN_FILTER,2016-11-28,120731.5,4
LEAN_FILTER,2016-11-29,120762.72,4
LEAN_FILTER,2016-11-30,120320.5,4
LEAN_FILTER,2016-12-01,119745.03,4
LEAN_FILTER,2016-12-02,120253.4,4
LEAN_FILTER,2016-12-05,120800.35,3
LEAN_FILTER,2016-12-06,120838.71,3
LEAN_FILTER,2016-12-07,121497.15,3
LEAN_FILTER,2016-12-08,121705.32,3
LEAN_FILTER,2016-12-09,121684.9,3
LEAN_FILTER,2016-12-12,121960.34,3
LEAN_FILTER,2016-12-13,121922.02,3
LEAN_FILTER,2016-12-14,121679.52,2
LEAN_FILTER,2016-12-15,121616.27,2
LEAN_FILTER,2016-12-16,121281.06,2
LEAN_FILTER,2016-12-19,121376.97,2
LEAN_FILTER,2016-12-20,121371.34,2
LEAN_FILTER,2016-12-21,121399.45,2
LEAN_FILTER,2016-12-22,121487.96,2
LEAN_FILTER,2016-12-23,121526.59,2
LEAN_FILTER,2016-12-27,121598.63,2
LEAN_FILTER,2016-12-28,121292.62,2
LEAN_FILTER,2016-12-29,121302.05,1
LEAN_FILTER,2016-12-30,121214.21,1
LEAN_FILTER,2017-01-03,121424.62,3
LEAN_FILTER,2017-01-04,122533.63,10
LEAN_FILTER,2017-01-05,122819.0,10
LEAN_FILTER,2017-01-06,122801.19,10
LEAN_FILTER,2017-01-09,121669.19,10
LEAN_FILTER,2017-01-10,120437.04,10
LEAN_FILTER,2017-01-11,119908.04,10
LEAN_FILTER,2017-01-12,119684.52,10
LEAN_FILTER,2017-01-13,118895.1,9
LEAN_FILTER,2017-01-17,118377.46,10
LEAN_FILTER,2017-01-18,119202.1,10
LEAN_FILTER,2017-01-19,119427.08,10
LEAN_FILTER,2017-01-20,119251.59,10
LEAN_FILTER,2017-01-23,118535.14,10
LEAN_FILTER,2017-01-24,119831.46,10
LEAN_FILTER,2017-01-25,120453.99,10
LEAN_FILTER,2017-01-26,120339.63,10
LEAN_FILTER,2017-01-27,119736.64,10
LEAN_FILTER,2017-01-30,118114.44,10
LEAN_FILTER,2017-01-31,118788.87,10
LEAN_FILTER,2017-02-01,117907.73,10
LEAN_FILTER,2017-02-02,118807.09,10
LEAN_FILTER,2017-02-03,119546.32,10
LEAN_FILTER,2017-02-06,120098.45,10
LEAN_FILTER,2017-02-07,119711.99,10
LEAN_FILTER,2017-02-08,118795.64,10
LEAN_FILTER,2017-02-09,119112.39,10
LEAN_FILTER,2017-02-10,119338.86,10
LEAN_FILTER,2017-02-13,120311.08,10
LEAN_FILTER,2017-02-14,121562.0,10
LEAN_FILTER,2017-02-15,122347.24,10
LEAN_FILTER,2017-02-16,121397.89,10
LEAN_FILTER,2017-02-17,121007.5,9
LEAN_FILTER,2017-02-21,121713.93,9
LEAN_FILTER,2017-02-22,121464.93,10
LEAN_FILTER,2017-02-23,121496.71,10
LEAN_FILTER,2017-02-24,121977.87,10
LEAN_FILTER,2017-02-27,121673.87,10
LEAN_FILTER,2017-02-28,120652.8,10
LEAN_FILTER,2017-03-01,120897.32,10
LEAN_FILTER,2017-03-02,120535.53,10
LEAN_FILTER,2017-03-03,120691.12,10
LEAN_FILTER,2017-03-06,120101.09,10
LEAN_FILTER,2017-03-07,119037.91,10
LEAN_FILTER,2017-03-08,119469.1,10
LEAN_FILTER,2017-03-09,118503.4,10
LEAN_FILTER,2017-03-10,119722.88,10
LEAN_FILTER,2017-03-13,119859.78,10
LEAN_FILTER,2017-03-14,119554.89,10
LEAN_FILTER,2017-03-15,120981.7,10
LEAN_FILTER,2017-03-16,120921.88,10
LEAN_FILTER,2017-03-17,120785.8,10
LEAN_FILTER,2017-03-20,120177.73,10
LEAN_FILTER,2017-03-21,117889.08,10
LEAN_FILTER,2017-03-22,117627.89,10
LEAN_FILTER,2017-03-23,117573.42,10
LEAN_FILTER,2017-03-24,117629.58,10
LEAN_FILTER,2017-03-27,116856.41,10
LEAN_FILTER,2017-03-28,117653.37,10
LEAN_FILTER,2017-03-29,118202.64,10
LEAN_FILTER,2017-03-30,118277.3,10
LEAN_FILTER,2017-03-31,118547.56,10
LEAN_FILTER,2017-04-03,117709.92,10
LEAN_FILTER,2017-04-04,119188.5,10
LEAN_FILTER,2017-04-05,119204.49,10
LEAN_FILTER,2017-04-06,119503.8,10
LEAN_FILTER,2017-04-07,119178.15,10
LEAN_FILTER,2017-04-10,119444.27,10
LEAN_FILTER,2017-04-11,118995.94,10
LEAN_FILTER,2017-04-12,117602.08,10
LEAN_FILTER,2017-04-13,116898.77,9
LEAN_FILTER,2017-04-17,117395.87,9
LEAN_FILTER,2017-04-18,116547.41,10
LEAN_FILTER,2017-04-19,116222.53,10
LEAN_FILTER,2017-04-20,116851.28,10
LEAN_FILTER,2017-04-21,116443.09,10
LEAN_FILTER,2017-04-24,117361.23,10
LEAN_FILTER,2017-04-25,118451.12,10
LEAN_FILTER,2017-04-26,118735.41,10
LEAN_FILTER,2017-04-27,118048.36,10
LEAN_FILTER,2017-04-28,117856.83,10
LEAN_FILTER,2017-05-01,117360.07,9
LEAN_FILTER,2017-05-02,115698.39,10
LEAN_FILTER,2017-05-03,115721.39,10
LEAN_FILTER,2017-05-04,115174.7,10
LEAN_FILTER,2017-05-05,115897.64,10
LEAN_FILTER,2017-05-08,115605.04,10
LEAN_FILTER,2017-05-09,115571.0,10
LEAN_FILTER,2017-05-10,116113.56,10
LEAN_FILTER,2017-05-11,116112.69,10
LEAN_FILTER,2017-05-12,116297.43,10
LEAN_FILTER,2017-05-15,116512.11,10
LEAN_FILTER,2017-05-16,117698.39,10
LEAN_FILTER,2017-05-17,114739.64,10
LEAN_FILTER,2017-05-18,115243.37,10
LEAN_FILTER,2017-05-19,116074.03,10
LEAN_FILTER,2017-05-22,116202.58,10
LEAN_FILTER,2017-05-23,115938.41,10
LEAN_FILTER,2017-05-24,115628.81,10
LEAN_FILTER,2017-05-25,115893.25,10
LEAN_FILTER,2017-05-26,115755.08,10
LEAN_FILTER,2017-05-30,115583.1,10
LEAN_FILTER,2017-05-31,115836.76,10
LEAN_FILTER,2017-06-01,116422.5,10
LEAN_FILTER,2017-06-02,116517.97,10
LEAN_FILTER,2017-06-05,116914.82,10
LEAN_FILTER,2017-06-06,116563.4,10
LEAN_FILTER,2017-06-07,117023.1,10
LEAN_FILTER,2017-06-08,117703.48,10
LEAN_FILTER,2017-06-09,118309.05,10
LEAN_FILTER,2017-06-12,118201.25,10
LEAN_FILTER,2017-06-13,118069.34,10
LEAN_FILTER,2017-06-14,117669.31,10
LEAN_FILTER,2017-06-15,117395.98,10
LEAN_FILTER,2017-06-16,117513.46,9
LEAN_FILTER,2017-06-19,117860.19,10
LEAN_FILTER,2017-06-20,116037.69,10
LEAN_FILTER,2017-06-21,115344.0,10
LEAN_FILTER,2017-06-22,115610.01,10
LEAN_FILTER,2017-06-23,115407.93,10
LEAN_FILTER,2017-06-26,115621.15,10
LEAN_FILTER,2017-06-27,115407.58,10
LEAN_FILTER,2017-06-28,116429.91,10
LEAN_FILTER,2017-06-29,116548.0,10
LEAN_FILTER,2017-06-30,117020.24,10
LEAN_FILTER,2017-07-03,117702.02,10
LEAN_FILTER,2017-07-05,117434.52,10
LEAN_FILTER,2017-07-06,115675.62,10
LEAN_FILTER,2017-07-07,115849.89,9
LEAN_FILTER,2017-07-10,115678.2,10
LEAN_FILTER,2017-07-11,115611.51,10
LEAN_FILTER,2017-07-12,116163.13,10
LEAN_FILTER,2017-07-13,116527.94,10
LEAN_FILTER,2017-07-14,117184.81,10
LEAN_FILTER,2017-07-17,117368.63,10
LEAN_FILTER,2017-07-18,117580.65,10
LEAN_FILTER,2017-07-19,118275.39,10
LEAN_FILTER,2017-07-20,119031.85,10
LEAN_FILTER,2017-07-21,118838.86,10
LEAN_FILTER,2017-07-24,118054.93,10
LEAN_FILTER,2017-07-25,119327.1,9
LEAN_FILTER,2017-07-26,119986.0,10
LEAN_FILTER,2017-07-27,121058.46,10
LEAN_FILTER,2017-07-28,120182.39,10
LEAN_FILTER,2017-07-31,119997.19,9
LEAN_FILTER,2017-08-01,120410.29,10
LEAN_FILTER,2017-08-02,120264.71,9
LEAN_FILTER,2017-08-03,120033.85,10
LEAN_FILTER,2017-08-04,121082.93,10
LEAN_FILTER,2017-08-07,120961.42,10
LEAN_FILTER,2017-08-08,120893.55,10
LEAN_FILTER,2017-08-09,120415.94,10
LEAN_FILTER,2017-08-10,119069.61,8
LEAN_FILTER,2017-08-11,118550.88,7
LEAN_FILTER,2017-08-14,119479.89,7
LEAN_FILTER,2017-08-15,119469.83,10
LEAN_FILTER,2017-08-16,119309.64,10
LEAN_FILTER,2017-08-17,117206.73,10
LEAN_FILTER,2017-08-18,116804.17,10
LEAN_FILTER,2017-08-21,116755.34,10
LEAN_FILTER,2017-08-22,118743.35,10
LEAN_FILTER,2017-08-23,118355.42,10
LEAN_FILTER,2017-08-24,118479.77,10
LEAN_FILTER,2017-08-25,118916.76,10
LEAN_FILTER,2017-08-28,118776.73,10
LEAN_FILTER,2017-08-29,118642.43,10
LEAN_FILTER,2017-08-30,119391.67,10
LEAN_FILTER,2017-08-31,119976.98,10
LEAN_FILTER,2017-09-01,119886.13,10
LEAN_FILTER,2017-09-05,117960.33,10
LEAN_FILTER,2017-09-06,118698.91,10
LEAN_FILTER,2017-09-07,117691.71,10
LEAN_FILTER,2017-09-08,117228.07,10
LEAN_FILTER,2017-09-11,118486.56,10
LEAN_FILTER,2017-09-12,119395.43,10
LEAN_FILTER,2017-09-13,119892.91,10
LEAN_FILTER,2017-09-14,120131.77,10
LEAN_FILTER,2017-09-15,120454.69,10
LEAN_FILTER,2017-09-18,120793.02,10
LEAN_FILTER,2017-09-19,121083.61,10
LEAN_FILTER,2017-09-20,122082.56,10
LEAN_FILTER,2017-09-21,122376.12,10
LEAN_FILTER,2017-09-22,122370.65,10
LEAN_FILTER,2017-09-25,122297.53,10
LEAN_FILTER,2017-09-26,122885.37,10
LEAN_FILTER,2017-09-27,123422.28,9
LEAN_FILTER,2017-09-28,123161.28,10
LEAN_FILTER,2017-09-29,123522.92,10
LEAN_FILTER,2017-10-02,123150.23,10
LEAN_FILTER,2017-10-03,123053.81,10
LEAN_FILTER,2017-10-04,122981.96,10
LEAN_FILTER,2017-10-05,123657.25,10
LEAN_FILTER,2017-10-06,123197.57,10
LEAN_FILTER,2017-10-09,123322.08,10
LEAN_FILTER,2017-10-10,124501.65,10
LEAN_FILTER,2017-10-11,125155.97,10
LEAN_FILTER,2017-10-12,125925.3,10
LEAN_FILTER,2017-10-13,126450.94,10
LEAN_FILTER,2017-10-16,126473.45,9
LEAN_FILTER,2017-10-17,126601.75,9
LEAN_FILTER,2017-10-18,126047.51,10
LEAN_FILTER,2017-10-19,125644.35,10
LEAN_FILTER,2017-10-20,124743.61,10
LEAN_FILTER,2017-10-23,124340.12,10
LEAN_FILTER,2017-10-24,124340.96,10
LEAN_FILTER,2017-10-25,120197.94,10
LEAN_FILTER,2017-10-26,120821.41,10
LEAN_FILTER,2017-10-27,120746.8,10
LEAN_FILTER,2017-10-30,118484.41,10
LEAN_FILTER,2017-10-31,118055.08,9
LEAN_FILTER,2017-11-01,117485.63,10
LEAN_FILTER,2017-11-02,119289.01,10
LEAN_FILTER,2017-11-03,119814.56,10
LEAN_FILTER,2017-11-06,120092.48,10
LEAN_FILTER,2017-11-07,120636.52,10
LEAN_FILTER,2017-11-08,120225.46,10
LEAN_FILTER,2017-11-09,118980.48,10
LEAN_FILTER,2017-11-10,119337.57,10
LEAN_FILTER,2017-11-13,119902.31,10
LEAN_FILTER,2017-11-14,119471.1,10
LEAN_FILTER,2017-11-15,119439.92,10
LEAN_FILTER,2017-11-16,120575.07,10
LEAN_FILTER,2017-11-17,120484.04,10
LEAN_FILTER,2017-11-20,120390.06,10
LEAN_FILTER,2017-11-21,120254.04,10
LEAN_FILTER,2017-11-22,120966.51,10
LEAN_FILTER,2017-11-24,120604.92,10
LEAN_FILTER,2017-11-27,120623.98,10
LEAN_FILTER,2017-11-28,122748.77,10
LEAN_FILTER,2017-11-29,125737.46,10
LEAN_FILTER,2017-11-30,126575.42,10
LEAN_FILTER,2017-12-01,127072.82,10
LEAN_FILTER,2017-12-04,129312.78,10
LEAN_FILTER,2017-12-05,127710.16,10
LEAN_FILTER,2017-12-06,126616.46,10
LEAN_FILTER,2017-12-07,126786.95,10
LEAN_FILTER,2017-12-08,127987.93,10
LEAN_FILTER,2017-12-11,128422.1,10
LEAN_FILTER,2017-12-12,129214.18,10
LEAN_FILTER,2017-12-13,129785.41,10
LEAN_FILTER,2017-12-14,129001.68,10
LEAN_FILTER,2017-12-15,129402.86,8
LEAN_FILTER,2017-12-18,131390.36,10
LEAN_FILTER,2017-12-19,131209.64,10
LEAN_FILTER,2017-12-20,132225.33,10
LEAN_FILTER,2017-12-21,132012.48,10
LEAN_FILTER,2017-12-22,131687.04,10
LEAN_FILTER,2017-12-26,131077.47,10
LEAN_FILTER,2017-12-27,131206.09,9
LEAN_FILTER,2017-12-28,131887.72,10
LEAN_FILTER,2017-12-29,130748.75,10
LEAN_FILTER,2018-01-02,134722.19,10
LEAN_FILTER,2018-01-03,136524.15,10
LEAN_FILTER,2018-01-04,138280.4,10
LEAN_FILTER,2018-01-05,138537.39,10
LEAN_FILTER,2018-01-08,139350.7,10
LEAN_FILTER,2018-01-09,137879.6,9
LEAN_FILTER,2018-01-10,137390.75,8
LEAN_FILTER,2018-01-11,139495.69,8
LEAN_FILTER,2018-01-12,140916.27,8
LEAN_FILTER,2018-01-16,139222.72,8
LEAN_FILTER,2018-01-17,140258.78,8
LEAN_FILTER,2018-01-18,141060.48,10
LEAN_FILTER,2018-01-19,141994.78,10
LEAN_FILTER,2018-01-22,143046.21,10
LEAN_FILTER,2018-01-23,145020.35,10
LEAN_FILTER,2018-01-24,145819.71,10
LEAN_FILTER,2018-01-25,145088.79,9
LEAN_FILTER,2018-01-26,147369.81,8
LEAN_FILTER,2018-01-29,147951.69,10
LEAN_FILTER,2018-01-30,145116.99,10
LEAN_FILTER,2018-01-31,144475.41,9
LEAN_FILTER,2018-02-01,143641.67,9
LEAN_FILTER,2018-02-02,141990.03,10
LEAN_FILTER,2018-02-05,136771.51,9
LEAN_FILTER,2018-02-06,139868.26,8
LEAN_FILTER,2018-02-07,139323.71,8
LEAN_FILTER,2018-02-08,134725.39,9
LEAN_FILTER,2018-02-09,135775.34,9
LEAN_FILTER,2018-02-12,137293.41,9
LEAN_FILTER,2018-02-13,137912.27,10
LEAN_FILTER,2018-02-14,140340.73,10
LEAN_FILTER,2018-02-15,143971.32,10
LEAN_FILTER,2018-02-16,144357.67,10
LEAN_FILTER,2018-02-20,143170.37,10
LEAN_FILTER,2018-02-21,142046.48,10
LEAN_FILTER,2018-02-22,141951.83,10
LEAN_FILTER,2018-02-23,144526.95,10
LEAN_FILTER,2018-02-26,147375.91,10
LEAN_FILTER,2018-02-27,146158.18,10
LEAN_FILTER,2018-02-28,144555.82,9
LEAN_FILTER,2018-03-01,144021.32,9
LEAN_FILTER,2018-03-02,145237.51,10
LEAN_FILTER,2018-03-05,147360.1,10
LEAN_FILTER,2018-03-06,147269.37,10
LEAN_FILTER,2018-03-07,146256.2,10
LEAN_FILTER,2018-03-08,146057.76,9
LEAN_FILTER,2018-03-09,147160.69,10
LEAN_FILTER,2018-03-12,147721.4,10
LEAN_FILTER,2018-03-13,147273.76,10
LEAN_FILTER,2018-03-14,146961.67,10
LEAN_FILTER,2018-03-15,146286.03,10
LEAN_FILTER,2018-03-16,147132.98,10
LEAN_FILTER,2018-03-19,145020.71,10
LEAN_FILTER,2018-03-20,144642.43,9
LEAN_FILTER,2018-03-21,144543.93,10
LEAN_FILTER,2018-03-22,142374.73,10
LEAN_FILTER,2018-03-23,140111.99,10
LEAN_FILTER,2018-03-26,143305.37,10
LEAN_FILTER,2018-03-27,141072.17,10
LEAN_FILTER,2018-03-28,142401.29,10
LEAN_FILTER,2018-03-29,143364.7,10
LEAN_FILTER,2018-04-02,139648.75,10
LEAN_FILTER,2018-04-03,141090.0,10
LEAN_FILTER,2018-04-04,143962.18,10
LEAN_FILTER,2018-04-05,144279.9,10
LEAN_FILTER,2018-04-06,141574.22,10
LEAN_FILTER,2018-04-09,141623.26,9
LEAN_FILTER,2018-04-10,143578.85,10
LEAN_FILTER,2018-04-11,143227.92,10
LEAN_FILTER,2018-04-12,143768.85,10
LEAN_FILTER,2018-04-13,143359.11,10
LEAN_FILTER,2018-04-16,144560.18,10
LEAN_FILTER,2018-04-17,147371.59,10
LEAN_FILTER,2018-04-18,147425.06,10
LEAN_FILTER,2018-04-19,145165.18,10
LEAN_FILTER,2018-04-20,143800.28,10
LEAN_FILTER,2018-04-23,143236.59,10
LEAN_FILTER,2018-04-24,142472.04,10
LEAN_FILTER,2018-04-25,143162.94,9
LEAN_FILTER,2018-04-26,146820.89,9
LEAN_FILTER,2018-04-27,147438.93,10
LEAN_FILTER,2018-04-30,144782.37,10
LEAN_FILTER,2018-05-01,146208.31,10
LEAN_FILTER,2018-05-02,144937.22,10
LEAN_FILTER,2018-05-03,144963.9,10
LEAN_FILTER,2018-05-04,147585.36,10
LEAN_FILTER,2018-05-07,148960.41,10
LEAN_FILTER,2018-05-08,147979.49,10
LEAN_FILTER,2018-05-09,148800.54,10
LEAN_FILTER,2018-05-10,150498.65,10
LEAN_FILTER,2018-05-11,150535.79,10
LEAN_FILTER,2018-05-14,151131.6,10
LEAN_FILTER,2018-05-15,150037.79,10
LEAN_FILTER,2018-05-16,151655.68,10
LEAN_FILTER,2018-05-17,151112.71,10
LEAN_FILTER,2018-05-18,149628.88,10
LEAN_FILTER,2018-05-21,150737.18,8
LEAN_FILTER,2018-05-22,151813.64,8
LEAN_FILTER,2018-05-23,152175.34,8
LEAN_FILTER,2018-05-24,152500.09,10
LEAN_FILTER,2018-05-25,152317.5,10
LEAN_FILTER,2018-05-29,151661.18,10
LEAN_FILTER,2018-05-30,152483.13,10
LEAN_FILTER,2018-05-31,149886.3,10
LEAN_FILTER,2018-06-01,150367.3,9
LEAN_FILTER,2018-06-04,150556.32,10
LEAN_FILTER,2018-06-05,150709.44,10
LEAN_FILTER,2018-06-06,152341.04,10
LEAN_FILTER,2018-06-07,152636.73,10
LEAN_FILTER,2018-06-08,153762.74,10
LEAN_FILTER,2018-06-11,154110.04,10
LEAN_FILTER,2018-06-12,154933.6,9
LEAN_FILTER,2018-06-13,155410.59,10
LEAN_FILTER,2018-06-14,156183.44,10
LEAN_FILTER,2018-06-15,155525.03,10
LEAN_FILTER,2018-06-18,154878.14,10
LEAN_FILTER,2018-06-19,154728.29,10
LEAN_FILTER,2018-06-20,156356.03,10
LEAN_FILTER,2018-06-21,154689.61,10
LEAN_FILTER,2018-06-22,156169.07,10
LEAN_FILTER,2018-06-25,153714.43,10
LEAN_FILTER,2018-06-26,153949.28,10
LEAN_FILTER,2018-06-27,153538.63,10
LEAN_FILTER,2018-06-28,153967.55,10
LEAN_FILTER,2018-06-29,154604.0,10
LEAN_FILTER,2018-07-02,154148.33,10
LEAN_FILTER,2018-07-03,154596.37,10
LEAN_FILTER,2018-07-05,155811.94,10
LEAN_FILTER,2018-07-06,157459.36,10
LEAN_FILTER,2018-07-09,159117.59,10
LEAN_FILTER,2018-07-10,159552.7,10
LEAN_FILTER,2018-07-11,158114.28,10
LEAN_FILTER,2018-07-12,158531.96,10
LEAN_FILTER,2018-07-13,159027.65,10
LEAN_FILTER,2018-07-16,157480.9,10
LEAN_FILTER,2018-07-17,157745.88,10
LEAN_FILTER,2018-07-18,157670.58,10
LEAN_FILTER,2018-07-19,158273.6,10
LEAN_FILTER,2018-07-20,158447.12,10
LEAN_FILTER,2018-07-23,158997.65,10
LEAN_FILTER,2018-07-24,158874.61,10
LEAN_FILTER,2018-07-25,159804.51,10
LEAN_FILTER,2018-07-26,160070.34,10
LEAN_FILTER,2018-07-27,160041.83,10
LEAN_FILTER,2018-07-30,159930.37,10
LEAN_FILTER,2018-07-31,159486.85,10
LEAN_FILTER,2018-08-01,158874.36,10
LEAN_FILTER,2018-08-02,161227.87,10
LEAN_FILTER,2018-08-03,161304.43,10
LEAN_FILTER,2018-08-06,160682.14,9
LEAN_FILTER,2018-08-07,160590.67,10
LEAN_FILTER,2018-08-08,159949.26,10
LEAN_FILTER,2018-08-09,158946.44,10
LEAN_FILTER,2018-08-10,158472.69,10
LEAN_FILTER,2018-08-13,156131.05,10
LEAN_FILTER,2018-08-14,156927.33,9
LEAN_FILTER,2018-08-15,157023.28,10
LEAN_FILTER,2018-08-16,156986.3,10
LEAN_FILTER,2018-08-17,156186.57,10
LEAN_FILTER,2018-08-20,156582.37,10
LEAN_FILTER,2018-08-21,157535.77,10
LEAN_FILTER,2018-08-22,157820.16,10
LEAN_FILTER,2018-08-23,157911.42,10
LEAN_FILTER,2018-08-24,157946.43,10
LEAN_FILTER,2018-08-27,159787.18,10
LEAN_FILTER,2018-08-28,159333.43,10
LEAN_FILTER,2018-08-29,160406.92,10
LEAN_FILTER,2018-08-30,158784.5,10
LEAN_FILTER,2018-08-31,158263.46,9
LEAN_FILTER,2018-09-04,157194.86,10
LEAN_FILTER,2018-09-05,156578.08,10
LEAN_FILTER,2018-09-06,155033.27,10
LEAN_FILTER,2018-09-07,154086.13,10
LEAN_FILTER,2018-09-10,154192.24,10
LEAN_FILTER,2018-09-11,153618.23,10
LEAN_FILTER,2018-09-12,154169.02,10
LEAN_FILTER,2018-09-13,155096.44,10
LEAN_FILTER,2018-09-14,155140.44,10
LEAN_FILTER,2018-09-17,154534.01,10
LEAN_FILTER,2018-09-18,155477.45,10
LEAN_FILTER,2018-09-19,156859.55,10
LEAN_FILTER,2018-09-20,157797.62,10
LEAN_FILTER,2018-09-21,157493.69,10
LEAN_FILTER,2018-09-24,155400.68,10
LEAN_FILTER,2018-09-25,153561.75,10
LEAN_FILTER,2018-09-26,152862.23,10
LEAN_FILTER,2018-09-27,152814.97,10
LEAN_FILTER,2018-09-28,153442.84,10
LEAN_FILTER,2018-10-01,154771.09,10
LEAN_FILTER,2018-10-02,155803.33,10
LEAN_FILTER,2018-10-03,156220.6,10
LEAN_FILTER,2018-10-04,153658.64,10
LEAN_FILTER,2018-10-05,152818.63,10
LEAN_FILTER,2018-10-08,154466.02,10
LEAN_FILTER,2018-10-09,152999.87,10
LEAN_FILTER,2018-10-10,149175.84,10
LEAN_FILTER,2018-10-11,145440.3,10
LEAN_FILTER,2018-10-12,144707.74,9
LEAN_FILTER,2018-10-15,144608.14,10
LEAN_FILTER,2018-10-16,146657.44,10
LEAN_FILTER,2018-10-17,147435.69,10
LEAN_FILTER,2018-10-18,144155.62,10
LEAN_FILTER,2018-10-19,143832.48,10
LEAN_FILTER,2018-10-22,141453.56,10
LEAN_FILTER,2018-10-23,141598.88,10
LEAN_FILTER,2018-10-24,136761.33,10
LEAN_FILTER,2018-10-25,140426.98,10
LEAN_FILTER,2018-10-26,138780.02,10
LEAN_FILTER,2018-10-29,139593.61,10
LEAN_FILTER,2018-10-30,142004.2,10
LEAN_FILTER,2018-10-31,143958.7,10
LEAN_FILTER,2018-11-01,146033.67,10
LEAN_FILTER,2018-11-02,146921.02,10
LEAN_FILTER,2018-11-05,148158.47,10
LEAN_FILTER,2018-11-06,149423.97,10
LEAN_FILTER,2018-11-07,147564.49,10
LEAN_FILTER,2018-11-08,146722.42,10
LEAN_FILTER,2018-11-09,146347.78,10
LEAN_FILTER,2018-11-12,145260.94,8
LEAN_FILTER,2018-11-13,144459.87,6
LEAN_FILTER,2018-11-14,144638.48,6
LEAN_FILTER,2018-11-15,145800.45,6
LEAN_FILTER,2018-11-16,146649.0,7
LEAN_FILTER,2018-11-19,146028.39,7
LEAN_FILTER,2018-11-20,144726.11,7
LEAN_FILTER,2018-11-21,144739.58,9
LEAN_FILTER,2018-11-23,143584.14,10
LEAN_FILTER,2018-11-26,145998.45,10
LEAN_FILTER,2018-11-27,146418.33,10
LEAN_FILTER,2018-11-28,148839.65,10
LEAN_FILTER,2018-11-29,148558.48,10
LEAN_FILTER,2018-11-30,149340.23,10
LEAN_FILTER,2018-12-03,151370.81,10
LEAN_FILTER,2018-12-04,146455.05,10
LEAN_FILTER,2018-12-06,144997.43,6
LEAN_FILTER,2018-12-07,141654.06,10
LEAN_FILTER,2018-12-10,142337.88,10
LEAN_FILTER,2018-12-11,142348.54,10
LEAN_FILTER,2018-12-12,143821.21,10
LEAN_FILTER,2018-12-13,143288.75,10
LEAN_FILTER,2018-12-14,140748.27,10
LEAN_FILTER,2018-12-17,137185.45,10
LEAN_FILTER,2018-12-18,138069.57,10
LEAN_FILTER,2018-12-19,134230.56,10
LEAN_FILTER,2018-12-20,132305.24,10
LEAN_FILTER,2018-12-21,129592.63,10
LEAN_FILTER,2018-12-24,126453.97,10
LEAN_FILTER,2018-12-26,132930.66,10
LEAN_FILTER,2018-12-27,133309.4,10
LEAN_FILTER,2018-12-28,133520.97,10
LEAN_FILTER,2018-12-31,134629.52,10
LEAN_FILTER,2019-01-02,136513.36,10
LEAN_FILTER,2019-01-03,131174.62,10
LEAN_FILTER,2019-01-04,135648.9,10
LEAN_FILTER,2019-01-07,137969.63,10
LEAN_FILTER,2019-01-08,139293.98,10
LEAN_FILTER,2019-01-09,139659.56,10
LEAN_FILTER,2019-01-10,140670.03,10
LEAN_FILTER,2019-01-11,140583.34,10
LEAN_FILTER,2019-01-14,140042.78,10
LEAN_FILTER,2019-01-15,141510.98,10
LEAN_FILTER,2019-01-16,141324.15,10
LEAN_FILTER,2019-01-17,142300.56,9
LEAN_FILTER,2019-01-18,144143.45,10
LEAN_FILTER,2019-01-22,142066.32,10
LEAN_FILTER,2019-01-23,141096.47,8
LEAN_FILTER,2019-01-24,141143.95,8
LEAN_FILTER,2019-01-25,140848.56,9
LEAN_FILTER,2019-01-28,140763.1,10
LEAN_FILTER,2019-01-29,140236.07,10
LEAN_FILTER,2019-01-30,142801.77,10
LEAN_FILTER,2019-01-31,143261.05,10
LEAN_FILTER,2019-02-01,144602.62,10
LEAN_FILTER,2019-02-04,146172.59,10
LEAN_FILTER,2019-02-05,146819.77,10
LEAN_FILTER,2019-02-06,146664.96,10
LEAN_FILTER,2019-02-07,145049.53,8
LEAN_FILTER,2019-02-08,144672.49,10
LEAN_FILTER,2019-02-11,144677.26,10
LEAN_FILTER,2019-02-12,146685.22,9
LEAN_FILTER,2019-02-13,147721.22,10
LEAN_FILTER,2019-02-14,147668.68,10
LEAN_FILTER,2019-02-15,149461.95,10
LEAN_FILTER,2019-02-19,150441.62,10
LEAN_FILTER,2019-02-20,149443.53,10
LEAN_FILTER,2019-02-21,147641.19,10
LEAN_FILTER,2019-02-22,148697.68,10
LEAN_FILTER,2019-02-25,147882.21,10
LEAN_FILTER,2019-02-26,147688.1,10
LEAN_FILTER,2019-02-27,147187.54,10
LEAN_FILTER,2019-02-28,144982.8,10
LEAN_FILTER,2019-03-01,146475.34,10
LEAN_FILTER,2019-03-04,146050.81,10
LEAN_FILTER,2019-03-05,146078.69,10
LEAN_FILTER,2019-03-06,145093.42,10
LEAN_FILTER,2019-03-07,143848.95,9
LEAN_FILTER,2019-03-08,144485.88,10
LEAN_FILTER,2019-03-11,146858.55,10
LEAN_FILTER,2019-03-12,147143.71,10
LEAN_FILTER,2019-03-13,148856.82,10
LEAN_FILTER,2019-03-14,148211.63,10
LEAN_FILTER,2019-03-15,149278.44,10
LEAN_FILTER,2019-03-18,150220.57,10
LEAN_FILTER,2019-03-19,150640.0,10
LEAN_FILTER,2019-03-20,149290.74,10
LEAN_FILTER,2019-03-21,152207.0,10
LEAN_FILTER,2019-03-22,148022.37,10
LEAN_FILTER,2019-03-25,148050.66,8
LEAN_FILTER,2019-03-26,149243.79,8
LEAN_FILTER,2019-03-27,148021.05,10
LEAN_FILTER,2019-03-28,147772.66,10
LEAN_FILTER,2019-03-29,148553.38,10
LEAN_FILTER,2019-04-01,151157.67,10
LEAN_FILTER,2019-04-02,146571.16,10
LEAN_FILTER,2019-04-03,147362.21,10
LEAN_FILTER,2019-04-04,148971.26,10
LEAN_FILTER,2019-04-05,149079.67,10
LEAN_FILTER,2019-04-08,149659.7,10
LEAN_FILTER,2019-04-09,149010.65,10
LEAN_FILTER,2019-04-10,149735.18,10
LEAN_FILTER,2019-04-11,149965.27,10
LEAN_FILTER,2019-04-12,151208.43,10
LEAN_FILTER,2019-04-15,151297.18,10
LEAN_FILTER,2019-04-16,155113.16,10
LEAN_FILTER,2019-04-17,157028.98,10
LEAN_FILTER,2019-04-18,157294.75,10
LEAN_FILTER,2019-04-22,157395.22,10
LEAN_FILTER,2019-04-23,159180.85,10
LEAN_FILTER,2019-04-24,158558.68,10
LEAN_FILTER,2019-04-25,158805.67,10
LEAN_FILTER,2019-04-26,159858.31,10
LEAN_FILTER,2019-04-29,160647.87,10
LEAN_FILTER,2019-04-30,161142.46,10
LEAN_FILTER,2019-05-01,161773.13,10
LEAN_FILTER,2019-05-02,161651.38,9
LEAN_FILTER,2019-05-03,162594.21,10
LEAN_FILTER,2019-05-06,162647.06,10
LEAN_FILTER,2019-05-07,159124.93,10
LEAN_FILTER,2019-05-08,158009.94,9
LEAN_FILTER,2019-05-09,156312.29,9
LEAN_FILTER,2019-05-10,156929.89,10
LEAN_FILTER,2019-05-13,151837.28,10
LEAN_FILTER,2019-05-14,154942.51,10
LEAN_FILTER,2019-05-15,158067.76,10
LEAN_FILTER,2019-05-16,158710.14,10
LEAN_FILTER,2019-05-17,158152.77,10
LEAN_FILTER,2019-05-20,155261.16,10
LEAN_FILTER,2019-05-21,157045.57,10
LEAN_FILTER,2019-05-22,155108.63,10
LEAN_FILTER,2019-05-23,151478.82,10
LEAN_FILTER,2019-05-24,152016.81,10
LEAN_FILTER,2019-05-28,153816.46,10
LEAN_FILTER,2019-05-29,153584.13,10
LEAN_FILTER,2019-05-30,154177.35,10
LEAN_FILTER,2019-05-31,151132.0,10
LEAN_FILTER,2019-06-03,150658.02,9
LEAN_FILTER,2019-06-04,154808.26,9
LEAN_FILTER,2019-06-05,155777.64,10
LEAN_FILTER,2019-06-06,158745.96,10
LEAN_FILTER,2019-06-07,160000.45,10
LEAN_FILTER,2019-06-10,161701.48,10
LEAN_FILTER,2019-06-11,162327.2,10
LEAN_FILTER,2019-06-12,160578.54,10
LEAN_FILTER,2019-06-13,161902.54,9
LEAN_FILTER,2019-06-14,161435.04,10
LEAN_FILTER,2019-06-17,161637.34,10
LEAN_FILTER,2019-06-18,164529.85,10
LEAN_FILTER,2019-06-19,164058.14,10
LEAN_FILTER,2019-06-20,165113.53,10
LEAN_FILTER,2019-06-21,165468.67,10
LEAN_FILTER,2019-06-24,166494.97,9
LEAN_FILTER,2019-06-25,164744.01,9
LEAN_FILTER,2019-06-26,166118.05,8
LEAN_FILTER,2019-06-27,167806.33,9
LEAN_FILTER,2019-06-28,168272.82,10
LEAN_FILTER,2019-07-01,169728.42,10
LEAN_FILTER,2019-07-02,169930.56,10
LEAN_FILTER,2019-07-03,171178.06,10
LEAN_FILTER,2019-07-05,171444.05,10
LEAN_FILTER,2019-07-08,170520.46,10
LEAN_FILTER,2019-07-09,170625.19,9
LEAN_FILTER,2019-07-10,171576.27,10
LEAN_FILTER,2019-07-11,172109.54,10
LEAN_FILTER,2019-07-12,172096.02,10
LEAN_FILTER,2019-07-15,172660.76,10
LEAN_FILTER,2019-07-16,171636.0,10
LEAN_FILTER,2019-07-17,170663.22,10
LEAN_FILTER,2019-07-18,169001.77,10
LEAN_FILTER,2019-07-19,167347.5,10
LEAN_FILTER,2019-07-22,166704.46,10
LEAN_FILTER,2019-07-23,167859.08,10
LEAN_FILTER,2019-07-24,171903.4,10
LEAN_FILTER,2019-07-25,169770.54,10
LEAN_FILTER,2019-07-26,171257.11,10
LEAN_FILTER,2019-07-29,171596.55,10
LEAN_FILTER,2019-07-30,171091.8,10
LEAN_FILTER,2019-07-31,167446.26,10
LEAN_FILTER,2019-08-01,166293.79,10
LEAN_FILTER,2019-08-02,164826.15,10
LEAN_FILTER,2019-08-05,160762.22,10
LEAN_FILTER,2019-08-06,162392.28,9
LEAN_FILTER,2019-08-07,162483.77,10
LEAN_FILTER,2019-08-08,167138.63,10
LEAN_FILTER,2019-08-09,165682.39,10
LEAN_FILTER,2019-08-12,163145.72,10
LEAN_FILTER,2019-08-13,164702.58,10
LEAN_FILTER,2019-08-14,158983.94,10
LEAN_FILTER,2019-08-15,157967.62,9
LEAN_FILTER,2019-08-16,160801.81,9
LEAN_FILTER,2019-08-19,162651.41,10
LEAN_FILTER,2019-08-20,161148.96,10
LEAN_FILTER,2019-08-21,162291.9,10
LEAN_FILTER,2019-08-22,162407.34,10
LEAN_FILTER,2019-08-23,157006.24,10
LEAN_FILTER,2019-08-26,159079.4,10
LEAN_FILTER,2019-08-27,159365.66,10
LEAN_FILTER,2019-08-28,160499.91,10
LEAN_FILTER,2019-08-29,162656.39,10
LEAN_FILTER,2019-08-30,162719.77,10
LEAN_FILTER,2019-09-03,161442.28,10
LEAN_FILTER,2019-09-04,163598.18,10
LEAN_FILTER,2019-09-05,166091.65,10
LEAN_FILTER,2019-09-06,165180.43,10
LEAN_FILTER,2019-09-09,166544.94,10
LEAN_FILTER,2019-09-10,167514.17,10
LEAN_FILTER,2019-09-11,167289.15,10
LEAN_FILTER,2019-09-12,168285.98,10
LEAN_FILTER,2019-09-13,169180.27,10
LEAN_FILTER,2019-09-16,168338.39,9
LEAN_FILTER,2019-09-17,168202.34,8
LEAN_FILTER,2019-09-18,167015.09,10
LEAN_FILTER,2019-09-19,167451.76,10
LEAN_FILTER,2019-09-20,167066.68,9
LEAN_FILTER,2019-09-23,166976.29,10
LEAN_FILTER,2019-09-24,164627.05,9
LEAN_FILTER,2019-09-25,164739.72,9
LEAN_FILTER,2019-09-26,164166.6,10
LEAN_FILTER,2019-09-27,162194.35,10
LEAN_FILTER,2019-09-30,163582.91,10
LEAN_FILTER,2019-10-01,163335.28,10
LEAN_FILTER,2019-10-02,161749.02,10
LEAN_FILTER,2019-10-03,163116.71,10
LEAN_FILTER,2019-10-04,164890.84,10
LEAN_FILTER,2019-10-07,164117.68,10
LEAN_FILTER,2019-10-08,162421.81,10
LEAN_FILTER,2019-10-09,163374.93,10
LEAN_FILTER,2019-10-10,164495.2,10
LEAN_FILTER,2019-10-11,165799.09,10
LEAN_FILTER,2019-10-14,166794.65,10
LEAN_FILTER,2019-10-15,167710.42,10
LEAN_FILTER,2019-10-16,167029.58,10
LEAN_FILTER,2019-10-17,168211.78,10
LEAN_FILTER,2019-10-18,165968.46,10
LEAN_FILTER,2019-10-21,167061.54,10
LEAN_FILTER,2019-10-22,165243.21,10
LEAN_FILTER,2019-10-23,166744.82,10
LEAN_FILTER,2019-10-24,167874.54,10
LEAN_FILTER,2019-10-25,167981.34,10
LEAN_FILTER,2019-10-28,168822.19,10
LEAN_FILTER,2019-10-29,168439.1,10
LEAN_FILTER,2019-10-30,170011.19,9
LEAN_FILTER,2019-10-31,169956.98,10
LEAN_FILTER,2019-11-01,171364.24,8
LEAN_FILTER,2019-11-04,171547.27,10
LEAN_FILTER,2019-11-05,171612.77,10
LEAN_FILTER,2019-11-06,171954.41,10
LEAN_FILTER,2019-11-07,171044.01,9
LEAN_FILTER,2019-11-08,171555.06,10
LEAN_FILTER,2019-11-11,171097.43,10
LEAN_FILTER,2019-11-12,170949.4,10
LEAN_FILTER,2019-11-13,171106.69,10
LEAN_FILTER,2019-11-14,171543.09,10
LEAN_FILTER,2019-11-15,172812.24,10
LEAN_FILTER,2019-11-18,173218.45,10
LEAN_FILTER,2019-11-19,172146.18,10
LEAN_FILTER,2019-11-20,172091.75,10
LEAN_FILTER,2019-11-21,172266.83,10
LEAN_FILTER,2019-11-22,171884.17,10
LEAN_FILTER,2019-11-25,173526.75,10
LEAN_FILTER,2019-11-26,173793.31,10
LEAN_FILTER,2019-11-27,174324.86,10
LEAN_FILTER,2019-11-29,173761.4,10
LEAN_FILTER,2019-12-02,173207.04,10
LEAN_FILTER,2019-12-03,172393.91,10
LEAN_FILTER,2019-12-04,172748.34,10
LEAN_FILTER,2019-12-05,173010.55,10
LEAN_FILTER,2019-12-06,175121.43,10
LEAN_FILTER,2019-12-09,174858.48,10
LEAN_FILTER,2019-12-10,175904.39,10
LEAN_FILTER,2019-12-11,177204.79,10
LEAN_FILTER,2019-12-12,181030.69,10
LEAN_FILTER,2019-12-13,179991.15,10
LEAN_FILTER,2019-12-16,181569.71,9
LEAN_FILTER,2019-12-17,182401.65,10
LEAN_FILTER,2019-12-18,182426.93,10
LEAN_FILTER,2019-12-19,183480.94,10
LEAN_FILTER,2019-12-20,184112.83,10
LEAN_FILTER,2019-12-23,183976.7,10
LEAN_FILTER,2019-12-24,184326.71,10
LEAN_FILTER,2019-12-26,184643.38,10
LEAN_FILTER,2019-12-27,183963.57,10
LEAN_FILTER,2019-12-30,182955.75,9
LEAN_FILTER,2019-12-31,183196.39,9
LEAN_FILTER,2020-01-02,183133.83,10
LEAN_FILTER,2020-01-03,180758.96,10
LEAN_FILTER,2020-01-06,181301.78,10
LEAN_FILTER,2020-01-07,180281.18,10
LEAN_FILTER,2020-01-08,180770.74,10
LEAN_FILTER,2020-01-09,180531.38,10
LEAN_FILTER,2020-01-10,179708.78,10
LEAN_FILTER,2020-01-13,180664.24,10
LEAN_FILTER,2020-01-14,181221.42,10
LEAN_FILTER,2020-01-15,180490.2,10
LEAN_FILTER,2020-01-16,181411.91,10
LEAN_FILTER,2020-01-17,181782.15,10
LEAN_FILTER,2020-01-21,181144.21,10
LEAN_FILTER,2020-01-22,181324.51,10
LEAN_FILTER,2020-01-23,180527.81,10
LEAN_FILTER,2020-01-24,178346.66,10
LEAN_FILTER,2020-01-27,176809.92,10
LEAN_FILTER,2020-01-28,178088.16,10
LEAN_FILTER,2020-01-29,176822.74,10
LEAN_FILTER,2020-01-30,177596.26,10
LEAN_FILTER,2020-01-31,174906.19,10
LEAN_FILTER,2020-02-03,173841.07,10
LEAN_FILTER,2020-02-04,175611.79,10
LEAN_FILTER,2020-02-05,179724.77,10
LEAN_FILTER,2020-02-06,180531.53,10
LEAN_FILTER,2020-02-07,180587.6,10
LEAN_FILTER,2020-02-10,181797.8,10
LEAN_FILTER,2020-02-11,183798.69,10
LEAN_FILTER,2020-02-12,184597.26,10
LEAN_FILTER,2020-02-13,184789.85,10
LEAN_FILTER,2020-02-14,184487.55,10
LEAN_FILTER,2020-02-18,184497.1,9
LEAN_FILTER,2020-02-19,184560.39,9
LEAN_FILTER,2020-02-20,184707.34,10
LEAN_FILTER,2020-02-21,181875.46,10
LEAN_FILTER,2020-02-24,173483.81,9
LEAN_FILTER,2020-02-25,167319.13,9
LEAN_FILTER,2020-02-26,164579.76,9
LEAN_FILTER,2020-02-27,158834.19,9
LEAN_FILTER,2020-02-28,157879.91,9
LEAN_FILTER,2020-03-02,164463.98,9
LEAN_FILTER,2020-03-03,159599.67,10
LEAN_FILTER,2020-03-04,164950.79,10
LEAN_FILTER,2020-03-05,159101.17,10
LEAN_FILTER,2020-03-06,154697.17,10
LEAN_FILTER,2020-03-09,136908.48,10
LEAN_FILTER,2020-03-10,143204.33,10
LEAN_FILTER,2020-03-11,135299.78,10
LEAN_FILTER,2020-03-12,122424.63,10
LEAN_FILTER,2020-03-13,135355.6,10
LEAN_FILTER,2020-03-16,120318.84,10
LEAN_FILTER,2020-03-17,129423.68,10
LEAN_FILTER,2020-03-18,123768.6,10
LEAN_FILTER,2020-03-19,123922.26,10
LEAN_FILTER,2020-03-20,117174.98,10
LEAN_FILTER,2020-03-23,113353.31,10
LEAN_FILTER,2020-03-24,119819.73,10
LEAN_FILTER,2020-03-25,120515.85,10
LEAN_FILTER,2020-03-26,128956.66,10
LEAN_FILTER,2020-03-27,124575.13,10
LEAN_FILTER,2020-03-30,126901.11,10
LEAN_FILTER,2020-03-31,124966.59,10
LEAN_FILTER,2020-04-01,119473.29,10
LEAN_FILTER,2020-04-02,121493.27,9
LEAN_FILTER,2020-04-03,119890.13,10
LEAN_FILTER,2020-04-06,126740.64,10
LEAN_FILTER,2020-04-07,127304.01,10
LEAN_FILTER,2020-04-08,131965.81,9
LEAN_FILTER,2020-04-09,134235.88,10
LEAN_FILTER,2020-04-13,131636.45,10
LEAN_FILTER,2020-04-14,133567.61,7
LEAN_FILTER,2020-04-15,130777.69,8
LEAN_FILTER,2020-04-16,128487.46,7
LEAN_FILTER,2020-04-17,131529.72,8
LEAN_FILTER,2020-04-20,128950.32,8
LEAN_FILTER,2020-04-21,126554.73,8
LEAN_FILTER,2020-04-22,127392.33,6
LEAN_FILTER,2020-04-23,128123.03,10
LEAN_FILTER,2020-04-24,129606.21,10
LEAN_FILTER,2020-04-27,133927.31,10
LEAN_FILTER,2020-04-28,138148.88,10
LEAN_FILTER,2020-04-29,149601.97,9
LEAN_FILTER,2020-04-30,144831.03,10
LEAN_FILTER,2020-05-01,136696.47,9
LEAN_FILTER,2020-05-04,136060.79,6
LEAN_FILTER,2020-05-05,135713.36,6
LEAN_FILTER,2020-05-06,134633.1,5
LEAN_FILTER,2020-05-07,139368.06,5
LEAN_FILTER,2020-05-08,142800.63,6
LEAN_FILTER,2020-05-11,141646.59,10
LEAN_FILTER,2020-05-12,137826.69,10
LEAN_FILTER,2020-05-13,132352.45,10
LEAN_FILTER,2020-05-14,136616.36,10
LEAN_FILTER,2020-05-15,135708.74,10
LEAN_FILTER,2020-05-18,144184.29,10
LEAN_FILTER,2020-05-19,143206.25,10
LEAN_FILTER,2020-05-20,147396.7,10
LEAN_FILTER,2020-05-21,145512.03,10
LEAN_FILTER,2020-05-22,144461.43,10
LEAN_FILTER,2020-05-26,150453.0,10
LEAN_FILTER,2020-05-27,158227.62,10
LEAN_FILTER,2020-05-28,149910.56,10
LEAN_FILTER,2020-05-29,147372.67,10
LEAN_FILTER,2020-06-01,147030.7,9
LEAN_FILTER,2020-06-02,147731.04,10
LEAN_FILTER,2020-06-03,154904.14,10
LEAN_FILTER,2020-06-04,157167.65,10
LEAN_FILTER,2020-06-05,164847.64,10
LEAN_FILTER,2020-06-08,173728.5,10
LEAN_FILTER,2020-06-09,168632.67,10
LEAN_FILTER,2020-06-10,162232.76,10
LEAN_FILTER,2020-06-11,149795.56,7
LEAN_FILTER,2020-06-12,151969.53,5
LEAN_FILTER,2020-06-15,152903.52,5
LEAN_FILTER,2020-06-16,153551.54,5
LEAN_FILTER,2020-06-17,153999.56,5
LEAN_FILTER,2020-06-18,154404.66,5
LEAN_FILTER,2020-06-19,152693.48,10
LEAN_FILTER,2020-06-22,153919.99,10
LEAN_FILTER,2020-06-23,152454.02,10
LEAN_FILTER,2020-06-24,147551.38,9
LEAN_FILTER,2020-06-25,149049.62,8
LEAN_FILTER,2020-06-26,144775.46,10
LEAN_FILTER,2020-06-29,147097.06,10
LEAN_FILTER,2020-06-30,150300.61,10
LEAN_FILTER,2020-07-01,149616.25,10
LEAN_FILTER,2020-07-02,150861.49,10
LEAN_FILTER,2020-07-06,152921.67,10
LEAN_FILTER,2020-07-07,149389.58,10
LEAN_FILTER,2020-07-08,150337.33,10
LEAN_FILTER,2020-07-09,148817.29,10
LEAN_FILTER,2020-07-10,150729.53,10
LEAN_FILTER,2020-07-13,148893.61,10
LEAN_FILTER,2020-07-14,151185.24,8
LEAN_FILTER,2020-07-15,154461.54,10
LEAN_FILTER,2020-07-16,155049.13,10
LEAN_FILTER,2020-07-17,154667.0,10
LEAN_FILTER,2020-07-20,155947.01,10
LEAN_FILTER,2020-07-21,159222.96,10
LEAN_FILTER,2020-07-22,160583.57,10
LEAN_FILTER,2020-07-23,158501.88,10
LEAN_FILTER,2020-07-24,160492.86,9
LEAN_FILTER,2020-07-27,160969.16,9
LEAN_FILTER,2020-07-28,158537.43,10
LEAN_FILTER,2020-07-29,163843.51,10
LEAN_FILTER,2020-07-30,160684.77,10
LEAN_FILTER,2020-07-31,159763.58,10
LEAN_FILTER,2020-08-03,160603.86,10
LEAN_FILTER,2020-08-04,165281.67,10
LEAN_FILTER,2020-08-05,167618.57,10
LEAN_FILTER,2020-08-06,166893.09,10
LEAN_FILTER,2020-08-07,167125.81,10
LEAN_FILTER,2020-08-10,168765.14,10
LEAN_FILTER,2020-08-11,167795.87,10
LEAN_FILTER,2020-08-12,170645.74,10
LEAN_FILTER,2020-08-13,168977.66,10
LEAN_FILTER,2020-08-14,169512.56,10
LEAN_FILTER,2020-08-17,169559.34,10
LEAN_FILTER,2020-08-18,169336.75,10
LEAN_FILTER,2020-08-19,167593.6,10
LEAN_FILTER,2020-08-20,166650.88,10
LEAN_FILTER,2020-08-21,165801.41,10
LEAN_FILTER,2020-08-24,168287.56,10
LEAN_FILTER,2020-08-25,168790.1,10
LEAN_FILTER,2020-08-26,167821.24,10
LEAN_FILTER,2020-08-27,168499.31,10
LEAN_FILTER,2020-08-28,170620.14,10
LEAN_FILTER,2020-08-31,169409.85,10
LEAN_FILTER,2020-09-01,170319.98,10
LEAN_FILTER,2020-09-02,170971.51,10
LEAN_FILTER,2020-09-03,167433.9,10
LEAN_FILTER,2020-09-04,167199.12,9
LEAN_FILTER,2020-09-08,161664.5,10
LEAN_FILTER,2020-09-09,162559.49,10
LEAN_FILTER,2020-09-10,158848.59,10
LEAN_FILTER,2020-09-11,159643.99,10
LEAN_FILTER,2020-09-14,162271.37,10
LEAN_FILTER,2020-09-15,161861.31,10
LEAN_FILTER,2020-09-16,164703.98,10
LEAN_FILTER,2020-09-17,163942.83,10
LEAN_FILTER,2020-09-18,163557.27,10
LEAN_FILTER,2020-09-21,158390.81,10
LEAN_FILTER,2020-09-22,158316.55,10
LEAN_FILTER,2020-09-23,155557.87,10
LEAN_FILTER,2020-09-24,154800.01,10
LEAN_FILTER,2020-09-25,155079.08,10
LEAN_FILTER,2020-09-28,158903.47,10
LEAN_FILTER,2020-09-29,156095.61,10
LEAN_FILTER,2020-09-30,156413.32,10
LEAN_FILTER,2020-10-01,154039.17,10
LEAN_FILTER,2020-10-02,154563.99,10
LEAN_FILTER,2020-10-05,158245.65,10
LEAN_FILTER,2020-10-06,155830.86,10
LEAN_FILTER,2020-10-07,157877.08,10
LEAN_FILTER,2020-10-08,161305.41,10
LEAN_FILTER,2020-10-09,160993.09,10
LEAN_FILTER,2020-10-12,162570.57,10
LEAN_FILTER,2020-10-13,161116.04,10
LEAN_FILTER,2020-10-14,160126.63,10
LEAN_FILTER,2020-10-15,161270.43,10
LEAN_FILTER,2020-10-16,158730.73,10
LEAN_FILTER,2020-10-19,156300.09,10
LEAN_FILTER,2020-10-20,158219.3,10
LEAN_FILTER,2020-10-21,156778.76,10
LEAN_FILTER,2020-10-22,160971.31,10
LEAN_FILTER,2020-10-23,161238.8,10
LEAN_FILTER,2020-10-26,157436.09,10
LEAN_FILTER,2020-10-27,155540.61,10
LEAN_FILTER,2020-10-28,150488.89,10
LEAN_FILTER,2020-10-29,152346.8,10
LEAN_FILTER,2020-10-30,153851.69,10
LEAN_FILTER,2020-11-02,158190.56,10
LEAN_FILTER,2020-11-03,159865.2,10
LEAN_FILTER,2020-11-04,161513.97,10
LEAN_FILTER,2020-11-05,162919.25,10
LEAN_FILTER,2020-11-06,160716.17,10
LEAN_FILTER,2020-11-09,172222.66,10
LEAN_FILTER,2020-11-10,173896.41,10
LEAN_FILTER,2020-11-11,173537.71,10
LEAN_FILTER,2020-11-12,170989.09,10
LEAN_FILTER,2020-11-13,173961.41,9
LEAN_FILTER,2020-11-16,178052.32,10
LEAN_FILTER,2020-11-17,179360.85,9
LEAN_FILTER,2020-11-18,177664.13,10
LEAN_FILTER,2020-11-19,180548.64,9
LEAN_FILTER,2020-11-20,179344.73,10
LEAN_FILTER,2020-11-23,186002.85,10
LEAN_FILTER,2020-11-24,190027.53,10
LEAN_FILTER,2020-11-25,189960.51,10
LEAN_FILTER,2020-11-27,190437.51,10
LEAN_FILTER,2020-11-30,189273.16,10
LEAN_FILTER,2020-12-01,191106.0,10
LEAN_FILTER,2020-12-02,190922.95,10
LEAN_FILTER,2020-12-03,189416.18,10
LEAN_FILTER,2020-12-04,191333.29,10
LEAN_FILTER,2020-12-07,191898.57,10
LEAN_FILTER,2020-12-08,193815.68,10
LEAN_FILTER,2020-12-09,191671.23,9
LEAN_FILTER,2020-12-10,192402.6,9
LEAN_FILTER,2020-12-11,192731.27,9
LEAN_FILTER,2020-12-14,192359.44,10
LEAN_FILTER,2020-12-15,195274.15,10
LEAN_FILTER,2020-12-16,197296.11,10
LEAN_FILTER,2020-12-17,197682.52,10
LEAN_FILTER,2020-12-18,197635.27,10
LEAN_FILTER,2020-12-21,196091.24,10
LEAN_FILTER,2020-12-22,196441.88,10
LEAN_FILTER,2020-12-23,196321.93,10
LEAN_FILTER,2020-12-24,196247.88,10
LEAN_FILTER,2020-12-28,197034.76,10
LEAN_FILTER,2020-12-29,197053.16,10
LEAN_FILTER,2020-12-30,197397.19,10
LEAN_FILTER,2020-12-31,198140.39,10
LEAN_FILTER,2021-01-04,195012.67,10
LEAN_FILTER,2021-01-05,197226.41,10
LEAN_FILTER,2021-01-06,197469.55,10
LEAN_FILTER,2021-01-07,198328.94,10
LEAN_FILTER,2021-01-08,200139.75,10
LEAN_FILTER,2021-01-11,199097.31,10
LEAN_FILTER,2021-01-12,201385.08,10
LEAN_FILTER,2021-01-13,200870.92,10
LEAN_FILTER,2021-01-14,200590.21,10
LEAN_FILTER,2021-01-15,198786.26,10
LEAN_FILTER,2021-01-19,199415.81,10
LEAN_FILTER,2021-01-20,203081.81,10
LEAN_FILTER,2021-01-21,203251.02,10
LEAN_FILTER,2021-01-22,203381.82,10
LEAN_FILTER,2021-01-25,204029.4,10
LEAN_FILTER,2021-01-26,204925.38,10
LEAN_FILTER,2021-01-27,203111.96,10
LEAN_FILTER,2021-01-28,200860.54,10
LEAN_FILTER,2021-01-29,196211.82,10
LEAN_FILTER,2021-02-01,198070.13,8
LEAN_FILTER,2021-02-02,200294.2,9
LEAN_FILTER,2021-02-03,201443.32,10
LEAN_FILTER,2021-02-04,204301.51,10
LEAN_FILTER,2021-02-05,205592.34,10
LEAN_FILTER,2021-02-08,209960.23,10
LEAN_FILTER,2021-02-09,209242.99,10
LEAN_FILTER,2021-02-10,208887.11,7
LEAN_FILTER,2021-02-11,206557.87,8
LEAN_FILTER,2021-02-12,209269.55,9
LEAN_FILTER,2021-02-16,211271.54,10
LEAN_FILTER,2021-02-17,211556.09,10
LEAN_FILTER,2021-02-18,208940.44,10
LEAN_FILTER,2021-02-19,210851.02,10
LEAN_FILTER,2021-02-22,211801.38,10
LEAN_FILTER,2021-02-23,211132.45,10
LEAN_FILTER,2021-02-24,214592.06,10
LEAN_FILTER,2021-02-25,210420.5,10
LEAN_FILTER,2021-02-26,209128.13,7
LEAN_FILTER,2021-03-01,212269.76,7
LEAN_FILTER,2021-03-02,210248.59,10
LEAN_FILTER,2021-03-03,206548.61,10
LEAN_FILTER,2021-03-04,203766.83,10
LEAN_FILTER,2021-03-05,208613.99,10
LEAN_FILTER,2021-03-08,207330.37,10
LEAN_FILTER,2021-03-09,208906.58,10
LEAN_FILTER,2021-03-10,211421.63,10
LEAN_FILTER,2021-03-11,213376.27,10
LEAN_FILTER,2021-03-12,213992.87,10
LEAN_FILTER,2021-03-15,215471.17,10
LEAN_FILTER,2021-03-16,213869.13,10
LEAN_FILTER,2021-03-17,215448.61,10
LEAN_FILTER,2021-03-18,209861.24,10
LEAN_FILTER,2021-03-19,210475.25,10
LEAN_FILTER,2021-03-22,211893.29,10
LEAN_FILTER,2021-03-23,210731.47,10
LEAN_FILTER,2021-03-24,210251.93,10
LEAN_FILTER,2021-03-25,210255.46,10
LEAN_FILTER,2021-03-26,213913.59,10
LEAN_FILTER,2021-03-29,213115.24,10
LEAN_FILTER,2021-03-30,212480.25,10
LEAN_FILTER,2021-03-31,213335.13,10
LEAN_FILTER,2021-04-01,216634.34,10
LEAN_FILTER,2021-04-05,216205.01,10
LEAN_FILTER,2021-04-06,217199.82,10
LEAN_FILTER,2021-04-07,218692.47,10
LEAN_FILTER,2021-04-08,219114.01,10
LEAN_FILTER,2021-04-09,219504.63,10
LEAN_FILTER,2021-04-12,219367.94,10
LEAN_FILTER,2021-04-13,218316.89,10
LEAN_FILTER,2021-04-14,219574.53,10
LEAN_FILTER,2021-04-15,219831.52,10
LEAN_FILTER,2021-04-16,220177.66,10
LEAN_FILTER,2021-04-19,219707.34,10
LEAN_FILTER,2021-04-20,215531.95,10
LEAN_FILTER,2021-04-21,217583.22,10
LEAN_FILTER,2021-04-22,217573.56,10
LEAN_FILTER,2021-04-23,220260.5,10
LEAN_FILTER,2021-04-26,221087.95,10
LEAN_FILTER,2021-04-27,222157.44,10
LEAN_FILTER,2021-04-28,224691.95,10
LEAN_FILTER,2021-04-29,223110.81,10
LEAN_FILTER,2021-04-30,221697.11,10
LEAN_FILTER,2021-05-03,224504.07,10
LEAN_FILTER,2021-05-04,223348.24,10
LEAN_FILTER,2021-05-05,226194.22,9
LEAN_FILTER,2021-05-06,227511.9,9
LEAN_FILTER,2021-05-07,230670.4,10
LEAN_FILTER,2021-05-10,229526.59,10
LEAN_FILTER,2021-05-11,227611.1,10
LEAN_FILTER,2021-05-12,224683.43,7
LEAN_FILTER,2021-05-13,226361.9,7
LEAN_FILTER,2021-05-14,229897.72,7
LEAN_FILTER,2021-05-17,232772.34,8
LEAN_FILTER,2021-05-18,232834.07,8
LEAN_FILTER,2021-05-19,231990.57,10
LEAN_FILTER,2021-05-20,234072.35,10
LEAN_FILTER,2021-05-21,235481.4,10
LEAN_FILTER,2021-05-24,237503.62,10
LEAN_FILTER,2021-05-25,238305.88,10
LEAN_FILTER,2021-05-26,242896.79,10
LEAN_FILTER,2021-05-27,245863.86,10
LEAN_FILTER,2021-05-28,244971.58,10
LEAN_FILTER,2021-06-01,247507.15,10
LEAN_FILTER,2021-06-02,251310.28,10
LEAN_FILTER,2021-06-03,250440.76,10
LEAN_FILTER,2021-06-04,252577.56,7
LEAN_FILTER,2021-06-07,252202.66,9
LEAN_FILTER,2021-06-08,251316.55,9
LEAN_FILTER,2021-06-09,251587.3,10
LEAN_FILTER,2021-06-10,253137.48,10
LEAN_FILTER,2021-06-11,253672.94,10
LEAN_FILTER,2021-06-14,251656.37,9
LEAN_FILTER,2021-06-15,249993.91,8
LEAN_FILTER,2021-06-16,248255.61,10
LEAN_FILTER,2021-06-17,249393.19,10
LEAN_FILTER,2021-06-18,246913.52,10
LEAN_FILTER,2021-06-21,248321.35,10
LEAN_FILTER,2021-06-22,249888.79,10
LEAN_FILTER,2021-06-23,250460.27,10
LEAN_FILTER,2021-06-24,252493.12,10
LEAN_FILTER,2021-06-25,254284.32,10
LEAN_FILTER,2021-06-28,254607.89,10
LEAN_FILTER,2021-06-29,253644.98,10
LEAN_FILTER,2021-06-30,257779.67,10
LEAN_FILTER,2021-07-01,256837.73,10
LEAN_FILTER,2021-07-02,256518.54,10
LEAN_FILTER,2021-07-06,254083.8,10
LEAN_FILTER,2021-07-07,250858.58,10
LEAN_FILTER,2021-07-08,248619.06,9
LEAN_FILTER,2021-07-09,252148.45,10
LEAN_FILTER,2021-07-12,252123.38,10
LEAN_FILTER,2021-07-13,248996.68,10
LEAN_FILTER,2021-07-14,248851.01,10
LEAN_FILTER,2021-07-15,247991.97,10
LEAN_FILTER,2021-07-16,245866.05,10
LEAN_FILTER,2021-07-19,241943.38,10
LEAN_FILTER,2021-07-20,245654.61,10
LEAN_FILTER,2021-07-21,248000.09,10
LEAN_FILTER,2021-07-22,246803.47,10
LEAN_FILTER,2021-07-23,247787.16,10
LEAN_FILTER,2021-07-26,249478.23,10
LEAN_FILTER,2021-07-27,247952.26,10
LEAN_FILTER,2021-07-28,249460.8,10
LEAN_FILTER,2021-07-29,250646.57,10
LEAN_FILTER,2021-07-30,248362.31,10
LEAN_FILTER,2021-08-02,248049.8,10
LEAN_FILTER,2021-08-03,249273.66,10
LEAN_FILTER,2021-08-04,248404.38,10
LEAN_FILTER,2021-08-05,252715.14,10
LEAN_FILTER,2021-08-06,252512.43,10
LEAN_FILTER,2021-08-09,251498.25,10
LEAN_FILTER,2021-08-10,253622.59,10
LEAN_FILTER,2021-08-11,255156.27,10
LEAN_FILTER,2021-08-12,254936.25,10
LEAN_FILTER,2021-08-13,254845.98,10
LEAN_FILTER,2021-08-16,254073.61,10
LEAN_FILTER,2021-08-17,253262.33,10
LEAN_FILTER,2021-08-18,252150.22,10
LEAN_FILTER,2021-08-19,252164.0,9
LEAN_FILTER,2021-08-20,254221.74,10
LEAN_FILTER,2021-08-23,257282.14,10
LEAN_FILTER,2021-08-24,258451.62,10
LEAN_FILTER,2021-08-25,258591.67,10
LEAN_FILTER,2021-08-26,257183.5,10
LEAN_FILTER,2021-08-27,260225.72,10
LEAN_FILTER,2021-08-30,260927.94,10
LEAN_FILTER,2021-08-31,262001.61,10
LEAN_FILTER,2021-09-01,262008.58,10
LEAN_FILTER,2021-09-02,263587.3,10
LEAN_FILTER,2021-09-03,263979.0,10
LEAN_FILTER,2021-09-07,263525.05,10
LEAN_FILTER,2021-09-08,260819.78,10
LEAN_FILTER,2021-09-09,260294.44,10
LEAN_FILTER,2021-09-10,257704.24,10
LEAN_FILTER,2021-09-13,257634.37,10
LEAN_FILTER,2021-09-14,254082.87,10
LEAN_FILTER,2021-09-15,255679.67,10
LEAN_FILTER,2021-09-16,255810.5,10
LEAN_FILTER,2021-09-17,255614.3,10
LEAN_FILTER,2021-09-20,253063.5,10
LEAN_FILTER,2021-09-21,252757.59,10
LEAN_FILTER,2021-09-22,256638.97,10
LEAN_FILTER,2021-09-23,261718.63,10
LEAN_FILTER,2021-09-24,263524.09,10
LEAN_FILTER,2021-09-27,264975.09,10
LEAN_FILTER,2021-09-28,261758.54,10
LEAN_FILTER,2021-09-29,261325.36,10
LEAN_FILTER,2021-09-30,255133.9,10
LEAN_FILTER,2021-10-01,259142.99,10
LEAN_FILTER,2021-10-04,257002.89,10
LEAN_FILTER,2021-10-05,258585.42,10
LEAN_FILTER,2021-10-06,258758.16,10
LEAN_FILTER,2021-10-07,260456.66,10
LEAN_FILTER,2021-10-08,258804.98,10
LEAN_FILTER,2021-10-11,255853.51,10
LEAN_FILTER,2021-10-12,254822.59,10
LEAN_FILTER,2021-10-13,255005.2,10
LEAN_FILTER,2021-10-14,256251.44,10
LEAN_FILTER,2021-10-15,255307.31,10
LEAN_FILTER,2021-10-18,256611.89,10
LEAN_FILTER,2021-10-19,258044.83,10
LEAN_FILTER,2021-10-20,258858.78,10
LEAN_FILTER,2021-10-21,257110.57,10
LEAN_FILTER,2021-10-22,254416.31,10
LEAN_FILTER,2021-10-25,255225.55,10
LEAN_FILTER,2021-10-26,255101.37,10
LEAN_FILTER,2021-10-27,249158.8,10
LEAN_FILTER,2021-10-28,252276.93,10
LEAN_FILTER,2021-10-29,249212.91,10
LEAN_FILTER,2021-11-01,253842.09,9
LEAN_FILTER,2021-11-02,253205.96,10
LEAN_FILTER,2021-11-03,256339.15,10
LEAN_FILTER,2021-11-04,253967.04,10
LEAN_FILTER,2021-11-05,259414.64,10
LEAN_FILTER,2021-11-08,258078.15,10
LEAN_FILTER,2021-11-09,257093.36,9
LEAN_FILTER,2021-11-10,256184.81,10
LEAN_FILTER,2021-11-11,255654.29,10
LEAN_FILTER,2021-11-12,256596.75,10
LEAN_FILTER,2021-11-15,258120.51,10
LEAN_FILTER,2021-11-16,254981.96,10
LEAN_FILTER,2021-11-17,253265.18,10
LEAN_FILTER,2021-11-18,249621.71,10
LEAN_FILTER,2021-11-19,247398.65,10
LEAN_FILTER,2021-11-22,247045.55,10
LEAN_FILTER,2021-11-23,246777.07,10
LEAN_FILTER,2021-11-24,246577.56,10
LEAN_FILTER,2021-11-26,243488.6,10
LEAN_FILTER,2021-11-29,242790.7,10
LEAN_FILTER,2021-11-30,236417.09,10
LEAN_FILTER,2021-12-01,232731.92,10
LEAN_FILTER,2021-12-02,235409.92,10
LEAN_FILTER,2021-12-03,236154.73,10
LEAN_FILTER,2021-12-06,239460.87,10
LEAN_FILTER,2021-12-07,242801.03,10
LEAN_FILTER,2021-12-08,242392.25,10
LEAN_FILTER,2021-12-09,240857.01,10
LEAN_FILTER,2021-12-10,243765.25,10
LEAN_FILTER,2021-12-13,242116.67,10
LEAN_FILTER,2021-12-14,241790.07,10
LEAN_FILTER,2021-12-15,243344.99,10
LEAN_FILTER,2021-12-16,246852.65,10
LEAN_FILTER,2021-12-17,244203.37,10
LEAN_FILTER,2021-12-20,241706.05,10
LEAN_FILTER,2021-12-21,245561.85,10
LEAN_FILTER,2021-12-22,246736.19,10
LEAN_FILTER,2021-12-23,248521.29,10
LEAN_FILTER,2021-12-27,249028.6,10
LEAN_FILTER,2021-12-28,247967.82,10
LEAN_FILTER,2021-12-29,246642.41,10
LEAN_FILTER,2021-12-30,248538.6,10
LEAN_FILTER,2021-12-31,246530.54,10
LEAN_FILTER,2022-01-03,251253.01,10
LEAN_FILTER,2022-01-04,253615.71,10
LEAN_FILTER,2022-01-05,250979.59,10
LEAN_FILTER,2022-01-06,253380.91,9
LEAN_FILTER,2022-01-07,257095.43,9
LEAN_FILTER,2022-01-10,255317.97,10
LEAN_FILTER,2022-01-11,257551.31,10
LEAN_FILTER,2022-01-12,257311.61,10
LEAN_FILTER,2022-01-13,256189.71,10
LEAN_FILTER,2022-01-14,261978.12,10
LEAN_FILTER,2022-01-18,257477.44,10
LEAN_FILTER,2022-01-19,255407.62,10
LEAN_FILTER,2022-01-20,252869.01,10
LEAN_FILTER,2022-01-21,246503.29,10
LEAN_FILTER,2022-01-24,247650.98,8
LEAN_FILTER,2022-01-25,249153.37,8
LEAN_FILTER,2022-01-26,247689.42,9
LEAN_FILTER,2022-01-27,244419.71,9
LEAN_FILTER,2022-01-28,248642.65,10
LEAN_FILTER,2022-01-31,252968.41,10
LEAN_FILTER,2022-02-01,255534.55,10
LEAN_FILTER,2022-02-02,248862.57,10
LEAN_FILTER,2022-02-03,244448.98,10
LEAN_FILTER,2022-02-04,245715.27,10
LEAN_FILTER,2022-02-07,246029.03,10
LEAN_FILTER,2022-02-08,248300.09,10
LEAN_FILTER,2022-02-09,253917.02,10
LEAN_FILTER,2022-02-10,250446.15,10
LEAN_FILTER,2022-02-11,245826.35,9
LEAN_FILTER,2022-02-14,244353.64,10
LEAN_FILTER,2022-02-15,246132.12,10
LEAN_FILTER,2022-02-16,242169.15,10
LEAN_FILTER,2022-02-17,241602.68,10
LEAN_FILTER,2022-02-18,240812.53,10
LEAN_FILTER,2022-02-22,239880.0,10
LEAN_FILTER,2022-02-23,239522.69,10
LEAN_FILTER,2022-02-24,238171.68,10
LEAN_FILTER,2022-02-25,243935.16,10
LEAN_FILTER,2022-02-28,242702.83,10
LEAN_FILTER,2022-03-01,242306.21,10
LEAN_FILTER,2022-03-02,246563.96,10
LEAN_FILTER,2022-03-03,246735.08,10
LEAN_FILTER,2022-03-04,247317.82,10
LEAN_FILTER,2022-03-07,245419.93,10
LEAN_FILTER,2022-03-08,242885.61,10
LEAN_FILTER,2022-03-09,243873.85,7
LEAN_FILTER,2022-03-10,244639.13,8
LEAN_FILTER,2022-03-11,241880.88,9
LEAN_FILTER,2022-03-14,239398.9,8
LEAN_FILTER,2022-03-15,243042.44,9
LEAN_FILTER,2022-03-16,248429.92,10
LEAN_FILTER,2022-03-17,250357.4,10
LEAN_FILTER,2022-03-18,252190.92,10
LEAN_FILTER,2022-03-21,249851.24,10
LEAN_FILTER,2022-03-22,252685.8,10
LEAN_FILTER,2022-03-23,250530.75,10
LEAN_FILTER,2022-03-24,251596.36,7
LEAN_FILTER,2022-03-25,253568.29,10
LEAN_FILTER,2022-03-28,253440.84,10
LEAN_FILTER,2022-03-29,256471.36,9
LEAN_FILTER,2022-03-30,253407.89,10
LEAN_FILTER,2022-03-31,251128.64,10
LEAN_FILTER,2022-04-01,251838.26,8
LEAN_FILTER,2022-04-04,253350.94,8
LEAN_FILTER,2022-04-05,249690.42,7
LEAN_FILTER,2022-04-06,249006.82,7
LEAN_FILTER,2022-04-07,248868.02,7
LEAN_FILTER,2022-04-08,252310.34,8
LEAN_FILTER,2022-04-11,247120.73,10
LEAN_FILTER,2022-04-12,249111.46,9
LEAN_FILTER,2022-04-13,252282.49,8
LEAN_FILTER,2022-04-14,250774.64,10
LEAN_FILTER,2022-04-18,251501.51,10
LEAN_FILTER,2022-04-19,254011.04,10
LEAN_FILTER,2022-04-20,254314.03,10
LEAN_FILTER,2022-04-21,250117.13,10
LEAN_FILTER,2022-04-22,244919.06,10
LEAN_FILTER,2022-04-25,241860.07,10
LEAN_FILTER,2022-04-26,237681.83,10
LEAN_FILTER,2022-04-27,238438.85,8
LEAN_FILTER,2022-04-28,243229.02,8
LEAN_FILTER,2022-04-29,236317.5,10
LEAN_FILTER,2022-05-02,238800.97,10
LEAN_FILTER,2022-05-03,242664.57,10
LEAN_FILTER,2022-05-04,250930.08,10
LEAN_FILTER,2022-05-05,244722.02,10
LEAN_FILTER,2022-05-06,245912.44,9
LEAN_FILTER,2022-05-09,229824.13,10
LEAN_FILTER,2022-05-10,232152.46,10
LEAN_FILTER,2022-05-11,231669.03,10
LEAN_FILTER,2022-05-12,230255.5,10
LEAN_FILTER,2022-05-13,239654.31,10
LEAN_FILTER,2022-05-16,241869.72,10
LEAN_FILTER,2022-05-17,248633.49,10
LEAN_FILTER,2022-05-18,238612.91,10
LEAN_FILTER,2022-05-19,232595.46,6
LEAN_FILTER,2022-05-20,230712.11,8
LEAN_FILTER,2022-05-23,236204.63,9
LEAN_FILTER,2022-05-24,233950.66,10
LEAN_FILTER,2022-05-25,235821.98,9
LEAN_FILTER,2022-05-26,242260.76,10
LEAN_FILTER,2022-05-27,246742.6,10
LEAN_FILTER,2022-05-31,245229.68,10
LEAN_FILTER,2022-06-01,242837.3,10
LEAN_FILTER,2022-06-02,246114.36,7
LEAN_FILTER,2022-06-03,241372.38,10
LEAN_FILTER,2022-06-06,242814.82,9
LEAN_FILTER,2022-06-07,244436.86,9
LEAN_FILTER,2022-06-08,241507.95,10
LEAN_FILTER,2022-06-09,234728.01,8
LEAN_FILTER,2022-06-10,228852.02,8
LEAN_FILTER,2022-06-13,218778.23,8
LEAN_FILTER,2022-06-14,218025.51,8
LEAN_FILTER,2022-06-15,223324.5,8
LEAN_FILTER,2022-06-16,214056.81,8
LEAN_FILTER,2022-06-17,217884.68,8
LEAN_FILTER,2022-06-21,221586.81,8
LEAN_FILTER,2022-06-22,222462.75,10
LEAN_FILTER,2022-06-23,223060.67,10
LEAN_FILTER,2022-06-24,234092.9,10
LEAN_FILTER,2022-06-27,232390.21,10
LEAN_FILTER,2022-06-28,227277.63,9
LEAN_FILTER,2022-06-29,221748.46,9
LEAN_FILTER,2022-06-30,217980.74,10
LEAN_FILTER,2022-07-01,220028.13,10
LEAN_FILTER,2022-07-05,224278.3,10
LEAN_FILTER,2022-07-06,220767.23,10
LEAN_FILTER,2022-07-07,226337.77,10
LEAN_FILTER,2022-07-08,225527.22,10
LEAN_FILTER,2022-07-11,219024.68,10
LEAN_FILTER,2022-07-12,220613.49,9
LEAN_FILTER,2022-07-13,220742.7,9
LEAN_FILTER,2022-07-14,219644.88,10
LEAN_FILTER,2022-07-15,225670.97,10
LEAN_FILTER,2022-07-18,227943.59,10
LEAN_FILTER,2022-07-19,235143.4,10
LEAN_FILTER,2022-07-20,240220.73,10
LEAN_FILTER,2022-07-21,239914.15,10
LEAN_FILTER,2022-07-22,238771.72,10
LEAN_FILTER,2022-07-25,240057.85,10
LEAN_FILTER,2022-07-26,237219.12,10
LEAN_FILTER,2022-07-27,245026.88,10
LEAN_FILTER,2022-07-28,247872.54,10
LEAN_FILTER,2022-07-29,249664.28,10
LEAN_FILTER,2022-08-01,249689.28,10
LEAN_FILTER,2022-08-02,247360.62,10
LEAN_FILTER,2022-08-03,252514.22,9
LEAN_FILTER,2022-08-04,251599.69,9
LEAN_FILTER,2022-08-05,250590.4,8
LEAN_FILTER,2022-08-08,252485.83,9
LEAN_FILTER,2022-08-09,251583.96,10
LEAN_FILTER,2022-08-10,258116.71,10
LEAN_FILTER,2022-08-11,258293.55,10
LEAN_FILTER,2022-08-12,262970.83,10
LEAN_FILTER,2022-08-15,263400.37,10
LEAN_FILTER,2022-08-16,267621.96,10
LEAN_FILTER,2022-08-17,263006.08,9
LEAN_FILTER,2022-08-18,262402.28,8
LEAN_FILTER,2022-08-19,258205.19,10
LEAN_FILTER,2022-08-22,254168.37,7
LEAN_FILTER,2022-08-23,257709.48,7
LEAN_FILTER,2022-08-24,259800.6,7
LEAN_FILTER,2022-08-25,263120.69,7
LEAN_FILTER,2022-08-26,256363.9,8
LEAN_FILTER,2022-08-29,254673.0,7
LEAN_FILTER,2022-08-30,251668.95,7
LEAN_FILTER,2022-08-31,249760.56,7
LEAN_FILTER,2022-09-01,250707.91,6
LEAN_FILTER,2022-09-02,248799.66,7
LEAN_FILTER,2022-09-06,249097.77,7
LEAN_FILTER,2022-09-07,254373.91,7
LEAN_FILTER,2022-09-08,257995.92,10
LEAN_FILTER,2022-09-09,262135.46,10
LEAN_FILTER,2022-09-12,265512.35,10
LEAN_FILTER,2022-09-13,253868.99,10
LEAN_FILTER,2022-09-14,255718.81,8
LEAN_FILTER,2022-09-15,256784.21,10
LEAN_FILTER,2022-09-16,252977.05,10
LEAN_FILTER,2022-09-19,253496.81,9
LEAN_FILTER,2022-09-20,249902.06,9
LEAN_FILTER,2022-09-21,245169.54,9
LEAN_FILTER,2022-09-22,240617.0,9
LEAN_FILTER,2022-09-23,236336.61,10
LEAN_FILTER,2022-09-26,232253.98,10
LEAN_FILTER,2022-09-27,234693.44,10
LEAN_FILTER,2022-09-28,241031.32,10
LEAN_FILTER,2022-09-29,236550.13,10
LEAN_FILTER,2022-09-30,233393.64,10
LEAN_FILTER,2022-10-03,238594.9,10
LEAN_FILTER,2022-10-04,248575.98,10
LEAN_FILTER,2022-10-05,248133.98,10
LEAN_FILTER,2022-10-06,247827.84,10
LEAN_FILTER,2022-10-07,244409.13,10
LEAN_FILTER,2022-10-10,240613.04,10
LEAN_FILTER,2022-10-11,242380.57,10
LEAN_FILTER,2022-10-12,242539.11,10
LEAN_FILTER,2022-10-13,248249.71,10
LEAN_FILTER,2022-10-14,243798.77,10
LEAN_FILTER,2022-10-17,247253.78,10
LEAN_FILTER,2022-10-18,249858.12,10
LEAN_FILTER,2022-10-19,250328.67,10
LEAN_FILTER,2022-10-20,248777.94,10
LEAN_FILTER,2022-10-21,253803.97,10
LEAN_FILTER,2022-10-24,256560.13,10
LEAN_FILTER,2022-10-25,260483.49,10
LEAN_FILTER,2022-10-26,261644.17,10
LEAN_FILTER,2022-10-27,259794.6,10
LEAN_FILTER,2022-10-28,264492.11,9
LEAN_FILTER,2022-10-31,263111.75,10
LEAN_FILTER,2022-11-01,263250.98,10
LEAN_FILTER,2022-11-02,256491.05,10
LEAN_FILTER,2022-11-03,252265.23,6
LEAN_FILTER,2022-11-04,255246.24,6
LEAN_FILTER,2022-11-07,258413.06,7
LEAN_FILTER,2022-11-08,260924.3,8
LEAN_FILTER,2022-11-09,253608.06,10
LEAN_FILTER,2022-11-10,265974.09,8
LEAN_FILTER,2022-11-11,269488.14,10
LEAN_FILTER,2022-11-14,268748.11,10
LEAN_FILTER,2022-11-15,272485.12,10
LEAN_FILTER,2022-11-16,265040.2,10
LEAN_FILTER,2022-11-17,263587.45,6
LEAN_FILTER,2022-11-18,263720.11,6
LEAN_FILTER,2022-11-21,262607.79,7
LEAN_FILTER,2022-11-22,265044.85,6
LEAN_FILTER,2022-11-23,265246.61,7
LEAN_FILTER,2022-11-25,264895.18,9
LEAN_FILTER,2022-11-28,261038.94,9
LEAN_FILTER,2022-11-29,261422.34,9
LEAN_FILTER,2022-11-30,265446.18,10
LEAN_FILTER,2022-12-01,264875.58,10
LEAN_FILTER,2022-12-02,263812.9,10
LEAN_FILTER,2022-12-05,258319.71,10
LEAN_FILTER,2022-12-06,256804.86,8
LEAN_FILTER,2022-12-07,255334.43,8
LEAN_FILTER,2022-12-08,254988.47,8
LEAN_FILTER,2022-12-09,254350.37,8
LEAN_FILTER,2022-12-12,258078.51,7
LEAN_FILTER,2022-12-13,254128.09,10
LEAN_FILTER,2022-12-14,254557.94,10
LEAN_FILTER,2022-12-15,246325.84,10
LEAN_FILTER,2022-12-16,244141.88,9
LEAN_FILTER,2022-12-19,238278.73,9
LEAN_FILTER,2022-12-20,237755.45,9
LEAN_FILTER,2022-12-21,241508.72,10
LEAN_FILTER,2022-12-22,235050.04,10
LEAN_FILTER,2022-12-23,237673.17,10
LEAN_FILTER,2022-12-27,236381.06,10
LEAN_FILTER,2022-12-28,231086.42,10
LEAN_FILTER,2022-12-29,238172.82,10
LEAN_FILTER,2022-12-30,238259.39,10
LEAN_FILTER,2023-01-03,237282.13,10
LEAN_FILTER,2023-01-04,246647.1,10
LEAN_FILTER,2023-01-05,247730.3,10
LEAN_FILTER,2023-01-06,254402.11,10
LEAN_FILTER,2023-01-09,258157.33,10
LEAN_FILTER,2023-01-10,263256.87,10
LEAN_FILTER,2023-01-11,264913.26,10
LEAN_FILTER,2023-01-12,273743.86,10
LEAN_FILTER,2023-01-13,274569.11,10
LEAN_FILTER,2023-01-17,275710.23,10
LEAN_FILTER,2023-01-18,269044.58,8
LEAN_FILTER,2023-01-19,266451.77,8
LEAN_FILTER,2023-01-20,271864.63,9
LEAN_FILTER,2023-01-23,276100.82,9
LEAN_FILTER,2023-01-24,273624.06,10
LEAN_FILTER,2023-01-25,275868.57,9
LEAN_FILTER,2023-01-26,281045.42,10
LEAN_FILTER,2023-01-27,285057.26,10
LEAN_FILTER,2023-01-30,278071.63,10
LEAN_FILTER,2023-01-31,283290.62,10
LEAN_FILTER,2023-02-01,285260.24,10
LEAN_FILTER,2023-02-02,291417.27,10
LEAN_FILTER,2023-02-03,289127.4,10
LEAN_FILTER,2023-02-06,288071.9,10
LEAN_FILTER,2023-02-07,290446.29,10
LEAN_FILTER,2023-02-08,286933.11,10
LEAN_FILTER,2023-02-09,285696.67,10
LEAN_FILTER,2023-02-10,287308.73,10
LEAN_FILTER,2023-02-13,286724.02,10
LEAN_FILTER,2023-02-14,288088.75,10
LEAN_FILTER,2023-02-15,288478.18,10
LEAN_FILTER,2023-02-16,283140.19,10
LEAN_FILTER,2023-02-17,280455.74,10
LEAN_FILTER,2023-02-21,277677.63,10
LEAN_FILTER,2023-02-22,277968.06,10
LEAN_FILTER,2023-02-23,278903.6,10
LEAN_FILTER,2023-02-24,279268.21,10
LEAN_FILTER,2023-02-27,277786.97,10
LEAN_FILTER,2023-02-28,275989.12,10
LEAN_FILTER,2023-03-01,276332.41,10
LEAN_FILTER,2023-03-02,277270.12,10
LEAN_FILTER,2023-03-03,281178.32,10
LEAN_FILTER,2023-03-06,279410.84,10
LEAN_FILTER,2023-03-07,274780.25,10
LEAN_FILTER,2023-03-08,275691.01,10
LEAN_FILTER,2023-03-09,267578.05,10
LEAN_FILTER,2023-03-10,260984.61,10
LEAN_FILTER,2023-03-13,256062.96,10
LEAN_FILTER,2023-03-14,259325.55,10
LEAN_FILTER,2023-03-15,256358.27,10
LEAN_FILTER,2023-03-16,259356.83,10
LEAN_FILTER,2023-03-17,255451.57,10
LEAN_FILTER,2023-03-20,258145.07,10
LEAN_FILTER,2023-03-21,262947.75,10
LEAN_FILTER,2023-03-22,256776.53,10
LEAN_FILTER,2023-03-23,254943.07,10
LEAN_FILTER,2023-03-24,256304.08,10
LEAN_FILTER,2023-03-27,258208.87,10
LEAN_FILTER,2023-03-28,258952.56,10
LEAN_FILTER,2023-03-29,262621.68,10
LEAN_FILTER,2023-03-30,262361.59,10
LEAN_FILTER,2023-03-31,266004.83,10
LEAN_FILTER,2023-04-03,267006.0,10
LEAN_FILTER,2023-04-04,264220.95,10
LEAN_FILTER,2023-04-05,262229.98,7
LEAN_FILTER,2023-04-06,262489.61,8
LEAN_FILTER,2023-04-10,265270.02,8
LEAN_FILTER,2023-04-11,265753.11,8
LEAN_FILTER,2023-04-12,261875.96,8
LEAN_FILTER,2023-04-13,263223.01,7
LEAN_FILTER,2023-04-14,262155.86,10
LEAN_FILTER,2023-04-17,264773.01,10
LEAN_FILTER,2023-04-18,265758.11,10
LEAN_FILTER,2023-04-19,266928.83,10
LEAN_FILTER,2023-04-20,264929.91,10
LEAN_FILTER,2023-04-21,264392.16,10
LEAN_FILTER,2023-04-24,262628.63,10
LEAN_FILTER,2023-04-25,256348.42,9
LEAN_FILTER,2023-04-26,255467.89,9
LEAN_FILTER,2023-04-27,265543.13,10
LEAN_FILTER,2023-04-28,270473.05,10
LEAN_FILTER,2023-05-01,269060.41,10
LEAN_FILTER,2023-05-02,263301.08,10
LEAN_FILTER,2023-05-03,260097.7,10
LEAN_FILTER,2023-05-04,256782.22,10
LEAN_FILTER,2023-05-05,264391.76,10
LEAN_FILTER,2023-05-08,263822.46,10
LEAN_FILTER,2023-05-09,259447.17,10
LEAN_FILTER,2023-05-10,258784.53,10
LEAN_FILTER,2023-05-11,256895.96,10
LEAN_FILTER,2023-05-12,257537.34,10
LEAN_FILTER,2023-05-15,265391.34,10
LEAN_FILTER,2023-05-16,263764.04,10
LEAN_FILTER,2023-05-17,269734.03,10
LEAN_FILTER,2023-05-18,274391.79,10
LEAN_FILTER,2023-05-19,271853.6,10
LEAN_FILTER,2023-05-22,273110.78,10
LEAN_FILTER,2023-05-23,270713.76,10
LEAN_FILTER,2023-05-24,267399.3,10
LEAN_FILTER,2023-05-25,267064.05,10
LEAN_FILTER,2023-05-26,271785.4,10
LEAN_FILTER,2023-05-30,274246.33,10
LEAN_FILTER,2023-05-31,268893.02,10
LEAN_FILTER,2023-06-01,271746.92,10
LEAN_FILTER,2023-06-02,277112.15,10
LEAN_FILTER,2023-06-05,275005.4,10
LEAN_FILTER,2023-06-06,278134.24,10
LEAN_FILTER,2023-06-07,285686.14,10
LEAN_FILTER,2023-06-08,287122.66,10
LEAN_FILTER,2023-06-09,285774.96,9
LEAN_FILTER,2023-06-12,286774.11,9
LEAN_FILTER,2023-06-13,288679.01,10
LEAN_FILTER,2023-06-14,287813.05,10
LEAN_FILTER,2023-06-15,289976.1,10
LEAN_FILTER,2023-06-16,290054.25,10
LEAN_FILTER,2023-06-20,286351.14,10
LEAN_FILTER,2023-06-21,284996.09,10
LEAN_FILTER,2023-06-22,282019.05,8
LEAN_FILTER,2023-06-23,280360.85,9
LEAN_FILTER,2023-06-26,282139.91,9
LEAN_FILTER,2023-06-27,284152.23,9
LEAN_FILTER,2023-06-28,285935.12,10
LEAN_FILTER,2023-06-29,287953.67,10
LEAN_FILTER,2023-06-30,289292.92,10
LEAN_FILTER,2023-07-03,290786.2,10
LEAN_FILTER,2023-07-05,290622.82,10
LEAN_FILTER,2023-07-06,287590.5,10
LEAN_FILTER,2023-07-07,290006.88,9
LEAN_FILTER,2023-07-10,290170.26,10
LEAN_FILTER,2023-07-11,294456.04,10
LEAN_FILTER,2023-07-12,297439.98,10
LEAN_FILTER,2023-07-13,299603.5,10
LEAN_FILTER,2023-07-14,295580.84,10
LEAN_FILTER,2023-07-17,294262.04,10
LEAN_FILTER,2023-07-18,298487.21,10
LEAN_FILTER,2023-07-19,301660.34,10
LEAN_FILTER,2023-07-20,300850.95,10
LEAN_FILTER,2023-07-21,300533.61,10
LEAN_FILTER,2023-07-24,300356.48,10
LEAN_FILTER,2023-07-25,299150.78,10
LEAN_FILTER,2023-07-26,299231.77,9
LEAN_FILTER,2023-07-27,296175.8,9
LEAN_FILTER,2023-07-28,299536.5,10
LEAN_FILTER,2023-07-31,300559.64,10
LEAN_FILTER,2023-08-01,298977.24,10
LEAN_FILTER,2023-08-02,295136.21,10
LEAN_FILTER,2023-08-03,294151.42,9
LEAN_FILTER,2023-08-04,294624.66,10
LEAN_FILTER,2023-08-07,298289.66,10
LEAN_FILTER,2023-08-08,295966.06,10
LEAN_FILTER,2023-08-09,292797.75,9
LEAN_FILTER,2023-08-10,292632.42,8
LEAN_FILTER,2023-08-11,291895.61,8
LEAN_FILTER,2023-08-14,293689.01,10
LEAN_FILTER,2023-08-15,291834.9,10
LEAN_FILTER,2023-08-16,289153.08,10
LEAN_FILTER,2023-08-17,287182.48,10
LEAN_FILTER,2023-08-18,288233.56,10
LEAN_FILTER,2023-08-21,289111.31,10
LEAN_FILTER,2023-08-22,287922.82,10
LEAN_FILTER,2023-08-23,291841.69,10
LEAN_FILTER,2023-08-24,287182.74,10
LEAN_FILTER,2023-08-25,289090.89,9
LEAN_FILTER,2023-08-28,289843.43,10
LEAN_FILTER,2023-08-29,295308.12,10
LEAN_FILTER,2023-08-30,296085.73,10
LEAN_FILTER,2023-08-31,294914.91,10
LEAN_FILTER,2023-09-01,294947.82,10
LEAN_FILTER,2023-09-05,294655.12,10
LEAN_FILTER,2023-09-06,292942.29,10
LEAN_FILTER,2023-09-07,292649.38,10
LEAN_FILTER,2023-09-08,293074.96,10
LEAN_FILTER,2023-09-11,295159.06,10
LEAN_FILTER,2023-09-12,290560.77,10
LEAN_FILTER,2023-09-13,291609.14,10
LEAN_FILTER,2023-09-14,294777.24,9
LEAN_FILTER,2023-09-15,290923.24,10
LEAN_FILTER,2023-09-18,290647.56,10
LEAN_FILTER,2023-09-19,289938.54,10
LEAN_FILTER,2023-09-20,287394.97,10
LEAN_FILTER,2023-09-21,283340.46,10
LEAN_FILTER,2023-09-22,282053.73,10
LEAN_FILTER,2023-09-25,281918.65,9
LEAN_FILTER,2023-09-26,278329.88,9
LEAN_FILTER,2023-09-27,279430.97,9
LEAN_FILTER,2023-09-28,283629.14,10
LEAN_FILTER,2023-09-29,280801.12,10
LEAN_FILTER,2023-10-02,281272.73,10
LEAN_FILTER,2023-10-03,275584.13,10
LEAN_FILTER,2023-10-04,277756.45,10
LEAN_FILTER,2023-10-05,278306.73,10
LEAN_FILTER,2023-10-06,282414.31,10
LEAN_FILTER,2023-10-09,285559.92,10
LEAN_FILTER,2023-10-10,287008.41,10
LEAN_FILTER,2023-10-11,287519.01,10
LEAN_FILTER,2023-10-12,286381.93,10
LEAN_FILTER,2023-10-13,284729.87,10
LEAN_FILTER,2023-10-16,288231.68,10
LEAN_FILTER,2023-10-17,289355.19,10
LEAN_FILTER,2023-10-18,285285.66,10
LEAN_FILTER,2023-10-19,283524.98,10
LEAN_FILTER,2023-10-20,279356.49,10
LEAN_FILTER,2023-10-23,279616.7,10
LEAN_FILTER,2023-10-24,282301.13,9
LEAN_FILTER,2023-10-25,273921.9,9
LEAN_FILTER,2023-10-26,268937.61,9
LEAN_FILTER,2023-10-27,270539.03,10
LEAN_FILTER,2023-10-30,273446.03,10
LEAN_FILTER,2023-10-31,276038.63,10
LEAN_FILTER,2023-11-01,281332.85,10
LEAN_FILTER,2023-11-02,284860.38,10
LEAN_FILTER,2023-11-03,289586.71,10
LEAN_FILTER,2023-11-06,289609.0,10
LEAN_FILTER,2023-11-07,290787.37,10
LEAN_FILTER,2023-11-08,292175.51,10
LEAN_FILTER,2023-11-09,291995.69,10
LEAN_FILTER,2023-11-10,295802.31,9
LEAN_FILTER,2023-11-13,296463.66,10
LEAN_FILTER,2023-11-14,301990.88,10
LEAN_FILTER,2023-11-15,303268.96,10
LEAN_FILTER,2023-11-16,306003.39,10
LEAN_FILTER,2023-11-17,305351.54,10
LEAN_FILTER,2023-11-20,306680.97,10
LEAN_FILTER,2023-11-21,304809.17,10
LEAN_FILTER,2023-11-22,307109.97,10
LEAN_FILTER,2023-11-24,307274.43,10
LEAN_FILTER,2023-11-27,305975.07,8
LEAN_FILTER,2023-11-28,304825.99,5
LEAN_FILTER,2023-11-29,303972.41,4
LEAN_FILTER,2023-11-30,305151.81,5
LEAN_FILTER,2023-12-01,306464.0,8
LEAN_FILTER,2023-12-04,307645.08,9
LEAN_FILTER,2023-12-05,305903.52,9
LEAN_FILTER,2023-12-06,308933.62,10
LEAN_FILTER,2023-12-07,310475.54,10
LEAN_FILTER,2023-12-08,313257.18,10
LEAN_FILTER,2023-12-11,315096.38,10
LEAN_FILTER,2023-12-12,314342.77,10
LEAN_FILTER,2023-12-13,321785.51,10
LEAN_FILTER,2023-12-14,322470.32,10
LEAN_FILTER,2023-12-15,321350.96,10
LEAN_FILTER,2023-12-18,321792.26,8
LEAN_FILTER,2023-12-19,325724.43,10
LEAN_FILTER,2023-12-20,323050.46,10
LEAN_FILTER,2023-12-21,327516.24,8
LEAN_FILTER,2023-12-22,329036.15,10
LEAN_FILTER,2023-12-26,330958.92,10
LEAN_FILTER,2023-12-27,330305.53,10
LEAN_FILTER,2023-12-28,329912.07,8
LEAN_FILTER,2023-12-29,329074.61,7
LEAN_FILTER,2024-01-02,334089.43,8
LEAN_FILTER,2024-01-03,331244.28,10
LEAN_FILTER,2024-01-04,327465.9,9
LEAN_FILTER,2024-01-05,329292.26,9
LEAN_FILTER,2024-01-08,329481.87,9
LEAN_FILTER,2024-01-09,326563.96,10
LEAN_FILTER,2024-01-10,327334.44,10
LEAN_FILTER,2024-01-11,329020.14,10
LEAN_FILTER,2024-01-12,323832.84,10
LEAN_FILTER,2024-01-16,319854.08,10
LEAN_FILTER,2024-01-17,318218.36,10
LEAN_FILTER,2024-01-18,323781.01,10
LEAN_FILTER,2024-01-19,325866.01,10
LEAN_FILTER,2024-01-22,325376.07,10
LEAN_FILTER,2024-01-23,329788.75,10
LEAN_FILTER,2024-01-24,327979.47,10
LEAN_FILTER,2024-01-25,335273.59,10
LEAN_FILTER,2024-01-26,336045.55,10
LEAN_FILTER,2024-01-29,337322.54,10
LEAN_FILTER,2024-01-30,335218.47,10
LEAN_FILTER,2024-01-31,329480.39,10
LEAN_FILTER,2024-02-01,332244.85,9
LEAN_FILTER,2024-02-02,330154.6,10
LEAN_FILTER,2024-02-05,324052.57,10
LEAN_FILTER,2024-02-06,326559.8,10
LEAN_FILTER,2024-02-07,324959.56,10
LEAN_FILTER,2024-02-08,326045.97,10
LEAN_FILTER,2024-02-09,324086.06,10
LEAN_FILTER,2024-02-12,328176.32,10
LEAN_FILTER,2024-02-13,322152.74,10
LEAN_FILTER,2024-02-14,324025.87,10
LEAN_FILTER,2024-02-15,325678.3,10
LEAN_FILTER,2024-02-16,322075.99,10
LEAN_FILTER,2024-02-20,320410.11,10
LEAN_FILTER,2024-02-21,321007.37,10
LEAN_FILTER,2024-02-22,324852.34,10
LEAN_FILTER,2024-02-23,318722.64,10
LEAN_FILTER,2024-02-26,316900.81,10
LEAN_FILTER,2024-02-27,319475.96,10
LEAN_FILTER,2024-02-28,318659.2,10
LEAN_FILTER,2024-02-29,321510.48,10
LEAN_FILTER,2024-03-01,321838.07,10
LEAN_FILTER,2024-03-04,317806.59,10
LEAN_FILTER,2024-03-05,318559.85,10
LEAN_FILTER,2024-03-06,322719.01,10
LEAN_FILTER,2024-03-07,325279.53,10
LEAN_FILTER,2024-03-08,325063.24,10
LEAN_FILTER,2024-03-11,326724.71,10
LEAN_FILTER,2024-03-12,325312.01,10
LEAN_FILTER,2024-03-13,325976.04,10
LEAN_FILTER,2024-03-14,323223.36,10
LEAN_FILTER,2024-03-15,321627.71,10
LEAN_FILTER,2024-03-18,322723.95,10
LEAN_FILTER,2024-03-19,324518.24,10
LEAN_FILTER,2024-03-20,333083.38,10
LEAN_FILTER,2024-03-21,331642.62,10
LEAN_FILTER,2024-03-22,329393.45,10
LEAN_FILTER,2024-03-25,330296.24,9
LEAN_FILTER,2024-03-26,328772.56,10
LEAN_FILTER,2024-03-27,332694.82,10
LEAN_FILTER,2024-03-28,334146.93,10
LEAN_FILTER,2024-04-01,332829.4,10
LEAN_FILTER,2024-04-02,329516.11,9
LEAN_FILTER,2024-04-03,329858.17,9
LEAN_FILTER,2024-04-04,324506.02,10
LEAN_FILTER,2024-04-05,325784.98,9
LEAN_FILTER,2024-04-08,325908.9,10
LEAN_FILTER,2024-04-09,326781.06,10
LEAN_FILTER,2024-04-10,322864.51,10
LEAN_FILTER,2024-04-11,325625.67,10
LEAN_FILTER,2024-04-12,321605.9,10
LEAN_FILTER,2024-04-15,319073.0,10
LEAN_FILTER,2024-04-16,318102.6,10
LEAN_FILTER,2024-04-17,317378.6,10
LEAN_FILTER,2024-04-18,316853.65,10
LEAN_FILTER,2024-04-19,316952.61,10
LEAN_FILTER,2024-04-22,319149.5,10
LEAN_FILTER,2024-04-23,320071.57,10
LEAN_FILTER,2024-04-24,321597.74,10
LEAN_FILTER,2024-04-25,322257.22,10
LEAN_FILTER,2024-04-26,323737.48,10
LEAN_FILTER,2024-04-29,326267.03,10
LEAN_FILTER,2024-04-30,319471.08,10
LEAN_FILTER,2024-05-01,314530.02,10
LEAN_FILTER,2024-05-02,318114.02,10
LEAN_FILTER,2024-05-03,321428.65,10
LEAN_FILTER,2024-05-06,322280.84,10
LEAN_FILTER,2024-05-07,321803.77,10
LEAN_FILTER,2024-05-08,323903.8,10
LEAN_FILTER,2024-05-09,324125.85,10
LEAN_FILTER,2024-05-10,324761.57,10
LEAN_FILTER,2024-05-13,327032.32,10
LEAN_FILTER,2024-05-14,327863.45,10
LEAN_FILTER,2024-05-15,328357.1,10
LEAN_FILTER,2024-05-16,330856.83,10
LEAN_FILTER,2024-05-17,331519.66,10
LEAN_FILTER,2024-05-20,331417.81,10
LEAN_FILTER,2024-05-21,330379.21,10
LEAN_FILTER,2024-05-22,328441.34,10
LEAN_FILTER,2024-05-23,320518.17,10
LEAN_FILTER,2024-05-24,322942.38,9
LEAN_FILTER,2024-05-28,322976.71,9
LEAN_FILTER,2024-05-29,320057.29,9
LEAN_FILTER,2024-05-30,323707.5,9
LEAN_FILTER,2024-05-31,330199.1,10
LEAN_FILTER,2024-06-03,331245.82,10
LEAN_FILTER,2024-06-04,332504.71,10
LEAN_FILTER,2024-06-05,333721.57,10
LEAN_FILTER,2024-06-06,333197.95,10
LEAN_FILTER,2024-06-07,331404.46,10
LEAN_FILTER,2024-06-10,333497.07,10
LEAN_FILTER,2024-06-11,331841.77,10
LEAN_FILTER,2024-06-12,330940.78,10
LEAN_FILTER,2024-06-13,330317.8,10
LEAN_FILTER,2024-06-14,327692.46,10
LEAN_FILTER,2024-06-17,331896.99,10
LEAN_FILTER,2024-06-18,329844.13,10
LEAN_FILTER,2024-06-20,330961.72,10
LEAN_FILTER,2024-06-21,330711.65,10
LEAN_FILTER,2024-06-24,333243.5,10
LEAN_FILTER,2024-06-25,332167.87,10
LEAN_FILTER,2024-06-26,334586.86,10
LEAN_FILTER,2024-06-27,337838.39,10
LEAN_FILTER,2024-06-28,340159.72,10
LEAN_FILTER,2024-07-01,340952.97,10
LEAN_FILTER,2024-07-02,344668.85,10
LEAN_FILTER,2024-07-03,347652.63,10
LEAN_FILTER,2024-07-05,348092.0,10
LEAN_FILTER,2024-07-08,347723.74,8
LEAN_FILTER,2024-07-09,349192.04,7
LEAN_FILTER,2024-07-10,350252.09,8
LEAN_FILTER,2024-07-11,349774.53,10
LEAN_FILTER,2024-07-12,352983.86,10
LEAN_FILTER,2024-07-15,349955.2,10
LEAN_FILTER,2024-07-16,359098.78,10
LEAN_FILTER,2024-07-17,362150.92,10
LEAN_FILTER,2024-07-18,361850.74,10
LEAN_FILTER,2024-07-19,359145.25,9
LEAN_FILTER,2024-07-22,358660.44,7
LEAN_FILTER,2024-07-23,357826.55,9
LEAN_FILTER,2024-07-24,353032.67,8
LEAN_FILTER,2024-07-25,349737.41,7
LEAN_FILTER,2024-07-26,362801.28,8
LEAN_FILTER,2024-07-29,363109.1,9
LEAN_FILTER,2024-07-30,366113.86,10
LEAN_FILTER,2024-07-31,370132.15,10
LEAN_FILTER,2024-08-01,365385.86,10
LEAN_FILTER,2024-08-02,358383.09,10
LEAN_FILTER,2024-08-05,350914.09,10
LEAN_FILTER,2024-08-06,350571.8,9
LEAN_FILTER,2024-08-07,349093.92,10
LEAN_FILTER,2024-08-08,351560.59,10
LEAN_FILTER,2024-08-09,352076.35,10
LEAN_FILTER,2024-08-12,351209.05,10
LEAN_FILTER,2024-08-13,364839.44,10
LEAN_FILTER,2024-08-14,364728.45,10
LEAN_FILTER,2024-08-15,369317.56,10
LEAN_FILTER,2024-08-16,370435.68,10
LEAN_FILTER,2024-08-19,372261.95,10
LEAN_FILTER,2024-08-20,370750.67,10
LEAN_FILTER,2024-08-21,372140.14,10
LEAN_FILTER,2024-08-22,366607.19,10
LEAN_FILTER,2024-08-23,373888.57,10
LEAN_FILTER,2024-08-26,374140.48,10
LEAN_FILTER,2024-08-27,374784.21,10
LEAN_FILTER,2024-08-28,370539.36,9
LEAN_FILTER,2024-08-29,371140.54,9
LEAN_FILTER,2024-08-30,374055.7,10
LEAN_FILTER,2024-09-03,367794.99,10
LEAN_FILTER,2024-09-04,369241.63,10
LEAN_FILTER,2024-09-05,371032.47,10
LEAN_FILTER,2024-09-06,364522.63,10
LEAN_FILTER,2024-09-09,369032.11,9
LEAN_FILTER,2024-09-10,369490.07,10
LEAN_FILTER,2024-09-11,370307.41,10
LEAN_FILTER,2024-09-12,372548.34,10
LEAN_FILTER,2024-09-13,373222.44,10
LEAN_FILTER,2024-09-16,376208.96,10
LEAN_FILTER,2024-09-17,375914.17,10
LEAN_FILTER,2024-09-18,376623.66,10
LEAN_FILTER,2024-09-19,380998.8,10
LEAN_FILTER,2024-09-20,377108.02,10
LEAN_FILTER,2024-09-23,379082.33,10
LEAN_FILTER,2024-09-24,380267.06,10
LEAN_FILTER,2024-09-25,376952.4,10
LEAN_FILTER,2024-09-26,386486.6,10
LEAN_FILTER,2024-09-27,387919.98,10
LEAN_FILTER,2024-09-30,385221.13,10
LEAN_FILTER,2024-10-01,385408.04,10
LEAN_FILTER,2024-10-02,382665.59,8
LEAN_FILTER,2024-10-03,381388.45,8
LEAN_FILTER,2024-10-04,383616.93,8
LEAN_FILTER,2024-10-07,380891.76,10
LEAN_FILTER,2024-10-08,379039.66,10
LEAN_FILTER,2024-10-09,381355.58,10
LEAN_FILTER,2024-10-10,380345.87,10
LEAN_FILTER,2024-10-11,384209.29,10
LEAN_FILTER,2024-10-14,384764.48,10
LEAN_FILTER,2024-10-15,384598.9,10
LEAN_FILTER,2024-10-16,387578.35,10
LEAN_FILTER,2024-10-17,384766.23,10
LEAN_FILTER,2024-10-18,388561.19,10
LEAN_FILTER,2024-10-21,385309.76,10
LEAN_FILTER,2024-10-22,386690.95,10
LEAN_FILTER,2024-10-23,382876.14,10
LEAN_FILTER,2024-10-24,382810.46,10
LEAN_FILTER,2024-10-25,381844.6,10
LEAN_FILTER,2024-10-28,384604.57,10
LEAN_FILTER,2024-10-29,381427.72,10
LEAN_FILTER,2024-10-30,381491.41,10
LEAN_FILTER,2024-10-31,376960.08,10
LEAN_FILTER,2024-11-01,379979.04,10
LEAN_FILTER,2024-11-04,379465.01,10
LEAN_FILTER,2024-11-05,382506.55,10
LEAN_FILTER,2024-11-06,385777.92,10
LEAN_FILTER,2024-11-07,393050.34,10
LEAN_FILTER,2024-11-08,392197.62,10
LEAN_FILTER,2024-11-11,391979.0,10
LEAN_FILTER,2024-11-12,388507.87,10
LEAN_FILTER,2024-11-13,388650.51,10
LEAN_FILTER,2024-11-14,385082.14,10
LEAN_FILTER,2024-11-15,379836.49,10
LEAN_FILTER,2024-11-18,382947.98,10
LEAN_FILTER,2024-11-19,382239.84,10
LEAN_FILTER,2024-11-20,382913.0,10
LEAN_FILTER,2024-11-21,385997.88,10
LEAN_FILTER,2024-11-22,390486.26,10
LEAN_FILTER,2024-11-25,395327.38,10
LEAN_FILTER,2024-11-26,391069.64,10
LEAN_FILTER,2024-11-27,391543.84,10
LEAN_FILTER,2024-11-29,393123.78,10
LEAN_FILTER,2024-12-02,394903.16,10
LEAN_FILTER,2024-12-03,393321.33,10
LEAN_FILTER,2024-12-04,391040.37,10
LEAN_FILTER,2024-12-05,389199.85,10
LEAN_FILTER,2024-12-06,390369.97,10
LEAN_FILTER,2024-12-09,390377.94,10
LEAN_FILTER,2024-12-10,388314.45,10
LEAN_FILTER,2024-12-11,390577.03,9
LEAN_FILTER,2024-12-12,391170.64,10
LEAN_FILTER,2024-12-13,385836.41,10
LEAN_FILTER,2024-12-16,382825.58,10
LEAN_FILTER,2024-12-17,383295.05,10
LEAN_FILTER,2024-12-18,375056.28,10
LEAN_FILTER,2024-12-19,374934.12,9
LEAN_FILTER,2024-12-20,379154.14,9
LEAN_FILTER,2024-12-23,379741.97,10
LEAN_FILTER,2024-12-24,381610.51,10
LEAN_FILTER,2024-12-26,381207.16,10
LEAN_FILTER,2024-12-27,378676.01,10
LEAN_FILTER,2024-12-30,374776.55,10
LEAN_FILTER,2024-12-31,376007.61,10
LEAN_FILTER,2025-01-02,376645.42,10
LEAN_FILTER,2025-01-03,378721.66,10
LEAN_FILTER,2025-01-06,379680.53,10
LEAN_FILTER,2025-01-07,376517.71,10
LEAN_FILTER,2025-01-08,375314.42,10
LEAN_FILTER,2025-01-10,384076.4,10
LEAN_FILTER,2025-01-13,387344.8,10
LEAN_FILTER,2025-01-14,390750.12,10
LEAN_FILTER,2025-01-15,394312.79,10
LEAN_FILTER,2025-01-16,394901.26,10
LEAN_FILTER,2025-01-17,396095.36,10
LEAN_FILTER,2025-01-21,393852.53,10
LEAN_FILTER,2025-01-22,392160.67,10
LEAN_FILTER,2025-01-23,396002.08,10
LEAN_FILTER,2025-01-24,395396.07,10
LEAN_FILTER,2025-01-27,391573.12,10
LEAN_FILTER,2025-01-28,391795.46,10
LEAN_FILTER,2025-01-29,394237.31,10
LEAN_FILTER,2025-01-30,396314.27,10
LEAN_FILTER,2025-01-31,392817.74,10
LEAN_FILTER,2025-02-03,386132.16,10
LEAN_FILTER,2025-02-04,390062.78,9
LEAN_FILTER,2025-02-05,393389.01,10
LEAN_FILTER,2025-02-06,391496.86,10
LEAN_FILTER,2025-02-07,390752.72,10
LEAN_FILTER,2025-02-10,400021.92,10
LEAN_FILTER,2025-02-11,395587.48,10
LEAN_FILTER,2025-02-12,400036.62,10
LEAN_FILTER,2025-02-13,408021.74,10
LEAN_FILTER,2025-02-14,408858.73,10
LEAN_FILTER,2025-02-18,419347.09,10
LEAN_FILTER,2025-02-19,418690.27,10
LEAN_FILTER,2025-02-20,421240.8,10
LEAN_FILTER,2025-02-21,416792.64,10
LEAN_FILTER,2025-02-24,417796.98,10
LEAN_FILTER,2025-02-25,417912.53,10
LEAN_FILTER,2025-02-26,414108.61,10
LEAN_FILTER,2025-02-27,414015.15,10
LEAN_FILTER,2025-02-28,420160.97,10
LEAN_FILTER,2025-03-03,416233.46,10
LEAN_FILTER,2025-03-04,410405.69,10
LEAN_FILTER,2025-03-05,413421.98,10
LEAN_FILTER,2025-03-06,413192.31,10
LEAN_FILTER,2025-03-07,420514.96,10
LEAN_FILTER,2025-03-10,421006.45,10
LEAN_FILTER,2025-03-11,416326.26,10
LEAN_FILTER,2025-03-12,413454.06,10
LEAN_FILTER,2025-03-13,412649.38,9
LEAN_FILTER,2025-03-14,422662.03,10
LEAN_FILTER,2025-03-17,430159.34,10
LEAN_FILTER,2025-03-18,430078.94,10
LEAN_FILTER,2025-03-19,431145.67,10
LEAN_FILTER,2025-03-20,430789.22,10
LEAN_FILTER,2025-03-21,428162.43,10
LEAN_FILTER,2025-03-24,433129.36,10
LEAN_FILTER,2025-03-25,432709.93,10
LEAN_FILTER,2025-03-26,428878.98,10
LEAN_FILTER,2025-03-27,422675.81,10
LEAN_FILTER,2025-03-28,417840.5,10
LEAN_FILTER,2025-03-31,419466.69,10
LEAN_FILTER,2025-04-01,414593.14,10
LEAN_FILTER,2025-04-02,415147.7,10
LEAN_FILTER,2025-04-03,394071.17,10
LEAN_FILTER,2025-04-04,365779.13,10
LEAN_FILTER,2025-04-07,362280.51,10
LEAN_FILTER,2025-04-08,350495.23,10
LEAN_FILTER,2025-04-09,382079.54,10
LEAN_FILTER,2025-04-10,360813.05,10
LEAN_FILTER,2025-04-11,365136.41,10
LEAN_FILTER,2025-04-14,369195.78,10
LEAN_FILTER,2025-04-15,368471.32,10
LEAN_FILTER,2025-04-16,363293.78,10
LEAN_FILTER,2025-04-17,366731.89,10
LEAN_FILTER,2025-04-21,361018.84,10
LEAN_FILTER,2025-04-22,368831.09,10
LEAN_FILTER,2025-04-23,372323.59,10
LEAN_FILTER,2025-04-24,381094.95,10
LEAN_FILTER,2025-04-25,376577.8,10
LEAN_FILTER,2025-04-28,377056.11,10
LEAN_FILTER,2025-04-29,379215.74,10
LEAN_FILTER,2025-04-30,379530.25,10
LEAN_FILTER,2025-05-01,380020.32,10
LEAN_FILTER,2025-05-02,387102.89,10
LEAN_FILTER,2025-05-05,383018.14,10
LEAN_FILTER,2025-05-06,381637.14,9
LEAN_FILTER,2025-05-07,385556.66,7
LEAN_FILTER,2025-05-08,389351.52,6
LEAN_FILTER,2025-05-09,392413.01,8
LEAN_FILTER,2025-05-12,401809.78,9
LEAN_FILTER,2025-05-13,411556.38,10
LEAN_FILTER,2025-05-14,407709.79,9
LEAN_FILTER,2025-05-15,409369.36,10
LEAN_FILTER,2025-05-16,410427.01,10
LEAN_FILTER,2025-05-19,405160.17,10
LEAN_FILTER,2025-05-20,403975.24,10
LEAN_FILTER,2025-05-21,397007.67,10
LEAN_FILTER,2025-05-22,394477.57,8
LEAN_FILTER,2025-05-23,393294.18,8
LEAN_FILTER,2025-05-27,397613.41,10
LEAN_FILTER,2025-05-28,394730.99,10
LEAN_FILTER,2025-05-29,395211.35,10
LEAN_FILTER,2025-05-30,393595.85,10
LEAN_FILTER,2025-06-02,398223.27,10
LEAN_FILTER,2025-06-03,399707.09,10
LEAN_FILTER,2025-06-04,397848.17,10
LEAN_FILTER,2025-06-05,396903.2,10
LEAN_FILTER,2025-06-06,399349.06,10
LEAN_FILTER,2025-06-09,402676.74,10
LEAN_FILTER,2025-06-10,409442.9,10
LEAN_FILTER,2025-06-11,406618.58,10
LEAN_FILTER,2025-06-12,408170.79,10
LEAN_FILTER,2025-06-13,407800.39,10
LEAN_FILTER,2025-06-16,409190.33,10
LEAN_FILTER,2025-06-17,406340.59,10
LEAN_FILTER,2025-06-18,408676.51,10
LEAN_FILTER,2025-06-20,411712.0,10
LEAN_FILTER,2025-06-23,409718.6,10
LEAN_FILTER,2025-06-24,414422.09,10
LEAN_FILTER,2025-06-25,414363.97,10
LEAN_FILTER,2025-06-26,419670.89,10
LEAN_FILTER,2025-06-27,421250.94,10
LEAN_FILTER,2025-06-30,423814.23,10
LEAN_FILTER,2025-07-01,428552.65,10
LEAN_FILTER,2025-07-02,434592.43,10
LEAN_FILTER,2025-07-03,437800.31,10
LEAN_FILTER,2025-07-07,431658.98,10
LEAN_FILTER,2025-07-08,434608.36,8
LEAN_FILTER,2025-07-09,445009.29,10
LEAN_FILTER,2025-07-10,442599.19,10
LEAN_FILTER,2025-07-11,439284.29,10
LEAN_FILTER,2025-07-14,437472.05,9
LEAN_FILTER,2025-07-15,438755.73,10
LEAN_FILTER,2025-07-16,440589.19,10
LEAN_FILTER,2025-07-17,442850.95,10
LEAN_FILTER,2025-07-18,443063.22,10
LEAN_FILTER,2025-07-21,441332.95,10
LEAN_FILTER,2025-07-22,443234.27,10
LEAN_FILTER,2025-07-23,447590.34,10
LEAN_FILTER,2025-07-24,447595.64,10
LEAN_FILTER,2025-07-25,444192.27,10
LEAN_FILTER,2025-07-28,445308.77,10
LEAN_FILTER,2025-07-29,441321.54,10
LEAN_FILTER,2025-07-30,441683.32,10
LEAN_FILTER,2025-07-31,441607.97,10
LEAN_FILTER,2025-08-01,432906.54,10
LEAN_FILTER,2025-08-04,437515.93,9
LEAN_FILTER,2025-08-05,440119.88,10
LEAN_FILTER,2025-08-06,431730.78,10
LEAN_FILTER,2025-08-07,430577.8,10
LEAN_FILTER,2025-08-08,432691.74,10
LEAN_FILTER,2025-08-11,430948.63,10
LEAN_FILTER,2025-08-12,436821.14,10
LEAN_FILTER,2025-08-13,440220.07,10
LEAN_FILTER,2025-08-14,441285.63,10
LEAN_FILTER,2025-08-15,445832.08,10
LEAN_FILTER,2025-08-18,443897.42,10
LEAN_FILTER,2025-08-19,446149.27,10
LEAN_FILTER,2025-08-20,441290.69,10
LEAN_FILTER,2025-08-21,442050.17,10
LEAN_FILTER,2025-08-22,449126.21,10
LEAN_FILTER,2025-08-25,447993.66,10
LEAN_FILTER,2025-08-26,448182.92,9
LEAN_FILTER,2025-08-27,450297.7,9
LEAN_FILTER,2025-08-28,450576.76,10
LEAN_FILTER,2025-08-29,444260.45,10
LEAN_FILTER,2025-09-02,442147.44,9
LEAN_FILTER,2025-09-03,440989.89,10
LEAN_FILTER,2025-09-04,441981.72,10
LEAN_FILTER,2025-09-05,445794.25,10
LEAN_FILTER,2025-09-08,447586.64,10
LEAN_FILTER,2025-09-09,450036.77,10
LEAN_FILTER,2025-09-10,455706.6,10
LEAN_FILTER,2025-09-11,471790.45,10
LEAN_FILTER,2025-09-12,484479.72,10
LEAN_FILTER,2025-09-15,488164.44,10
LEAN_FILTER,2025-09-16,485017.56,10
LEAN_FILTER,2025-09-17,482029.5,10
LEAN_FILTER,2025-09-18,484392.03,10
LEAN_FILTER,2025-09-19,485958.59,10
LEAN_FILTER,2025-09-22,488017.15,10
LEAN_FILTER,2025-09-23,486723.38,10
LEAN_FILTER,2025-09-24,490380.52,10
LEAN_FILTER,2025-09-25,485980.34,10
LEAN_FILTER,2025-09-26,488225.01,10
LEAN_FILTER,2025-09-29,491259.68,10
LEAN_FILTER,2025-09-30,491839.57,10
LEAN_FILTER,2025-10-01,496722.93,10
LEAN_FILTER,2025-10-02,495160.34,10
LEAN_FILTER,2025-10-03,498050.42,10
LEAN_FILTER,2025-10-06,501972.17,10
LEAN_FILTER,2025-10-07,503993.71,10
LEAN_FILTER,2025-10-08,507548.27,10
LEAN_FILTER,2025-10-09,504663.45,10
LEAN_FILTER,2025-10-10,485295.18,10
LEAN_FILTER,2025-10-13,493494.44,10
LEAN_FILTER,2025-10-14,493962.19,10
LEAN_FILTER,2025-10-15,495377.71,10
LEAN_FILTER,2025-10-16,494026.16,10
LEAN_FILTER,2025-10-17,493320.84,10
LEAN_FILTER,2025-10-20,502640.7,10
LEAN_FILTER,2025-10-21,506026.41,10
LEAN_FILTER,2025-10-22,498357.82,10
LEAN_FILTER,2025-10-23,492734.37,10
LEAN_FILTER,2025-10-24,498340.42,10
LEAN_FILTER,2025-10-27,506324.9,10
LEAN_FILTER,2025-10-28,503635.14,10
LEAN_FILTER,2025-10-29,510084.64,10
LEAN_FILTER,2025-10-30,507104.61,10
LEAN_FILTER,2025-10-31,516081.54,10
LEAN_FILTER,2025-11-03,519758.22,10
LEAN_FILTER,2025-11-04,506383.37,9
LEAN_FILTER,2025-11-05,508330.14,9
LEAN_FILTER,2025-11-06,500992.41,10
LEAN_FILTER,2025-11-07,503893.59,10
LEAN_FILTER,2025-11-10,504141.14,10
LEAN_FILTER,2025-11-11,504782.73,10
LEAN_FILTER,2025-11-12,506272.77,10
LEAN_FILTER,2025-11-13,495348.76,10
LEAN_FILTER,2025-11-14,493584.63,10
LEAN_FILTER,2025-11-17,484167.03,10
LEAN_FILTER,2025-11-18,484403.86,8
LEAN_FILTER,2025-11-19,480601.59,10
LEAN_FILTER,2025-11-20,471590.38,10
LEAN_FILTER,2025-11-21,479971.81,10
LEAN_FILTER,2025-11-24,486657.77,10
LEAN_FILTER,2025-11-25,490497.17,10
LEAN_FILTER,2025-11-26,499991.35,10
LEAN_FILTER,2025-11-28,502392.81,10
LEAN_FILTER,2025-12-01,497583.17,10
LEAN_FILTER,2025-12-02,497367.19,10
LEAN_FILTER,2025-12-03,505592.67,10
LEAN_FILTER,2025-12-04,509395.37,10
LEAN_FILTER,2025-12-05,506633.06,10
LEAN_FILTER,2025-12-08,505489.31,10
LEAN_FILTER,2025-12-09,504825.52,10
LEAN_FILTER,2025-12-10,513455.67,10
LEAN_FILTER,2025-12-11,512991.67,10
LEAN_FILTER,2025-12-12,509963.37,10
LEAN_FILTER,2025-12-15,507321.32,9
LEAN_FILTER,2025-12-16,504776.74,8
LEAN_FILTER,2025-12-17,501359.11,8
LEAN_FILTER,2025-12-18,501568.63,9
LEAN_FILTER,2025-12-19,497104.24,10
LEAN_FILTER,2025-12-22,500343.24,10
LEAN_FILTER,2025-12-23,498920.53,10
LEAN_FILTER,2025-12-24,503470.44,10
LEAN_FILTER,2025-12-26,504896.87,10
LEAN_FILTER,2025-12-29,505833.79,10
LEAN_FILTER,2025-12-30,505526.81,10
LEAN_FILTER,2025-12-31,505052.49,10
LEAN_SIZER,2016-01-04,100000.0,0
LEAN_SIZER,2016-01-05,100000.0,0
LEAN_SIZER,2016-01-06,100000.0,0
LEAN_SIZER,2016-01-07,100000.0,0
LEAN_SIZER,2016-01-08,100000.0,0
LEAN_SIZER,2016-01-11,100000.0,0
LEAN_SIZER,2016-01-12,100000.0,0
LEAN_SIZER,2016-01-13,100000.0,0
LEAN_SIZER,2016-01-14,100000.0,0
LEAN_SIZER,2016-01-15,100000.0,0
LEAN_SIZER,2016-01-19,100000.0,0
LEAN_SIZER,2016-01-20,100000.0,0
LEAN_SIZER,2016-01-21,100000.0,0
LEAN_SIZER,2016-01-22,100000.0,0
LEAN_SIZER,2016-01-25,100000.0,0
LEAN_SIZER,2016-01-26,100000.0,0
LEAN_SIZER,2016-01-27,100000.0,0
LEAN_SIZER,2016-01-28,100000.0,0
LEAN_SIZER,2016-01-29,100000.0,0
LEAN_SIZER,2016-02-01,101190.16,8
LEAN_SIZER,2016-02-02,98664.26,8
LEAN_SIZER,2016-02-03,99739.63,8
LEAN_SIZER,2016-02-04,100012.49,9
LEAN_SIZER,2016-02-05,97716.22,9
LEAN_SIZER,2016-02-08,95064.18,8
LEAN_SIZER,2016-02-09,94690.98,9
LEAN_SIZER,2016-02-10,94576.43,9
LEAN_SIZER,2016-02-11,92739.07,10
LEAN_SIZER,2016-02-12,95198.68,9
LEAN_SIZER,2016-02-16,96589.74,10
LEAN_SIZER,2016-02-17,98081.04,10
LEAN_SIZER,2016-02-18,96996.41,10
LEAN_SIZER,2016-02-19,98529.66,10
LEAN_SIZER,2016-02-22,99590.43,10
LEAN_SIZER,2016-02-23,98336.66,10
LEAN_SIZER,2016-02-24,99348.14,10
LEAN_SIZER,2016-02-25,100685.14,10
LEAN_SIZER,2016-02-26,100402.78,10
LEAN_SIZER,2016-02-29,99506.26,10
LEAN_SIZER,2016-03-01,102634.35,10
LEAN_SIZER,2016-03-02,102704.17,10
LEAN_SIZER,2016-03-03,102953.7,10
LEAN_SIZER,2016-03-04,103085.45,10
LEAN_SIZER,2016-03-07,103246.66,10
LEAN_SIZER,2016-03-08,101352.68,10
LEAN_SIZER,2016-03-09,101766.07,3
LEAN_SIZER,2016-03-10,101908.42,3
LEAN_SIZER,2016-03-11,102160.26,3
LEAN_SIZER,2016-03-14,102249.58,6
LEAN_SIZER,2016-03-15,101953.96,6
LEAN_SIZER,2016-03-16,102116.82,6
LEAN_SIZER,2016-03-17,102225.07,8
LEAN_SIZER,2016-03-18,102766.46,8
LEAN_SIZER,2016-03-21,103212.19,8
LEAN_SIZER,2016-03-22,103145.25,8
LEAN_SIZER,2016-03-23,102499.44,8
LEAN_SIZER,2016-03-24,102321.01,7
LEAN_SIZER,2016-03-28,102338.84,7
LEAN_SIZER,2016-03-29,102755.69,7
LEAN_SIZER,2016-03-30,103013.35,10
LEAN_SIZER,2016-03-31,102681.41,10
LEAN_SIZER,2016-04-01,102798.54,10
LEAN_SIZER,2016-04-04,102969.44,10
LEAN_SIZER,2016-04-05,102651.33,10
LEAN_SIZER,2016-04-06,103559.95,10
LEAN_SIZER,2016-04-07,102605.33,10
LEAN_SIZER,2016-04-08,102637.72,9
LEAN_SIZER,2016-04-11,102848.13,10
LEAN_SIZER,2016-04-12,103724.46,10
LEAN_SIZER,2016-04-13,105144.44,10
LEAN_SIZER,2016-04-14,104703.57,10
LEAN_SIZER,2016-04-15,104465.92,10
LEAN_SIZER,2016-04-18,104131.44,10
LEAN_SIZER,2016-04-19,105092.18,10
LEAN_SIZER,2016-04-20,105840.42,10
LEAN_SIZER,2016-04-21,105509.29,10
LEAN_SIZER,2016-04-22,105200.48,10
LEAN_SIZER,2016-04-25,105044.71,8
LEAN_SIZER,2016-04-26,104667.26,7
LEAN_SIZER,2016-04-27,104945.27,7
LEAN_SIZER,2016-04-28,104261.54,10
LEAN_SIZER,2016-04-29,102610.88,10
LEAN_SIZER,2016-05-02,102950.77,10
LEAN_SIZER,2016-05-03,102450.13,10
LEAN_SIZER,2016-05-04,101608.85,10
LEAN_SIZER,2016-05-05,102033.61,10
LEAN_SIZER,2016-05-06,102148.58,10
LEAN_SIZER,2016-05-09,102426.19,10
LEAN_SIZER,2016-05-10,103211.34,10
LEAN_SIZER,2016-05-11,102472.87,10
LEAN_SIZER,2016-05-12,101582.54,10
LEAN_SIZER,2016-05-13,101054.24,10
LEAN_SIZER,2016-05-16,101693.48,10
LEAN_SIZER,2016-05-17,100711.9,10
LEAN_SIZER,2016-05-18,100898.2,10
LEAN_SIZER,2016-05-19,101043.06,10
LEAN_SIZER,2016-05-20,102262.67,10
LEAN_SIZER,2016-05-23,102334.33,10
LEAN_SIZER,2016-05-24,104003.28,10
LEAN_SIZER,2016-05-25,104519.62,10
LEAN_SIZER,2016-05-26,104817.72,10
LEAN_SIZER,2016-05-27,105788.41,10
LEAN_SIZER,2016-05-31,106474.91,10
LEAN_SIZER,2016-06-01,107166.07,10
LEAN_SIZER,2016-06-02,107353.1,10
LEAN_SIZER,2016-06-03,106248.19,10
LEAN_SIZER,2016-06-06,106095.18,10
LEAN_SIZER,2016-06-07,106665.36,10
LEAN_SIZER,2016-06-08,106495.89,10
LEAN_SIZER,2016-06-09,106213.86,10
LEAN_SIZER,2016-06-10,104632.88,10
LEAN_SIZER,2016-06-13,103786.77,8
LEAN_SIZER,2016-06-14,103820.5,8
LEAN_SIZER,2016-06-15,104006.68,9
LEAN_SIZER,2016-06-16,104227.18,9
LEAN_SIZER,2016-06-17,103938.12,10
LEAN_SIZER,2016-06-20,105081.61,10
LEAN_SIZER,2016-06-21,105418.47,10
LEAN_SIZER,2016-06-22,105133.88,10
LEAN_SIZER,2016-06-23,106719.68,10
LEAN_SIZER,2016-06-24,100886.28,10
LEAN_SIZER,2016-06-27,98007.82,10
LEAN_SIZER,2016-06-28,100108.42,10
LEAN_SIZER,2016-06-29,102738.03,10
LEAN_SIZER,2016-06-30,104338.12,10
LEAN_SIZER,2016-07-01,105182.57,10
LEAN_SIZER,2016-07-05,104259.52,10
LEAN_SIZER,2016-07-06,104391.0,10
LEAN_SIZER,2016-07-07,104796.75,10
LEAN_SIZER,2016-07-08,106422.59,10
LEAN_SIZER,2016-07-11,107009.96,10
LEAN_SIZER,2016-07-12,107665.51,10
LEAN_SIZER,2016-07-13,106715.53,10
LEAN_SIZER,2016-07-14,108316.04,10
LEAN_SIZER,2016-07-15,108219.24,10
LEAN_SIZER,2016-07-18,108651.63,10
LEAN_SIZER,2016-07-19,107559.15,10
LEAN_SIZER,2016-07-20,107917.0,10
LEAN_SIZER,2016-07-21,108746.69,10
LEAN_SIZER,2016-07-22,109474.74,10
LEAN_SIZER,2016-07-25,108838.63,10
LEAN_SIZER,2016-07-26,109453.65,10
LEAN_SIZER,2016-07-27,110114.0,9
LEAN_SIZER,2016-07-28,110292.1,9
LEAN_SIZER,2016-07-29,110136.71,10
LEAN_SIZER,2016-08-01,110802.07,10
LEAN_SIZER,2016-08-02,109819.28,10
LEAN_SIZER,2016-08-03,110330.26,10
LEAN_SIZER,2016-08-04,110111.92,10
LEAN_SIZER,2016-08-05,111419.04,10
LEAN_SIZER,2016-08-08,111238.51,10
LEAN_SIZER,2016-08-09,111214.34,10
LEAN_SIZER,2016-08-10,111254.44,10
LEAN_SIZER,2016-08-11,112551.73,10
LEAN_SIZER,2016-08-12,113087.53,10
LEAN_SIZER,2016-08-15,113105.46,10
LEAN_SIZER,2016-08-16,112672.32,10
LEAN_SIZER,2016-08-17,113070.74,10
LEAN_SIZER,2016-08-18,113272.17,10
LEAN_SIZER,2016-08-19,113149.97,10
LEAN_SIZER,2016-08-22,112916.61,10
LEAN_SIZER,2016-08-23,112689.37,10
LEAN_SIZER,2016-08-24,112394.86,10
LEAN_SIZER,2016-08-25,112436.76,10
LEAN_SIZER,2016-08-26,112466.22,10
LEAN_SIZER,2016-08-29,113022.01,10
LEAN_SIZER,2016-08-30,113061.11,10
LEAN_SIZER,2016-08-31,112691.05,10
LEAN_SIZER,2016-09-01,112860.34,10
LEAN_SIZER,2016-09-02,113093.96,10
LEAN_SIZER,2016-09-06,113152.9,10
LEAN_SIZER,2016-09-07,112781.77,10
LEAN_SIZER,2016-09-08,112821.08,10
LEAN_SIZER,2016-09-09,110194.96,10
LEAN_SIZER,2016-09-12,111553.24,10
LEAN_SIZER,2016-09-13,110224.54,10
LEAN_SIZER,2016-09-14,110182.48,10
LEAN_SIZER,2016-09-15,111080.4,10
LEAN_SIZER,2016-09-16,110804.48,10
LEAN_SIZER,2016-09-19,110756.87,10
LEAN_SIZER,2016-09-20,110608.9,10
LEAN_SIZER,2016-09-21,111050.09,10
LEAN_SIZER,2016-09-22,111715.84,10
LEAN_SIZER,2016-09-23,111371.11,10
LEAN_SIZER,2016-09-26,110428.81,10
LEAN_SIZER,2016-09-27,111277.22,10
LEAN_SIZER,2016-09-28,111612.44,10
LEAN_SIZER,2016-09-29,110580.69,10
LEAN_SIZER,2016-09-30,112168.3,10
LEAN_SIZER,2016-10-03,112608.64,10
LEAN_SIZER,2016-10-04,112365.29,10
LEAN_SIZER,2016-10-05,113129.02,10
LEAN_SIZER,2016-10-06,113027.57,10
LEAN_SIZER,2016-10-07,113027.1,10
LEAN_SIZER,2016-10-10,113429.41,9
LEAN_SIZER,2016-10-11,112278.23,10
LEAN_SIZER,2016-10-12,112406.73,10
LEAN_SIZER,2016-10-13,112045.03,10
LEAN_SIZER,2016-10-14,111937.79,10
LEAN_SIZER,2016-10-17,111460.56,10
LEAN_SIZER,2016-10-18,112214.25,10
LEAN_SIZER,2016-10-19,112781.95,10
LEAN_SIZER,2016-10-20,112820.63,10
LEAN_SIZER,2016-10-21,113159.35,10
LEAN_SIZER,2016-10-24,113519.41,10
LEAN_SIZER,2016-10-25,113106.94,10
LEAN_SIZER,2016-10-26,112242.28,10
LEAN_SIZER,2016-10-27,111883.42,10
LEAN_SIZER,2016-10-28,111909.53,10
LEAN_SIZER,2016-10-31,111762.68,10
LEAN_SIZER,2016-11-01,111300.82,10
LEAN_SIZER,2016-11-02,110668.75,10
LEAN_SIZER,2016-11-03,110496.5,10
LEAN_SIZER,2016-11-04,110617.26,10
LEAN_SIZER,2016-11-07,112722.99,10
LEAN_SIZER,2016-11-08,113483.56,10
LEAN_SIZER,2016-11-09,115445.01,10
LEAN_SIZER,2016-11-10,117696.11,10
LEAN_SIZER,2016-11-11,117642.05,10
LEAN_SIZER,2016-11-14,118414.82,10
LEAN_SIZER,2016-11-15,118939.51,10
LEAN_SIZER,2016-11-16,118204.33,10
LEAN_SIZER,2016-11-17,118989.18,10
LEAN_SIZER,2016-11-18,118893.47,10
LEAN_SIZER,2016-11-21,119396.66,10
LEAN_SIZER,2016-11-22,119678.94,10
LEAN_SIZER,2016-11-23,119676.16,10
LEAN_SIZER,2016-11-25,119967.95,10
LEAN_SIZER,2016-11-28,118535.23,10
LEAN_SIZER,2016-11-29,118561.02,10
LEAN_SIZER,2016-11-30,118773.88,10
LEAN_SIZER,2016-12-01,118162.37,10
LEAN_SIZER,2016-12-02,118193.78,10
LEAN_SIZER,2016-12-05,118982.77,10
LEAN_SIZER,2016-12-06,119630.67,10
LEAN_SIZER,2016-12-07,120703.97,10
LEAN_SIZER,2016-12-08,120103.87,10
LEAN_SIZER,2016-12-09,120363.64,10
LEAN_SIZER,2016-12-12,120298.52,10
LEAN_SIZER,2016-12-13,120997.9,10
LEAN_SIZER,2016-12-14,120172.26,10
LEAN_SIZER,2016-12-15,120287.49,10
LEAN_SIZER,2016-12-16,120106.02,10
LEAN_SIZER,2016-12-19,120182.05,10
LEAN_SIZER,2016-12-20,120184.21,10
LEAN_SIZER,2016-12-21,120293.67,10
LEAN_SIZER,2016-12-22,119853.69,10
LEAN_SIZER,2016-12-23,119890.25,10
LEAN_SIZER,2016-12-27,120388.85,10
LEAN_SIZER,2016-12-28,119507.46,10
LEAN_SIZER,2016-12-29,119322.34,9
LEAN_SIZER,2016-12-30,118607.61,9
LEAN_SIZER,2017-01-03,119475.6,10
LEAN_SIZER,2017-01-04,120046.94,10
LEAN_SIZER,2017-01-05,120617.37,10
LEAN_SIZER,2017-01-06,121202.2,10
LEAN_SIZER,2017-01-09,121057.62,10
LEAN_SIZER,2017-01-10,120813.91,10
LEAN_SIZER,2017-01-11,121438.59,10
LEAN_SIZER,2017-01-12,121455.57,10
LEAN_SIZER,2017-01-13,122336.36,10
LEAN_SIZER,2017-01-17,121303.88,10
LEAN_SIZER,2017-01-18,121867.0,10
LEAN_SIZER,2017-01-19,122207.66,10
LEAN_SIZER,2017-01-20,122373.6,10
LEAN_SIZER,2017-01-23,121285.54,10
LEAN_SIZER,2017-01-24,122649.78,10
LEAN_SIZER,2017-01-25,123887.48,10
LEAN_SIZER,2017-01-26,123137.09,10
LEAN_SIZER,2017-01-27,123322.25,10
LEAN_SIZER,2017-01-30,122116.21,10
LEAN_SIZER,2017-01-31,121960.47,10
LEAN_SIZER,2017-02-01,121654.14,9
LEAN_SIZER,2017-02-02,121989.33,10
LEAN_SIZER,2017-02-03,122387.5,10
LEAN_SIZER,2017-02-06,122916.38,10
LEAN_SIZER,2017-02-07,122899.48,10
LEAN_SIZER,2017-02-08,122666.55,10
LEAN_SIZER,2017-02-09,122950.69,10
LEAN_SIZER,2017-02-10,122825.83,10
LEAN_SIZER,2017-02-13,123546.86,10
LEAN_SIZER,2017-02-14,124262.28,10
LEAN_SIZER,2017-02-15,124515.1,10
LEAN_SIZER,2017-02-16,123842.99,10
LEAN_SIZER,2017-02-17,123759.69,8
LEAN_SIZER,2017-02-21,124755.33,9
LEAN_SIZER,2017-02-22,124153.79,10
LEAN_SIZER,2017-02-23,124667.18,10
LEAN_SIZER,2017-02-24,124559.15,10
LEAN_SIZER,2017-02-27,124665.52,10
LEAN_SIZER,2017-02-28,124026.68,10
LEAN_SIZER,2017-03-01,124929.15,10
LEAN_SIZER,2017-03-02,124592.11,10
LEAN_SIZER,2017-03-03,124385.84,10
LEAN_SIZER,2017-03-06,123592.17,10
LEAN_SIZER,2017-03-07,123264.01,10
LEAN_SIZER,2017-03-08,122614.66,10
LEAN_SIZER,2017-03-09,122922.68,10
LEAN_SIZER,2017-03-10,123727.06,10
LEAN_SIZER,2017-03-13,124034.26,10
LEAN_SIZER,2017-03-14,123412.7,10
LEAN_SIZER,2017-03-15,124721.83,10
LEAN_SIZER,2017-03-16,124347.46,10
LEAN_SIZER,2017-03-17,124209.24,10
LEAN_SIZER,2017-03-20,123866.72,10
LEAN_SIZER,2017-03-21,122312.71,10
LEAN_SIZER,2017-03-22,122522.73,10
LEAN_SIZER,2017-03-23,122375.31,10
LEAN_SIZER,2017-03-24,122557.24,10
LEAN_SIZER,2017-03-27,122148.34,10
LEAN_SIZER,2017-03-28,122591.58,10
LEAN_SIZER,2017-03-29,123012.84,10
LEAN_SIZER,2017-03-30,122748.69,10
LEAN_SIZER,2017-03-31,123160.43,10
LEAN_SIZER,2017-04-03,123139.02,10
LEAN_SIZER,2017-04-04,123137.57,10
LEAN_SIZER,2017-04-05,122776.45,10
LEAN_SIZER,2017-04-06,122879.52,10
LEAN_SIZER,2017-04-07,122661.11,10
LEAN_SIZER,2017-04-10,122978.07,10
LEAN_SIZER,2017-04-11,122443.85,10
LEAN_SIZER,2017-04-12,122018.38,10
LEAN_SIZER,2017-04-13,121278.87,10
LEAN_SIZER,2017-04-17,121906.74,10
LEAN_SIZER,2017-04-18,121700.49,10
LEAN_SIZER,2017-04-19,121575.27,10
LEAN_SIZER,2017-04-20,122085.77,10
LEAN_SIZER,2017-04-21,121650.31,10
LEAN_SIZER,2017-04-24,122310.38,10
LEAN_SIZER,2017-04-25,123072.84,10
LEAN_SIZER,2017-04-26,124409.69,10
LEAN_SIZER,2017-04-27,124044.7,10
LEAN_SIZER,2017-04-28,124035.89,10
LEAN_SIZER,2017-05-01,123676.62,9
LEAN_SIZER,2017-05-02,121768.26,10
LEAN_SIZER,2017-05-03,122329.4,10
LEAN_SIZER,2017-05-04,121285.47,10
LEAN_SIZER,2017-05-05,122587.86,10
LEAN_SIZER,2017-05-08,122586.55,10
LEAN_SIZER,2017-05-09,122176.45,10
LEAN_SIZER,2017-05-10,123257.39,10
LEAN_SIZER,2017-05-11,123137.55,10
LEAN_SIZER,2017-05-12,122850.38,10
LEAN_SIZER,2017-05-15,123497.23,10
LEAN_SIZER,2017-05-16,124535.78,10
LEAN_SIZER,2017-05-17,121846.36,10
LEAN_SIZER,2017-05-18,122246.42,9
LEAN_SIZER,2017-05-19,123048.14,9
LEAN_SIZER,2017-05-22,123284.17,10
LEAN_SIZER,2017-05-23,123164.34,10
LEAN_SIZER,2017-05-24,123012.75,10
LEAN_SIZER,2017-05-25,122435.59,10
LEAN_SIZER,2017-05-26,122235.46,10
LEAN_SIZER,2017-05-30,121581.34,10
LEAN_SIZER,2017-05-31,121740.82,10
LEAN_SIZER,2017-06-01,122332.1,10
LEAN_SIZER,2017-06-02,122648.07,10
LEAN_SIZER,2017-06-05,122835.55,10
LEAN_SIZER,2017-06-06,122755.87,10
LEAN_SIZER,2017-06-07,122381.92,10
LEAN_SIZER,2017-06-08,122534.12,10
LEAN_SIZER,2017-06-09,123086.53,10
LEAN_SIZER,2017-06-12,122982.19,10
LEAN_SIZER,2017-06-13,123082.07,10
LEAN_SIZER,2017-06-14,122247.93,10
LEAN_SIZER,2017-06-15,121749.98,10
LEAN_SIZER,2017-06-16,122165.22,10
LEAN_SIZER,2017-06-19,122732.83,10
LEAN_SIZER,2017-06-20,121277.13,10
LEAN_SIZER,2017-06-21,120508.52,10
LEAN_SIZER,2017-06-22,121020.29,10
LEAN_SIZER,2017-06-23,121184.24,10
LEAN_SIZER,2017-06-26,121533.47,10
LEAN_SIZER,2017-06-27,121318.37,10
LEAN_SIZER,2017-06-28,122594.3,10
LEAN_SIZER,2017-06-29,122630.49,10
LEAN_SIZER,2017-06-30,122989.51,10
LEAN_SIZER,2017-07-03,123890.92,10
LEAN_SIZER,2017-07-05,123633.88,10
LEAN_SIZER,2017-07-06,122027.68,10
LEAN_SIZER,2017-07-07,122198.77,9
LEAN_SIZER,2017-07-10,122506.79,10
LEAN_SIZER,2017-07-11,122558.98,10
LEAN_SIZER,2017-07-12,123129.81,10
LEAN_SIZER,2017-07-13,123499.87,10
LEAN_SIZER,2017-07-14,124223.54,10
LEAN_SIZER,2017-07-17,124181.73,10
LEAN_SIZER,2017-07-18,124267.12,10
LEAN_SIZER,2017-07-19,125243.42,10
LEAN_SIZER,2017-07-20,125901.55,10
LEAN_SIZER,2017-07-21,125855.43,10
LEAN_SIZER,2017-07-24,125166.41,10
LEAN_SIZER,2017-07-25,125305.52,9
LEAN_SIZER,2017-07-26,125631.11,10
LEAN_SIZER,2017-07-27,126821.72,10
LEAN_SIZER,2017-07-28,126074.55,10
LEAN_SIZER,2017-07-31,125828.64,10
LEAN_SIZER,2017-08-01,126550.86,10
LEAN_SIZER,2017-08-02,126611.03,9
LEAN_SIZER,2017-08-03,126227.2,10
LEAN_SIZER,2017-08-04,127102.9,10
LEAN_SIZER,2017-08-07,127237.82,10
LEAN_SIZER,2017-08-08,127099.71,10
LEAN_SIZER,2017-08-09,126383.38,10
LEAN_SIZER,2017-08-10,124996.88,8
LEAN_SIZER,2017-08-11,124755.64,7
LEAN_SIZER,2017-08-14,125925.52,7
LEAN_SIZER,2017-08-15,125920.51,10
LEAN_SIZER,2017-08-16,126253.13,10
LEAN_SIZER,2017-08-17,124072.5,10
LEAN_SIZER,2017-08-18,124246.95,10
LEAN_SIZER,2017-08-21,123745.33,10
LEAN_SIZER,2017-08-22,125764.2,10
LEAN_SIZER,2017-08-23,125234.6,10
LEAN_SIZER,2017-08-24,125243.68,9
LEAN_SIZER,2017-08-25,125588.21,10
LEAN_SIZER,2017-08-28,125173.51,10
LEAN_SIZER,2017-08-29,125102.57,10
LEAN_SIZER,2017-08-30,125595.78,10
LEAN_SIZER,2017-08-31,125768.14,10
LEAN_SIZER,2017-09-01,126202.53,10
LEAN_SIZER,2017-09-05,124645.63,10
LEAN_SIZER,2017-09-06,126002.56,10
LEAN_SIZER,2017-09-07,125502.49,10
LEAN_SIZER,2017-09-08,124977.54,10
LEAN_SIZER,2017-09-11,126234.7,10
LEAN_SIZER,2017-09-12,127422.92,10
LEAN_SIZER,2017-09-13,128023.05,10
LEAN_SIZER,2017-09-14,127871.0,10
LEAN_SIZER,2017-09-15,128483.84,10
LEAN_SIZER,2017-09-18,128523.16,10
LEAN_SIZER,2017-09-19,128874.65,10
LEAN_SIZER,2017-09-20,129596.35,10
LEAN_SIZER,2017-09-21,129706.77,10
LEAN_SIZER,2017-09-22,129962.59,10
LEAN_SIZER,2017-09-25,130222.3,10
LEAN_SIZER,2017-09-26,130849.92,10
LEAN_SIZER,2017-09-27,131471.17,10
LEAN_SIZER,2017-09-28,131166.69,10
LEAN_SIZER,2017-09-29,131508.05,10
LEAN_SIZER,2017-10-02,131415.55,10
LEAN_SIZER,2017-10-03,131103.53,10
LEAN_SIZER,2017-10-04,131170.01,10
LEAN_SIZER,2017-10-05,131864.9,10
LEAN_SIZER,2017-10-06,131808.5,10
LEAN_SIZER,2017-10-09,131602.93,10
LEAN_SIZER,2017-10-10,132343.38,10
LEAN_SIZER,2017-10-11,132996.54,10
LEAN_SIZER,2017-10-12,133557.96,10
LEAN_SIZER,2017-10-13,134136.24,10
LEAN_SIZER,2017-10-16,134091.09,10
LEAN_SIZER,2017-10-17,133979.43,10
LEAN_SIZER,2017-10-18,133274.74,10
LEAN_SIZER,2017-10-19,132909.48,10
LEAN_SIZER,2017-10-20,132226.67,10
LEAN_SIZER,2017-10-23,131851.75,10
LEAN_SIZER,2017-10-24,132031.71,10
LEAN_SIZER,2017-10-25,128350.22,10
LEAN_SIZER,2017-10-26,128330.89,10
LEAN_SIZER,2017-10-27,127986.52,10
LEAN_SIZER,2017-10-30,126229.65,10
LEAN_SIZER,2017-10-31,126098.79,9
LEAN_SIZER,2017-11-01,125832.76,10
LEAN_SIZER,2017-11-02,124093.74,10
LEAN_SIZER,2017-11-03,124872.89,10
LEAN_SIZER,2017-11-06,125329.63,10
LEAN_SIZER,2017-11-07,125804.51,10
LEAN_SIZER,2017-11-08,125553.84,10
LEAN_SIZER,2017-11-09,124019.47,10
LEAN_SIZER,2017-11-10,123951.28,10
LEAN_SIZER,2017-11-13,124220.28,10
LEAN_SIZER,2017-11-14,123643.14,10
LEAN_SIZER,2017-11-15,123601.19,10
LEAN_SIZER,2017-11-16,124451.51,10
LEAN_SIZER,2017-11-17,124447.95,10
LEAN_SIZER,2017-11-20,124454.09,10
LEAN_SIZER,2017-11-21,124353.41,10
LEAN_SIZER,2017-11-22,124886.27,10
LEAN_SIZER,2017-11-24,124744.07,10
LEAN_SIZER,2017-11-27,125159.17,10
LEAN_SIZER,2017-11-28,126609.18,10
LEAN_SIZER,2017-11-29,128680.69,10
LEAN_SIZER,2017-11-30,129544.85,10
LEAN_SIZER,2017-12-01,130199.36,10
LEAN_SIZER,2017-12-04,131328.54,10
LEAN_SIZER,2017-12-05,129943.62,10
LEAN_SIZER,2017-12-06,129217.91,9
LEAN_SIZER,2017-12-07,129401.31,9
LEAN_SIZER,2017-12-08,130097.08,10
LEAN_SIZER,2017-12-11,130728.86,10
LEAN_SIZER,2017-12-12,131408.0,10
LEAN_SIZER,2017-12-13,131946.7,10
LEAN_SIZER,2017-12-14,131583.69,10
LEAN_SIZER,2017-12-15,131956.73,9
LEAN_SIZER,2017-12-18,133565.21,10
LEAN_SIZER,2017-12-19,133151.22,10
LEAN_SIZER,2017-12-20,133813.57,10
LEAN_SIZER,2017-12-21,133807.53,10
LEAN_SIZER,2017-12-22,133428.59,10
LEAN_SIZER,2017-12-26,132964.53,10
LEAN_SIZER,2017-12-27,133093.27,10
LEAN_SIZER,2017-12-28,133728.5,10
LEAN_SIZER,2017-12-29,132745.19,10
LEAN_SIZER,2018-01-02,136060.29,10
LEAN_SIZER,2018-01-03,137697.6,10
LEAN_SIZER,2018-01-04,139224.71,10
LEAN_SIZER,2018-01-05,139335.09,10
LEAN_SIZER,2018-01-08,140181.28,10
LEAN_SIZER,2018-01-09,138860.25,9
LEAN_SIZER,2018-01-10,138571.05,8
LEAN_SIZER,2018-01-11,140402.34,8
LEAN_SIZER,2018-01-12,141603.26,8
LEAN_SIZER,2018-01-16,140149.22,8
LEAN_SIZER,2018-01-17,141065.29,8
LEAN_SIZER,2018-01-18,141733.11,10
LEAN_SIZER,2018-01-19,142539.6,10
LEAN_SIZER,2018-01-22,143448.32,10
LEAN_SIZER,2018-01-23,145106.51,10
LEAN_SIZER,2018-01-24,145775.21,10
LEAN_SIZER,2018-01-25,145101.15,9
LEAN_SIZER,2018-01-26,147082.79,8
LEAN_SIZER,2018-01-29,147553.45,10
LEAN_SIZER,2018-01-30,145052.49,10
LEAN_SIZER,2018-01-31,144491.79,9
LEAN_SIZER,2018-02-01,143759.95,9
LEAN_SIZER,2018-02-02,142289.23,10
LEAN_SIZER,2018-02-05,137629.97,9
LEAN_SIZER,2018-02-06,140364.52,8
LEAN_SIZER,2018-02-07,139870.83,8
LEAN_SIZER,2018-02-08,135795.51,9
LEAN_SIZER,2018-02-09,136749.67,9
LEAN_SIZER,2018-02-12,138038.97,9
LEAN_SIZER,2018-02-13,138593.21,10
LEAN_SIZER,2018-02-14,140750.52,10
LEAN_SIZER,2018-02-15,143928.03,10
LEAN_SIZER,2018-02-16,144256.58,10
LEAN_SIZER,2018-02-20,143185.71,10
LEAN_SIZER,2018-02-21,142188.77,10
LEAN_SIZER,2018-02-22,142104.42,10
LEAN_SIZER,2018-02-23,144397.78,10
LEAN_SIZER,2018-02-26,146915.99,10
LEAN_SIZER,2018-02-27,145838.72,10
LEAN_SIZER,2018-02-28,144273.93,9
LEAN_SIZER,2018-03-01,143824.53,9
LEAN_SIZER,2018-03-02,144873.11,10
LEAN_SIZER,2018-03-05,147045.35,10
LEAN_SIZER,2018-03-06,146881.7,10
LEAN_SIZER,2018-03-07,145624.61,10
LEAN_SIZER,2018-03-08,145426.25,9
LEAN_SIZER,2018-03-09,146646.88,10
LEAN_SIZER,2018-03-12,147055.15,10
LEAN_SIZER,2018-03-13,146668.07,10
LEAN_SIZER,2018-03-14,146348.64,10
LEAN_SIZER,2018-03-15,145582.1,10
LEAN_SIZER,2018-03-16,146472.07,10
LEAN_SIZER,2018-03-19,144474.89,10
LEAN_SIZER,2018-03-20,143967.96,9
LEAN_SIZER,2018-03-21,143975.16,10
LEAN_SIZER,2018-03-22,141760.82,10
LEAN_SIZER,2018-03-23,139520.79,10
LEAN_SIZER,2018-03-26,142819.25,10
LEAN_SIZER,2018-03-27,140714.37,10
LEAN_SIZER,2018-03-28,142066.47,10
LEAN_SIZER,2018-03-29,143055.94,10
LEAN_SIZER,2018-04-02,139202.05,10
LEAN_SIZER,2018-04-03,140604.1,10
LEAN_SIZER,2018-04-04,143721.16,10
LEAN_SIZER,2018-04-05,144179.2,10
LEAN_SIZER,2018-04-06,141367.0,10
LEAN_SIZER,2018-04-09,141300.89,9
LEAN_SIZER,2018-04-10,143289.46,10
LEAN_SIZER,2018-04-11,142839.6,10
LEAN_SIZER,2018-04-12,143200.11,10
LEAN_SIZER,2018-04-13,142783.09,10
LEAN_SIZER,2018-04-16,144107.46,10
LEAN_SIZER,2018-04-17,146956.81,10
LEAN_SIZER,2018-04-18,147062.97,10
LEAN_SIZER,2018-04-19,144796.34,10
LEAN_SIZER,2018-04-20,143330.26,10
LEAN_SIZER,2018-04-23,142780.89,10
LEAN_SIZER,2018-04-24,141966.08,10
LEAN_SIZER,2018-04-25,142855.14,9
LEAN_SIZER,2018-04-26,146870.91,9
LEAN_SIZER,2018-04-27,147294.14,10
LEAN_SIZER,2018-04-30,144364.39,10
LEAN_SIZER,2018-05-01,145875.53,10
LEAN_SIZER,2018-05-02,144404.37,10
LEAN_SIZER,2018-05-03,144330.03,10
LEAN_SIZER,2018-05-04,146995.33,10
LEAN_SIZER,2018-05-07,148431.39,10
LEAN_SIZER,2018-05-08,147326.07,10
LEAN_SIZER,2018-05-09,148312.72,10
LEAN_SIZER,2018-05-10,150136.81,10
LEAN_SIZER,2018-05-11,150309.2,10
LEAN_SIZER,2018-05-14,151027.04,10
LEAN_SIZER,2018-05-15,150062.33,10
LEAN_SIZER,2018-05-16,151726.41,10
LEAN_SIZER,2018-05-17,151149.4,10
LEAN_SIZER,2018-05-18,149646.9,10
LEAN_SIZER,2018-05-21,150858.61,8
LEAN_SIZER,2018-05-22,152074.66,8
LEAN_SIZER,2018-05-23,152409.72,8
LEAN_SIZER,2018-05-24,152841.78,10
LEAN_SIZER,2018-05-25,152644.0,10
LEAN_SIZER,2018-05-29,152057.27,10
LEAN_SIZER,2018-05-30,152999.04,10
LEAN_SIZER,2018-05-31,150134.58,10
LEAN_SIZER,2018-06-01,150809.95,9
LEAN_SIZER,2018-06-04,150998.09,10
LEAN_SIZER,2018-06-05,151084.88,10
LEAN_SIZER,2018-06-06,152904.76,10
LEAN_SIZER,2018-06-07,153110.1,10
LEAN_SIZER,2018-06-08,154270.33,10
LEAN_SIZER,2018-06-11,154496.18,10
LEAN_SIZER,2018-06-12,155301.13,9
LEAN_SIZER,2018-06-13,155270.93,10
LEAN_SIZER,2018-06-14,155898.42,10
LEAN_SIZER,2018-06-15,155117.62,10
LEAN_SIZER,2018-06-18,154464.43,10
LEAN_SIZER,2018-06-19,154147.33,10
LEAN_SIZER,2018-06-20,155338.06,10
LEAN_SIZER,2018-06-21,153466.88,10
LEAN_SIZER,2018-06-22,155090.76,10
LEAN_SIZER,2018-06-25,152315.28,10
LEAN_SIZER,2018-06-26,152670.51,10
LEAN_SIZER,2018-06-27,152005.89,10
LEAN_SIZER,2018-06-28,152294.78,10
LEAN_SIZER,2018-06-29,153040.65,10
LEAN_SIZER,2018-07-02,152548.46,10
LEAN_SIZER,2018-07-03,153191.95,10
LEAN_SIZER,2018-07-05,154407.36,10
LEAN_SIZER,2018-07-06,156237.15,10
LEAN_SIZER,2018-07-09,157990.9,10
LEAN_SIZER,2018-07-10,158462.53,10
LEAN_SIZER,2018-07-11,157215.62,10
LEAN_SIZER,2018-07-12,157768.34,10
LEAN_SIZER,2018-07-13,158166.25,10
LEAN_SIZER,2018-07-16,156379.98,10
LEAN_SIZER,2018-07-17,156532.23,10
LEAN_SIZER,2018-07-18,156510.31,10
LEAN_SIZER,2018-07-19,157112.57,10
LEAN_SIZER,2018-07-20,157391.11,10
LEAN_SIZER,2018-07-23,157948.44,10
LEAN_SIZER,2018-07-24,157894.67,10
LEAN_SIZER,2018-07-25,158970.91,10
LEAN_SIZER,2018-07-26,159245.31,10
LEAN_SIZER,2018-07-27,159359.5,10
LEAN_SIZER,2018-07-30,159136.35,10
LEAN_SIZER,2018-07-31,158533.86,10
LEAN_SIZER,2018-08-01,157999.58,10
LEAN_SIZER,2018-08-02,160571.74,10
LEAN_SIZER,2018-08-03,160638.79,10
LEAN_SIZER,2018-08-06,160355.37,9
LEAN_SIZER,2018-08-07,160320.13,10
LEAN_SIZER,2018-08-08,159551.38,10
LEAN_SIZER,2018-08-09,158369.06,10
LEAN_SIZER,2018-08-10,157717.33,10
LEAN_SIZER,2018-08-13,155287.51,10
LEAN_SIZER,2018-08-14,156182.64,9
LEAN_SIZER,2018-08-15,155957.35,10
LEAN_SIZER,2018-08-16,155618.1,10
LEAN_SIZER,2018-08-17,154908.76,10
LEAN_SIZER,2018-08-20,155366.53,10
LEAN_SIZER,2018-08-21,156454.41,10
LEAN_SIZER,2018-08-22,156876.91,10
LEAN_SIZER,2018-08-23,156628.2,10
LEAN_SIZER,2018-08-24,156795.43,10
LEAN_SIZER,2018-08-27,158750.62,10
LEAN_SIZER,2018-08-28,158153.73,10
LEAN_SIZER,2018-08-29,159425.02,10
LEAN_SIZER,2018-08-30,157889.63,10
LEAN_SIZER,2018-08-31,157356.29,9
LEAN_SIZER,2018-09-04,156298.35,10
LEAN_SIZER,2018-09-05,155560.14,10
LEAN_SIZER,2018-09-06,153965.88,10
LEAN_SIZER,2018-09-07,153020.87,10
LEAN_SIZER,2018-09-10,153129.16,10
LEAN_SIZER,2018-09-11,152783.1,10
LEAN_SIZER,2018-09-12,153342.13,10
LEAN_SIZER,2018-09-13,154234.9,10
LEAN_SIZER,2018-09-14,154350.76,10
LEAN_SIZER,2018-09-17,153673.87,10
LEAN_SIZER,2018-09-18,154671.85,10
LEAN_SIZER,2018-09-19,156240.83,10
LEAN_SIZER,2018-09-20,157193.76,10
LEAN_SIZER,2018-09-21,157029.81,10
LEAN_SIZER,2018-09-24,154807.26,10
LEAN_SIZER,2018-09-25,152904.98,10
LEAN_SIZER,2018-09-26,152114.92,10
LEAN_SIZER,2018-09-27,152003.94,10
LEAN_SIZER,2018-09-28,152510.98,10
LEAN_SIZER,2018-10-01,154059.74,10
LEAN_SIZER,2018-10-02,154901.95,10
LEAN_SIZER,2018-10-03,155191.42,10
LEAN_SIZER,2018-10-04,152254.87,10
LEAN_SIZER,2018-10-05,151456.79,10
LEAN_SIZER,2018-10-08,153170.12,10
LEAN_SIZER,2018-10-09,151554.77,10
LEAN_SIZER,2018-10-10,147426.8,10
LEAN_SIZER,2018-10-11,143506.73,10
LEAN_SIZER,2018-10-12,142934.23,9
LEAN_SIZER,2018-10-15,142901.7,10
LEAN_SIZER,2018-10-16,145121.73,10
LEAN_SIZER,2018-10-17,145952.17,10
LEAN_SIZER,2018-10-18,142522.34,10
LEAN_SIZER,2018-10-19,142171.18,10
LEAN_SIZER,2018-10-22,139745.64,10
LEAN_SIZER,2018-10-23,139893.72,10
LEAN_SIZER,2018-10-24,134691.99,10
LEAN_SIZER,2018-10-25,138642.32,10
LEAN_SIZER,2018-10-26,136839.36,10
LEAN_SIZER,2018-10-29,137637.33,10
LEAN_SIZER,2018-10-30,140271.39,10
LEAN_SIZER,2018-10-31,142447.89,10
LEAN_SIZER,2018-11-01,144673.44,10
LEAN_SIZER,2018-11-02,145396.37,10
LEAN_SIZER,2018-11-05,146666.77,10
LEAN_SIZER,2018-11-06,148134.27,10
LEAN_SIZER,2018-11-07,145611.78,10
LEAN_SIZER,2018-11-08,144584.19,10
LEAN_SIZER,2018-11-09,144130.44,10
LEAN_SIZER,2018-11-12,143021.09,8
LEAN_SIZER,2018-11-13,142108.93,6
LEAN_SIZER,2018-11-14,142380.84,6
LEAN_SIZER,2018-11-15,143601.52,6
LEAN_SIZER,2018-11-16,144573.89,7
LEAN_SIZER,2018-11-19,143858.59,7
LEAN_SIZER,2018-11-20,142263.01,7
LEAN_SIZER,2018-11-21,142269.09,9
LEAN_SIZER,2018-11-23,140819.93,10
LEAN_SIZER,2018-11-26,143342.72,10
LEAN_SIZER,2018-11-27,143836.9,10
LEAN_SIZER,2018-11-28,146265.22,10
LEAN_SIZER,2018-11-29,145923.17,10
LEAN_SIZER,2018-11-30,146793.28,10
LEAN_SIZER,2018-12-03,148962.71,10
LEAN_SIZER,2018-12-04,143584.97,10
LEAN_SIZER,2018-12-06,142093.57,6
LEAN_SIZER,2018-12-07,138330.29,9
LEAN_SIZER,2018-12-10,139273.04,9
LEAN_SIZER,2018-12-11,139381.47,9
LEAN_SIZER,2018-12-12,140815.27,9
LEAN_SIZER,2018-12-13,140099.45,9
LEAN_SIZER,2018-12-14,137599.02,9
LEAN_SIZER,2018-12-17,133824.86,9
LEAN_SIZER,2018-12-18,134659.56,9
LEAN_SIZER,2018-12-19,130580.02,9
LEAN_SIZER,2018-12-20,128438.08,9
LEAN_SIZER,2018-12-21,125392.9,9
LEAN_SIZER,2018-12-24,122116.69,9
LEAN_SIZER,2018-12-26,129190.78,9
LEAN_SIZER,2018-12-27,129516.34,9
LEAN_SIZER,2018-12-28,129575.78,9
LEAN_SIZER,2018-12-31,130551.87,9
LEAN_SIZER,2019-01-02,132613.8,9
LEAN_SIZER,2019-01-03,128779.88,9
LEAN_SIZER,2019-01-04,133414.08,9
LEAN_SIZER,2019-01-07,135702.15,9
LEAN_SIZER,2019-01-08,137412.2,9
LEAN_SIZER,2019-01-09,138077.11,9
LEAN_SIZER,2019-01-10,138982.44,9
LEAN_SIZER,2019-01-11,138765.92,9
LEAN_SIZER,2019-01-14,138169.94,9
LEAN_SIZER,2019-01-15,139473.38,9
LEAN_SIZER,2019-01-16,139421.09,10
LEAN_SIZER,2019-01-17,140473.81,9
LEAN_SIZER,2019-01-18,142224.85,10
LEAN_SIZER,2019-01-22,140137.92,10
LEAN_SIZER,2019-01-23,139055.6,8
LEAN_SIZER,2019-01-24,139437.03,8
LEAN_SIZER,2019-01-25,139036.55,9
LEAN_SIZER,2019-01-28,139131.82,10
LEAN_SIZER,2019-01-29,138673.68,10
LEAN_SIZER,2019-01-30,140855.35,10
LEAN_SIZER,2019-01-31,141219.62,10
LEAN_SIZER,2019-02-01,142676.01,10
LEAN_SIZER,2019-02-04,143982.77,10
LEAN_SIZER,2019-02-05,144687.45,10
LEAN_SIZER,2019-02-06,144203.42,10
LEAN_SIZER,2019-02-07,142844.75,8
LEAN_SIZER,2019-02-08,142409.23,10
LEAN_SIZER,2019-02-11,142460.69,10
LEAN_SIZER,2019-02-12,144890.5,9
LEAN_SIZER,2019-02-13,145741.93,10
LEAN_SIZER,2019-02-14,145666.19,10
LEAN_SIZER,2019-02-15,147412.97,10
LEAN_SIZER,2019-02-19,148692.56,10
LEAN_SIZER,2019-02-20,147365.56,10
LEAN_SIZER,2019-02-21,145674.71,10
LEAN_SIZER,2019-02-22,146483.78,10
LEAN_SIZER,2019-02-25,145645.58,10
LEAN_SIZER,2019-02-26,145611.67,10
LEAN_SIZER,2019-02-27,144820.29,10
LEAN_SIZER,2019-02-28,142015.38,10
LEAN_SIZER,2019-03-01,143185.8,10
LEAN_SIZER,2019-03-04,142721.39,10
LEAN_SIZER,2019-03-05,142526.25,10
LEAN_SIZER,2019-03-06,141732.38,10
LEAN_SIZER,2019-03-07,140459.53,9
LEAN_SIZER,2019-03-08,141179.37,10
LEAN_SIZER,2019-03-11,143294.0,10
LEAN_SIZER,2019-03-12,143457.88,10
LEAN_SIZER,2019-03-13,145401.96,10
LEAN_SIZER,2019-03-14,144796.44,10
LEAN_SIZER,2019-03-15,145831.0,10
LEAN_SIZER,2019-03-18,147072.01,10
LEAN_SIZER,2019-03-19,147632.76,10
LEAN_SIZER,2019-03-20,146210.35,10
LEAN_SIZER,2019-03-21,149035.39,10
LEAN_SIZER,2019-03-22,144242.21,10
LEAN_SIZER,2019-03-25,143854.12,8
LEAN_SIZER,2019-03-26,145218.0,8
LEAN_SIZER,2019-03-27,143804.21,10
LEAN_SIZER,2019-03-28,143593.43,10
LEAN_SIZER,2019-03-29,144509.94,10
LEAN_SIZER,2019-04-01,147016.45,10
LEAN_SIZER,2019-04-02,141859.5,10
LEAN_SIZER,2019-04-03,142534.17,10
LEAN_SIZER,2019-04-04,144274.85,10
LEAN_SIZER,2019-04-05,144283.2,10
LEAN_SIZER,2019-04-08,144951.33,10
LEAN_SIZER,2019-04-09,144378.85,10
LEAN_SIZER,2019-04-10,145088.0,10
LEAN_SIZER,2019-04-11,145289.62,10
LEAN_SIZER,2019-04-12,147196.18,10
LEAN_SIZER,2019-04-15,147456.74,10
LEAN_SIZER,2019-04-16,150780.83,10
LEAN_SIZER,2019-04-17,152632.42,10
LEAN_SIZER,2019-04-18,152871.43,10
LEAN_SIZER,2019-04-22,153163.4,10
LEAN_SIZER,2019-04-23,154922.74,10
LEAN_SIZER,2019-04-24,154517.67,10
LEAN_SIZER,2019-04-25,155081.23,10
LEAN_SIZER,2019-04-26,156007.93,10
LEAN_SIZER,2019-04-29,156827.73,10
LEAN_SIZER,2019-04-30,157675.3,10
LEAN_SIZER,2019-05-01,158483.16,10
LEAN_SIZER,2019-05-02,158178.23,9
LEAN_SIZER,2019-05-03,158854.2,10
LEAN_SIZER,2019-05-06,158928.74,10
LEAN_SIZER,2019-05-07,155267.49,10
LEAN_SIZER,2019-05-08,154160.6,9
LEAN_SIZER,2019-05-09,152936.46,9
LEAN_SIZER,2019-05-10,153566.9,10
LEAN_SIZER,2019-05-13,148349.76,10
LEAN_SIZER,2019-05-14,151188.22,10
LEAN_SIZER,2019-05-15,154455.14,10
LEAN_SIZER,2019-05-16,155497.77,10
LEAN_SIZER,2019-05-17,154907.71,10
LEAN_SIZER,2019-05-20,152218.02,10
LEAN_SIZER,2019-05-21,154091.01,10
LEAN_SIZER,2019-05-22,152308.14,10
LEAN_SIZER,2019-05-23,148635.72,10
LEAN_SIZER,2019-05-24,148755.24,10
LEAN_SIZER,2019-05-28,150706.83,10
LEAN_SIZER,2019-05-29,150182.89,10
LEAN_SIZER,2019-05-30,150510.33,10
LEAN_SIZER,2019-05-31,147412.97,10
LEAN_SIZER,2019-06-03,147010.52,9
LEAN_SIZER,2019-06-04,151561.39,9
LEAN_SIZER,2019-06-05,152806.11,10
LEAN_SIZER,2019-06-06,155721.6,10
LEAN_SIZER,2019-06-07,157064.89,10
LEAN_SIZER,2019-06-10,159108.74,10
LEAN_SIZER,2019-06-11,159410.36,10
LEAN_SIZER,2019-06-12,157423.32,10
LEAN_SIZER,2019-06-13,158468.56,9
LEAN_SIZER,2019-06-14,157993.91,10
LEAN_SIZER,2019-06-17,158079.34,10
LEAN_SIZER,2019-06-18,161007.39,10
LEAN_SIZER,2019-06-19,160627.59,10
LEAN_SIZER,2019-06-20,161748.87,10
LEAN_SIZER,2019-06-21,162154.3,10
LEAN_SIZER,2019-06-24,163265.64,9
LEAN_SIZER,2019-06-25,161374.85,9
LEAN_SIZER,2019-06-26,162860.15,8
LEAN_SIZER,2019-06-27,164681.59,9
LEAN_SIZER,2019-06-28,165483.4,10
LEAN_SIZER,2019-07-01,166652.29,10
LEAN_SIZER,2019-07-02,166865.92,10
LEAN_SIZER,2019-07-03,168247.2,10
LEAN_SIZER,2019-07-05,168369.93,10
LEAN_SIZER,2019-07-08,167102.31,10
LEAN_SIZER,2019-07-09,166656.89,9
LEAN_SIZER,2019-07-10,167405.78,10
LEAN_SIZER,2019-07-11,168332.14,10
LEAN_SIZER,2019-07-12,168241.79,10
LEAN_SIZER,2019-07-15,168289.86,10
LEAN_SIZER,2019-07-16,167442.23,10
LEAN_SIZER,2019-07-17,166511.6,10
LEAN_SIZER,2019-07-18,164952.47,10
LEAN_SIZER,2019-07-19,163404.75,10
LEAN_SIZER,2019-07-22,162524.06,10
LEAN_SIZER,2019-07-23,163449.03,10
LEAN_SIZER,2019-07-24,167550.45,10
LEAN_SIZER,2019-07-25,165477.4,10
LEAN_SIZER,2019-07-26,166910.02,10
LEAN_SIZER,2019-07-29,167561.86,10
LEAN_SIZER,2019-07-30,166819.88,10
LEAN_SIZER,2019-07-31,164501.9,10
LEAN_SIZER,2019-08-01,163624.25,10
LEAN_SIZER,2019-08-02,162245.45,10
LEAN_SIZER,2019-08-05,158579.73,10
LEAN_SIZER,2019-08-06,159906.97,9
LEAN_SIZER,2019-08-07,159873.15,10
LEAN_SIZER,2019-08-08,162599.31,10
LEAN_SIZER,2019-08-09,160898.99,10
LEAN_SIZER,2019-08-12,159074.56,10
LEAN_SIZER,2019-08-13,160875.48,10
LEAN_SIZER,2019-08-14,155706.56,10
LEAN_SIZER,2019-08-15,154880.79,9
LEAN_SIZER,2019-08-16,157141.54,9
LEAN_SIZER,2019-08-19,158964.96,10
LEAN_SIZER,2019-08-20,157733.59,10
LEAN_SIZER,2019-08-21,158473.53,10
LEAN_SIZER,2019-08-22,158496.03,10
LEAN_SIZER,2019-08-23,153943.34,10
LEAN_SIZER,2019-08-26,155763.52,10
LEAN_SIZER,2019-08-27,156172.36,10
LEAN_SIZER,2019-08-28,157101.47,10
LEAN_SIZER,2019-08-29,159015.1,10
LEAN_SIZER,2019-08-30,159076.28,10
LEAN_SIZER,2019-09-03,158031.1,10
LEAN_SIZER,2019-09-04,160284.52,10
LEAN_SIZER,2019-09-05,162605.22,10
LEAN_SIZER,2019-09-06,162091.65,10
LEAN_SIZER,2019-09-09,163531.55,10
LEAN_SIZER,2019-09-10,164720.4,10
LEAN_SIZER,2019-09-11,164659.58,10
LEAN_SIZER,2019-09-12,165514.58,10
LEAN_SIZER,2019-09-13,166280.58,10
LEAN_SIZER,2019-09-16,165312.43,9
LEAN_SIZER,2019-09-17,165105.73,8
LEAN_SIZER,2019-09-18,164144.38,10
LEAN_SIZER,2019-09-19,164616.57,10
LEAN_SIZER,2019-09-20,164289.72,9
LEAN_SIZER,2019-09-23,163905.08,10
LEAN_SIZER,2019-09-24,162014.5,9
LEAN_SIZER,2019-09-25,162154.5,9
LEAN_SIZER,2019-09-26,161583.52,10
LEAN_SIZER,2019-09-27,159962.66,10
LEAN_SIZER,2019-09-30,161243.47,10
LEAN_SIZER,2019-10-01,161118.77,10
LEAN_SIZER,2019-10-02,159775.89,10
LEAN_SIZER,2019-10-03,160949.08,10
LEAN_SIZER,2019-10-04,162607.85,10
LEAN_SIZER,2019-10-07,161883.48,10
LEAN_SIZER,2019-10-08,160479.71,10
LEAN_SIZER,2019-10-09,161262.52,10
LEAN_SIZER,2019-10-10,162455.31,10
LEAN_SIZER,2019-10-11,163197.52,10
LEAN_SIZER,2019-10-14,163847.68,10
LEAN_SIZER,2019-10-15,164689.68,10
LEAN_SIZER,2019-10-16,164027.08,10
LEAN_SIZER,2019-10-17,165096.55,10
LEAN_SIZER,2019-10-18,162760.58,10
LEAN_SIZER,2019-10-21,163362.35,10
LEAN_SIZER,2019-10-22,161794.64,10
LEAN_SIZER,2019-10-23,163387.4,10
LEAN_SIZER,2019-10-24,164303.89,10
LEAN_SIZER,2019-10-25,163952.08,10
LEAN_SIZER,2019-10-28,164387.38,10
LEAN_SIZER,2019-10-29,164278.47,10
LEAN_SIZER,2019-10-30,165956.22,9
LEAN_SIZER,2019-10-31,165868.59,10
LEAN_SIZER,2019-11-01,167303.54,8
LEAN_SIZER,2019-11-04,167494.34,10
LEAN_SIZER,2019-11-05,167624.94,10
LEAN_SIZER,2019-11-06,168080.85,10
LEAN_SIZER,2019-11-07,167341.81,9
LEAN_SIZER,2019-11-08,167925.75,10
LEAN_SIZER,2019-11-11,167689.27,10
LEAN_SIZER,2019-11-12,167578.73,10
LEAN_SIZER,2019-11-13,167713.75,10
LEAN_SIZER,2019-11-14,168199.28,10
LEAN_SIZER,2019-11-15,169422.82,10
LEAN_SIZER,2019-11-18,169912.93,10
LEAN_SIZER,2019-11-19,168791.9,10
LEAN_SIZER,2019-11-20,168562.69,10
LEAN_SIZER,2019-11-21,168791.17,10
LEAN_SIZER,2019-11-22,168519.85,10
LEAN_SIZER,2019-11-25,170118.02,10
LEAN_SIZER,2019-11-26,170329.37,10
LEAN_SIZER,2019-11-27,170836.59,10
LEAN_SIZER,2019-11-29,170185.67,10
LEAN_SIZER,2019-12-02,169707.47,10
LEAN_SIZER,2019-12-03,168804.53,10
LEAN_SIZER,2019-12-04,169316.63,10
LEAN_SIZER,2019-12-05,169404.09,10
LEAN_SIZER,2019-12-06,171557.78,10
LEAN_SIZER,2019-12-09,171419.88,10
LEAN_SIZER,2019-12-10,172274.25,10
LEAN_SIZER,2019-12-11,173559.81,10
LEAN_SIZER,2019-12-12,177212.92,10
LEAN_SIZER,2019-12-13,176116.94,10
LEAN_SIZER,2019-12-16,177709.95,9
LEAN_SIZER,2019-12-17,178620.16,10
LEAN_SIZER,2019-12-18,178543.56,10
LEAN_SIZER,2019-12-19,179612.22,10
LEAN_SIZER,2019-12-20,180254.79,10
LEAN_SIZER,2019-12-23,180167.77,10
LEAN_SIZER,2019-12-24,180537.53,10
LEAN_SIZER,2019-12-26,180903.05,10
LEAN_SIZER,2019-12-27,180202.81,10
LEAN_SIZER,2019-12-30,179239.02,9
LEAN_SIZER,2019-12-31,179433.08,9
LEAN_SIZER,2020-01-02,179447.83,10
LEAN_SIZER,2020-01-03,177124.53,10
LEAN_SIZER,2020-01-06,177583.31,10
LEAN_SIZER,2020-01-07,176558.47,10
LEAN_SIZER,2020-01-08,177138.95,10
LEAN_SIZER,2020-01-09,176931.08,10
LEAN_SIZER,2020-01-10,176179.49,10
LEAN_SIZER,2020-01-13,177038.93,10
LEAN_SIZER,2020-01-14,177501.33,10
LEAN_SIZER,2020-01-15,176648.61,10
LEAN_SIZER,2020-01-16,177484.25,10
LEAN_SIZER,2020-01-17,177871.17,10
LEAN_SIZER,2020-01-21,177342.18,10
LEAN_SIZER,2020-01-22,177585.6,10
LEAN_SIZER,2020-01-23,176845.6,10
LEAN_SIZER,2020-01-24,174832.71,10
LEAN_SIZER,2020-01-27,173368.41,10
LEAN_SIZER,2020-01-28,174568.39,10
LEAN_SIZER,2020-01-29,173438.24,10
LEAN_SIZER,2020-01-30,174293.76,10
LEAN_SIZER,2020-01-31,171755.52,10
LEAN_SIZER,2020-02-03,170861.98,10
LEAN_SIZER,2020-02-04,172476.44,10
LEAN_SIZER,2020-02-05,176338.15,10
LEAN_SIZER,2020-02-06,177122.45,10
LEAN_SIZER,2020-02-07,177143.17,10
LEAN_SIZER,2020-02-10,178216.71,10
LEAN_SIZER,2020-02-11,180113.57,10
LEAN_SIZER,2020-02-12,180879.78,10
LEAN_SIZER,2020-02-13,181250.7,10
LEAN_SIZER,2020-02-14,181017.35,10
LEAN_SIZER,2020-02-18,180933.02,9
LEAN_SIZER,2020-02-19,181028.11,9
LEAN_SIZER,2020-02-20,181121.51,10
LEAN_SIZER,2020-02-21,178378.86,10
LEAN_SIZER,2020-02-24,170394.53,9
LEAN_SIZER,2020-02-25,164605.12,9
LEAN_SIZER,2020-02-26,162082.69,9
LEAN_SIZER,2020-02-27,156643.26,9
LEAN_SIZER,2020-02-28,155663.87,9
LEAN_SIZER,2020-03-02,161737.11,9
LEAN_SIZER,2020-03-03,157029.89,10
LEAN_SIZER,2020-03-04,162031.05,10
LEAN_SIZER,2020-03-05,156320.9,10
LEAN_SIZER,2020-03-06,151972.66,10
LEAN_SIZER,2020-03-09,134518.08,10
LEAN_SIZER,2020-03-10,140746.08,10
LEAN_SIZER,2020-03-11,133067.71,10
LEAN_SIZER,2020-03-12,120779.65,10
LEAN_SIZER,2020-03-13,133281.93,10
LEAN_SIZER,2020-03-16,118876.82,10
LEAN_SIZER,2020-03-17,127379.65,10
LEAN_SIZER,2020-03-18,121909.24,10
LEAN_SIZER,2020-03-19,122338.65,10
LEAN_SIZER,2020-03-20,115809.81,10
LEAN_SIZER,2020-03-23,112266.93,10
LEAN_SIZER,2020-03-24,118591.45,10
LEAN_SIZER,2020-03-25,119265.6,10
LEAN_SIZER,2020-03-26,127355.17,10
LEAN_SIZER,2020-03-27,123040.59,10
LEAN_SIZER,2020-03-30,125329.03,10
LEAN_SIZER,2020-03-31,123478.58,10
LEAN_SIZER,2020-04-01,118082.22,10
LEAN_SIZER,2020-04-02,120323.02,9
LEAN_SIZER,2020-04-03,118843.71,10
LEAN_SIZER,2020-04-06,125611.13,10
LEAN_SIZER,2020-04-07,125979.99,10
LEAN_SIZER,2020-04-08,130474.17,9
LEAN_SIZER,2020-04-09,132637.5,10
LEAN_SIZER,2020-04-13,129994.49,10
LEAN_SIZER,2020-04-14,131994.53,7
LEAN_SIZER,2020-04-15,129265.64,8
LEAN_SIZER,2020-04-16,126417.59,7
LEAN_SIZER,2020-04-17,129845.58,8
LEAN_SIZER,2020-04-20,126804.2,8
LEAN_SIZER,2020-04-21,124146.76,8
LEAN_SIZER,2020-04-22,124838.76,6
LEAN_SIZER,2020-04-23,125661.75,9
LEAN_SIZER,2020-04-24,126507.73,9
LEAN_SIZER,2020-04-27,130637.85,9
LEAN_SIZER,2020-04-28,134527.44,9
LEAN_SIZER,2020-04-29,146141.38,8
LEAN_SIZER,2020-04-30,141524.94,9
LEAN_SIZER,2020-05-01,133282.2,8
LEAN_SIZER,2020-05-04,133060.2,6
LEAN_SIZER,2020-05-05,132626.94,6
LEAN_SIZER,2020-05-06,131364.05,5
LEAN_SIZER,2020-05-07,136652.95,5
LEAN_SIZER,2020-05-08,140892.42,6
LEAN_SIZER,2020-05-11,139748.56,9
LEAN_SIZER,2020-05-12,135853.39,9
LEAN_SIZER,2020-05-13,129956.98,9
LEAN_SIZER,2020-05-14,133940.02,9
LEAN_SIZER,2020-05-15,133390.3,9
LEAN_SIZER,2020-05-18,142500.88,9
LEAN_SIZER,2020-05-19,141619.12,9
LEAN_SIZER,2020-05-20,146135.02,9
LEAN_SIZER,2020-05-21,144544.41,9
LEAN_SIZER,2020-05-22,143566.09,9
LEAN_SIZER,2020-05-26,149734.19,9
LEAN_SIZER,2020-05-27,157986.38,9
LEAN_SIZER,2020-05-28,148859.27,9
LEAN_SIZER,2020-05-29,145239.55,9
LEAN_SIZER,2020-06-01,145202.62,8
LEAN_SIZER,2020-06-02,145663.64,10
LEAN_SIZER,2020-06-03,153915.38,10
LEAN_SIZER,2020-06-04,156663.96,10
LEAN_SIZER,2020-06-05,165219.27,10
LEAN_SIZER,2020-06-08,176469.72,10
LEAN_SIZER,2020-06-09,169865.43,10
LEAN_SIZER,2020-06-10,162031.38,9
LEAN_SIZER,2020-06-11,147634.68,6
LEAN_SIZER,2020-06-12,150359.92,4
LEAN_SIZER,2020-06-15,151188.43,4
LEAN_SIZER,2020-06-16,151500.46,4
LEAN_SIZER,2020-06-17,151505.55,4
LEAN_SIZER,2020-06-18,151920.0,4
LEAN_SIZER,2020-06-19,150413.34,8
LEAN_SIZER,2020-06-22,151305.89,8
LEAN_SIZER,2020-06-23,150140.57,8
LEAN_SIZER,2020-06-24,145841.48,7
LEAN_SIZER,2020-06-25,147067.39,7
LEAN_SIZER,2020-06-26,143211.29,9
LEAN_SIZER,2020-06-29,145821.57,9
LEAN_SIZER,2020-06-30,149220.71,9
LEAN_SIZER,2020-07-01,148878.79,9
LEAN_SIZER,2020-07-02,150303.67,9
LEAN_SIZER,2020-07-06,152329.28,9
LEAN_SIZER,2020-07-07,149527.68,9
LEAN_SIZER,2020-07-08,150192.39,9
LEAN_SIZER,2020-07-09,149544.21,9
LEAN_SIZER,2020-07-10,150614.48,9
LEAN_SIZER,2020-07-13,148635.03,9
LEAN_SIZER,2020-07-14,150717.16,7
LEAN_SIZER,2020-07-15,154066.6,9
LEAN_SIZER,2020-07-16,154495.12,9
LEAN_SIZER,2020-07-17,154585.58,9
LEAN_SIZER,2020-07-20,156335.85,9
LEAN_SIZER,2020-07-21,158754.75,10
LEAN_SIZER,2020-07-22,161323.69,10
LEAN_SIZER,2020-07-23,159453.56,10
LEAN_SIZER,2020-07-24,162358.32,9
LEAN_SIZER,2020-07-27,162908.58,9
LEAN_SIZER,2020-07-28,160480.21,10
LEAN_SIZER,2020-07-29,166213.49,10
LEAN_SIZER,2020-07-30,163443.68,10
LEAN_SIZER,2020-07-31,161966.15,10
LEAN_SIZER,2020-08-03,162789.36,10
LEAN_SIZER,2020-08-04,168095.91,10
LEAN_SIZER,2020-08-05,169501.02,10
LEAN_SIZER,2020-08-06,168979.3,10
LEAN_SIZER,2020-08-07,168438.19,10
LEAN_SIZER,2020-08-10,169787.49,10
LEAN_SIZER,2020-08-11,168583.78,10
LEAN_SIZER,2020-08-12,171743.62,10
LEAN_SIZER,2020-08-13,170459.85,10
LEAN_SIZER,2020-08-14,170730.58,10
LEAN_SIZER,2020-08-17,171538.91,10
LEAN_SIZER,2020-08-18,171906.31,10
LEAN_SIZER,2020-08-19,169956.35,10
LEAN_SIZER,2020-08-20,169478.28,10
LEAN_SIZER,2020-08-21,168550.59,10
LEAN_SIZER,2020-08-24,170897.91,10
LEAN_SIZER,2020-08-25,171187.1,10
LEAN_SIZER,2020-08-26,170491.51,10
LEAN_SIZER,2020-08-27,170908.88,10
LEAN_SIZER,2020-08-28,172969.19,10
LEAN_SIZER,2020-08-31,171878.02,10
LEAN_SIZER,2020-09-01,172407.47,10
LEAN_SIZER,2020-09-02,173482.83,10
LEAN_SIZER,2020-09-03,169525.62,10
LEAN_SIZER,2020-09-04,169099.0,8
LEAN_SIZER,2020-09-08,164090.67,10
LEAN_SIZER,2020-09-09,164953.37,10
LEAN_SIZER,2020-09-10,161361.07,10
LEAN_SIZER,2020-09-11,162146.84,10
LEAN_SIZER,2020-09-14,165180.75,10
LEAN_SIZER,2020-09-15,164537.96,10
LEAN_SIZER,2020-09-16,167344.1,10
LEAN_SIZER,2020-09-17,166280.13,10
LEAN_SIZER,2020-09-18,166064.59,10
LEAN_SIZER,2020-09-21,160595.03,10
LEAN_SIZER,2020-09-22,160927.74,10
LEAN_SIZER,2020-09-23,158595.58,10
LEAN_SIZER,2020-09-24,156962.87,10
LEAN_SIZER,2020-09-25,157407.01,10
LEAN_SIZER,2020-09-28,160575.1,10
LEAN_SIZER,2020-09-29,157654.23,10
LEAN_SIZER,2020-09-30,157859.28,10
LEAN_SIZER,2020-10-01,155763.11,10
LEAN_SIZER,2020-10-02,155334.61,10
LEAN_SIZER,2020-10-05,159293.84,10
LEAN_SIZER,2020-10-06,157015.51,10
LEAN_SIZER,2020-10-07,159186.27,10
LEAN_SIZER,2020-10-08,163040.71,10
LEAN_SIZER,2020-10-09,163119.17,10
LEAN_SIZER,2020-10-12,164891.79,10
LEAN_SIZER,2020-10-13,163529.69,10
LEAN_SIZER,2020-10-14,162196.86,10
LEAN_SIZER,2020-10-15,163331.52,10
LEAN_SIZER,2020-10-16,160523.63,10
LEAN_SIZER,2020-10-19,157679.57,10
LEAN_SIZER,2020-10-20,159848.28,10
LEAN_SIZER,2020-10-21,158900.56,10
LEAN_SIZER,2020-10-22,162840.4,10
LEAN_SIZER,2020-10-23,163126.46,10
LEAN_SIZER,2020-10-26,159547.01,10
LEAN_SIZER,2020-10-27,157768.59,10
LEAN_SIZER,2020-10-28,152323.68,10
LEAN_SIZER,2020-10-29,153978.21,10
LEAN_SIZER,2020-10-30,155231.06,10
LEAN_SIZER,2020-11-02,159785.39,10
LEAN_SIZER,2020-11-03,160992.84,10
LEAN_SIZER,2020-11-04,162898.86,10
LEAN_SIZER,2020-11-05,164138.95,10
LEAN_SIZER,2020-11-06,161793.98,10
LEAN_SIZER,2020-11-09,173176.73,10
LEAN_SIZER,2020-11-10,174960.74,10
LEAN_SIZER,2020-11-11,174654.55,10
LEAN_SIZER,2020-11-12,172115.16,10
LEAN_SIZER,2020-11-13,175260.64,9
LEAN_SIZER,2020-11-16,179146.12,10
LEAN_SIZER,2020-11-17,180038.63,9
LEAN_SIZER,2020-11-18,178469.55,10
LEAN_SIZER,2020-11-19,180794.08,8
LEAN_SIZER,2020-11-20,179623.73,9
LEAN_SIZER,2020-11-23,186400.25,10
LEAN_SIZER,2020-11-24,190976.42,10
LEAN_SIZER,2020-11-25,191080.38,10
LEAN_SIZER,2020-11-27,191985.17,10
LEAN_SIZER,2020-11-30,190764.07,10
LEAN_SIZER,2020-12-01,192755.89,10
LEAN_SIZER,2020-12-02,192988.74,10
LEAN_SIZER,2020-12-03,191225.14,10
LEAN_SIZER,2020-12-04,194111.95,10
LEAN_SIZER,2020-12-07,194399.96,10
LEAN_SIZER,2020-12-08,196369.87,10
LEAN_SIZER,2020-12-09,194154.47,9
LEAN_SIZER,2020-12-10,194758.99,8
LEAN_SIZER,2020-12-11,195061.11,8
LEAN_SIZER,2020-12-14,194933.4,9
LEAN_SIZER,2020-12-15,198709.86,9
LEAN_SIZER,2020-12-16,200719.85,10
LEAN_SIZER,2020-12-17,200632.23,10
LEAN_SIZER,2020-12-18,200383.22,10
LEAN_SIZER,2020-12-21,198931.12,10
LEAN_SIZER,2020-12-22,198839.02,10
LEAN_SIZER,2020-12-23,199348.91,10
LEAN_SIZER,2020-12-24,198914.95,10
LEAN_SIZER,2020-12-28,200153.4,10
LEAN_SIZER,2020-12-29,200084.31,10
LEAN_SIZER,2020-12-30,200342.76,10
LEAN_SIZER,2020-12-31,200889.91,10
LEAN_SIZER,2021-01-04,198697.69,10
LEAN_SIZER,2021-01-05,201116.92,10
LEAN_SIZER,2021-01-06,201438.32,10
LEAN_SIZER,2021-01-07,202203.52,10
LEAN_SIZER,2021-01-08,203220.57,10
LEAN_SIZER,2021-01-11,202784.74,10
LEAN_SIZER,2021-01-12,206100.8,10
LEAN_SIZER,2021-01-13,204850.37,10
LEAN_SIZER,2021-01-14,204259.4,9
LEAN_SIZER,2021-01-15,201830.61,9
LEAN_SIZER,2021-01-19,202675.43,9
LEAN_SIZER,2021-01-20,205856.46,9
LEAN_SIZER,2021-01-21,206189.22,9
LEAN_SIZER,2021-01-22,206819.1,9
LEAN_SIZER,2021-01-25,207635.57,9
LEAN_SIZER,2021-01-26,209274.7,9
LEAN_SIZER,2021-01-27,206434.4,9
LEAN_SIZER,2021-01-28,203401.89,9
LEAN_SIZER,2021-01-29,198468.54,10
LEAN_SIZER,2021-02-01,200156.06,8
LEAN_SIZER,2021-02-02,202210.5,9
LEAN_SIZER,2021-02-03,202861.07,10
LEAN_SIZER,2021-02-04,205792.17,10
LEAN_SIZER,2021-02-05,207228.53,10
LEAN_SIZER,2021-02-08,212306.4,10
LEAN_SIZER,2021-02-09,211654.81,10
LEAN_SIZER,2021-02-10,210366.84,7
LEAN_SIZER,2021-02-11,206955.05,8
LEAN_SIZER,2021-02-12,210160.09,9
LEAN_SIZER,2021-02-16,211998.38,10
LEAN_SIZER,2021-02-17,212691.0,10
LEAN_SIZER,2021-02-18,209331.3,10
LEAN_SIZER,2021-02-19,211891.99,10
LEAN_SIZER,2021-02-22,211929.67,10
LEAN_SIZER,2021-02-23,210805.7,10
LEAN_SIZER,2021-02-24,214174.48,10
LEAN_SIZER,2021-02-25,210013.79,10
LEAN_SIZER,2021-02-26,208548.77,8
LEAN_SIZER,2021-03-01,212624.76,8
LEAN_SIZER,2021-03-02,210941.11,9
LEAN_SIZER,2021-03-03,208625.58,9
LEAN_SIZER,2021-03-04,207215.63,9
LEAN_SIZER,2021-03-05,213661.97,10
LEAN_SIZER,2021-03-08,213913.49,10
LEAN_SIZER,2021-03-09,212630.99,10
LEAN_SIZER,2021-03-10,216726.41,10
LEAN_SIZER,2021-03-11,217267.87,10
LEAN_SIZER,2021-03-12,218626.21,10
LEAN_SIZER,2021-03-15,218832.6,10
LEAN_SIZER,2021-03-16,216226.93,10
LEAN_SIZER,2021-03-17,218158.8,10
LEAN_SIZER,2021-03-18,213125.04,10
LEAN_SIZER,2021-03-19,213339.2,10
LEAN_SIZER,2021-03-22,214585.7,10
LEAN_SIZER,2021-03-23,213270.64,10
LEAN_SIZER,2021-03-24,213770.56,10
LEAN_SIZER,2021-03-25,213658.39,10
LEAN_SIZER,2021-03-26,217114.41,10
LEAN_SIZER,2021-03-29,216867.17,10
LEAN_SIZER,2021-03-30,217054.27,10
LEAN_SIZER,2021-03-31,217403.43,10
LEAN_SIZER,2021-04-01,221117.76,10
LEAN_SIZER,2021-04-05,220972.11,10
LEAN_SIZER,2021-04-06,221806.82,10
LEAN_SIZER,2021-04-07,223382.92,10
LEAN_SIZER,2021-04-08,223051.35,10
LEAN_SIZER,2021-04-09,222858.34,10
LEAN_SIZER,2021-04-12,222289.46,10
LEAN_SIZER,2021-04-13,221014.09,10
LEAN_SIZER,2021-04-14,222423.21,10
LEAN_SIZER,2021-04-15,222537.96,10
LEAN_SIZER,2021-04-16,222170.62,10
LEAN_SIZER,2021-04-19,222136.15,10
LEAN_SIZER,2021-04-20,216948.46,10
LEAN_SIZER,2021-04-21,218198.52,10
LEAN_SIZER,2021-04-22,218766.69,10
LEAN_SIZER,2021-04-23,221286.29,10
LEAN_SIZER,2021-04-26,221676.3,10
LEAN_SIZER,2021-04-27,222480.04,10
LEAN_SIZER,2021-04-28,225191.69,10
LEAN_SIZER,2021-04-29,222881.24,10
LEAN_SIZER,2021-04-30,221991.1,10
LEAN_SIZER,2021-05-03,224772.07,10
LEAN_SIZER,2021-05-04,223010.86,10
LEAN_SIZER,2021-05-05,226302.2,9
LEAN_SIZER,2021-05-06,227706.09,9
LEAN_SIZER,2021-05-07,231894.73,10
LEAN_SIZER,2021-05-10,230699.12,10
LEAN_SIZER,2021-05-11,228692.53,10
LEAN_SIZER,2021-05-12,226317.9,7
LEAN_SIZER,2021-05-13,227793.84,7
LEAN_SIZER,2021-05-14,231798.91,7
LEAN_SIZER,2021-05-17,235602.5,8
LEAN_SIZER,2021-05-18,236119.79,8
LEAN_SIZER,2021-05-19,234518.06,10
LEAN_SIZER,2021-05-20,237027.17,10
LEAN_SIZER,2021-05-21,239381.99,10
LEAN_SIZER,2021-05-24,240336.2,10
LEAN_SIZER,2021-05-25,240502.73,10
LEAN_SIZER,2021-05-26,246419.74,10
LEAN_SIZER,2021-05-27,250109.57,10
LEAN_SIZER,2021-05-28,249103.24,10
LEAN_SIZER,2021-06-01,251704.01,10
LEAN_SIZER,2021-06-02,256234.1,10
LEAN_SIZER,2021-06-03,255559.04,10
LEAN_SIZER,2021-06-04,257448.28,7
LEAN_SIZER,2021-06-07,257406.17,9
LEAN_SIZER,2021-06-08,256309.15,10
LEAN_SIZER,2021-06-09,256631.65,10
LEAN_SIZER,2021-06-10,257487.81,10
LEAN_SIZER,2021-06-11,258515.28,10
LEAN_SIZER,2021-06-14,256595.77,9
LEAN_SIZER,2021-06-15,254506.91,8
LEAN_SIZER,2021-06-16,252174.56,10
LEAN_SIZER,2021-06-17,253248.36,10
LEAN_SIZER,2021-06-18,250447.41,10
LEAN_SIZER,2021-06-21,251773.95,10
LEAN_SIZER,2021-06-22,253339.58,10
LEAN_SIZER,2021-06-23,254450.63,10
LEAN_SIZER,2021-06-24,257644.94,10
LEAN_SIZER,2021-06-25,260202.17,10
LEAN_SIZER,2021-06-28,262328.45,10
LEAN_SIZER,2021-06-29,261812.29,10
LEAN_SIZER,2021-06-30,266366.45,10
LEAN_SIZER,2021-07-01,264685.15,10
LEAN_SIZER,2021-07-02,264831.73,10
LEAN_SIZER,2021-07-06,262482.13,10
LEAN_SIZER,2021-07-07,258636.71,10
LEAN_SIZER,2021-07-08,255060.76,9
LEAN_SIZER,2021-07-09,258700.01,10
LEAN_SIZER,2021-07-12,258957.89,10
LEAN_SIZER,2021-07-13,256485.86,10
LEAN_SIZER,2021-07-14,256277.25,10
LEAN_SIZER,2021-07-15,255616.57,10
LEAN_SIZER,2021-07-16,253643.99,10
LEAN_SIZER,2021-07-19,250355.45,10
LEAN_SIZER,2021-07-20,253441.97,10
LEAN_SIZER,2021-07-21,255572.94,10
LEAN_SIZER,2021-07-22,254227.39,10
LEAN_SIZER,2021-07-23,255090.33,10
LEAN_SIZER,2021-07-26,256633.0,10
LEAN_SIZER,2021-07-27,255147.57,10
LEAN_SIZER,2021-07-28,256135.31,10
LEAN_SIZER,2021-07-29,257172.92,10
LEAN_SIZER,2021-07-30,255029.39,10
LEAN_SIZER,2021-08-02,254933.3,10
LEAN_SIZER,2021-08-03,255916.74,10
LEAN_SIZER,2021-08-04,255597.83,10
LEAN_SIZER,2021-08-05,260573.08,10
LEAN_SIZER,2021-08-06,260139.99,10
LEAN_SIZER,2021-08-09,258646.95,10
LEAN_SIZER,2021-08-10,260649.52,9
LEAN_SIZER,2021-08-11,262150.76,10
LEAN_SIZER,2021-08-12,261732.8,10
LEAN_SIZER,2021-08-13,261763.23,10
LEAN_SIZER,2021-08-16,261742.61,10
LEAN_SIZER,2021-08-17,261718.42,10
LEAN_SIZER,2021-08-18,260942.08,10
LEAN_SIZER,2021-08-19,261302.3,9
LEAN_SIZER,2021-08-20,263491.49,10
LEAN_SIZER,2021-08-23,266600.89,10
LEAN_SIZER,2021-08-24,267785.91,10
LEAN_SIZER,2021-08-25,267685.06,10
LEAN_SIZER,2021-08-26,266326.6,10
LEAN_SIZER,2021-08-27,269261.12,10
LEAN_SIZER,2021-08-30,270583.57,10
LEAN_SIZER,2021-08-31,271645.34,10
LEAN_SIZER,2021-09-01,271993.03,10
LEAN_SIZER,2021-09-02,273422.24,10
LEAN_SIZER,2021-09-03,274294.19,10
LEAN_SIZER,2021-09-07,274433.87,10
LEAN_SIZER,2021-09-08,272016.59,10
LEAN_SIZER,2021-09-09,270361.8,10
LEAN_SIZER,2021-09-10,268555.09,10
LEAN_SIZER,2021-09-13,267928.72,10
LEAN_SIZER,2021-09-14,264013.24,10
LEAN_SIZER,2021-09-15,266127.44,10
LEAN_SIZER,2021-09-16,266071.25,10
LEAN_SIZER,2021-09-17,265827.63,10
LEAN_SIZER,2021-09-20,262881.41,10
LEAN_SIZER,2021-09-21,262720.7,10
LEAN_SIZER,2021-09-22,265940.32,10
LEAN_SIZER,2021-09-23,270828.88,10
LEAN_SIZER,2021-09-24,272441.13,10
LEAN_SIZER,2021-09-27,274172.63,10
LEAN_SIZER,2021-09-28,271405.69,10
LEAN_SIZER,2021-09-29,270662.07,9
LEAN_SIZER,2021-09-30,264598.25,10
LEAN_SIZER,2021-10-01,268332.1,10
LEAN_SIZER,2021-10-04,266157.42,10
LEAN_SIZER,2021-10-05,268169.91,10
LEAN_SIZER,2021-10-06,268412.44,10
LEAN_SIZER,2021-10-07,269842.61,10
LEAN_SIZER,2021-10-08,268016.31,10
LEAN_SIZER,2021-10-11,265025.91,10
LEAN_SIZER,2021-10-12,263594.14,10
LEAN_SIZER,2021-10-13,264113.57,10
LEAN_SIZER,2021-10-14,266000.69,10
LEAN_SIZER,2021-10-15,265322.19,10
LEAN_SIZER,2021-10-18,265896.02,10
LEAN_SIZER,2021-10-19,267913.83,10
LEAN_SIZER,2021-10-20,269026.29,10
LEAN_SIZER,2021-10-21,267002.07,10
LEAN_SIZER,2021-10-22,264226.09,10
LEAN_SIZER,2021-10-25,265403.65,10
LEAN_SIZER,2021-10-26,265786.45,10
LEAN_SIZER,2021-10-27,259809.4,10
LEAN_SIZER,2021-10-28,263159.83,10
LEAN_SIZER,2021-10-29,260234.93,10
LEAN_SIZER,2021-11-01,264220.47,9
LEAN_SIZER,2021-11-02,263939.73,10
LEAN_SIZER,2021-11-03,267006.64,10
LEAN_SIZER,2021-11-04,264321.49,10
LEAN_SIZER,2021-11-05,269523.59,10
LEAN_SIZER,2021-11-08,268462.57,10
LEAN_SIZER,2021-11-09,267387.77,9
LEAN_SIZER,2021-11-10,266233.27,10
LEAN_SIZER,2021-11-11,265502.81,10
LEAN_SIZER,2021-11-12,265834.77,10
LEAN_SIZER,2021-11-15,266458.58,10
LEAN_SIZER,2021-11-16,263473.41,10
LEAN_SIZER,2021-11-17,261178.89,10
LEAN_SIZER,2021-11-18,257413.84,10
LEAN_SIZER,2021-11-19,255179.56,10
LEAN_SIZER,2021-11-22,254972.46,10
LEAN_SIZER,2021-11-23,255390.61,10
LEAN_SIZER,2021-11-24,254974.42,10
LEAN_SIZER,2021-11-26,251415.51,10
LEAN_SIZER,2021-11-29,250652.46,9
LEAN_SIZER,2021-11-30,243418.63,10
LEAN_SIZER,2021-12-01,239425.14,10
LEAN_SIZER,2021-12-02,243073.74,10
LEAN_SIZER,2021-12-03,245082.83,10
LEAN_SIZER,2021-12-06,248664.28,10
LEAN_SIZER,2021-12-07,251624.48,10
LEAN_SIZER,2021-12-08,250926.82,10
LEAN_SIZER,2021-12-09,249008.14,10
LEAN_SIZER,2021-12-10,248095.46,10
LEAN_SIZER,2021-12-13,246895.39,10
LEAN_SIZER,2021-12-14,247064.48,10
LEAN_SIZER,2021-12-15,247457.56,10
LEAN_SIZER,2021-12-16,252962.71,10
LEAN_SIZER,2021-12-17,251511.96,10
LEAN_SIZER,2021-12-20,249975.03,10
LEAN_SIZER,2021-12-21,254551.52,10
LEAN_SIZER,2021-12-22,256537.3,10
LEAN_SIZER,2021-12-23,258964.36,10
LEAN_SIZER,2021-12-27,259574.9,10
LEAN_SIZER,2021-12-28,258756.2,10
LEAN_SIZER,2021-12-29,257411.27,10
LEAN_SIZER,2021-12-30,259545.26,10
LEAN_SIZER,2021-12-31,257193.49,10
LEAN_SIZER,2022-01-03,263014.77,10
LEAN_SIZER,2022-01-04,265887.03,10
LEAN_SIZER,2022-01-05,263764.02,10
LEAN_SIZER,2022-01-06,266833.86,9
LEAN_SIZER,2022-01-07,271574.49,9
LEAN_SIZER,2022-01-10,269219.53,10
LEAN_SIZER,2022-01-11,272325.12,10
LEAN_SIZER,2022-01-12,271840.33,10
LEAN_SIZER,2022-01-13,269848.92,10
LEAN_SIZER,2022-01-14,277979.91,10
LEAN_SIZER,2022-01-18,273851.47,10
LEAN_SIZER,2022-01-19,272387.14,10
LEAN_SIZER,2022-01-20,269513.51,10
LEAN_SIZER,2022-01-21,262234.07,10
LEAN_SIZER,2022-01-24,263676.52,7
LEAN_SIZER,2022-01-25,265678.04,7
LEAN_SIZER,2022-01-26,263997.09,8
LEAN_SIZER,2022-01-27,260520.41,8
LEAN_SIZER,2022-01-28,266295.8,10
LEAN_SIZER,2022-01-31,270333.85,10
LEAN_SIZER,2022-02-01,273041.96,10
LEAN_SIZER,2022-02-02,264041.13,10
LEAN_SIZER,2022-02-03,259423.44,10
LEAN_SIZER,2022-02-04,261007.86,10
LEAN_SIZER,2022-02-07,260460.65,10
LEAN_SIZER,2022-02-08,262862.06,10
LEAN_SIZER,2022-02-09,268377.19,10
LEAN_SIZER,2022-02-10,265368.06,10
LEAN_SIZER,2022-02-11,259983.52,9
LEAN_SIZER,2022-02-14,258350.54,10
LEAN_SIZER,2022-02-15,260365.44,10
LEAN_SIZER,2022-02-16,255194.26,10
LEAN_SIZER,2022-02-17,255421.73,10
LEAN_SIZER,2022-02-18,254545.76,10
LEAN_SIZER,2022-02-22,253054.49,9
LEAN_SIZER,2022-02-23,253079.36,10
LEAN_SIZER,2022-02-24,250711.61,10
LEAN_SIZER,2022-02-25,257762.33,10
LEAN_SIZER,2022-02-28,256264.74,10
LEAN_SIZER,2022-03-01,255742.23,10
LEAN_SIZER,2022-03-02,260825.24,10
LEAN_SIZER,2022-03-03,261085.12,10
LEAN_SIZER,2022-03-04,262617.83,10
LEAN_SIZER,2022-03-07,260899.05,10
LEAN_SIZER,2022-03-08,258093.84,9
LEAN_SIZER,2022-03-09,258007.46,6
LEAN_SIZER,2022-03-10,258920.03,7
LEAN_SIZER,2022-03-11,254850.57,8
LEAN_SIZER,2022-03-14,251716.84,7
LEAN_SIZER,2022-03-15,255311.7,8
LEAN_SIZER,2022-03-16,262744.64,9
LEAN_SIZER,2022-03-17,264866.91,9
LEAN_SIZER,2022-03-18,266887.91,9
LEAN_SIZER,2022-03-21,263978.25,9
LEAN_SIZER,2022-03-22,267421.51,9
LEAN_SIZER,2022-03-23,265045.39,9
LEAN_SIZER,2022-03-24,266315.87,7
LEAN_SIZER,2022-03-25,268927.2,9
LEAN_SIZER,2022-03-28,268476.82,9
LEAN_SIZER,2022-03-29,271793.74,8
LEAN_SIZER,2022-03-30,269624.17,9
LEAN_SIZER,2022-03-31,266578.81,9
LEAN_SIZER,2022-04-01,268559.25,7
LEAN_SIZER,2022-04-04,269223.28,7
LEAN_SIZER,2022-04-05,266034.09,6
LEAN_SIZER,2022-04-06,266279.98,6
LEAN_SIZER,2022-04-07,266003.04,6
LEAN_SIZER,2022-04-08,271266.75,7
LEAN_SIZER,2022-04-11,265239.19,9
LEAN_SIZER,2022-04-12,267552.19,8
LEAN_SIZER,2022-04-13,270258.74,7
LEAN_SIZER,2022-04-14,268426.08,10
LEAN_SIZER,2022-04-18,268741.08,10
LEAN_SIZER,2022-04-19,271910.12,10
LEAN_SIZER,2022-04-20,272722.41,10
LEAN_SIZER,2022-04-21,269083.05,10
LEAN_SIZER,2022-04-22,262098.38,10
LEAN_SIZER,2022-04-25,258780.84,10
LEAN_SIZER,2022-04-26,253205.9,10
LEAN_SIZER,2022-04-27,253693.79,8
LEAN_SIZER,2022-04-28,257407.46,8
LEAN_SIZER,2022-04-29,249800.25,10
LEAN_SIZER,2022-05-02,253597.74,10
LEAN_SIZER,2022-05-03,258836.55,10
LEAN_SIZER,2022-05-04,267700.06,10
LEAN_SIZER,2022-05-05,260746.11,10
LEAN_SIZER,2022-05-06,262071.27,9
LEAN_SIZER,2022-05-09,244395.91,10
LEAN_SIZER,2022-05-10,247666.9,10
LEAN_SIZER,2022-05-11,246010.15,10
LEAN_SIZER,2022-05-12,243798.2,10
LEAN_SIZER,2022-05-13,255082.74,10
LEAN_SIZER,2022-05-16,257476.86,10
LEAN_SIZER,2022-05-17,265154.81,10
LEAN_SIZER,2022-05-18,253226.3,10
LEAN_SIZER,2022-05-19,246152.15,6
LEAN_SIZER,2022-05-20,243190.03,8
LEAN_SIZER,2022-05-23,249504.36,9
LEAN_SIZER,2022-05-24,246610.9,10
LEAN_SIZER,2022-05-25,248875.97,9
LEAN_SIZER,2022-05-26,256782.06,10
LEAN_SIZER,2022-05-27,262039.59,10
LEAN_SIZER,2022-05-31,259832.79,10
LEAN_SIZER,2022-06-01,257273.39,10
LEAN_SIZER,2022-06-02,261161.86,8
LEAN_SIZER,2022-06-03,254972.2,10
LEAN_SIZER,2022-06-06,256814.68,9
LEAN_SIZER,2022-06-07,258706.82,9
LEAN_SIZER,2022-06-08,256589.95,10
LEAN_SIZER,2022-06-09,250214.25,8
LEAN_SIZER,2022-06-10,243307.61,8
LEAN_SIZER,2022-06-13,232671.33,8
LEAN_SIZER,2022-06-14,232525.96,8
LEAN_SIZER,2022-06-15,238598.64,8
LEAN_SIZER,2022-06-16,228536.89,8
LEAN_SIZER,2022-06-17,231667.14,8
LEAN_SIZER,2022-06-21,236723.08,8
LEAN_SIZER,2022-06-22,237815.88,10
LEAN_SIZER,2022-06-23,238574.16,10
LEAN_SIZER,2022-06-24,249283.66,10
LEAN_SIZER,2022-06-27,247958.53,10
LEAN_SIZER,2022-06-28,241139.96,9
LEAN_SIZER,2022-06-29,235925.39,9
LEAN_SIZER,2022-06-30,231651.56,10
LEAN_SIZER,2022-07-01,233870.77,10
LEAN_SIZER,2022-07-05,237203.84,10
LEAN_SIZER,2022-07-06,234563.01,10
LEAN_SIZER,2022-07-07,241026.11,10
LEAN_SIZER,2022-07-08,240527.59,10
LEAN_SIZER,2022-07-11,232891.07,10
LEAN_SIZER,2022-07-12,233691.97,9
LEAN_SIZER,2022-07-13,234036.98,9
LEAN_SIZER,2022-07-14,232806.22,10
LEAN_SIZER,2022-07-15,239775.15,10
LEAN_SIZER,2022-07-18,241475.16,10
LEAN_SIZER,2022-07-19,250317.57,10
LEAN_SIZER,2022-07-20,256036.37,10
LEAN_SIZER,2022-07-21,257660.75,10
LEAN_SIZER,2022-07-22,255904.4,9
LEAN_SIZER,2022-07-25,256902.69,9
LEAN_SIZER,2022-07-26,254252.61,9
LEAN_SIZER,2022-07-27,263392.03,9
LEAN_SIZER,2022-07-28,264376.93,9
LEAN_SIZER,2022-07-29,266099.86,9
LEAN_SIZER,2022-08-01,266344.58,9
LEAN_SIZER,2022-08-02,264141.62,9
LEAN_SIZER,2022-08-03,270084.71,8
LEAN_SIZER,2022-08-04,268969.74,8
LEAN_SIZER,2022-08-05,267775.22,7
LEAN_SIZER,2022-08-08,270661.28,8
LEAN_SIZER,2022-08-09,268164.18,9
LEAN_SIZER,2022-08-10,275681.49,9
LEAN_SIZER,2022-08-11,276177.08,9
LEAN_SIZER,2022-08-12,281153.13,9
LEAN_SIZER,2022-08-15,281667.34,9
LEAN_SIZER,2022-08-16,285747.03,9
LEAN_SIZER,2022-08-17,279542.93,8
LEAN_SIZER,2022-08-18,278749.88,7
LEAN_SIZER,2022-08-19,273827.54,9
LEAN_SIZER,2022-08-22,268478.51,7
LEAN_SIZER,2022-08-23,272476.34,7
LEAN_SIZER,2022-08-24,274622.79,7
LEAN_SIZER,2022-08-25,279083.57,7
LEAN_SIZER,2022-08-26,270018.49,8
LEAN_SIZER,2022-08-29,267201.04,7
LEAN_SIZER,2022-08-30,264022.94,7
LEAN_SIZER,2022-08-31,261716.41,7
LEAN_SIZER,2022-09-01,263256.42,6
LEAN_SIZER,2022-09-02,260610.51,7
LEAN_SIZER,2022-09-06,260687.48,7
LEAN_SIZER,2022-09-07,267678.01,7
LEAN_SIZER,2022-09-08,271531.61,9
LEAN_SIZER,2022-09-09,276457.51,9
LEAN_SIZER,2022-09-12,280334.37,9
LEAN_SIZER,2022-09-13,266202.49,9
LEAN_SIZER,2022-09-14,268546.98,8
LEAN_SIZER,2022-09-15,269762.76,9
LEAN_SIZER,2022-09-16,265707.43,9
LEAN_SIZER,2022-09-19,265574.53,8
LEAN_SIZER,2022-09-20,262105.2,8
LEAN_SIZER,2022-09-21,255905.4,8
LEAN_SIZER,2022-09-22,251365.1,8
LEAN_SIZER,2022-09-23,246667.89,9
LEAN_SIZER,2022-09-26,242019.57,9
LEAN_SIZER,2022-09-27,244732.9,9
LEAN_SIZER,2022-09-28,250953.06,9
LEAN_SIZER,2022-09-29,245896.18,10
LEAN_SIZER,2022-09-30,242947.35,10
LEAN_SIZER,2022-10-03,249303.92,10
LEAN_SIZER,2022-10-04,260424.35,10
LEAN_SIZER,2022-10-05,259539.08,10
LEAN_SIZER,2022-10-06,259448.09,10
LEAN_SIZER,2022-10-07,256865.91,10
LEAN_SIZER,2022-10-10,253556.9,10
LEAN_SIZER,2022-10-11,255695.1,10
LEAN_SIZER,2022-10-12,255999.93,10
LEAN_SIZER,2022-10-13,263681.93,10
LEAN_SIZER,2022-10-14,258984.97,10
LEAN_SIZER,2022-10-17,262282.79,10
LEAN_SIZER,2022-10-18,264757.55,10
LEAN_SIZER,2022-10-19,266229.59,10
LEAN_SIZER,2022-10-20,263803.98,10
LEAN_SIZER,2022-10-21,270526.52,10
LEAN_SIZER,2022-10-24,273472.33,10
LEAN_SIZER,2022-10-25,276478.17,10
LEAN_SIZER,2022-10-26,278145.69,10
LEAN_SIZER,2022-10-27,275657.48,10
LEAN_SIZER,2022-10-28,282726.29,9
LEAN_SIZER,2022-10-31,282010.65,10
LEAN_SIZER,2022-11-01,282589.48,10
LEAN_SIZER,2022-11-02,274918.62,10
LEAN_SIZER,2022-11-03,269792.95,6
LEAN_SIZER,2022-11-04,274981.85,6
LEAN_SIZER,2022-11-07,278713.02,7
LEAN_SIZER,2022-11-08,281062.74,8
LEAN_SIZER,2022-11-09,272258.31,9
LEAN_SIZER,2022-11-10,285312.34,6
LEAN_SIZER,2022-11-11,290353.39,9
LEAN_SIZER,2022-11-14,289067.82,9
LEAN_SIZER,2022-11-15,293311.49,9
LEAN_SIZER,2022-11-16,283202.89,9
LEAN_SIZER,2022-11-17,281250.67,6
LEAN_SIZER,2022-11-18,281175.09,6
LEAN_SIZER,2022-11-21,279293.86,7
LEAN_SIZER,2022-11-22,282486.81,6
LEAN_SIZER,2022-11-23,282821.08,7
LEAN_SIZER,2022-11-25,282318.49,9
LEAN_SIZER,2022-11-28,277286.55,9
LEAN_SIZER,2022-11-29,277858.12,9
LEAN_SIZER,2022-11-30,282469.22,9
LEAN_SIZER,2022-12-01,281420.94,9
LEAN_SIZER,2022-12-02,279473.24,9
LEAN_SIZER,2022-12-05,273677.27,9
LEAN_SIZER,2022-12-06,273307.32,7
LEAN_SIZER,2022-12-07,272929.25,7
LEAN_SIZER,2022-12-08,271858.63,7
LEAN_SIZER,2022-12-09,271419.96,7
LEAN_SIZER,2022-12-12,275990.94,6
LEAN_SIZER,2022-12-13,271099.66,9
LEAN_SIZER,2022-12-14,271844.05,9
LEAN_SIZER,2022-12-15,262310.52,9
LEAN_SIZER,2022-12-16,259994.1,8
LEAN_SIZER,2022-12-19,253742.95,8
LEAN_SIZER,2022-12-20,252856.95,8
LEAN_SIZER,2022-12-21,256371.74,10
LEAN_SIZER,2022-12-22,250642.98,10
LEAN_SIZER,2022-12-23,254418.38,10
LEAN_SIZER,2022-12-27,253571.38,10
LEAN_SIZER,2022-12-28,246253.78,10
LEAN_SIZER,2022-12-29,253984.48,10
LEAN_SIZER,2022-12-30,254243.8,10
LEAN_SIZER,2023-01-03,253603.19,10
LEAN_SIZER,2023-01-04,263690.54,10
LEAN_SIZER,2023-01-05,264450.62,10
LEAN_SIZER,2023-01-06,272043.32,10
LEAN_SIZER,2023-01-09,275985.98,10
LEAN_SIZER,2023-01-10,282232.95,10
LEAN_SIZER,2023-01-11,283583.61,10
LEAN_SIZER,2023-01-12,294015.23,10
LEAN_SIZER,2023-01-13,294352.54,10
LEAN_SIZER,2023-01-17,294405.97,10
LEAN_SIZER,2023-01-18,286570.99,7
LEAN_SIZER,2023-01-19,284063.5,7
LEAN_SIZER,2023-01-20,290552.19,9
LEAN_SIZER,2023-01-23,296075.85,9
LEAN_SIZER,2023-01-24,293697.89,9
LEAN_SIZER,2023-01-25,296356.15,8
LEAN_SIZER,2023-01-26,302198.27,9
LEAN_SIZER,2023-01-27,307391.41,10
LEAN_SIZER,2023-01-30,299218.57,10
LEAN_SIZER,2023-01-31,305592.12,10
LEAN_SIZER,2023-02-01,308815.64,10
LEAN_SIZER,2023-02-02,317141.4,10
LEAN_SIZER,2023-02-03,314482.63,10
LEAN_SIZER,2023-02-06,313142.46,10
LEAN_SIZER,2023-02-07,315513.73,10
LEAN_SIZER,2023-02-08,311721.52,10
LEAN_SIZER,2023-02-09,310817.53,10
LEAN_SIZER,2023-02-10,310850.04,10
LEAN_SIZER,2023-02-13,310333.95,10
LEAN_SIZER,2023-02-14,312919.55,10
LEAN_SIZER,2023-02-15,314610.56,10
LEAN_SIZER,2023-02-16,308678.56,10
LEAN_SIZER,2023-02-17,305476.96,10
LEAN_SIZER,2023-02-21,301704.87,10
LEAN_SIZER,2023-02-22,302769.77,10
LEAN_SIZER,2023-02-23,303820.79,10
LEAN_SIZER,2023-02-24,304822.95,10
LEAN_SIZER,2023-02-27,303059.68,10
LEAN_SIZER,2023-02-28,301238.4,10
LEAN_SIZER,2023-03-01,301416.0,10
LEAN_SIZER,2023-03-02,302532.08,10
LEAN_SIZER,2023-03-03,306701.06,10
LEAN_SIZER,2023-03-06,305041.51,10
LEAN_SIZER,2023-03-07,299714.11,10
LEAN_SIZER,2023-03-08,301329.06,10
LEAN_SIZER,2023-03-09,292910.94,10
LEAN_SIZER,2023-03-10,285082.1,10
LEAN_SIZER,2023-03-13,280067.37,10
LEAN_SIZER,2023-03-14,283635.78,10
LEAN_SIZER,2023-03-15,280897.16,10
LEAN_SIZER,2023-03-16,284840.56,10
LEAN_SIZER,2023-03-17,281374.6,10
LEAN_SIZER,2023-03-20,283458.6,10
LEAN_SIZER,2023-03-21,288620.89,10
LEAN_SIZER,2023-03-22,281297.92,10
LEAN_SIZER,2023-03-23,278881.18,10
LEAN_SIZER,2023-03-24,279880.35,10
LEAN_SIZER,2023-03-27,281922.44,10
LEAN_SIZER,2023-03-28,282100.52,10
LEAN_SIZER,2023-03-29,287027.56,10
LEAN_SIZER,2023-03-30,287396.56,10
LEAN_SIZER,2023-03-31,291487.58,10
LEAN_SIZER,2023-04-03,290748.83,10
LEAN_SIZER,2023-04-04,288308.63,10
LEAN_SIZER,2023-04-05,285649.49,8
LEAN_SIZER,2023-04-06,285990.15,9
LEAN_SIZER,2023-04-10,289562.23,9
LEAN_SIZER,2023-04-11,290224.49,9
LEAN_SIZER,2023-04-12,284645.4,9
LEAN_SIZER,2023-04-13,286742.65,8
LEAN_SIZER,2023-04-14,285457.25,10
LEAN_SIZER,2023-04-17,288288.17,10
LEAN_SIZER,2023-04-18,288819.55,10
LEAN_SIZER,2023-04-19,289864.81,10
LEAN_SIZER,2023-04-20,287543.98,10
LEAN_SIZER,2023-04-21,286785.6,10
LEAN_SIZER,2023-04-24,284040.81,10
LEAN_SIZER,2023-04-25,275219.13,9
LEAN_SIZER,2023-04-26,274277.33,9
LEAN_SIZER,2023-04-27,287739.36,10
LEAN_SIZER,2023-04-28,294437.27,10
LEAN_SIZER,2023-05-01,292236.86,10
LEAN_SIZER,2023-05-02,284580.21,10
LEAN_SIZER,2023-05-03,280949.06,10
LEAN_SIZER,2023-05-04,276702.01,10
LEAN_SIZER,2023-05-05,286661.69,10
LEAN_SIZER,2023-05-08,286276.56,10
LEAN_SIZER,2023-05-09,279886.71,10
LEAN_SIZER,2023-05-10,279053.89,10
LEAN_SIZER,2023-05-11,276618.28,10
LEAN_SIZER,2023-05-12,277189.86,10
LEAN_SIZER,2023-05-15,287651.3,10
LEAN_SIZER,2023-05-16,285663.59,10
LEAN_SIZER,2023-05-17,293469.1,10
LEAN_SIZER,2023-05-18,299829.14,10
LEAN_SIZER,2023-05-19,296224.6,10
LEAN_SIZER,2023-05-22,298403.51,10
LEAN_SIZER,2023-05-23,295114.59,10
LEAN_SIZER,2023-05-24,290718.19,10
LEAN_SIZER,2023-05-25,290061.52,10
LEAN_SIZER,2023-05-26,296638.07,10
LEAN_SIZER,2023-05-30,300339.82,10
LEAN_SIZER,2023-05-31,293056.5,10
LEAN_SIZER,2023-06-01,296939.87,10
LEAN_SIZER,2023-06-02,303564.13,10
LEAN_SIZER,2023-06-05,301274.93,10
LEAN_SIZER,2023-06-06,305568.7,10
LEAN_SIZER,2023-06-07,315328.93,10
LEAN_SIZER,2023-06-08,317210.07,10
LEAN_SIZER,2023-06-09,315473.29,9
LEAN_SIZER,2023-06-12,316742.4,9
LEAN_SIZER,2023-06-13,319052.12,10
LEAN_SIZER,2023-06-14,319347.3,10
LEAN_SIZER,2023-06-15,322012.55,10
LEAN_SIZER,2023-06-16,322346.53,10
LEAN_SIZER,2023-06-20,318113.91,10
LEAN_SIZER,2023-06-21,315841.25,10
LEAN_SIZER,2023-06-22,312037.18,8
LEAN_SIZER,2023-06-23,310095.25,9
LEAN_SIZER,2023-06-26,311742.61,9
LEAN_SIZER,2023-06-27,314159.73,9
LEAN_SIZER,2023-06-28,316361.03,10
LEAN_SIZER,2023-06-29,318427.44,10
LEAN_SIZER,2023-06-30,320031.95,10
LEAN_SIZER,2023-07-03,321383.31,10
LEAN_SIZER,2023-07-05,321251.16,10
LEAN_SIZER,2023-07-06,317247.9,10
LEAN_SIZER,2023-07-07,320688.89,9
LEAN_SIZER,2023-07-10,321705.35,10
LEAN_SIZER,2023-07-11,326986.93,10
LEAN_SIZER,2023-07-12,330897.28,10
LEAN_SIZER,2023-07-13,333627.34,10
LEAN_SIZER,2023-07-14,328729.09,10
LEAN_SIZER,2023-07-17,327395.26,10
LEAN_SIZER,2023-07-18,332128.32,10
LEAN_SIZER,2023-07-19,335759.96,10
LEAN_SIZER,2023-07-20,334056.01,10
LEAN_SIZER,2023-07-21,333921.86,10
LEAN_SIZER,2023-07-24,333558.89,10
LEAN_SIZER,2023-07-25,332172.96,10
LEAN_SIZER,2023-07-26,332025.61,9
LEAN_SIZER,2023-07-27,328046.23,9
LEAN_SIZER,2023-07-28,332990.48,10
LEAN_SIZER,2023-07-31,334404.85,10
LEAN_SIZER,2023-08-01,332562.43,10
LEAN_SIZER,2023-08-02,327462.69,10
LEAN_SIZER,2023-08-03,326522.88,9
LEAN_SIZER,2023-08-04,327902.61,10
LEAN_SIZER,2023-08-07,332843.56,10
LEAN_SIZER,2023-08-08,329842.97,10
LEAN_SIZER,2023-08-09,325526.89,9
LEAN_SIZER,2023-08-10,325508.76,8
LEAN_SIZER,2023-08-11,324519.44,8
LEAN_SIZER,2023-08-14,327377.88,10
LEAN_SIZER,2023-08-15,325533.32,10
LEAN_SIZER,2023-08-16,322225.3,10
LEAN_SIZER,2023-08-17,319582.47,10
LEAN_SIZER,2023-08-18,320644.01,10
LEAN_SIZER,2023-08-21,322070.45,10
LEAN_SIZER,2023-08-22,320429.17,10
LEAN_SIZER,2023-08-23,325603.73,10
LEAN_SIZER,2023-08-24,318905.54,10
LEAN_SIZER,2023-08-25,321211.37,9
LEAN_SIZER,2023-08-28,321961.41,10
LEAN_SIZER,2023-08-29,329079.1,10
LEAN_SIZER,2023-08-30,329962.95,10
LEAN_SIZER,2023-08-31,328846.54,10
LEAN_SIZER,2023-09-01,329183.47,10
LEAN_SIZER,2023-09-05,328914.25,10
LEAN_SIZER,2023-09-06,327225.87,10
LEAN_SIZER,2023-09-07,326669.91,10
LEAN_SIZER,2023-09-08,326838.68,10
LEAN_SIZER,2023-09-11,329334.45,10
LEAN_SIZER,2023-09-12,322335.84,10
LEAN_SIZER,2023-09-13,323909.51,10
LEAN_SIZER,2023-09-14,328681.02,10
LEAN_SIZER,2023-09-15,323332.95,10
LEAN_SIZER,2023-09-18,323314.03,10
LEAN_SIZER,2023-09-19,323715.47,10
LEAN_SIZER,2023-09-20,319946.96,10
LEAN_SIZER,2023-09-21,314255.15,10
LEAN_SIZER,2023-09-22,313291.61,10
LEAN_SIZER,2023-09-25,313185.24,9
LEAN_SIZER,2023-09-26,308966.49,9
LEAN_SIZER,2023-09-27,310372.6,9
LEAN_SIZER,2023-09-28,315991.16,10
LEAN_SIZER,2023-09-29,311970.74,10
LEAN_SIZER,2023-10-02,312931.6,10
LEAN_SIZER,2023-10-03,306195.76,10
LEAN_SIZER,2023-10-04,309800.58,10
LEAN_SIZER,2023-10-05,309785.77,10
LEAN_SIZER,2023-10-06,314187.42,10
LEAN_SIZER,2023-10-09,316778.09,10
LEAN_SIZER,2023-10-10,318547.63,10
LEAN_SIZER,2023-10-11,319240.91,10
LEAN_SIZER,2023-10-12,317764.46,10
LEAN_SIZER,2023-10-13,314954.65,10
LEAN_SIZER,2023-10-16,318896.51,10
LEAN_SIZER,2023-10-17,320139.8,10
LEAN_SIZER,2023-10-18,315335.74,10
LEAN_SIZER,2023-10-19,313699.32,10
LEAN_SIZER,2023-10-20,308287.24,10
LEAN_SIZER,2023-10-23,308862.36,10
LEAN_SIZER,2023-10-24,312292.8,9
LEAN_SIZER,2023-10-25,301969.75,9
LEAN_SIZER,2023-10-26,295999.17,9
LEAN_SIZER,2023-10-27,298488.09,10
LEAN_SIZER,2023-10-30,301770.41,10
LEAN_SIZER,2023-10-31,304577.46,10
LEAN_SIZER,2023-11-01,312031.52,10
LEAN_SIZER,2023-11-02,315604.3,10
LEAN_SIZER,2023-11-03,321133.45,10
LEAN_SIZER,2023-11-06,321634.83,10
LEAN_SIZER,2023-11-07,323089.62,10
LEAN_SIZER,2023-11-08,325246.76,10
LEAN_SIZER,2023-11-09,322464.1,10
LEAN_SIZER,2023-11-10,328509.55,9
LEAN_SIZER,2023-11-13,328896.21,10
LEAN_SIZER,2023-11-14,335535.63,10
LEAN_SIZER,2023-11-15,335689.6,10
LEAN_SIZER,2023-11-16,338903.94,10
LEAN_SIZER,2023-11-17,338410.23,10
LEAN_SIZER,2023-11-20,340046.26,10
LEAN_SIZER,2023-11-21,337801.97,10
LEAN_SIZER,2023-11-22,340459.07,10
LEAN_SIZER,2023-11-24,340117.44,10
LEAN_SIZER,2023-11-27,339001.02,8
LEAN_SIZER,2023-11-28,338536.96,4
LEAN_SIZER,2023-11-29,338030.38,4
LEAN_SIZER,2023-11-30,339316.98,5
LEAN_SIZER,2023-12-01,340916.16,8
LEAN_SIZER,2023-12-04,342448.11,9
LEAN_SIZER,2023-12-05,339732.13,9
LEAN_SIZER,2023-12-06,343390.52,9
LEAN_SIZER,2023-12-07,344854.39,9
LEAN_SIZER,2023-12-08,348138.66,9
LEAN_SIZER,2023-12-11,350125.75,9
LEAN_SIZER,2023-12-12,349545.68,9
LEAN_SIZER,2023-12-13,357523.88,9
LEAN_SIZER,2023-12-14,358646.79,9
LEAN_SIZER,2023-12-15,357668.51,9
LEAN_SIZER,2023-12-18,358036.93,8
LEAN_SIZER,2023-12-19,362015.83,9
LEAN_SIZER,2023-12-20,358473.31,9
LEAN_SIZER,2023-12-21,363781.59,7
LEAN_SIZER,2023-12-22,365376.05,9
LEAN_SIZER,2023-12-26,367343.53,9
LEAN_SIZER,2023-12-27,366807.57,9
LEAN_SIZER,2023-12-28,366916.59,7
LEAN_SIZER,2023-12-29,365849.72,7
LEAN_SIZER,2024-01-02,372129.59,8
LEAN_SIZER,2024-01-03,369186.25,9
LEAN_SIZER,2024-01-04,364116.78,8
LEAN_SIZER,2024-01-05,365654.75,8
LEAN_SIZER,2024-01-08,366224.49,8
LEAN_SIZER,2024-01-09,363061.96,9
LEAN_SIZER,2024-01-10,363954.35,10
LEAN_SIZER,2024-01-11,365625.03,10
LEAN_SIZER,2024-01-12,360313.71,10
LEAN_SIZER,2024-01-16,355607.7,10
LEAN_SIZER,2024-01-17,353644.84,10
LEAN_SIZER,2024-01-18,359681.84,10
LEAN_SIZER,2024-01-19,362776.13,10
LEAN_SIZER,2024-01-22,362156.45,10
LEAN_SIZER,2024-01-23,367536.64,10
LEAN_SIZER,2024-01-24,364618.89,10
LEAN_SIZER,2024-01-25,373210.04,10
LEAN_SIZER,2024-01-26,374253.52,10
LEAN_SIZER,2024-01-29,374765.15,10
LEAN_SIZER,2024-01-30,372510.34,10
LEAN_SIZER,2024-01-31,366136.39,10
LEAN_SIZER,2024-02-01,369024.83,9
LEAN_SIZER,2024-02-02,366349.07,10
LEAN_SIZER,2024-02-05,359300.12,10
LEAN_SIZER,2024-02-06,362166.46,10
LEAN_SIZER,2024-02-07,360297.78,10
LEAN_SIZER,2024-02-08,361744.33,10
LEAN_SIZER,2024-02-09,359137.8,10
LEAN_SIZER,2024-02-12,364200.43,10
LEAN_SIZER,2024-02-13,356767.67,10
LEAN_SIZER,2024-02-14,358609.94,10
LEAN_SIZER,2024-02-15,360818.65,10
LEAN_SIZER,2024-02-16,356488.89,10
LEAN_SIZER,2024-02-20,353735.23,10
LEAN_SIZER,2024-02-21,354299.67,10
LEAN_SIZER,2024-02-22,358984.09,10
LEAN_SIZER,2024-02-23,351022.81,10
LEAN_SIZER,2024-02-26,349097.44,10
LEAN_SIZER,2024-02-27,352337.76,10
LEAN_SIZER,2024-02-28,350904.39,10
LEAN_SIZER,2024-02-29,354776.77,10
LEAN_SIZER,2024-03-01,355625.57,10
LEAN_SIZER,2024-03-04,351615.54,10
LEAN_SIZER,2024-03-05,352349.49,10
LEAN_SIZER,2024-03-06,356576.07,10
LEAN_SIZER,2024-03-07,359563.71,10
LEAN_SIZER,2024-03-08,359245.07,10
LEAN_SIZER,2024-03-11,360440.64,10
LEAN_SIZER,2024-03-12,358239.16,10
LEAN_SIZER,2024-03-13,358431.11,10
LEAN_SIZER,2024-03-14,354417.54,10
LEAN_SIZER,2024-03-15,352560.39,10
LEAN_SIZER,2024-03-18,353161.54,10
LEAN_SIZER,2024-03-19,355449.52,10
LEAN_SIZER,2024-03-20,366020.73,10
LEAN_SIZER,2024-03-21,363603.5,10
LEAN_SIZER,2024-03-22,362381.42,10
LEAN_SIZER,2024-03-25,363198.92,9
LEAN_SIZER,2024-03-26,361119.27,10
LEAN_SIZER,2024-03-27,365850.29,10
LEAN_SIZER,2024-03-28,367551.56,10
LEAN_SIZER,2024-04-01,366146.85,10
LEAN_SIZER,2024-04-02,362048.48,9
LEAN_SIZER,2024-04-03,363040.23,9
LEAN_SIZER,2024-04-04,356835.8,10
LEAN_SIZER,2024-04-05,358507.02,9
LEAN_SIZER,2024-04-08,358422.92,10
LEAN_SIZER,2024-04-09,359278.78,10
LEAN_SIZER,2024-04-10,354649.57,10
LEAN_SIZER,2024-04-11,358505.11,10
LEAN_SIZER,2024-04-12,353902.93,10
LEAN_SIZER,2024-04-15,350872.4,10
LEAN_SIZER,2024-04-16,349955.64,10
LEAN_SIZER,2024-04-17,348781.08,10
LEAN_SIZER,2024-04-18,348185.73,10
LEAN_SIZER,2024-04-19,347736.32,10
LEAN_SIZER,2024-04-22,350252.04,10
LEAN_SIZER,2024-04-23,350872.0,10
LEAN_SIZER,2024-04-24,352690.9,10
LEAN_SIZER,2024-04-25,353672.87,10
LEAN_SIZER,2024-04-26,355475.07,10
LEAN_SIZER,2024-04-29,358555.1,10
LEAN_SIZER,2024-04-30,350357.59,10
LEAN_SIZER,2024-05-01,343139.43,10
LEAN_SIZER,2024-05-02,347706.43,10
LEAN_SIZER,2024-05-03,352006.95,10
LEAN_SIZER,2024-05-06,352903.51,10
LEAN_SIZER,2024-05-07,352092.36,10
LEAN_SIZER,2024-05-08,354649.42,10
LEAN_SIZER,2024-05-09,355266.04,10
LEAN_SIZER,2024-05-10,356100.42,10
LEAN_SIZER,2024-05-13,358688.36,10
LEAN_SIZER,2024-05-14,360001.04,10
LEAN_SIZER,2024-05-15,360178.02,10
LEAN_SIZER,2024-05-16,363669.1,10
LEAN_SIZER,2024-05-17,364414.8,10
LEAN_SIZER,2024-05-20,364661.56,10
LEAN_SIZER,2024-05-21,363645.74,10
LEAN_SIZER,2024-05-22,362227.0,10
LEAN_SIZER,2024-05-23,352463.81,10
LEAN_SIZER,2024-05-24,355435.36,9
LEAN_SIZER,2024-05-28,355181.97,9
LEAN_SIZER,2024-05-29,351951.87,9
LEAN_SIZER,2024-05-30,356093.47,9
LEAN_SIZER,2024-05-31,363354.06,10
LEAN_SIZER,2024-06-03,366201.81,10
LEAN_SIZER,2024-06-04,368637.14,10
LEAN_SIZER,2024-06-05,370087.27,10
LEAN_SIZER,2024-06-06,369346.87,10
LEAN_SIZER,2024-06-07,367180.37,10
LEAN_SIZER,2024-06-10,369345.89,10
LEAN_SIZER,2024-06-11,367312.75,10
LEAN_SIZER,2024-06-12,366348.2,10
LEAN_SIZER,2024-06-13,366430.25,10
LEAN_SIZER,2024-06-14,363684.61,10
LEAN_SIZER,2024-06-17,368753.0,10
LEAN_SIZER,2024-06-18,365879.81,10
LEAN_SIZER,2024-06-20,366201.08,10
LEAN_SIZER,2024-06-21,365834.71,10
LEAN_SIZER,2024-06-24,367583.91,10
LEAN_SIZER,2024-06-25,365934.59,10
LEAN_SIZER,2024-06-26,369306.6,10
LEAN_SIZER,2024-06-27,373499.44,10
LEAN_SIZER,2024-06-28,375812.16,10
LEAN_SIZER,2024-07-01,377210.65,10
LEAN_SIZER,2024-07-02,382508.53,10
LEAN_SIZER,2024-07-03,386528.21,10
LEAN_SIZER,2024-07-05,387563.36,10
LEAN_SIZER,2024-07-08,387112.51,8
LEAN_SIZER,2024-07-09,388989.66,7
LEAN_SIZER,2024-07-10,390160.23,8
LEAN_SIZER,2024-07-11,388838.81,10
LEAN_SIZER,2024-07-12,392780.3,10
LEAN_SIZER,2024-07-15,389542.73,10
LEAN_SIZER,2024-07-16,400615.66,10
LEAN_SIZER,2024-07-17,404418.0,10
LEAN_SIZER,2024-07-18,403484.53,10
LEAN_SIZER,2024-07-19,400587.97,9
LEAN_SIZER,2024-07-22,399867.57,7
LEAN_SIZER,2024-07-23,398948.16,9
LEAN_SIZER,2024-07-24,392009.41,8
LEAN_SIZER,2024-07-25,388163.07,7
LEAN_SIZER,2024-07-26,405236.09,8
LEAN_SIZER,2024-07-29,405601.7,9
LEAN_SIZER,2024-07-30,412820.83,9
LEAN_SIZER,2024-07-31,418642.37,9
LEAN_SIZER,2024-08-01,411638.02,9
LEAN_SIZER,2024-08-02,401595.83,9
LEAN_SIZER,2024-08-05,393370.05,9
LEAN_SIZER,2024-08-06,393304.84,8
LEAN_SIZER,2024-08-07,390815.9,9
LEAN_SIZER,2024-08-08,393988.43,9
LEAN_SIZER,2024-08-09,394266.48,9
LEAN_SIZER,2024-08-12,393558.32,9
LEAN_SIZER,2024-08-13,411171.57,9
LEAN_SIZER,2024-08-14,411285.81,9
LEAN_SIZER,2024-08-15,417761.77,9
LEAN_SIZER,2024-08-16,419004.57,9
LEAN_SIZER,2024-08-19,421100.37,10
LEAN_SIZER,2024-08-20,418667.4,10
LEAN_SIZER,2024-08-21,420041.55,10
LEAN_SIZER,2024-08-22,412514.25,10
LEAN_SIZER,2024-08-23,422244.01,10
LEAN_SIZER,2024-08-26,422578.99,10
LEAN_SIZER,2024-08-27,423334.11,10
LEAN_SIZER,2024-08-28,417285.46,9
LEAN_SIZER,2024-08-29,418132.14,9
LEAN_SIZER,2024-08-30,421632.7,10
LEAN_SIZER,2024-09-03,413425.46,10
LEAN_SIZER,2024-09-04,415604.06,9
LEAN_SIZER,2024-09-05,416407.94,10
LEAN_SIZER,2024-09-06,407634.97,10
LEAN_SIZER,2024-09-09,413727.01,9
LEAN_SIZER,2024-09-10,414419.91,10
LEAN_SIZER,2024-09-11,415713.18,10
LEAN_SIZER,2024-09-12,418859.32,10
LEAN_SIZER,2024-09-13,419485.22,10
LEAN_SIZER,2024-09-16,422374.78,10
LEAN_SIZER,2024-09-17,421952.62,10
LEAN_SIZER,2024-09-18,422840.94,10
LEAN_SIZER,2024-09-19,429491.65,10
LEAN_SIZER,2024-09-20,423985.59,10
LEAN_SIZER,2024-09-23,427298.02,10
LEAN_SIZER,2024-09-24,429418.38,10
LEAN_SIZER,2024-09-25,425090.19,10
LEAN_SIZER,2024-09-26,436918.21,10
LEAN_SIZER,2024-09-27,439595.38,10
LEAN_SIZER,2024-09-30,436922.3,10
LEAN_SIZER,2024-10-01,436657.06,10
LEAN_SIZER,2024-10-02,434445.48,7
LEAN_SIZER,2024-10-03,433466.96,7
LEAN_SIZER,2024-10-04,436638.71,7
LEAN_SIZER,2024-10-07,433470.31,10
LEAN_SIZER,2024-10-08,431119.07,10
LEAN_SIZER,2024-10-09,433725.62,10
LEAN_SIZER,2024-10-10,432694.69,10
LEAN_SIZER,2024-10-11,437917.86,10
LEAN_SIZER,2024-10-14,438660.46,10
LEAN_SIZER,2024-10-15,438283.48,10
LEAN_SIZER,2024-10-16,442734.81,10
LEAN_SIZER,2024-10-17,439184.82,10
LEAN_SIZER,2024-10-18,444651.05,10
LEAN_SIZER,2024-10-21,441231.34,10
LEAN_SIZER,2024-10-22,442956.45,10
LEAN_SIZER,2024-10-23,438009.19,10
LEAN_SIZER,2024-10-24,438211.33,10
LEAN_SIZER,2024-10-25,437593.46,10
LEAN_SIZER,2024-10-28,441171.38,10
LEAN_SIZER,2024-10-29,437175.27,10
LEAN_SIZER,2024-10-30,436489.64,10
LEAN_SIZER,2024-10-31,431041.93,10
LEAN_SIZER,2024-11-01,435141.92,10
LEAN_SIZER,2024-11-04,434369.62,10
LEAN_SIZER,2024-11-05,438586.74,10
LEAN_SIZER,2024-11-06,443637.27,10
LEAN_SIZER,2024-11-07,453650.05,10
LEAN_SIZER,2024-11-08,451690.6,10
LEAN_SIZER,2024-11-11,452218.53,10
LEAN_SIZER,2024-11-12,448123.14,10
LEAN_SIZER,2024-11-13,447983.22,10
LEAN_SIZER,2024-11-14,443217.35,10
LEAN_SIZER,2024-11-15,436649.22,10
LEAN_SIZER,2024-11-18,441057.76,10
LEAN_SIZER,2024-11-19,440175.28,10
LEAN_SIZER,2024-11-20,440635.09,10
LEAN_SIZER,2024-11-21,443775.92,10
LEAN_SIZER,2024-11-22,450141.67,10
LEAN_SIZER,2024-11-25,456056.88,10
LEAN_SIZER,2024-11-26,449907.63,10
LEAN_SIZER,2024-11-27,449830.81,10
LEAN_SIZER,2024-11-29,452641.79,10
LEAN_SIZER,2024-12-02,455884.41,10
LEAN_SIZER,2024-12-03,453330.79,10
LEAN_SIZER,2024-12-04,450671.33,10
LEAN_SIZER,2024-12-05,447156.43,10
LEAN_SIZER,2024-12-06,448967.64,10
LEAN_SIZER,2024-12-09,448377.32,10
LEAN_SIZER,2024-12-10,446530.73,10
LEAN_SIZER,2024-12-11,449724.56,10
LEAN_SIZER,2024-12-12,450805.15,10
LEAN_SIZER,2024-12-13,445185.33,10
LEAN_SIZER,2024-12-16,441438.28,10
LEAN_SIZER,2024-12-17,442295.28,10
LEAN_SIZER,2024-12-18,433898.58,10
LEAN_SIZER,2024-12-19,434231.11,9
LEAN_SIZER,2024-12-20,438000.67,9
LEAN_SIZER,2024-12-23,439233.93,10
LEAN_SIZER,2024-12-24,441538.42,10
LEAN_SIZER,2024-12-26,441216.41,10
LEAN_SIZER,2024-12-27,438438.71,10
LEAN_SIZER,2024-12-30,434277.04,10
LEAN_SIZER,2024-12-31,435532.32,10
LEAN_SIZER,2025-01-02,434774.3,10
LEAN_SIZER,2025-01-03,438048.84,10
LEAN_SIZER,2025-01-06,439989.73,10
LEAN_SIZER,2025-01-07,435602.91,10
LEAN_SIZER,2025-01-08,432307.91,10
LEAN_SIZER,2025-01-10,442472.34,10
LEAN_SIZER,2025-01-13,446651.14,10
LEAN_SIZER,2025-01-14,449503.09,10
LEAN_SIZER,2025-01-15,452620.27,10
LEAN_SIZER,2025-01-16,452761.87,10
LEAN_SIZER,2025-01-17,454516.2,10
LEAN_SIZER,2025-01-21,451437.53,10
LEAN_SIZER,2025-01-22,450254.6,10
LEAN_SIZER,2025-01-23,453560.72,10
LEAN_SIZER,2025-01-24,452734.54,10
LEAN_SIZER,2025-01-27,449764.16,10
LEAN_SIZER,2025-01-28,446627.99,10
LEAN_SIZER,2025-01-29,450239.89,10
LEAN_SIZER,2025-01-30,453129.27,10
LEAN_SIZER,2025-01-31,448339.15,10
LEAN_SIZER,2025-02-03,440181.04,10
LEAN_SIZER,2025-02-04,446334.15,9
LEAN_SIZER,2025-02-05,450152.64,10
LEAN_SIZER,2025-02-06,447360.66,10
LEAN_SIZER,2025-02-07,446831.14,10
LEAN_SIZER,2025-02-10,457511.9,10
LEAN_SIZER,2025-02-11,451669.76,10
LEAN_SIZER,2025-02-12,457846.28,10
LEAN_SIZER,2025-02-13,469040.83,10
LEAN_SIZER,2025-02-14,470612.48,10
LEAN_SIZER,2025-02-18,484628.83,10
LEAN_SIZER,2025-02-19,483188.84,10
LEAN_SIZER,2025-02-20,485755.13,10
LEAN_SIZER,2025-02-21,478352.98,10
LEAN_SIZER,2025-02-24,479985.81,10
LEAN_SIZER,2025-02-25,479436.83,10
LEAN_SIZER,2025-02-26,474652.61,10
LEAN_SIZER,2025-02-27,475463.11,10
LEAN_SIZER,2025-02-28,483019.19,10
LEAN_SIZER,2025-03-03,476440.29,10
LEAN_SIZER,2025-03-04,469479.59,10
LEAN_SIZER,2025-03-05,473760.36,10
LEAN_SIZER,2025-03-06,473426.37,10
LEAN_SIZER,2025-03-07,481191.62,10
LEAN_SIZER,2025-03-10,479004.98,10
LEAN_SIZER,2025-03-11,474426.94,10
LEAN_SIZER,2025-03-12,471929.58,10
LEAN_SIZER,2025-03-13,470533.12,10
LEAN_SIZER,2025-03-14,482912.4,10
LEAN_SIZER,2025-03-17,489136.7,10
LEAN_SIZER,2025-03-18,488467.9,10
LEAN_SIZER,2025-03-19,494270.11,10
LEAN_SIZER,2025-03-20,494249.41,10
LEAN_SIZER,2025-03-21,490380.46,10
LEAN_SIZER,2025-03-24,497454.16,10
LEAN_SIZER,2025-03-25,497153.83,10
LEAN_SIZER,2025-03-26,493852.01,10
LEAN_SIZER,2025-03-27,485279.24,10
LEAN_SIZER,2025-03-28,480863.02,10
LEAN_SIZER,2025-03-31,483119.42,10
LEAN_SIZER,2025-04-01,478473.09,10
LEAN_SIZER,2025-04-02,479510.33,10
LEAN_SIZER,2025-04-03,450245.27,10
LEAN_SIZER,2025-04-04,418475.57,10
LEAN_SIZER,2025-04-07,414183.95,10
LEAN_SIZER,2025-04-08,401911.97,10
LEAN_SIZER,2025-04-09,436829.32,10
LEAN_SIZER,2025-04-10,412419.5,10
LEAN_SIZER,2025-04-11,418331.82,10
LEAN_SIZER,2025-04-14,422141.88,10
LEAN_SIZER,2025-04-15,422048.87,10
LEAN_SIZER,2025-04-16,416612.56,10
LEAN_SIZER,2025-04-17,421952.4,10
LEAN_SIZER,2025-04-21,414315.06,10
LEAN_SIZER,2025-04-22,423096.05,10
LEAN_SIZER,2025-04-23,425575.46,10
LEAN_SIZER,2025-04-24,435123.01,10
LEAN_SIZER,2025-04-25,432916.16,10
LEAN_SIZER,2025-04-28,432241.88,10
LEAN_SIZER,2025-04-29,435394.92,10
LEAN_SIZER,2025-04-30,436005.05,10
LEAN_SIZER,2025-05-01,437004.41,10
LEAN_SIZER,2025-05-02,445185.46,10
LEAN_SIZER,2025-05-05,440390.29,10
LEAN_SIZER,2025-05-06,439269.98,9
LEAN_SIZER,2025-05-07,444020.29,7
LEAN_SIZER,2025-05-08,447978.9,6
LEAN_SIZER,2025-05-09,451206.37,8
LEAN_SIZER,2025-05-12,461817.07,9
LEAN_SIZER,2025-05-13,472974.45,10
LEAN_SIZER,2025-05-14,469785.97,9
LEAN_SIZER,2025-05-15,471962.77,10
LEAN_SIZER,2025-05-16,473353.28,10
LEAN_SIZER,2025-05-19,467301.45,10
LEAN_SIZER,2025-05-20,465914.6,10
LEAN_SIZER,2025-05-21,458082.14,10
LEAN_SIZER,2025-05-22,455175.48,8
LEAN_SIZER,2025-05-23,454841.47,8
LEAN_SIZER,2025-05-27,459265.1,10
LEAN_SIZER,2025-05-28,455907.77,10
LEAN_SIZER,2025-05-29,456785.66,10
LEAN_SIZER,2025-05-30,455702.09,10
LEAN_SIZER,2025-06-02,461103.4,10
LEAN_SIZER,2025-06-03,462036.33,10
LEAN_SIZER,2025-06-04,459661.31,10
LEAN_SIZER,2025-06-05,458977.51,10
LEAN_SIZER,2025-06-06,461933.79,10
LEAN_SIZER,2025-06-09,465570.38,10
LEAN_SIZER,2025-06-10,471683.85,10
LEAN_SIZER,2025-06-11,470700.83,10
LEAN_SIZER,2025-06-12,472446.0,10
LEAN_SIZER,2025-06-13,473275.38,10
LEAN_SIZER,2025-06-16,473840.59,10
LEAN_SIZER,2025-06-17,470476.42,10
LEAN_SIZER,2025-06-18,472202.57,10
LEAN_SIZER,2025-06-20,476396.05,10
LEAN_SIZER,2025-06-23,473706.87,10
LEAN_SIZER,2025-06-24,477299.16,10
LEAN_SIZER,2025-06-25,477653.69,10
LEAN_SIZER,2025-06-26,483790.64,10
LEAN_SIZER,2025-06-27,485384.42,10
LEAN_SIZER,2025-06-30,488788.87,10
LEAN_SIZER,2025-07-01,493844.89,10
LEAN_SIZER,2025-07-02,502611.65,10
LEAN_SIZER,2025-07-03,505509.76,10
LEAN_SIZER,2025-07-07,498870.02,10
LEAN_SIZER,2025-07-08,500022.03,8
LEAN_SIZER,2025-07-09,513023.55,10
LEAN_SIZER,2025-07-10,509501.14,10
LEAN_SIZER,2025-07-11,506014.1,10
LEAN_SIZER,2025-07-14,503992.58,9
LEAN_SIZER,2025-07-15,506176.73,10
LEAN_SIZER,2025-07-16,508781.05,10
LEAN_SIZER,2025-07-17,511378.64,10
LEAN_SIZER,2025-07-18,511171.17,10
LEAN_SIZER,2025-07-21,508784.1,10
LEAN_SIZER,2025-07-22,511130.63,10
LEAN_SIZER,2025-07-23,516086.64,10
LEAN_SIZER,2025-07-24,517431.96,10
LEAN_SIZER,2025-07-25,516256.74,10
LEAN_SIZER,2025-07-28,517690.0,10
LEAN_SIZER,2025-07-29,513209.14,10
LEAN_SIZER,2025-07-30,513770.5,10
LEAN_SIZER,2025-07-31,514554.64,10
LEAN_SIZER,2025-08-01,504610.92,10
LEAN_SIZER,2025-08-04,509970.99,9
LEAN_SIZER,2025-08-05,512087.19,10
LEAN_SIZER,2025-08-06,501426.43,10
LEAN_SIZER,2025-08-07,501007.57,10
LEAN_SIZER,2025-08-08,503328.77,10
LEAN_SIZER,2025-08-11,500102.68,10
LEAN_SIZER,2025-08-12,505514.57,10
LEAN_SIZER,2025-08-13,509039.45,10
LEAN_SIZER,2025-08-14,507809.25,10
LEAN_SIZER,2025-08-15,512294.19,10
LEAN_SIZER,2025-08-18,511315.78,10
LEAN_SIZER,2025-08-19,511518.28,10
LEAN_SIZER,2025-08-20,508304.69,10
LEAN_SIZER,2025-08-21,509302.85,10
LEAN_SIZER,2025-08-22,515980.09,10
LEAN_SIZER,2025-08-25,514972.2,10
LEAN_SIZER,2025-08-26,515510.83,9
LEAN_SIZER,2025-08-27,517331.91,9
LEAN_SIZER,2025-08-28,517552.3,10
LEAN_SIZER,2025-08-29,510719.22,10
LEAN_SIZER,2025-09-02,508881.77,9
LEAN_SIZER,2025-09-03,507444.84,10
LEAN_SIZER,2025-09-04,508584.43,10
LEAN_SIZER,2025-09-05,514093.67,10
LEAN_SIZER,2025-09-08,516078.2,10
LEAN_SIZER,2025-09-09,518865.15,10
LEAN_SIZER,2025-09-10,525747.49,10
LEAN_SIZER,2025-09-11,545197.24,10
LEAN_SIZER,2025-09-12,560605.87,10
LEAN_SIZER,2025-09-15,565396.17,10
LEAN_SIZER,2025-09-16,561497.63,10
LEAN_SIZER,2025-09-17,557875.56,10
LEAN_SIZER,2025-09-18,560224.02,10
LEAN_SIZER,2025-09-19,562101.84,10
LEAN_SIZER,2025-09-22,564792.67,10
LEAN_SIZER,2025-09-23,562959.4,10
LEAN_SIZER,2025-09-24,567638.34,10
LEAN_SIZER,2025-09-25,562162.95,10
LEAN_SIZER,2025-09-26,564667.7,10
LEAN_SIZER,2025-09-29,567845.66,10
LEAN_SIZER,2025-09-30,568544.09,10
LEAN_SIZER,2025-10-01,574763.25,10
LEAN_SIZER,2025-10-02,572900.02,10
LEAN_SIZER,2025-10-03,576425.87,10
LEAN_SIZER,2025-10-06,581447.74,10
LEAN_SIZER,2025-10-07,583935.03,10
LEAN_SIZER,2025-10-08,588316.24,10
LEAN_SIZER,2025-10-09,584811.58,10
LEAN_SIZER,2025-10-10,561117.87,10
LEAN_SIZER,2025-10-13,571198.29,10
LEAN_SIZER,2025-10-14,571713.52,10
LEAN_SIZER,2025-10-15,573479.28,10
LEAN_SIZER,2025-10-16,571820.54,10
LEAN_SIZER,2025-10-17,570933.29,10
LEAN_SIZER,2025-10-20,582352.39,10
LEAN_SIZER,2025-10-21,586536.48,10
LEAN_SIZER,2025-10-22,577162.51,10
LEAN_SIZER,2025-10-23,570363.74,10
LEAN_SIZER,2025-10-24,577218.85,10
LEAN_SIZER,2025-10-27,587003.52,10
LEAN_SIZER,2025-10-28,583687.61,10
LEAN_SIZER,2025-10-29,591540.16,10
LEAN_SIZER,2025-10-30,587986.87,10
LEAN_SIZER,2025-10-31,598905.59,10
LEAN_SIZER,2025-11-03,603422.76,10
LEAN_SIZER,2025-11-04,586954.92,9
LEAN_SIZER,2025-11-05,589321.63,9
LEAN_SIZER,2025-11-06,580313.67,10
LEAN_SIZER,2025-11-07,583796.72,10
LEAN_SIZER,2025-11-10,584098.01,10
LEAN_SIZER,2025-11-11,584784.03,10
LEAN_SIZER,2025-11-12,586552.07,10
LEAN_SIZER,2025-11-13,573111.68,10
LEAN_SIZER,2025-11-14,571031.11,10
LEAN_SIZER,2025-11-17,559529.48,10
LEAN_SIZER,2025-11-18,559860.39,8
LEAN_SIZER,2025-11-19,555406.51,10
LEAN_SIZER,2025-11-20,544208.77,10
LEAN_SIZER,2025-11-21,554494.9,10
LEAN_SIZER,2025-11-24,562704.55,10
LEAN_SIZER,2025-11-25,567456.07,10
LEAN_SIZER,2025-11-26,579057.92,10
LEAN_SIZER,2025-11-28,581930.76,10
LEAN_SIZER,2025-12-01,576150.27,10
LEAN_SIZER,2025-12-02,576130.29,10
LEAN_SIZER,2025-12-03,586305.87,10
LEAN_SIZER,2025-12-04,590924.26,10
LEAN_SIZER,2025-12-05,587595.19,10
LEAN_SIZER,2025-12-08,586370.21,10
LEAN_SIZER,2025-12-09,585603.55,10
LEAN_SIZER,2025-12-10,596174.66,10
LEAN_SIZER,2025-12-11,595686.11,10
LEAN_SIZER,2025-12-12,591799.23,10
LEAN_SIZER,2025-12-15,588542.53,9
LEAN_SIZER,2025-12-16,585503.31,8
LEAN_SIZER,2025-12-17,581088.43,8
LEAN_SIZER,2025-12-18,581317.86,9
LEAN_SIZER,2025-12-19,575893.56,10
LEAN_SIZER,2025-12-22,579764.6,10
LEAN_SIZER,2025-12-23,578019.22,10
LEAN_SIZER,2025-12-24,583588.23,10
LEAN_SIZER,2025-12-26,585361.04,10
LEAN_SIZER,2025-12-29,586410.18,10
LEAN_SIZER,2025-12-30,585990.46,10
LEAN_SIZER,2025-12-31,585395.14,10
LEAN_SELECT,2016-01-04,100000.0,0
LEAN_SELECT,2016-01-05,100000.0,0
LEAN_SELECT,2016-01-06,100000.0,0
LEAN_SELECT,2016-01-07,100000.0,0
LEAN_SELECT,2016-01-08,100000.0,0
LEAN_SELECT,2016-01-11,100000.0,0
LEAN_SELECT,2016-01-12,100000.0,0
LEAN_SELECT,2016-01-13,100000.0,0
LEAN_SELECT,2016-01-14,100000.0,0
LEAN_SELECT,2016-01-15,100000.0,0
LEAN_SELECT,2016-01-19,100000.0,0
LEAN_SELECT,2016-01-20,100000.0,0
LEAN_SELECT,2016-01-21,100000.0,0
LEAN_SELECT,2016-01-22,100000.0,0
LEAN_SELECT,2016-01-25,100000.0,0
LEAN_SELECT,2016-01-26,100000.0,0
LEAN_SELECT,2016-01-27,100000.0,0
LEAN_SELECT,2016-01-28,100000.0,0
LEAN_SELECT,2016-01-29,100000.0,0
LEAN_SELECT,2016-02-01,100682.42,10
LEAN_SELECT,2016-02-02,97832.08,10
LEAN_SELECT,2016-02-03,98890.22,10
LEAN_SELECT,2016-02-04,98972.39,10
LEAN_SELECT,2016-02-05,96938.75,10
LEAN_SELECT,2016-02-08,94212.93,9
LEAN_SELECT,2016-02-09,93539.51,10
LEAN_SELECT,2016-02-10,93750.24,10
LEAN_SELECT,2016-02-11,92265.48,10
LEAN_SELECT,2016-02-12,94200.46,9
LEAN_SELECT,2016-02-16,96002.19,10
LEAN_SELECT,2016-02-17,97698.22,10
LEAN_SELECT,2016-02-18,97023.26,10
LEAN_SELECT,2016-02-19,98299.56,10
LEAN_SELECT,2016-02-22,99578.4,10
LEAN_SELECT,2016-02-23,98434.26,10
LEAN_SELECT,2016-02-24,99454.57,9
LEAN_SELECT,2016-02-25,100781.93,10
LEAN_SELECT,2016-02-26,100436.95,10
LEAN_SELECT,2016-02-29,99819.21,10
LEAN_SELECT,2016-03-01,102765.77,10
LEAN_SELECT,2016-03-02,102900.61,10
LEAN_SELECT,2016-03-03,102987.34,10
LEAN_SELECT,2016-03-04,103073.86,10
LEAN_SELECT,2016-03-07,103071.19,10
LEAN_SELECT,2016-03-08,101540.56,10
LEAN_SELECT,2016-03-09,101966.55,5
LEAN_SELECT,2016-03-10,102395.43,5
LEAN_SELECT,2016-03-11,102987.36,5
LEAN_SELECT,2016-03-14,103446.53,8
LEAN_SELECT,2016-03-15,103221.53,8
LEAN_SELECT,2016-03-16,103503.78,8
LEAN_SELECT,2016-03-17,103958.24,10
LEAN_SELECT,2016-03-18,104624.76,10
LEAN_SELECT,2016-03-21,105066.41,10
LEAN_SELECT,2016-03-22,105122.49,10
LEAN_SELECT,2016-03-23,104393.16,10
LEAN_SELECT,2016-03-24,104101.0,9
LEAN_SELECT,2016-03-28,104228.03,9
LEAN_SELECT,2016-03-29,105373.51,9
LEAN_SELECT,2016-03-30,106143.1,10
LEAN_SELECT,2016-03-31,105576.38,10
LEAN_SELECT,2016-04-01,105978.76,10
LEAN_SELECT,2016-04-04,105931.47,10
LEAN_SELECT,2016-04-05,105406.4,9
LEAN_SELECT,2016-04-06,106602.59,8
LEAN_SELECT,2016-04-07,105754.1,10
LEAN_SELECT,2016-04-08,106715.56,10
LEAN_SELECT,2016-04-11,106086.81,10
LEAN_SELECT,2016-04-12,108159.29,10
LEAN_SELECT,2016-04-13,109552.62,10
LEAN_SELECT,2016-04-14,109733.8,10
LEAN_SELECT,2016-04-15,109464.55,10
LEAN_SELECT,2016-04-18,110411.13,10
LEAN_SELECT,2016-04-19,111171.56,10
LEAN_SELECT,2016-04-20,111487.38,10
LEAN_SELECT,2016-04-21,110479.13,10
LEAN_SELECT,2016-04-22,110180.99,10
LEAN_SELECT,2016-04-25,109727.73,8
LEAN_SELECT,2016-04-26,109329.59,7
LEAN_SELECT,2016-04-27,109773.75,7
LEAN_SELECT,2016-04-28,108997.63,10
LEAN_SELECT,2016-04-29,107449.78,10
LEAN_SELECT,2016-05-02,108083.95,10
LEAN_SELECT,2016-05-03,107195.5,10
LEAN_SELECT,2016-05-04,106285.69,9
LEAN_SELECT,2016-05-05,106623.1,9
LEAN_SELECT,2016-05-06,106746.22,10
LEAN_SELECT,2016-05-09,107497.88,10
LEAN_SELECT,2016-05-10,108112.97,10
LEAN_SELECT,2016-05-11,107162.83,10
LEAN_SELECT,2016-05-12,106344.46,10
LEAN_SELECT,2016-05-13,105717.38,10
LEAN_SELECT,2016-05-16,106485.01,10
LEAN_SELECT,2016-05-17,105640.19,10
LEAN_SELECT,2016-05-18,105540.07,10
LEAN_SELECT,2016-05-19,106330.6,10
LEAN_SELECT,2016-05-20,107588.75,10
LEAN_SELECT,2016-05-23,107535.87,10
LEAN_SELECT,2016-05-24,109287.91,10
LEAN_SELECT,2016-05-25,109795.89,10
LEAN_SELECT,2016-05-26,110213.99,10
LEAN_SELECT,2016-05-27,110888.97,10
LEAN_SELECT,2016-05-31,111522.04,10
LEAN_SELECT,2016-06-01,112070.88,10
LEAN_SELECT,2016-06-02,112096.97,10
LEAN_SELECT,2016-06-03,111205.43,10
LEAN_SELECT,2016-06-06,111057.96,10
LEAN_SELECT,2016-06-07,111725.5,10
LEAN_SELECT,2016-06-08,111520.62,10
LEAN_SELECT,2016-06-09,111438.07,10
LEAN_SELECT,2016-06-10,110188.47,10
LEAN_SELECT,2016-06-13,109217.18,9
LEAN_SELECT,2016-06-14,109219.38,9
LEAN_SELECT,2016-06-15,109333.85,10
LEAN_SELECT,2016-06-16,109460.59,10
LEAN_SELECT,2016-06-17,109203.44,10
LEAN_SELECT,2016-06-20,110157.08,10
LEAN_SELECT,2016-06-21,110602.8,10
LEAN_SELECT,2016-06-22,110465.78,10
LEAN_SELECT,2016-06-23,111912.58,10
LEAN_SELECT,2016-06-24,106463.16,10
LEAN_SELECT,2016-06-27,103952.64,10
LEAN_SELECT,2016-06-28,105951.72,10
LEAN_SELECT,2016-06-29,108479.46,10
LEAN_SELECT,2016-06-30,110028.78,10
LEAN_SELECT,2016-07-01,110902.09,10
LEAN_SELECT,2016-07-05,109839.63,10
LEAN_SELECT,2016-07-06,110069.39,10
LEAN_SELECT,2016-07-07,110211.73,10
LEAN_SELECT,2016-07-08,111628.42,10
LEAN_SELECT,2016-07-11,112464.7,10
LEAN_SELECT,2016-07-12,113639.24,10
LEAN_SELECT,2016-07-13,112778.12,10
LEAN_SELECT,2016-07-14,114161.81,10
LEAN_SELECT,2016-07-15,114004.26,10
LEAN_SELECT,2016-07-18,114493.71,10
LEAN_SELECT,2016-07-19,114541.6,10
LEAN_SELECT,2016-07-20,114715.33,10
LEAN_SELECT,2016-07-21,115211.04,10
LEAN_SELECT,2016-07-22,116081.09,10
LEAN_SELECT,2016-07-25,115463.85,10
LEAN_SELECT,2016-07-26,115664.65,10
LEAN_SELECT,2016-07-27,115948.15,9
LEAN_SELECT,2016-07-28,116126.19,9
LEAN_SELECT,2016-07-29,116159.17,10
LEAN_SELECT,2016-08-01,116767.41,10
LEAN_SELECT,2016-08-02,115829.23,10
LEAN_SELECT,2016-08-03,116402.82,10
LEAN_SELECT,2016-08-04,116059.8,10
LEAN_SELECT,2016-08-05,116930.84,10
LEAN_SELECT,2016-08-08,116819.09,10
LEAN_SELECT,2016-08-09,116936.03,10
LEAN_SELECT,2016-08-10,116915.41,10
LEAN_SELECT,2016-08-11,118004.61,10
LEAN_SELECT,2016-08-12,118374.72,10
LEAN_SELECT,2016-08-15,118603.99,10
LEAN_SELECT,2016-08-16,118035.5,10
LEAN_SELECT,2016-08-17,118487.87,10
LEAN_SELECT,2016-08-18,118819.87,10
LEAN_SELECT,2016-08-19,118547.44,10
LEAN_SELECT,2016-08-22,118304.56,10
LEAN_SELECT,2016-08-23,118182.92,10
LEAN_SELECT,2016-08-24,117763.35,10
LEAN_SELECT,2016-08-25,117658.43,10
LEAN_SELECT,2016-08-26,117574.95,10
LEAN_SELECT,2016-08-29,118292.32,10
LEAN_SELECT,2016-08-30,118191.42,10
LEAN_SELECT,2016-08-31,117781.97,10
LEAN_SELECT,2016-09-01,118255.86,10
LEAN_SELECT,2016-09-02,118496.51,10
LEAN_SELECT,2016-09-06,118606.8,10
LEAN_SELECT,2016-09-07,118319.56,10
LEAN_SELECT,2016-09-08,118188.21,10
LEAN_SELECT,2016-09-09,115006.04,10
LEAN_SELECT,2016-09-12,116765.86,10
LEAN_SELECT,2016-09-13,115220.53,10
LEAN_SELECT,2016-09-14,115207.72,10
LEAN_SELECT,2016-09-15,116432.7,10
LEAN_SELECT,2016-09-16,116096.11,10
LEAN_SELECT,2016-09-19,116152.1,10
LEAN_SELECT,2016-09-20,116021.86,10
LEAN_SELECT,2016-09-21,117213.21,10
LEAN_SELECT,2016-09-22,117989.62,10
LEAN_SELECT,2016-09-23,117527.35,10
LEAN_SELECT,2016-09-26,116652.97,10
LEAN_SELECT,2016-09-27,117619.92,10
LEAN_SELECT,2016-09-28,118016.3,10
LEAN_SELECT,2016-09-29,116874.06,10
LEAN_SELECT,2016-09-30,118512.93,10
LEAN_SELECT,2016-10-03,118654.08,10
LEAN_SELECT,2016-10-04,118075.15,10
LEAN_SELECT,2016-10-05,118760.79,10
LEAN_SELECT,2016-10-06,118618.4,10
LEAN_SELECT,2016-10-07,118704.49,10
LEAN_SELECT,2016-10-10,119277.35,10
LEAN_SELECT,2016-10-11,117790.14,10
LEAN_SELECT,2016-10-12,118037.33,10
LEAN_SELECT,2016-10-13,117557.37,10
LEAN_SELECT,2016-10-14,116768.01,10
LEAN_SELECT,2016-10-17,115801.98,10
LEAN_SELECT,2016-10-18,116750.18,10
LEAN_SELECT,2016-10-19,117203.87,10
LEAN_SELECT,2016-10-20,117258.95,10
LEAN_SELECT,2016-10-21,117300.25,10
LEAN_SELECT,2016-10-24,117844.08,10
LEAN_SELECT,2016-10-25,117192.67,10
LEAN_SELECT,2016-10-26,115860.12,10
LEAN_SELECT,2016-10-27,115344.37,10
LEAN_SELECT,2016-10-28,115575.3,10
LEAN_SELECT,2016-10-31,115910.98,10
LEAN_SELECT,2016-11-01,115218.84,10
LEAN_SELECT,2016-11-02,114731.94,10
LEAN_SELECT,2016-11-03,114468.55,10
LEAN_SELECT,2016-11-04,114976.38,10
LEAN_SELECT,2016-11-07,117676.77,10
LEAN_SELECT,2016-11-08,118968.28,10
LEAN_SELECT,2016-11-09,121165.16,10
LEAN_SELECT,2016-11-10,122982.09,10
LEAN_SELECT,2016-11-11,123329.6,10
LEAN_SELECT,2016-11-14,123895.73,10
LEAN_SELECT,2016-11-15,124522.84,10
LEAN_SELECT,2016-11-16,123780.71,10
LEAN_SELECT,2016-11-17,124645.85,10
LEAN_SELECT,2016-11-18,124402.87,10
LEAN_SELECT,2016-11-21,125427.33,10
LEAN_SELECT,2016-11-22,125672.05,10
LEAN_SELECT,2016-11-23,124622.12,10
LEAN_SELECT,2016-11-25,125183.19,10
LEAN_SELECT,2016-11-28,123511.67,10
LEAN_SELECT,2016-11-29,123543.11,10
LEAN_SELECT,2016-11-30,123806.14,10
LEAN_SELECT,2016-12-01,122231.34,10
LEAN_SELECT,2016-12-02,122506.08,10
LEAN_SELECT,2016-12-05,123868.68,10
LEAN_SELECT,2016-12-06,124505.31,10
LEAN_SELECT,2016-12-07,126133.53,10
LEAN_SELECT,2016-12-08,125284.07,10
LEAN_SELECT,2016-12-09,125389.29,10
LEAN_SELECT,2016-12-12,125671.25,10
LEAN_SELECT,2016-12-13,126666.43,10
LEAN_SELECT,2016-12-14,125339.72,10
LEAN_SELECT,2016-12-15,125460.59,10
LEAN_SELECT,2016-12-16,124819.77,10
LEAN_SELECT,2016-12-19,124875.45,10
LEAN_SELECT,2016-12-20,124816.24,10
LEAN_SELECT,2016-12-21,125153.31,10
LEAN_SELECT,2016-12-22,124809.88,10
LEAN_SELECT,2016-12-23,124835.1,10
LEAN_SELECT,2016-12-27,125596.57,10
LEAN_SELECT,2016-12-28,124160.91,10
LEAN_SELECT,2016-12-29,123912.02,9
LEAN_SELECT,2016-12-30,122821.62,9
LEAN_SELECT,2017-01-03,124223.02,10
LEAN_SELECT,2017-01-04,125174.27,10
LEAN_SELECT,2017-01-05,125944.88,10
LEAN_SELECT,2017-01-06,126895.2,10
LEAN_SELECT,2017-01-09,126364.67,10
LEAN_SELECT,2017-01-10,126115.41,10
LEAN_SELECT,2017-01-11,127169.25,10
LEAN_SELECT,2017-01-12,127193.24,10
LEAN_SELECT,2017-01-13,128577.45,10
LEAN_SELECT,2017-01-17,126762.29,10
LEAN_SELECT,2017-01-18,127592.07,10
LEAN_SELECT,2017-01-19,128352.98,10
LEAN_SELECT,2017-01-20,128501.68,10
LEAN_SELECT,2017-01-23,126906.28,10
LEAN_SELECT,2017-01-24,129035.6,10
LEAN_SELECT,2017-01-25,130836.6,10
LEAN_SELECT,2017-01-26,129433.37,10
LEAN_SELECT,2017-01-27,129919.58,10
LEAN_SELECT,2017-01-30,128201.93,10
LEAN_SELECT,2017-01-31,128125.56,10
LEAN_SELECT,2017-02-01,127781.47,9
LEAN_SELECT,2017-02-02,128359.96,10
LEAN_SELECT,2017-02-03,128992.87,10
LEAN_SELECT,2017-02-06,129623.86,10
LEAN_SELECT,2017-02-07,129651.56,10
LEAN_SELECT,2017-02-08,129273.73,10
LEAN_SELECT,2017-02-09,129536.27,10
LEAN_SELECT,2017-02-10,129656.9,10
LEAN_SELECT,2017-02-13,130837.1,10
LEAN_SELECT,2017-02-14,131774.69,10
LEAN_SELECT,2017-02-15,132082.21,10
LEAN_SELECT,2017-02-16,131065.13,10
LEAN_SELECT,2017-02-17,130940.85,8
LEAN_SELECT,2017-02-21,132228.47,9
LEAN_SELECT,2017-02-22,131284.91,10
LEAN_SELECT,2017-02-23,132081.85,10
LEAN_SELECT,2017-02-24,131998.97,10
LEAN_SELECT,2017-02-27,132138.19,10
LEAN_SELECT,2017-02-28,131285.6,10
LEAN_SELECT,2017-03-01,132542.44,10
LEAN_SELECT,2017-03-02,132290.61,10
LEAN_SELECT,2017-03-03,132046.69,10
LEAN_SELECT,2017-03-06,131090.44,10
LEAN_SELECT,2017-03-07,130628.19,10
LEAN_SELECT,2017-03-08,129842.05,10
LEAN_SELECT,2017-03-09,130253.21,10
LEAN_SELECT,2017-03-10,131578.23,10
LEAN_SELECT,2017-03-13,131920.62,10
LEAN_SELECT,2017-03-14,131007.15,10
LEAN_SELECT,2017-03-15,132921.3,10
LEAN_SELECT,2017-03-16,132258.08,10
LEAN_SELECT,2017-03-17,131949.93,10
LEAN_SELECT,2017-03-20,131595.13,10
LEAN_SELECT,2017-03-21,129705.7,10
LEAN_SELECT,2017-03-22,129837.47,10
LEAN_SELECT,2017-03-23,129726.99,10
LEAN_SELECT,2017-03-24,129982.26,10
LEAN_SELECT,2017-03-27,129541.76,10
LEAN_SELECT,2017-03-28,129794.29,10
LEAN_SELECT,2017-03-29,130269.08,10
LEAN_SELECT,2017-03-30,129830.16,10
LEAN_SELECT,2017-03-31,130431.18,10
LEAN_SELECT,2017-04-03,130580.97,10
LEAN_SELECT,2017-04-04,130767.67,10
LEAN_SELECT,2017-04-05,130380.56,10
LEAN_SELECT,2017-04-06,130544.81,10
LEAN_SELECT,2017-04-07,130336.85,10
LEAN_SELECT,2017-04-10,130891.25,10
LEAN_SELECT,2017-04-11,130379.75,10
LEAN_SELECT,2017-04-12,129735.35,10
LEAN_SELECT,2017-04-13,128535.02,10
LEAN_SELECT,2017-04-17,129153.52,10
LEAN_SELECT,2017-04-18,128776.94,10
LEAN_SELECT,2017-04-19,128252.58,10
LEAN_SELECT,2017-04-20,128895.78,10
LEAN_SELECT,2017-04-21,128479.74,10
LEAN_SELECT,2017-04-24,128906.9,10
LEAN_SELECT,2017-04-25,129460.38,10
LEAN_SELECT,2017-04-26,131221.46,10
LEAN_SELECT,2017-04-27,130661.04,10
LEAN_SELECT,2017-04-28,130495.91,10
LEAN_SELECT,2017-05-01,129459.29,9
LEAN_SELECT,2017-05-02,127033.89,10
LEAN_SELECT,2017-05-03,127483.39,10
LEAN_SELECT,2017-05-04,125843.3,10
LEAN_SELECT,2017-05-05,127813.55,10
LEAN_SELECT,2017-05-08,127653.04,10
LEAN_SELECT,2017-05-09,127171.74,10
LEAN_SELECT,2017-05-10,128700.34,10
LEAN_SELECT,2017-05-11,128702.89,10
LEAN_SELECT,2017-05-12,128442.29,10
LEAN_SELECT,2017-05-15,129264.56,10
LEAN_SELECT,2017-05-16,130477.34,10
LEAN_SELECT,2017-05-17,127498.03,10
LEAN_SELECT,2017-05-18,127664.65,10
LEAN_SELECT,2017-05-19,128871.99,10
LEAN_SELECT,2017-05-22,129207.01,10
LEAN_SELECT,2017-05-23,128832.74,10
LEAN_SELECT,2017-05-24,128679.5,10
LEAN_SELECT,2017-05-25,127623.96,10
LEAN_SELECT,2017-05-26,127500.1,10
LEAN_SELECT,2017-05-30,126536.45,10
LEAN_SELECT,2017-05-31,126765.39,10
LEAN_SELECT,2017-06-01,127476.06,10
LEAN_SELECT,2017-06-02,127707.5,10
LEAN_SELECT,2017-06-05,127940.54,10
LEAN_SELECT,2017-06-06,128444.01,10
LEAN_SELECT,2017-06-07,128127.05,10
LEAN_SELECT,2017-06-08,128407.49,10
LEAN_SELECT,2017-06-09,128647.35,10
LEAN_SELECT,2017-06-12,128545.5,10
LEAN_SELECT,2017-06-13,128679.96,10
LEAN_SELECT,2017-06-14,127314.31,10
LEAN_SELECT,2017-06-15,126477.61,10
LEAN_SELECT,2017-06-16,127032.45,10
LEAN_SELECT,2017-06-19,127479.51,10
LEAN_SELECT,2017-06-20,125621.07,10
LEAN_SELECT,2017-06-21,124581.57,10
LEAN_SELECT,2017-06-22,125269.35,10
LEAN_SELECT,2017-06-23,125593.04,10
LEAN_SELECT,2017-06-26,126084.85,10
LEAN_SELECT,2017-06-27,125721.42,10
LEAN_SELECT,2017-06-28,127181.15,10
LEAN_SELECT,2017-06-29,127247.91,10
LEAN_SELECT,2017-06-30,127844.34,10
LEAN_SELECT,2017-07-03,128800.7,10
LEAN_SELECT,2017-07-05,128680.01,10
LEAN_SELECT,2017-07-06,126768.4,10
LEAN_SELECT,2017-07-07,126780.89,9
LEAN_SELECT,2017-07-10,126994.46,10
LEAN_SELECT,2017-07-11,127184.07,10
LEAN_SELECT,2017-07-12,127945.37,10
LEAN_SELECT,2017-07-13,128296.43,10
LEAN_SELECT,2017-07-14,129141.32,10
LEAN_SELECT,2017-07-17,129217.36,10
LEAN_SELECT,2017-07-18,129368.04,10
LEAN_SELECT,2017-07-19,130489.69,10
LEAN_SELECT,2017-07-20,131261.48,10
LEAN_SELECT,2017-07-21,131245.32,10
LEAN_SELECT,2017-07-24,130080.4,10
LEAN_SELECT,2017-07-25,131016.92,9
LEAN_SELECT,2017-07-26,131828.49,10
LEAN_SELECT,2017-07-27,133213.65,10
LEAN_SELECT,2017-07-28,132508.26,10
LEAN_SELECT,2017-07-31,132286.71,10
LEAN_SELECT,2017-08-01,133111.38,10
LEAN_SELECT,2017-08-02,133005.52,9
LEAN_SELECT,2017-08-03,132346.13,10
LEAN_SELECT,2017-08-04,133269.0,10
LEAN_SELECT,2017-08-07,133498.49,9
LEAN_SELECT,2017-08-08,133288.49,10
LEAN_SELECT,2017-08-09,132409.56,10
LEAN_SELECT,2017-08-10,130522.1,8
LEAN_SELECT,2017-08-11,130599.79,7
LEAN_SELECT,2017-08-14,132153.23,7
LEAN_SELECT,2017-08-15,132231.0,10
LEAN_SELECT,2017-08-16,132769.49,10
LEAN_SELECT,2017-08-17,129934.08,10
LEAN_SELECT,2017-08-18,130224.3,10
LEAN_SELECT,2017-08-21,129612.33,10
LEAN_SELECT,2017-08-22,132327.84,10
LEAN_SELECT,2017-08-23,131672.81,10
LEAN_SELECT,2017-08-24,131459.66,9
LEAN_SELECT,2017-08-25,131402.59,10
LEAN_SELECT,2017-08-28,130887.76,10
LEAN_SELECT,2017-08-29,130833.41,10
LEAN_SELECT,2017-08-30,131623.72,10
LEAN_SELECT,2017-08-31,132282.8,10
LEAN_SELECT,2017-09-01,132770.16,10
LEAN_SELECT,2017-09-05,131098.87,10
LEAN_SELECT,2017-09-06,132885.43,10
LEAN_SELECT,2017-09-07,132497.14,10
LEAN_SELECT,2017-09-08,131605.82,10
LEAN_SELECT,2017-09-11,133185.69,10
LEAN_SELECT,2017-09-12,134523.11,10
LEAN_SELECT,2017-09-13,135214.09,10
LEAN_SELECT,2017-09-14,135100.42,10
LEAN_SELECT,2017-09-15,136027.82,10
LEAN_SELECT,2017-09-18,135796.06,10
LEAN_SELECT,2017-09-19,136129.86,10
LEAN_SELECT,2017-09-20,136553.0,10
LEAN_SELECT,2017-09-21,136453.91,10
LEAN_SELECT,2017-09-22,136732.36,10
LEAN_SELECT,2017-09-25,136814.09,10
LEAN_SELECT,2017-09-26,137512.88,10
LEAN_SELECT,2017-09-27,138186.82,10
LEAN_SELECT,2017-09-28,137927.28,10
LEAN_SELECT,2017-09-29,138178.79,10
LEAN_SELECT,2017-10-02,137950.01,10
LEAN_SELECT,2017-10-03,137550.79,10
LEAN_SELECT,2017-10-04,137835.67,10
LEAN_SELECT,2017-10-05,138644.02,10
LEAN_SELECT,2017-10-06,138741.34,10
LEAN_SELECT,2017-10-09,138695.39,10
LEAN_SELECT,2017-10-10,139410.33,10
LEAN_SELECT,2017-10-11,140469.95,10
LEAN_SELECT,2017-10-12,140979.75,10
LEAN_SELECT,2017-10-13,141735.25,10
LEAN_SELECT,2017-10-16,141595.02,10
LEAN_SELECT,2017-10-17,141311.12,10
LEAN_SELECT,2017-10-18,140505.21,10
LEAN_SELECT,2017-10-19,140286.53,10
LEAN_SELECT,2017-10-20,139945.31,10
LEAN_SELECT,2017-10-23,139593.14,10
LEAN_SELECT,2017-10-24,140051.1,10
LEAN_SELECT,2017-10-25,135368.91,10
LEAN_SELECT,2017-10-26,135147.03,10
LEAN_SELECT,2017-10-27,135292.2,10
LEAN_SELECT,2017-10-30,133687.34,10
LEAN_SELECT,2017-10-31,133634.58,9
LEAN_SELECT,2017-11-01,132965.49,10
LEAN_SELECT,2017-11-02,131071.38,10
LEAN_SELECT,2017-11-03,132781.62,10
LEAN_SELECT,2017-11-06,133637.12,10
LEAN_SELECT,2017-11-07,133762.79,10
LEAN_SELECT,2017-11-08,133406.51,10
LEAN_SELECT,2017-11-09,131120.0,10
LEAN_SELECT,2017-11-10,130946.64,10
LEAN_SELECT,2017-11-13,131197.74,10
LEAN_SELECT,2017-11-14,130450.02,10
LEAN_SELECT,2017-11-15,130720.74,10
LEAN_SELECT,2017-11-16,131627.1,10
LEAN_SELECT,2017-11-17,132101.02,10
LEAN_SELECT,2017-11-20,132119.4,10
LEAN_SELECT,2017-11-21,132006.69,10
LEAN_SELECT,2017-11-22,132668.26,10
LEAN_SELECT,2017-11-24,132482.91,10
LEAN_SELECT,2017-11-27,132957.57,10
LEAN_SELECT,2017-11-28,134835.58,10
LEAN_SELECT,2017-11-29,137553.94,10
LEAN_SELECT,2017-11-30,138642.72,10
LEAN_SELECT,2017-12-01,139481.92,10
LEAN_SELECT,2017-12-04,141002.75,10
LEAN_SELECT,2017-12-05,139220.61,10
LEAN_SELECT,2017-12-06,138269.73,9
LEAN_SELECT,2017-12-07,138508.01,9
LEAN_SELECT,2017-12-08,139410.84,10
LEAN_SELECT,2017-12-11,140197.67,10
LEAN_SELECT,2017-12-12,141084.13,10
LEAN_SELECT,2017-12-13,141776.45,10
LEAN_SELECT,2017-12-14,141317.04,10
LEAN_SELECT,2017-12-15,141803.59,9
LEAN_SELECT,2017-12-18,143830.47,10
LEAN_SELECT,2017-12-19,143298.53,10
LEAN_SELECT,2017-12-20,144169.14,10
LEAN_SELECT,2017-12-21,144166.85,10
LEAN_SELECT,2017-12-22,143699.89,10
LEAN_SELECT,2017-12-26,143091.48,10
LEAN_SELECT,2017-12-27,143252.95,10
LEAN_SELECT,2017-12-28,144086.57,10
LEAN_SELECT,2017-12-29,142813.13,10
LEAN_SELECT,2018-01-02,147112.85,10
LEAN_SELECT,2018-01-03,149215.27,10
LEAN_SELECT,2018-01-04,151177.67,10
LEAN_SELECT,2018-01-05,151340.84,10
LEAN_SELECT,2018-01-08,152411.29,10
LEAN_SELECT,2018-01-09,150715.83,9
LEAN_SELECT,2018-01-10,150343.49,8
LEAN_SELECT,2018-01-11,152674.48,8
LEAN_SELECT,2018-01-12,154215.91,8
LEAN_SELECT,2018-01-16,152381.07,8
LEAN_SELECT,2018-01-17,153521.72,8
LEAN_SELECT,2018-01-18,154395.75,10
LEAN_SELECT,2018-01-19,155417.89,10
LEAN_SELECT,2018-01-22,156580.1,10
LEAN_SELECT,2018-01-23,158741.86,10
LEAN_SELECT,2018-01-24,159621.38,10
LEAN_SELECT,2018-01-25,158805.23,9
LEAN_SELECT,2018-01-26,161301.61,8
LEAN_SELECT,2018-01-29,161964.03,10
LEAN_SELECT,2018-01-30,158854.54,10
LEAN_SELECT,2018-01-31,158136.37,9
LEAN_SELECT,2018-02-01,157224.69,9
LEAN_SELECT,2018-02-02,155415.29,10
LEAN_SELECT,2018-02-05,149705.64,9
LEAN_SELECT,2018-02-06,153096.21,8
LEAN_SELECT,2018-02-07,152499.6,8
LEAN_SELECT,2018-02-08,147464.33,9
LEAN_SELECT,2018-02-09,148613.91,9
LEAN_SELECT,2018-02-12,150278.93,9
LEAN_SELECT,2018-02-13,150956.01,10
LEAN_SELECT,2018-02-14,153614.13,10
LEAN_SELECT,2018-02-15,157587.01,10
LEAN_SELECT,2018-02-16,158010.48,10
LEAN_SELECT,2018-02-20,156713.01,10
LEAN_SELECT,2018-02-21,155483.12,10
LEAN_SELECT,2018-02-22,155379.11,10
LEAN_SELECT,2018-02-23,158196.83,10
LEAN_SELECT,2018-02-26,161315.85,10
LEAN_SELECT,2018-02-27,159983.71,10
LEAN_SELECT,2018-02-28,158238.1,9
LEAN_SELECT,2018-03-01,157651.3,9
LEAN_SELECT,2018-03-02,158980.89,10
LEAN_SELECT,2018-03-05,161306.31,10
LEAN_SELECT,2018-03-06,161208.8,10
LEAN_SELECT,2018-03-07,160099.84,10
LEAN_SELECT,2018-03-08,159882.53,9
LEAN_SELECT,2018-03-09,161091.31,10
LEAN_SELECT,2018-03-12,161705.45,10
LEAN_SELECT,2018-03-13,161214.42,10
LEAN_SELECT,2018-03-14,160871.45,10
LEAN_SELECT,2018-03-15,160134.42,10
LEAN_SELECT,2018-03-16,161061.85,10
LEAN_SELECT,2018-03-19,158750.99,10
LEAN_SELECT,2018-03-20,158337.18,9
LEAN_SELECT,2018-03-21,158229.33,10
LEAN_SELECT,2018-03-22,155856.43,10
LEAN_SELECT,2018-03-23,153381.74,10
LEAN_SELECT,2018-03-26,156874.86,10
LEAN_SELECT,2018-03-27,154431.85,10
LEAN_SELECT,2018-03-28,155883.76,10
LEAN_SELECT,2018-03-29,156937.46,10
LEAN_SELECT,2018-04-02,152872.27,10
LEAN_SELECT,2018-04-03,154450.2,10
LEAN_SELECT,2018-04-04,157590.03,10
LEAN_SELECT,2018-04-05,157939.66,10
LEAN_SELECT,2018-04-06,154980.06,10
LEAN_SELECT,2018-04-09,155033.78,9
LEAN_SELECT,2018-04-10,157171.63,10
LEAN_SELECT,2018-04-11,156788.31,10
LEAN_SELECT,2018-04-12,157379.3,10
LEAN_SELECT,2018-04-13,156931.18,10
LEAN_SELECT,2018-04-16,158244.6,10
LEAN_SELECT,2018-04-17,161321.47,10
LEAN_SELECT,2018-04-18,161380.11,10
LEAN_SELECT,2018-04-19,158907.95,10
LEAN_SELECT,2018-04-20,157414.64,10
LEAN_SELECT,2018-04-23,156796.97,10
LEAN_SELECT,2018-04-24,155960.42,10
LEAN_SELECT,2018-04-25,156716.63,9
LEAN_SELECT,2018-04-26,160717.49,9
LEAN_SELECT,2018-04-27,161394.99,10
LEAN_SELECT,2018-04-30,158491.65,10
LEAN_SELECT,2018-05-01,160051.63,10
LEAN_SELECT,2018-05-02,158661.4,10
LEAN_SELECT,2018-05-03,158692.32,10
LEAN_SELECT,2018-05-04,161560.21,10
LEAN_SELECT,2018-05-07,163068.1,10
LEAN_SELECT,2018-05-08,161995.98,10
LEAN_SELECT,2018-05-09,162895.16,10
LEAN_SELECT,2018-05-10,164754.48,10
LEAN_SELECT,2018-05-11,164792.68,10
LEAN_SELECT,2018-05-14,165444.0,10
LEAN_SELECT,2018-05-15,164250.48,10
LEAN_SELECT,2018-05-16,166022.27,10
LEAN_SELECT,2018-05-17,165429.45,10
LEAN_SELECT,2018-05-18,163807.0,10
LEAN_SELECT,2018-05-21,165024.44,8
LEAN_SELECT,2018-05-22,166200.62,8
LEAN_SELECT,2018-05-23,166595.37,8
LEAN_SELECT,2018-05-24,166948.74,10
LEAN_SELECT,2018-05-25,166749.9,10
LEAN_SELECT,2018-05-29,166032.36,10
LEAN_SELECT,2018-05-30,166932.0,10
LEAN_SELECT,2018-05-31,164088.56,10
LEAN_SELECT,2018-06-01,164614.69,9
LEAN_SELECT,2018-06-04,164822.05,10
LEAN_SELECT,2018-06-05,164990.42,10
LEAN_SELECT,2018-06-06,166775.55,10
LEAN_SELECT,2018-06-07,167099.21,10
LEAN_SELECT,2018-06-08,168331.54,10
LEAN_SELECT,2018-06-11,168712.52,10
LEAN_SELECT,2018-06-12,169615.01,9
LEAN_SELECT,2018-06-13,170137.25,10
LEAN_SELECT,2018-06-14,170982.11,10
LEAN_SELECT,2018-06-15,170261.7,10
LEAN_SELECT,2018-06-18,169553.97,10
LEAN_SELECT,2018-06-19,169387.93,10
LEAN_SELECT,2018-06-20,171169.51,10
LEAN_SELECT,2018-06-21,169345.95,10
LEAN_SELECT,2018-06-22,170965.92,10
LEAN_SELECT,2018-06-25,168279.03,10
LEAN_SELECT,2018-06-26,168536.39,10
LEAN_SELECT,2018-06-27,168088.06,10
LEAN_SELECT,2018-06-28,168558.29,10
LEAN_SELECT,2018-06-29,169251.86,10
LEAN_SELECT,2018-07-02,168752.86,10
LEAN_SELECT,2018-07-03,169244.36,10
LEAN_SELECT,2018-07-05,170573.0,10
LEAN_SELECT,2018-07-06,172374.1,10
LEAN_SELECT,2018-07-09,174187.76,10
LEAN_SELECT,2018-07-10,174663.27,10
LEAN_SELECT,2018-07-11,173090.04,10
LEAN_SELECT,2018-07-12,173546.69,10
LEAN_SELECT,2018-07-13,174089.32,10
LEAN_SELECT,2018-07-16,172396.03,10
LEAN_SELECT,2018-07-17,172686.12,10
LEAN_SELECT,2018-07-18,172603.76,10
LEAN_SELECT,2018-07-19,173263.91,10
LEAN_SELECT,2018-07-20,173453.93,10
LEAN_SELECT,2018-07-23,174056.56,10
LEAN_SELECT,2018-07-24,173921.9,10
LEAN_SELECT,2018-07-25,174939.93,10
LEAN_SELECT,2018-07-26,175230.93,10
LEAN_SELECT,2018-07-27,175199.72,10
LEAN_SELECT,2018-07-30,175077.71,10
LEAN_SELECT,2018-07-31,174592.19,10
LEAN_SELECT,2018-08-01,173921.67,10
LEAN_SELECT,2018-08-02,176498.1,10
LEAN_SELECT,2018-08-03,176581.89,10
LEAN_SELECT,2018-08-06,175900.94,9
LEAN_SELECT,2018-08-07,175800.89,10
LEAN_SELECT,2018-08-08,175098.77,10
LEAN_SELECT,2018-08-09,174000.94,10
LEAN_SELECT,2018-08-10,173482.32,10
LEAN_SELECT,2018-08-13,170918.88,10
LEAN_SELECT,2018-08-14,171790.56,9
LEAN_SELECT,2018-08-15,171895.55,10
LEAN_SELECT,2018-08-16,171855.03,10
LEAN_SELECT,2018-08-17,170979.57,10
LEAN_SELECT,2018-08-20,171412.85,10
LEAN_SELECT,2018-08-21,172456.56,10
LEAN_SELECT,2018-08-22,172767.92,10
LEAN_SELECT,2018-08-23,172867.81,10
LEAN_SELECT,2018-08-24,172906.13,10
LEAN_SELECT,2018-08-27,174921.19,10
LEAN_SELECT,2018-08-28,174424.45,10
LEAN_SELECT,2018-08-29,175599.65,10
LEAN_SELECT,2018-08-30,173823.6,10
LEAN_SELECT,2018-08-31,173253.22,9
LEAN_SELECT,2018-09-04,172083.43,10
LEAN_SELECT,2018-09-05,171408.19,10
LEAN_SELECT,2018-09-06,169717.11,10
LEAN_SELECT,2018-09-07,168680.25,10
LEAN_SELECT,2018-09-10,168796.39,10
LEAN_SELECT,2018-09-11,168168.03,10
LEAN_SELECT,2018-09-12,168770.96,10
LEAN_SELECT,2018-09-13,169786.2,10
LEAN_SELECT,2018-09-14,169834.4,10
LEAN_SELECT,2018-09-17,169170.54,10
LEAN_SELECT,2018-09-18,170203.35,10
LEAN_SELECT,2018-09-19,171716.34,10
LEAN_SELECT,2018-09-20,172743.24,10
LEAN_SELECT,2018-09-21,172410.54,10
LEAN_SELECT,2018-09-24,170119.39,10
LEAN_SELECT,2018-09-25,168106.28,10
LEAN_SELECT,2018-09-26,167340.51,10
LEAN_SELECT,2018-09-27,167288.78,10
LEAN_SELECT,2018-09-28,167976.13,10
LEAN_SELECT,2018-10-01,169430.17,10
LEAN_SELECT,2018-10-02,170560.18,10
LEAN_SELECT,2018-10-03,171016.97,10
LEAN_SELECT,2018-10-04,168212.38,10
LEAN_SELECT,2018-10-05,167292.87,10
LEAN_SELECT,2018-10-08,169096.26,10
LEAN_SELECT,2018-10-09,167491.28,10
LEAN_SELECT,2018-10-10,163305.09,10
LEAN_SELECT,2018-10-11,159215.76,10
LEAN_SELECT,2018-10-12,158413.84,9
LEAN_SELECT,2018-10-15,158304.81,10
LEAN_SELECT,2018-10-16,160548.17,10
LEAN_SELECT,2018-10-17,161400.16,10
LEAN_SELECT,2018-10-18,157809.49,10
LEAN_SELECT,2018-10-19,157455.71,10
LEAN_SELECT,2018-10-22,154851.53,10
LEAN_SELECT,2018-10-23,155010.61,10
LEAN_SELECT,2018-10-24,149714.88,10
LEAN_SELECT,2018-10-25,153727.7,10
LEAN_SELECT,2018-10-26,151924.8,10
LEAN_SELECT,2018-10-29,152815.46,10
LEAN_SELECT,2018-10-30,155454.34,10
LEAN_SELECT,2018-10-31,157593.98,10
LEAN_SELECT,2018-11-01,159865.44,10
LEAN_SELECT,2018-11-02,160836.66,10
LEAN_SELECT,2018-11-05,162191.25,10
LEAN_SELECT,2018-11-06,163576.64,10
LEAN_SELECT,2018-11-07,161541.03,10
LEAN_SELECT,2018-11-08,160619.19,10
LEAN_SELECT,2018-11-09,160209.08,10
LEAN_SELECT,2018-11-12,159019.28,8
LEAN_SELECT,2018-11-13,158142.32,6
LEAN_SELECT,2018-11-14,158337.83,6
LEAN_SELECT,2018-11-15,159609.8,6
LEAN_SELECT,2018-11-16,160538.69,7
LEAN_SELECT,2018-11-19,159859.3,7
LEAN_SELECT,2018-11-20,158433.65,7
LEAN_SELECT,2018-11-21,158448.39,9
LEAN_SELECT,2018-11-23,157183.51,10
LEAN_SELECT,2018-11-26,159826.38,10
LEAN_SELECT,2018-11-27,160286.05,10
LEAN_SELECT,2018-11-28,162936.7,10
LEAN_SELECT,2018-11-29,162628.88,10
LEAN_SELECT,2018-11-30,163484.71,10
LEAN_SELECT,2018-12-03,165707.57,10
LEAN_SELECT,2018-12-04,160326.25,10
LEAN_SELECT,2018-12-06,158730.59,6
LEAN_SELECT,2018-12-07,155070.55,10
LEAN_SELECT,2018-12-10,155819.13,10
LEAN_SELECT,2018-12-11,155830.81,10
LEAN_SELECT,2018-12-12,157442.97,10
LEAN_SELECT,2018-12-13,156860.06,10
LEAN_SELECT,2018-12-14,154078.96,10
LEAN_SELECT,2018-12-17,150178.67,10
LEAN_SELECT,2018-12-18,151146.54,10
LEAN_SELECT,2018-12-19,146943.91,10
LEAN_SELECT,2018-12-20,144836.24,10
LEAN_SELECT,2018-12-21,141866.68,10
LEAN_SELECT,2018-12-24,138430.74,10
LEAN_SELECT,2018-12-26,145520.89,10
LEAN_SELECT,2018-12-27,145935.5,10
LEAN_SELECT,2018-12-28,146167.12,10
LEAN_SELECT,2018-12-31,147380.66,10
LEAN_SELECT,2019-01-02,149442.92,10
LEAN_SELECT,2019-01-03,143598.52,10
LEAN_SELECT,2019-01-04,148496.59,10
LEAN_SELECT,2019-01-07,151037.12,10
LEAN_SELECT,2019-01-08,152486.9,10
LEAN_SELECT,2019-01-09,152887.09,10
LEAN_SELECT,2019-01-10,153993.27,10
LEAN_SELECT,2019-01-11,153898.37,10
LEAN_SELECT,2019-01-14,153306.62,10
LEAN_SELECT,2019-01-15,154913.88,10
LEAN_SELECT,2019-01-16,154709.35,10
LEAN_SELECT,2019-01-17,155778.25,9
LEAN_SELECT,2019-01-18,157795.7,10
LEAN_SELECT,2019-01-22,155521.82,10
LEAN_SELECT,2019-01-23,154460.12,8
LEAN_SELECT,2019-01-24,154512.12,8
LEAN_SELECT,2019-01-25,154188.75,9
LEAN_SELECT,2019-01-28,154095.2,10
LEAN_SELECT,2019-01-29,153518.25,10
LEAN_SELECT,2019-01-30,156326.96,10
LEAN_SELECT,2019-01-31,156829.74,10
LEAN_SELECT,2019-02-01,158298.38,10
LEAN_SELECT,2019-02-04,160017.05,10
LEAN_SELECT,2019-02-05,160725.54,10
LEAN_SELECT,2019-02-06,160556.07,10
LEAN_SELECT,2019-02-07,158787.63,8
LEAN_SELECT,2019-02-08,158374.87,10
LEAN_SELECT,2019-02-11,158380.1,10
LEAN_SELECT,2019-02-12,160578.25,9
LEAN_SELECT,2019-02-13,161712.37,10
LEAN_SELECT,2019-02-14,161654.85,10
LEAN_SELECT,2019-02-15,163617.98,10
LEAN_SELECT,2019-02-19,164690.43,10
LEAN_SELECT,2019-02-20,163597.81,10
LEAN_SELECT,2019-02-21,161624.76,10
LEAN_SELECT,2019-02-22,162781.32,10
LEAN_SELECT,2019-02-25,161888.6,10
LEAN_SELECT,2019-02-26,161676.12,10
LEAN_SELECT,2019-02-27,161128.15,10
LEAN_SELECT,2019-02-28,158714.53,10
LEAN_SELECT,2019-03-01,160348.43,10
LEAN_SELECT,2019-03-04,159883.7,10
LEAN_SELECT,2019-03-05,159914.23,10
LEAN_SELECT,2019-03-06,158835.64,10
LEAN_SELECT,2019-03-07,157473.3,9
LEAN_SELECT,2019-03-08,158170.55,10
LEAN_SELECT,2019-03-11,160767.94,10
LEAN_SELECT,2019-03-12,161080.12,10
LEAN_SELECT,2019-03-13,162955.49,10
LEAN_SELECT,2019-03-14,162249.18,10
LEAN_SELECT,2019-03-15,163417.04,10
LEAN_SELECT,2019-03-18,164448.4,10
LEAN_SELECT,2019-03-19,164907.56,10
LEAN_SELECT,2019-03-20,163430.51,10
LEAN_SELECT,2019-03-21,166622.98,10
LEAN_SELECT,2019-03-22,162041.99,10
LEAN_SELECT,2019-03-25,162072.97,8
LEAN_SELECT,2019-03-26,163379.11,8
LEAN_SELECT,2019-03-27,162040.55,10
LEAN_SELECT,2019-03-28,161768.63,10
LEAN_SELECT,2019-03-29,162623.3,10
LEAN_SELECT,2019-04-01,165474.26,10
LEAN_SELECT,2019-04-02,160453.34,10
LEAN_SELECT,2019-04-03,161319.32,10
LEAN_SELECT,2019-04-04,163080.77,10
LEAN_SELECT,2019-04-05,163199.45,10
LEAN_SELECT,2019-04-08,163834.41,10
LEAN_SELECT,2019-04-09,163123.89,10
LEAN_SELECT,2019-04-10,163917.05,10
LEAN_SELECT,2019-04-11,164168.93,10
LEAN_SELECT,2019-04-12,165529.84,10
LEAN_SELECT,2019-04-15,165627.0,10
LEAN_SELECT,2019-04-16,169804.4,10
LEAN_SELECT,2019-04-17,171901.68,10
LEAN_SELECT,2019-04-18,172192.63,10
LEAN_SELECT,2019-04-22,172302.6,10
LEAN_SELECT,2019-04-23,174257.36,10
LEAN_SELECT,2019-04-24,173576.26,10
LEAN_SELECT,2019-04-25,173846.65,10
LEAN_SELECT,2019-04-26,174998.98,10
LEAN_SELECT,2019-04-29,175863.33,10
LEAN_SELECT,2019-04-30,176404.76,10
LEAN_SELECT,2019-05-01,177095.16,10
LEAN_SELECT,2019-05-02,176961.88,9
LEAN_SELECT,2019-05-03,177994.01,10
LEAN_SELECT,2019-05-06,178051.86,10
LEAN_SELECT,2019-05-07,174196.15,10
LEAN_SELECT,2019-05-08,172975.55,9
LEAN_SELECT,2019-05-09,171117.11,9
LEAN_SELECT,2019-05-10,171793.2,10
LEAN_SELECT,2019-05-13,166218.26,10
LEAN_SELECT,2019-05-14,169617.59,10
LEAN_SELECT,2019-05-15,173038.85,10
LEAN_SELECT,2019-05-16,173742.07,10
LEAN_SELECT,2019-05-17,173131.9,10
LEAN_SELECT,2019-05-20,169966.43,10
LEAN_SELECT,2019-05-21,171919.83,10
LEAN_SELECT,2019-05-22,169799.44,10
LEAN_SELECT,2019-05-23,165825.84,10
LEAN_SELECT,2019-05-24,166414.79,10
LEAN_SELECT,2019-05-28,168384.9,10
LEAN_SELECT,2019-05-29,168130.56,10
LEAN_SELECT,2019-05-30,168779.96,10
LEAN_SELECT,2019-05-31,165446.18,10
LEAN_SELECT,2019-06-03,164927.3,9
LEAN_SELECT,2019-06-04,169470.62,9
LEAN_SELECT,2019-06-05,170531.82,10
LEAN_SELECT,2019-06-06,173781.28,10
LEAN_SELECT,2019-06-07,175154.59,10
LEAN_SELECT,2019-06-10,177016.72,10
LEAN_SELECT,2019-06-11,177701.71,10
LEAN_SELECT,2019-06-12,175787.43,10
LEAN_SELECT,2019-06-13,177236.83,9
LEAN_SELECT,2019-06-14,176725.05,10
LEAN_SELECT,2019-06-17,176946.51,10
LEAN_SELECT,2019-06-18,180112.98,10
LEAN_SELECT,2019-06-19,179596.6,10
LEAN_SELECT,2019-06-20,180751.95,10
LEAN_SELECT,2019-06-21,181140.72,10
LEAN_SELECT,2019-06-24,182264.22,9
LEAN_SELECT,2019-06-25,180347.42,9
LEAN_SELECT,2019-06-26,181851.6,8
LEAN_SELECT,2019-06-27,183699.79,9
LEAN_SELECT,2019-06-28,184210.45,10
LEAN_SELECT,2019-07-01,185803.92,10
LEAN_SELECT,2019-07-02,186025.2,10
LEAN_SELECT,2019-07-03,187390.87,10
LEAN_SELECT,2019-07-05,187682.04,10
LEAN_SELECT,2019-07-08,186670.98,10
LEAN_SELECT,2019-07-09,186785.63,9
LEAN_SELECT,2019-07-10,187826.78,10
LEAN_SELECT,2019-07-11,188410.57,10
LEAN_SELECT,2019-07-12,188395.76,10
LEAN_SELECT,2019-07-15,189013.99,10
LEAN_SELECT,2019-07-16,187892.18,10
LEAN_SELECT,2019-07-17,186827.26,10
LEAN_SELECT,2019-07-18,185008.45,10
LEAN_SELECT,2019-07-19,183197.49,10
LEAN_SELECT,2019-07-22,182493.55,10
LEAN_SELECT,2019-07-23,183757.53,10
LEAN_SELECT,2019-07-24,188184.9,10
LEAN_SELECT,2019-07-25,185850.03,10
LEAN_SELECT,2019-07-26,187477.4,10
LEAN_SELECT,2019-07-29,187848.99,10
LEAN_SELECT,2019-07-30,187296.44,10
LEAN_SELECT,2019-07-31,183305.61,10
LEAN_SELECT,2019-08-01,182043.99,10
LEAN_SELECT,2019-08-02,180437.34,10
LEAN_SELECT,2019-08-05,175988.5,10
LEAN_SELECT,2019-08-06,177772.95,9
LEAN_SELECT,2019-08-07,177873.11,10
LEAN_SELECT,2019-08-08,182968.84,10
LEAN_SELECT,2019-08-09,181374.68,10
LEAN_SELECT,2019-08-12,178597.76,10
LEAN_SELECT,2019-08-13,180302.06,10
LEAN_SELECT,2019-08-14,174041.8,10
LEAN_SELECT,2019-08-15,172929.22,9
LEAN_SELECT,2019-08-16,176031.85,9
LEAN_SELECT,2019-08-19,178056.63,10
LEAN_SELECT,2019-08-20,176411.87,10
LEAN_SELECT,2019-08-21,177663.06,10
LEAN_SELECT,2019-08-22,177789.44,10
LEAN_SELECT,2019-08-23,171876.79,10
LEAN_SELECT,2019-08-26,174146.3,10
LEAN_SELECT,2019-08-27,174459.67,10
LEAN_SELECT,2019-08-28,175701.35,10
LEAN_SELECT,2019-08-29,178062.08,10
LEAN_SELECT,2019-08-30,178131.46,10
LEAN_SELECT,2019-09-03,176732.98,10
LEAN_SELECT,2019-09-04,179093.07,10
LEAN_SELECT,2019-09-05,181822.7,10
LEAN_SELECT,2019-09-06,180825.18,10
LEAN_SELECT,2019-09-09,182318.92,10
LEAN_SELECT,2019-09-10,183379.95,10
LEAN_SELECT,2019-09-11,183133.62,10
LEAN_SELECT,2019-09-12,184224.86,10
LEAN_SELECT,2019-09-13,185203.85,10
LEAN_SELECT,2019-09-16,184282.24,9
LEAN_SELECT,2019-09-17,184133.31,8
LEAN_SELECT,2019-09-18,182833.61,10
LEAN_SELECT,2019-09-19,183311.64,10
LEAN_SELECT,2019-09-20,182890.08,9
LEAN_SELECT,2019-09-23,182791.13,10
LEAN_SELECT,2019-09-24,180219.38,9
LEAN_SELECT,2019-09-25,180342.72,9
LEAN_SELECT,2019-09-26,179715.32,10
LEAN_SELECT,2019-09-27,177556.28,10
LEAN_SELECT,2019-09-30,179076.35,10
LEAN_SELECT,2019-10-01,178805.27,10
LEAN_SELECT,2019-10-02,177068.76,10
LEAN_SELECT,2019-10-03,178566.0,10
LEAN_SELECT,2019-10-04,180508.16,10
LEAN_SELECT,2019-10-07,179661.77,10
LEAN_SELECT,2019-10-08,177805.28,10
LEAN_SELECT,2019-10-09,178848.67,10
LEAN_SELECT,2019-10-10,180075.05,10
LEAN_SELECT,2019-10-11,181502.43,10
LEAN_SELECT,2019-10-14,182592.29,10
LEAN_SELECT,2019-10-15,183594.79,10
LEAN_SELECT,2019-10-16,182849.46,10
LEAN_SELECT,2019-10-17,184143.64,10
LEAN_SELECT,2019-10-18,181687.85,10
LEAN_SELECT,2019-10-21,182884.46,10
LEAN_SELECT,2019-10-22,180893.91,10
LEAN_SELECT,2019-10-23,182537.74,10
LEAN_SELECT,2019-10-24,183774.45,10
LEAN_SELECT,2019-10-25,183891.37,10
LEAN_SELECT,2019-10-28,184811.86,10
LEAN_SELECT,2019-10-29,184392.49,10
LEAN_SELECT,2019-10-30,186113.47,9
LEAN_SELECT,2019-10-31,186054.12,10
LEAN_SELECT,2019-11-01,187594.67,8
LEAN_SELECT,2019-11-04,187795.04,10
LEAN_SELECT,2019-11-05,187866.74,10
LEAN_SELECT,2019-11-06,188240.75,10
LEAN_SELECT,2019-11-07,187244.12,9
LEAN_SELECT,2019-11-08,187803.57,10
LEAN_SELECT,2019-11-11,187302.59,10
LEAN_SELECT,2019-11-12,187140.54,10
LEAN_SELECT,2019-11-13,187312.73,10
LEAN_SELECT,2019-11-14,187790.46,10
LEAN_SELECT,2019-11-15,189179.82,10
LEAN_SELECT,2019-11-18,189624.5,10
LEAN_SELECT,2019-11-19,188450.67,10
LEAN_SELECT,2019-11-20,188391.09,10
LEAN_SELECT,2019-11-21,188582.75,10
LEAN_SELECT,2019-11-22,188163.85,10
LEAN_SELECT,2019-11-25,189962.01,10
LEAN_SELECT,2019-11-26,190253.81,10
LEAN_SELECT,2019-11-27,190835.71,10
LEAN_SELECT,2019-11-29,190218.88,10
LEAN_SELECT,2019-12-02,189612.01,10
LEAN_SELECT,2019-12-03,188721.87,10
LEAN_SELECT,2019-12-04,189109.86,10
LEAN_SELECT,2019-12-05,189396.91,10
LEAN_SELECT,2019-12-06,191707.72,10
LEAN_SELECT,2019-12-09,191419.86,10
LEAN_SELECT,2019-12-10,192564.84,10
LEAN_SELECT,2019-12-11,193988.4,10
LEAN_SELECT,2019-12-12,198176.66,10
LEAN_SELECT,2019-12-13,197038.66,10
LEAN_SELECT,2019-12-16,198766.74,9
LEAN_SELECT,2019-12-17,199677.47,10
LEAN_SELECT,2019-12-18,199705.14,10
LEAN_SELECT,2019-12-19,200858.99,10
LEAN_SELECT,2019-12-20,201550.73,10
LEAN_SELECT,2019-12-23,201401.7,10
LEAN_SELECT,2019-12-24,201784.87,10
LEAN_SELECT,2019-12-26,202131.52,10
LEAN_SELECT,2019-12-27,201387.33,10
LEAN_SELECT,2019-12-30,200284.06,9
LEAN_SELECT,2019-12-31,200547.48,9
LEAN_SELECT,2020-01-02,200479.0,10
LEAN_SELECT,2020-01-03,197879.2,10
LEAN_SELECT,2020-01-06,198473.43,10
LEAN_SELECT,2020-01-07,197356.17,10
LEAN_SELECT,2020-01-08,197892.1,10
LEAN_SELECT,2020-01-09,197630.06,10
LEAN_SELECT,2020-01-10,196729.55,10
LEAN_SELECT,2020-01-13,197775.51,10
LEAN_SELECT,2020-01-14,198385.46,10
LEAN_SELECT,2020-01-15,197584.98,10
LEAN_SELECT,2020-01-16,198593.99,10
LEAN_SELECT,2020-01-17,198999.3,10
LEAN_SELECT,2020-01-21,198300.94,10
LEAN_SELECT,2020-01-22,198498.31,10
LEAN_SELECT,2020-01-23,197626.16,10
LEAN_SELECT,2020-01-24,195238.42,10
LEAN_SELECT,2020-01-27,193556.13,10
LEAN_SELECT,2020-01-28,194955.44,10
LEAN_SELECT,2020-01-29,193570.17,10
LEAN_SELECT,2020-01-30,194416.94,10
LEAN_SELECT,2020-01-31,191472.09,10
LEAN_SELECT,2020-02-03,190306.09,10
LEAN_SELECT,2020-02-04,192244.53,10
LEAN_SELECT,2020-02-05,196747.06,10
LEAN_SELECT,2020-02-06,197630.23,10
LEAN_SELECT,2020-02-07,197691.61,10
LEAN_SELECT,2020-02-10,199016.43,10
LEAN_SELECT,2020-02-11,201206.83,10
LEAN_SELECT,2020-02-12,202081.03,10
LEAN_SELECT,2020-02-13,202291.87,10
LEAN_SELECT,2020-02-14,201960.94,10
LEAN_SELECT,2020-02-18,201971.39,9
LEAN_SELECT,2020-02-19,202040.67,9
LEAN_SELECT,2020-02-20,202201.54,10
LEAN_SELECT,2020-02-21,199101.45,10
LEAN_SELECT,2020-02-24,189915.0,9
LEAN_SELECT,2020-02-25,183166.44,9
LEAN_SELECT,2020-02-26,180167.62,9
LEAN_SELECT,2020-02-27,173877.86,9
LEAN_SELECT,2020-02-28,172833.21,9
LEAN_SELECT,2020-03-02,180040.87,9
LEAN_SELECT,2020-03-03,174715.84,10
LEAN_SELECT,2020-03-04,180573.79,10
LEAN_SELECT,2020-03-05,174170.14,10
LEAN_SELECT,2020-03-06,169349.01,10
LEAN_SELECT,2020-03-09,149875.5,10
LEAN_SELECT,2020-03-10,156767.65,10
LEAN_SELECT,2020-03-11,148114.44,10
LEAN_SELECT,2020-03-12,134019.85,10
LEAN_SELECT,2020-03-13,148175.55,10
LEAN_SELECT,2020-03-16,131714.61,10
LEAN_SELECT,2020-03-17,141681.79,10
LEAN_SELECT,2020-03-18,135491.1,10
LEAN_SELECT,2020-03-19,135659.31,10
LEAN_SELECT,2020-03-20,128272.98,10
LEAN_SELECT,2020-03-23,124089.35,10
LEAN_SELECT,2020-03-24,131168.23,10
LEAN_SELECT,2020-03-25,131930.28,10
LEAN_SELECT,2020-03-26,141170.54,10
LEAN_SELECT,2020-03-27,136374.03,10
LEAN_SELECT,2020-03-30,138920.3,10
LEAN_SELECT,2020-03-31,136802.56,10
LEAN_SELECT,2020-04-01,130788.97,10
LEAN_SELECT,2020-04-02,133000.27,9
LEAN_SELECT,2020-04-03,131245.29,10
LEAN_SELECT,2020-04-06,138744.63,10
LEAN_SELECT,2020-04-07,139361.36,10
LEAN_SELECT,2020-04-08,144464.69,9
LEAN_SELECT,2020-04-09,146949.78,10
LEAN_SELECT,2020-04-13,144104.15,10
LEAN_SELECT,2020-04-14,146218.21,7
LEAN_SELECT,2020-04-15,143164.05,8
LEAN_SELECT,2020-04-16,140656.91,7
LEAN_SELECT,2020-04-17,143987.31,8
LEAN_SELECT,2020-04-20,141163.6,8
LEAN_SELECT,2020-04-21,138541.12,8
LEAN_SELECT,2020-04-22,139458.05,6
LEAN_SELECT,2020-04-23,140257.95,10
LEAN_SELECT,2020-04-24,141881.62,10
LEAN_SELECT,2020-04-27,146611.97,10
LEAN_SELECT,2020-04-28,151233.39,10
LEAN_SELECT,2020-04-29,163771.23,9
LEAN_SELECT,2020-04-30,158548.42,10
LEAN_SELECT,2020-05-01,149643.41,9
LEAN_SELECT,2020-05-04,148947.53,6
LEAN_SELECT,2020-05-05,148567.19,6
LEAN_SELECT,2020-05-06,147384.62,5
LEAN_SELECT,2020-05-07,152568.04,5
LEAN_SELECT,2020-05-08,156325.72,6
LEAN_SELECT,2020-05-11,155062.37,10
LEAN_SELECT,2020-05-12,150880.68,10
LEAN_SELECT,2020-05-13,144887.96,10
LEAN_SELECT,2020-05-14,149555.71,10
LEAN_SELECT,2020-05-15,148562.14,10
LEAN_SELECT,2020-05-18,157840.43,10
LEAN_SELECT,2020-05-19,156769.75,10
LEAN_SELECT,2020-05-20,161357.1,10
LEAN_SELECT,2020-05-21,159293.92,10
LEAN_SELECT,2020-05-22,158143.82,10
LEAN_SELECT,2020-05-26,164702.86,10
LEAN_SELECT,2020-05-27,173213.84,10
LEAN_SELECT,2020-05-28,164109.05,10
LEAN_SELECT,2020-05-29,161330.79,10
LEAN_SELECT,2020-06-01,160956.43,9
LEAN_SELECT,2020-06-02,161723.1,10
LEAN_SELECT,2020-06-03,169575.59,10
LEAN_SELECT,2020-06-04,172053.48,10
LEAN_SELECT,2020-06-05,180460.87,10
LEAN_SELECT,2020-06-08,190182.86,10
LEAN_SELECT,2020-06-09,184604.39,10
LEAN_SELECT,2020-06-10,177598.33,10
LEAN_SELECT,2020-06-11,163983.16,7
LEAN_SELECT,2020-06-12,166363.03,5
LEAN_SELECT,2020-06-15,167385.48,5
LEAN_SELECT,2020-06-16,168094.88,5
LEAN_SELECT,2020-06-17,168585.33,5
LEAN_SELECT,2020-06-18,169028.8,5
LEAN_SELECT,2020-06-19,167155.55,10
LEAN_SELECT,2020-06-22,168498.22,10
LEAN_SELECT,2020-06-23,166893.41,10
LEAN_SELECT,2020-06-24,161526.42,9
LEAN_SELECT,2020-06-25,163166.57,8
LEAN_SELECT,2020-06-26,158487.59,10
LEAN_SELECT,2020-06-29,161029.07,10
LEAN_SELECT,2020-06-30,164536.05,10
LEAN_SELECT,2020-07-01,163786.87,10
LEAN_SELECT,2020-07-02,165150.05,10
LEAN_SELECT,2020-07-06,167405.36,10
LEAN_SELECT,2020-07-07,163538.73,10
LEAN_SELECT,2020-07-08,164576.24,10
LEAN_SELECT,2020-07-09,162912.24,10
LEAN_SELECT,2020-07-10,165005.58,10
LEAN_SELECT,2020-07-13,162995.78,10
LEAN_SELECT,2020-07-14,165504.46,8
LEAN_SELECT,2020-07-15,169091.07,10
LEAN_SELECT,2020-07-16,169734.31,10
LEAN_SELECT,2020-07-17,169315.99,10
LEAN_SELECT,2020-07-20,170717.23,10
LEAN_SELECT,2020-07-21,174303.46,10
LEAN_SELECT,2020-07-22,175792.93,10
LEAN_SELECT,2020-07-23,173514.08,10
LEAN_SELECT,2020-07-24,175693.63,9
LEAN_SELECT,2020-07-27,176215.05,9
LEAN_SELECT,2020-07-28,173553.0,10
LEAN_SELECT,2020-07-29,179361.63,10
LEAN_SELECT,2020-07-30,175903.72,10
LEAN_SELECT,2020-07-31,174895.28,10
LEAN_SELECT,2020-08-03,175815.15,10
LEAN_SELECT,2020-08-04,180936.01,10
LEAN_SELECT,2020-08-05,183494.24,10
LEAN_SELECT,2020-08-06,182700.05,10
LEAN_SELECT,2020-08-07,182954.81,10
LEAN_SELECT,2020-08-10,184749.41,10
LEAN_SELECT,2020-08-11,183688.34,10
LEAN_SELECT,2020-08-12,186808.13,10
LEAN_SELECT,2020-08-13,184982.06,10
LEAN_SELECT,2020-08-14,185567.62,10
LEAN_SELECT,2020-08-17,185618.83,10
LEAN_SELECT,2020-08-18,185375.16,10
LEAN_SELECT,2020-08-19,183466.9,10
LEAN_SELECT,2020-08-20,182434.9,10
LEAN_SELECT,2020-08-21,181504.97,10
LEAN_SELECT,2020-08-24,184226.59,10
LEAN_SELECT,2020-08-25,184776.73,10
LEAN_SELECT,2020-08-26,183716.11,10
LEAN_SELECT,2020-08-27,184458.4,10
LEAN_SELECT,2020-08-28,186780.1,10
LEAN_SELECT,2020-08-31,185455.18,10
LEAN_SELECT,2020-09-01,186451.51,10
LEAN_SELECT,2020-09-02,187164.75,10
LEAN_SELECT,2020-09-03,183292.08,10
LEAN_SELECT,2020-09-04,183035.07,9
LEAN_SELECT,2020-09-08,176976.24,10
LEAN_SELECT,2020-09-09,177956.0,10
LEAN_SELECT,2020-09-10,173893.63,10
LEAN_SELECT,2020-09-11,174764.36,10
LEAN_SELECT,2020-09-14,177640.6,10
LEAN_SELECT,2020-09-15,177191.69,10
LEAN_SELECT,2020-09-16,180303.6,10
LEAN_SELECT,2020-09-17,179470.36,10
LEAN_SELECT,2020-09-18,179048.28,10
LEAN_SELECT,2020-09-21,173392.49,10
LEAN_SELECT,2020-09-22,173311.2,10
LEAN_SELECT,2020-09-23,170291.23,10
LEAN_SELECT,2020-09-24,169461.6,10
LEAN_SELECT,2020-09-25,169767.1,10
LEAN_SELECT,2020-09-28,173953.71,10
LEAN_SELECT,2020-09-29,170879.9,10
LEAN_SELECT,2020-09-30,171227.71,10
LEAN_SELECT,2020-10-01,168628.7,10
LEAN_SELECT,2020-10-02,169203.22,10
LEAN_SELECT,2020-10-05,173233.58,10
LEAN_SELECT,2020-10-06,170590.08,10
LEAN_SELECT,2020-10-07,172830.1,10
LEAN_SELECT,2020-10-08,176583.14,10
LEAN_SELECT,2020-10-09,176241.25,10
LEAN_SELECT,2020-10-12,177968.13,10
LEAN_SELECT,2020-10-13,176375.84,10
LEAN_SELECT,2020-10-14,175292.72,10
LEAN_SELECT,2020-10-15,176544.85,10
LEAN_SELECT,2020-10-16,173764.6,10
LEAN_SELECT,2020-10-19,171103.76,10
LEAN_SELECT,2020-10-20,173204.74,10
LEAN_SELECT,2020-10-21,171627.76,10
LEAN_SELECT,2020-10-22,176217.4,10
LEAN_SELECT,2020-10-23,176510.23,10
LEAN_SELECT,2020-10-26,172347.35,10
LEAN_SELECT,2020-10-27,170272.34,10
LEAN_SELECT,2020-10-28,164742.16,10
LEAN_SELECT,2020-10-29,166776.03,10
LEAN_SELECT,2020-10-30,168423.46,10
LEAN_SELECT,2020-11-02,173173.27,10
LEAN_SELECT,2020-11-03,175006.53,10
LEAN_SELECT,2020-11-04,176811.46,10
LEAN_SELECT,2020-11-05,178349.83,10
LEAN_SELECT,2020-11-06,175938.1,10
LEAN_SELECT,2020-11-09,188534.4,10
LEAN_SELECT,2020-11-10,190366.68,10
LEAN_SELECT,2020-11-11,189974.0,10
LEAN_SELECT,2020-11-12,187183.99,10
LEAN_SELECT,2020-11-13,190437.83,9
LEAN_SELECT,2020-11-16,194916.2,10
LEAN_SELECT,2020-11-17,196348.67,9
LEAN_SELECT,2020-11-18,194491.24,10
LEAN_SELECT,2020-11-19,197648.96,9
LEAN_SELECT,2020-11-20,196331.03,10
LEAN_SELECT,2020-11-23,203619.75,10
LEAN_SELECT,2020-11-24,208025.63,10
LEAN_SELECT,2020-11-25,207952.26,10
LEAN_SELECT,2020-11-27,208474.43,10
LEAN_SELECT,2020-11-30,207199.8,10
LEAN_SELECT,2020-12-01,209206.24,10
LEAN_SELECT,2020-12-02,209005.85,10
LEAN_SELECT,2020-12-03,207356.37,10
LEAN_SELECT,2020-12-04,209455.05,10
LEAN_SELECT,2020-12-07,210073.87,10
LEAN_SELECT,2020-12-08,212172.56,10
LEAN_SELECT,2020-12-09,209825.0,9
LEAN_SELECT,2020-12-10,210625.64,9
LEAN_SELECT,2020-12-11,210985.45,9
LEAN_SELECT,2020-12-14,210578.4,10
LEAN_SELECT,2020-12-15,213769.16,10
LEAN_SELECT,2020-12-16,215982.63,10
LEAN_SELECT,2020-12-17,216405.64,10
LEAN_SELECT,2020-12-18,216353.91,10
LEAN_SELECT,2020-12-21,214663.65,10
LEAN_SELECT,2020-12-22,215047.49,10
LEAN_SELECT,2020-12-23,214916.19,10
LEAN_SELECT,2020-12-24,214835.12,10
LEAN_SELECT,2020-12-28,215696.52,10
LEAN_SELECT,2020-12-29,215716.67,10
LEAN_SELECT,2020-12-30,216093.28,10
LEAN_SELECT,2020-12-31,216906.88,10
LEAN_SELECT,2021-01-04,213482.93,10
LEAN_SELECT,2021-01-05,215906.33,10
LEAN_SELECT,2021-01-06,216172.5,10
LEAN_SELECT,2021-01-07,217113.28,10
LEAN_SELECT,2021-01-08,219095.6,10
LEAN_SELECT,2021-01-11,217954.43,10
LEAN_SELECT,2021-01-12,220458.88,10
LEAN_SELECT,2021-01-13,219896.03,10
LEAN_SELECT,2021-01-14,219588.73,10
LEAN_SELECT,2021-01-15,217613.92,10
LEAN_SELECT,2021-01-19,218303.09,10
LEAN_SELECT,2021-01-20,222316.32,10
LEAN_SELECT,2021-01-21,222501.55,10
LEAN_SELECT,2021-01-22,222644.74,10
LEAN_SELECT,2021-01-25,223353.66,10
LEAN_SELECT,2021-01-26,224334.49,10
LEAN_SELECT,2021-01-27,222349.32,10
LEAN_SELECT,2021-01-28,219884.66,10
LEAN_SELECT,2021-01-29,214795.64,10
LEAN_SELECT,2021-02-01,216829.96,8
LEAN_SELECT,2021-02-02,219264.68,9
LEAN_SELECT,2021-02-03,220522.64,10
LEAN_SELECT,2021-02-04,223651.53,10
LEAN_SELECT,2021-02-05,225064.62,10
LEAN_SELECT,2021-02-08,229846.21,10
LEAN_SELECT,2021-02-09,229061.04,10
LEAN_SELECT,2021-02-10,228671.45,7
LEAN_SELECT,2021-02-11,226121.6,8
LEAN_SELECT,2021-02-12,229090.11,9
LEAN_SELECT,2021-02-16,231281.72,10
LEAN_SELECT,2021-02-17,231593.22,10
LEAN_SELECT,2021-02-18,228729.84,10
LEAN_SELECT,2021-02-19,230821.37,10
LEAN_SELECT,2021-02-22,231861.74,10
LEAN_SELECT,2021-02-23,231129.45,10
LEAN_SELECT,2021-02-24,234916.74,10
LEAN_SELECT,2021-02-25,230350.07,10
LEAN_SELECT,2021-02-26,228935.3,7
LEAN_SELECT,2021-03-01,232374.48,7
LEAN_SELECT,2021-03-02,230161.89,10
LEAN_SELECT,2021-03-03,226111.46,10
LEAN_SELECT,2021-03-04,223066.22,10
LEAN_SELECT,2021-03-05,228372.46,10
LEAN_SELECT,2021-03-08,226967.27,10
LEAN_SELECT,2021-03-09,228692.77,10
LEAN_SELECT,2021-03-10,231446.02,10
LEAN_SELECT,2021-03-11,233585.8,10
LEAN_SELECT,2021-03-12,234260.79,10
LEAN_SELECT,2021-03-15,235879.11,10
LEAN_SELECT,2021-03-16,234125.34,10
LEAN_SELECT,2021-03-17,235854.42,10
LEAN_SELECT,2021-03-18,229737.84,10
LEAN_SELECT,2021-03-19,230410.01,10
LEAN_SELECT,2021-03-22,231962.36,10
LEAN_SELECT,2021-03-23,230690.5,10
LEAN_SELECT,2021-03-24,230165.53,10
LEAN_SELECT,2021-03-25,230169.4,10
LEAN_SELECT,2021-03-26,234174.0,10
LEAN_SELECT,2021-03-29,233300.04,10
LEAN_SELECT,2021-03-30,232604.91,10
LEAN_SELECT,2021-03-31,233540.75,10
LEAN_SELECT,2021-04-01,237152.44,10
LEAN_SELECT,2021-04-05,236682.46,10
LEAN_SELECT,2021-04-06,237771.48,10
LEAN_SELECT,2021-04-07,239405.5,10
LEAN_SELECT,2021-04-08,239866.97,10
LEAN_SELECT,2021-04-09,240294.6,10
LEAN_SELECT,2021-04-12,240144.95,10
LEAN_SELECT,2021-04-13,238994.36,10
LEAN_SELECT,2021-04-14,240371.11,10
LEAN_SELECT,2021-04-15,240652.44,10
LEAN_SELECT,2021-04-16,241031.37,10
LEAN_SELECT,2021-04-19,240516.5,10
LEAN_SELECT,2021-04-20,235945.65,10
LEAN_SELECT,2021-04-21,238191.2,10
LEAN_SELECT,2021-04-22,238180.62,10
LEAN_SELECT,2021-04-23,241122.05,10
LEAN_SELECT,2021-04-26,242027.87,10
LEAN_SELECT,2021-04-27,243198.65,10
LEAN_SELECT,2021-04-28,245973.22,10
LEAN_SELECT,2021-04-29,244242.32,10
LEAN_SELECT,2021-04-30,242694.72,10
LEAN_SELECT,2021-05-03,245767.55,10
LEAN_SELECT,2021-05-04,244502.24,10
LEAN_SELECT,2021-05-05,247617.77,9
LEAN_SELECT,2021-05-06,249060.26,9
LEAN_SELECT,2021-05-07,252517.9,10
LEAN_SELECT,2021-05-10,251265.76,10
LEAN_SELECT,2021-05-11,249168.85,10
LEAN_SELECT,2021-05-12,245963.89,7
LEAN_SELECT,2021-05-13,247801.33,7
LEAN_SELECT,2021-05-14,251672.04,7
LEAN_SELECT,2021-05-17,254818.92,8
LEAN_SELECT,2021-05-18,254886.5,8
LEAN_SELECT,2021-05-19,253963.11,10
LEAN_SELECT,2021-05-20,256242.06,10
LEAN_SELECT,2021-05-21,257784.57,10
LEAN_SELECT,2021-05-24,259998.32,10
LEAN_SELECT,2021-05-25,260876.56,10
LEAN_SELECT,2021-05-26,265902.29,10
LEAN_SELECT,2021-05-27,269150.38,10
LEAN_SELECT,2021-05-28,268173.59,10
LEAN_SELECT,2021-06-01,270949.32,10
LEAN_SELECT,2021-06-02,275112.65,10
LEAN_SELECT,2021-06-03,274160.78,10
LEAN_SELECT,2021-06-04,276499.95,7
LEAN_SELECT,2021-06-07,276089.56,9
LEAN_SELECT,2021-06-08,275119.52,9
LEAN_SELECT,2021-06-09,275415.9,10
LEAN_SELECT,2021-06-10,277112.92,10
LEAN_SELECT,2021-06-11,277699.08,10
LEAN_SELECT,2021-06-14,275491.52,9
LEAN_SELECT,2021-06-15,273671.6,8
LEAN_SELECT,2021-06-16,271768.67,10
LEAN_SELECT,2021-06-17,273013.98,10
LEAN_SELECT,2021-06-18,270299.46,10
LEAN_SELECT,2021-06-21,271840.63,10
LEAN_SELECT,2021-06-22,273556.53,10
LEAN_SELECT,2021-06-23,274182.13,10
LEAN_SELECT,2021-06-24,276407.52,10
LEAN_SELECT,2021-06-25,278368.38,10
LEAN_SELECT,2021-06-28,278722.59,10
LEAN_SELECT,2021-06-29,277668.48,10
LEAN_SELECT,2021-06-30,282194.78,10
LEAN_SELECT,2021-07-01,281163.63,10
LEAN_SELECT,2021-07-02,280814.2,10
LEAN_SELECT,2021-07-06,278148.86,10
LEAN_SELECT,2021-07-07,274618.17,10
LEAN_SELECT,2021-07-08,272166.54,9
LEAN_SELECT,2021-07-09,276030.21,10
LEAN_SELECT,2021-07-12,276002.76,10
LEAN_SELECT,2021-07-13,272579.93,10
LEAN_SELECT,2021-07-14,272420.45,10
LEAN_SELECT,2021-07-15,271480.06,10
LEAN_SELECT,2021-07-16,269152.78,10
LEAN_SELECT,2021-07-19,264858.58,10
LEAN_SELECT,2021-07-20,268921.31,10
LEAN_SELECT,2021-07-21,271488.94,10
LEAN_SELECT,2021-07-22,270178.99,10
LEAN_SELECT,2021-07-23,271255.84,10
LEAN_SELECT,2021-07-26,273107.08,10
LEAN_SELECT,2021-07-27,271436.58,10
LEAN_SELECT,2021-07-28,273088.0,10
LEAN_SELECT,2021-07-29,274386.08,10
LEAN_SELECT,2021-07-30,271885.47,10
LEAN_SELECT,2021-08-02,271543.36,10
LEAN_SELECT,2021-08-03,272883.14,10
LEAN_SELECT,2021-08-04,271931.52,10
LEAN_SELECT,2021-08-05,276650.57,10
LEAN_SELECT,2021-08-06,276428.66,10
LEAN_SELECT,2021-08-09,275318.43,10
LEAN_SELECT,2021-08-10,277643.97,10
LEAN_SELECT,2021-08-11,279322.9,10
LEAN_SELECT,2021-08-12,279082.05,10
LEAN_SELECT,2021-08-13,278983.23,10
LEAN_SELECT,2021-08-16,278137.7,10
LEAN_SELECT,2021-08-17,277249.58,10
LEAN_SELECT,2021-08-18,276032.14,10
LEAN_SELECT,2021-08-19,276047.23,9
LEAN_SELECT,2021-08-20,278299.87,10
LEAN_SELECT,2021-08-23,281650.12,10
LEAN_SELECT,2021-08-24,282930.36,10
LEAN_SELECT,2021-08-25,283083.68,10
LEAN_SELECT,2021-08-26,281542.14,10
LEAN_SELECT,2021-08-27,284872.5,10
LEAN_SELECT,2021-08-30,285641.23,10
LEAN_SELECT,2021-08-31,286816.58,10
LEAN_SELECT,2021-09-01,286824.22,10
LEAN_SELECT,2021-09-02,288552.47,10
LEAN_SELECT,2021-09-03,288981.26,10
LEAN_SELECT,2021-09-07,288484.31,10
LEAN_SELECT,2021-09-08,285522.82,10
LEAN_SELECT,2021-09-09,284947.73,10
LEAN_SELECT,2021-09-10,282112.2,10
LEAN_SELECT,2021-09-13,282035.72,10
LEAN_SELECT,2021-09-14,278147.85,10
LEAN_SELECT,2021-09-15,279895.88,10
LEAN_SELECT,2021-09-16,280039.1,10
LEAN_SELECT,2021-09-17,279824.32,10
LEAN_SELECT,2021-09-20,277031.92,10
LEAN_SELECT,2021-09-21,276697.04,10
LEAN_SELECT,2021-09-22,280946.03,10
LEAN_SELECT,2021-09-23,286506.81,10
LEAN_SELECT,2021-09-24,288483.27,10
LEAN_SELECT,2021-09-27,290071.7,10
LEAN_SELECT,2021-09-28,286550.5,10
LEAN_SELECT,2021-09-29,286076.29,10
LEAN_SELECT,2021-09-30,279298.42,10
LEAN_SELECT,2021-10-01,283687.22,10
LEAN_SELECT,2021-10-04,281344.43,10
LEAN_SELECT,2021-10-05,283076.85,10
LEAN_SELECT,2021-10-06,283265.95,10
LEAN_SELECT,2021-10-07,285125.31,10
LEAN_SELECT,2021-10-08,283317.19,10
LEAN_SELECT,2021-10-11,280086.18,10
LEAN_SELECT,2021-10-12,278957.62,10
LEAN_SELECT,2021-10-13,279157.53,10
LEAN_SELECT,2021-10-14,280521.81,10
LEAN_SELECT,2021-10-15,279488.26,10
LEAN_SELECT,2021-10-18,280916.4,10
LEAN_SELECT,2021-10-19,282485.06,10
LEAN_SELECT,2021-10-20,283376.09,10
LEAN_SELECT,2021-10-21,281462.31,10
LEAN_SELECT,2021-10-22,278512.86,10
LEAN_SELECT,2021-10-25,279398.74,10
LEAN_SELECT,2021-10-26,279262.8,10
LEAN_SELECT,2021-10-27,272757.4,10
LEAN_SELECT,2021-10-28,276170.85,10
LEAN_SELECT,2021-10-29,272816.63,10
LEAN_SELECT,2021-11-01,277884.26,9
LEAN_SELECT,2021-11-02,277187.88,10
LEAN_SELECT,2021-11-03,280617.82,10
LEAN_SELECT,2021-11-04,278021.05,10
LEAN_SELECT,2021-11-05,283984.6,10
LEAN_SELECT,2021-11-08,282521.53,10
LEAN_SELECT,2021-11-09,281443.47,9
LEAN_SELECT,2021-11-10,280448.87,10
LEAN_SELECT,2021-11-11,279868.1,10
LEAN_SELECT,2021-11-12,280899.81,10
LEAN_SELECT,2021-11-15,282567.9,10
LEAN_SELECT,2021-11-16,279132.09,10
LEAN_SELECT,2021-11-17,277252.71,10
LEAN_SELECT,2021-11-18,273264.15,10
LEAN_SELECT,2021-11-19,270830.54,10
LEAN_SELECT,2021-11-22,270444.0,10
LEAN_SELECT,2021-11-23,270150.08,10
LEAN_SELECT,2021-11-24,269931.68,10
LEAN_SELECT,2021-11-26,266550.16,10
LEAN_SELECT,2021-11-29,265786.16,10
LEAN_SELECT,2021-11-30,258808.88,10
LEAN_SELECT,2021-12-01,254774.68,10
LEAN_SELECT,2021-12-02,257706.32,10
LEAN_SELECT,2021-12-03,258521.67,10
LEAN_SELECT,2021-12-06,262140.95,10
LEAN_SELECT,2021-12-07,265797.46,10
LEAN_SELECT,2021-12-08,265349.97,10
LEAN_SELECT,2021-12-09,263669.32,10
LEAN_SELECT,2021-12-10,266853.01,10
LEAN_SELECT,2021-12-13,265048.29,10
LEAN_SELECT,2021-12-14,264690.76,10
LEAN_SELECT,2021-12-15,266392.94,10
LEAN_SELECT,2021-12-16,270232.83,10
LEAN_SELECT,2021-12-17,267332.62,10
LEAN_SELECT,2021-12-20,264598.78,10
LEAN_SELECT,2021-12-21,268819.77,10
LEAN_SELECT,2021-12-22,270105.34,10
LEAN_SELECT,2021-12-23,272059.51,10
LEAN_SELECT,2021-12-27,272614.87,10
LEAN_SELECT,2021-12-28,271453.61,10
LEAN_SELECT,2021-12-29,270002.68,10
LEAN_SELECT,2021-12-30,272078.45,10
LEAN_SELECT,2021-12-31,269880.2,10
LEAN_SELECT,2022-01-03,275049.96,10
LEAN_SELECT,2022-01-04,277636.44,10
LEAN_SELECT,2022-01-05,274750.64,10
LEAN_SELECT,2022-01-06,277379.4,9
LEAN_SELECT,2022-01-07,281445.73,9
LEAN_SELECT,2022-01-10,279499.93,10
LEAN_SELECT,2022-01-11,281944.79,10
LEAN_SELECT,2022-01-12,281682.38,10
LEAN_SELECT,2022-01-13,280454.23,10
LEAN_SELECT,2022-01-14,286790.88,10
LEAN_SELECT,2022-01-18,281863.93,10
LEAN_SELECT,2022-01-19,279598.06,10
LEAN_SELECT,2022-01-20,276819.02,10
LEAN_SELECT,2022-01-21,269850.37,10
LEAN_SELECT,2022-01-24,271106.77,8
LEAN_SELECT,2022-01-25,272751.45,8
LEAN_SELECT,2022-01-26,271148.85,9
LEAN_SELECT,2022-01-27,267569.46,9
LEAN_SELECT,2022-01-28,272192.36,10
LEAN_SELECT,2022-01-31,276927.82,10
LEAN_SELECT,2022-02-01,279737.01,10
LEAN_SELECT,2022-02-02,272433.12,10
LEAN_SELECT,2022-02-03,267601.49,10
LEAN_SELECT,2022-02-04,268987.72,10
LEAN_SELECT,2022-02-07,269331.19,10
LEAN_SELECT,2022-02-08,271817.36,10
LEAN_SELECT,2022-02-09,277966.29,10
LEAN_SELECT,2022-02-10,274166.68,10
LEAN_SELECT,2022-02-11,269109.32,9
LEAN_SELECT,2022-02-14,267497.13,10
LEAN_SELECT,2022-02-15,269444.05,10
LEAN_SELECT,2022-02-16,265105.74,10
LEAN_SELECT,2022-02-17,264485.61,10
LEAN_SELECT,2022-02-18,263620.62,10
LEAN_SELECT,2022-02-22,262599.77,10
LEAN_SELECT,2022-02-23,262208.62,10
LEAN_SELECT,2022-02-24,260729.66,10
LEAN_SELECT,2022-02-25,267039.01,10
LEAN_SELECT,2022-02-28,265689.96,10
LEAN_SELECT,2022-03-01,265255.78,10
LEAN_SELECT,2022-03-02,269916.79,10
LEAN_SELECT,2022-03-03,270104.12,10
LEAN_SELECT,2022-03-04,270742.05,10
LEAN_SELECT,2022-03-07,268664.41,10
LEAN_SELECT,2022-03-08,265890.06,10
LEAN_SELECT,2022-03-09,266971.9,7
LEAN_SELECT,2022-03-10,267809.65,8
LEAN_SELECT,2022-03-11,264790.17,9
LEAN_SELECT,2022-03-14,262073.11,8
LEAN_SELECT,2022-03-15,266061.73,9
LEAN_SELECT,2022-03-16,271959.48,10
LEAN_SELECT,2022-03-17,274069.52,10
LEAN_SELECT,2022-03-18,276076.7,10
LEAN_SELECT,2022-03-21,273515.42,10
LEAN_SELECT,2022-03-22,276618.45,10
LEAN_SELECT,2022-03-23,274259.29,10
LEAN_SELECT,2022-03-24,275425.83,7
LEAN_SELECT,2022-03-25,277584.52,10
LEAN_SELECT,2022-03-28,277445.01,10
LEAN_SELECT,2022-03-29,280762.55,9
LEAN_SELECT,2022-03-30,277408.93,10
LEAN_SELECT,2022-03-31,274913.8,10
LEAN_SELECT,2022-04-01,275690.64,8
LEAN_SELECT,2022-04-04,277346.59,8
LEAN_SELECT,2022-04-05,273339.37,7
LEAN_SELECT,2022-04-06,272591.02,7
LEAN_SELECT,2022-04-07,272439.07,7
LEAN_SELECT,2022-04-08,276207.43,8
LEAN_SELECT,2022-04-11,270526.29,10
LEAN_SELECT,2022-04-12,272705.57,9
LEAN_SELECT,2022-04-13,276176.95,8
LEAN_SELECT,2022-04-14,274526.28,10
LEAN_SELECT,2022-04-18,275321.99,10
LEAN_SELECT,2022-04-19,278069.21,10
LEAN_SELECT,2022-04-20,278400.9,10
LEAN_SELECT,2022-04-21,273806.5,10
LEAN_SELECT,2022-04-22,268116.09,10
LEAN_SELECT,2022-04-25,264767.38,10
LEAN_SELECT,2022-04-26,260193.41,10
LEAN_SELECT,2022-04-27,261022.12,8
LEAN_SELECT,2022-04-28,266265.99,8
LEAN_SELECT,2022-04-29,258699.86,10
LEAN_SELECT,2022-05-02,261418.55,10
LEAN_SELECT,2022-05-03,265648.08,10
LEAN_SELECT,2022-05-04,274696.44,10
LEAN_SELECT,2022-05-05,267900.4,10
LEAN_SELECT,2022-05-06,269203.57,9
LEAN_SELECT,2022-05-09,251591.48,10
LEAN_SELECT,2022-05-10,254140.33,10
LEAN_SELECT,2022-05-11,253611.12,10
LEAN_SELECT,2022-05-12,252063.71,10
LEAN_SELECT,2022-05-13,262352.7,10
LEAN_SELECT,2022-05-16,264777.95,10
LEAN_SELECT,2022-05-17,272182.33,10
LEAN_SELECT,2022-05-18,261212.67,10
LEAN_SELECT,2022-05-19,254625.29,6
LEAN_SELECT,2022-05-20,252563.56,8
LEAN_SELECT,2022-05-23,258576.3,9
LEAN_SELECT,2022-05-24,256108.85,10
LEAN_SELECT,2022-05-25,258157.4,9
LEAN_SELECT,2022-05-26,265206.02,10
LEAN_SELECT,2022-05-27,270112.35,10
LEAN_SELECT,2022-05-31,268456.14,10
LEAN_SELECT,2022-06-01,265837.17,10
LEAN_SELECT,2022-06-02,269424.61,7
LEAN_SELECT,2022-06-03,264233.5,10
LEAN_SELECT,2022-06-06,265812.56,9
LEAN_SELECT,2022-06-07,267588.23,9
LEAN_SELECT,2022-06-08,264381.92,10
LEAN_SELECT,2022-06-09,256959.82,8
LEAN_SELECT,2022-06-10,250527.3,8
LEAN_SELECT,2022-06-13,239499.39,8
LEAN_SELECT,2022-06-14,238675.37,8
LEAN_SELECT,2022-06-15,244476.25,8
LEAN_SELECT,2022-06-16,234330.79,8
LEAN_SELECT,2022-06-17,238521.21,8
LEAN_SELECT,2022-06-21,242573.98,8
LEAN_SELECT,2022-06-22,243532.89,10
LEAN_SELECT,2022-06-23,244187.43,10
LEAN_SELECT,2022-06-24,256264.55,10
LEAN_SELECT,2022-06-27,254400.6,10
LEAN_SELECT,2022-06-28,248803.79,9
LEAN_SELECT,2022-06-29,242750.94,9
LEAN_SELECT,2022-06-30,238626.37,10
LEAN_SELECT,2022-07-01,240867.67,10
LEAN_SELECT,2022-07-05,245520.39,10
LEAN_SELECT,2022-07-06,241676.77,10
LEAN_SELECT,2022-07-07,247774.92,10
LEAN_SELECT,2022-07-08,246887.6,10
LEAN_SELECT,2022-07-11,239769.19,10
LEAN_SELECT,2022-07-12,241508.47,9
LEAN_SELECT,2022-07-13,241649.93,9
LEAN_SELECT,2022-07-14,240448.13,10
LEAN_SELECT,2022-07-15,247044.96,10
LEAN_SELECT,2022-07-18,249532.83,10
LEAN_SELECT,2022-07-19,257414.56,10
LEAN_SELECT,2022-07-20,262972.77,10
LEAN_SELECT,2022-07-21,262637.16,10
LEAN_SELECT,2022-07-22,261386.52,10
LEAN_SELECT,2022-07-25,262794.47,10
LEAN_SELECT,2022-07-26,259686.87,10
LEAN_SELECT,2022-07-27,268234.13,10
LEAN_SELECT,2022-07-28,271349.31,10
LEAN_SELECT,2022-07-29,273310.76,10
LEAN_SELECT,2022-08-01,273338.12,10
LEAN_SELECT,2022-08-02,270788.91,10
LEAN_SELECT,2022-08-03,276430.62,9
LEAN_SELECT,2022-08-04,275429.47,9
LEAN_SELECT,2022-08-05,274324.59,8
LEAN_SELECT,2022-08-08,276399.54,9
LEAN_SELECT,2022-08-09,275412.25,10
LEAN_SELECT,2022-08-10,282563.74,10
LEAN_SELECT,2022-08-11,282757.33,10
LEAN_SELECT,2022-08-12,287877.61,10
LEAN_SELECT,2022-08-15,288347.83,10
LEAN_SELECT,2022-08-16,292969.26,10
LEAN_SELECT,2022-08-17,287916.2,9
LEAN_SELECT,2022-08-18,287255.21,8
LEAN_SELECT,2022-08-19,282660.6,10
LEAN_SELECT,2022-08-22,278241.43,7
LEAN_SELECT,2022-08-23,282117.93,7
LEAN_SELECT,2022-08-24,284407.12,7
LEAN_SELECT,2022-08-25,288041.67,7
LEAN_SELECT,2022-08-26,280644.91,8
LEAN_SELECT,2022-08-29,278793.87,7
LEAN_SELECT,2022-08-30,275505.3,7
LEAN_SELECT,2022-08-31,273416.16,7
LEAN_SELECT,2022-09-01,274453.23,6
LEAN_SELECT,2022-09-02,272364.24,7
LEAN_SELECT,2022-09-06,272690.59,7
LEAN_SELECT,2022-09-07,278466.45,7
LEAN_SELECT,2022-09-08,282431.51,10
LEAN_SELECT,2022-09-09,286963.11,10
LEAN_SELECT,2022-09-12,290659.85,10
LEAN_SELECT,2022-09-13,277913.7,10
LEAN_SELECT,2022-09-14,279938.72,8
LEAN_SELECT,2022-09-15,281105.04,10
LEAN_SELECT,2022-09-16,276937.29,10
LEAN_SELECT,2022-09-19,277506.27,9
LEAN_SELECT,2022-09-20,273571.05,9
LEAN_SELECT,2022-09-21,268390.3,9
LEAN_SELECT,2022-09-22,263406.57,9
LEAN_SELECT,2022-09-23,258720.78,10
LEAN_SELECT,2022-09-26,254251.46,10
LEAN_SELECT,2022-09-27,256921.98,10
LEAN_SELECT,2022-09-28,263860.14,10
LEAN_SELECT,2022-09-29,258954.52,10
LEAN_SELECT,2022-09-30,255499.07,10
LEAN_SELECT,2022-10-03,261192.96,10
LEAN_SELECT,2022-10-04,272119.38,10
LEAN_SELECT,2022-10-05,271635.51,10
LEAN_SELECT,2022-10-06,271300.38,10
LEAN_SELECT,2022-10-07,267557.88,10
LEAN_SELECT,2022-10-10,263402.25,10
LEAN_SELECT,2022-10-11,265337.18,10
LEAN_SELECT,2022-10-12,265510.73,10
LEAN_SELECT,2022-10-13,271762.21,10
LEAN_SELECT,2022-10-14,266889.7,10
LEAN_SELECT,2022-10-17,270671.94,10
LEAN_SELECT,2022-10-18,273522.95,10
LEAN_SELECT,2022-10-19,274038.07,10
LEAN_SELECT,2022-10-20,272340.47,10
LEAN_SELECT,2022-10-21,277842.52,10
LEAN_SELECT,2022-10-24,280859.74,10
LEAN_SELECT,2022-10-25,285154.68,10
LEAN_SELECT,2022-10-26,286425.29,10
LEAN_SELECT,2022-10-27,284400.55,10
LEAN_SELECT,2022-10-28,289542.97,9
LEAN_SELECT,2022-10-31,288031.88,10
LEAN_SELECT,2022-11-01,288184.29,10
LEAN_SELECT,2022-11-02,280784.1,10
LEAN_SELECT,2022-11-03,276158.05,6
LEAN_SELECT,2022-11-04,279421.4,6
LEAN_SELECT,2022-11-07,282888.16,7
LEAN_SELECT,2022-11-08,285637.24,8
LEAN_SELECT,2022-11-09,277628.06,10
LEAN_SELECT,2022-11-10,291165.31,8
LEAN_SELECT,2022-11-11,295012.19,10
LEAN_SELECT,2022-11-14,294202.07,10
LEAN_SELECT,2022-11-15,298293.02,10
LEAN_SELECT,2022-11-16,290142.97,10
LEAN_SELECT,2022-11-17,288552.63,6
LEAN_SELECT,2022-11-18,288697.85,6
LEAN_SELECT,2022-11-21,287480.19,7
LEAN_SELECT,2022-11-22,290148.07,6
LEAN_SELECT,2022-11-23,290368.93,7
LEAN_SELECT,2022-11-25,289984.21,9
LEAN_SELECT,2022-11-28,285762.75,9
LEAN_SELECT,2022-11-29,286182.45,9
LEAN_SELECT,2022-11-30,290587.4,10
LEAN_SELECT,2022-12-01,289962.76,10
LEAN_SELECT,2022-12-02,288799.43,10
LEAN_SELECT,2022-12-05,282785.97,10
LEAN_SELECT,2022-12-06,281127.64,8
LEAN_SELECT,2022-12-07,279517.94,8
LEAN_SELECT,2022-12-08,279139.21,8
LEAN_SELECT,2022-12-09,278440.67,8
LEAN_SELECT,2022-12-12,282521.93,7
LEAN_SELECT,2022-12-13,278197.34,10
LEAN_SELECT,2022-12-14,278667.9,10
LEAN_SELECT,2022-12-15,269656.12,10
LEAN_SELECT,2022-12-16,267265.31,9
LEAN_SELECT,2022-12-19,260846.84,9
LEAN_SELECT,2022-12-20,260274.0,9
LEAN_SELECT,2022-12-21,264382.76,10
LEAN_SELECT,2022-12-22,257312.35,10
LEAN_SELECT,2022-12-23,260183.93,10
LEAN_SELECT,2022-12-27,258769.44,10
LEAN_SELECT,2022-12-28,252973.32,10
LEAN_SELECT,2022-12-29,260730.91,10
LEAN_SELECT,2022-12-30,260825.67,10
LEAN_SELECT,2023-01-03,259755.85,10
LEAN_SELECT,2023-01-04,270007.81,10
LEAN_SELECT,2023-01-05,271193.6,10
LEAN_SELECT,2023-01-06,278497.32,10
LEAN_SELECT,2023-01-09,282608.21,10
LEAN_SELECT,2023-01-10,288190.74,10
LEAN_SELECT,2023-01-11,290004.01,10
LEAN_SELECT,2023-01-12,299670.99,10
LEAN_SELECT,2023-01-13,300574.4,10
LEAN_SELECT,2023-01-17,301823.59,10
LEAN_SELECT,2023-01-18,294526.62,8
LEAN_SELECT,2023-01-19,291688.24,8
LEAN_SELECT,2023-01-20,297613.77,9
LEAN_SELECT,2023-01-23,302251.18,9
LEAN_SELECT,2023-01-24,299539.84,10
LEAN_SELECT,2023-01-25,301996.93,9
LEAN_SELECT,2023-01-26,307664.09,10
LEAN_SELECT,2023-01-27,312055.91,10
LEAN_SELECT,2023-01-30,304408.66,10
LEAN_SELECT,2023-01-31,310121.95,10
LEAN_SELECT,2023-02-01,312278.11,10
LEAN_SELECT,2023-02-02,319018.3,10
LEAN_SELECT,2023-02-03,316511.55,10
LEAN_SELECT,2023-02-06,315356.07,10
LEAN_SELECT,2023-02-07,317955.35,10
LEAN_SELECT,2023-02-08,314109.43,10
LEAN_SELECT,2023-02-09,312755.89,10
LEAN_SELECT,2023-02-10,314520.63,10
LEAN_SELECT,2023-02-13,313880.53,10
LEAN_SELECT,2023-02-14,315374.52,10
LEAN_SELECT,2023-02-15,315800.84,10
LEAN_SELECT,2023-02-16,309957.27,10
LEAN_SELECT,2023-02-17,307018.57,10
LEAN_SELECT,2023-02-21,303977.34,10
LEAN_SELECT,2023-02-22,304295.28,10
LEAN_SELECT,2023-02-23,305319.41,10
LEAN_SELECT,2023-02-24,305718.56,10
LEAN_SELECT,2023-02-27,304097.03,10
LEAN_SELECT,2023-02-28,302128.9,10
LEAN_SELECT,2023-03-01,302504.7,10
LEAN_SELECT,2023-03-02,303531.22,10
LEAN_SELECT,2023-03-03,307809.58,10
LEAN_SELECT,2023-03-06,305874.7,10
LEAN_SELECT,2023-03-07,300805.53,10
LEAN_SELECT,2023-03-08,301802.55,10
LEAN_SELECT,2023-03-09,292921.19,10
LEAN_SELECT,2023-03-10,285703.26,10
LEAN_SELECT,2023-03-13,280315.47,10
LEAN_SELECT,2023-03-14,283887.08,10
LEAN_SELECT,2023-03-15,280638.75,10
LEAN_SELECT,2023-03-16,283921.32,10
LEAN_SELECT,2023-03-17,279646.17,10
LEAN_SELECT,2023-03-20,282594.79,10
LEAN_SELECT,2023-03-21,287852.34,10
LEAN_SELECT,2023-03-22,281096.63,10
LEAN_SELECT,2023-03-23,279089.51,10
LEAN_SELECT,2023-03-24,280579.43,10
LEAN_SELECT,2023-03-27,282664.63,10
LEAN_SELECT,2023-03-28,283478.75,10
LEAN_SELECT,2023-03-29,287495.39,10
LEAN_SELECT,2023-03-30,287210.66,10
LEAN_SELECT,2023-03-31,291198.97,10
LEAN_SELECT,2023-04-03,292294.96,10
LEAN_SELECT,2023-04-04,289246.14,10
LEAN_SELECT,2023-04-05,287066.59,7
LEAN_SELECT,2023-04-06,287350.81,8
LEAN_SELECT,2023-04-10,290394.56,8
LEAN_SELECT,2023-04-11,290923.4,8
LEAN_SELECT,2023-04-12,286679.04,8
LEAN_SELECT,2023-04-13,288153.67,7
LEAN_SELECT,2023-04-14,286985.45,10
LEAN_SELECT,2023-04-17,289850.48,10
LEAN_SELECT,2023-04-18,290928.88,10
LEAN_SELECT,2023-04-19,292210.48,10
LEAN_SELECT,2023-04-20,290022.24,10
LEAN_SELECT,2023-04-21,289433.56,10
LEAN_SELECT,2023-04-24,287503.0,10
LEAN_SELECT,2023-04-25,280627.97,9
LEAN_SELECT,2023-04-26,279664.05,9
LEAN_SELECT,2023-04-27,290693.54,10
LEAN_SELECT,2023-04-28,296090.38,10
LEAN_SELECT,2023-05-01,294543.95,10
LEAN_SELECT,2023-05-02,288239.14,10
LEAN_SELECT,2023-05-03,284732.35,10
LEAN_SELECT,2023-05-04,281102.86,10
LEAN_SELECT,2023-05-05,289433.12,10
LEAN_SELECT,2023-05-08,288809.89,10
LEAN_SELECT,2023-05-09,284020.21,10
LEAN_SELECT,2023-05-10,283294.81,10
LEAN_SELECT,2023-05-11,281227.37,10
LEAN_SELECT,2023-05-12,281929.5,10
LEAN_SELECT,2023-05-15,290527.37,10
LEAN_SELECT,2023-05-16,288745.95,10
LEAN_SELECT,2023-05-17,295281.37,10
LEAN_SELECT,2023-05-18,300380.28,10
LEAN_SELECT,2023-05-19,297601.7,10
LEAN_SELECT,2023-05-22,298977.94,10
LEAN_SELECT,2023-05-23,296353.9,10
LEAN_SELECT,2023-05-24,292725.51,10
LEAN_SELECT,2023-05-25,292358.51,10
LEAN_SELECT,2023-05-26,297527.03,10
LEAN_SELECT,2023-05-30,300221.05,10
LEAN_SELECT,2023-05-31,294360.7,10
LEAN_SELECT,2023-06-01,297484.91,10
LEAN_SELECT,2023-06-02,303358.29,10
LEAN_SELECT,2023-06-05,301052.01,10
LEAN_SELECT,2023-06-06,304477.19,10
LEAN_SELECT,2023-06-07,312744.35,10
LEAN_SELECT,2023-06-08,314316.94,10
LEAN_SELECT,2023-06-09,312841.59,9
LEAN_SELECT,2023-06-12,313935.37,9
LEAN_SELECT,2023-06-13,316020.69,10
LEAN_SELECT,2023-06-14,315072.71,10
LEAN_SELECT,2023-06-15,317440.62,10
LEAN_SELECT,2023-06-16,317526.18,10
LEAN_SELECT,2023-06-20,313472.34,10
LEAN_SELECT,2023-06-21,311988.95,10
LEAN_SELECT,2023-06-22,308729.95,8
LEAN_SELECT,2023-06-23,306914.69,9
LEAN_SELECT,2023-06-26,308862.25,9
LEAN_SELECT,2023-06-27,311065.16,9
LEAN_SELECT,2023-06-28,313016.92,10
LEAN_SELECT,2023-06-29,315226.65,10
LEAN_SELECT,2023-06-30,316692.74,10
LEAN_SELECT,2023-07-03,318327.45,10
LEAN_SELECT,2023-07-05,318148.6,10
LEAN_SELECT,2023-07-06,314829.08,10
LEAN_SELECT,2023-07-07,317474.32,9
LEAN_SELECT,2023-07-10,317653.18,10
LEAN_SELECT,2023-07-11,322344.88,10
LEAN_SELECT,2023-07-12,325611.44,10
LEAN_SELECT,2023-07-13,327979.87,10
LEAN_SELECT,2023-07-14,323576.21,10
LEAN_SELECT,2023-07-17,322132.51,10
LEAN_SELECT,2023-07-18,326757.85,10
LEAN_SELECT,2023-07-19,330231.52,10
LEAN_SELECT,2023-07-20,329345.47,10
LEAN_SELECT,2023-07-21,328998.07,10
LEAN_SELECT,2023-07-24,328804.17,10
LEAN_SELECT,2023-07-25,327484.27,10
LEAN_SELECT,2023-07-26,327572.94,9
LEAN_SELECT,2023-07-27,324227.52,9
LEAN_SELECT,2023-07-28,327906.52,10
LEAN_SELECT,2023-07-31,329026.57,10
LEAN_SELECT,2023-08-01,327294.29,10
LEAN_SELECT,2023-08-02,323089.46,10
LEAN_SELECT,2023-08-03,322011.41,9
LEAN_SELECT,2023-08-04,322529.46,10
LEAN_SELECT,2023-08-07,326541.59,10
LEAN_SELECT,2023-08-08,323997.91,10
LEAN_SELECT,2023-08-09,320529.52,9
LEAN_SELECT,2023-08-10,320348.54,8
LEAN_SELECT,2023-08-11,319541.94,8
LEAN_SELECT,2023-08-14,321505.2,10
LEAN_SELECT,2023-08-15,319475.48,10
LEAN_SELECT,2023-08-16,316539.65,10
LEAN_SELECT,2023-08-17,314382.41,10
LEAN_SELECT,2023-08-18,315533.05,10
LEAN_SELECT,2023-08-21,316493.94,10
LEAN_SELECT,2023-08-22,315192.88,10
LEAN_SELECT,2023-08-23,319482.91,10
LEAN_SELECT,2023-08-24,314382.7,10
LEAN_SELECT,2023-08-25,316471.58,9
LEAN_SELECT,2023-08-28,317295.4,10
LEAN_SELECT,2023-08-29,323277.66,10
LEAN_SELECT,2023-08-30,324128.92,10
LEAN_SELECT,2023-08-31,322847.22,10
LEAN_SELECT,2023-09-01,322883.24,10
LEAN_SELECT,2023-09-05,322562.81,10
LEAN_SELECT,2023-09-06,320687.76,10
LEAN_SELECT,2023-09-07,320367.11,10
LEAN_SELECT,2023-09-08,320832.99,10
LEAN_SELECT,2023-09-11,323114.48,10
LEAN_SELECT,2023-09-12,318080.68,10
LEAN_SELECT,2023-09-13,319228.33,10
LEAN_SELECT,2023-09-14,322696.5,9
LEAN_SELECT,2023-09-15,318477.47,10
LEAN_SELECT,2023-09-18,318175.68,10
LEAN_SELECT,2023-09-19,317399.51,10
LEAN_SELECT,2023-09-20,314615.04,10
LEAN_SELECT,2023-09-21,310176.5,10
LEAN_SELECT,2023-09-22,308767.91,10
LEAN_SELECT,2023-09-25,308620.04,9
LEAN_SELECT,2023-09-26,304691.36,9
LEAN_SELECT,2023-09-27,305896.74,9
LEAN_SELECT,2023-09-28,310492.53,10
LEAN_SELECT,2023-09-29,307396.66,10
LEAN_SELECT,2023-10-02,307912.93,10
LEAN_SELECT,2023-10-03,301685.55,10
LEAN_SELECT,2023-10-04,304063.62,10
LEAN_SELECT,2023-10-05,304666.02,10
LEAN_SELECT,2023-10-06,309162.64,10
LEAN_SELECT,2023-10-09,312606.18,10
LEAN_SELECT,2023-10-10,314191.87,10
LEAN_SELECT,2023-10-11,314750.82,10
LEAN_SELECT,2023-10-12,313506.05,10
LEAN_SELECT,2023-10-13,311697.51,10
LEAN_SELECT,2023-10-16,315530.99,10
LEAN_SELECT,2023-10-17,316760.91,10
LEAN_SELECT,2023-10-18,312305.94,10
LEAN_SELECT,2023-10-19,310378.5,10
LEAN_SELECT,2023-10-20,305815.2,10
LEAN_SELECT,2023-10-23,306100.06,10
LEAN_SELECT,2023-10-24,309038.74,9
LEAN_SELECT,2023-10-25,299865.89,9
LEAN_SELECT,2023-10-26,294409.52,9
LEAN_SELECT,2023-10-27,296162.62,10
LEAN_SELECT,2023-10-30,299344.95,10
LEAN_SELECT,2023-10-31,302183.1,10
LEAN_SELECT,2023-11-01,307978.75,10
LEAN_SELECT,2023-11-02,311840.39,10
LEAN_SELECT,2023-11-03,317014.36,10
LEAN_SELECT,2023-11-06,317038.76,10
LEAN_SELECT,2023-11-07,318328.74,10
LEAN_SELECT,2023-11-08,319848.35,10
LEAN_SELECT,2023-11-09,319651.5,10
LEAN_SELECT,2023-11-10,323818.66,9
LEAN_SELECT,2023-11-13,324542.65,10
LEAN_SELECT,2023-11-14,330593.36,10
LEAN_SELECT,2023-11-15,331992.5,10
LEAN_SELECT,2023-11-16,334985.92,10
LEAN_SELECT,2023-11-17,334272.32,10
LEAN_SELECT,2023-11-20,335727.67,10
LEAN_SELECT,2023-11-21,333678.59,10
LEAN_SELECT,2023-11-22,336197.3,10
LEAN_SELECT,2023-11-24,336377.33,10
LEAN_SELECT,2023-11-27,334954.91,8
LEAN_SELECT,2023-11-28,333696.99,5
LEAN_SELECT,2023-11-29,332762.57,4
LEAN_SELECT,2023-11-30,334053.68,5
LEAN_SELECT,2023-12-01,335490.15,8
LEAN_SELECT,2023-12-04,336783.09,9
LEAN_SELECT,2023-12-05,334876.58,9
LEAN_SELECT,2023-12-06,338193.67,10
LEAN_SELECT,2023-12-07,339881.63,10
LEAN_SELECT,2023-12-08,342926.73,10
LEAN_SELECT,2023-12-11,344940.13,10
LEAN_SELECT,2023-12-12,344115.14,10
LEAN_SELECT,2023-12-13,352262.81,10
LEAN_SELECT,2023-12-14,353012.47,10
LEAN_SELECT,2023-12-15,351787.1,10
LEAN_SELECT,2023-12-18,352270.19,8
LEAN_SELECT,2023-12-19,356574.79,10
LEAN_SELECT,2023-12-20,353647.56,10
LEAN_SELECT,2023-12-21,358536.31,8
LEAN_SELECT,2023-12-22,360200.18,10
LEAN_SELECT,2023-12-26,362305.06,10
LEAN_SELECT,2023-12-27,361589.79,10
LEAN_SELECT,2023-12-28,361159.06,8
LEAN_SELECT,2023-12-29,360242.28,7
LEAN_SELECT,2024-01-02,365732.06,8
LEAN_SELECT,2024-01-03,362617.44,10
LEAN_SELECT,2024-01-04,358481.21,9
LEAN_SELECT,2024-01-05,360480.54,9
LEAN_SELECT,2024-01-08,360688.12,9
LEAN_SELECT,2024-01-09,357493.84,10
LEAN_SELECT,2024-01-10,358337.3,10
LEAN_SELECT,2024-01-11,360182.65,10
LEAN_SELECT,2024-01-12,354504.05,10
LEAN_SELECT,2024-01-16,350148.45,10
LEAN_SELECT,2024-01-17,348357.8,10
LEAN_SELECT,2024-01-18,354447.31,10
LEAN_SELECT,2024-01-19,356729.79,10
LEAN_SELECT,2024-01-22,356193.44,10
LEAN_SELECT,2024-01-23,361024.06,10
LEAN_SELECT,2024-01-24,359043.42,10
LEAN_SELECT,2024-01-25,367028.38,10
LEAN_SELECT,2024-01-26,367873.46,10
LEAN_SELECT,2024-01-29,369271.39,10
LEAN_SELECT,2024-01-30,366968.05,10
LEAN_SELECT,2024-01-31,360686.5,10
LEAN_SELECT,2024-02-01,363712.78,9
LEAN_SELECT,2024-02-02,361424.56,10
LEAN_SELECT,2024-02-05,354744.59,10
LEAN_SELECT,2024-02-06,357489.29,10
LEAN_SELECT,2024-02-07,355737.48,10
LEAN_SELECT,2024-02-08,356926.79,10
LEAN_SELECT,2024-02-09,354781.25,10
LEAN_SELECT,2024-02-12,359258.91,10
LEAN_SELECT,2024-02-13,352664.82,10
LEAN_SELECT,2024-02-14,354715.36,10
LEAN_SELECT,2024-02-15,356524.29,10
LEAN_SELECT,2024-02-16,352580.8,10
LEAN_SELECT,2024-02-20,350757.14,10
LEAN_SELECT,2024-02-21,351410.97,10
LEAN_SELECT,2024-02-22,355620.11,10
LEAN_SELECT,2024-02-23,348909.84,10
LEAN_SELECT,2024-02-26,346915.46,10
LEAN_SELECT,2024-02-27,349734.51,10
LEAN_SELECT,2024-02-28,348840.4,10
LEAN_SELECT,2024-02-29,351961.73,10
LEAN_SELECT,2024-03-01,352320.35,10
LEAN_SELECT,2024-03-04,347907.03,10
LEAN_SELECT,2024-03-05,348731.64,10
LEAN_SELECT,2024-03-06,353284.72,10
LEAN_SELECT,2024-03-07,356087.75,10
LEAN_SELECT,2024-03-08,355850.99,10
LEAN_SELECT,2024-03-11,357669.82,10
LEAN_SELECT,2024-03-12,356123.32,10
LEAN_SELECT,2024-03-13,356850.24,10
LEAN_SELECT,2024-03-14,353836.85,10
LEAN_SELECT,2024-03-15,352090.07,10
LEAN_SELECT,2024-03-18,353290.13,10
LEAN_SELECT,2024-03-19,355254.36,10
LEAN_SELECT,2024-03-20,364630.73,10
LEAN_SELECT,2024-03-21,363053.52,10
LEAN_SELECT,2024-03-22,360591.32,10
LEAN_SELECT,2024-03-25,361579.61,9
LEAN_SELECT,2024-03-26,359911.63,10
LEAN_SELECT,2024-03-27,364205.37,10
LEAN_SELECT,2024-03-28,365795.02,10
LEAN_SELECT,2024-04-01,364352.7,10
LEAN_SELECT,2024-04-02,360725.59,9
LEAN_SELECT,2024-04-03,361100.06,9
LEAN_SELECT,2024-04-04,355240.99,10
LEAN_SELECT,2024-04-05,356641.08,9
LEAN_SELECT,2024-04-08,356776.74,10
LEAN_SELECT,2024-04-09,357731.5,10
LEAN_SELECT,2024-04-10,353444.01,10
LEAN_SELECT,2024-04-11,356466.68,10
LEAN_SELECT,2024-04-12,352066.18,10
LEAN_SELECT,2024-04-15,349293.39,10
LEAN_SELECT,2024-04-16,348231.08,10
LEAN_SELECT,2024-04-17,347438.51,10
LEAN_SELECT,2024-04-18,346863.84,10
LEAN_SELECT,2024-04-19,346972.17,10
LEAN_SELECT,2024-04-22,349377.13,10
LEAN_SELECT,2024-04-23,350386.54,10
LEAN_SELECT,2024-04-24,352057.25,10
LEAN_SELECT,2024-04-25,352779.19,10
LEAN_SELECT,2024-04-26,354399.66,10
LEAN_SELECT,2024-04-29,357168.79,10
LEAN_SELECT,2024-04-30,349729.17,10
LEAN_SELECT,2024-05-01,344320.12,10
LEAN_SELECT,2024-05-02,348243.58,10
LEAN_SELECT,2024-05-03,351872.15,10
LEAN_SELECT,2024-05-06,352805.05,10
LEAN_SELECT,2024-05-07,352282.8,10
LEAN_SELECT,2024-05-08,354581.73,10
LEAN_SELECT,2024-05-09,354824.81,10
LEAN_SELECT,2024-05-10,355520.74,10
LEAN_SELECT,2024-05-13,358006.56,10
LEAN_SELECT,2024-05-14,358916.4,10
LEAN_SELECT,2024-05-15,359456.82,10
LEAN_SELECT,2024-05-16,362193.3,10
LEAN_SELECT,2024-05-17,362918.91,10
LEAN_SELECT,2024-05-20,362807.41,10
LEAN_SELECT,2024-05-21,361670.44,10
LEAN_SELECT,2024-05-22,359549.03,10
LEAN_SELECT,2024-05-23,350875.43,10
LEAN_SELECT,2024-05-24,353529.25,9
LEAN_SELECT,2024-05-28,353566.83,9
LEAN_SELECT,2024-05-29,350370.91,9
LEAN_SELECT,2024-05-30,354366.84,9
LEAN_SELECT,2024-05-31,361473.27,10
LEAN_SELECT,2024-06-03,362619.14,10
LEAN_SELECT,2024-06-04,363997.25,10
LEAN_SELECT,2024-06-05,365329.36,10
LEAN_SELECT,2024-06-06,364756.15,10
LEAN_SELECT,2024-06-07,362792.8,10
LEAN_SELECT,2024-06-10,365083.6,10
LEAN_SELECT,2024-06-11,363271.52,10
LEAN_SELECT,2024-06-12,362285.2,10
LEAN_SELECT,2024-06-13,361603.22,10
LEAN_SELECT,2024-06-14,358729.22,10
LEAN_SELECT,2024-06-17,363331.98,10
LEAN_SELECT,2024-06-18,361084.69,10
LEAN_SELECT,2024-06-20,362308.13,10
LEAN_SELECT,2024-06-21,362034.37,10
LEAN_SELECT,2024-06-24,364806.01,10
LEAN_SELECT,2024-06-25,363628.52,10
LEAN_SELECT,2024-06-26,366276.61,10
LEAN_SELECT,2024-06-27,369836.1,10
LEAN_SELECT,2024-06-28,372377.3,10
LEAN_SELECT,2024-07-01,373245.68,10
LEAN_SELECT,2024-07-02,377313.5,10
LEAN_SELECT,2024-07-03,380579.88,10
LEAN_SELECT,2024-07-05,381060.86,10
LEAN_SELECT,2024-07-08,380657.73,8
LEAN_SELECT,2024-07-09,382265.09,7
LEAN_SELECT,2024-07-10,383425.54,8
LEAN_SELECT,2024-07-11,382902.76,10
LEAN_SELECT,2024-07-12,386416.05,10
LEAN_SELECT,2024-07-15,383100.53,10
LEAN_SELECT,2024-07-16,393110.14,10
LEAN_SELECT,2024-07-17,396451.34,10
LEAN_SELECT,2024-07-18,396122.73,10
LEAN_SELECT,2024-07-19,393161.0,9
LEAN_SELECT,2024-07-22,392630.27,7
LEAN_SELECT,2024-07-23,391717.41,9
LEAN_SELECT,2024-07-24,386469.48,8
LEAN_SELECT,2024-07-25,382862.12,7
LEAN_SELECT,2024-07-26,397163.31,8
LEAN_SELECT,2024-07-29,397500.28,9
LEAN_SELECT,2024-07-30,400789.63,10
LEAN_SELECT,2024-07-31,405188.51,10
LEAN_SELECT,2024-08-01,399992.68,10
LEAN_SELECT,2024-08-02,392326.65,10
LEAN_SELECT,2024-08-05,384150.25,10
LEAN_SELECT,2024-08-06,383775.54,9
LEAN_SELECT,2024-08-07,382157.68,10
LEAN_SELECT,2024-08-08,384857.98,10
LEAN_SELECT,2024-08-09,385422.59,10
LEAN_SELECT,2024-08-12,384473.14,10
LEAN_SELECT,2024-08-13,399394.5,10
LEAN_SELECT,2024-08-14,399273.0,10
LEAN_SELECT,2024-08-15,404296.76,10
LEAN_SELECT,2024-08-16,405520.79,10
LEAN_SELECT,2024-08-19,407520.02,10
LEAN_SELECT,2024-08-20,405865.61,10
LEAN_SELECT,2024-08-21,407386.68,10
LEAN_SELECT,2024-08-22,401329.68,10
LEAN_SELECT,2024-08-23,409300.7,10
LEAN_SELECT,2024-08-26,409576.48,10
LEAN_SELECT,2024-08-27,410281.18,10
LEAN_SELECT,2024-08-28,405634.28,9
LEAN_SELECT,2024-08-29,406292.41,9
LEAN_SELECT,2024-08-30,409483.67,10
LEAN_SELECT,2024-09-03,402629.99,10
LEAN_SELECT,2024-09-04,404213.64,10
LEAN_SELECT,2024-09-05,406174.1,10
LEAN_SELECT,2024-09-06,399047.7,10
LEAN_SELECT,2024-09-09,403984.28,9
LEAN_SELECT,2024-09-10,404485.62,10
LEAN_SELECT,2024-09-11,405380.37,10
LEAN_SELECT,2024-09-12,407833.54,10
LEAN_SELECT,2024-09-13,408571.49,10
LEAN_SELECT,2024-09-16,411840.86,10
LEAN_SELECT,2024-09-17,411518.16,10
LEAN_SELECT,2024-09-18,412294.84,10
LEAN_SELECT,2024-09-19,417084.37,10
LEAN_SELECT,2024-09-20,412825.08,10
LEAN_SELECT,2024-09-23,414986.39,10
LEAN_SELECT,2024-09-24,416283.33,10
LEAN_SELECT,2024-09-25,412654.72,10
LEAN_SELECT,2024-09-26,423091.93,10
LEAN_SELECT,2024-09-27,424661.08,10
LEAN_SELECT,2024-09-30,421706.61,10
LEAN_SELECT,2024-10-01,421911.23,10
LEAN_SELECT,2024-10-02,418909.03,8
LEAN_SELECT,2024-10-03,417510.92,8
LEAN_SELECT,2024-10-04,419950.47,8
LEAN_SELECT,2024-10-07,416967.2,10
LEAN_SELECT,2024-10-08,414939.67,10
LEAN_SELECT,2024-10-09,417474.94,10
LEAN_SELECT,2024-10-10,416369.59,10
LEAN_SELECT,2024-10-11,420598.93,10
LEAN_SELECT,2024-10-14,421206.71,10
LEAN_SELECT,2024-10-15,421025.45,10
LEAN_SELECT,2024-10-16,424287.09,10
LEAN_SELECT,2024-10-17,421208.62,10
LEAN_SELECT,2024-10-18,425363.02,10
LEAN_SELECT,2024-10-21,421803.64,10
LEAN_SELECT,2024-10-22,423315.65,10
LEAN_SELECT,2024-10-23,419139.52,10
LEAN_SELECT,2024-10-24,419067.62,10
LEAN_SELECT,2024-10-25,418010.28,10
LEAN_SELECT,2024-10-28,421031.66,10
LEAN_SELECT,2024-10-29,417553.91,10
LEAN_SELECT,2024-10-30,417623.64,10
LEAN_SELECT,2024-10-31,412663.13,10
LEAN_SELECT,2024-11-01,415968.02,10
LEAN_SELECT,2024-11-04,415405.31,10
LEAN_SELECT,2024-11-05,418734.92,10
LEAN_SELECT,2024-11-06,422316.13,10
LEAN_SELECT,2024-11-07,430277.35,10
LEAN_SELECT,2024-11-08,429343.87,10
LEAN_SELECT,2024-11-11,429104.53,10
LEAN_SELECT,2024-11-12,425304.65,10
LEAN_SELECT,2024-11-13,425460.8,10
LEAN_SELECT,2024-11-14,421554.45,10
LEAN_SELECT,2024-11-15,415811.98,10
LEAN_SELECT,2024-11-18,419218.16,10
LEAN_SELECT,2024-11-19,418442.95,10
LEAN_SELECT,2024-11-20,419179.87,10
LEAN_SELECT,2024-11-21,422556.92,10
LEAN_SELECT,2024-11-22,427470.42,10
LEAN_SELECT,2024-11-25,432770.05,10
LEAN_SELECT,2024-11-26,428109.05,10
LEAN_SELECT,2024-11-27,428628.16,10
LEAN_SELECT,2024-11-29,430357.75,10
LEAN_SELECT,2024-12-02,432305.66,10
LEAN_SELECT,2024-12-03,430574.0,10
LEAN_SELECT,2024-12-04,428077.01,10
LEAN_SELECT,2024-12-05,426062.17,10
LEAN_SELECT,2024-12-06,427343.11,10
LEAN_SELECT,2024-12-09,427351.84,10
LEAN_SELECT,2024-12-10,425092.91,10
LEAN_SELECT,2024-12-11,427569.79,9
LEAN_SELECT,2024-12-12,428219.62,10
LEAN_SELECT,2024-12-13,422380.17,10
LEAN_SELECT,2024-12-16,419084.17,10
LEAN_SELECT,2024-12-17,419598.1,10
LEAN_SELECT,2024-12-18,410579.01,10
LEAN_SELECT,2024-12-19,410445.29,9
LEAN_SELECT,2024-12-20,415065.0,9
LEAN_SELECT,2024-12-23,415708.5,10
LEAN_SELECT,2024-12-24,417754.02,10
LEAN_SELECT,2024-12-26,417312.47,10
LEAN_SELECT,2024-12-27,414541.58,10
LEAN_SELECT,2024-12-30,410272.79,10
LEAN_SELECT,2024-12-31,411620.45,10
LEAN_SELECT,2025-01-02,412318.67,10
LEAN_SELECT,2025-01-03,414591.56,10
LEAN_SELECT,2025-01-06,415641.24,10
LEAN_SELECT,2025-01-07,412178.86,10
LEAN_SELECT,2025-01-08,410861.6,10
LEAN_SELECT,2025-01-10,420453.46,10
LEAN_SELECT,2025-01-13,424031.42,10
LEAN_SELECT,2025-01-14,427759.27,10
LEAN_SELECT,2025-01-15,431659.37,10
LEAN_SELECT,2025-01-16,432303.58,10
LEAN_SELECT,2025-01-17,433610.77,10
LEAN_SELECT,2025-01-21,431155.51,10
LEAN_SELECT,2025-01-22,429303.42,10
LEAN_SELECT,2025-01-23,433508.66,10
LEAN_SELECT,2025-01-24,432845.24,10
LEAN_SELECT,2025-01-27,428660.21,10
LEAN_SELECT,2025-01-28,428903.62,10
LEAN_SELECT,2025-01-29,431576.74,10
LEAN_SELECT,2025-01-30,433850.42,10
LEAN_SELECT,2025-01-31,430022.71,10
LEAN_SELECT,2025-02-03,422703.93,10
LEAN_SELECT,2025-02-04,427006.83,9
LEAN_SELECT,2025-02-05,430648.09,10
LEAN_SELECT,2025-02-06,428576.74,10
LEAN_SELECT,2025-02-07,427762.11,10
LEAN_SELECT,2025-02-10,437909.22,10
LEAN_SELECT,2025-02-11,433054.79,10
LEAN_SELECT,2025-02-12,437925.32,10
LEAN_SELECT,2025-02-13,446666.74,10
LEAN_SELECT,2025-02-14,447582.99,10
LEAN_SELECT,2025-02-18,459064.74,10
LEAN_SELECT,2025-02-19,458345.71,10
LEAN_SELECT,2025-02-20,461137.82,10
LEAN_SELECT,2025-02-21,456268.35,10
LEAN_SELECT,2025-02-24,457367.82,10
LEAN_SELECT,2025-02-25,457494.32,10
LEAN_SELECT,2025-02-26,453330.11,10
LEAN_SELECT,2025-02-27,453227.81,10
LEAN_SELECT,2025-02-28,459955.72,10
LEAN_SELECT,2025-03-03,455656.21,10
LEAN_SELECT,2025-03-04,449276.48,10
LEAN_SELECT,2025-03-05,452578.45,10
LEAN_SELECT,2025-03-06,452327.03,10
LEAN_SELECT,2025-03-07,460343.22,10
LEAN_SELECT,2025-03-10,460881.27,10
LEAN_SELECT,2025-03-11,455757.8,10
LEAN_SELECT,2025-03-12,452613.57,10
LEAN_SELECT,2025-03-13,451732.67,9
LEAN_SELECT,2025-03-14,462693.66,10
LEAN_SELECT,2025-03-17,470901.06,10
LEAN_SELECT,2025-03-18,470813.05,10
LEAN_SELECT,2025-03-19,471980.8,10
LEAN_SELECT,2025-03-20,471590.59,10
LEAN_SELECT,2025-03-21,468715.01,10
LEAN_SELECT,2025-03-24,474152.38,10
LEAN_SELECT,2025-03-25,473693.22,10
LEAN_SELECT,2025-03-26,469499.43,10
LEAN_SELECT,2025-03-27,462708.73,10
LEAN_SELECT,2025-03-28,457415.47,10
LEAN_SELECT,2025-03-31,459195.67,10
LEAN_SELECT,2025-04-01,453860.53,10
LEAN_SELECT,2025-04-02,454467.62,10
LEAN_SELECT,2025-04-03,431394.86,10
LEAN_SELECT,2025-04-04,400423.19,10
LEAN_SELECT,2025-04-07,396593.21,10
LEAN_SELECT,2025-04-08,383691.72,10
LEAN_SELECT,2025-04-09,418267.47,10
LEAN_SELECT,2025-04-10,394986.77,10
LEAN_SELECT,2025-04-11,399719.6,10
LEAN_SELECT,2025-04-14,404163.46,10
LEAN_SELECT,2025-04-15,403370.37,10
LEAN_SELECT,2025-04-16,397702.46,10
LEAN_SELECT,2025-04-17,401466.2,10
LEAN_SELECT,2025-04-21,395212.05,10
LEAN_SELECT,2025-04-22,403764.22,10
LEAN_SELECT,2025-04-23,407587.5,10
LEAN_SELECT,2025-04-24,417189.62,10
LEAN_SELECT,2025-04-25,412244.65,10
LEAN_SELECT,2025-04-28,412768.26,10
LEAN_SELECT,2025-04-29,415132.43,10
LEAN_SELECT,2025-04-30,415476.73,10
LEAN_SELECT,2025-05-01,416013.21,10
LEAN_SELECT,2025-05-02,423766.6,10
LEAN_SELECT,2025-05-05,419294.96,10
LEAN_SELECT,2025-05-06,417783.17,9
LEAN_SELECT,2025-05-07,422073.92,7
LEAN_SELECT,2025-05-08,426228.21,6
LEAN_SELECT,2025-05-09,429579.65,8
LEAN_SELECT,2025-05-12,439866.42,9
LEAN_SELECT,2025-05-13,450536.15,10
LEAN_SELECT,2025-05-14,446325.24,9
LEAN_SELECT,2025-05-15,448141.99,10
LEAN_SELECT,2025-05-16,449299.81,10
LEAN_SELECT,2025-05-19,443534.13,10
LEAN_SELECT,2025-05-20,442236.98,10
LEAN_SELECT,2025-05-21,434609.49,10
LEAN_SELECT,2025-05-22,431839.76,8
LEAN_SELECT,2025-05-23,430544.28,8
LEAN_SELECT,2025-05-27,435272.6,10
LEAN_SELECT,2025-05-28,432117.18,10
LEAN_SELECT,2025-05-29,432643.03,10
LEAN_SELECT,2025-05-30,430874.53,10
LEAN_SELECT,2025-06-02,435940.22,10
LEAN_SELECT,2025-06-03,437564.58,10
LEAN_SELECT,2025-06-04,435529.6,10
LEAN_SELECT,2025-06-05,434495.12,10
LEAN_SELECT,2025-06-06,437172.64,10
LEAN_SELECT,2025-06-09,440815.5,10
LEAN_SELECT,2025-06-10,448222.49,10
LEAN_SELECT,2025-06-11,445130.68,10
LEAN_SELECT,2025-06-12,446829.9,10
LEAN_SELECT,2025-06-13,446424.42,10
LEAN_SELECT,2025-06-16,447946.01,10
LEAN_SELECT,2025-06-17,444826.36,10
LEAN_SELECT,2025-06-18,447383.52,10
LEAN_SELECT,2025-06-20,450706.51,10
LEAN_SELECT,2025-06-23,448524.31,10
LEAN_SELECT,2025-06-24,453673.29,10
LEAN_SELECT,2025-06-25,453609.66,10
LEAN_SELECT,2025-06-26,459419.22,10
LEAN_SELECT,2025-06-27,461148.91,10
LEAN_SELECT,2025-06-30,463954.98,10
LEAN_SELECT,2025-07-01,469142.19,10
LEAN_SELECT,2025-07-02,475754.02,10
LEAN_SELECT,2025-07-03,479265.73,10
LEAN_SELECT,2025-07-07,472542.73,10
LEAN_SELECT,2025-07-08,475771.46,8
LEAN_SELECT,2025-07-09,487157.49,10
LEAN_SELECT,2025-07-10,484519.12,10
LEAN_SELECT,2025-07-11,480890.26,10
LEAN_SELECT,2025-07-14,478906.38,9
LEAN_SELECT,2025-07-15,480311.64,10
LEAN_SELECT,2025-07-16,482318.75,10
LEAN_SELECT,2025-07-17,484794.73,10
LEAN_SELECT,2025-07-18,485027.1,10
LEAN_SELECT,2025-07-21,483132.96,10
LEAN_SELECT,2025-07-22,485214.36,10
LEAN_SELECT,2025-07-23,489983.0,10
LEAN_SELECT,2025-07-24,489988.8,10
LEAN_SELECT,2025-07-25,486263.09,10
LEAN_SELECT,2025-07-28,487485.34,10
LEAN_SELECT,2025-07-29,483120.46,10
LEAN_SELECT,2025-07-30,483516.51,10
LEAN_SELECT,2025-07-31,483434.02,10
LEAN_SELECT,2025-08-01,473908.45,10
LEAN_SELECT,2025-08-04,478954.41,9
LEAN_SELECT,2025-08-05,481804.99,10
LEAN_SELECT,2025-08-06,472621.33,10
LEAN_SELECT,2025-08-07,471359.15,10
LEAN_SELECT,2025-08-08,473673.31,10
LEAN_SELECT,2025-08-11,471765.1,10
LEAN_SELECT,2025-08-12,478193.81,10
LEAN_SELECT,2025-08-13,481914.67,10
LEAN_SELECT,2025-08-14,483081.15,10
LEAN_SELECT,2025-08-15,488058.21,10
LEAN_SELECT,2025-08-18,485940.31,10
LEAN_SELECT,2025-08-19,488405.44,10
LEAN_SELECT,2025-08-20,483086.69,10
LEAN_SELECT,2025-08-21,483918.1,10
LEAN_SELECT,2025-08-22,491664.34,10
LEAN_SELECT,2025-08-25,490424.52,10
LEAN_SELECT,2025-08-26,490631.71,9
LEAN_SELECT,2025-08-27,492946.79,9
LEAN_SELECT,2025-08-28,493252.28,10
LEAN_SELECT,2025-08-29,486337.72,10
LEAN_SELECT,2025-09-02,484024.59,9
LEAN_SELECT,2025-09-03,482757.41,10
LEAN_SELECT,2025-09-04,483843.17,10
LEAN_SELECT,2025-09-05,488016.79,10
LEAN_SELECT,2025-09-08,489978.95,10
LEAN_SELECT,2025-09-09,492661.14,10
LEAN_SELECT,2025-09-10,498867.98,10
LEAN_SELECT,2025-09-11,516475.17,10
LEAN_SELECT,2025-09-12,530366.29,10
LEAN_SELECT,2025-09-15,534399.99,10
LEAN_SELECT,2025-09-16,530955.07,10
LEAN_SELECT,2025-09-17,527684.0,10
LEAN_SELECT,2025-09-18,530270.29,10
LEAN_SELECT,2025-09-19,531985.22,10
LEAN_SELECT,2025-09-22,534238.76,10
LEAN_SELECT,2025-09-23,532822.45,10
LEAN_SELECT,2025-09-24,536825.97,10
LEAN_SELECT,2025-09-25,532009.04,10
LEAN_SELECT,2025-09-26,534466.3,10
LEAN_SELECT,2025-09-29,537788.4,10
LEAN_SELECT,2025-09-30,538423.21,10
LEAN_SELECT,2025-10-01,543769.09,10
LEAN_SELECT,2025-10-02,542058.5,10
LEAN_SELECT,2025-10-03,545222.31,10
LEAN_SELECT,2025-10-06,549515.5,10
LEAN_SELECT,2025-10-07,551728.51,10
LEAN_SELECT,2025-10-08,555619.73,10
LEAN_SELECT,2025-10-09,552461.68,10
LEAN_SELECT,2025-10-10,531258.98,10
LEAN_SELECT,2025-10-13,540234.82,10
LEAN_SELECT,2025-10-14,540746.87,10
LEAN_SELECT,2025-10-15,542296.46,10
LEAN_SELECT,2025-10-16,540816.9,10
LEAN_SELECT,2025-10-17,540044.78,10
LEAN_SELECT,2025-10-20,550247.35,10
LEAN_SELECT,2025-10-21,553953.73,10
LEAN_SELECT,2025-10-22,545558.82,10
LEAN_SELECT,2025-10-23,539402.76,10
LEAN_SELECT,2025-10-24,545539.78,10
LEAN_SELECT,2025-10-27,554280.49,10
LEAN_SELECT,2025-10-28,551335.97,10
LEAN_SELECT,2025-10-29,558396.33,10
LEAN_SELECT,2025-10-30,555134.05,10
LEAN_SELECT,2025-10-31,564961.21,10
LEAN_SELECT,2025-11-03,568986.12,10
LEAN_SELECT,2025-11-04,554344.5,9
LEAN_SELECT,2025-11-05,556475.65,9
LEAN_SELECT,2025-11-06,548442.94,10
LEAN_SELECT,2025-11-07,551618.9,10
LEAN_SELECT,2025-11-10,551889.9,10
LEAN_SELECT,2025-11-11,552592.26,10
LEAN_SELECT,2025-11-12,554223.43,10
LEAN_SELECT,2025-11-13,542264.77,10
LEAN_SELECT,2025-11-14,540333.55,10
LEAN_SELECT,2025-11-17,530023.98,10
LEAN_SELECT,2025-11-18,530283.24,8
LEAN_SELECT,2025-11-19,526120.85,10
LEAN_SELECT,2025-11-20,516256.16,10
LEAN_SELECT,2025-11-21,525431.42,10
LEAN_SELECT,2025-11-24,532750.63,10
LEAN_SELECT,2025-11-25,536953.67,10
LEAN_SELECT,2025-11-26,547347.08,10
LEAN_SELECT,2025-11-28,549975.98,10
LEAN_SELECT,2025-12-01,544710.81,10
LEAN_SELECT,2025-12-02,544474.36,10
LEAN_SELECT,2025-12-03,553478.91,10
LEAN_SELECT,2025-12-04,557641.77,10
LEAN_SELECT,2025-12-05,554617.84,10
LEAN_SELECT,2025-12-08,553365.76,10
LEAN_SELECT,2025-12-09,552639.1,10
LEAN_SELECT,2025-12-10,562086.63,10
LEAN_SELECT,2025-12-11,561578.69,10
LEAN_SELECT,2025-12-12,558263.57,10
LEAN_SELECT,2025-12-15,555371.29,9
LEAN_SELECT,2025-12-16,552585.7,8
LEAN_SELECT,2025-12-17,548844.37,8
LEAN_SELECT,2025-12-18,549073.74,9
LEAN_SELECT,2025-12-19,544186.52,10
LEAN_SELECT,2025-12-22,547732.3,10
LEAN_SELECT,2025-12-23,546174.83,10
LEAN_SELECT,2025-12-24,551155.68,10
LEAN_SELECT,2025-12-26,552717.21,10
LEAN_SELECT,2025-12-29,553742.87,10
LEAN_SELECT,2025-12-30,553406.81,10
LEAN_SELECT,2025-12-31,552887.57,10
