run,date,equity,n_pos,drawn,gross
BASELINE,2016-01-04,100000.0,0,0.0,0.0
BASELINE,2016-01-05,100000.0,0,0.0,0.0
BASELINE,2016-01-06,100000.0,0,0.0,0.0
BASELINE,2016-01-07,100000.0,0,0.0,0.0
BASELINE,2016-01-08,100000.0,0,0.0,0.0
BASELINE,2016-01-11,100000.0,0,0.0,0.0
BASELINE,2016-01-12,100000.0,0,0.0,0.0
BASELINE,2016-01-13,100000.0,0,0.0,0.0
BASELINE,2016-01-14,100000.0,0,0.0,0.0
BASELINE,2016-01-15,100000.0,0,0.0,0.0
BASELINE,2016-01-19,100000.0,0,0.0,0.0
BASELINE,2016-01-20,100000.0,0,0.0,0.0
BASELINE,2016-01-21,100000.0,0,0.0,0.0
BASELINE,2016-01-22,100000.0,0,0.0,0.0
BASELINE,2016-01-25,100000.0,0,0.0,0.0
BASELINE,2016-01-26,100000.0,0,0.0,0.0
BASELINE,2016-01-27,100000.0,0,0.0,0.0
BASELINE,2016-01-28,100000.0,0,0.0,0.0
BASELINE,2016-01-29,100000.0,0,0.0,0.0
BASELINE,2016-02-01,100682.42,10,0.0,100659.94
BASELINE,2016-02-02,97832.08,10,0.0,97809.59
BASELINE,2016-02-03,98890.22,10,0.0,98387.36
BASELINE,2016-02-04,98972.39,10,0.0,98469.54
BASELINE,2016-02-05,96938.75,10,0.0,96435.9
BASELINE,2016-02-08,94212.93,9,0.0,83898.61
BASELINE,2016-02-09,93539.51,10,0.0,92502.57
BASELINE,2016-02-10,93750.24,10,0.0,92713.29
BASELINE,2016-02-11,92265.48,10,0.0,91228.54
BASELINE,2016-02-12,94200.46,9,0.0,83467.1
BASELINE,2016-02-16,96002.19,10,0.0,94774.54
BASELINE,2016-02-17,97698.22,10,0.0,96470.57
BASELINE,2016-02-18,97023.26,10,0.0,95795.61
BASELINE,2016-02-19,98299.56,10,0.0,97440.93
BASELINE,2016-02-22,99578.4,10,0.0,98719.77
BASELINE,2016-02-23,98434.26,10,0.0,97575.63
BASELINE,2016-02-24,99454.57,9,0.0,88702.64
BASELINE,2016-02-25,100781.93,10,0.0,99992.43
BASELINE,2016-02-26,100436.95,10,0.0,99647.45
BASELINE,2016-02-29,99819.21,10,0.0,99610.88
BASELINE,2016-03-01,102765.77,10,0.0,102557.44
BASELINE,2016-03-02,102900.61,10,0.0,102692.28
BASELINE,2016-03-03,102987.34,10,0.0,102777.93
BASELINE,2016-03-04,103073.86,10,0.0,102864.46
BASELINE,2016-03-07,103071.19,10,0.0,102861.78
BASELINE,2016-03-08,101540.56,10,0.0,101331.15
BASELINE,2016-03-09,101966.55,5,0.0,50411.5
BASELINE,2016-03-10,102395.43,5,0.0,50840.37
BASELINE,2016-03-11,102987.36,5,0.0,51432.31
BASELINE,2016-03-14,103446.53,8,0.0,82779.38
BASELINE,2016-03-15,103221.53,8,0.0,82554.38
BASELINE,2016-03-16,103503.78,8,0.0,82836.63
BASELINE,2016-03-17,103958.24,10,-0.0,103958.24
BASELINE,2016-03-18,104624.76,10,-0.0,104624.76
BASELINE,2016-03-21,105066.41,10,-0.0,105066.41
BASELINE,2016-03-22,105122.49,10,0.0,105090.26
BASELINE,2016-03-23,104393.16,10,0.0,104360.94
BASELINE,2016-03-24,104101.0,9,0.0,94688.75
BASELINE,2016-03-28,104228.03,9,0.0,94815.78
BASELINE,2016-03-29,105373.51,9,0.0,95961.27
BASELINE,2016-03-30,106143.1,10,-0.0,106143.1
BASELINE,2016-03-31,105576.38,10,-0.0,105576.38
BASELINE,2016-04-01,105978.76,10,-0.0,105978.76
BASELINE,2016-04-04,105931.47,10,-0.0,105931.47
BASELINE,2016-04-05,105406.4,9,0.0,92883.01
BASELINE,2016-04-06,106602.59,8,0.0,83532.32
BASELINE,2016-04-07,105754.1,10,0.0,103923.04
BASELINE,2016-04-08,106715.56,10,0.0,104884.5
BASELINE,2016-04-11,106086.81,10,0.0,104255.75
BASELINE,2016-04-12,108159.29,10,0.0,106328.23
BASELINE,2016-04-13,109552.62,10,0.0,107721.56
BASELINE,2016-04-14,109733.8,10,0.0,107902.74
BASELINE,2016-04-15,109464.55,10,0.0,107633.49
BASELINE,2016-04-18,110411.13,10,0.0,108580.07
BASELINE,2016-04-19,111171.56,10,0.0,109340.5
BASELINE,2016-04-20,111487.38,10,0.0,109656.32
BASELINE,2016-04-21,110479.13,10,0.0,108648.07
BASELINE,2016-04-22,110180.99,10,0.0,108349.93
BASELINE,2016-04-25,109727.73,8,0.0,86915.78
BASELINE,2016-04-26,109329.59,7,0.0,72778.27
BASELINE,2016-04-27,109773.75,7,0.0,72951.9
BASELINE,2016-04-28,108997.63,10,0.0,105054.11
BASELINE,2016-04-29,107449.78,10,0.0,103506.26
BASELINE,2016-05-02,108083.95,10,0.0,104140.43
BASELINE,2016-05-03,107195.5,10,0.0,103251.98
BASELINE,2016-05-04,106285.69,9,0.0,90506.53
BASELINE,2016-05-05,106623.1,9,0.0,90843.94
BASELINE,2016-05-06,106746.22,10,0.0,101598.69
BASELINE,2016-05-09,107497.88,10,0.0,102350.35
BASELINE,2016-05-10,108112.97,10,0.0,102965.44
BASELINE,2016-05-11,107162.83,10,0.0,102015.31
BASELINE,2016-05-12,106344.46,10,0.0,101196.93
BASELINE,2016-05-13,105717.38,10,0.0,100569.85
BASELINE,2016-05-16,106485.01,10,0.0,101337.49
BASELINE,2016-05-17,105640.19,10,0.0,100492.66
BASELINE,2016-05-18,105540.07,10,0.0,100392.54
BASELINE,2016-05-19,106330.6,10,0.0,101183.07
BASELINE,2016-05-20,107588.75,10,0.0,102441.22
BASELINE,2016-05-23,107535.87,10,0.0,102388.34
BASELINE,2016-05-24,109287.91,10,0.0,104256.18
BASELINE,2016-05-25,109795.89,10,0.0,104764.15
BASELINE,2016-05-26,110213.99,10,0.0,105182.25
BASELINE,2016-05-27,110888.97,10,0.0,105857.23
BASELINE,2016-05-31,111522.04,10,0.0,106287.4
BASELINE,2016-06-01,112070.88,10,0.0,106836.24
BASELINE,2016-06-02,112096.97,10,0.0,106862.33
BASELINE,2016-06-03,111205.43,10,0.0,107435.59
BASELINE,2016-06-06,111057.96,10,0.0,107288.13
BASELINE,2016-06-07,111725.5,10,0.0,107955.67
BASELINE,2016-06-08,111520.62,10,0.0,107750.78
BASELINE,2016-06-09,111438.07,10,0.0,107668.23
BASELINE,2016-06-10,110188.47,10,0.0,105596.42
BASELINE,2016-06-13,109217.18,9,0.0,93338.74
BASELINE,2016-06-14,109219.38,9,0.0,93340.93
BASELINE,2016-06-15,109333.85,10,0.0,104396.52
BASELINE,2016-06-16,109460.59,10,0.0,104523.25
BASELINE,2016-06-17,109203.44,10,0.0,104266.11
BASELINE,2016-06-20,110157.08,10,0.0,105219.74
BASELINE,2016-06-21,110602.8,10,0.0,105665.46
BASELINE,2016-06-22,110465.78,10,0.0,105528.44
BASELINE,2016-06-23,111912.58,10,0.0,106975.24
BASELINE,2016-06-24,106463.16,10,0.0,101525.82
BASELINE,2016-06-27,103952.64,10,0.0,99015.3
BASELINE,2016-06-28,105951.72,10,0.0,101014.38
BASELINE,2016-06-29,108479.46,10,0.0,103542.12
BASELINE,2016-06-30,110028.78,10,0.0,105091.44
BASELINE,2016-07-01,110902.09,10,0.0,105964.75
BASELINE,2016-07-05,109839.63,10,0.0,104902.29
BASELINE,2016-07-06,110069.39,10,0.0,105132.05
BASELINE,2016-07-07,110211.73,10,0.0,105274.39
BASELINE,2016-07-08,111628.42,10,0.0,105299.7
BASELINE,2016-07-11,112464.7,10,0.0,106135.97
BASELINE,2016-07-12,113639.24,10,0.0,107310.52
BASELINE,2016-07-13,112778.12,10,0.0,106449.4
BASELINE,2016-07-14,114161.81,10,0.0,107459.78
BASELINE,2016-07-15,114004.26,10,0.0,107302.24
BASELINE,2016-07-18,114493.71,10,0.0,107791.68
BASELINE,2016-07-19,114541.6,10,0.0,107839.58
BASELINE,2016-07-20,114715.33,10,0.0,108013.3
BASELINE,2016-07-21,115211.04,10,0.0,108509.02
BASELINE,2016-07-22,116081.09,10,0.0,112613.22
BASELINE,2016-07-25,115463.85,10,0.0,111995.97
BASELINE,2016-07-26,115664.65,10,0.0,112196.78
BASELINE,2016-07-27,115948.15,9,0.0,101928.26
BASELINE,2016-07-28,116126.19,9,0.0,102106.29
BASELINE,2016-07-29,116159.17,10,0.0,113734.28
BASELINE,2016-08-01,116767.41,10,0.0,114342.52
BASELINE,2016-08-02,115829.23,10,0.0,113404.34
BASELINE,2016-08-03,116402.82,10,0.0,113977.93
BASELINE,2016-08-04,116059.8,10,0.0,113634.91
BASELINE,2016-08-05,116930.84,10,0.0,114505.95
BASELINE,2016-08-08,116819.09,10,0.0,114394.2
BASELINE,2016-08-09,116936.03,10,0.0,114511.14
BASELINE,2016-08-10,116915.41,10,0.0,112615.33
BASELINE,2016-08-11,118004.61,10,0.0,113704.53
BASELINE,2016-08-12,118374.72,10,0.0,113497.16
BASELINE,2016-08-15,118603.99,10,0.0,113726.42
BASELINE,2016-08-16,118035.5,10,0.0,113157.94
BASELINE,2016-08-17,118487.87,10,0.0,113610.3
BASELINE,2016-08-18,118819.87,10,0.0,113942.31
BASELINE,2016-08-19,118547.44,10,0.0,113669.88
BASELINE,2016-08-22,118304.56,10,0.0,113426.99
BASELINE,2016-08-23,118182.92,10,0.0,113305.35
BASELINE,2016-08-24,117763.35,10,0.0,112016.02
BASELINE,2016-08-25,117658.43,10,0.0,111911.09
BASELINE,2016-08-26,117574.95,10,0.0,111827.62
BASELINE,2016-08-29,118292.32,10,0.0,112544.98
BASELINE,2016-08-30,118191.42,10,0.0,112444.09
BASELINE,2016-08-31,117781.97,10,0.0,112034.63
BASELINE,2016-09-01,118255.86,10,0.0,112508.52
BASELINE,2016-09-02,118496.51,10,0.0,112749.17
BASELINE,2016-09-06,118606.8,10,0.0,112859.46
BASELINE,2016-09-07,118319.56,10,0.0,112217.74
BASELINE,2016-09-08,118188.21,10,0.0,112086.39
BASELINE,2016-09-09,115006.04,10,0.0,108904.22
BASELINE,2016-09-12,116765.86,10,0.0,110664.05
BASELINE,2016-09-13,115220.53,10,0.0,109118.71
BASELINE,2016-09-14,115207.72,10,0.0,109105.91
BASELINE,2016-09-15,116432.7,10,0.0,110330.89
BASELINE,2016-09-16,116096.11,10,0.0,109994.3
BASELINE,2016-09-19,116152.1,10,0.0,110050.28
BASELINE,2016-09-20,116021.86,10,0.0,109920.04
BASELINE,2016-09-21,117213.21,10,0.0,111111.4
BASELINE,2016-09-22,117989.62,10,0.0,111887.8
BASELINE,2016-09-23,117527.35,10,0.0,111425.53
BASELINE,2016-09-26,116652.97,10,0.0,110551.16
BASELINE,2016-09-27,117619.92,10,0.0,111746.1
BASELINE,2016-09-28,118016.3,10,0.0,112142.47
BASELINE,2016-09-29,116874.06,10,0.0,111000.24
BASELINE,2016-09-30,118512.93,10,0.0,112639.1
BASELINE,2016-10-03,118654.08,10,0.0,112780.26
BASELINE,2016-10-04,118075.15,10,0.0,113100.11
BASELINE,2016-10-05,118760.79,10,0.0,113785.75
BASELINE,2016-10-06,118618.4,10,0.0,113643.36
BASELINE,2016-10-07,118704.49,10,0.0,113729.45
BASELINE,2016-10-10,119277.35,10,0.0,116348.35
BASELINE,2016-10-11,117790.14,10,0.0,114861.14
BASELINE,2016-10-12,118037.33,10,0.0,114704.07
BASELINE,2016-10-13,117557.37,10,0.0,114224.11
BASELINE,2016-10-14,116768.01,10,0.0,113050.35
BASELINE,2016-10-17,115801.98,10,0.0,112084.31
BASELINE,2016-10-18,116750.18,10,0.0,113032.51
BASELINE,2016-10-19,117203.87,10,0.0,113486.21
BASELINE,2016-10-20,117258.95,10,0.0,113541.29
BASELINE,2016-10-21,117300.25,10,0.0,113582.59
BASELINE,2016-10-24,117844.08,10,0.0,114126.42
BASELINE,2016-10-25,117192.67,10,0.0,114921.06
BASELINE,2016-10-26,115860.12,10,0.0,113118.98
BASELINE,2016-10-27,115344.37,10,0.0,112603.22
BASELINE,2016-10-28,115575.3,10,0.0,112834.16
BASELINE,2016-10-31,115910.98,10,0.0,113169.84
BASELINE,2016-11-01,115218.84,10,0.0,112477.69
BASELINE,2016-11-02,114731.94,10,0.0,111990.79
BASELINE,2016-11-03,114468.55,10,0.0,111727.4
BASELINE,2016-11-04,114976.38,10,0.0,112235.23
BASELINE,2016-11-07,117676.77,10,0.0,114935.62
BASELINE,2016-11-08,118968.28,10,0.0,116227.13
BASELINE,2016-11-09,121165.16,10,0.0,118424.01
BASELINE,2016-11-10,122982.09,10,0.0,121174.36
BASELINE,2016-11-11,123329.6,10,0.0,121521.88
BASELINE,2016-11-14,123895.73,10,0.0,122088.01
BASELINE,2016-11-15,124522.84,10,0.0,123822.95
BASELINE,2016-11-16,123780.71,10,-0.0,123780.71
BASELINE,2016-11-17,124645.85,10,-0.0,124645.85
BASELINE,2016-11-18,124402.87,10,0.0,121503.09
BASELINE,2016-11-21,125427.33,10,0.0,122527.54
BASELINE,2016-11-22,125672.05,10,0.0,122772.26
BASELINE,2016-11-23,124622.12,10,0.0,121070.54
BASELINE,2016-11-25,125183.19,10,0.0,121631.61
BASELINE,2016-11-28,123511.67,10,0.0,119960.09
BASELINE,2016-11-29,123543.11,10,0.0,119156.19
BASELINE,2016-11-30,123806.14,10,0.0,119419.23
BASELINE,2016-12-01,122231.34,10,0.0,118755.02
BASELINE,2016-12-02,122506.08,10,0.0,119029.77
BASELINE,2016-12-05,123868.68,10,0.0,119388.22
BASELINE,2016-12-06,124505.31,10,0.0,120024.86
BASELINE,2016-12-07,126133.53,10,0.0,121653.07
BASELINE,2016-12-08,125284.07,10,0.0,120803.61
BASELINE,2016-12-09,125389.29,10,0.0,120737.69
BASELINE,2016-12-12,125671.25,10,0.0,121019.65
BASELINE,2016-12-13,126666.43,10,0.0,122207.22
BASELINE,2016-12-14,125339.72,10,0.0,121091.23
BASELINE,2016-12-15,125460.59,10,0.0,121212.09
BASELINE,2016-12-16,124819.77,10,0.0,120571.28
BASELINE,2016-12-19,124875.45,10,0.0,120626.96
BASELINE,2016-12-20,124816.24,10,0.0,120796.72
BASELINE,2016-12-21,125153.31,10,0.0,121133.79
BASELINE,2016-12-22,124809.88,10,0.0,120933.22
BASELINE,2016-12-23,124835.1,10,0.0,120958.44
BASELINE,2016-12-27,125596.57,10,0.0,121719.91
BASELINE,2016-12-28,124160.91,10,0.0,120284.24
BASELINE,2016-12-29,123912.02,9,0.0,109727.88
BASELINE,2016-12-30,122821.62,9,0.0,108637.48
BASELINE,2017-01-03,124223.02,10,0.0,122431.58
BASELINE,2017-01-04,125174.27,10,0.0,123382.83
BASELINE,2017-01-05,125944.88,10,0.0,124153.44
BASELINE,2017-01-06,126895.2,10,0.0,125103.77
BASELINE,2017-01-09,126364.67,10,0.0,124573.23
BASELINE,2017-01-10,126115.41,10,0.0,124027.55
BASELINE,2017-01-11,127169.25,10,0.0,125081.39
BASELINE,2017-01-12,127193.24,10,0.0,125105.38
BASELINE,2017-01-13,128577.45,10,0.0,126489.59
BASELINE,2017-01-17,126762.29,10,0.0,124674.43
BASELINE,2017-01-18,127592.07,10,0.0,126866.51
BASELINE,2017-01-19,128352.98,10,0.0,127627.42
BASELINE,2017-01-20,128501.68,10,0.0,127776.12
BASELINE,2017-01-23,126906.28,10,0.0,124867.72
BASELINE,2017-01-24,129035.6,10,0.0,126997.03
BASELINE,2017-01-25,130836.6,10,0.0,128798.04
BASELINE,2017-01-26,129433.37,10,0.0,127394.81
BASELINE,2017-01-27,129919.58,10,0.0,127881.02
BASELINE,2017-01-30,128201.93,10,0.0,126163.36
BASELINE,2017-01-31,128125.56,10,0.0,126086.99
BASELINE,2017-02-01,127781.47,9,0.0,111312.8
BASELINE,2017-02-02,128359.96,10,0.0,124638.44
BASELINE,2017-02-03,128992.87,10,0.0,125271.34
BASELINE,2017-02-06,129623.86,10,0.0,125902.33
BASELINE,2017-02-07,129651.56,10,0.0,125795.13
BASELINE,2017-02-08,129273.73,10,0.0,125417.3
BASELINE,2017-02-09,129536.27,10,0.0,125679.85
BASELINE,2017-02-10,129656.9,10,0.0,124991.88
BASELINE,2017-02-13,130837.1,10,0.0,126172.08
BASELINE,2017-02-14,131774.69,10,0.0,127109.67
BASELINE,2017-02-15,132082.21,10,0.0,127417.18
BASELINE,2017-02-16,131065.13,10,0.0,126052.25
BASELINE,2017-02-17,130940.85,8,0.0,100239.68
BASELINE,2017-02-21,132228.47,9,0.0,114696.15
BASELINE,2017-02-22,131284.91,10,0.0,126925.56
BASELINE,2017-02-23,132081.85,10,0.0,127722.5
BASELINE,2017-02-24,131998.97,10,0.0,127308.77
BASELINE,2017-02-27,132138.19,10,0.0,127447.99
BASELINE,2017-02-28,131285.6,10,0.0,126607.28
BASELINE,2017-03-01,132542.44,10,0.0,127864.12
BASELINE,2017-03-02,132290.61,10,0.0,127612.29
BASELINE,2017-03-03,132046.69,10,0.0,127368.36
BASELINE,2017-03-06,131090.44,10,0.0,126412.12
BASELINE,2017-03-07,130628.19,10,0.0,125949.87
BASELINE,2017-03-08,129842.05,10,0.0,125163.72
BASELINE,2017-03-09,130253.21,10,0.0,125574.89
BASELINE,2017-03-10,131578.23,10,0.0,126899.9
BASELINE,2017-03-13,131920.62,10,0.0,127242.3
BASELINE,2017-03-14,131007.15,10,0.0,126328.83
BASELINE,2017-03-15,132921.3,10,0.0,128242.97
BASELINE,2017-03-16,132258.08,10,0.0,127579.75
BASELINE,2017-03-17,131949.93,10,0.0,127271.61
BASELINE,2017-03-20,131595.13,10,0.0,126916.81
BASELINE,2017-03-21,129705.7,10,0.0,125027.37
BASELINE,2017-03-22,129837.47,10,0.0,123220.11
BASELINE,2017-03-23,129726.99,10,0.0,123109.63
BASELINE,2017-03-24,129982.26,10,0.0,123364.9
BASELINE,2017-03-27,129541.76,10,0.0,122924.4
BASELINE,2017-03-28,129794.29,10,0.0,123176.93
BASELINE,2017-03-29,130269.08,10,0.0,123651.72
BASELINE,2017-03-30,129830.16,10,0.0,123212.8
BASELINE,2017-03-31,130431.18,10,0.0,123813.82
BASELINE,2017-04-03,130580.97,10,0.0,123963.61
BASELINE,2017-04-04,130767.67,10,0.0,124150.31
BASELINE,2017-04-05,130380.56,10,0.0,123763.2
BASELINE,2017-04-06,130544.81,10,0.0,123927.45
BASELINE,2017-04-07,130336.85,10,0.0,123719.49
BASELINE,2017-04-10,130891.25,10,0.0,124273.89
BASELINE,2017-04-11,130379.75,10,0.0,123762.39
BASELINE,2017-04-12,129735.35,10,0.0,123117.98
BASELINE,2017-04-13,128535.02,10,0.0,121917.66
BASELINE,2017-04-17,129153.52,10,0.0,122536.16
BASELINE,2017-04-18,128776.94,10,0.0,122159.58
BASELINE,2017-04-19,128252.58,10,0.0,121635.21
BASELINE,2017-04-20,128895.78,10,0.0,122278.42
BASELINE,2017-04-21,128479.74,10,0.0,121862.38
BASELINE,2017-04-24,128906.9,10,0.0,122289.54
BASELINE,2017-04-25,129460.38,10,0.0,122843.02
BASELINE,2017-04-26,131221.46,10,0.0,124604.1
BASELINE,2017-04-27,130661.04,10,0.0,124043.67
BASELINE,2017-04-28,130495.91,10,0.0,123878.54
BASELINE,2017-05-01,129459.29,9,0.0,110396.6
BASELINE,2017-05-02,127033.89,10,0.0,120918.44
BASELINE,2017-05-03,127483.39,10,0.0,121367.94
BASELINE,2017-05-04,125843.3,10,0.0,119727.85
BASELINE,2017-05-05,127813.55,10,0.0,121698.11
BASELINE,2017-05-08,127653.04,10,0.0,121537.59
BASELINE,2017-05-09,127171.74,10,0.0,121056.29
BASELINE,2017-05-10,128700.34,10,0.0,122584.9
BASELINE,2017-05-11,128702.89,10,0.0,122587.45
BASELINE,2017-05-12,128442.29,10,0.0,120007.05
BASELINE,2017-05-15,129264.56,10,0.0,120829.32
BASELINE,2017-05-16,130477.34,10,0.0,122042.11
BASELINE,2017-05-17,127498.03,10,0.0,119062.79
BASELINE,2017-05-18,127664.65,10,0.0,119229.42
BASELINE,2017-05-19,128871.99,10,0.0,120436.76
BASELINE,2017-05-22,129207.01,10,0.0,120771.78
BASELINE,2017-05-23,128832.74,10,0.0,120397.51
BASELINE,2017-05-24,128679.5,10,0.0,120244.26
BASELINE,2017-05-25,127623.96,10,0.0,119188.72
BASELINE,2017-05-26,127500.1,10,0.0,121285.33
BASELINE,2017-05-30,126536.45,10,0.0,120321.68
BASELINE,2017-05-31,126765.39,10,0.0,120550.62
BASELINE,2017-06-01,127476.06,10,0.0,121261.29
BASELINE,2017-06-02,127707.5,10,0.0,121492.73
BASELINE,2017-06-05,127940.54,10,0.0,122626.33
BASELINE,2017-06-06,128444.01,10,0.0,122896.39
BASELINE,2017-06-07,128127.05,10,0.0,122579.42
BASELINE,2017-06-08,128407.49,10,0.0,122859.87
BASELINE,2017-06-09,128647.35,10,0.0,122104.4
BASELINE,2017-06-12,128545.5,10,0.0,121859.02
BASELINE,2017-06-13,128679.96,10,0.0,121993.48
BASELINE,2017-06-14,127314.31,10,0.0,120627.84
BASELINE,2017-06-15,126477.61,10,0.0,119791.14
BASELINE,2017-06-16,127032.45,10,0.0,120345.98
BASELINE,2017-06-19,127479.51,10,0.0,120793.03
BASELINE,2017-06-20,125621.07,10,0.0,118934.6
BASELINE,2017-06-21,124581.57,10,0.0,117895.09
BASELINE,2017-06-22,125269.35,10,0.0,118582.87
BASELINE,2017-06-23,125593.04,10,0.0,118906.56
BASELINE,2017-06-26,126084.85,10,0.0,119398.38
BASELINE,2017-06-27,125721.42,10,0.0,119034.94
BASELINE,2017-06-28,127181.15,10,0.0,120494.67
BASELINE,2017-06-29,127247.91,10,0.0,120561.43
BASELINE,2017-06-30,127844.34,10,0.0,121157.87
BASELINE,2017-07-03,128800.7,10,0.0,121762.77
BASELINE,2017-07-05,128680.01,10,0.0,121642.08
BASELINE,2017-07-06,126768.4,10,0.0,118246.16
BASELINE,2017-07-07,126780.89,9,0.0,104627.8
BASELINE,2017-07-10,126994.46,10,0.0,117502.18
BASELINE,2017-07-11,127184.07,10,0.0,117691.8
BASELINE,2017-07-12,127945.37,10,0.0,117982.95
BASELINE,2017-07-13,128296.43,10,0.0,118334.01
BASELINE,2017-07-14,129141.32,10,0.0,119178.89
BASELINE,2017-07-17,129217.36,10,0.0,119254.94
BASELINE,2017-07-18,129368.04,10,0.0,119405.62
BASELINE,2017-07-19,130489.69,10,0.0,120527.26
BASELINE,2017-07-20,131261.48,10,0.0,121299.06
BASELINE,2017-07-21,131245.32,10,0.0,126164.12
BASELINE,2017-07-24,130080.4,10,0.0,124999.21
BASELINE,2017-07-25,131016.92,9,0.0,112364.18
BASELINE,2017-07-26,131828.49,10,0.0,126338.14
BASELINE,2017-07-27,133213.65,10,0.0,127723.3
BASELINE,2017-07-28,132508.26,10,0.0,127222.16
BASELINE,2017-07-31,132286.71,10,0.0,127000.62
BASELINE,2017-08-01,133111.38,10,0.0,127825.29
BASELINE,2017-08-02,133005.52,9,0.0,116122.71
BASELINE,2017-08-03,132346.13,10,0.0,128745.75
BASELINE,2017-08-04,133269.0,10,0.0,129668.61
BASELINE,2017-08-07,133498.49,9,0.0,116215.37
BASELINE,2017-08-08,133288.49,10,0.0,129363.65
BASELINE,2017-08-09,132409.56,10,0.0,129601.07
BASELINE,2017-08-10,130522.1,8,0.0,101814.09
BASELINE,2017-08-11,130599.79,7,0.0,89155.0
BASELINE,2017-08-14,132153.23,7,0.0,90708.44
BASELINE,2017-08-15,132231.0,10,0.0,130512.84
BASELINE,2017-08-16,132769.49,10,0.0,130007.55
BASELINE,2017-08-17,129934.08,10,0.0,127172.14
BASELINE,2017-08-18,130224.3,10,0.0,127462.36
BASELINE,2017-08-21,129612.33,10,0.0,126850.39
BASELINE,2017-08-22,132327.84,10,0.0,129565.9
BASELINE,2017-08-23,131672.81,10,0.0,128910.87
BASELINE,2017-08-24,131459.66,9,0.0,115393.96
BASELINE,2017-08-25,131402.59,10,0.0,129365.53
BASELINE,2017-08-28,130887.76,10,0.0,128850.71
BASELINE,2017-08-29,130833.41,10,0.0,128796.36
BASELINE,2017-08-30,131623.72,10,0.0,129586.67
BASELINE,2017-08-31,132282.8,10,0.0,130245.75
BASELINE,2017-09-01,132770.16,10,0.0,130733.11
BASELINE,2017-09-05,131098.87,10,0.0,129114.1
BASELINE,2017-09-06,132885.43,10,0.0,130900.66
BASELINE,2017-09-07,132497.14,10,0.0,130512.37
BASELINE,2017-09-08,131605.82,10,0.0,129621.05
BASELINE,2017-09-11,133185.69,10,0.0,131200.92
BASELINE,2017-09-12,134523.11,10,0.0,132538.34
BASELINE,2017-09-13,135214.09,10,0.0,133341.76
BASELINE,2017-09-14,135100.42,10,0.0,133228.09
BASELINE,2017-09-15,136027.82,10,0.0,134155.49
BASELINE,2017-09-18,135796.06,10,0.0,133923.73
BASELINE,2017-09-19,136129.86,10,0.0,134257.53
BASELINE,2017-09-20,136553.0,10,0.0,135534.28
BASELINE,2017-09-21,136453.91,10,0.0,135435.2
BASELINE,2017-09-22,136732.36,10,0.0,135713.65
BASELINE,2017-09-25,136814.09,10,0.0,135795.38
BASELINE,2017-09-26,137512.88,10,0.0,136953.98
BASELINE,2017-09-27,138186.82,10,0.0,137627.92
BASELINE,2017-09-28,137927.28,10,0.0,137368.38
BASELINE,2017-09-29,138178.79,10,0.0,137619.89
BASELINE,2017-10-02,137950.01,10,0.0,137391.11
BASELINE,2017-10-03,137550.79,10,0.0,136991.89
BASELINE,2017-10-04,137835.67,10,0.0,134813.99
BASELINE,2017-10-05,138644.02,10,0.0,135622.34
BASELINE,2017-10-06,138741.34,10,0.0,135719.66
BASELINE,2017-10-09,138695.39,10,0.0,135673.72
BASELINE,2017-10-10,139410.33,10,0.0,135937.72
BASELINE,2017-10-11,140469.95,10,0.0,136997.35
BASELINE,2017-10-12,140979.75,10,0.0,137507.15
BASELINE,2017-10-13,141735.25,10,0.0,138262.65
BASELINE,2017-10-16,141595.02,10,0.0,138122.42
BASELINE,2017-10-17,141311.12,10,0.0,137838.52
BASELINE,2017-10-18,140505.21,10,0.0,137032.61
BASELINE,2017-10-19,140286.53,10,0.0,136813.92
BASELINE,2017-10-20,139945.31,10,0.0,136582.85
BASELINE,2017-10-23,139593.14,10,0.0,136230.68
BASELINE,2017-10-24,140051.1,10,0.0,136688.65
BASELINE,2017-10-25,135368.91,10,0.0,132006.45
BASELINE,2017-10-26,135147.03,10,0.0,131784.58
BASELINE,2017-10-27,135292.2,10,0.0,131929.74
BASELINE,2017-10-30,133687.34,10,0.0,130324.88
BASELINE,2017-10-31,133634.58,9,0.0,115655.6
BASELINE,2017-11-01,132965.49,10,0.0,128411.04
BASELINE,2017-11-02,131071.38,10,0.0,126516.92
BASELINE,2017-11-03,132781.62,10,0.0,128227.16
BASELINE,2017-11-06,133637.12,10,0.0,129082.66
BASELINE,2017-11-07,133762.79,10,0.0,129208.33
BASELINE,2017-11-08,133406.51,10,0.0,128852.06
BASELINE,2017-11-09,131120.0,10,0.0,126565.55
BASELINE,2017-11-10,130946.64,10,0.0,124179.55
BASELINE,2017-11-13,131197.74,10,0.0,124430.66
BASELINE,2017-11-14,130450.02,10,0.0,122316.12
BASELINE,2017-11-15,130720.74,10,0.0,122586.85
BASELINE,2017-11-16,131627.1,10,0.0,123493.2
BASELINE,2017-11-17,132101.02,10,0.0,123967.12
BASELINE,2017-11-20,132119.4,10,0.0,123985.5
BASELINE,2017-11-21,132006.69,10,0.0,123872.79
BASELINE,2017-11-22,132668.26,10,0.0,124534.36
BASELINE,2017-11-24,132482.91,10,0.0,124349.01
BASELINE,2017-11-27,132957.57,10,0.0,124823.67
BASELINE,2017-11-28,134835.58,10,0.0,126701.68
BASELINE,2017-11-29,137553.94,10,0.0,129420.05
BASELINE,2017-11-30,138642.72,10,0.0,130508.82
BASELINE,2017-12-01,139481.92,10,0.0,131348.02
BASELINE,2017-12-04,141002.75,10,0.0,132868.85
BASELINE,2017-12-05,139220.61,10,0.0,131086.71
BASELINE,2017-12-06,138269.73,9,0.0,120533.58
BASELINE,2017-12-07,138508.01,9,0.0,120774.06
BASELINE,2017-12-08,139410.84,10,0.0,135706.63
BASELINE,2017-12-11,140197.67,10,0.0,136187.94
BASELINE,2017-12-12,141084.13,10,0.0,137074.41
BASELINE,2017-12-13,141776.45,10,0.0,137766.73
BASELINE,2017-12-14,141317.04,10,0.0,137307.31
BASELINE,2017-12-15,141803.59,9,0.0,124839.32
BASELINE,2017-12-18,143830.47,10,0.0,141068.2
BASELINE,2017-12-19,143298.53,10,0.0,140536.26
BASELINE,2017-12-20,144169.14,10,0.0,141406.87
BASELINE,2017-12-21,144166.85,10,0.0,141085.65
BASELINE,2017-12-22,143699.89,10,0.0,140788.8
BASELINE,2017-12-26,143091.48,10,0.0,140180.39
BASELINE,2017-12-27,143252.95,10,0.0,140341.86
BASELINE,2017-12-28,144086.57,10,0.0,141175.48
BASELINE,2017-12-29,142813.13,10,0.0,139902.04
BASELINE,2018-01-02,147112.85,10,0.0,144201.75
BASELINE,2018-01-03,149215.27,10,0.0,146304.17
BASELINE,2018-01-04,151177.67,10,0.0,148266.58
BASELINE,2018-01-05,151340.84,10,0.0,148429.74
BASELINE,2018-01-08,152411.29,10,0.0,149500.2
BASELINE,2018-01-09,150715.83,9,0.0,133452.25
BASELINE,2018-01-10,150343.49,8,0.0,117578.46
BASELINE,2018-01-11,152674.48,8,0.0,121005.15
BASELINE,2018-01-12,154215.91,8,0.0,122546.58
BASELINE,2018-01-16,152381.07,8,0.0,120711.75
BASELINE,2018-01-17,153521.72,8,0.0,121936.74
BASELINE,2018-01-18,154395.75,10,0.0,153793.6
BASELINE,2018-01-19,155417.89,10,0.0,154815.74
BASELINE,2018-01-22,156580.1,10,0.0,155977.95
BASELINE,2018-01-23,158741.86,10,0.0,158139.71
BASELINE,2018-01-24,159621.38,10,0.0,159019.23
BASELINE,2018-01-25,158805.23,9,0.0,145299.55
BASELINE,2018-01-26,161301.61,8,0.0,131705.34
BASELINE,2018-01-29,161964.03,10,-0.0,161964.03
BASELINE,2018-01-30,158854.54,10,-0.0,158854.54
BASELINE,2018-01-31,158136.37,9,0.0,143214.17
BASELINE,2018-02-01,157224.69,9,0.0,141677.76
BASELINE,2018-02-02,155415.29,10,-0.0,155415.29
BASELINE,2018-02-05,149705.64,9,0.0,133335.58
BASELINE,2018-02-06,153096.21,8,0.0,121126.03
BASELINE,2018-02-07,152499.6,8,0.0,120529.42
BASELINE,2018-02-08,147464.33,9,0.0,130781.57
BASELINE,2018-02-09,148613.91,9,0.0,131931.16
BASELINE,2018-02-12,150278.93,9,0.0,133596.17
BASELINE,2018-02-13,150956.01,10,0.0,149249.69
BASELINE,2018-02-14,153614.13,10,0.0,151907.81
BASELINE,2018-02-15,157587.01,10,0.0,155880.68
BASELINE,2018-02-16,158010.48,10,0.0,156304.15
BASELINE,2018-02-20,156713.01,10,0.0,155006.68
BASELINE,2018-02-21,155483.12,10,0.0,148771.05
BASELINE,2018-02-22,155379.11,10,0.0,148631.62
BASELINE,2018-02-23,158196.83,10,0.0,151007.56
BASELINE,2018-02-26,161315.85,10,0.0,154126.59
BASELINE,2018-02-27,159983.71,10,0.0,152794.45
BASELINE,2018-02-28,158238.1,9,0.0,135384.52
BASELINE,2018-03-01,157651.3,9,0.0,135752.03
BASELINE,2018-03-02,158980.89,10,0.0,152845.72
BASELINE,2018-03-05,161306.31,10,0.0,155171.15
BASELINE,2018-03-06,161208.8,10,0.0,155073.63
BASELINE,2018-03-07,160099.84,10,0.0,154372.42
BASELINE,2018-03-08,159882.53,9,0.0,138242.71
BASELINE,2018-03-09,161091.31,10,0.0,154211.67
BASELINE,2018-03-12,161705.45,10,0.0,154825.81
BASELINE,2018-03-13,161214.42,10,0.0,154515.99
BASELINE,2018-03-14,160871.45,10,0.0,154173.01
BASELINE,2018-03-15,160134.42,10,0.0,153569.28
BASELINE,2018-03-16,161061.85,10,0.0,153338.25
BASELINE,2018-03-19,158750.99,10,0.0,151027.38
BASELINE,2018-03-20,158337.18,9,0.0,134965.46
BASELINE,2018-03-21,158229.33,10,0.0,150706.15
BASELINE,2018-03-22,155856.43,10,0.0,148333.25
BASELINE,2018-03-23,153381.74,10,0.0,145858.56
BASELINE,2018-03-26,156874.86,10,0.0,149351.67
BASELINE,2018-03-27,154431.85,10,0.0,146908.66
BASELINE,2018-03-28,155883.76,10,0.0,148360.57
BASELINE,2018-03-29,156937.46,10,0.0,149414.28
BASELINE,2018-04-02,152872.27,10,0.0,145349.08
BASELINE,2018-04-03,154450.2,10,0.0,146927.01
BASELINE,2018-04-04,157590.03,10,0.0,150066.85
BASELINE,2018-04-05,157939.66,10,0.0,150416.47
BASELINE,2018-04-06,154980.06,10,0.0,147456.88
BASELINE,2018-04-09,155033.78,9,0.0,130943.98
BASELINE,2018-04-10,157171.63,10,0.0,148737.2
BASELINE,2018-04-11,156788.31,10,0.0,148353.88
BASELINE,2018-04-12,157379.3,10,0.0,148253.7
BASELINE,2018-04-13,156931.18,10,0.0,147805.58
BASELINE,2018-04-16,158244.6,10,0.0,149119.0
BASELINE,2018-04-17,161321.47,10,0.0,152195.87
BASELINE,2018-04-18,161380.11,10,0.0,152254.52
BASELINE,2018-04-19,158907.95,10,0.0,149719.46
BASELINE,2018-04-20,157414.64,10,0.0,148226.14
BASELINE,2018-04-23,156796.97,10,0.0,147608.47
BASELINE,2018-04-24,155960.42,10,0.0,146358.94
BASELINE,2018-04-25,156716.63,9,0.0,130758.06
BASELINE,2018-04-26,160717.49,9,0.0,134758.92
BASELINE,2018-04-27,161394.99,10,0.0,151374.14
BASELINE,2018-04-30,158491.65,10,0.0,148470.8
BASELINE,2018-05-01,160051.63,10,0.0,149841.75
BASELINE,2018-05-02,158661.4,10,0.0,147880.63
BASELINE,2018-05-03,158692.32,10,0.0,147911.55
BASELINE,2018-05-04,161560.21,10,0.0,150779.44
BASELINE,2018-05-07,163068.1,10,0.0,152287.33
BASELINE,2018-05-08,161995.98,10,0.0,151215.21
BASELINE,2018-05-09,162895.16,10,0.0,152114.39
BASELINE,2018-05-10,164754.48,10,0.0,153973.71
BASELINE,2018-05-11,164792.68,10,0.0,154011.91
BASELINE,2018-05-14,165444.0,10,0.0,154663.23
BASELINE,2018-05-15,164250.48,10,0.0,153469.71
BASELINE,2018-05-16,166022.27,10,0.0,156232.68
BASELINE,2018-05-17,165429.45,10,0.0,155639.86
BASELINE,2018-05-18,163807.0,10,0.0,154017.41
BASELINE,2018-05-21,165024.44,8,0.0,120568.97
BASELINE,2018-05-22,166200.62,8,0.0,121745.14
BASELINE,2018-05-23,166595.37,8,0.0,122139.9
BASELINE,2018-05-24,166948.74,10,0.0,155819.46
BASELINE,2018-05-25,166749.9,10,0.0,155620.62
BASELINE,2018-05-29,166032.36,10,0.0,154903.08
BASELINE,2018-05-30,166932.0,10,0.0,155802.72
BASELINE,2018-05-31,164088.56,10,0.0,152959.28
BASELINE,2018-06-01,164614.69,9,0.0,135203.18
BASELINE,2018-06-04,164822.05,10,0.0,151899.43
BASELINE,2018-06-05,164990.42,10,0.0,152067.8
BASELINE,2018-06-06,166775.55,10,0.0,153852.93
BASELINE,2018-06-07,167099.21,10,0.0,154176.58
BASELINE,2018-06-08,168331.54,10,0.0,155408.92
BASELINE,2018-06-11,168712.52,10,0.0,155789.89
BASELINE,2018-06-12,169615.01,9,0.0,139529.28
BASELINE,2018-06-13,170137.25,10,0.0,157083.12
BASELINE,2018-06-14,170982.11,10,0.0,157927.98
BASELINE,2018-06-15,170261.7,10,0.0,157207.57
BASELINE,2018-06-18,169553.97,10,0.0,156499.84
BASELINE,2018-06-19,169387.93,10,0.0,158240.98
BASELINE,2018-06-20,171169.51,10,0.0,160022.56
BASELINE,2018-06-21,169345.95,10,0.0,158199.0
BASELINE,2018-06-22,170965.92,10,0.0,159818.96
BASELINE,2018-06-25,168279.03,10,0.0,157132.08
BASELINE,2018-06-26,168536.39,10,0.0,157389.44
BASELINE,2018-06-27,168088.06,10,0.0,156941.11
BASELINE,2018-06-28,168558.29,10,0.0,157411.34
BASELINE,2018-06-29,169251.86,10,0.0,158104.9
BASELINE,2018-07-02,168752.86,10,0.0,157605.91
BASELINE,2018-07-03,169244.36,10,0.0,158097.41
BASELINE,2018-07-05,170573.0,10,0.0,159426.05
BASELINE,2018-07-06,172374.1,10,0.0,161227.14
BASELINE,2018-07-09,174187.76,10,0.0,163040.8
BASELINE,2018-07-10,174663.27,10,0.0,163516.32
BASELINE,2018-07-11,173090.04,10,0.0,161943.08
BASELINE,2018-07-12,173546.69,10,0.0,165429.86
BASELINE,2018-07-13,174089.32,10,0.0,165972.48
BASELINE,2018-07-16,172396.03,10,0.0,164279.19
BASELINE,2018-07-17,172686.12,10,0.0,164569.28
BASELINE,2018-07-18,172603.76,10,0.0,164486.92
BASELINE,2018-07-19,173263.91,10,0.0,165147.08
BASELINE,2018-07-20,173453.93,10,0.0,166029.13
BASELINE,2018-07-23,174056.56,10,0.0,166631.76
BASELINE,2018-07-24,173921.9,10,0.0,166497.1
BASELINE,2018-07-25,174939.93,10,0.0,167515.13
BASELINE,2018-07-26,175230.93,10,0.0,167806.13
BASELINE,2018-07-27,175199.72,10,0.0,168426.77
BASELINE,2018-07-30,175077.71,10,0.0,168304.76
BASELINE,2018-07-31,174592.19,10,0.0,167819.24
BASELINE,2018-08-01,173921.67,10,0.0,167013.43
BASELINE,2018-08-02,176498.1,10,0.0,169589.86
BASELINE,2018-08-03,176581.89,10,0.0,169673.66
BASELINE,2018-08-06,175900.94,9,0.0,151585.1
BASELINE,2018-08-07,175800.89,10,0.0,169147.25
BASELINE,2018-08-08,175098.77,10,0.0,168445.12
BASELINE,2018-08-09,174000.94,10,0.0,167347.29
BASELINE,2018-08-10,173482.32,10,0.0,166828.67
BASELINE,2018-08-13,170918.88,10,0.0,164265.23
BASELINE,2018-08-14,171790.56,9,0.0,144904.27
BASELINE,2018-08-15,171895.55,10,0.0,162150.39
BASELINE,2018-08-16,171855.03,10,0.0,162109.87
BASELINE,2018-08-17,170979.57,10,0.0,159282.1
BASELINE,2018-08-20,171412.85,10,0.0,159715.38
BASELINE,2018-08-21,172456.56,10,0.0,160759.09
BASELINE,2018-08-22,172767.92,10,0.0,161070.45
BASELINE,2018-08-23,172867.81,10,0.0,161170.34
BASELINE,2018-08-24,172906.13,10,0.0,161208.66
BASELINE,2018-08-27,174921.19,10,0.0,163223.72
BASELINE,2018-08-28,174424.45,10,0.0,162736.58
BASELINE,2018-08-29,175599.65,10,0.0,163911.77
BASELINE,2018-08-30,173823.6,10,0.0,162135.73
BASELINE,2018-08-31,173253.22,9,0.0,144524.34
BASELINE,2018-09-04,172083.43,10,0.0,160673.77
BASELINE,2018-09-05,171408.19,10,0.0,159998.53
BASELINE,2018-09-06,169717.11,10,0.0,158307.44
BASELINE,2018-09-07,168680.25,10,0.0,157270.59
BASELINE,2018-09-10,168796.39,10,0.0,157386.73
BASELINE,2018-09-11,168168.03,10,0.0,156758.37
BASELINE,2018-09-12,168770.96,10,0.0,157361.3
BASELINE,2018-09-13,169786.2,10,0.0,158376.54
BASELINE,2018-09-14,169834.4,10,0.0,158424.74
BASELINE,2018-09-17,169170.54,10,0.0,157760.87
BASELINE,2018-09-18,170203.35,10,0.0,157843.91
BASELINE,2018-09-19,171716.34,10,0.0,159356.9
BASELINE,2018-09-20,172743.24,10,0.0,160383.8
BASELINE,2018-09-21,172410.54,10,0.0,160051.1
BASELINE,2018-09-24,170119.39,10,0.0,157759.95
BASELINE,2018-09-25,168106.28,10,0.0,155746.84
BASELINE,2018-09-26,167340.51,10,0.0,154981.07
BASELINE,2018-09-27,167288.78,10,0.0,154929.34
BASELINE,2018-09-28,167976.13,10,0.0,155616.69
BASELINE,2018-10-01,169430.17,10,0.0,157070.73
BASELINE,2018-10-02,170560.18,10,0.0,158200.74
BASELINE,2018-10-03,171016.97,10,0.0,158657.53
BASELINE,2018-10-04,168212.38,10,0.0,155852.94
BASELINE,2018-10-05,167292.87,10,0.0,153969.77
BASELINE,2018-10-08,169096.26,10,0.0,155773.16
BASELINE,2018-10-09,167491.28,10,0.0,154168.17
BASELINE,2018-10-10,163305.09,10,0.0,149981.99
BASELINE,2018-10-11,159215.76,10,0.0,145892.66
BASELINE,2018-10-12,158413.84,9,0.0,129003.14
BASELINE,2018-10-15,158304.81,10,0.0,144720.06
BASELINE,2018-10-16,160548.17,10,0.0,146963.43
BASELINE,2018-10-17,161400.16,10,0.0,147815.42
BASELINE,2018-10-18,157809.49,10,0.0,144224.75
BASELINE,2018-10-19,157455.71,10,0.0,143870.97
BASELINE,2018-10-22,154851.53,10,0.0,140495.29
BASELINE,2018-10-23,155010.61,10,0.0,140654.37
BASELINE,2018-10-24,149714.88,10,0.0,135358.64
BASELINE,2018-10-25,153727.7,10,0.0,139371.46
BASELINE,2018-10-26,151924.8,10,0.0,137568.56
BASELINE,2018-10-29,152815.46,10,0.0,138459.23
BASELINE,2018-10-30,155454.34,10,0.0,141098.11
BASELINE,2018-10-31,157593.98,10,0.0,143237.74
BASELINE,2018-11-01,159865.44,10,0.0,145509.2
BASELINE,2018-11-02,160836.66,10,0.0,146480.43
BASELINE,2018-11-05,162191.25,10,0.0,147835.01
BASELINE,2018-11-06,163576.64,10,0.0,149220.4
BASELINE,2018-11-07,161541.03,10,0.0,147184.79
BASELINE,2018-11-08,160619.19,10,0.0,146262.96
BASELINE,2018-11-09,160209.08,10,0.0,145852.84
BASELINE,2018-11-12,159019.28,8,0.0,112779.08
BASELINE,2018-11-13,158142.32,6,0.0,81107.88
BASELINE,2018-11-14,158337.83,6,0.0,81303.4
BASELINE,2018-11-15,159609.8,6,0.0,82575.36
BASELINE,2018-11-16,160538.69,7,0.0,99325.96
BASELINE,2018-11-19,159859.3,7,0.0,98646.58
BASELINE,2018-11-20,158433.65,7,0.0,97245.28
BASELINE,2018-11-21,158448.39,9,0.0,129073.1
BASELINE,2018-11-23,157183.51,10,0.0,143528.94
BASELINE,2018-11-26,159826.38,10,0.0,146171.81
BASELINE,2018-11-27,160286.05,10,0.0,146631.48
BASELINE,2018-11-28,162936.7,10,0.0,149282.13
BASELINE,2018-11-29,162628.88,10,0.0,148974.31
BASELINE,2018-11-30,163484.71,10,0.0,152839.56
BASELINE,2018-12-03,165707.57,10,0.0,155062.42
BASELINE,2018-12-04,160326.25,10,0.0,149681.1
BASELINE,2018-12-06,158730.59,6,0.0,88495.91
BASELINE,2018-12-07,155070.55,10,0.0,148324.81
BASELINE,2018-12-10,155819.13,10,0.0,149073.39
BASELINE,2018-12-11,155830.81,10,0.0,149085.08
BASELINE,2018-12-12,157442.97,10,0.0,150697.23
BASELINE,2018-12-13,156860.06,10,0.0,150114.33
BASELINE,2018-12-14,154078.96,10,0.0,147333.22
BASELINE,2018-12-17,150178.67,10,0.0,143432.93
BASELINE,2018-12-18,151146.54,10,0.0,144400.81
BASELINE,2018-12-19,146943.91,10,0.0,140198.17
BASELINE,2018-12-20,144836.24,10,0.0,138090.5
BASELINE,2018-12-21,141866.68,10,0.0,135120.95
BASELINE,2018-12-24,138430.74,10,0.0,131685.0
BASELINE,2018-12-26,145520.89,10,0.0,138775.15
BASELINE,2018-12-27,145935.5,10,0.0,139189.77
BASELINE,2018-12-28,146167.12,10,0.0,139421.38
BASELINE,2018-12-31,147380.66,10,0.0,140634.92
BASELINE,2019-01-02,149442.92,10,0.0,142697.19
BASELINE,2019-01-03,143598.52,10,0.0,136852.78
BASELINE,2019-01-04,148496.59,10,0.0,141750.85
BASELINE,2019-01-07,151037.12,10,0.0,144291.38
BASELINE,2019-01-08,152486.9,10,0.0,145741.17
BASELINE,2019-01-09,152887.09,10,0.0,146141.36
BASELINE,2019-01-10,153993.27,10,0.0,152450.92
BASELINE,2019-01-11,153898.37,10,0.0,152356.02
BASELINE,2019-01-14,153306.62,10,0.0,150853.27
BASELINE,2019-01-15,154913.88,10,0.0,152059.76
BASELINE,2019-01-16,154709.35,10,0.0,151855.23
BASELINE,2019-01-17,155778.25,9,0.0,138291.7
BASELINE,2019-01-18,157795.7,10,0.0,155994.84
BASELINE,2019-01-22,155521.82,10,0.0,153720.96
BASELINE,2019-01-23,154460.12,8,0.0,122728.65
BASELINE,2019-01-24,154512.12,8,0.0,122607.14
BASELINE,2019-01-25,154188.75,9,0.0,137821.42
BASELINE,2019-01-28,154095.2,10,0.0,153003.99
BASELINE,2019-01-29,153518.25,10,0.0,152427.04
BASELINE,2019-01-30,156326.96,10,0.0,155235.75
BASELINE,2019-01-31,156829.74,10,0.0,155738.54
BASELINE,2019-02-01,158298.38,10,0.0,157207.17
BASELINE,2019-02-04,160017.05,10,0.0,158925.84
BASELINE,2019-02-05,160725.54,10,0.0,159634.33
BASELINE,2019-02-06,160556.07,10,0.0,158372.23
BASELINE,2019-02-07,158787.63,8,0.0,122722.56
BASELINE,2019-02-08,158374.87,10,0.0,153835.0
BASELINE,2019-02-11,158380.1,10,0.0,153840.22
BASELINE,2019-02-12,160578.25,9,0.0,139375.74
BASELINE,2019-02-13,161712.37,10,0.0,156670.92
BASELINE,2019-02-14,161654.85,10,0.0,156613.39
BASELINE,2019-02-15,163617.98,10,0.0,158576.52
BASELINE,2019-02-19,164690.43,10,0.0,159561.9
BASELINE,2019-02-20,163597.81,10,0.0,158469.27
BASELINE,2019-02-21,161624.76,10,0.0,156548.98
BASELINE,2019-02-22,162781.32,10,0.0,157528.78
BASELINE,2019-02-25,161888.6,10,0.0,156636.06
BASELINE,2019-02-26,161676.12,10,0.0,156248.07
BASELINE,2019-02-27,161128.15,10,0.0,155700.1
BASELINE,2019-02-28,158714.53,10,0.0,153286.48
BASELINE,2019-03-01,160348.43,10,0.0,154920.39
BASELINE,2019-03-04,159883.7,10,0.0,154455.65
BASELINE,2019-03-05,159914.23,10,0.0,154486.18
BASELINE,2019-03-06,158835.64,10,0.0,153407.6
BASELINE,2019-03-07,157473.3,9,0.0,136347.94
BASELINE,2019-03-08,158170.55,10,0.0,152636.28
BASELINE,2019-03-11,160767.94,10,0.0,155233.68
BASELINE,2019-03-12,161080.12,10,0.0,155545.85
BASELINE,2019-03-13,162955.49,10,0.0,157421.22
BASELINE,2019-03-14,162249.18,10,0.0,156714.91
BASELINE,2019-03-15,163417.04,10,0.0,157882.78
BASELINE,2019-03-18,164448.4,10,0.0,158914.13
BASELINE,2019-03-19,164907.56,10,0.0,159373.29
BASELINE,2019-03-20,163430.51,10,0.0,157698.2
BASELINE,2019-03-21,166622.98,10,0.0,158645.77
BASELINE,2019-03-22,162041.99,10,0.0,154064.78
BASELINE,2019-03-25,162072.97,8,0.0,120884.3
BASELINE,2019-03-26,163379.11,8,0.0,122190.43
BASELINE,2019-03-27,162040.55,10,0.0,153505.56
BASELINE,2019-03-28,161768.63,10,0.0,153233.64
BASELINE,2019-03-29,162623.3,10,0.0,154088.3
BASELINE,2019-04-01,165474.26,10,0.0,156939.26
BASELINE,2019-04-02,160453.34,10,0.0,151918.34
BASELINE,2019-04-03,161319.32,10,0.0,152784.32
BASELINE,2019-04-04,163080.77,10,0.0,154545.78
BASELINE,2019-04-05,163199.45,10,0.0,154664.45
BASELINE,2019-04-08,163834.41,10,0.0,154312.55
BASELINE,2019-04-09,163123.89,10,0.0,153602.02
BASELINE,2019-04-10,163917.05,10,0.0,154395.19
BASELINE,2019-04-11,164168.93,10,0.0,154647.07
BASELINE,2019-04-12,165529.84,10,0.0,156007.98
BASELINE,2019-04-15,165627.0,10,0.0,156105.13
BASELINE,2019-04-16,169804.4,10,0.0,159486.3
BASELINE,2019-04-17,171901.68,10,0.0,164445.57
BASELINE,2019-04-18,172192.63,10,0.0,164736.52
BASELINE,2019-04-22,172302.6,10,0.0,164846.49
BASELINE,2019-04-23,174257.36,10,0.0,167078.78
BASELINE,2019-04-24,173576.26,10,0.0,166517.51
BASELINE,2019-04-25,173846.65,10,0.0,166787.89
BASELINE,2019-04-26,174998.98,10,0.0,167940.23
BASELINE,2019-04-29,175863.33,10,0.0,169468.27
BASELINE,2019-04-30,176404.76,10,0.0,170009.7
BASELINE,2019-05-01,177095.16,10,0.0,170700.11
BASELINE,2019-05-02,176961.88,9,0.0,153871.59
BASELINE,2019-05-03,177994.01,10,0.0,171685.77
BASELINE,2019-05-06,178051.86,10,0.0,175973.83
BASELINE,2019-05-07,174196.15,10,0.0,172118.11
BASELINE,2019-05-08,172975.55,9,0.0,152488.53
BASELINE,2019-05-09,171117.11,9,0.0,144485.5
BASELINE,2019-05-10,171793.2,10,0.0,162240.8
BASELINE,2019-05-13,166218.26,10,0.0,156665.86
BASELINE,2019-05-14,169617.59,10,0.0,160065.19
BASELINE,2019-05-15,173038.85,10,0.0,163486.45
BASELINE,2019-05-16,173742.07,10,0.0,164189.67
BASELINE,2019-05-17,173131.9,10,0.0,163579.51
BASELINE,2019-05-20,169966.43,10,0.0,159824.06
BASELINE,2019-05-21,171919.83,10,0.0,161777.47
BASELINE,2019-05-22,169799.44,10,0.0,159657.08
BASELINE,2019-05-23,165825.84,10,0.0,152302.37
BASELINE,2019-05-24,166414.79,10,0.0,152891.31
BASELINE,2019-05-28,168384.9,10,0.0,154861.42
BASELINE,2019-05-29,168130.56,10,0.0,154607.08
BASELINE,2019-05-30,168779.96,10,0.0,155256.49
BASELINE,2019-05-31,165446.18,10,0.0,151922.71
BASELINE,2019-06-03,164927.3,9,0.0,142550.68
BASELINE,2019-06-04,169470.62,9,0.0,147094.0
BASELINE,2019-06-05,170531.82,10,0.0,165176.35
BASELINE,2019-06-06,173781.28,10,0.0,168425.8
BASELINE,2019-06-07,175154.59,10,0.0,169799.11
BASELINE,2019-06-10,177016.72,10,0.0,171661.25
BASELINE,2019-06-11,177701.71,10,0.0,172346.23
BASELINE,2019-06-12,175787.43,10,0.0,170431.95
BASELINE,2019-06-13,177236.83,9,0.0,152191.04
BASELINE,2019-06-14,176725.05,10,0.0,168702.44
BASELINE,2019-06-17,176946.51,10,0.0,168923.9
BASELINE,2019-06-18,180112.98,10,0.0,172090.37
BASELINE,2019-06-19,179596.6,10,0.0,171573.99
BASELINE,2019-06-20,180751.95,10,0.0,173383.79
BASELINE,2019-06-21,181140.72,10,0.0,173772.56
BASELINE,2019-06-24,182264.22,9,0.0,159762.11
BASELINE,2019-06-25,180347.42,9,0.0,157845.31
BASELINE,2019-06-26,181851.6,8,0.0,142623.52
BASELINE,2019-06-27,183699.79,9,0.0,162966.47
BASELINE,2019-06-28,184210.45,10,0.0,181921.4
BASELINE,2019-07-01,185803.92,10,0.0,183514.87
BASELINE,2019-07-02,186025.2,10,0.0,183736.15
BASELINE,2019-07-03,187390.87,10,0.0,183785.34
BASELINE,2019-07-05,187682.04,10,0.0,184076.52
BASELINE,2019-07-08,186670.98,10,0.0,183065.46
BASELINE,2019-07-09,186785.63,9,0.0,164396.65
BASELINE,2019-07-10,187826.78,10,0.0,184211.53
BASELINE,2019-07-11,188410.57,10,0.0,184795.32
BASELINE,2019-07-12,188395.76,10,0.0,184780.52
BASELINE,2019-07-15,189013.99,10,0.0,185398.74
BASELINE,2019-07-16,187892.18,10,0.0,184276.93
BASELINE,2019-07-17,186827.26,10,0.0,183212.01
BASELINE,2019-07-18,185008.45,10,0.0,181393.2
BASELINE,2019-07-19,183197.49,10,0.0,179582.25
BASELINE,2019-07-22,182493.55,10,0.0,177848.03
BASELINE,2019-07-23,183757.53,10,0.0,179112.01
BASELINE,2019-07-24,188184.9,10,0.0,183539.38
BASELINE,2019-07-25,185850.03,10,0.0,181204.51
BASELINE,2019-07-26,187477.4,10,0.0,182831.88
BASELINE,2019-07-29,187848.99,10,0.0,183203.47
BASELINE,2019-07-30,187296.44,10,0.0,182650.92
BASELINE,2019-07-31,183305.61,10,0.0,178660.09
BASELINE,2019-08-01,182043.99,10,0.0,177398.47
BASELINE,2019-08-02,180437.34,10,0.0,175791.82
BASELINE,2019-08-05,175988.5,10,0.0,171342.98
BASELINE,2019-08-06,177772.95,9,0.0,152147.02
BASELINE,2019-08-07,177873.11,10,0.0,169830.94
BASELINE,2019-08-08,182968.84,10,0.0,174926.67
BASELINE,2019-08-09,181374.68,10,0.0,172744.14
BASELINE,2019-08-12,178597.76,10,0.0,169967.21
BASELINE,2019-08-13,180302.06,10,0.0,171671.52
BASELINE,2019-08-14,174041.8,10,0.0,165411.26
BASELINE,2019-08-15,172929.22,9,0.0,146463.25
BASELINE,2019-08-16,176031.85,9,0.0,149565.88
BASELINE,2019-08-19,178056.63,10,0.0,169423.4
BASELINE,2019-08-20,176411.87,10,0.0,167778.65
BASELINE,2019-08-21,177663.06,10,0.0,169029.83
BASELINE,2019-08-22,177789.44,10,0.0,169156.22
BASELINE,2019-08-23,171876.79,10,0.0,163243.56
BASELINE,2019-08-26,174146.3,10,0.0,165513.08
BASELINE,2019-08-27,174459.67,10,0.0,165826.44
BASELINE,2019-08-28,175701.35,10,0.0,167068.12
BASELINE,2019-08-29,178062.08,10,0.0,169428.85
BASELINE,2019-08-30,178131.46,10,0.0,169498.23
BASELINE,2019-09-03,176732.98,10,0.0,168099.75
BASELINE,2019-09-04,179093.07,10,0.0,170459.84
BASELINE,2019-09-05,181822.7,10,0.0,173189.47
BASELINE,2019-09-06,180825.18,10,0.0,172191.95
BASELINE,2019-09-09,182318.92,10,0.0,173685.7
BASELINE,2019-09-10,183379.95,10,0.0,174746.72
BASELINE,2019-09-11,183133.62,10,0.0,176446.08
BASELINE,2019-09-12,184224.86,10,0.0,177537.32
BASELINE,2019-09-13,185203.85,10,0.0,178516.31
BASELINE,2019-09-16,184282.24,9,0.0,159178.39
BASELINE,2019-09-17,184133.31,8,0.0,138047.33
BASELINE,2019-09-18,182833.61,10,0.0,173439.58
BASELINE,2019-09-19,183311.64,10,0.0,173917.61
BASELINE,2019-09-20,182890.08,9,0.0,155270.84
BASELINE,2019-09-23,182791.13,10,0.0,173399.93
BASELINE,2019-09-24,180219.38,9,0.0,154502.14
BASELINE,2019-09-25,180342.72,9,0.0,154625.48
BASELINE,2019-09-26,179715.32,10,0.0,172081.06
BASELINE,2019-09-27,177556.28,10,0.0,169922.02
BASELINE,2019-09-30,179076.35,10,0.0,171442.09
BASELINE,2019-10-01,178805.27,10,0.0,171171.0
BASELINE,2019-10-02,177068.76,10,0.0,169434.5
BASELINE,2019-10-03,178566.0,10,0.0,170931.74
BASELINE,2019-10-04,180508.16,10,0.0,172873.9
BASELINE,2019-10-07,179661.77,10,0.0,172027.51
BASELINE,2019-10-08,177805.28,10,0.0,170171.02
BASELINE,2019-10-09,178848.67,10,0.0,171214.41
BASELINE,2019-10-10,180075.05,10,0.0,172440.79
BASELINE,2019-10-11,181502.43,10,0.0,173868.17
BASELINE,2019-10-14,182592.29,10,0.0,174958.03
BASELINE,2019-10-15,183594.79,10,0.0,175960.53
BASELINE,2019-10-16,182849.46,10,0.0,175215.2
BASELINE,2019-10-17,184143.64,10,0.0,176509.38
BASELINE,2019-10-18,181687.85,10,0.0,174053.59
BASELINE,2019-10-21,182884.46,10,0.0,180969.35
BASELINE,2019-10-22,180893.91,10,0.0,178978.8
BASELINE,2019-10-23,182537.74,10,0.0,180622.63
BASELINE,2019-10-24,183774.45,10,0.0,181859.35
BASELINE,2019-10-25,183891.37,10,0.0,181976.27
BASELINE,2019-10-28,184811.86,10,0.0,183850.24
BASELINE,2019-10-29,184392.49,10,0.0,183430.87
BASELINE,2019-10-30,186113.47,9,0.0,165629.25
BASELINE,2019-10-31,186054.12,10,0.0,184182.63
BASELINE,2019-11-01,187594.67,8,0.0,146378.71
BASELINE,2019-11-04,187795.04,10,0.0,184527.05
BASELINE,2019-11-05,187866.74,10,0.0,184598.75
BASELINE,2019-11-06,188240.75,10,0.0,184972.75
BASELINE,2019-11-07,187244.12,9,0.0,164468.4
BASELINE,2019-11-08,187803.57,10,0.0,183678.74
BASELINE,2019-11-11,187302.59,10,0.0,183177.77
BASELINE,2019-11-12,187140.54,10,0.0,183015.72
BASELINE,2019-11-13,187312.73,10,0.0,183187.91
BASELINE,2019-11-14,187790.46,10,0.0,183665.64
BASELINE,2019-11-15,189179.82,10,0.0,185055.0
BASELINE,2019-11-18,189624.5,10,0.0,185499.68
BASELINE,2019-11-19,188450.67,10,0.0,185568.69
BASELINE,2019-11-20,188391.09,10,0.0,185509.11
BASELINE,2019-11-21,188582.75,10,0.0,183620.13
BASELINE,2019-11-22,188163.85,10,0.0,183201.22
BASELINE,2019-11-25,189962.01,10,0.0,184999.38
BASELINE,2019-11-26,190253.81,10,0.0,185291.18
BASELINE,2019-11-27,190835.71,10,0.0,185873.08
BASELINE,2019-11-29,190218.88,10,0.0,185256.25
BASELINE,2019-12-02,189612.01,10,0.0,184649.38
BASELINE,2019-12-03,188721.87,10,0.0,183759.25
BASELINE,2019-12-04,189109.86,10,0.0,184147.24
BASELINE,2019-12-05,189396.91,10,0.0,185395.4
BASELINE,2019-12-06,191707.72,10,0.0,188491.24
BASELINE,2019-12-09,191419.86,10,0.0,188692.96
BASELINE,2019-12-10,192564.84,10,0.0,189837.94
BASELINE,2019-12-11,193988.4,10,0.0,191261.5
BASELINE,2019-12-12,198176.66,10,0.0,195449.76
BASELINE,2019-12-13,197038.66,10,0.0,194311.76
BASELINE,2019-12-16,198766.74,9,0.0,175814.73
BASELINE,2019-12-17,199677.47,10,0.0,196615.93
BASELINE,2019-12-18,199705.14,10,0.0,196891.9
BASELINE,2019-12-19,200858.99,10,0.0,198045.75
BASELINE,2019-12-20,201550.73,10,0.0,198737.49
BASELINE,2019-12-23,201401.7,10,0.0,198588.46
BASELINE,2019-12-24,201784.87,10,0.0,198971.63
BASELINE,2019-12-26,202131.52,10,0.0,199987.19
BASELINE,2019-12-27,201387.33,10,0.0,198016.77
BASELINE,2019-12-30,200284.06,9,0.0,175118.17
BASELINE,2019-12-31,200547.48,9,0.0,175381.59
BASELINE,2020-01-02,200479.0,10,0.0,194644.28
BASELINE,2020-01-03,197879.2,10,0.0,192044.47
BASELINE,2020-01-06,198473.43,10,0.0,192638.7
BASELINE,2020-01-07,197356.17,10,0.0,191521.44
BASELINE,2020-01-08,197892.1,10,0.0,192057.37
BASELINE,2020-01-09,197630.06,10,0.0,191795.33
BASELINE,2020-01-10,196729.55,10,0.0,190894.82
BASELINE,2020-01-13,197775.51,10,0.0,191940.78
BASELINE,2020-01-14,198385.46,10,0.0,192550.74
BASELINE,2020-01-15,197584.98,10,0.0,191750.26
BASELINE,2020-01-16,198593.99,10,0.0,192759.26
BASELINE,2020-01-17,198999.3,10,0.0,193164.57
BASELINE,2020-01-21,198300.94,10,0.0,192466.21
BASELINE,2020-01-22,198498.31,10,0.0,192663.58
BASELINE,2020-01-23,197626.16,10,0.0,191353.09
BASELINE,2020-01-24,195238.42,10,0.0,188965.35
BASELINE,2020-01-27,193556.13,10,0.0,187283.06
BASELINE,2020-01-28,194955.44,10,0.0,188682.38
BASELINE,2020-01-29,193570.17,10,0.0,187297.1
BASELINE,2020-01-30,194416.94,10,0.0,188143.88
BASELINE,2020-01-31,191472.09,10,0.0,185199.02
BASELINE,2020-02-03,190306.09,10,0.0,184033.03
BASELINE,2020-02-04,192244.53,10,0.0,185971.46
BASELINE,2020-02-05,196747.06,10,0.0,190474.0
BASELINE,2020-02-06,197630.23,10,0.0,191357.16
BASELINE,2020-02-07,197691.61,10,0.0,191418.54
BASELINE,2020-02-10,199016.43,10,0.0,193768.18
BASELINE,2020-02-11,201206.83,10,0.0,195958.57
BASELINE,2020-02-12,202081.03,10,0.0,196832.77
BASELINE,2020-02-13,202291.87,10,0.0,197043.61
BASELINE,2020-02-14,201960.94,10,0.0,196712.68
BASELINE,2020-02-18,201971.39,9,0.0,180548.97
BASELINE,2020-02-19,202040.67,9,0.0,179440.05
BASELINE,2020-02-20,202201.54,10,0.0,201384.7
BASELINE,2020-02-21,199101.45,10,0.0,198284.61
BASELINE,2020-02-24,189915.0,9,0.0,169900.49
BASELINE,2020-02-25,183166.44,9,0.0,163151.93
BASELINE,2020-02-26,180167.62,9,0.0,160153.11
BASELINE,2020-02-27,173877.86,9,0.0,153863.35
BASELINE,2020-02-28,172833.21,9,0.0,152818.7
BASELINE,2020-03-02,180040.87,9,0.0,160026.36
BASELINE,2020-03-03,174715.84,10,0.0,172701.13
BASELINE,2020-03-04,180573.79,10,0.0,178559.08
BASELINE,2020-03-05,174170.14,10,0.0,172155.43
BASELINE,2020-03-06,169349.01,10,0.0,167334.3
BASELINE,2020-03-09,149875.5,10,0.0,147860.79
BASELINE,2020-03-10,156767.65,10,0.0,154752.94
BASELINE,2020-03-11,148114.44,10,0.0,146099.73
BASELINE,2020-03-12,134019.85,10,0.0,132005.13
BASELINE,2020-03-13,148175.55,10,0.0,146160.84
BASELINE,2020-03-16,131714.61,10,0.0,129699.9
BASELINE,2020-03-17,141681.79,10,0.0,139667.08
BASELINE,2020-03-18,135491.1,10,0.0,133476.39
BASELINE,2020-03-19,135659.31,10,0.0,133644.6
BASELINE,2020-03-20,128272.98,10,0.0,126258.27
BASELINE,2020-03-23,124089.35,10,0.0,122074.64
BASELINE,2020-03-24,131168.23,10,0.0,129153.52
BASELINE,2020-03-25,131930.28,10,0.0,129915.57
BASELINE,2020-03-26,141170.54,10,0.0,139155.83
BASELINE,2020-03-27,136374.03,10,0.0,134359.32
BASELINE,2020-03-30,138920.3,10,0.0,136905.59
BASELINE,2020-03-31,136802.56,10,0.0,134787.85
BASELINE,2020-04-01,130788.97,10,0.0,128774.26
BASELINE,2020-04-02,133000.27,9,0.0,113803.67
BASELINE,2020-04-03,131245.29,10,0.0,125366.16
BASELINE,2020-04-06,138744.63,10,0.0,132865.5
BASELINE,2020-04-07,139361.36,10,0.0,133482.22
BASELINE,2020-04-08,144464.69,9,0.0,120457.95
BASELINE,2020-04-09,146949.78,10,0.0,137642.48
BASELINE,2020-04-13,144104.15,10,0.0,134796.85
BASELINE,2020-04-14,146218.21,7,0.0,93743.56
BASELINE,2020-04-15,143164.05,8,0.0,107613.97
BASELINE,2020-04-16,140656.91,7,0.0,92497.05
BASELINE,2020-04-17,143987.31,8,0.0,110195.24
BASELINE,2020-04-20,141163.6,8,0.0,107371.54
BASELINE,2020-04-21,138541.12,8,0.0,104749.05
BASELINE,2020-04-22,139458.05,6,0.0,72947.18
BASELINE,2020-04-23,140257.95,10,0.0,129739.12
BASELINE,2020-04-24,141881.62,10,0.0,131362.79
BASELINE,2020-04-27,146611.97,10,0.0,136093.15
BASELINE,2020-04-28,151233.39,10,0.0,140714.56
BASELINE,2020-04-29,163771.23,9,0.0,140187.39
BASELINE,2020-04-30,158548.42,10,0.0,151095.71
BASELINE,2020-05-01,149643.41,9,0.0,124203.35
BASELINE,2020-05-04,148947.53,6,0.0,77729.58
BASELINE,2020-05-05,148567.19,6,0.0,77349.24
BASELINE,2020-05-06,147384.62,5,0.0,62149.89
BASELINE,2020-05-07,152568.04,5,0.0,67333.31
BASELINE,2020-05-08,156325.72,6,0.0,86443.65
BASELINE,2020-05-11,155062.37,10,0.0,147314.66
BASELINE,2020-05-12,150880.68,10,0.0,143132.97
BASELINE,2020-05-13,144887.96,10,0.0,137140.25
BASELINE,2020-05-14,149555.71,10,0.0,141808.0
BASELINE,2020-05-15,148562.14,10,0.0,140814.43
BASELINE,2020-05-18,157840.43,10,0.0,150092.72
BASELINE,2020-05-19,156769.75,10,0.0,149022.04
BASELINE,2020-05-20,161357.1,10,0.0,153609.39
BASELINE,2020-05-21,159293.92,10,0.0,151546.21
BASELINE,2020-05-22,158143.82,10,0.0,150225.62
BASELINE,2020-05-26,164702.86,10,0.0,156784.66
BASELINE,2020-05-27,173213.84,10,0.0,161943.97
BASELINE,2020-05-28,164109.05,10,0.0,152839.17
BASELINE,2020-05-29,161330.79,10,0.0,153674.27
BASELINE,2020-06-01,160956.43,9,0.0,134018.85
BASELINE,2020-06-02,161723.1,10,0.0,150787.14
BASELINE,2020-06-03,169575.59,10,0.0,158639.63
BASELINE,2020-06-04,172053.48,10,0.0,161117.52
BASELINE,2020-06-05,180460.87,10,0.0,169524.91
BASELINE,2020-06-08,190182.86,10,0.0,179246.9
BASELINE,2020-06-09,184604.39,10,0.0,173668.43
BASELINE,2020-06-10,177598.33,10,0.0,169301.4
BASELINE,2020-06-11,163983.16,7,0.0,113871.87
BASELINE,2020-06-12,166363.03,5,0.0,81196.25
BASELINE,2020-06-15,167385.48,5,0.0,82218.7
BASELINE,2020-06-16,168094.88,5,0.0,82928.09
BASELINE,2020-06-17,168585.33,5,0.0,83418.55
BASELINE,2020-06-18,169028.8,5,0.0,83862.02
BASELINE,2020-06-19,167155.55,10,0.0,166771.64
BASELINE,2020-06-22,168498.22,10,0.0,168114.32
BASELINE,2020-06-23,166893.41,10,0.0,166509.51
BASELINE,2020-06-24,161526.42,9,0.0,143352.95
BASELINE,2020-06-25,163166.57,8,0.0,125697.28
BASELINE,2020-06-26,158487.59,10,0.0,153491.18
BASELINE,2020-06-29,161029.07,10,0.0,156032.67
BASELINE,2020-06-30,164536.05,10,0.0,159539.64
BASELINE,2020-07-01,163786.87,10,0.0,158790.46
BASELINE,2020-07-02,165150.05,10,0.0,160153.64
BASELINE,2020-07-06,167405.36,10,0.0,162408.95
BASELINE,2020-07-07,163538.73,10,0.0,158542.32
BASELINE,2020-07-08,164576.24,10,0.0,159579.83
BASELINE,2020-07-09,162912.24,10,0.0,157915.83
BASELINE,2020-07-10,165005.58,10,0.0,160009.18
BASELINE,2020-07-13,162995.78,10,0.0,157999.37
BASELINE,2020-07-14,165504.46,8,0.0,125897.07
BASELINE,2020-07-15,169091.07,10,0.0,164823.77
BASELINE,2020-07-16,169734.31,10,0.0,165467.01
BASELINE,2020-07-17,169315.99,10,0.0,165048.69
BASELINE,2020-07-20,170717.23,10,0.0,165957.03
BASELINE,2020-07-21,174303.46,10,0.0,169543.26
BASELINE,2020-07-22,175792.93,10,0.0,171032.73
BASELINE,2020-07-23,173514.08,10,0.0,168753.88
BASELINE,2020-07-24,175693.63,9,0.0,153344.37
BASELINE,2020-07-27,176215.05,9,0.0,153865.78
BASELINE,2020-07-28,173553.0,10,0.0,168735.92
BASELINE,2020-07-29,179361.63,10,0.0,174544.55
BASELINE,2020-07-30,175903.72,10,0.0,171086.64
BASELINE,2020-07-31,174895.28,10,0.0,170078.2
BASELINE,2020-08-03,175815.15,10,0.0,170998.07
BASELINE,2020-08-04,180936.01,10,0.0,176118.93
BASELINE,2020-08-05,183494.24,10,0.0,178677.16
BASELINE,2020-08-06,182700.05,10,0.0,177882.97
BASELINE,2020-08-07,182954.81,10,0.0,178137.73
BASELINE,2020-08-10,184749.41,10,0.0,179932.33
BASELINE,2020-08-11,183688.34,10,0.0,178871.26
BASELINE,2020-08-12,186808.13,10,0.0,181991.05
BASELINE,2020-08-13,184982.06,10,0.0,180164.98
BASELINE,2020-08-14,185567.62,10,0.0,180750.54
BASELINE,2020-08-17,185618.83,10,0.0,180801.75
BASELINE,2020-08-18,185375.16,10,0.0,172565.37
BASELINE,2020-08-19,183466.9,10,0.0,170657.11
BASELINE,2020-08-20,182434.9,10,0.0,169625.11
BASELINE,2020-08-21,181504.97,10,0.0,168695.17
BASELINE,2020-08-24,184226.59,10,0.0,171416.8
BASELINE,2020-08-25,184776.73,10,0.0,171966.93
BASELINE,2020-08-26,183716.11,10,0.0,170906.31
BASELINE,2020-08-27,184458.4,10,0.0,171648.61
BASELINE,2020-08-28,186780.1,10,0.0,173970.3
BASELINE,2020-08-31,185455.18,10,0.0,172645.38
BASELINE,2020-09-01,186451.51,10,0.0,173622.09
BASELINE,2020-09-02,187164.75,10,0.0,174335.33
BASELINE,2020-09-03,183292.08,10,0.0,170462.66
BASELINE,2020-09-04,183035.07,9,0.0,147187.67
BASELINE,2020-09-08,176976.24,10,0.0,159174.4
BASELINE,2020-09-09,177956.0,10,0.0,160154.15
BASELINE,2020-09-10,173893.63,10,0.0,156091.79
BASELINE,2020-09-11,174764.36,10,0.0,156962.52
BASELINE,2020-09-14,177640.6,10,0.0,159838.75
BASELINE,2020-09-15,177191.69,10,0.0,159389.85
BASELINE,2020-09-16,180303.6,10,0.0,162501.76
BASELINE,2020-09-17,179470.36,10,0.0,161668.51
BASELINE,2020-09-18,179048.28,10,0.0,161246.44
BASELINE,2020-09-21,173392.49,10,0.0,154265.92
BASELINE,2020-09-22,173311.2,10,0.0,154184.63
BASELINE,2020-09-23,170291.23,10,0.0,151164.66
BASELINE,2020-09-24,169461.6,10,0.0,150335.02
BASELINE,2020-09-25,169767.1,10,0.0,148379.92
BASELINE,2020-09-28,173953.71,10,0.0,152566.53
BASELINE,2020-09-29,170879.9,10,0.0,149492.72
BASELINE,2020-09-30,171227.71,10,0.0,149840.53
BASELINE,2020-10-01,168628.7,10,0.0,147241.51
BASELINE,2020-10-02,169203.22,10,0.0,147816.04
BASELINE,2020-10-05,173233.58,10,0.0,151846.4
BASELINE,2020-10-06,170590.08,10,0.0,149202.9
BASELINE,2020-10-07,172830.1,10,0.0,151442.92
BASELINE,2020-10-08,176583.14,10,0.0,155195.96
BASELINE,2020-10-09,176241.25,10,0.0,154854.06
BASELINE,2020-10-12,177968.13,10,0.0,156580.94
BASELINE,2020-10-13,176375.84,10,0.0,154988.66
BASELINE,2020-10-14,175292.72,10,0.0,153905.54
BASELINE,2020-10-15,176544.85,10,0.0,155157.66
BASELINE,2020-10-16,173764.6,10,0.0,152377.42
BASELINE,2020-10-19,171103.76,10,0.0,148070.33
BASELINE,2020-10-20,173204.74,10,0.0,150171.31
BASELINE,2020-10-21,171627.76,10,0.0,148594.33
BASELINE,2020-10-22,176217.4,10,0.0,153183.97
BASELINE,2020-10-23,176510.23,10,0.0,153476.8
BASELINE,2020-10-26,172347.35,10,0.0,149313.92
BASELINE,2020-10-27,170272.34,10,0.0,147238.91
BASELINE,2020-10-28,164742.16,10,0.0,141708.73
BASELINE,2020-10-29,166776.03,10,0.0,143742.61
BASELINE,2020-10-30,168423.46,10,0.0,145390.03
BASELINE,2020-11-02,173173.27,10,0.0,150139.84
BASELINE,2020-11-03,175006.53,10,0.0,151973.1
BASELINE,2020-11-04,176811.46,10,0.0,153778.03
BASELINE,2020-11-05,178349.83,10,0.0,155316.4
BASELINE,2020-11-06,175938.1,10,0.0,152904.67
BASELINE,2020-11-09,188534.4,10,0.0,162547.6
BASELINE,2020-11-10,190366.68,10,0.0,164379.88
BASELINE,2020-11-11,189974.0,10,0.0,168737.98
BASELINE,2020-11-12,187183.99,10,0.0,165947.97
BASELINE,2020-11-13,190437.83,9,0.0,150663.95
BASELINE,2020-11-16,194916.2,10,0.0,174515.97
BASELINE,2020-11-17,196348.67,9,0.0,156626.11
BASELINE,2020-11-18,194491.24,10,0.0,174487.52
BASELINE,2020-11-19,197648.96,9,0.0,157575.76
BASELINE,2020-11-20,196331.03,10,0.0,175985.89
BASELINE,2020-11-23,203619.75,10,0.0,183274.62
BASELINE,2020-11-24,208025.63,10,0.0,187680.49
BASELINE,2020-11-25,207952.26,10,0.0,187607.12
BASELINE,2020-11-27,208474.43,10,0.0,194619.76
BASELINE,2020-11-30,207199.8,10,0.0,191749.54
BASELINE,2020-12-01,209206.24,10,0.0,193755.98
BASELINE,2020-12-02,209005.85,10,0.0,194283.21
BASELINE,2020-12-03,207356.37,10,0.0,192633.74
BASELINE,2020-12-04,209455.05,10,0.0,194732.42
BASELINE,2020-12-07,210073.87,10,0.0,195351.24
BASELINE,2020-12-08,212172.56,10,0.0,197449.93
BASELINE,2020-12-09,209825.0,9,0.0,173412.85
BASELINE,2020-12-10,210625.64,9,0.0,174213.49
BASELINE,2020-12-11,210985.45,9,0.0,174573.29
BASELINE,2020-12-14,210578.4,10,0.0,195345.65
BASELINE,2020-12-15,213769.16,10,0.0,198536.42
BASELINE,2020-12-16,215982.63,10,0.0,200749.89
BASELINE,2020-12-17,216405.64,10,0.0,201172.9
BASELINE,2020-12-18,216353.91,10,0.0,201121.17
BASELINE,2020-12-21,214663.65,10,0.0,199430.91
BASELINE,2020-12-22,215047.49,10,0.0,199814.75
BASELINE,2020-12-23,214916.19,10,0.0,199683.45
BASELINE,2020-12-24,214835.12,10,0.0,199602.38
BASELINE,2020-12-28,215696.52,10,0.0,200463.78
BASELINE,2020-12-29,215716.67,10,0.0,200483.93
BASELINE,2020-12-30,216093.28,10,0.0,200860.54
BASELINE,2020-12-31,216906.88,10,0.0,201674.13
BASELINE,2021-01-04,213482.93,10,0.0,198250.18
BASELINE,2021-01-05,215906.33,10,0.0,202938.45
BASELINE,2021-01-06,216172.5,10,0.0,203204.62
BASELINE,2021-01-07,217113.28,10,0.0,204145.4
BASELINE,2021-01-08,219095.6,10,0.0,206127.72
BASELINE,2021-01-11,217954.43,10,0.0,204986.55
BASELINE,2021-01-12,220458.88,10,0.0,207512.55
BASELINE,2021-01-13,219896.03,10,0.0,206949.7
BASELINE,2021-01-14,219588.73,10,0.0,215521.45
BASELINE,2021-01-15,217613.92,10,0.0,213546.64
BASELINE,2021-01-19,218303.09,10,0.0,214235.81
BASELINE,2021-01-20,222316.32,10,0.0,218249.03
BASELINE,2021-01-21,222501.55,10,0.0,218434.26
BASELINE,2021-01-22,222644.74,10,0.0,218577.46
BASELINE,2021-01-25,223353.66,10,0.0,219286.37
BASELINE,2021-01-26,224334.49,10,0.0,220267.21
BASELINE,2021-01-27,222349.32,10,0.0,218282.04
BASELINE,2021-01-28,219884.66,10,0.0,215101.52
BASELINE,2021-01-29,214795.64,10,0.0,209086.25
BASELINE,2021-02-01,216829.96,8,0.0,168286.23
BASELINE,2021-02-02,219264.68,9,0.0,192597.81
BASELINE,2021-02-03,220522.64,10,0.0,215805.41
BASELINE,2021-02-04,223651.53,10,0.0,218934.31
BASELINE,2021-02-05,225064.62,10,0.0,220347.39
BASELINE,2021-02-08,229846.21,10,0.0,225128.98
BASELINE,2021-02-09,229061.04,10,0.0,224343.81
BASELINE,2021-02-10,228671.45,7,0.0,155968.59
BASELINE,2021-02-11,226121.6,8,0.0,176265.76
BASELINE,2021-02-12,229090.11,9,0.0,201858.43
BASELINE,2021-02-16,231281.72,10,0.0,227005.36
BASELINE,2021-02-17,231593.22,10,0.0,227316.85
BASELINE,2021-02-18,228729.84,10,0.0,222120.18
BASELINE,2021-02-19,230821.37,10,0.0,224211.72
BASELINE,2021-02-22,231861.74,10,0.0,225252.09
BASELINE,2021-02-23,231129.45,10,0.0,225660.37
BASELINE,2021-02-24,234916.74,10,0.0,229447.65
BASELINE,2021-02-25,230350.07,10,0.0,224880.99
BASELINE,2021-02-26,228935.3,7,0.0,153613.28
BASELINE,2021-03-01,232374.48,7,0.0,157052.46
BASELINE,2021-03-02,230161.89,10,0.0,224500.86
BASELINE,2021-03-03,226111.46,10,0.0,220450.44
BASELINE,2021-03-04,223066.22,10,0.0,217405.19
BASELINE,2021-03-05,228372.46,10,0.0,221082.82
BASELINE,2021-03-08,226967.27,10,0.0,219677.62
BASELINE,2021-03-09,228692.77,10,0.0,221403.12
BASELINE,2021-03-10,231446.02,10,0.0,224156.38
BASELINE,2021-03-11,233585.8,10,0.0,226296.15
BASELINE,2021-03-12,234260.79,10,0.0,226971.15
BASELINE,2021-03-15,235879.11,10,0.0,228589.46
BASELINE,2021-03-16,234125.34,10,0.0,226835.69
BASELINE,2021-03-17,235854.42,10,0.0,228564.77
BASELINE,2021-03-18,229737.84,10,0.0,222448.2
BASELINE,2021-03-19,230410.01,10,0.0,223120.36
BASELINE,2021-03-22,231962.36,10,0.0,224672.71
BASELINE,2021-03-23,230690.5,10,0.0,223400.85
BASELINE,2021-03-24,230165.53,10,0.0,222875.89
BASELINE,2021-03-25,230169.4,10,0.0,222879.75
BASELINE,2021-03-26,234174.0,10,0.0,226884.36
BASELINE,2021-03-29,233300.04,10,0.0,226010.39
BASELINE,2021-03-30,232604.91,10,0.0,226557.1
BASELINE,2021-03-31,233540.75,10,0.0,231060.35
BASELINE,2021-04-01,237152.44,10,0.0,234672.04
BASELINE,2021-04-05,236682.46,10,0.0,234202.05
BASELINE,2021-04-06,237771.48,10,0.0,233574.95
BASELINE,2021-04-07,239405.5,10,0.0,238747.85
BASELINE,2021-04-08,239866.97,10,0.0,239209.32
BASELINE,2021-04-09,240294.6,10,0.0,239636.94
BASELINE,2021-04-12,240144.95,10,0.0,239487.3
BASELINE,2021-04-13,238994.36,10,-0.0,238994.36
BASELINE,2021-04-14,240371.11,10,-0.0,240371.11
BASELINE,2021-04-15,240652.44,10,0.0,239619.79
BASELINE,2021-04-16,241031.37,10,0.0,239998.71
BASELINE,2021-04-19,240516.5,10,0.0,239483.84
BASELINE,2021-04-20,235945.65,10,-0.0,235945.65
BASELINE,2021-04-21,238191.2,10,0.0,236529.21
BASELINE,2021-04-22,238180.62,10,0.0,236518.63
BASELINE,2021-04-23,241122.05,10,0.0,239460.06
BASELINE,2021-04-26,242027.87,10,0.0,240365.88
BASELINE,2021-04-27,243198.65,10,0.0,241724.4
BASELINE,2021-04-28,245973.22,10,0.0,244498.97
BASELINE,2021-04-29,244242.32,10,0.0,242768.07
BASELINE,2021-04-30,242694.72,10,0.0,241220.47
BASELINE,2021-05-03,245767.55,10,0.0,242803.99
BASELINE,2021-05-04,244502.24,10,0.0,241538.68
BASELINE,2021-05-05,247617.77,9,0.0,220678.27
BASELINE,2021-05-06,249060.26,9,0.0,223142.8
BASELINE,2021-05-07,252517.9,10,0.0,251393.36
BASELINE,2021-05-10,251265.76,10,0.0,250743.78
BASELINE,2021-05-11,249168.85,10,0.0,248978.15
BASELINE,2021-05-12,245963.89,7,0.0,167726.41
BASELINE,2021-05-13,247801.33,7,0.0,169563.85
BASELINE,2021-05-14,251672.04,7,0.0,170556.79
BASELINE,2021-05-17,254818.92,8,0.0,198865.56
BASELINE,2021-05-18,254886.5,8,0.0,198933.13
BASELINE,2021-05-19,253963.11,10,0.0,248310.55
BASELINE,2021-05-20,256242.06,10,0.0,250589.5
BASELINE,2021-05-21,257784.57,10,0.0,252132.01
BASELINE,2021-05-24,259998.32,10,0.0,254345.76
BASELINE,2021-05-25,260876.56,10,0.0,255224.0
BASELINE,2021-05-26,265902.29,10,0.0,261021.82
BASELINE,2021-05-27,269150.38,10,0.0,264269.91
BASELINE,2021-05-28,268173.59,10,0.0,263293.11
BASELINE,2021-06-01,270949.32,10,0.0,266068.84
BASELINE,2021-06-02,275112.65,10,0.0,270232.17
BASELINE,2021-06-03,274160.78,10,0.0,269280.3
BASELINE,2021-06-04,276499.95,7,0.0,187500.61
BASELINE,2021-06-07,276089.56,9,0.0,242455.85
BASELINE,2021-06-08,275119.52,9,0.0,243602.25
BASELINE,2021-06-09,275415.9,10,0.0,271438.8
BASELINE,2021-06-10,277112.92,10,0.0,273135.81
BASELINE,2021-06-11,277699.08,10,0.0,273721.98
BASELINE,2021-06-14,275491.52,9,0.0,242982.36
BASELINE,2021-06-15,273671.6,8,0.0,213705.39
BASELINE,2021-06-16,271768.67,10,0.0,266616.31
BASELINE,2021-06-17,273013.98,10,0.0,267861.63
BASELINE,2021-06-18,270299.46,10,0.0,265147.11
BASELINE,2021-06-21,271840.63,10,0.0,266688.28
BASELINE,2021-06-22,273556.53,10,0.0,268404.18
BASELINE,2021-06-23,274182.13,10,0.0,269029.78
BASELINE,2021-06-24,276407.52,10,0.0,270832.7
BASELINE,2021-06-25,278368.38,10,0.0,271429.15
BASELINE,2021-06-28,278722.59,10,0.0,271783.36
BASELINE,2021-06-29,277668.48,10,0.0,270729.26
BASELINE,2021-06-30,282194.78,10,0.0,275255.56
BASELINE,2021-07-01,281163.63,10,0.0,274224.4
BASELINE,2021-07-02,280814.2,10,0.0,273874.98
BASELINE,2021-07-06,278148.86,10,0.0,271209.63
BASELINE,2021-07-07,274618.17,10,0.0,267678.94
BASELINE,2021-07-08,272166.54,9,0.0,233443.2
BASELINE,2021-07-09,276030.21,10,0.0,264652.1
BASELINE,2021-07-12,276002.76,10,0.0,264624.65
BASELINE,2021-07-13,272579.93,10,0.0,261201.82
BASELINE,2021-07-14,272420.45,10,0.0,261042.34
BASELINE,2021-07-15,271480.06,10,0.0,260101.95
BASELINE,2021-07-16,269152.78,10,0.0,257774.68
BASELINE,2021-07-19,264858.58,10,0.0,253480.47
BASELINE,2021-07-20,268921.31,10,0.0,257543.2
BASELINE,2021-07-21,271488.94,10,0.0,260110.83
BASELINE,2021-07-22,270178.99,10,0.0,258800.88
BASELINE,2021-07-23,271255.84,10,0.0,259877.73
BASELINE,2021-07-26,273107.08,10,0.0,261728.98
BASELINE,2021-07-27,271436.58,10,0.0,260058.47
BASELINE,2021-07-28,273088.0,10,0.0,261709.9
BASELINE,2021-07-29,274386.08,10,0.0,263007.98
BASELINE,2021-07-30,271885.47,10,0.0,260507.36
BASELINE,2021-08-02,271543.36,10,0.0,260165.25
BASELINE,2021-08-03,272883.14,10,0.0,261505.04
BASELINE,2021-08-04,271931.52,10,0.0,260553.41
BASELINE,2021-08-05,276650.57,10,0.0,265272.47
BASELINE,2021-08-06,276428.66,10,0.0,265880.85
BASELINE,2021-08-09,275318.43,10,0.0,264770.62
BASELINE,2021-08-10,277643.97,10,0.0,267096.16
BASELINE,2021-08-11,279322.9,10,0.0,268775.1
BASELINE,2021-08-12,279082.05,10,0.0,268534.24
BASELINE,2021-08-13,278983.23,10,0.0,267483.38
BASELINE,2021-08-16,278137.7,10,0.0,266637.85
BASELINE,2021-08-17,277249.58,10,0.0,265749.74
BASELINE,2021-08-18,276032.14,10,0.0,264532.3
BASELINE,2021-08-19,276047.23,9,0.0,238041.17
BASELINE,2021-08-20,278299.87,10,0.0,266185.24
BASELINE,2021-08-23,281650.12,10,0.0,269535.49
BASELINE,2021-08-24,282930.36,10,0.0,270815.73
BASELINE,2021-08-25,283083.68,10,0.0,270969.05
BASELINE,2021-08-26,281542.14,10,0.0,269427.51
BASELINE,2021-08-27,284872.5,10,0.0,272757.86
BASELINE,2021-08-30,285641.23,10,0.0,273526.6
BASELINE,2021-08-31,286816.58,10,0.0,274701.95
BASELINE,2021-09-01,286824.22,10,0.0,275611.34
BASELINE,2021-09-02,288552.47,10,0.0,279713.95
BASELINE,2021-09-03,288981.26,10,0.0,280142.74
BASELINE,2021-09-07,288484.31,10,0.0,279645.79
BASELINE,2021-09-08,285522.82,10,0.0,277817.82
BASELINE,2021-09-09,284947.73,10,0.0,274531.59
BASELINE,2021-09-10,282112.2,10,0.0,271696.06
BASELINE,2021-09-13,282035.72,10,0.0,271619.57
BASELINE,2021-09-14,278147.85,10,0.0,264974.28
BASELINE,2021-09-15,279895.88,10,0.0,266722.31
BASELINE,2021-09-16,280039.1,10,0.0,266865.53
BASELINE,2021-09-17,279824.32,10,0.0,266650.75
BASELINE,2021-09-20,277031.92,10,0.0,263858.36
BASELINE,2021-09-21,276697.04,10,0.0,263523.48
BASELINE,2021-09-22,280946.03,10,0.0,267772.47
BASELINE,2021-09-23,286506.81,10,0.0,273333.24
BASELINE,2021-09-24,288483.27,10,0.0,275309.7
BASELINE,2021-09-27,290071.7,10,0.0,276898.13
BASELINE,2021-09-28,286550.5,10,0.0,273376.93
BASELINE,2021-09-29,286076.29,10,0.0,271649.99
BASELINE,2021-09-30,279298.42,10,0.0,262604.22
BASELINE,2021-10-01,283687.22,10,0.0,266993.02
BASELINE,2021-10-04,281344.43,10,0.0,264650.22
BASELINE,2021-10-05,283076.85,10,0.0,266382.64
BASELINE,2021-10-06,283265.95,10,0.0,266571.74
BASELINE,2021-10-07,285125.31,10,0.0,268431.11
BASELINE,2021-10-08,283317.19,10,0.0,266622.99
BASELINE,2021-10-11,280086.18,10,0.0,263391.98
BASELINE,2021-10-12,278957.62,10,0.0,262263.42
BASELINE,2021-10-13,279157.53,10,0.0,262463.33
BASELINE,2021-10-14,280521.81,10,0.0,263827.6
BASELINE,2021-10-15,279488.26,10,0.0,262794.05
BASELINE,2021-10-18,280916.4,10,0.0,264222.19
BASELINE,2021-10-19,282485.06,10,0.0,265790.85
BASELINE,2021-10-20,283376.09,10,0.0,266681.89
BASELINE,2021-10-21,281462.31,10,0.0,264768.1
BASELINE,2021-10-22,278512.86,10,0.0,259234.92
BASELINE,2021-10-25,279398.74,10,0.0,260120.81
BASELINE,2021-10-26,279262.8,10,0.0,259984.86
BASELINE,2021-10-27,272757.4,10,0.0,253479.46
BASELINE,2021-10-28,276170.85,10,0.0,256892.92
BASELINE,2021-10-29,272816.63,10,0.0,253538.69
BASELINE,2021-11-01,277884.26,9,0.0,229007.29
BASELINE,2021-11-02,277187.88,10,0.0,256115.5
BASELINE,2021-11-03,280617.82,10,0.0,259545.44
BASELINE,2021-11-04,278021.05,10,0.0,256948.67
BASELINE,2021-11-05,283984.6,10,0.0,262912.22
BASELINE,2021-11-08,282521.53,10,0.0,261449.15
BASELINE,2021-11-09,281443.47,9,0.0,232882.17
BASELINE,2021-11-10,280448.87,10,0.0,259947.25
BASELINE,2021-11-11,279868.1,10,0.0,259366.48
BASELINE,2021-11-12,280899.81,10,0.0,258639.72
BASELINE,2021-11-15,282567.9,10,0.0,260307.8
BASELINE,2021-11-16,279132.09,10,0.0,256872.0
BASELINE,2021-11-17,277252.71,10,0.0,257565.06
BASELINE,2021-11-18,273264.15,10,0.0,253576.5
BASELINE,2021-11-19,270830.54,10,0.0,251142.89
BASELINE,2021-11-22,270444.0,10,0.0,250756.34
BASELINE,2021-11-23,270150.08,10,0.0,250462.43
BASELINE,2021-11-24,269931.68,10,0.0,250244.03
BASELINE,2021-11-26,266550.16,10,0.0,246862.5
BASELINE,2021-11-29,265786.16,10,0.0,246098.5
BASELINE,2021-11-30,258808.88,10,0.0,239121.23
BASELINE,2021-12-01,254774.68,10,0.0,235087.02
BASELINE,2021-12-02,257706.32,10,0.0,238018.66
BASELINE,2021-12-03,258521.67,10,0.0,238834.02
BASELINE,2021-12-06,262140.95,10,0.0,242453.3
BASELINE,2021-12-07,265797.46,10,0.0,246109.81
BASELINE,2021-12-08,265349.97,10,0.0,245662.32
BASELINE,2021-12-09,263669.32,10,0.0,242391.9
BASELINE,2021-12-10,266853.01,10,0.0,245575.59
BASELINE,2021-12-13,265048.29,10,0.0,243770.88
BASELINE,2021-12-14,264690.76,10,0.0,243413.34
BASELINE,2021-12-15,266392.94,10,0.0,245115.53
BASELINE,2021-12-16,270232.83,10,0.0,248955.41
BASELINE,2021-12-17,267332.62,10,0.0,246055.2
BASELINE,2021-12-20,264598.78,10,0.0,242610.19
BASELINE,2021-12-21,268819.77,10,0.0,246831.18
BASELINE,2021-12-22,270105.34,10,0.0,248116.75
BASELINE,2021-12-23,272059.51,10,0.0,250070.92
BASELINE,2021-12-27,272614.87,10,0.0,250626.27
BASELINE,2021-12-28,271453.61,10,0.0,249465.02
BASELINE,2021-12-29,270002.68,10,0.0,247904.78
BASELINE,2021-12-30,272078.45,10,0.0,251609.8
BASELINE,2021-12-31,269880.2,10,0.0,247940.82
BASELINE,2022-01-03,275049.96,10,0.0,253110.57
BASELINE,2022-01-04,277636.44,10,0.0,258699.33
BASELINE,2022-01-05,274750.64,10,0.0,255813.53
BASELINE,2022-01-06,277379.4,9,0.0,229958.53
BASELINE,2022-01-07,281445.73,9,0.0,234024.86
BASELINE,2022-01-10,279499.93,10,0.0,260185.08
BASELINE,2022-01-11,281944.79,10,0.0,262629.95
BASELINE,2022-01-12,281682.38,10,0.0,262379.98
BASELINE,2022-01-13,280454.23,10,0.0,261151.83
BASELINE,2022-01-14,286790.88,10,0.0,267488.47
BASELINE,2022-01-18,281863.93,10,0.0,262561.52
BASELINE,2022-01-19,279598.06,10,0.0,260295.66
BASELINE,2022-01-20,276819.02,10,0.0,257516.62
BASELINE,2022-01-21,269850.37,10,0.0,250547.97
BASELINE,2022-01-24,271106.77,8,0.0,196344.14
BASELINE,2022-01-25,272751.45,8,0.0,197988.83
BASELINE,2022-01-26,271148.85,9,0.0,223936.65
BASELINE,2022-01-27,267569.46,9,0.0,220357.26
BASELINE,2022-01-28,272192.36,10,0.0,248096.26
BASELINE,2022-01-31,276927.82,10,0.0,252831.72
BASELINE,2022-02-01,279737.01,10,0.0,255640.91
BASELINE,2022-02-02,272433.12,10,0.0,247396.23
BASELINE,2022-02-03,267601.49,10,0.0,233309.7
BASELINE,2022-02-04,268987.72,10,0.0,234695.93
BASELINE,2022-02-07,269331.19,10,0.0,235039.4
BASELINE,2022-02-08,271817.36,10,0.0,239272.59
BASELINE,2022-02-09,277966.29,10,0.0,245421.52
BASELINE,2022-02-10,274166.68,10,0.0,241621.91
BASELINE,2022-02-11,269109.32,9,0.0,208323.96
BASELINE,2022-02-14,267497.13,10,0.0,231626.25
BASELINE,2022-02-15,269444.05,10,0.0,233573.17
BASELINE,2022-02-16,265105.74,10,0.0,229234.86
BASELINE,2022-02-17,264485.61,10,0.0,236219.25
BASELINE,2022-02-18,263620.62,10,0.0,235354.26
BASELINE,2022-02-22,262599.77,10,0.0,234333.41
BASELINE,2022-02-23,262208.62,10,0.0,233942.26
BASELINE,2022-02-24,260729.66,10,0.0,232463.3
BASELINE,2022-02-25,267039.01,10,0.0,238772.65
BASELINE,2022-02-28,265689.96,10,0.0,237423.6
BASELINE,2022-03-01,265255.78,10,0.0,235546.23
BASELINE,2022-03-02,269916.79,10,0.0,240207.24
BASELINE,2022-03-03,270104.12,10,0.0,240394.58
BASELINE,2022-03-04,270742.05,10,0.0,241032.5
BASELINE,2022-03-07,268664.41,10,0.0,238954.86
BASELINE,2022-03-08,265890.06,10,0.0,234963.27
BASELINE,2022-03-09,266971.9,7,0.0,152365.4
BASELINE,2022-03-10,267809.65,8,0.0,179431.53
BASELINE,2022-03-11,264790.17,9,0.0,203256.33
BASELINE,2022-03-14,262073.11,8,0.0,173085.83
BASELINE,2022-03-15,266061.73,9,0.0,203492.59
BASELINE,2022-03-16,271959.48,10,0.0,236312.36
BASELINE,2022-03-17,274069.52,10,0.0,238422.41
BASELINE,2022-03-18,276076.7,10,0.0,240429.58
BASELINE,2022-03-21,273515.42,10,0.0,237868.3
BASELINE,2022-03-22,276618.45,10,0.0,242007.68
BASELINE,2022-03-23,274259.29,10,0.0,239648.53
BASELINE,2022-03-24,275425.83,7,0.0,174545.35
BASELINE,2022-03-25,277584.52,10,0.0,259308.57
BASELINE,2022-03-28,277445.01,10,0.0,259169.06
BASELINE,2022-03-29,280762.55,9,0.0,234118.07
BASELINE,2022-03-30,277408.93,10,0.0,258781.39
BASELINE,2022-03-31,274913.8,10,0.0,256233.22
BASELINE,2022-04-01,275690.64,8,0.0,218370.3
BASELINE,2022-04-04,277346.59,8,0.0,220026.25
BASELINE,2022-04-05,273339.37,7,0.0,187865.26
BASELINE,2022-04-06,272591.02,7,0.0,187116.91
BASELINE,2022-04-07,272439.07,7,0.0,186964.96
BASELINE,2022-04-08,276207.43,8,0.0,218962.15
BASELINE,2022-04-11,270526.29,10,0.0,268141.57
BASELINE,2022-04-12,272705.57,9,0.0,241385.38
BASELINE,2022-04-13,276176.95,8,0.0,216311.93
BASELINE,2022-04-14,274526.28,10,0.0,269757.31
BASELINE,2022-04-18,275321.99,10,0.0,270553.02
BASELINE,2022-04-19,278069.21,10,0.0,273300.24
BASELINE,2022-04-20,278400.9,10,0.0,273631.93
BASELINE,2022-04-21,273806.5,10,0.0,269037.53
BASELINE,2022-04-22,268116.09,10,0.0,263347.12
BASELINE,2022-04-25,264767.38,10,0.0,259998.42
BASELINE,2022-04-26,260193.41,10,0.0,255424.44
BASELINE,2022-04-27,261022.12,8,0.0,197507.64
BASELINE,2022-04-28,266265.99,8,0.0,202751.5
BASELINE,2022-04-29,258699.86,10,0.0,248410.6
BASELINE,2022-05-02,261418.55,10,0.0,251129.29
BASELINE,2022-05-03,265648.08,10,0.0,255358.83
BASELINE,2022-05-04,274696.44,10,0.0,264407.18
BASELINE,2022-05-05,267900.4,10,0.0,257611.14
BASELINE,2022-05-06,269203.57,9,0.0,234320.02
BASELINE,2022-05-09,251591.48,10,0.0,243136.26
BASELINE,2022-05-10,254140.33,10,0.0,242651.29
BASELINE,2022-05-11,253611.12,10,0.0,242122.09
BASELINE,2022-05-12,252063.71,10,0.0,240574.67
BASELINE,2022-05-13,262352.7,10,0.0,250863.67
BASELINE,2022-05-16,264777.95,10,0.0,252307.04
BASELINE,2022-05-17,272182.33,10,0.0,259711.42
BASELINE,2022-05-18,261212.67,10,0.0,248741.76
BASELINE,2022-05-19,254625.29,6,0.0,134372.31
BASELINE,2022-05-20,252563.56,8,0.0,183409.25
BASELINE,2022-05-23,258576.3,9,0.0,214904.66
BASELINE,2022-05-24,256108.85,10,0.0,238037.24
BASELINE,2022-05-25,258157.4,9,0.0,213052.87
BASELINE,2022-05-26,265206.02,10,0.0,246097.6
BASELINE,2022-05-27,270112.35,10,0.0,251003.92
BASELINE,2022-05-31,268456.14,10,0.0,249347.71
BASELINE,2022-06-01,265837.17,10,0.0,246491.28
BASELINE,2022-06-02,269424.61,7,0.0,171864.97
BASELINE,2022-06-03,264233.5,10,0.0,246701.59
BASELINE,2022-06-06,265812.56,9,0.0,220857.97
BASELINE,2022-06-07,267588.23,9,0.0,222633.63
BASELINE,2022-06-08,264381.92,10,0.0,245999.79
BASELINE,2022-06-09,256959.82,8,0.0,185966.17
BASELINE,2022-06-10,250527.3,8,0.0,179533.65
BASELINE,2022-06-13,239499.39,8,0.0,168505.74
BASELINE,2022-06-14,238675.37,8,0.0,167681.72
BASELINE,2022-06-15,244476.25,8,0.0,173482.59
BASELINE,2022-06-16,234330.79,8,0.0,163337.14
BASELINE,2022-06-17,238521.21,8,0.0,167527.56
BASELINE,2022-06-21,242573.98,8,0.0,171580.33
BASELINE,2022-06-22,243532.89,10,0.0,220689.59
BASELINE,2022-06-23,244187.43,10,0.0,221344.14
BASELINE,2022-06-24,256264.55,10,0.0,233421.26
BASELINE,2022-06-27,254400.6,10,0.0,231557.31
BASELINE,2022-06-28,248803.79,9,0.0,201064.87
BASELINE,2022-06-29,242750.94,9,0.0,195012.02
BASELINE,2022-06-30,238626.37,10,0.0,214842.71
BASELINE,2022-07-01,240867.67,10,0.0,214249.48
BASELINE,2022-07-05,245520.39,10,0.0,218902.2
BASELINE,2022-07-06,241676.77,10,0.0,215058.59
BASELINE,2022-07-07,247774.92,10,0.0,221156.74
BASELINE,2022-07-08,246887.6,10,0.0,220269.42
BASELINE,2022-07-11,239769.19,10,0.0,213151.0
BASELINE,2022-07-12,241508.47,9,0.0,190136.9
BASELINE,2022-07-13,241649.93,9,0.0,190278.35
BASELINE,2022-07-14,240448.13,10,0.0,212943.3
BASELINE,2022-07-15,247044.96,10,0.0,219540.14
BASELINE,2022-07-18,249532.83,10,0.0,222028.0
BASELINE,2022-07-19,257414.56,10,0.0,229909.74
BASELINE,2022-07-20,262972.77,10,0.0,235467.95
BASELINE,2022-07-21,262637.16,10,0.0,235132.34
BASELINE,2022-07-22,261386.52,10,0.0,251151.84
BASELINE,2022-07-25,262794.47,10,0.0,252008.55
BASELINE,2022-07-26,259686.87,10,0.0,248900.95
BASELINE,2022-07-27,268234.13,10,0.0,260657.6
BASELINE,2022-07-28,271349.31,10,0.0,263772.78
BASELINE,2022-07-29,273310.76,10,0.0,265734.22
BASELINE,2022-08-01,273338.12,10,0.0,265761.59
BASELINE,2022-08-02,270788.91,10,0.0,268953.41
BASELINE,2022-08-03,276430.62,9,0.0,248856.82
BASELINE,2022-08-04,275429.47,9,0.0,247855.67
BASELINE,2022-08-05,274324.59,8,0.0,219647.69
BASELINE,2022-08-08,276399.54,9,0.0,249312.11
BASELINE,2022-08-09,275412.25,10,0.0,274729.79
BASELINE,2022-08-10,282563.74,10,0.0,281881.28
BASELINE,2022-08-11,282757.33,10,0.0,282074.87
BASELINE,2022-08-12,287877.61,10,0.0,287698.69
BASELINE,2022-08-15,288347.83,10,0.0,288168.91
BASELINE,2022-08-16,292969.26,10,0.0,292790.34
BASELINE,2022-08-17,287916.2,9,0.0,257636.13
BASELINE,2022-08-18,287255.21,8,0.0,226638.63
BASELINE,2022-08-19,282660.6,10,0.0,279085.43
BASELINE,2022-08-22,278241.43,7,0.0,186117.46
BASELINE,2022-08-23,282117.93,7,0.0,189993.96
BASELINE,2022-08-24,284407.12,7,0.0,192283.14
BASELINE,2022-08-25,288041.67,7,0.0,195917.69
BASELINE,2022-08-26,280644.91,8,0.0,217303.6
BASELINE,2022-08-29,278793.87,7,0.0,185371.21
BASELINE,2022-08-30,275505.3,7,0.0,182082.64
BASELINE,2022-08-31,273416.16,7,0.0,179993.5
BASELINE,2022-09-01,274453.23,6,0.0,150576.85
BASELINE,2022-09-02,272364.24,7,0.0,176132.65
BASELINE,2022-09-06,272690.59,7,0.0,176459.0
BASELINE,2022-09-07,278466.45,7,0.0,182234.86
BASELINE,2022-09-08,282431.51,10,0.0,269363.54
BASELINE,2022-09-09,286963.11,10,0.0,273895.14
BASELINE,2022-09-12,290659.85,10,0.0,277591.87
BASELINE,2022-09-13,277913.7,10,0.0,264845.73
BASELINE,2022-09-14,279938.72,8,0.0,210923.47
BASELINE,2022-09-15,281105.04,10,0.0,267945.35
BASELINE,2022-09-16,276937.29,10,0.0,263777.6
BASELINE,2022-09-19,277506.27,9,0.0,233866.06
BASELINE,2022-09-20,273571.05,9,0.0,229930.84
BASELINE,2022-09-21,268390.3,9,0.0,224750.09
BASELINE,2022-09-22,263406.57,9,0.0,219766.36
BASELINE,2022-09-23,258720.78,10,0.0,241122.11
BASELINE,2022-09-26,254251.46,10,0.0,236652.8
BASELINE,2022-09-27,256921.98,10,0.0,239323.31
BASELINE,2022-09-28,263860.14,10,0.0,246261.47
BASELINE,2022-09-29,258954.52,10,0.0,241355.86
BASELINE,2022-09-30,255499.07,10,0.0,237900.4
BASELINE,2022-10-03,261192.96,10,0.0,243594.29
BASELINE,2022-10-04,272119.38,10,0.0,254520.71
BASELINE,2022-10-05,271635.51,10,0.0,254036.84
BASELINE,2022-10-06,271300.38,10,0.0,253701.71
BASELINE,2022-10-07,267557.88,10,0.0,249959.21
BASELINE,2022-10-10,263402.25,10,0.0,245803.58
BASELINE,2022-10-11,265337.18,10,0.0,247738.52
BASELINE,2022-10-12,265510.73,10,0.0,247912.07
BASELINE,2022-10-13,271762.21,10,0.0,254163.54
BASELINE,2022-10-14,266889.7,10,0.0,249291.03
BASELINE,2022-10-17,270671.94,10,0.0,247678.98
BASELINE,2022-10-18,273522.95,10,0.0,250529.99
BASELINE,2022-10-19,274038.07,10,0.0,251045.1
BASELINE,2022-10-20,272340.47,10,0.0,249347.5
BASELINE,2022-10-21,277842.52,10,0.0,256164.53
BASELINE,2022-10-24,280859.74,10,0.0,259181.74
BASELINE,2022-10-25,285154.68,10,0.0,263476.68
BASELINE,2022-10-26,286425.29,10,0.0,264747.29
BASELINE,2022-10-27,284400.55,10,0.0,262722.55
BASELINE,2022-10-28,289542.97,9,0.0,244399.99
BASELINE,2022-10-31,288031.88,10,0.0,271772.93
BASELINE,2022-11-01,288184.29,10,0.0,271925.34
BASELINE,2022-11-02,280784.1,10,0.0,264525.15
BASELINE,2022-11-03,276158.05,6,0.0,146483.29
BASELINE,2022-11-04,279421.4,6,0.0,149746.64
BASELINE,2022-11-07,282888.16,7,0.0,181264.18
BASELINE,2022-11-08,285637.24,8,0.0,212369.89
BASELINE,2022-11-09,277628.06,10,0.0,260880.96
BASELINE,2022-11-10,291165.31,8,0.0,215231.94
BASELINE,2022-11-11,295012.19,10,0.0,277568.59
BASELINE,2022-11-14,294202.07,10,0.0,276758.47
BASELINE,2022-11-15,298293.02,10,0.0,280849.43
BASELINE,2022-11-16,290142.97,10,0.0,272699.37
BASELINE,2022-11-17,288552.63,6,0.0,157219.0
BASELINE,2022-11-18,288697.85,6,0.0,157364.22
BASELINE,2022-11-21,287480.19,7,0.0,184917.31
BASELINE,2022-11-22,290148.07,6,0.0,153044.5
BASELINE,2022-11-23,290368.93,7,0.0,182277.72
BASELINE,2022-11-25,289984.21,9,0.0,239935.18
BASELINE,2022-11-28,285762.75,9,0.0,235713.71
BASELINE,2022-11-29,286182.45,9,0.0,236133.41
BASELINE,2022-11-30,290587.4,10,0.0,269186.15
BASELINE,2022-12-01,289962.76,10,0.0,268561.51
BASELINE,2022-12-02,288799.43,10,0.0,267398.18
BASELINE,2022-12-05,282785.97,10,0.0,261384.72
BASELINE,2022-12-06,281127.64,8,0.0,201129.49
BASELINE,2022-12-07,279517.94,8,0.0,199519.8
BASELINE,2022-12-08,279139.21,8,0.0,199141.07
BASELINE,2022-12-09,278440.67,8,0.0,198442.53
BASELINE,2022-12-12,282521.93,7,0.0,171458.4
BASELINE,2022-12-13,278197.34,10,0.0,253240.18
BASELINE,2022-12-14,278667.9,10,0.0,253710.74
BASELINE,2022-12-15,269656.12,10,0.0,244698.96
BASELINE,2022-12-16,267265.31,9,0.0,211681.74
BASELINE,2022-12-19,260846.84,9,0.0,205263.27
BASELINE,2022-12-20,260274.0,9,0.0,204690.43
BASELINE,2022-12-21,264382.76,10,0.0,234921.35
BASELINE,2022-12-22,257312.35,10,0.0,227850.94
BASELINE,2022-12-23,260183.93,10,0.0,230722.51
BASELINE,2022-12-27,258769.44,10,0.0,229308.02
BASELINE,2022-12-28,252973.32,10,0.0,223511.91
BASELINE,2022-12-29,260730.91,10,0.0,231269.49
BASELINE,2022-12-30,260825.67,10,0.0,231364.25
BASELINE,2023-01-03,259755.85,10,0.0,230294.44
BASELINE,2023-01-04,270007.81,10,0.0,240546.4
BASELINE,2023-01-05,271193.6,10,0.0,241732.19
BASELINE,2023-01-06,278497.32,10,0.0,249035.91
BASELINE,2023-01-09,282608.21,10,0.0,253146.8
BASELINE,2023-01-10,288190.74,10,0.0,258729.33
BASELINE,2023-01-11,290004.01,10,0.0,260542.6
BASELINE,2023-01-12,299670.99,10,0.0,270209.58
BASELINE,2023-01-13,300574.4,10,0.0,271112.99
BASELINE,2023-01-17,301823.59,10,0.0,272362.18
BASELINE,2023-01-18,294526.62,8,0.0,225332.68
BASELINE,2023-01-19,291688.24,8,0.0,222494.3
BASELINE,2023-01-20,297613.77,9,0.0,257097.11
BASELINE,2023-01-23,302251.18,9,0.0,261734.52
BASELINE,2023-01-24,299539.84,10,0.0,289060.88
BASELINE,2023-01-25,301996.93,9,0.0,259364.15
BASELINE,2023-01-26,307664.09,10,0.0,295684.77
BASELINE,2023-01-27,312055.91,10,0.0,300076.59
BASELINE,2023-01-30,304408.66,10,0.0,292429.33
BASELINE,2023-01-31,310121.95,10,0.0,298142.62
BASELINE,2023-02-01,312278.11,10,0.0,300298.79
BASELINE,2023-02-02,319018.3,10,0.0,307038.98
BASELINE,2023-02-03,316511.55,10,0.0,304532.23
BASELINE,2023-02-06,315356.07,10,0.0,303376.75
BASELINE,2023-02-07,317955.35,10,0.0,305789.1
BASELINE,2023-02-08,314109.43,10,0.0,296020.59
BASELINE,2023-02-09,312755.89,10,0.0,294667.04
BASELINE,2023-02-10,314520.63,10,0.0,296431.78
BASELINE,2023-02-13,313880.53,10,0.0,295791.68
BASELINE,2023-02-14,315374.52,10,0.0,297285.67
BASELINE,2023-02-15,315800.84,10,0.0,297711.99
BASELINE,2023-02-16,309957.27,10,0.0,291868.43
BASELINE,2023-02-17,307018.57,10,0.0,275287.64
BASELINE,2023-02-21,303977.34,10,0.0,272246.41
BASELINE,2023-02-22,304295.28,10,0.0,272564.35
BASELINE,2023-02-23,305319.41,10,0.0,273588.49
BASELINE,2023-02-24,305718.56,10,0.0,273987.63
BASELINE,2023-02-27,304097.03,10,0.0,272366.1
BASELINE,2023-02-28,302128.9,10,0.0,270397.97
BASELINE,2023-03-01,302504.7,10,0.0,270773.77
BASELINE,2023-03-02,303531.22,10,0.0,271800.29
BASELINE,2023-03-03,307809.58,10,0.0,276078.65
BASELINE,2023-03-06,305874.7,10,0.0,274143.77
BASELINE,2023-03-07,300805.53,10,0.0,269074.6
BASELINE,2023-03-08,301802.55,10,0.0,268878.69
BASELINE,2023-03-09,292921.19,10,0.0,259997.33
BASELINE,2023-03-10,285703.26,10,0.0,252779.4
BASELINE,2023-03-13,280315.47,10,0.0,247391.61
BASELINE,2023-03-14,283887.08,10,0.0,250963.21
BASELINE,2023-03-15,280638.75,10,0.0,247714.88
BASELINE,2023-03-16,283921.32,10,0.0,250997.45
BASELINE,2023-03-17,279646.17,10,0.0,246722.31
BASELINE,2023-03-20,282594.79,10,0.0,249670.92
BASELINE,2023-03-21,287852.34,10,0.0,254928.47
BASELINE,2023-03-22,281096.63,10,0.0,248172.77
BASELINE,2023-03-23,279089.51,10,0.0,246165.65
BASELINE,2023-03-24,280579.43,10,0.0,247655.57
BASELINE,2023-03-27,282664.63,10,0.0,249740.77
BASELINE,2023-03-28,283478.75,10,0.0,250554.89
BASELINE,2023-03-29,287495.39,10,0.0,254571.52
BASELINE,2023-03-30,287210.66,10,0.0,254286.8
BASELINE,2023-03-31,291198.97,10,0.0,258275.11
BASELINE,2023-04-03,292294.96,10,0.0,259371.1
BASELINE,2023-04-04,289246.14,10,0.0,256322.27
BASELINE,2023-04-05,287066.59,7,0.0,171910.11
BASELINE,2023-04-06,287350.81,8,0.0,200835.96
BASELINE,2023-04-10,290394.56,8,0.0,203879.71
BASELINE,2023-04-11,290923.4,8,0.0,204408.55
BASELINE,2023-04-12,286679.04,8,0.0,200164.19
BASELINE,2023-04-13,288153.67,7,0.0,172490.51
BASELINE,2023-04-14,286985.45,10,0.0,257841.0
BASELINE,2023-04-17,289850.48,10,0.0,260706.03
BASELINE,2023-04-18,290928.88,10,0.0,261784.43
BASELINE,2023-04-19,292210.48,10,0.0,263066.04
BASELINE,2023-04-20,290022.24,10,0.0,260877.79
BASELINE,2023-04-21,289433.56,10,0.0,259204.4
BASELINE,2023-04-24,287503.0,10,0.0,257273.84
BASELINE,2023-04-25,280627.97,9,0.0,223613.94
BASELINE,2023-04-26,279664.05,9,0.0,222650.02
BASELINE,2023-04-27,290693.54,10,0.0,262090.52
BASELINE,2023-04-28,296090.38,10,0.0,267487.36
BASELINE,2023-05-01,294543.95,10,0.0,265940.92
BASELINE,2023-05-02,288239.14,10,0.0,259636.11
BASELINE,2023-05-03,284732.35,10,0.0,256129.33
BASELINE,2023-05-04,281102.86,10,0.0,251398.35
BASELINE,2023-05-05,289433.12,10,0.0,257005.52
BASELINE,2023-05-08,288809.89,10,0.0,256382.3
BASELINE,2023-05-09,284020.21,10,0.0,251592.61
BASELINE,2023-05-10,283294.81,10,0.0,250867.22
BASELINE,2023-05-11,281227.37,10,0.0,248799.78
BASELINE,2023-05-12,281929.5,10,0.0,249501.9
BASELINE,2023-05-15,290527.37,10,0.0,258099.78
BASELINE,2023-05-16,288745.95,10,0.0,256318.36
BASELINE,2023-05-17,295281.37,10,0.0,262853.77
BASELINE,2023-05-18,300380.28,10,0.0,267952.68
BASELINE,2023-05-19,297601.7,10,0.0,265174.1
BASELINE,2023-05-22,298977.94,10,0.0,275276.93
BASELINE,2023-05-23,296353.9,10,0.0,272652.88
BASELINE,2023-05-24,292725.51,10,0.0,264541.33
BASELINE,2023-05-25,292358.51,10,0.0,264174.34
BASELINE,2023-05-26,297527.03,10,0.0,269342.86
BASELINE,2023-05-30,300221.05,10,0.0,272036.87
BASELINE,2023-05-31,294360.7,10,0.0,266176.53
BASELINE,2023-06-01,297484.91,10,0.0,269300.74
BASELINE,2023-06-02,303358.29,10,0.0,275174.12
BASELINE,2023-06-05,301052.01,10,0.0,272867.83
BASELINE,2023-06-06,304477.19,10,0.0,276293.01
BASELINE,2023-06-07,312744.35,10,0.0,282504.81
BASELINE,2023-06-08,314316.94,10,0.0,284077.4
BASELINE,2023-06-09,312841.59,9,0.0,257394.26
BASELINE,2023-06-12,313935.37,9,0.0,258488.04
BASELINE,2023-06-13,316020.69,10,0.0,292215.18
BASELINE,2023-06-14,315072.71,10,0.0,291267.2
BASELINE,2023-06-15,317440.62,10,0.0,293635.12
BASELINE,2023-06-16,317526.18,10,0.0,292608.68
BASELINE,2023-06-20,313472.34,10,0.0,288554.85
BASELINE,2023-06-21,311988.95,10,0.0,287071.46
BASELINE,2023-06-22,308729.95,8,0.0,230032.55
BASELINE,2023-06-23,306914.69,9,0.0,258955.85
BASELINE,2023-06-26,308862.25,9,0.0,260903.42
BASELINE,2023-06-27,311065.16,9,0.0,263106.33
BASELINE,2023-06-28,313016.92,10,0.0,296161.78
BASELINE,2023-06-29,315226.65,10,0.0,298371.51
BASELINE,2023-06-30,316692.74,10,0.0,299837.6
BASELINE,2023-07-03,318327.45,10,0.0,301472.31
BASELINE,2023-07-05,318148.6,10,0.0,301293.46
BASELINE,2023-07-06,314829.08,10,0.0,297973.94
BASELINE,2023-07-07,317474.32,9,0.0,268367.88
BASELINE,2023-07-10,317653.18,10,0.0,300264.38
BASELINE,2023-07-11,322344.88,10,0.0,304956.08
BASELINE,2023-07-12,325611.44,10,0.0,308222.64
BASELINE,2023-07-13,327979.87,10,0.0,310591.07
BASELINE,2023-07-14,323576.21,10,0.0,306187.42
BASELINE,2023-07-17,322132.51,10,0.0,309396.48
BASELINE,2023-07-18,326757.85,10,0.0,313356.41
BASELINE,2023-07-19,330231.52,10,0.0,316830.08
BASELINE,2023-07-20,329345.47,10,0.0,315944.03
BASELINE,2023-07-21,328998.07,10,0.0,315596.63
BASELINE,2023-07-24,328804.17,10,0.0,310602.88
BASELINE,2023-07-25,327484.27,10,0.0,309282.98
BASELINE,2023-07-26,327572.94,9,0.0,277393.63
BASELINE,2023-07-27,324227.52,9,0.0,274048.22
BASELINE,2023-07-28,327906.52,10,0.0,316887.21
BASELINE,2023-07-31,329026.57,10,0.0,318007.25
BASELINE,2023-08-01,327294.29,10,0.0,315249.95
BASELINE,2023-08-02,323089.46,10,0.0,311045.13
BASELINE,2023-08-03,322011.41,9,0.0,277439.75
BASELINE,2023-08-04,322529.46,10,0.0,310236.47
BASELINE,2023-08-07,326541.59,10,0.0,314355.62
BASELINE,2023-08-08,323997.91,10,0.0,311811.94
BASELINE,2023-08-09,320529.52,9,0.0,276232.65
BASELINE,2023-08-10,320348.54,8,0.0,240466.0
BASELINE,2023-08-11,319541.94,8,0.0,239659.4
BASELINE,2023-08-14,321505.2,10,0.0,305420.83
BASELINE,2023-08-15,319475.48,10,0.0,303391.11
BASELINE,2023-08-16,316539.65,10,0.0,300455.28
BASELINE,2023-08-17,314382.41,10,0.0,298298.04
BASELINE,2023-08-18,315533.05,10,0.0,299448.68
BASELINE,2023-08-21,316493.94,10,0.0,300409.56
BASELINE,2023-08-22,315192.88,10,0.0,299108.5
BASELINE,2023-08-23,319482.91,10,0.0,303398.54
BASELINE,2023-08-24,314382.7,10,0.0,298298.32
BASELINE,2023-08-25,316471.58,9,0.0,267494.55
BASELINE,2023-08-28,317295.4,10,0.0,300081.71
BASELINE,2023-08-29,323277.66,10,0.0,306063.97
BASELINE,2023-08-30,324128.92,10,0.0,306915.24
BASELINE,2023-08-31,322847.22,10,0.0,305633.53
BASELINE,2023-09-01,322883.24,10,0.0,305669.55
BASELINE,2023-09-05,322562.81,10,0.0,305349.12
BASELINE,2023-09-06,320687.76,10,0.0,302871.01
BASELINE,2023-09-07,320367.11,10,0.0,302550.35
BASELINE,2023-09-08,320832.99,10,0.0,303016.24
BASELINE,2023-09-11,323114.48,10,0.0,305297.73
BASELINE,2023-09-12,318080.68,10,0.0,300263.93
BASELINE,2023-09-13,319228.33,10,0.0,301411.58
BASELINE,2023-09-14,322696.5,9,0.0,276912.89
BASELINE,2023-09-15,318477.47,10,0.0,304881.23
BASELINE,2023-09-18,318175.68,10,0.0,304579.44
BASELINE,2023-09-19,317399.51,10,0.0,305967.86
BASELINE,2023-09-20,314615.04,10,0.0,303183.38
BASELINE,2023-09-21,310176.5,10,0.0,298744.85
BASELINE,2023-09-22,308767.91,10,0.0,297336.25
BASELINE,2023-09-25,308620.04,9,0.0,266443.38
BASELINE,2023-09-26,304691.36,9,0.0,262514.7
BASELINE,2023-09-27,305896.74,9,0.0,263720.08
BASELINE,2023-09-28,310492.53,10,0.0,298835.87
BASELINE,2023-09-29,307396.66,10,0.0,295740.0
BASELINE,2023-10-02,307912.93,10,0.0,296256.27
BASELINE,2023-10-03,301685.55,10,0.0,290028.9
BASELINE,2023-10-04,304063.62,10,0.0,292406.96
BASELINE,2023-10-05,304666.02,10,0.0,293009.36
BASELINE,2023-10-06,309162.64,10,0.0,297505.98
BASELINE,2023-10-09,312606.18,10,0.0,300949.52
BASELINE,2023-10-10,314191.87,10,0.0,302535.21
BASELINE,2023-10-11,314750.82,10,0.0,303094.16
BASELINE,2023-10-12,313506.05,10,0.0,301849.39
BASELINE,2023-10-13,311697.51,10,0.0,300040.85
BASELINE,2023-10-16,315530.99,10,0.0,303874.33
BASELINE,2023-10-17,316760.91,10,0.0,305104.25
BASELINE,2023-10-18,312305.94,10,0.0,300649.29
BASELINE,2023-10-19,310378.5,10,0.0,298721.84
BASELINE,2023-10-20,305815.2,10,0.0,294619.37
BASELINE,2023-10-23,306100.06,10,0.0,294904.23
BASELINE,2023-10-24,309038.74,9,0.0,266117.73
BASELINE,2023-10-25,299865.89,9,0.0,256944.88
BASELINE,2023-10-26,294409.52,9,0.0,250361.0
BASELINE,2023-10-27,296162.62,10,0.0,281776.5
BASELINE,2023-10-30,299344.95,10,0.0,284958.83
BASELINE,2023-10-31,302183.1,10,0.0,287796.98
BASELINE,2023-11-01,307978.75,10,0.0,293592.63
BASELINE,2023-11-02,311840.39,10,0.0,297454.27
BASELINE,2023-11-03,317014.36,10,0.0,302628.24
BASELINE,2023-11-06,317038.76,10,0.0,302652.64
BASELINE,2023-11-07,318328.74,10,0.0,303942.62
BASELINE,2023-11-08,319848.35,10,0.0,305462.23
BASELINE,2023-11-09,319651.5,10,0.0,305265.38
BASELINE,2023-11-10,323818.66,9,0.0,279011.61
BASELINE,2023-11-13,324542.65,10,0.0,312023.77
BASELINE,2023-11-14,330593.36,10,0.0,318074.49
BASELINE,2023-11-15,331992.5,10,0.0,319473.63
BASELINE,2023-11-16,334985.92,10,0.0,322467.04
BASELINE,2023-11-17,334272.32,10,0.0,321753.45
BASELINE,2023-11-20,335727.67,10,0.0,324578.25
BASELINE,2023-11-21,333678.59,10,0.0,322529.17
BASELINE,2023-11-22,336197.3,10,0.0,325047.87
BASELINE,2023-11-24,336377.33,10,0.0,325227.91
BASELINE,2023-11-27,334954.91,8,0.0,261563.51
BASELINE,2023-11-28,333696.99,5,0.0,160721.05
BASELINE,2023-11-29,332762.57,4,0.0,124846.82
BASELINE,2023-11-30,334053.68,5,0.0,159433.02
BASELINE,2023-12-01,335490.15,8,0.0,261116.83
BASELINE,2023-12-04,336783.09,9,0.0,295897.66
BASELINE,2023-12-05,334876.58,9,0.0,295219.07
BASELINE,2023-12-06,338193.67,10,0.0,332142.32
BASELINE,2023-12-07,339881.63,10,0.0,333830.28
BASELINE,2023-12-08,342926.73,10,0.0,340985.29
BASELINE,2023-12-11,344940.13,10,0.0,342998.69
BASELINE,2023-12-12,344115.14,10,0.0,342173.7
BASELINE,2023-12-13,352262.81,10,0.0,350321.37
BASELINE,2023-12-14,353012.47,10,0.0,351071.03
BASELINE,2023-12-15,351787.1,10,0.0,349845.66
BASELINE,2023-12-18,352270.19,8,0.0,280225.24
BASELINE,2023-12-19,356574.79,10,0.0,355321.27
BASELINE,2023-12-20,353647.56,10,-0.0,353647.56
BASELINE,2023-12-21,358536.31,8,0.0,291492.59
BASELINE,2023-12-22,360200.18,10,-0.0,360200.18
BASELINE,2023-12-26,362305.06,10,-0.0,362305.06
BASELINE,2023-12-27,361589.79,10,-0.0,361589.79
BASELINE,2023-12-28,361159.06,8,0.0,288768.66
BASELINE,2023-12-29,360242.28,7,0.0,252386.49
BASELINE,2024-01-02,365732.06,8,0.0,293920.63
BASELINE,2024-01-03,362617.44,10,-0.0,362617.44
BASELINE,2024-01-04,358481.21,9,0.0,319219.13
BASELINE,2024-01-05,360480.54,9,0.0,323621.86
BASELINE,2024-01-08,360688.12,9,0.0,323829.43
BASELINE,2024-01-09,357493.84,10,0.0,353126.61
BASELINE,2024-01-10,358337.3,10,0.0,352251.75
BASELINE,2024-01-11,360182.65,10,0.0,354097.1
BASELINE,2024-01-12,354504.05,10,0.0,348418.5
BASELINE,2024-01-16,350148.45,10,0.0,344062.9
BASELINE,2024-01-17,348357.8,10,0.0,342272.25
BASELINE,2024-01-18,354447.31,10,0.0,348361.76
BASELINE,2024-01-19,356729.79,10,0.0,350644.24
BASELINE,2024-01-22,356193.44,10,0.0,350107.89
BASELINE,2024-01-23,361024.06,10,0.0,352717.5
BASELINE,2024-01-24,359043.42,10,0.0,350736.85
BASELINE,2024-01-25,367028.38,10,0.0,357628.18
BASELINE,2024-01-26,367873.46,10,0.0,358473.26
BASELINE,2024-01-29,369271.39,10,0.0,359871.19
BASELINE,2024-01-30,366968.05,10,0.0,357567.85
BASELINE,2024-01-31,360686.5,10,0.0,351763.27
BASELINE,2024-02-01,363712.78,9,0.0,312725.45
BASELINE,2024-02-02,361424.56,10,0.0,346623.58
BASELINE,2024-02-05,354744.59,10,0.0,339943.61
BASELINE,2024-02-06,357489.29,10,0.0,342688.31
BASELINE,2024-02-07,355737.48,10,0.0,339817.33
BASELINE,2024-02-08,356926.79,10,0.0,341006.64
BASELINE,2024-02-09,354781.25,10,0.0,338861.1
BASELINE,2024-02-12,359258.91,10,0.0,343338.76
BASELINE,2024-02-13,352664.82,10,0.0,336744.67
BASELINE,2024-02-14,354715.36,10,0.0,338795.21
BASELINE,2024-02-15,356524.29,10,0.0,337640.74
BASELINE,2024-02-16,352580.8,10,0.0,333697.25
BASELINE,2024-02-20,350757.14,10,0.0,331873.58
BASELINE,2024-02-21,351410.97,10,0.0,332527.41
BASELINE,2024-02-22,355620.11,10,0.0,336736.56
BASELINE,2024-02-23,348909.84,10,0.0,330026.29
BASELINE,2024-02-26,346915.46,10,0.0,328031.91
BASELINE,2024-02-27,349734.51,10,0.0,330850.96
BASELINE,2024-02-28,348840.4,10,0.0,329956.84
BASELINE,2024-02-29,351961.73,10,0.0,333243.02
BASELINE,2024-03-01,352320.35,10,0.0,333601.63
BASELINE,2024-03-04,347907.03,10,0.0,329188.31
BASELINE,2024-03-05,348731.64,10,0.0,330012.92
BASELINE,2024-03-06,353284.72,10,0.0,334566.0
BASELINE,2024-03-07,356087.75,10,0.0,337369.04
BASELINE,2024-03-08,355850.99,10,0.0,337132.27
BASELINE,2024-03-11,357669.82,10,0.0,338951.1
BASELINE,2024-03-12,356123.32,10,0.0,333784.78
BASELINE,2024-03-13,356850.24,10,0.0,330458.51
BASELINE,2024-03-14,353836.85,10,0.0,327445.12
BASELINE,2024-03-15,352090.07,10,0.0,325698.34
BASELINE,2024-03-18,353290.13,10,0.0,326898.4
BASELINE,2024-03-19,355254.36,10,0.0,328862.63
BASELINE,2024-03-20,364630.73,10,0.0,338239.0
BASELINE,2024-03-21,363053.52,10,0.0,336661.79
BASELINE,2024-03-22,360591.32,10,0.0,341635.75
BASELINE,2024-03-25,361579.61,9,0.0,303332.08
BASELINE,2024-03-26,359911.63,10,0.0,337896.95
BASELINE,2024-03-27,364205.37,10,0.0,342190.69
BASELINE,2024-03-28,365795.02,10,0.0,343780.34
BASELINE,2024-04-01,364352.7,10,0.0,342338.02
BASELINE,2024-04-02,360725.59,9,0.0,301733.98
BASELINE,2024-04-03,361100.06,9,0.0,302108.45
BASELINE,2024-04-04,355240.99,10,0.0,332560.23
BASELINE,2024-04-05,356641.08,9,0.0,304608.87
BASELINE,2024-04-08,356776.74,10,0.0,340379.27
BASELINE,2024-04-09,357731.5,10,0.0,341334.03
BASELINE,2024-04-10,353444.01,10,0.0,337046.54
BASELINE,2024-04-11,356466.68,10,0.0,337694.06
BASELINE,2024-04-12,352066.18,10,0.0,333293.55
BASELINE,2024-04-15,349293.39,10,0.0,330520.76
BASELINE,2024-04-16,348231.08,10,0.0,329458.45
BASELINE,2024-04-17,347438.51,10,0.0,328665.88
BASELINE,2024-04-18,346863.84,10,0.0,328091.21
BASELINE,2024-04-19,346972.17,10,0.0,328199.54
BASELINE,2024-04-22,349377.13,10,0.0,330604.5
BASELINE,2024-04-23,350386.54,10,0.0,331613.91
BASELINE,2024-04-24,352057.25,10,0.0,333284.62
BASELINE,2024-04-25,352779.19,10,0.0,334006.56
BASELINE,2024-04-26,354399.66,10,0.0,335627.03
BASELINE,2024-04-29,357168.79,10,0.0,338396.16
BASELINE,2024-04-30,349729.17,10,0.0,330956.54
BASELINE,2024-05-01,344320.12,10,0.0,325547.49
BASELINE,2024-05-02,348243.58,10,0.0,329470.95
BASELINE,2024-05-03,351872.15,10,0.0,333099.52
BASELINE,2024-05-06,352805.05,10,0.0,334032.42
BASELINE,2024-05-07,352282.8,10,0.0,330888.98
BASELINE,2024-05-08,354581.73,10,0.0,333187.91
BASELINE,2024-05-09,354824.81,10,0.0,333430.99
BASELINE,2024-05-10,355520.74,10,0.0,334126.92
BASELINE,2024-05-13,358006.56,10,0.0,336612.74
BASELINE,2024-05-14,358916.4,10,0.0,337522.58
BASELINE,2024-05-15,359456.82,10,0.0,335901.35
BASELINE,2024-05-16,362193.3,10,0.0,338637.84
BASELINE,2024-05-17,362918.91,10,0.0,339363.45
BASELINE,2024-05-20,362807.41,10,0.0,340332.08
BASELINE,2024-05-21,361670.44,10,0.0,339195.11
BASELINE,2024-05-22,359549.03,10,0.0,335701.09
BASELINE,2024-05-23,350875.43,10,0.0,327027.49
BASELINE,2024-05-24,353529.25,9,0.0,293965.99
BASELINE,2024-05-28,353566.83,9,0.0,294003.58
BASELINE,2024-05-29,350370.91,9,0.0,290807.65
BASELINE,2024-05-30,354366.84,9,0.0,294803.58
BASELINE,2024-05-31,361473.27,10,0.0,337409.18
BASELINE,2024-06-03,362619.14,10,0.0,338555.05
BASELINE,2024-06-04,363997.25,10,0.0,339933.16
BASELINE,2024-06-05,365329.36,10,0.0,341265.27
BASELINE,2024-06-06,364756.15,10,0.0,340600.22
BASELINE,2024-06-07,362792.8,10,0.0,338636.87
BASELINE,2024-06-10,365083.6,10,0.0,343582.44
BASELINE,2024-06-11,363271.52,10,0.0,341770.37
BASELINE,2024-06-12,362285.2,10,0.0,340784.04
BASELINE,2024-06-13,361603.22,10,0.0,338180.66
BASELINE,2024-06-14,358729.22,10,0.0,335306.66
BASELINE,2024-06-17,363331.98,10,0.0,339909.42
BASELINE,2024-06-18,361084.69,10,0.0,337662.13
BASELINE,2024-06-20,362308.13,10,0.0,338885.57
BASELINE,2024-06-21,362034.37,10,0.0,338611.81
BASELINE,2024-06-24,364806.01,10,0.0,341383.46
BASELINE,2024-06-25,363628.52,10,0.0,340205.96
BASELINE,2024-06-26,366276.61,10,0.0,338271.42
BASELINE,2024-06-27,369836.1,10,0.0,341830.91
BASELINE,2024-06-28,372377.3,10,0.0,344372.11
BASELINE,2024-07-01,373245.68,10,0.0,345240.49
BASELINE,2024-07-02,377313.5,10,0.0,349308.32
BASELINE,2024-07-03,380579.88,10,0.0,352574.69
BASELINE,2024-07-05,381060.86,10,0.0,353055.68
BASELINE,2024-07-08,380657.73,8,0.0,277660.77
BASELINE,2024-07-09,382265.09,7,0.0,240827.96
BASELINE,2024-07-10,383425.54,8,0.0,280216.88
BASELINE,2024-07-11,382902.76,10,0.0,356670.49
BASELINE,2024-07-12,386416.05,10,0.0,360183.78
BASELINE,2024-07-15,383100.53,10,0.0,356868.27
BASELINE,2024-07-16,393110.14,10,0.0,372645.77
BASELINE,2024-07-17,396451.34,10,0.0,375986.98
BASELINE,2024-07-18,396122.73,10,0.0,375658.36
BASELINE,2024-07-19,393161.0,9,0.0,337351.52
BASELINE,2024-07-22,392630.27,7,0.0,254101.1
BASELINE,2024-07-23,391717.41,9,0.0,331669.32
BASELINE,2024-07-24,386469.48,8,0.0,286995.4
BASELINE,2024-07-25,382862.12,7,0.0,242869.11
BASELINE,2024-07-26,397163.31,8,0.0,309110.36
BASELINE,2024-07-29,397500.28,9,0.0,349287.91
BASELINE,2024-07-30,400789.63,10,0.0,392672.02
BASELINE,2024-07-31,405188.51,10,0.0,397070.89
BASELINE,2024-08-01,399992.68,10,0.0,391875.06
BASELINE,2024-08-02,392326.65,10,0.0,384209.04
BASELINE,2024-08-05,384150.25,10,0.0,375316.9
BASELINE,2024-08-06,383775.54,9,0.0,334741.0
BASELINE,2024-08-07,382157.68,10,0.0,371730.06
BASELINE,2024-08-08,384857.98,10,0.0,374430.35
BASELINE,2024-08-09,385422.59,10,0.0,374994.96
BASELINE,2024-08-12,384473.14,10,0.0,374559.76
BASELINE,2024-08-13,399394.5,10,0.0,389481.12
BASELINE,2024-08-14,399273.0,10,0.0,389359.62
BASELINE,2024-08-15,404296.76,10,0.0,394383.38
BASELINE,2024-08-16,405520.79,10,0.0,395607.4
BASELINE,2024-08-19,407520.02,10,0.0,392246.04
BASELINE,2024-08-20,405865.61,10,0.0,390591.63
BASELINE,2024-08-21,407386.68,10,0.0,388904.52
BASELINE,2024-08-22,401329.68,10,0.0,382847.52
BASELINE,2024-08-23,409300.7,10,0.0,390818.54
BASELINE,2024-08-26,409576.48,10,0.0,391094.31
BASELINE,2024-08-27,410281.18,10,0.0,391799.02
BASELINE,2024-08-28,405634.28,9,0.0,344883.73
BASELINE,2024-08-29,406292.41,9,0.0,344311.12
BASELINE,2024-08-30,409483.67,10,0.0,388284.96
BASELINE,2024-09-03,402629.99,10,0.0,381431.29
BASELINE,2024-09-04,404213.64,10,0.0,376158.18
BASELINE,2024-09-05,406174.1,10,0.0,378118.64
BASELINE,2024-09-06,399047.7,10,0.0,370992.24
BASELINE,2024-09-09,403984.28,9,0.0,335964.94
BASELINE,2024-09-10,404485.62,10,0.0,376932.36
BASELINE,2024-09-11,405380.37,10,0.0,377827.12
BASELINE,2024-09-12,407833.54,10,0.0,380280.28
BASELINE,2024-09-13,408571.49,10,0.0,381018.23
BASELINE,2024-09-16,411840.86,10,0.0,384287.61
BASELINE,2024-09-17,411518.16,10,0.0,383964.91
BASELINE,2024-09-18,412294.84,10,0.0,384794.99
BASELINE,2024-09-19,417084.37,10,0.0,389584.51
BASELINE,2024-09-20,412825.08,10,0.0,385325.22
BASELINE,2024-09-23,414986.39,10,0.0,384969.82
BASELINE,2024-09-24,416283.33,10,0.0,385035.77
BASELINE,2024-09-25,412654.72,10,0.0,381407.17
BASELINE,2024-09-26,423091.93,10,0.0,391844.38
BASELINE,2024-09-27,424661.08,10,0.0,393413.52
BASELINE,2024-09-30,421706.61,10,0.0,390459.05
BASELINE,2024-10-01,421911.23,10,0.0,390663.67
BASELINE,2024-10-02,418909.03,8,0.0,302252.99
BASELINE,2024-10-03,417510.92,8,0.0,300854.89
BASELINE,2024-10-04,419950.47,8,0.0,303294.43
BASELINE,2024-10-07,416967.2,10,0.0,384238.75
BASELINE,2024-10-08,414939.67,10,0.0,382211.23
BASELINE,2024-10-09,417474.94,10,0.0,382598.76
BASELINE,2024-10-10,416369.59,10,0.0,381493.41
BASELINE,2024-10-11,420598.93,10,0.0,385722.75
BASELINE,2024-10-14,421206.71,10,0.0,386330.53
BASELINE,2024-10-15,421025.45,10,0.0,386149.26
BASELINE,2024-10-16,424287.09,10,0.0,389467.8
BASELINE,2024-10-17,421208.62,10,0.0,386389.33
BASELINE,2024-10-18,425363.02,10,0.0,389876.57
BASELINE,2024-10-21,421803.64,10,0.0,386317.18
BASELINE,2024-10-22,423315.65,10,0.0,386483.26
BASELINE,2024-10-23,419139.52,10,0.0,382307.14
BASELINE,2024-10-24,419067.62,10,0.0,381015.25
BASELINE,2024-10-25,418010.28,10,0.0,379957.92
BASELINE,2024-10-28,421031.66,10,0.0,382979.29
BASELINE,2024-10-29,417553.91,10,0.0,379501.55
BASELINE,2024-10-30,417623.64,10,0.0,379571.27
BASELINE,2024-10-31,412663.13,10,0.0,374610.77
BASELINE,2024-11-01,415968.02,10,0.0,377915.66
BASELINE,2024-11-04,415405.31,10,0.0,377352.95
BASELINE,2024-11-05,418734.92,10,0.0,380682.56
BASELINE,2024-11-06,422316.13,10,0.0,384263.77
BASELINE,2024-11-07,430277.35,10,0.0,392224.98
BASELINE,2024-11-08,429343.87,10,0.0,391291.5
BASELINE,2024-11-11,429104.53,10,0.0,391052.17
BASELINE,2024-11-12,425304.65,10,0.0,387252.28
BASELINE,2024-11-13,425460.8,10,0.0,386169.13
BASELINE,2024-11-14,421554.45,10,0.0,382262.79
BASELINE,2024-11-15,415811.98,10,0.0,376520.31
BASELINE,2024-11-18,419218.16,10,0.0,375385.37
BASELINE,2024-11-19,418442.95,10,0.0,374610.17
BASELINE,2024-11-20,419179.87,10,0.0,375347.08
BASELINE,2024-11-21,422556.92,10,0.0,378724.14
BASELINE,2024-11-22,427470.42,10,0.0,383637.63
BASELINE,2024-11-25,432770.05,10,0.0,388937.27
BASELINE,2024-11-26,428109.05,10,0.0,378001.33
BASELINE,2024-11-27,428628.16,10,0.0,376382.3
BASELINE,2024-11-29,430357.75,10,0.0,378111.89
BASELINE,2024-12-02,432305.66,10,0.0,380059.8
BASELINE,2024-12-03,430574.0,10,0.0,378328.15
BASELINE,2024-12-04,428077.01,10,0.0,375831.16
BASELINE,2024-12-05,426062.17,10,0.0,374033.29
BASELINE,2024-12-06,427343.11,10,0.0,391305.69
BASELINE,2024-12-09,427351.84,10,0.0,391314.42
BASELINE,2024-12-10,425092.91,10,0.0,389055.49
BASELINE,2024-12-11,427569.79,9,0.0,358867.11
BASELINE,2024-12-12,428219.62,10,0.0,402189.18
BASELINE,2024-12-13,422380.17,10,0.0,396349.74
BASELINE,2024-12-16,419084.17,10,0.0,393053.74
BASELINE,2024-12-17,419598.1,10,0.0,393567.67
BASELINE,2024-12-18,410579.01,10,0.0,380350.25
BASELINE,2024-12-19,410445.29,9,0.0,335773.59
BASELINE,2024-12-20,415065.0,9,0.0,340393.3
BASELINE,2024-12-23,415708.5,10,0.0,382530.01
BASELINE,2024-12-24,417754.02,10,0.0,384575.53
BASELINE,2024-12-26,417312.47,10,0.0,384133.98
BASELINE,2024-12-27,414541.58,10,0.0,385029.49
BASELINE,2024-12-30,410272.79,10,0.0,380760.69
BASELINE,2024-12-31,411620.45,10,0.0,382108.36
BASELINE,2025-01-02,412318.67,10,0.0,382806.57
BASELINE,2025-01-03,414591.56,10,0.0,385079.46
BASELINE,2025-01-06,415641.24,10,0.0,386129.14
BASELINE,2025-01-07,412178.86,10,0.0,382666.76
BASELINE,2025-01-08,410861.6,10,0.0,380470.16
BASELINE,2025-01-10,420453.46,10,0.0,390062.02
BASELINE,2025-01-13,424031.42,10,0.0,393639.98
BASELINE,2025-01-14,427759.27,10,0.0,397367.82
BASELINE,2025-01-15,431659.37,10,0.0,401267.93
BASELINE,2025-01-16,432303.58,10,0.0,401912.13
BASELINE,2025-01-17,433610.77,10,0.0,403219.33
BASELINE,2025-01-21,431155.51,10,0.0,400764.07
BASELINE,2025-01-22,429303.42,10,0.0,398611.41
BASELINE,2025-01-23,433508.66,10,0.0,403089.26
BASELINE,2025-01-24,432845.24,10,0.0,402425.85
BASELINE,2025-01-27,428660.21,10,0.0,398240.82
BASELINE,2025-01-28,428903.62,10,0.0,392496.99
BASELINE,2025-01-29,431576.74,10,0.0,396353.53
BASELINE,2025-01-30,433850.42,10,0.0,397029.96
BASELINE,2025-01-31,430022.71,10,0.0,393202.25
BASELINE,2025-02-03,422703.93,10,0.0,391727.53
BASELINE,2025-02-04,427006.83,9,0.0,353547.09
BASELINE,2025-02-05,430648.09,10,0.0,400107.36
BASELINE,2025-02-06,428576.74,10,0.0,398036.0
BASELINE,2025-02-07,427762.11,10,0.0,397221.38
BASELINE,2025-02-10,437909.22,10,0.0,406669.03
BASELINE,2025-02-11,433054.79,10,0.0,401814.6
BASELINE,2025-02-12,437925.32,10,0.0,397001.34
BASELINE,2025-02-13,446666.74,10,0.0,405742.76
BASELINE,2025-02-14,447582.99,10,0.0,406659.01
BASELINE,2025-02-18,459064.74,10,0.0,419365.12
BASELINE,2025-02-19,458345.71,10,0.0,418646.1
BASELINE,2025-02-20,461137.82,10,0.0,421755.67
BASELINE,2025-02-21,456268.35,10,0.0,416886.21
BASELINE,2025-02-24,457367.82,10,0.0,417985.67
BASELINE,2025-02-25,457494.32,10,0.0,416010.43
BASELINE,2025-02-26,453330.11,10,0.0,412726.7
BASELINE,2025-02-27,453227.81,10,0.0,409061.97
BASELINE,2025-02-28,459955.72,10,0.0,436734.72
BASELINE,2025-03-03,455656.21,10,0.0,432435.22
BASELINE,2025-03-04,449276.48,10,0.0,426055.49
BASELINE,2025-03-05,452578.45,10,0.0,429357.46
BASELINE,2025-03-06,452327.03,10,0.0,429106.04
BASELINE,2025-03-07,460343.22,10,0.0,437122.23
BASELINE,2025-03-10,460881.27,10,0.0,437660.28
BASELINE,2025-03-11,455757.8,10,0.0,432578.81
BASELINE,2025-03-12,452613.57,10,0.0,429434.57
BASELINE,2025-03-13,451732.67,9,0.0,383087.6
BASELINE,2025-03-14,462693.66,10,0.0,439713.61
BASELINE,2025-03-17,470901.06,10,0.0,447921.01
BASELINE,2025-03-18,470813.05,10,0.0,447833.0
BASELINE,2025-03-19,471980.8,10,0.0,449000.76
BASELINE,2025-03-20,471590.59,10,0.0,448610.55
BASELINE,2025-03-21,468715.01,10,0.0,445734.97
BASELINE,2025-03-24,474152.38,10,0.0,451172.34
BASELINE,2025-03-25,473693.22,10,0.0,450713.18
BASELINE,2025-03-26,469499.43,10,0.0,446519.38
BASELINE,2025-03-27,462708.73,10,0.0,440704.46
BASELINE,2025-03-28,457415.47,10,0.0,435411.19
BASELINE,2025-03-31,459195.67,10,0.0,437191.4
BASELINE,2025-04-01,453860.53,10,0.0,431856.26
BASELINE,2025-04-02,454467.62,10,0.0,432463.35
BASELINE,2025-04-03,431394.86,10,0.0,409390.59
BASELINE,2025-04-04,400423.19,10,0.0,378418.92
BASELINE,2025-04-07,396593.21,10,0.0,374588.94
BASELINE,2025-04-08,383691.72,10,0.0,361687.45
BASELINE,2025-04-09,418267.47,10,0.0,396263.2
BASELINE,2025-04-10,394986.77,10,0.0,372982.5
BASELINE,2025-04-11,399719.6,10,0.0,377715.33
BASELINE,2025-04-14,404163.46,10,0.0,382159.18
BASELINE,2025-04-15,403370.37,10,0.0,381366.1
BASELINE,2025-04-16,397702.46,10,0.0,375698.19
BASELINE,2025-04-17,401466.2,10,0.0,379461.93
BASELINE,2025-04-21,395212.05,10,0.0,373207.78
BASELINE,2025-04-22,403764.22,10,0.0,381759.95
BASELINE,2025-04-23,407587.5,10,0.0,385583.23
BASELINE,2025-04-24,417189.62,10,0.0,395185.35
BASELINE,2025-04-25,412244.65,10,0.0,390240.38
BASELINE,2025-04-28,412768.26,10,0.0,390763.99
BASELINE,2025-04-29,415132.43,10,0.0,393128.16
BASELINE,2025-04-30,415476.73,10,0.0,393472.46
BASELINE,2025-05-01,416013.21,10,0.0,394008.94
BASELINE,2025-05-02,423766.6,10,0.0,401762.33
BASELINE,2025-05-05,419294.96,10,0.0,397290.69
BASELINE,2025-05-06,417783.17,9,0.0,357853.92
BASELINE,2025-05-07,422073.92,7,0.0,283326.58
BASELINE,2025-05-08,426228.21,6,0.0,248471.96
BASELINE,2025-05-09,429579.65,8,0.0,337354.09
BASELINE,2025-05-12,439866.42,9,0.0,391567.05
BASELINE,2025-05-13,450536.15,10,0.0,446941.79
BASELINE,2025-05-14,446325.24,9,0.0,398842.42
BASELINE,2025-05-15,448141.99,10,0.0,445085.57
BASELINE,2025-05-16,449299.81,10,0.0,446243.39
BASELINE,2025-05-19,443534.13,10,0.0,440477.71
BASELINE,2025-05-20,442236.98,10,0.0,439180.56
BASELINE,2025-05-21,434609.49,10,0.0,431553.07
BASELINE,2025-05-22,431839.76,8,0.0,331200.26
BASELINE,2025-05-23,430544.28,8,0.0,329904.78
BASELINE,2025-05-27,435272.6,10,0.0,421108.7
BASELINE,2025-05-28,432117.18,10,0.0,417953.29
BASELINE,2025-05-29,432643.03,10,0.0,418479.13
BASELINE,2025-05-30,430874.53,10,0.0,416710.63
BASELINE,2025-06-02,435940.22,10,0.0,421776.33
BASELINE,2025-06-03,437564.58,10,0.0,423400.68
BASELINE,2025-06-04,435529.6,10,0.0,421365.7
BASELINE,2025-06-05,434495.12,10,0.0,420331.23
BASELINE,2025-06-06,437172.64,10,0.0,423008.74
BASELINE,2025-06-09,440815.5,10,0.0,426651.6
BASELINE,2025-06-10,448222.49,10,0.0,434058.6
BASELINE,2025-06-11,445130.68,10,0.0,430066.75
BASELINE,2025-06-12,446829.9,10,0.0,429405.59
BASELINE,2025-06-13,446424.42,10,0.0,429000.11
BASELINE,2025-06-16,447946.01,10,0.0,430521.7
BASELINE,2025-06-17,444826.36,10,0.0,434567.06
BASELINE,2025-06-18,447383.52,10,0.0,437124.21
BASELINE,2025-06-20,450706.51,10,0.0,440447.21
BASELINE,2025-06-23,448524.31,10,0.0,433027.57
BASELINE,2025-06-24,453673.29,10,0.0,438176.55
BASELINE,2025-06-25,453609.66,10,0.0,441336.31
BASELINE,2025-06-26,459419.22,10,0.0,447145.87
BASELINE,2025-06-27,461148.91,10,0.0,448547.78
BASELINE,2025-06-30,463954.98,10,0.0,451353.85
BASELINE,2025-07-01,469142.19,10,0.0,456541.06
BASELINE,2025-07-02,475754.02,10,0.0,464916.24
BASELINE,2025-07-03,479265.73,10,0.0,468427.94
BASELINE,2025-07-07,472542.73,10,0.0,461704.95
BASELINE,2025-07-08,475771.46,8,0.0,380204.84
BASELINE,2025-07-09,487157.49,10,-0.0,487157.49
BASELINE,2025-07-10,484519.12,10,-0.0,484519.12
BASELINE,2025-07-11,480890.26,10,-0.0,480890.26
BASELINE,2025-07-14,478906.38,9,0.0,430366.19
BASELINE,2025-07-15,480311.64,10,-0.0,480311.64
BASELINE,2025-07-16,482318.75,10,-0.0,482318.75
BASELINE,2025-07-17,484794.73,10,-0.0,484794.73
BASELINE,2025-07-18,485027.1,10,-0.0,485027.1
BASELINE,2025-07-21,483132.96,10,-0.0,483132.96
BASELINE,2025-07-22,485214.36,10,-0.0,485214.36
BASELINE,2025-07-23,489983.0,10,-0.0,489983.0
BASELINE,2025-07-24,489988.8,10,-0.0,489988.8
BASELINE,2025-07-25,486263.09,10,-0.0,486263.09
BASELINE,2025-07-28,487485.34,10,-0.0,487485.34
BASELINE,2025-07-29,483120.46,10,0.0,474996.13
BASELINE,2025-07-30,483516.51,10,0.0,475392.18
BASELINE,2025-07-31,483434.02,10,0.0,475309.69
BASELINE,2025-08-01,473908.45,10,0.0,465784.12
BASELINE,2025-08-04,478954.41,9,0.0,419393.94
BASELINE,2025-08-05,481804.99,10,0.0,470673.94
BASELINE,2025-08-06,472621.33,10,0.0,461490.28
BASELINE,2025-08-07,471359.15,10,0.0,460228.1
BASELINE,2025-08-08,473673.31,10,0.0,462542.26
BASELINE,2025-08-11,471765.1,10,0.0,460634.06
BASELINE,2025-08-12,478193.81,10,0.0,464655.34
BASELINE,2025-08-13,481914.67,10,0.0,468376.2
BASELINE,2025-08-14,483081.15,10,0.0,469542.67
BASELINE,2025-08-15,488058.21,10,0.0,462026.82
BASELINE,2025-08-18,485940.31,10,0.0,459908.92
BASELINE,2025-08-19,488405.44,10,0.0,462374.05
BASELINE,2025-08-20,483086.69,10,0.0,457055.3
BASELINE,2025-08-21,483918.1,10,0.0,457886.71
BASELINE,2025-08-22,491664.34,10,0.0,465632.95
BASELINE,2025-08-25,490424.52,10,0.0,467159.56
BASELINE,2025-08-26,490631.71,9,0.0,418046.87
BASELINE,2025-08-27,492946.79,9,0.0,424020.86
BASELINE,2025-08-28,493252.28,10,0.0,473696.23
BASELINE,2025-08-29,486337.72,10,0.0,466781.68
BASELINE,2025-09-02,484024.59,9,0.0,418454.15
BASELINE,2025-09-03,482757.41,10,0.0,465636.43
BASELINE,2025-09-04,483843.17,10,0.0,466122.58
BASELINE,2025-09-05,488016.79,10,0.0,470296.2
BASELINE,2025-09-08,489978.95,10,0.0,472258.36
BASELINE,2025-09-09,492661.14,10,0.0,474940.54
BASELINE,2025-09-10,498867.98,10,0.0,481147.38
BASELINE,2025-09-11,516475.17,10,0.0,498754.58
BASELINE,2025-09-12,530366.29,10,0.0,512645.69
BASELINE,2025-09-15,534399.99,10,0.0,516679.4
BASELINE,2025-09-16,530955.07,10,0.0,513234.48
BASELINE,2025-09-17,527684.0,10,0.0,509963.41
BASELINE,2025-09-18,530270.29,10,0.0,510238.56
BASELINE,2025-09-19,531985.22,10,0.0,511953.49
BASELINE,2025-09-22,534238.76,10,0.0,514207.02
BASELINE,2025-09-23,532822.45,10,0.0,512790.72
BASELINE,2025-09-24,536825.97,10,0.0,516794.23
BASELINE,2025-09-25,532009.04,10,0.0,511977.3
BASELINE,2025-09-26,534466.3,10,0.0,505505.33
BASELINE,2025-09-29,537788.4,10,0.0,508827.43
BASELINE,2025-09-30,538423.21,10,0.0,509462.24
BASELINE,2025-10-01,543769.09,10,0.0,517079.73
BASELINE,2025-10-02,542058.5,10,0.0,515369.14
BASELINE,2025-10-03,545222.31,10,0.0,494310.83
BASELINE,2025-10-06,549515.5,10,0.0,498604.02
BASELINE,2025-10-07,551728.51,10,0.0,500390.8
BASELINE,2025-10-08,555619.73,10,0.0,504282.02
BASELINE,2025-10-09,552461.68,10,0.0,501123.98
BASELINE,2025-10-10,531258.98,10,0.0,490100.72
BASELINE,2025-10-13,540234.82,10,0.0,499279.86
BASELINE,2025-10-14,540746.87,10,0.0,499791.92
BASELINE,2025-10-15,542296.46,10,0.0,501341.51
BASELINE,2025-10-16,540816.9,10,0.0,499861.95
BASELINE,2025-10-17,540044.78,10,0.0,499089.83
BASELINE,2025-10-20,550247.35,10,0.0,509292.4
BASELINE,2025-10-21,553953.73,10,0.0,511100.3
BASELINE,2025-10-22,545558.82,10,0.0,502705.4
BASELINE,2025-10-23,539402.76,10,0.0,496549.33
BASELINE,2025-10-24,545539.78,10,0.0,514094.7
BASELINE,2025-10-27,554280.49,10,0.0,522835.41
BASELINE,2025-10-28,551335.97,10,0.0,519890.89
BASELINE,2025-10-29,558396.33,10,0.0,526951.25
BASELINE,2025-10-30,555134.05,10,0.0,523688.97
BASELINE,2025-10-31,564961.21,10,0.0,533516.14
BASELINE,2025-11-03,568986.12,10,0.0,537648.51
BASELINE,2025-11-04,554344.5,9,0.0,476556.35
BASELINE,2025-11-05,556475.65,9,0.0,477827.41
BASELINE,2025-11-06,548442.94,10,0.0,525407.83
BASELINE,2025-11-07,551618.9,10,0.0,528583.79
BASELINE,2025-11-10,551889.9,10,0.0,528854.79
BASELINE,2025-11-11,552592.26,10,0.0,529557.15
BASELINE,2025-11-12,554223.43,10,0.0,531188.31
BASELINE,2025-11-13,542264.77,10,0.0,523562.21
BASELINE,2025-11-14,540333.55,10,0.0,514770.3
BASELINE,2025-11-17,530023.98,10,0.0,504460.73
BASELINE,2025-11-18,530283.24,8,0.0,401984.33
BASELINE,2025-11-19,526120.85,10,0.0,503959.39
BASELINE,2025-11-20,516256.16,10,0.0,494094.7
BASELINE,2025-11-21,525431.42,10,0.0,503269.96
BASELINE,2025-11-24,532750.63,10,0.0,510589.17
BASELINE,2025-11-25,536953.67,10,0.0,514792.21
BASELINE,2025-11-26,547347.08,10,0.0,525185.62
BASELINE,2025-11-28,549975.98,10,0.0,527814.53
BASELINE,2025-12-01,544710.81,10,0.0,522549.35
BASELINE,2025-12-02,544474.36,10,0.0,522933.36
BASELINE,2025-12-03,553478.91,10,0.0,531937.9
BASELINE,2025-12-04,557641.77,10,0.0,536100.76
BASELINE,2025-12-05,554617.84,10,0.0,533076.83
BASELINE,2025-12-08,553365.76,10,0.0,531824.75
BASELINE,2025-12-09,552639.1,10,0.0,531098.09
BASELINE,2025-12-10,562086.63,10,0.0,540545.63
BASELINE,2025-12-11,561578.69,10,0.0,540037.68
BASELINE,2025-12-12,558263.57,10,0.0,536722.56
BASELINE,2025-12-15,555371.29,9,0.0,479858.9
BASELINE,2025-12-16,552585.7,8,0.0,417569.2
BASELINE,2025-12-17,548844.37,8,0.0,413827.88
BASELINE,2025-12-18,549073.74,9,0.0,459481.42
BASELINE,2025-12-19,544186.52,10,0.0,509056.51
BASELINE,2025-12-22,547732.3,10,0.0,512602.29
BASELINE,2025-12-23,546174.83,10,0.0,511044.82
BASELINE,2025-12-24,551155.68,10,0.0,516025.67
BASELINE,2025-12-26,552717.21,10,0.0,517587.2
BASELINE,2025-12-29,553742.87,10,0.0,518612.86
BASELINE,2025-12-30,553406.81,10,0.0,518276.8
BASELINE,2025-12-31,552887.57,10,0.0,515837.95
MARGIN_BRIDGE,2016-01-04,100000.0,0,0.0,0.0
MARGIN_BRIDGE,2016-01-05,100000.0,0,0.0,0.0
MARGIN_BRIDGE,2016-01-06,100000.0,0,0.0,0.0
MARGIN_BRIDGE,2016-01-07,100000.0,0,0.0,0.0
MARGIN_BRIDGE,2016-01-08,100000.0,0,0.0,0.0
MARGIN_BRIDGE,2016-01-11,100000.0,0,0.0,0.0
MARGIN_BRIDGE,2016-01-12,100000.0,0,0.0,0.0
MARGIN_BRIDGE,2016-01-13,100000.0,0,0.0,0.0
MARGIN_BRIDGE,2016-01-14,100000.0,0,0.0,0.0
MARGIN_BRIDGE,2016-01-15,100000.0,0,0.0,0.0
MARGIN_BRIDGE,2016-01-19,100000.0,0,0.0,0.0
MARGIN_BRIDGE,2016-01-20,100000.0,0,0.0,0.0
MARGIN_BRIDGE,2016-01-21,100000.0,0,0.0,0.0
MARGIN_BRIDGE,2016-01-22,100000.0,0,0.0,0.0
MARGIN_BRIDGE,2016-01-25,100000.0,0,0.0,0.0
MARGIN_BRIDGE,2016-01-26,100000.0,0,0.0,0.0
MARGIN_BRIDGE,2016-01-27,100000.0,0,0.0,0.0
MARGIN_BRIDGE,2016-01-28,100000.0,0,0.0,0.0
MARGIN_BRIDGE,2016-01-29,100000.0,0,0.0,0.0
MARGIN_BRIDGE,2016-02-01,100413.68,12,19968.5,120382.19
MARGIN_BRIDGE,2016-02-02,96637.22,12,19969.99,116607.21
MARGIN_BRIDGE,2016-02-03,98319.4,12,19386.6,117706.0
MARGIN_BRIDGE,2016-02-04,98699.79,13,29246.16,127945.95
MARGIN_BRIDGE,2016-02-05,95689.37,13,29248.33,124937.7
MARGIN_BRIDGE,2016-02-08,92584.46,12,19438.31,112022.77
MARGIN_BRIDGE,2016-02-09,91717.71,12,19439.75,111157.46
MARGIN_BRIDGE,2016-02-10,91700.8,12,19441.2,111142.0
MARGIN_BRIDGE,2016-02-11,89854.82,12,19442.64,109297.46
MARGIN_BRIDGE,2016-02-12,91817.78,11,9850.28,101668.06
MARGIN_BRIDGE,2016-02-16,93982.74,12,19151.39,113134.13
MARGIN_BRIDGE,2016-02-17,95329.08,12,19152.81,114481.89
MARGIN_BRIDGE,2016-02-18,94529.0,12,19154.23,113683.23
MARGIN_BRIDGE,2016-02-19,95347.06,13,28075.95,123423.01
MARGIN_BRIDGE,2016-02-22,97761.53,13,28078.03,125839.56
MARGIN_BRIDGE,2016-02-23,95382.62,13,28080.12,123462.74
MARGIN_BRIDGE,2016-02-24,96874.8,12,17858.28,114733.08
MARGIN_BRIDGE,2016-02-25,98461.41,13,27563.52,126024.92
MARGIN_BRIDGE,2016-02-26,98420.14,13,27565.56,125985.7
MARGIN_BRIDGE,2016-02-29,97532.45,13,27997.04,125529.49
MARGIN_BRIDGE,2016-03-01,100991.26,13,27999.11,128990.37
MARGIN_BRIDGE,2016-03-02,102127.82,13,28001.18,130128.99
MARGIN_BRIDGE,2016-03-03,102691.07,13,27920.88,130611.95
MARGIN_BRIDGE,2016-03-04,103299.37,13,27922.94,131222.32
MARGIN_BRIDGE,2016-03-07,103955.22,13,27925.0,131880.22
MARGIN_BRIDGE,2016-03-08,100591.4,13,27927.06,128518.47
MARGIN_BRIDGE,2016-03-09,101290.65,5,0.0,49286.07
MARGIN_BRIDGE,2016-03-10,101706.14,5,0.0,49701.56
MARGIN_BRIDGE,2016-03-11,102280.77,5,0.0,50276.19
MARGIN_BRIDGE,2016-03-14,102725.59,8,0.0,81397.23
MARGIN_BRIDGE,2016-03-15,102500.99,8,0.0,81172.63
MARGIN_BRIDGE,2016-03-16,102775.22,8,0.0,81446.86
MARGIN_BRIDGE,2016-03-17,103221.41,10,0.0,102430.28
MARGIN_BRIDGE,2016-03-18,103884.86,10,0.0,103093.73
MARGIN_BRIDGE,2016-03-21,104317.81,10,0.0,103526.68
MARGIN_BRIDGE,2016-03-22,104365.56,10,0.0,103540.07
MARGIN_BRIDGE,2016-03-23,103650.88,10,0.0,102825.39
MARGIN_BRIDGE,2016-03-24,103362.87,9,0.0,93360.66
MARGIN_BRIDGE,2016-03-28,103486.88,9,0.0,93484.67
MARGIN_BRIDGE,2016-03-29,104611.33,9,0.0,94609.12
MARGIN_BRIDGE,2016-03-30,105262.97,12,21540.65,126803.62
MARGIN_BRIDGE,2016-03-31,104649.92,12,21542.24,126192.16
MARGIN_BRIDGE,2016-04-01,105057.75,12,21543.84,126601.59
MARGIN_BRIDGE,2016-04-04,105308.1,12,21545.44,126853.54
MARGIN_BRIDGE,2016-04-05,104524.73,11,9446.63,113971.36
MARGIN_BRIDGE,2016-04-06,106007.08,10,0.0,105181.27
MARGIN_BRIDGE,2016-04-07,104845.81,13,30819.47,135665.28
MARGIN_BRIDGE,2016-04-08,106001.43,12,19940.95,125942.38
MARGIN_BRIDGE,2016-04-11,105785.82,13,30597.07,136382.88
MARGIN_BRIDGE,2016-04-12,108901.03,13,30599.34,139500.36
MARGIN_BRIDGE,2016-04-13,110792.31,13,30601.61,141393.92
MARGIN_BRIDGE,2016-04-14,110804.97,13,30603.88,141408.85
MARGIN_BRIDGE,2016-04-15,110270.38,13,30606.15,140876.53
MARGIN_BRIDGE,2016-04-18,110176.26,13,30477.03,140653.29
MARGIN_BRIDGE,2016-04-19,111717.01,13,30479.29,142196.3
MARGIN_BRIDGE,2016-04-20,112684.32,13,30481.55,143165.88
MARGIN_BRIDGE,2016-04-21,111507.71,13,30483.82,141991.52
MARGIN_BRIDGE,2016-04-22,111401.2,13,30486.08,141887.28
MARGIN_BRIDGE,2016-04-25,110706.36,11,8445.25,119151.6
MARGIN_BRIDGE,2016-04-26,110407.3,9,0.0,92690.23
MARGIN_BRIDGE,2016-04-27,110249.66,9,0.0,92397.87
MARGIN_BRIDGE,2016-04-28,109545.45,13,26168.1,135713.54
MARGIN_BRIDGE,2016-04-29,107813.99,13,26170.04,133984.03
MARGIN_BRIDGE,2016-05-02,108973.11,13,26171.98,135145.09
MARGIN_BRIDGE,2016-05-03,108211.42,13,26173.92,134385.34
MARGIN_BRIDGE,2016-05-04,107209.1,12,14419.23,121628.33
MARGIN_BRIDGE,2016-05-05,107702.87,12,14420.3,122123.17
MARGIN_BRIDGE,2016-05-06,108129.19,13,25173.79,133302.97
MARGIN_BRIDGE,2016-05-09,109151.78,13,25175.66,134327.44
MARGIN_BRIDGE,2016-05-10,110136.85,13,25177.52,135314.37
MARGIN_BRIDGE,2016-05-11,108831.3,13,25179.39,134010.69
MARGIN_BRIDGE,2016-05-12,107956.13,13,25181.26,133137.39
MARGIN_BRIDGE,2016-05-13,107039.65,13,25183.13,132222.77
MARGIN_BRIDGE,2016-05-16,107682.7,13,25185.0,132867.7
MARGIN_BRIDGE,2016-05-17,106512.76,13,25186.87,131699.63
MARGIN_BRIDGE,2016-05-18,106194.09,13,25188.74,131382.83
MARGIN_BRIDGE,2016-05-19,106660.41,13,25190.6,131851.02
MARGIN_BRIDGE,2016-05-20,107958.13,13,25192.47,133150.61
MARGIN_BRIDGE,2016-05-23,108093.81,13,25194.34,133288.16
MARGIN_BRIDGE,2016-05-24,110296.9,13,25463.86,135760.77
MARGIN_BRIDGE,2016-05-25,111024.72,13,25465.75,136490.47
MARGIN_BRIDGE,2016-05-26,111191.9,13,25467.64,136659.55
MARGIN_BRIDGE,2016-05-27,111906.04,13,25469.53,137375.57
MARGIN_BRIDGE,2016-05-31,112476.41,13,25244.57,137720.98
MARGIN_BRIDGE,2016-06-01,112888.21,13,25246.45,138134.66
MARGIN_BRIDGE,2016-06-02,113486.28,13,25248.34,138734.62
MARGIN_BRIDGE,2016-06-03,112411.76,13,26907.05,139318.81
MARGIN_BRIDGE,2016-06-06,112526.35,13,26909.06,139435.41
MARGIN_BRIDGE,2016-06-07,112938.6,13,26911.07,139849.67
MARGIN_BRIDGE,2016-06-08,112871.95,13,26913.08,139785.03
MARGIN_BRIDGE,2016-06-09,112271.9,13,26915.08,139186.99
MARGIN_BRIDGE,2016-06-10,110519.46,13,26080.04,136599.51
MARGIN_BRIDGE,2016-06-13,108839.87,11,3901.71,112741.59
MARGIN_BRIDGE,2016-06-14,108773.88,11,3902.0,112675.89
MARGIN_BRIDGE,2016-06-15,108976.75,12,14821.66,123798.41
MARGIN_BRIDGE,2016-06-16,109316.61,12,14822.76,124139.37
MARGIN_BRIDGE,2016-06-17,109444.09,13,25753.74,135197.83
MARGIN_BRIDGE,2016-06-20,110415.28,13,25755.66,136170.94
MARGIN_BRIDGE,2016-06-21,110712.08,13,25757.58,136469.66
MARGIN_BRIDGE,2016-06-22,110496.05,13,25759.5,136255.55
MARGIN_BRIDGE,2016-06-23,112571.39,13,25761.42,138332.81
MARGIN_BRIDGE,2016-06-24,106432.74,13,25763.35,132196.09
MARGIN_BRIDGE,2016-06-27,103486.33,13,25765.27,129251.6
MARGIN_BRIDGE,2016-06-28,105739.44,13,25767.19,131506.63
MARGIN_BRIDGE,2016-06-29,109120.22,13,25769.11,134889.33
MARGIN_BRIDGE,2016-06-30,110720.4,13,25771.03,136491.43
MARGIN_BRIDGE,2016-07-01,111378.34,13,25772.98,137151.32
MARGIN_BRIDGE,2016-07-05,110514.66,13,25692.02,136206.68
MARGIN_BRIDGE,2016-07-06,110633.0,13,25693.96,136326.95
MARGIN_BRIDGE,2016-07-07,110590.85,13,25695.89,136286.74
MARGIN_BRIDGE,2016-07-08,112682.46,13,24346.81,137029.26
MARGIN_BRIDGE,2016-07-11,113481.47,13,24348.64,137830.12
MARGIN_BRIDGE,2016-07-12,115184.7,13,24350.48,139535.18
MARGIN_BRIDGE,2016-07-13,114386.44,13,24352.32,138738.75
MARGIN_BRIDGE,2016-07-14,116071.07,13,24138.09,140209.16
MARGIN_BRIDGE,2016-07-15,115447.0,13,24139.91,139586.91
MARGIN_BRIDGE,2016-07-18,116058.02,13,24141.73,140199.75
MARGIN_BRIDGE,2016-07-19,114717.74,13,24143.55,138861.29
MARGIN_BRIDGE,2016-07-20,115352.95,13,24145.37,139498.32
MARGIN_BRIDGE,2016-07-21,115656.61,13,24147.19,139803.8
MARGIN_BRIDGE,2016-07-22,117050.58,13,27470.22,144520.8
MARGIN_BRIDGE,2016-07-25,116659.54,13,27472.29,144131.83
MARGIN_BRIDGE,2016-07-26,117114.37,13,27474.36,144588.73
MARGIN_BRIDGE,2016-07-27,117441.75,11,7156.68,124598.43
MARGIN_BRIDGE,2016-07-28,117537.18,11,7157.22,124694.4
MARGIN_BRIDGE,2016-07-29,117479.9,12,18883.6,136363.51
MARGIN_BRIDGE,2016-08-01,118429.93,13,30655.93,149085.86
MARGIN_BRIDGE,2016-08-02,117279.41,13,30658.24,147937.65
MARGIN_BRIDGE,2016-08-03,117805.32,13,30660.55,148465.87
MARGIN_BRIDGE,2016-08-04,118832.93,13,30662.86,149495.79
MARGIN_BRIDGE,2016-08-05,120249.56,13,30665.18,150914.74
MARGIN_BRIDGE,2016-08-08,120017.48,13,30667.49,150684.97
MARGIN_BRIDGE,2016-08-09,120023.36,13,30669.8,150693.16
MARGIN_BRIDGE,2016-08-10,120045.38,13,29055.4,149100.78
MARGIN_BRIDGE,2016-08-11,121477.97,13,29057.59,150535.56
MARGIN_BRIDGE,2016-08-12,121854.96,13,28755.41,150610.37
MARGIN_BRIDGE,2016-08-15,121935.37,13,28757.58,150692.95
MARGIN_BRIDGE,2016-08-16,120977.2,13,28759.75,149736.95
MARGIN_BRIDGE,2016-08-17,121543.19,13,28761.92,150305.1
MARGIN_BRIDGE,2016-08-18,121728.29,13,28764.09,150492.38
MARGIN_BRIDGE,2016-08-19,121359.49,13,28766.25,150125.75
MARGIN_BRIDGE,2016-08-22,121034.63,13,28768.42,149803.06
MARGIN_BRIDGE,2016-08-23,120939.72,13,28770.59,149710.31
MARGIN_BRIDGE,2016-08-24,120317.68,13,28122.61,148440.29
MARGIN_BRIDGE,2016-08-25,120586.65,13,27226.26,147812.91
MARGIN_BRIDGE,2016-08-26,120415.29,13,27228.31,147643.6
MARGIN_BRIDGE,2016-08-29,121229.4,13,27230.36,148459.77
MARGIN_BRIDGE,2016-08-30,121260.9,13,27232.42,148493.32
MARGIN_BRIDGE,2016-08-31,120994.93,13,27234.47,148229.4
MARGIN_BRIDGE,2016-09-01,121474.06,13,27236.51,148710.57
MARGIN_BRIDGE,2016-09-02,121767.65,13,27238.56,149006.2
MARGIN_BRIDGE,2016-09-06,122313.66,13,27240.6,149554.26
MARGIN_BRIDGE,2016-09-07,121961.1,13,26904.15,148865.25
MARGIN_BRIDGE,2016-09-08,121933.32,13,26906.17,148839.48
MARGIN_BRIDGE,2016-09-09,117631.67,13,26908.18,144539.85
MARGIN_BRIDGE,2016-09-12,120207.91,13,26910.2,147118.12
MARGIN_BRIDGE,2016-09-13,117875.27,13,26912.22,144787.49
MARGIN_BRIDGE,2016-09-14,117903.14,13,26914.24,144817.38
MARGIN_BRIDGE,2016-09-15,119400.82,13,26916.26,146317.08
MARGIN_BRIDGE,2016-09-16,119158.71,13,26918.28,146076.99
MARGIN_BRIDGE,2016-09-19,118926.04,13,26920.3,145846.34
MARGIN_BRIDGE,2016-09-20,118708.44,13,26922.31,145630.76
MARGIN_BRIDGE,2016-09-21,119921.88,13,26924.33,146846.22
MARGIN_BRIDGE,2016-09-22,121082.37,13,26926.35,148008.72
MARGIN_BRIDGE,2016-09-23,120594.3,13,26928.37,147522.67
MARGIN_BRIDGE,2016-09-26,119351.15,13,26930.39,146281.55
MARGIN_BRIDGE,2016-09-27,120810.4,13,27402.77,148213.17
MARGIN_BRIDGE,2016-09-28,121049.53,13,27404.82,148454.36
MARGIN_BRIDGE,2016-09-29,119937.63,13,27406.88,147344.51
MARGIN_BRIDGE,2016-09-30,122009.23,13,27408.93,149418.16
MARGIN_BRIDGE,2016-10-03,122535.51,13,27411.0,149946.51
MARGIN_BRIDGE,2016-10-04,121681.88,13,28798.83,150480.72
MARGIN_BRIDGE,2016-10-05,122470.64,13,28801.01,151271.64
MARGIN_BRIDGE,2016-10-06,122156.06,13,28803.18,150959.24
MARGIN_BRIDGE,2016-10-07,121954.21,13,28805.35,150759.56
MARGIN_BRIDGE,2016-10-10,122505.37,12,19165.51,141670.88
MARGIN_BRIDGE,2016-10-11,120721.98,13,31396.32,152118.3
MARGIN_BRIDGE,2016-10-12,121019.28,13,30873.39,151892.67
MARGIN_BRIDGE,2016-10-13,120391.89,13,30875.72,151267.61
MARGIN_BRIDGE,2016-10-14,119686.33,13,30503.57,150189.89
MARGIN_BRIDGE,2016-10-17,118629.16,13,30505.87,149135.03
MARGIN_BRIDGE,2016-10-18,119672.39,13,30508.17,150180.56
MARGIN_BRIDGE,2016-10-19,120562.68,13,30510.47,151073.14
MARGIN_BRIDGE,2016-10-20,118980.3,13,30512.77,149493.07
MARGIN_BRIDGE,2016-10-21,118767.12,13,30515.07,149282.18
MARGIN_BRIDGE,2016-10-24,119325.26,13,30517.37,149842.63
MARGIN_BRIDGE,2016-10-25,118604.79,13,31941.63,150546.42
MARGIN_BRIDGE,2016-10-26,117190.31,13,31222.03,148412.34
MARGIN_BRIDGE,2016-10-27,116751.49,13,31224.38,147975.87
MARGIN_BRIDGE,2016-10-28,116853.84,13,31226.74,148080.58
MARGIN_BRIDGE,2016-10-31,117168.34,13,31229.09,148397.43
MARGIN_BRIDGE,2016-11-01,116344.82,13,31231.45,147576.26
MARGIN_BRIDGE,2016-11-02,115554.01,13,31233.8,146787.81
MARGIN_BRIDGE,2016-11-03,115303.94,13,31236.16,146540.09
MARGIN_BRIDGE,2016-11-04,115541.17,13,31238.51,146779.68
MARGIN_BRIDGE,2016-11-07,118691.68,13,31240.87,149932.54
MARGIN_BRIDGE,2016-11-08,120000.49,13,31243.22,151243.71
MARGIN_BRIDGE,2016-11-09,123106.99,13,31245.58,154352.57
MARGIN_BRIDGE,2016-11-10,125635.55,13,32142.64,157778.2
MARGIN_BRIDGE,2016-11-11,126181.38,13,32145.07,158326.44
MARGIN_BRIDGE,2016-11-14,126759.14,13,32147.49,158906.63
MARGIN_BRIDGE,2016-11-15,127629.86,13,33225.63,160855.48
MARGIN_BRIDGE,2016-11-16,126664.4,13,34530.77,161195.17
MARGIN_BRIDGE,2016-11-17,128030.46,13,34533.37,162563.83
MARGIN_BRIDGE,2016-11-18,127839.85,13,31802.76,159642.61
MARGIN_BRIDGE,2016-11-21,128870.25,13,31805.16,160675.41
MARGIN_BRIDGE,2016-11-22,129391.24,13,31807.56,161198.8
MARGIN_BRIDGE,2016-11-23,128300.31,13,31172.74,159473.06
MARGIN_BRIDGE,2016-11-25,129140.38,13,31175.09,160315.48
MARGIN_BRIDGE,2016-11-28,127098.87,13,31177.44,158276.31
MARGIN_BRIDGE,2016-11-29,127156.58,13,30609.36,157765.94
MARGIN_BRIDGE,2016-11-30,127214.59,13,30611.67,157826.26
MARGIN_BRIDGE,2016-12-01,125889.36,13,31575.32,157464.68
MARGIN_BRIDGE,2016-12-02,126288.96,13,31577.88,157866.84
MARGIN_BRIDGE,2016-12-05,127878.55,13,32890.47,160769.01
MARGIN_BRIDGE,2016-12-06,128858.51,13,32893.13,161751.64
MARGIN_BRIDGE,2016-12-07,131302.55,13,32895.79,164198.34
MARGIN_BRIDGE,2016-12-08,130495.38,13,32898.46,163393.83
MARGIN_BRIDGE,2016-12-09,130857.11,13,32891.51,163748.62
MARGIN_BRIDGE,2016-12-12,130934.05,13,32894.17,163828.22
MARGIN_BRIDGE,2016-12-13,131928.82,13,31353.36,163282.18
MARGIN_BRIDGE,2016-12-14,130341.15,13,33421.59,163762.74
MARGIN_BRIDGE,2016-12-15,130560.49,13,33424.3,163984.78
MARGIN_BRIDGE,2016-12-16,129671.98,13,33427.0,163098.98
MARGIN_BRIDGE,2016-12-19,129886.78,13,33429.71,163316.49
MARGIN_BRIDGE,2016-12-20,129910.47,13,33259.14,163169.61
MARGIN_BRIDGE,2016-12-21,130095.31,13,33261.83,163357.15
MARGIN_BRIDGE,2016-12-22,129400.52,13,33367.56,162768.09
MARGIN_BRIDGE,2016-12-23,129475.25,13,33370.26,162845.51
MARGIN_BRIDGE,2016-12-27,130353.98,13,33372.96,163726.94
MARGIN_BRIDGE,2016-12-28,128742.11,13,33375.67,162117.77
MARGIN_BRIDGE,2016-12-29,128516.04,12,22954.52,151470.56
MARGIN_BRIDGE,2016-12-30,127301.7,12,22956.38,150258.08
MARGIN_BRIDGE,2017-01-03,128930.68,13,35822.75,164753.43
MARGIN_BRIDGE,2017-01-04,129913.25,13,35825.82,165739.07
MARGIN_BRIDGE,2017-01-05,130829.6,13,35828.89,166658.49
MARGIN_BRIDGE,2017-01-06,131859.1,13,35831.96,167691.07
MARGIN_BRIDGE,2017-01-09,131404.58,13,35835.04,167239.62
MARGIN_BRIDGE,2017-01-10,131005.47,13,35696.09,166701.56
MARGIN_BRIDGE,2017-01-11,132219.11,13,35699.15,167918.26
MARGIN_BRIDGE,2017-01-12,132050.2,13,35702.21,167752.41
MARGIN_BRIDGE,2017-01-13,133282.19,13,35491.84,168774.03
MARGIN_BRIDGE,2017-01-17,132092.31,13,35494.88,167587.2
MARGIN_BRIDGE,2017-01-18,133739.33,13,37240.8,170980.13
MARGIN_BRIDGE,2017-01-19,134419.37,13,37243.99,171663.37
MARGIN_BRIDGE,2017-01-20,134717.06,13,37247.19,171964.25
MARGIN_BRIDGE,2017-01-23,132945.25,13,36104.76,169050.01
MARGIN_BRIDGE,2017-01-24,135291.87,13,36107.86,171399.72
MARGIN_BRIDGE,2017-01-25,137267.51,13,36110.95,173378.46
MARGIN_BRIDGE,2017-01-26,135706.1,13,36114.05,171820.15
MARGIN_BRIDGE,2017-01-27,136289.83,13,35924.39,172214.22
MARGIN_BRIDGE,2017-01-30,134389.4,13,35927.47,170316.86
MARGIN_BRIDGE,2017-01-31,134269.03,13,35930.55,170199.57
MARGIN_BRIDGE,2017-02-01,133801.52,11,7369.41,141170.93
MARGIN_BRIDGE,2017-02-02,134468.77,12,20724.29,155193.06
MARGIN_BRIDGE,2017-02-03,135162.14,13,34216.84,169378.98
MARGIN_BRIDGE,2017-02-06,135865.93,13,34219.77,170085.7
MARGIN_BRIDGE,2017-02-07,136010.31,13,33835.74,169846.06
MARGIN_BRIDGE,2017-02-08,134664.57,13,33838.64,168503.21
MARGIN_BRIDGE,2017-02-09,134827.86,13,33841.54,168669.4
MARGIN_BRIDGE,2017-02-10,134902.74,13,33012.53,167915.28
MARGIN_BRIDGE,2017-02-13,136488.82,13,34008.1,170496.92
MARGIN_BRIDGE,2017-02-14,137264.95,13,34011.01,171275.96
MARGIN_BRIDGE,2017-02-15,137969.15,13,34013.93,171983.08
MARGIN_BRIDGE,2017-02-16,137329.47,13,34188.36,171517.83
MARGIN_BRIDGE,2017-02-17,137226.04,11,7499.82,144725.86
MARGIN_BRIDGE,2017-02-21,138651.42,12,21304.42,159955.84
MARGIN_BRIDGE,2017-02-22,137718.08,13,35118.73,172836.81
MARGIN_BRIDGE,2017-02-23,138860.04,13,35121.74,173981.78
MARGIN_BRIDGE,2017-02-24,139054.51,13,34922.62,173977.12
MARGIN_BRIDGE,2017-02-27,139372.1,13,34925.61,174297.71
MARGIN_BRIDGE,2017-02-28,138422.63,13,35031.54,173454.17
MARGIN_BRIDGE,2017-03-01,139606.95,13,35034.72,174641.67
MARGIN_BRIDGE,2017-03-02,139152.14,13,34839.76,173991.9
MARGIN_BRIDGE,2017-03-03,139405.36,13,34842.93,174248.29
MARGIN_BRIDGE,2017-03-06,138330.43,13,34846.1,173176.53
MARGIN_BRIDGE,2017-03-07,137659.83,13,34849.26,172509.09
MARGIN_BRIDGE,2017-03-08,136856.24,13,34852.43,171708.67
MARGIN_BRIDGE,2017-03-09,136890.52,13,34434.54,171325.05
MARGIN_BRIDGE,2017-03-10,138391.85,13,34437.67,172829.52
MARGIN_BRIDGE,2017-03-13,138631.14,13,34440.8,173071.94
MARGIN_BRIDGE,2017-03-14,137645.04,13,34443.92,172088.97
MARGIN_BRIDGE,2017-03-15,139908.23,13,34447.05,174355.28
MARGIN_BRIDGE,2017-03-16,139185.23,13,34450.19,173635.41
MARGIN_BRIDGE,2017-03-17,138898.88,13,34453.32,173352.19
MARGIN_BRIDGE,2017-03-20,138300.61,13,34456.45,172757.06
MARGIN_BRIDGE,2017-03-21,135336.7,13,34459.58,169796.28
MARGIN_BRIDGE,2017-03-22,135597.36,13,32340.82,167938.18
MARGIN_BRIDGE,2017-03-23,135346.9,13,32343.76,167690.66
MARGIN_BRIDGE,2017-03-24,135489.22,13,32346.7,167835.92
MARGIN_BRIDGE,2017-03-27,134965.63,13,32349.64,167315.26
MARGIN_BRIDGE,2017-03-28,135097.18,13,32352.58,167449.76
MARGIN_BRIDGE,2017-03-29,135865.52,13,32355.52,168221.04
MARGIN_BRIDGE,2017-03-30,135482.38,13,32358.46,167840.84
MARGIN_BRIDGE,2017-03-31,136210.28,13,32361.4,168571.68
MARGIN_BRIDGE,2017-04-03,136208.45,13,32364.49,168572.94
MARGIN_BRIDGE,2017-04-04,136460.72,13,32367.59,168828.31
MARGIN_BRIDGE,2017-04-05,135760.0,13,32370.68,168130.68
MARGIN_BRIDGE,2017-04-06,136106.42,13,32373.78,168480.2
MARGIN_BRIDGE,2017-04-07,135935.7,13,32376.87,168312.57
MARGIN_BRIDGE,2017-04-10,136561.97,13,32379.97,168941.94
MARGIN_BRIDGE,2017-04-11,135934.57,13,32383.07,168317.63
MARGIN_BRIDGE,2017-04-12,134223.68,13,32386.16,166609.84
MARGIN_BRIDGE,2017-04-13,132800.77,13,32389.26,165190.03
MARGIN_BRIDGE,2017-04-17,133725.24,13,32392.36,166117.6
MARGIN_BRIDGE,2017-04-18,133221.94,13,32395.46,165617.39
MARGIN_BRIDGE,2017-04-19,132818.74,13,32398.55,165217.29
MARGIN_BRIDGE,2017-04-20,133755.64,13,32401.65,166157.3
MARGIN_BRIDGE,2017-04-21,133325.3,13,32404.75,165730.06
MARGIN_BRIDGE,2017-04-24,134139.53,13,32407.85,166547.38
MARGIN_BRIDGE,2017-04-25,134924.15,13,32410.95,167335.1
MARGIN_BRIDGE,2017-04-26,137041.09,13,32414.05,169455.14
MARGIN_BRIDGE,2017-04-27,135970.0,13,32417.15,168387.15
MARGIN_BRIDGE,2017-04-28,136268.54,13,32420.25,168688.79
MARGIN_BRIDGE,2017-05-01,135138.71,12,19373.14,154511.85
MARGIN_BRIDGE,2017-05-02,132988.52,13,32894.53,165883.04
MARGIN_BRIDGE,2017-05-03,133374.29,13,32897.67,166271.96
MARGIN_BRIDGE,2017-05-04,131723.62,13,32900.82,164624.44
MARGIN_BRIDGE,2017-05-05,133733.7,13,32903.96,166637.66
MARGIN_BRIDGE,2017-05-08,133534.89,13,32907.11,166442.0
MARGIN_BRIDGE,2017-05-09,133105.55,13,32910.26,166015.81
MARGIN_BRIDGE,2017-05-10,134369.73,13,32913.41,167283.13
MARGIN_BRIDGE,2017-05-11,134217.83,13,32916.55,167134.38
MARGIN_BRIDGE,2017-05-12,133770.4,13,30431.42,164201.83
MARGIN_BRIDGE,2017-05-15,134519.42,13,30434.33,164953.76
MARGIN_BRIDGE,2017-05-16,135719.74,13,30437.25,166156.99
MARGIN_BRIDGE,2017-05-17,131837.35,13,30440.16,162277.5
MARGIN_BRIDGE,2017-05-18,132048.63,12,15252.5,147301.13
MARGIN_BRIDGE,2017-05-19,133192.1,12,15253.96,148446.06
MARGIN_BRIDGE,2017-05-22,133360.63,13,28663.19,162023.81
MARGIN_BRIDGE,2017-05-23,132635.46,13,28665.93,161301.39
MARGIN_BRIDGE,2017-05-24,132344.9,13,28668.67,161013.57
MARGIN_BRIDGE,2017-05-25,131738.42,13,28671.41,160409.83
MARGIN_BRIDGE,2017-05-26,131780.45,13,30996.34,162776.79
MARGIN_BRIDGE,2017-05-30,130758.77,13,30999.3,161758.08
MARGIN_BRIDGE,2017-05-31,131203.6,13,31002.27,162205.87
MARGIN_BRIDGE,2017-06-01,132104.31,13,31005.39,163109.71
MARGIN_BRIDGE,2017-06-02,132572.85,13,31008.52,163581.37
MARGIN_BRIDGE,2017-06-05,132816.51,13,31765.4,164581.91
MARGIN_BRIDGE,2017-06-06,132945.27,13,31449.88,164395.15
MARGIN_BRIDGE,2017-06-07,132346.08,13,31453.05,163799.14
MARGIN_BRIDGE,2017-06-08,132388.37,13,31456.22,163844.59
MARGIN_BRIDGE,2017-06-09,133892.09,13,29856.79,163748.88
MARGIN_BRIDGE,2017-06-12,134137.27,13,29678.7,163815.96
MARGIN_BRIDGE,2017-06-13,134099.63,13,29681.69,163781.32
MARGIN_BRIDGE,2017-06-14,132118.7,13,29328.81,161447.52
MARGIN_BRIDGE,2017-06-15,131067.17,13,29331.77,160398.94
MARGIN_BRIDGE,2017-06-16,131682.06,13,29334.73,161016.79
MARGIN_BRIDGE,2017-06-19,131784.3,13,29337.68,161121.98
MARGIN_BRIDGE,2017-06-20,129329.97,13,29340.64,158670.61
MARGIN_BRIDGE,2017-06-21,127722.37,13,28708.58,156430.95
MARGIN_BRIDGE,2017-06-22,128565.69,13,28711.48,157277.17
MARGIN_BRIDGE,2017-06-23,129421.06,13,28714.37,158135.43
MARGIN_BRIDGE,2017-06-26,130273.67,13,28717.26,158990.93
MARGIN_BRIDGE,2017-06-27,129742.42,13,28556.35,158298.77
MARGIN_BRIDGE,2017-06-28,131420.96,13,28559.23,159980.18
MARGIN_BRIDGE,2017-06-29,131576.53,13,28562.1,160138.64
MARGIN_BRIDGE,2017-06-30,132105.31,13,28564.98,160670.29
MARGIN_BRIDGE,2017-07-03,133480.07,13,28116.1,161596.17
MARGIN_BRIDGE,2017-07-05,132298.95,13,28119.07,160418.02
MARGIN_BRIDGE,2017-07-06,129451.78,13,26254.31,155706.09
MARGIN_BRIDGE,2017-07-07,129284.88,12,13196.75,142481.62
MARGIN_BRIDGE,2017-07-10,130052.47,13,26119.63,156172.1
MARGIN_BRIDGE,2017-07-11,130390.79,13,26122.38,156513.17
MARGIN_BRIDGE,2017-07-12,131017.4,14,38892.46,169909.86
MARGIN_BRIDGE,2017-07-13,131712.89,14,38896.56,170609.45
MARGIN_BRIDGE,2017-07-14,133364.76,14,38900.67,172265.43
MARGIN_BRIDGE,2017-07-17,133653.04,14,38904.78,172557.82
MARGIN_BRIDGE,2017-07-18,133479.48,14,38854.94,172334.42
MARGIN_BRIDGE,2017-07-19,135281.27,14,38859.05,174140.32
MARGIN_BRIDGE,2017-07-20,135731.1,14,38863.15,174594.25
MARGIN_BRIDGE,2017-07-21,135614.51,13,30244.7,165859.2
MARGIN_BRIDGE,2017-07-24,134104.76,13,30247.89,164352.64
MARGIN_BRIDGE,2017-07-25,136402.12,12,16299.46,152701.58
MARGIN_BRIDGE,2017-07-26,136810.05,13,29995.13,166805.19
MARGIN_BRIDGE,2017-07-27,138105.49,13,29998.3,168103.79
MARGIN_BRIDGE,2017-07-28,136919.07,13,30406.75,167325.83
MARGIN_BRIDGE,2017-07-31,135947.0,13,30409.96,166356.97
MARGIN_BRIDGE,2017-08-01,136313.13,13,30238.44,166551.56
MARGIN_BRIDGE,2017-08-02,135035.41,12,18389.93,153425.34
MARGIN_BRIDGE,2017-08-03,134209.84,13,31881.74,166091.58
MARGIN_BRIDGE,2017-08-04,135310.23,13,34918.22,170228.45
MARGIN_BRIDGE,2017-08-07,135079.24,12,20645.0,155724.24
MARGIN_BRIDGE,2017-08-08,134625.24,13,34158.03,168783.27
MARGIN_BRIDGE,2017-08-09,133641.41,13,34813.26,168454.67
MARGIN_BRIDGE,2017-08-10,131180.05,11,8271.01,139451.06
MARGIN_BRIDGE,2017-08-11,131106.23,10,0.0,126226.98
MARGIN_BRIDGE,2017-08-14,133042.68,10,0.0,128163.43
MARGIN_BRIDGE,2017-08-15,133795.3,13,35181.0,168976.3
MARGIN_BRIDGE,2017-08-16,134166.16,13,35184.71,169350.88
MARGIN_BRIDGE,2017-08-17,130580.04,13,35188.43,165768.47
MARGIN_BRIDGE,2017-08-18,130634.28,13,35192.14,165826.42
MARGIN_BRIDGE,2017-08-21,130130.96,13,35195.86,165326.82
MARGIN_BRIDGE,2017-08-22,133250.34,13,35199.57,168449.91
MARGIN_BRIDGE,2017-08-23,132943.92,13,35203.29,168147.21
MARGIN_BRIDGE,2017-08-24,133074.32,13,35207.0,168281.33
MARGIN_BRIDGE,2017-08-25,132713.76,13,35919.96,168633.72
MARGIN_BRIDGE,2017-08-28,132005.26,13,35923.75,167929.01
MARGIN_BRIDGE,2017-08-29,131585.93,13,35927.55,167513.48
MARGIN_BRIDGE,2017-08-30,132704.12,13,35931.34,168635.46
MARGIN_BRIDGE,2017-08-31,133455.36,13,35935.13,169390.49
MARGIN_BRIDGE,2017-09-01,134030.73,13,35938.91,169969.64
MARGIN_BRIDGE,2017-09-05,131603.84,13,35997.73,167601.56
MARGIN_BRIDGE,2017-09-06,132727.03,13,35737.55,168464.58
MARGIN_BRIDGE,2017-09-07,131620.71,13,35741.31,167362.01
MARGIN_BRIDGE,2017-09-08,130015.37,13,35745.06,165760.44
MARGIN_BRIDGE,2017-09-11,132066.41,13,35748.82,167815.24
MARGIN_BRIDGE,2017-09-12,133687.58,13,35752.58,169440.16
MARGIN_BRIDGE,2017-09-13,134184.92,13,35703.26,169888.18
MARGIN_BRIDGE,2017-09-14,134797.02,13,35707.02,170504.03
MARGIN_BRIDGE,2017-09-15,135514.89,13,35710.77,171225.66
MARGIN_BRIDGE,2017-09-18,135934.35,13,35714.53,171648.88
MARGIN_BRIDGE,2017-09-19,136277.92,13,35718.28,171996.2
MARGIN_BRIDGE,2017-09-20,137150.2,12,25361.35,162511.55
MARGIN_BRIDGE,2017-09-21,137180.28,13,39050.62,176230.9
MARGIN_BRIDGE,2017-09-22,137362.1,13,39054.72,176416.82
MARGIN_BRIDGE,2017-09-25,136844.21,13,39058.83,175903.04
MARGIN_BRIDGE,2017-09-26,137571.3,13,38453.67,176024.96
MARGIN_BRIDGE,2017-09-27,138344.77,12,24567.76,162912.53
MARGIN_BRIDGE,2017-09-28,138184.72,13,38382.9,176567.62
MARGIN_BRIDGE,2017-09-29,138423.88,13,38386.93,176810.81
MARGIN_BRIDGE,2017-10-02,138054.27,13,38390.99,176445.26
MARGIN_BRIDGE,2017-10-03,137998.31,13,38246.54,176244.84
MARGIN_BRIDGE,2017-10-04,138139.97,13,38400.83,176540.8
MARGIN_BRIDGE,2017-10-05,139099.76,13,38404.88,177504.64
MARGIN_BRIDGE,2017-10-06,138783.99,13,38408.94,177192.93
MARGIN_BRIDGE,2017-10-09,139200.15,13,38412.99,177613.14
MARGIN_BRIDGE,2017-10-10,140981.84,12,24093.71,165075.55
MARGIN_BRIDGE,2017-10-11,142083.98,13,38152.46,180236.43
MARGIN_BRIDGE,2017-10-12,142935.2,13,38156.48,181091.69
MARGIN_BRIDGE,2017-10-13,143484.5,13,38160.51,181645.02
MARGIN_BRIDGE,2017-10-16,143667.43,12,24733.43,168400.87
MARGIN_BRIDGE,2017-10-17,143663.39,12,24736.04,168399.44
MARGIN_BRIDGE,2017-10-18,143068.32,13,39060.11,182128.42
MARGIN_BRIDGE,2017-10-19,142799.74,13,39064.23,181863.98
MARGIN_BRIDGE,2017-10-20,141732.27,13,39304.06,181036.33
MARGIN_BRIDGE,2017-10-23,141271.54,13,39308.2,180579.74
MARGIN_BRIDGE,2017-10-24,141617.72,13,39312.47,180930.19
MARGIN_BRIDGE,2017-10-25,136732.38,13,39316.62,176049.0
MARGIN_BRIDGE,2017-10-26,137276.56,13,39320.77,176597.33
MARGIN_BRIDGE,2017-10-27,137813.9,13,38502.17,176316.08
MARGIN_BRIDGE,2017-10-30,135637.52,13,38506.24,174143.75
MARGIN_BRIDGE,2017-10-31,134344.82,12,24123.39,158468.21
MARGIN_BRIDGE,2017-11-01,134125.37,13,37639.83,171765.2
MARGIN_BRIDGE,2017-11-02,136638.71,13,37643.8,174282.51
MARGIN_BRIDGE,2017-11-03,139889.71,13,37647.78,177537.49
MARGIN_BRIDGE,2017-11-06,140638.77,13,37651.75,178290.52
MARGIN_BRIDGE,2017-11-07,140973.8,13,37655.72,178629.53
MARGIN_BRIDGE,2017-11-08,140811.83,13,37659.7,178471.53
MARGIN_BRIDGE,2017-11-09,138755.19,13,37663.67,176418.86
MARGIN_BRIDGE,2017-11-10,138956.9,13,36178.55,175135.45
MARGIN_BRIDGE,2017-11-13,140307.46,13,36182.37,176489.83
MARGIN_BRIDGE,2017-11-14,139881.81,13,36043.3,175925.11
MARGIN_BRIDGE,2017-11-15,139890.21,13,36047.11,175937.31
MARGIN_BRIDGE,2017-11-16,141305.75,13,36050.91,177356.66
MARGIN_BRIDGE,2017-11-17,141889.79,13,36054.72,177944.5
MARGIN_BRIDGE,2017-11-20,141716.56,13,36606.32,178322.88
MARGIN_BRIDGE,2017-11-21,142064.71,13,36610.18,178674.89
MARGIN_BRIDGE,2017-11-22,142846.39,13,36614.05,179460.44
MARGIN_BRIDGE,2017-11-24,142414.11,13,36617.91,179032.02
MARGIN_BRIDGE,2017-11-27,141725.77,13,36762.37,178488.14
MARGIN_BRIDGE,2017-11-28,144658.55,13,36766.25,181424.8
MARGIN_BRIDGE,2017-11-29,148166.5,13,36770.13,184936.63
MARGIN_BRIDGE,2017-11-30,149506.47,13,34004.37,183510.84
MARGIN_BRIDGE,2017-12-01,150375.94,13,34008.15,184384.08
MARGIN_BRIDGE,2017-12-04,153388.19,13,34011.93,187400.12
MARGIN_BRIDGE,2017-12-05,150952.43,13,34015.7,184968.14
MARGIN_BRIDGE,2017-12-06,149260.02,12,20635.66,169895.68
MARGIN_BRIDGE,2017-12-07,149995.34,12,20747.63,170742.97
MARGIN_BRIDGE,2017-12-08,151863.14,13,36339.96,188203.1
MARGIN_BRIDGE,2017-12-11,152291.88,13,36261.03,188552.91
MARGIN_BRIDGE,2017-12-12,153440.81,13,36265.06,189705.87
MARGIN_BRIDGE,2017-12-13,153892.95,13,36269.09,190162.04
MARGIN_BRIDGE,2017-12-14,152915.14,13,36273.12,189188.25
MARGIN_BRIDGE,2017-12-15,153616.81,10,0.0,145829.98
MARGIN_BRIDGE,2017-12-18,156462.47,13,38392.13,194854.6
MARGIN_BRIDGE,2017-12-19,156612.41,13,38396.4,195008.81
MARGIN_BRIDGE,2017-12-20,157870.45,13,38400.66,196271.11
MARGIN_BRIDGE,2017-12-21,158255.47,13,39386.82,197642.29
MARGIN_BRIDGE,2017-12-22,157577.72,13,39736.73,197314.45
MARGIN_BRIDGE,2017-12-26,156945.5,13,39741.15,196686.64
MARGIN_BRIDGE,2017-12-27,157008.62,12,24040.7,181049.32
MARGIN_BRIDGE,2017-12-28,157924.7,13,39806.73,197731.43
MARGIN_BRIDGE,2017-12-29,156181.22,13,39811.15,195992.37
MARGIN_BRIDGE,2018-01-02,161668.31,13,39815.77,201484.08
MARGIN_BRIDGE,2018-01-03,164362.43,13,39820.38,204182.81
MARGIN_BRIDGE,2018-01-04,167011.04,13,39824.99,206836.04
MARGIN_BRIDGE,2018-01-05,167278.69,13,39829.61,207108.3
MARGIN_BRIDGE,2018-01-08,168211.67,13,39834.22,208045.9
MARGIN_BRIDGE,2018-01-09,166699.7,12,24121.26,190820.95
MARGIN_BRIDGE,2018-01-10,166084.56,10,0.0,158173.06
MARGIN_BRIDGE,2018-01-11,169249.62,10,0.0,164429.32
MARGIN_BRIDGE,2018-01-12,170429.91,10,0.0,165609.62
MARGIN_BRIDGE,2018-01-16,167779.85,10,0.0,162959.56
MARGIN_BRIDGE,2018-01-17,169049.88,9,0.0,146714.6
MARGIN_BRIDGE,2018-01-18,170122.39,11,11768.74,181891.13
MARGIN_BRIDGE,2018-01-19,171190.85,12,28866.9,200057.75
MARGIN_BRIDGE,2018-01-22,173327.1,13,46013.51,219340.62
MARGIN_BRIDGE,2018-01-23,177874.02,13,46018.85,223892.86
MARGIN_BRIDGE,2018-01-24,178095.08,13,46024.18,224119.25
MARGIN_BRIDGE,2018-01-25,176705.48,12,33007.76,209713.24
MARGIN_BRIDGE,2018-01-26,180099.67,10,0.0,178105.57
MARGIN_BRIDGE,2018-01-29,180356.52,12,33896.66,214253.18
MARGIN_BRIDGE,2018-01-30,176475.6,11,18353.49,194829.09
MARGIN_BRIDGE,2018-01-31,175782.26,10,1996.52,177778.78
MARGIN_BRIDGE,2018-02-01,177233.84,10,2699.98,179933.82
MARGIN_BRIDGE,2018-02-02,174365.21,11,20290.61,194655.81
MARGIN_BRIDGE,2018-02-05,167029.85,10,2036.62,169066.47
MARGIN_BRIDGE,2018-02-06,171014.32,9,0.0,155673.63
MARGIN_BRIDGE,2018-02-07,170117.43,9,0.0,154776.74
MARGIN_BRIDGE,2018-02-08,163850.22,10,1719.99,165570.21
MARGIN_BRIDGE,2018-02-09,165380.45,9,0.0,148810.75
MARGIN_BRIDGE,2018-02-12,167181.86,9,0.0,150612.15
MARGIN_BRIDGE,2018-02-13,167939.48,10,91.59,168031.06
MARGIN_BRIDGE,2018-02-14,171360.0,11,16809.66,188169.66
MARGIN_BRIDGE,2018-02-15,177029.0,13,51707.27,228736.26
MARGIN_BRIDGE,2018-02-16,177325.34,13,51713.26,229038.6
MARGIN_BRIDGE,2018-02-20,176042.66,13,51719.25,227761.91
MARGIN_BRIDGE,2018-02-21,173732.64,13,47155.91,220888.55
MARGIN_BRIDGE,2018-02-22,173405.2,13,47271.93,220677.13
MARGIN_BRIDGE,2018-02-23,177620.42,13,46998.42,224618.84
MARGIN_BRIDGE,2018-02-26,181990.95,13,47003.87,228994.82
MARGIN_BRIDGE,2018-02-27,179904.09,13,47009.32,226913.4
MARGIN_BRIDGE,2018-02-28,177378.57,11,11895.21,189273.78
MARGIN_BRIDGE,2018-03-01,175619.05,11,13244.72,188863.76
MARGIN_BRIDGE,2018-03-02,177568.53,12,30527.9,208096.44
MARGIN_BRIDGE,2018-03-05,180282.11,13,48175.18,228457.29
MARGIN_BRIDGE,2018-03-06,180434.6,13,48180.94,228615.54
MARGIN_BRIDGE,2018-03-07,178806.11,13,48725.15,227531.26
MARGIN_BRIDGE,2018-03-08,178615.75,11,12888.23,191503.98
MARGIN_BRIDGE,2018-03-09,180245.05,13,47604.95,227850.0
MARGIN_BRIDGE,2018-03-12,181379.05,13,47610.64,228989.69
MARGIN_BRIDGE,2018-03-13,180384.59,13,47896.25,228280.84
MARGIN_BRIDGE,2018-03-14,179848.86,13,47901.97,227750.83
MARGIN_BRIDGE,2018-03-15,178323.85,13,47828.03,226151.88
MARGIN_BRIDGE,2018-03-16,179326.18,13,46357.29,225683.47
MARGIN_BRIDGE,2018-03-19,175434.82,13,46362.83,221797.64
MARGIN_BRIDGE,2018-03-20,174859.56,12,28756.93,203616.49
MARGIN_BRIDGE,2018-03-21,175802.44,13,46230.23,222032.67
MARGIN_BRIDGE,2018-03-22,171689.59,13,46235.75,217925.35
MARGIN_BRIDGE,2018-03-23,168333.67,12,28221.5,196555.18
MARGIN_BRIDGE,2018-03-26,173050.11,13,45343.37,218393.48
MARGIN_BRIDGE,2018-03-27,169858.56,13,45348.78,215207.34
MARGIN_BRIDGE,2018-03-28,170759.3,13,45354.2,216113.5
MARGIN_BRIDGE,2018-03-29,172932.4,13,45359.62,218292.02
MARGIN_BRIDGE,2018-04-02,167639.64,13,45365.36,213005.0
MARGIN_BRIDGE,2018-04-03,170300.77,13,45371.1,215671.87
MARGIN_BRIDGE,2018-04-04,174634.91,13,45376.85,220011.76
MARGIN_BRIDGE,2018-04-05,175409.46,13,45382.59,220792.05
MARGIN_BRIDGE,2018-04-06,171503.95,13,45388.34,216892.28
MARGIN_BRIDGE,2018-04-09,171433.56,12,26772.9,198206.46
MARGIN_BRIDGE,2018-04-10,174742.12,13,44156.99,218899.11
MARGIN_BRIDGE,2018-04-11,174504.15,13,44162.58,218666.73
MARGIN_BRIDGE,2018-04-12,176109.87,13,43402.25,219512.13
MARGIN_BRIDGE,2018-04-13,175586.81,13,43407.75,218994.56
MARGIN_BRIDGE,2018-04-16,177470.91,13,43413.24,220884.15
MARGIN_BRIDGE,2018-04-17,181191.95,13,43418.74,224610.69
MARGIN_BRIDGE,2018-04-18,181548.03,13,43424.24,224972.26
MARGIN_BRIDGE,2018-04-19,178405.47,13,45016.46,223421.93
MARGIN_BRIDGE,2018-04-20,176671.26,13,45022.16,221693.42
MARGIN_BRIDGE,2018-04-23,176424.65,13,45027.86,221452.51
MARGIN_BRIDGE,2018-04-24,175011.2,13,44751.06,219762.27
MARGIN_BRIDGE,2018-04-25,175815.58,11,7930.57,183746.16
MARGIN_BRIDGE,2018-04-26,181037.91,11,7931.58,188969.49
MARGIN_BRIDGE,2018-04-27,182221.35,13,44174.21,226395.56
MARGIN_BRIDGE,2018-04-30,177979.06,13,44179.8,222158.87
MARGIN_BRIDGE,2018-05-01,179326.04,12,24869.44,204195.49
MARGIN_BRIDGE,2018-05-02,177011.79,13,42284.91,219296.7
MARGIN_BRIDGE,2018-05-03,176641.36,13,42290.28,218931.64
MARGIN_BRIDGE,2018-05-04,180838.55,13,42295.65,223134.2
MARGIN_BRIDGE,2018-05-07,182384.86,13,42301.02,224685.88
MARGIN_BRIDGE,2018-05-08,180844.29,13,42306.39,223150.68
MARGIN_BRIDGE,2018-05-09,182241.88,13,42311.77,224553.64
MARGIN_BRIDGE,2018-05-10,184801.89,13,42317.14,227119.03
MARGIN_BRIDGE,2018-05-11,184973.33,13,42322.51,227295.85
MARGIN_BRIDGE,2018-05-14,185540.6,13,42327.89,227868.49
MARGIN_BRIDGE,2018-05-15,183702.58,13,42535.33,226237.9
MARGIN_BRIDGE,2018-05-16,185607.52,13,43616.02,229223.54
MARGIN_BRIDGE,2018-05-17,184710.5,13,43621.55,228332.05
MARGIN_BRIDGE,2018-05-18,182667.06,13,43627.09,226294.15
MARGIN_BRIDGE,2018-05-21,184390.79,11,4890.21,189280.99
MARGIN_BRIDGE,2018-05-22,185746.16,11,4890.83,190636.99
MARGIN_BRIDGE,2018-05-23,186305.46,11,4891.45,191196.9
MARGIN_BRIDGE,2018-05-24,186773.34,13,42165.58,228938.91
MARGIN_BRIDGE,2018-05-25,186917.2,13,42170.93,229088.13
MARGIN_BRIDGE,2018-05-29,185791.78,13,42176.29,227968.06
MARGIN_BRIDGE,2018-05-30,187441.99,13,42181.64,229623.63
MARGIN_BRIDGE,2018-05-31,183439.0,13,42187.0,225626.0
MARGIN_BRIDGE,2018-06-01,184040.68,12,21645.57,205686.25
MARGIN_BRIDGE,2018-06-04,184304.92,13,40374.33,224679.25
MARGIN_BRIDGE,2018-06-05,184597.94,13,40379.65,224977.58
MARGIN_BRIDGE,2018-06-06,187268.78,13,40384.97,227653.75
MARGIN_BRIDGE,2018-06-07,187572.61,13,40390.29,227962.9
MARGIN_BRIDGE,2018-06-08,189550.48,13,40395.61,229946.08
MARGIN_BRIDGE,2018-06-11,190627.56,13,40400.93,231028.49
MARGIN_BRIDGE,2018-06-12,191212.03,12,21287.1,212499.14
MARGIN_BRIDGE,2018-06-13,192179.52,13,40534.04,232713.55
MARGIN_BRIDGE,2018-06-14,193431.43,13,40650.82,234082.25
MARGIN_BRIDGE,2018-06-15,193333.09,13,40656.17,233989.26
MARGIN_BRIDGE,2018-06-18,191397.2,13,40661.53,232058.73
MARGIN_BRIDGE,2018-06-19,191047.9,13,45799.65,236847.55
MARGIN_BRIDGE,2018-06-20,192996.0,12,26699.24,219695.23
MARGIN_BRIDGE,2018-06-21,190838.65,11,7534.97,198373.63
MARGIN_BRIDGE,2018-06-22,192639.57,13,46087.16,238726.73
MARGIN_BRIDGE,2018-06-25,189471.0,13,46093.23,235564.23
MARGIN_BRIDGE,2018-06-26,189494.91,13,46099.3,235594.22
MARGIN_BRIDGE,2018-06-27,188575.6,13,46105.38,234680.97
MARGIN_BRIDGE,2018-06-28,189564.32,13,46111.45,235675.77
MARGIN_BRIDGE,2018-06-29,190374.93,13,46117.53,236492.45
MARGIN_BRIDGE,2018-07-02,189284.9,13,46123.77,235408.66
MARGIN_BRIDGE,2018-07-03,189495.93,13,46130.01,235625.93
MARGIN_BRIDGE,2018-07-05,191288.49,13,46136.25,237424.74
MARGIN_BRIDGE,2018-07-06,193650.15,13,46142.49,239792.64
MARGIN_BRIDGE,2018-07-09,196564.23,13,46148.74,242712.97
MARGIN_BRIDGE,2018-07-10,197454.88,13,46154.98,243609.86
MARGIN_BRIDGE,2018-07-11,195108.21,13,46515.24,241623.45
MARGIN_BRIDGE,2018-07-12,196032.41,13,47943.08,243975.49
MARGIN_BRIDGE,2018-07-13,196975.71,13,47949.56,244925.28
MARGIN_BRIDGE,2018-07-16,194815.84,13,47956.05,242771.89
MARGIN_BRIDGE,2018-07-17,195830.65,13,47962.54,243793.19
MARGIN_BRIDGE,2018-07-18,195533.71,13,47969.03,243502.74
MARGIN_BRIDGE,2018-07-19,196406.68,13,47975.52,244382.2
MARGIN_BRIDGE,2018-07-20,196370.19,13,48816.95,245187.14
MARGIN_BRIDGE,2018-07-23,197165.27,13,48823.56,245988.83
MARGIN_BRIDGE,2018-07-24,197086.94,13,48830.16,245917.1
MARGIN_BRIDGE,2018-07-25,198703.12,13,48836.77,247539.89
MARGIN_BRIDGE,2018-07-26,199289.55,13,48843.38,248132.93
MARGIN_BRIDGE,2018-07-27,198734.85,13,49898.32,248633.17
MARGIN_BRIDGE,2018-07-30,198580.44,13,49905.07,248485.52
MARGIN_BRIDGE,2018-07-31,198437.83,13,49911.83,248349.66
MARGIN_BRIDGE,2018-08-01,197271.38,13,50082.15,247353.53
MARGIN_BRIDGE,2018-08-02,200845.38,13,50307.58,251152.96
MARGIN_BRIDGE,2018-08-03,201535.74,13,50314.39,251850.13
MARGIN_BRIDGE,2018-08-06,201064.39,12,30598.8,231663.19
MARGIN_BRIDGE,2018-08-07,200576.6,13,50817.66,251394.26
MARGIN_BRIDGE,2018-08-08,199895.75,13,50824.53,250720.28
MARGIN_BRIDGE,2018-08-09,198624.73,13,50831.41,249456.14
MARGIN_BRIDGE,2018-08-10,198240.21,13,50838.29,249078.5
MARGIN_BRIDGE,2018-08-13,195525.26,13,50845.17,246370.42
MARGIN_BRIDGE,2018-08-14,197019.92,12,28322.56,225342.49
MARGIN_BRIDGE,2018-08-15,197118.03,13,47980.79,245098.83
MARGIN_BRIDGE,2018-08-16,199026.87,13,47987.29,247014.15
MARGIN_BRIDGE,2018-08-17,196967.04,13,46230.81,243197.85
MARGIN_BRIDGE,2018-08-20,197013.5,13,46237.07,243250.56
MARGIN_BRIDGE,2018-08-21,198659.12,13,46243.32,244902.44
MARGIN_BRIDGE,2018-08-22,199632.78,13,46249.58,245882.37
MARGIN_BRIDGE,2018-08-23,199843.19,13,46255.84,246099.03
MARGIN_BRIDGE,2018-08-24,200300.87,13,46262.1,246562.97
MARGIN_BRIDGE,2018-08-27,202904.46,13,44679.63,247584.08
MARGIN_BRIDGE,2018-08-28,202265.72,13,45373.71,247639.43
MARGIN_BRIDGE,2018-08-29,203950.61,13,45379.85,249330.45
MARGIN_BRIDGE,2018-08-30,201857.86,13,45385.99,247243.85
MARGIN_BRIDGE,2018-08-31,201069.31,12,26366.74,227436.05
MARGIN_BRIDGE,2018-09-04,199068.43,13,46478.2,245546.63
MARGIN_BRIDGE,2018-09-05,197796.24,13,46484.56,244280.8
MARGIN_BRIDGE,2018-09-06,194642.11,13,46490.92,241133.03
MARGIN_BRIDGE,2018-09-07,192612.16,13,44737.51,237349.68
MARGIN_BRIDGE,2018-09-10,192822.47,13,44743.64,237566.11
MARGIN_BRIDGE,2018-09-11,191861.89,13,44749.76,236611.66
MARGIN_BRIDGE,2018-09-12,192767.64,13,44755.89,237523.53
MARGIN_BRIDGE,2018-09-13,194793.04,13,44762.02,239555.06
MARGIN_BRIDGE,2018-09-14,194678.18,13,44768.15,239446.33
MARGIN_BRIDGE,2018-09-17,193880.11,13,44774.27,238654.38
MARGIN_BRIDGE,2018-09-18,194773.7,13,43703.19,238476.89
MARGIN_BRIDGE,2018-09-19,196252.25,13,43709.17,239961.43
MARGIN_BRIDGE,2018-09-20,197712.19,13,43715.16,241427.35
MARGIN_BRIDGE,2018-09-21,197518.67,13,43721.14,241239.81
MARGIN_BRIDGE,2018-09-24,194667.81,13,43727.13,238394.94
MARGIN_BRIDGE,2018-09-25,191926.76,13,43733.11,235659.88
MARGIN_BRIDGE,2018-09-26,190901.15,13,43739.1,234640.25
MARGIN_BRIDGE,2018-09-27,191158.08,13,43745.09,234903.17
MARGIN_BRIDGE,2018-09-28,192328.75,13,43751.08,236079.83
MARGIN_BRIDGE,2018-10-01,193198.34,13,43757.49,236955.83
MARGIN_BRIDGE,2018-10-02,194362.68,13,43763.89,238126.58
MARGIN_BRIDGE,2018-10-03,195479.37,13,43770.3,239249.67
MARGIN_BRIDGE,2018-10-04,191457.23,13,43776.71,235233.94
MARGIN_BRIDGE,2018-10-05,190374.56,13,41958.9,232333.46
MARGIN_BRIDGE,2018-10-08,192768.8,13,41965.04,234733.84
MARGIN_BRIDGE,2018-10-09,191577.77,13,41971.19,233548.95
MARGIN_BRIDGE,2018-10-10,185644.25,13,41977.33,227621.58
MARGIN_BRIDGE,2018-10-11,180110.71,13,41983.48,222094.19
MARGIN_BRIDGE,2018-10-12,179546.53,12,23705.3,203251.83
MARGIN_BRIDGE,2018-10-15,179617.12,13,41643.47,221260.59
MARGIN_BRIDGE,2018-10-16,183426.55,13,41649.56,225076.11
MARGIN_BRIDGE,2018-10-17,184595.74,13,41655.66,226251.41
MARGIN_BRIDGE,2018-10-18,179589.15,13,41661.76,221250.91
MARGIN_BRIDGE,2018-10-19,178621.96,13,41667.86,220289.83
MARGIN_BRIDGE,2018-10-22,174438.21,13,40847.9,215286.11
MARGIN_BRIDGE,2018-10-23,173700.64,13,40853.88,214554.52
MARGIN_BRIDGE,2018-10-24,165958.64,13,39054.21,205012.85
MARGIN_BRIDGE,2018-10-25,171826.06,13,39059.93,210885.99
MARGIN_BRIDGE,2018-10-26,169072.46,13,39065.65,208138.11
MARGIN_BRIDGE,2018-10-29,170116.59,13,39071.37,209187.96
MARGIN_BRIDGE,2018-10-30,174973.64,13,39077.09,214050.73
MARGIN_BRIDGE,2018-10-31,177468.22,13,39082.81,216551.03
MARGIN_BRIDGE,2018-11-01,181117.47,13,39088.55,220206.02
MARGIN_BRIDGE,2018-11-02,182012.5,13,39631.04,221643.54
MARGIN_BRIDGE,2018-11-05,183325.45,13,39636.86,222962.31
MARGIN_BRIDGE,2018-11-06,185486.91,13,39642.68,225129.59
MARGIN_BRIDGE,2018-11-07,184110.6,13,38803.04,222913.64
MARGIN_BRIDGE,2018-11-08,183674.7,13,38808.74,222483.44
MARGIN_BRIDGE,2018-11-09,182872.75,13,38814.44,221687.19
MARGIN_BRIDGE,2018-11-12,180465.7,10,0.0,164244.74
MARGIN_BRIDGE,2018-11-13,179274.07,8,0.0,127724.19
MARGIN_BRIDGE,2018-11-14,179522.64,7,0.0,109369.12
MARGIN_BRIDGE,2018-11-15,181403.37,7,0.0,111249.85
MARGIN_BRIDGE,2018-11-16,182658.79,8,0.0,130441.0
MARGIN_BRIDGE,2018-11-19,181388.33,8,0.0,129170.54
MARGIN_BRIDGE,2018-11-20,179727.48,8,0.0,127512.03
MARGIN_BRIDGE,2018-11-21,179871.92,10,0.0,163804.28
MARGIN_BRIDGE,2018-11-23,178358.29,11,1759.3,180117.59
MARGIN_BRIDGE,2018-11-26,181683.33,11,1759.55,183442.88
MARGIN_BRIDGE,2018-11-27,182110.0,13,37906.14,220016.14
MARGIN_BRIDGE,2018-11-28,186845.55,13,37911.71,224757.26
MARGIN_BRIDGE,2018-11-29,186127.68,13,37917.27,224044.95
MARGIN_BRIDGE,2018-11-30,187886.17,13,41442.98,229329.15
MARGIN_BRIDGE,2018-12-03,191474.06,13,41449.18,232923.24
MARGIN_BRIDGE,2018-12-04,182587.87,13,41455.38,224043.25
MARGIN_BRIDGE,2018-12-06,180021.51,8,0.0,136614.53
MARGIN_BRIDGE,2018-12-07,174786.83,13,46592.09,221378.92
MARGIN_BRIDGE,2018-12-10,174833.83,13,46599.06,221432.88
MARGIN_BRIDGE,2018-12-11,174980.53,13,46606.03,221586.55
MARGIN_BRIDGE,2018-12-12,177101.23,13,46613.0,223714.23
MARGIN_BRIDGE,2018-12-13,175950.57,13,46619.97,222570.54
MARGIN_BRIDGE,2018-12-14,172294.25,13,46626.95,218921.2
MARGIN_BRIDGE,2018-12-17,167436.49,13,46633.92,214070.41
MARGIN_BRIDGE,2018-12-18,168407.51,13,46640.9,215048.42
MARGIN_BRIDGE,2018-12-19,163051.6,13,46647.88,209699.48
MARGIN_BRIDGE,2018-12-20,160363.55,13,46654.86,207018.4
MARGIN_BRIDGE,2018-12-21,155259.1,13,46661.84,201920.94
MARGIN_BRIDGE,2018-12-24,149731.27,12,32071.64,181802.92
MARGIN_BRIDGE,2018-12-26,159258.7,12,32076.44,191335.14
MARGIN_BRIDGE,2018-12-27,159724.9,12,32081.24,191806.14
MARGIN_BRIDGE,2018-12-28,159595.67,13,48135.72,207731.39
MARGIN_BRIDGE,2018-12-31,160816.52,13,48142.92,208959.44
MARGIN_BRIDGE,2019-01-02,164148.85,13,48150.37,212299.22
MARGIN_BRIDGE,2019-01-03,157322.66,13,48157.82,205480.48
MARGIN_BRIDGE,2019-01-04,164375.77,12,32504.87,196880.64
MARGIN_BRIDGE,2019-01-07,168158.62,13,49010.47,217169.09
MARGIN_BRIDGE,2019-01-08,170251.54,13,49018.06,219269.6
MARGIN_BRIDGE,2019-01-09,171551.41,13,49025.64,220577.05
MARGIN_BRIDGE,2019-01-10,172446.32,12,37569.36,210015.68
MARGIN_BRIDGE,2019-01-11,172474.68,12,37575.17,210049.86
MARGIN_BRIDGE,2019-01-14,171793.85,12,36314.96,208108.82
MARGIN_BRIDGE,2019-01-15,173601.9,10,1543.95,175145.85
MARGIN_BRIDGE,2019-01-16,171970.41,10,1544.19,173514.6
MARGIN_BRIDGE,2019-01-17,173126.57,8,0.0,142144.23
MARGIN_BRIDGE,2019-01-18,174802.04,9,0.0,161251.1
MARGIN_BRIDGE,2019-01-22,174115.76,10,4041.24,178157.0
MARGIN_BRIDGE,2019-01-23,172556.41,10,4041.87,176598.28
MARGIN_BRIDGE,2019-01-24,172130.26,10,3826.93,175957.19
MARGIN_BRIDGE,2019-01-25,171401.81,11,21092.94,192494.75
MARGIN_BRIDGE,2019-01-28,170801.6,12,38052.99,208854.59
MARGIN_BRIDGE,2019-01-29,170008.55,12,38058.87,208067.42
MARGIN_BRIDGE,2019-01-30,173704.26,12,38064.76,211769.02
MARGIN_BRIDGE,2019-01-31,174224.81,12,38070.66,212295.47
MARGIN_BRIDGE,2019-02-01,176329.22,12,38076.55,214405.77
MARGIN_BRIDGE,2019-02-04,178324.12,12,38082.44,216406.56
MARGIN_BRIDGE,2019-02-05,179522.97,12,38088.33,217611.3
MARGIN_BRIDGE,2019-02-06,179294.22,12,36599.77,215893.99
MARGIN_BRIDGE,2019-02-07,177188.48,10,0.0,175378.06
MARGIN_BRIDGE,2019-02-08,176825.45,12,33336.01,210161.45
MARGIN_BRIDGE,2019-02-11,177132.26,13,51105.79,228238.06
MARGIN_BRIDGE,2019-02-12,180318.63,12,32617.87,212936.51
MARGIN_BRIDGE,2019-02-13,181725.86,13,50786.28,232512.13
MARGIN_BRIDGE,2019-02-14,181716.26,13,50794.14,232510.4
MARGIN_BRIDGE,2019-02-15,184233.31,13,50802.0,235035.3
MARGIN_BRIDGE,2019-02-19,185672.2,13,50940.48,236612.68
MARGIN_BRIDGE,2019-02-20,184092.36,13,50948.36,235040.72
MARGIN_BRIDGE,2019-02-21,181820.02,13,51175.82,232995.84
MARGIN_BRIDGE,2019-02-22,183886.03,13,51167.11,235053.14
MARGIN_BRIDGE,2019-02-25,182974.76,13,51175.03,234149.79
MARGIN_BRIDGE,2019-02-26,182225.53,13,45947.19,228172.72
MARGIN_BRIDGE,2019-02-27,181292.58,13,45954.3,227246.88
MARGIN_BRIDGE,2019-02-28,178803.76,13,45961.41,224765.17
MARGIN_BRIDGE,2019-03-01,180858.29,13,45968.52,226826.81
MARGIN_BRIDGE,2019-03-04,179703.14,13,45975.64,225678.78
MARGIN_BRIDGE,2019-03-05,180342.51,13,45371.96,225714.47
MARGIN_BRIDGE,2019-03-06,178968.45,13,45378.98,224347.43
MARGIN_BRIDGE,2019-03-07,176713.08,12,27582.73,204295.81
MARGIN_BRIDGE,2019-03-08,177362.05,13,45015.04,222377.09
MARGIN_BRIDGE,2019-03-11,181111.3,13,45022.01,226133.31
MARGIN_BRIDGE,2019-03-12,181733.87,13,45028.98,226762.85
MARGIN_BRIDGE,2019-03-13,184107.71,13,45035.95,229143.66
MARGIN_BRIDGE,2019-03-14,183014.07,13,45042.92,228056.99
MARGIN_BRIDGE,2019-03-15,184259.18,13,45049.89,229309.07
MARGIN_BRIDGE,2019-03-18,184603.36,13,45056.86,229660.22
MARGIN_BRIDGE,2019-03-19,185372.36,13,45063.83,230436.2
MARGIN_BRIDGE,2019-03-20,184786.1,13,44750.9,229537.0
MARGIN_BRIDGE,2019-03-21,188617.78,13,42316.71,230934.49
MARGIN_BRIDGE,2019-03-22,183213.67,13,42323.26,225536.94
MARGIN_BRIDGE,2019-03-25,183160.01,11,5132.42,188292.43
MARGIN_BRIDGE,2019-03-26,185302.61,11,5133.21,190435.82
MARGIN_BRIDGE,2019-03-27,183307.51,13,42441.86,225749.37
MARGIN_BRIDGE,2019-03-28,183609.99,13,42448.43,226058.42
MARGIN_BRIDGE,2019-03-29,184792.86,13,42455.0,227247.86
MARGIN_BRIDGE,2019-04-01,188836.46,13,42461.6,231298.06
MARGIN_BRIDGE,2019-04-02,183674.68,13,42468.21,226142.89
MARGIN_BRIDGE,2019-04-03,184779.14,13,41650.91,226430.06
MARGIN_BRIDGE,2019-04-04,186778.43,13,41657.39,228435.82
MARGIN_BRIDGE,2019-04-05,187327.64,13,41663.87,228991.51
MARGIN_BRIDGE,2019-04-08,188157.04,13,40868.24,229025.28
MARGIN_BRIDGE,2019-04-09,186944.48,13,40874.6,227819.07
MARGIN_BRIDGE,2019-04-10,187803.54,13,40880.96,228684.5
MARGIN_BRIDGE,2019-04-11,187811.26,13,40887.32,228698.58
MARGIN_BRIDGE,2019-04-12,189509.05,13,40893.68,230402.73
MARGIN_BRIDGE,2019-04-15,189608.13,13,40900.04,230508.17
MARGIN_BRIDGE,2019-04-16,194428.6,13,40193.53,234622.13
MARGIN_BRIDGE,2019-04-17,196609.82,13,43872.45,240482.26
MARGIN_BRIDGE,2019-04-18,196383.81,13,43879.27,240263.08
MARGIN_BRIDGE,2019-04-22,196465.48,13,44914.59,241380.07
MARGIN_BRIDGE,2019-04-23,201809.58,13,45646.81,247456.38
MARGIN_BRIDGE,2019-04-24,200833.74,13,46387.9,247221.63
MARGIN_BRIDGE,2019-04-25,201154.47,13,46395.12,247549.58
MARGIN_BRIDGE,2019-04-26,202545.92,13,46402.33,248948.26
MARGIN_BRIDGE,2019-04-29,203627.64,13,45503.19,249130.84
MARGIN_BRIDGE,2019-04-30,204061.13,13,45510.27,249571.4
MARGIN_BRIDGE,2019-05-01,204615.06,13,45517.3,250132.36
MARGIN_BRIDGE,2019-05-02,204382.19,12,26394.81,230777.0
MARGIN_BRIDGE,2019-05-03,205768.21,13,46908.87,252677.08
MARGIN_BRIDGE,2019-05-06,205612.75,13,52228.23,257840.98
MARGIN_BRIDGE,2019-05-07,199633.66,13,52236.29,251869.95
MARGIN_BRIDGE,2019-05-08,198298.36,12,30933.98,229232.34
MARGIN_BRIDGE,2019-05-09,195758.48,12,23859.93,219618.41
MARGIN_BRIDGE,2019-05-10,196635.65,13,43370.5,240006.15
MARGIN_BRIDGE,2019-05-13,188866.31,13,43377.19,232243.51
MARGIN_BRIDGE,2019-05-14,193436.97,13,43383.89,236820.86
MARGIN_BRIDGE,2019-05-15,197305.56,13,43390.59,240696.15
MARGIN_BRIDGE,2019-05-16,198710.03,13,43397.28,242107.31
MARGIN_BRIDGE,2019-05-17,197970.0,13,43403.98,241373.99
MARGIN_BRIDGE,2019-05-20,194174.71,13,42494.62,236669.33
MARGIN_BRIDGE,2019-05-21,197290.14,13,42501.18,239791.32
MARGIN_BRIDGE,2019-05-22,194588.85,13,42507.74,237096.59
MARGIN_BRIDGE,2019-05-23,189590.15,13,38467.93,228058.07
MARGIN_BRIDGE,2019-05-24,190520.12,13,38473.86,228993.98
MARGIN_BRIDGE,2019-05-28,192154.65,13,38479.8,230634.45
MARGIN_BRIDGE,2019-05-29,191486.11,13,38485.74,229971.86
MARGIN_BRIDGE,2019-05-30,192004.28,13,38491.68,230495.96
MARGIN_BRIDGE,2019-05-31,187286.44,13,38497.63,225784.07
MARGIN_BRIDGE,2019-06-03,186398.75,12,28546.3,214945.05
MARGIN_BRIDGE,2019-06-04,192616.05,12,28550.7,221166.75
MARGIN_BRIDGE,2019-06-05,194186.77,13,47934.19,242120.96
MARGIN_BRIDGE,2019-06-06,198033.83,13,47941.57,245975.4
MARGIN_BRIDGE,2019-06-07,199724.35,13,47948.95,247673.3
MARGIN_BRIDGE,2019-06-10,202036.83,13,47956.34,249993.16
MARGIN_BRIDGE,2019-06-11,202812.24,13,47963.72,250775.96
MARGIN_BRIDGE,2019-06-12,199996.57,13,47971.1,247967.68
MARGIN_BRIDGE,2019-06-13,201979.56,12,25150.18,227129.74
MARGIN_BRIDGE,2019-06-14,201371.95,13,44252.82,245624.77
MARGIN_BRIDGE,2019-06-17,201877.84,13,44259.63,246137.47
MARGIN_BRIDGE,2019-06-18,206750.88,13,44266.45,251017.32
MARGIN_BRIDGE,2019-06-19,205558.27,13,44273.26,249831.53
MARGIN_BRIDGE,2019-06-20,207099.69,13,46523.19,253622.88
MARGIN_BRIDGE,2019-06-21,208186.68,13,46530.35,254717.03
MARGIN_BRIDGE,2019-06-24,208740.38,12,29370.02,238110.41
MARGIN_BRIDGE,2019-06-25,204741.1,12,29374.54,234115.64
MARGIN_BRIDGE,2019-06-26,206779.37,11,10277.56,217056.93
MARGIN_BRIDGE,2019-06-27,209841.48,12,31293.86,241135.34
MARGIN_BRIDGE,2019-06-28,211461.95,13,52418.98,263880.92
MARGIN_BRIDGE,2019-07-01,214019.15,13,52427.09,266446.24
MARGIN_BRIDGE,2019-07-02,214139.24,13,52435.2,266574.44
MARGIN_BRIDGE,2019-07-03,216063.43,13,52709.57,268773.0
MARGIN_BRIDGE,2019-07-05,215914.93,13,52717.73,268632.66
MARGIN_BRIDGE,2019-07-08,214377.02,13,52286.84,266663.86
MARGIN_BRIDGE,2019-07-09,214780.58,12,31064.29,245844.87
MARGIN_BRIDGE,2019-07-10,215896.31,13,52693.29,268589.6
MARGIN_BRIDGE,2019-07-11,216543.06,13,52701.45,269244.51
MARGIN_BRIDGE,2019-07-12,217197.9,13,52709.6,269907.5
MARGIN_BRIDGE,2019-07-15,218523.95,13,52717.76,271241.71
MARGIN_BRIDGE,2019-07-16,216587.42,13,52725.92,269313.34
MARGIN_BRIDGE,2019-07-17,214515.99,13,52734.08,267250.07
MARGIN_BRIDGE,2019-07-18,212408.46,13,52742.24,265150.7
MARGIN_BRIDGE,2019-07-19,210396.94,13,52750.4,263147.34
MARGIN_BRIDGE,2019-07-22,209946.39,13,51519.31,261465.69
MARGIN_BRIDGE,2019-07-23,212027.48,13,51527.28,263554.76
MARGIN_BRIDGE,2019-07-24,218189.71,13,51535.26,269724.96
MARGIN_BRIDGE,2019-07-25,214523.11,13,51543.23,266066.34
MARGIN_BRIDGE,2019-07-26,218923.65,13,50609.63,269533.27
MARGIN_BRIDGE,2019-07-29,219343.39,13,50617.46,269960.85
MARGIN_BRIDGE,2019-07-30,218300.3,13,50625.29,268925.59
MARGIN_BRIDGE,2019-07-31,213573.98,13,48027.05,261601.03
MARGIN_BRIDGE,2019-08-01,212200.88,13,48033.94,260234.83
MARGIN_BRIDGE,2019-08-02,210494.21,13,48040.84,258535.06
MARGIN_BRIDGE,2019-08-05,204561.91,13,48047.75,252609.65
MARGIN_BRIDGE,2019-08-06,207135.2,12,23889.0,231024.2
MARGIN_BRIDGE,2019-08-07,207231.74,13,44352.61,251584.34
MARGIN_BRIDGE,2019-08-08,213699.26,13,44358.98,258058.24
MARGIN_BRIDGE,2019-08-09,212090.21,13,44227.67,256317.89
MARGIN_BRIDGE,2019-08-12,208517.86,13,44234.03,252751.89
MARGIN_BRIDGE,2019-08-13,210926.72,12,21912.75,232839.47
MARGIN_BRIDGE,2019-08-14,202876.89,13,42638.94,245515.83
MARGIN_BRIDGE,2019-08-15,201481.22,11,0.0,201387.02
MARGIN_BRIDGE,2019-08-16,205817.5,11,0.0,205723.31
MARGIN_BRIDGE,2019-08-19,209072.67,14,62610.55,271683.23
MARGIN_BRIDGE,2019-08-20,206968.28,14,62619.55,269587.83
MARGIN_BRIDGE,2019-08-21,208990.2,14,62628.54,271618.74
MARGIN_BRIDGE,2019-08-22,209706.17,14,62637.54,272343.71
MARGIN_BRIDGE,2019-08-23,199678.93,14,62646.54,262325.47
MARGIN_BRIDGE,2019-08-26,202631.71,13,42199.82,244831.52
MARGIN_BRIDGE,2019-08-27,202973.39,13,42205.88,245179.27
MARGIN_BRIDGE,2019-08-28,204923.43,13,42211.94,247135.37
MARGIN_BRIDGE,2019-08-29,208701.52,13,42218.01,250919.52
MARGIN_BRIDGE,2019-08-30,209327.77,13,42224.07,251551.84
MARGIN_BRIDGE,2019-09-03,207135.36,13,42230.02,249365.38
MARGIN_BRIDGE,2019-09-04,211474.67,13,42235.97,253710.64
MARGIN_BRIDGE,2019-09-05,216004.99,14,63738.03,279743.02
MARGIN_BRIDGE,2019-09-06,214957.53,14,63747.01,278704.54
MARGIN_BRIDGE,2019-09-09,216514.05,14,63755.99,280270.04
MARGIN_BRIDGE,2019-09-10,218202.0,14,63764.97,281966.97
MARGIN_BRIDGE,2019-09-11,218967.18,13,45085.18,264052.37
MARGIN_BRIDGE,2019-09-12,220702.15,13,45091.54,265793.69
MARGIN_BRIDGE,2019-09-13,221731.02,13,45097.89,266828.91
MARGIN_BRIDGE,2019-09-16,219920.47,12,22917.26,242837.74
MARGIN_BRIDGE,2019-09-17,220401.49,12,21351.81,241753.3
MARGIN_BRIDGE,2019-09-18,218866.68,14,65239.57,284106.25
MARGIN_BRIDGE,2019-09-19,219302.24,14,65248.76,284550.99
MARGIN_BRIDGE,2019-09-20,217988.42,13,44508.26,262496.67
MARGIN_BRIDGE,2019-09-23,218047.92,13,42859.47,260907.39
MARGIN_BRIDGE,2019-09-24,213955.46,12,24098.44,238053.9
MARGIN_BRIDGE,2019-09-25,214787.36,12,24101.83,238889.19
MARGIN_BRIDGE,2019-09-26,213825.57,13,52767.33,266592.89
MARGIN_BRIDGE,2019-09-27,210949.8,13,52774.76,263724.56
MARGIN_BRIDGE,2019-09-30,213129.44,13,52782.2,265911.64
MARGIN_BRIDGE,2019-10-01,212082.88,13,52789.17,264872.05
MARGIN_BRIDGE,2019-10-02,209078.77,13,52796.15,261874.92
MARGIN_BRIDGE,2019-10-03,211752.25,13,52803.12,264555.37
MARGIN_BRIDGE,2019-10-04,215200.98,13,52810.1,268011.08
MARGIN_BRIDGE,2019-10-07,213647.91,13,52817.08,266465.0
MARGIN_BRIDGE,2019-10-08,209868.15,13,52824.06,262692.21
MARGIN_BRIDGE,2019-10-09,211916.25,13,52831.04,264747.29
MARGIN_BRIDGE,2019-10-10,213890.33,13,52838.02,266728.35
MARGIN_BRIDGE,2019-10-11,216705.62,13,52845.0,269550.63
MARGIN_BRIDGE,2019-10-14,217750.5,13,52851.99,270602.49
MARGIN_BRIDGE,2019-10-15,219671.91,13,52858.97,272530.88
MARGIN_BRIDGE,2019-10-16,218792.82,13,52865.96,271658.78
MARGIN_BRIDGE,2019-10-17,220369.05,13,52752.68,273121.73
MARGIN_BRIDGE,2019-10-18,217540.51,13,52759.65,270300.16
MARGIN_BRIDGE,2019-10-21,219575.96,13,60268.36,279844.32
MARGIN_BRIDGE,2019-10-22,217551.67,13,60276.32,277827.99
MARGIN_BRIDGE,2019-10-23,219639.89,13,60284.28,279924.18
MARGIN_BRIDGE,2019-10-24,221231.04,13,60292.25,281523.29
MARGIN_BRIDGE,2019-10-25,221641.06,13,60300.22,281941.28
MARGIN_BRIDGE,2019-10-28,223752.22,13,61425.94,285178.16
MARGIN_BRIDGE,2019-10-29,222542.06,13,61434.06,283976.11
MARGIN_BRIDGE,2019-10-30,224800.0,12,39087.57,263887.58
MARGIN_BRIDGE,2019-10-31,224346.74,12,38231.69,262578.43
MARGIN_BRIDGE,2019-11-01,227241.46,10,0.0,219028.76
MARGIN_BRIDGE,2019-11-04,228083.99,13,61018.61,289102.6
MARGIN_BRIDGE,2019-11-05,228197.88,13,61026.0,289223.88
MARGIN_BRIDGE,2019-11-06,227980.88,13,61033.38,289014.26
MARGIN_BRIDGE,2019-11-07,228007.75,12,37494.86,265502.61
MARGIN_BRIDGE,2019-11-08,229758.73,13,60209.9,289968.63
MARGIN_BRIDGE,2019-11-11,228268.5,13,60217.19,288485.69
MARGIN_BRIDGE,2019-11-12,228036.33,13,60224.47,288260.8
MARGIN_BRIDGE,2019-11-13,228108.89,13,60231.76,288340.65
MARGIN_BRIDGE,2019-11-14,228564.27,13,57907.23,286471.5
MARGIN_BRIDGE,2019-11-15,230215.39,13,57914.24,288129.63
MARGIN_BRIDGE,2019-11-18,230510.79,13,57921.25,288432.04
MARGIN_BRIDGE,2019-11-19,228839.12,13,60652.94,289492.05
MARGIN_BRIDGE,2019-11-20,228709.35,13,60660.28,289369.63
MARGIN_BRIDGE,2019-11-21,228570.14,13,58327.21,286897.35
MARGIN_BRIDGE,2019-11-22,228166.03,13,58334.27,286500.3
MARGIN_BRIDGE,2019-11-25,230868.8,13,58341.33,289210.13
MARGIN_BRIDGE,2019-11-26,231401.09,13,58348.39,289749.48
MARGIN_BRIDGE,2019-11-27,232714.82,13,58355.45,291070.27
MARGIN_BRIDGE,2019-11-29,231522.28,13,58362.52,289884.8
MARGIN_BRIDGE,2019-12-02,230082.67,13,58369.58,288452.25
MARGIN_BRIDGE,2019-12-03,228638.27,13,58376.64,287014.91
MARGIN_BRIDGE,2019-12-04,229326.07,13,58383.71,287709.78
MARGIN_BRIDGE,2019-12-05,229580.21,13,59866.14,289446.35
MARGIN_BRIDGE,2019-12-06,233094.18,13,61084.58,294178.75
MARGIN_BRIDGE,2019-12-09,232907.32,13,62043.46,294950.79
MARGIN_BRIDGE,2019-12-10,234297.32,13,62050.97,296348.3
MARGIN_BRIDGE,2019-12-11,236361.08,13,62058.48,298419.56
MARGIN_BRIDGE,2019-12-12,241964.57,13,62065.99,304030.56
MARGIN_BRIDGE,2019-12-13,240760.42,13,62073.51,302833.92
MARGIN_BRIDGE,2019-12-16,243396.04,12,37518.62,280914.66
MARGIN_BRIDGE,2019-12-17,244428.03,13,61895.59,306323.62
MARGIN_BRIDGE,2019-12-18,244271.44,13,62778.71,307050.14
MARGIN_BRIDGE,2019-12-19,245888.35,13,62786.31,308674.66
MARGIN_BRIDGE,2019-12-20,246666.02,13,62793.91,309459.93
MARGIN_BRIDGE,2019-12-23,246721.97,13,62801.51,309523.47
MARGIN_BRIDGE,2019-12-24,247246.97,13,62809.11,310056.07
MARGIN_BRIDGE,2019-12-26,247702.92,13,64008.51,311711.43
MARGIN_BRIDGE,2019-12-27,246442.59,13,62792.55,309235.14
MARGIN_BRIDGE,2019-12-30,244954.24,12,36284.9,281239.14
MARGIN_BRIDGE,2019-12-31,245560.03,12,36289.29,281849.32
MARGIN_BRIDGE,2020-01-02,245205.3,13,63541.73,308747.03
MARGIN_BRIDGE,2020-01-03,242188.07,13,64497.5,306685.56
MARGIN_BRIDGE,2020-01-06,243135.76,13,64505.3,307641.06
MARGIN_BRIDGE,2020-01-07,241221.9,13,64513.11,305735.01
MARGIN_BRIDGE,2020-01-08,242294.86,13,64520.92,306815.78
MARGIN_BRIDGE,2020-01-09,242503.18,13,64528.73,307031.9
MARGIN_BRIDGE,2020-01-10,241444.31,13,64536.54,305980.85
MARGIN_BRIDGE,2020-01-13,242637.7,13,64544.35,307182.05
MARGIN_BRIDGE,2020-01-14,242128.1,13,64552.16,306680.26
MARGIN_BRIDGE,2020-01-15,240829.83,13,64559.97,305389.8
MARGIN_BRIDGE,2020-01-16,242859.82,13,64567.79,307427.61
MARGIN_BRIDGE,2020-01-17,243809.41,13,64575.6,308385.01
MARGIN_BRIDGE,2020-01-21,242905.18,13,64583.42,307488.59
MARGIN_BRIDGE,2020-01-22,242726.81,13,64591.23,307318.04
MARGIN_BRIDGE,2020-01-23,241545.98,13,64002.61,305548.59
MARGIN_BRIDGE,2020-01-24,237684.04,13,64010.36,301694.39
MARGIN_BRIDGE,2020-01-27,234612.65,13,64018.1,298630.75
MARGIN_BRIDGE,2020-01-28,236657.99,12,38052.94,274710.93
MARGIN_BRIDGE,2020-01-29,234443.47,13,61819.74,296263.21
MARGIN_BRIDGE,2020-01-30,235350.29,13,61827.23,297177.52
MARGIN_BRIDGE,2020-01-31,229815.79,13,61834.71,291650.5
MARGIN_BRIDGE,2020-02-03,228473.24,13,61842.27,290315.5
MARGIN_BRIDGE,2020-02-04,231443.96,13,61849.83,293293.79
MARGIN_BRIDGE,2020-02-05,238472.06,13,61857.38,300329.45
MARGIN_BRIDGE,2020-02-06,238383.88,13,61864.95,300248.82
MARGIN_BRIDGE,2020-02-07,237475.2,13,61872.51,299347.7
MARGIN_BRIDGE,2020-02-10,239144.33,13,62833.02,301977.35
MARGIN_BRIDGE,2020-02-11,242249.52,13,62840.7,305090.22
MARGIN_BRIDGE,2020-02-12,243713.81,13,62848.38,306562.19
MARGIN_BRIDGE,2020-02-13,244048.71,13,62856.07,306904.78
MARGIN_BRIDGE,2020-02-14,243124.4,13,62863.75,305988.15
MARGIN_BRIDGE,2020-02-18,242336.2,12,43176.73,285512.93
MARGIN_BRIDGE,2020-02-19,242604.64,12,41264.92,283869.55
MARGIN_BRIDGE,2020-02-20,242610.63,13,67028.24,309638.87
MARGIN_BRIDGE,2020-02-21,238469.82,13,67036.44,305506.25
MARGIN_BRIDGE,2020-02-24,225629.37,12,44021.92,269651.29
MARGIN_BRIDGE,2020-02-25,215631.21,12,44027.3,259658.51
MARGIN_BRIDGE,2020-02-26,211785.66,12,44032.68,255818.34
MARGIN_BRIDGE,2020-02-27,202143.52,12,44038.07,246181.59
MARGIN_BRIDGE,2020-02-28,199953.45,12,44043.45,243996.89
MARGIN_BRIDGE,2020-03-02,210757.1,12,44047.17,254804.27
MARGIN_BRIDGE,2020-03-03,202630.4,12,44050.89,246681.3
MARGIN_BRIDGE,2020-03-04,210803.11,12,44054.62,254857.72
MARGIN_BRIDGE,2020-03-05,200821.1,12,44058.34,244879.44
MARGIN_BRIDGE,2020-03-06,194430.08,12,44062.06,238492.14
MARGIN_BRIDGE,2020-03-09,168809.24,12,44065.79,212875.03
MARGIN_BRIDGE,2020-03-10,179518.01,12,44069.51,223587.52
MARGIN_BRIDGE,2020-03-11,166306.6,12,44073.24,210379.84
MARGIN_BRIDGE,2020-03-12,144449.27,12,44076.96,188526.23
MARGIN_BRIDGE,2020-03-13,164513.6,12,44080.69,208594.29
MARGIN_BRIDGE,2020-03-16,138265.53,12,44084.42,182349.95
MARGIN_BRIDGE,2020-03-17,153576.39,11,37089.91,190666.29
MARGIN_BRIDGE,2020-03-18,141918.83,11,37093.04,179011.87
MARGIN_BRIDGE,2020-03-19,142856.44,11,37096.18,179952.62
MARGIN_BRIDGE,2020-03-20,131788.45,11,37099.31,168887.76
MARGIN_BRIDGE,2020-03-23,124814.33,11,37102.45,161916.78
MARGIN_BRIDGE,2020-03-24,136925.07,11,37105.58,174030.65
MARGIN_BRIDGE,2020-03-25,139533.91,11,37108.72,176642.63
MARGIN_BRIDGE,2020-03-26,153378.5,11,37111.86,190490.36
MARGIN_BRIDGE,2020-03-27,146664.97,11,37114.99,183779.97
MARGIN_BRIDGE,2020-03-30,150075.31,11,37118.13,187193.45
MARGIN_BRIDGE,2020-03-31,145193.45,11,37121.27,182314.72
MARGIN_BRIDGE,2020-04-01,136314.8,11,37123.55,173438.35
MARGIN_BRIDGE,2020-04-02,139998.06,11,37125.84,177123.9
MARGIN_BRIDGE,2020-04-03,136142.86,11,37128.12,173270.98
MARGIN_BRIDGE,2020-04-06,149047.51,11,37130.4,186177.91
MARGIN_BRIDGE,2020-04-07,150341.49,11,37132.69,187474.18
MARGIN_BRIDGE,2020-04-08,156538.67,10,15537.19,172075.86
MARGIN_BRIDGE,2020-04-09,160444.9,12,47467.63,207912.53
MARGIN_BRIDGE,2020-04-13,156859.47,12,47470.55,204330.02
MARGIN_BRIDGE,2020-04-14,159025.4,9,0.0,155550.02
MARGIN_BRIDGE,2020-04-15,154012.71,8,0.0,139248.44
MARGIN_BRIDGE,2020-04-16,152924.94,7,0.0,122839.4
MARGIN_BRIDGE,2020-04-17,156346.12,8,0.0,141945.94
MARGIN_BRIDGE,2020-04-20,153570.38,8,0.0,139170.2
MARGIN_BRIDGE,2020-04-21,149763.3,7,0.0,116529.74
MARGIN_BRIDGE,2020-04-22,150815.13,5,0.0,77984.4
MARGIN_BRIDGE,2020-04-23,151364.74,9,0.0,139400.91
MARGIN_BRIDGE,2020-04-24,152491.66,12,33922.1,186413.75
MARGIN_BRIDGE,2020-04-27,159516.1,12,33924.18,193440.28
MARGIN_BRIDGE,2020-04-28,167563.1,12,33926.27,201489.36
MARGIN_BRIDGE,2020-04-29,187487.52,11,20297.67,207785.19
MARGIN_BRIDGE,2020-04-30,180496.31,12,38683.76,219180.07
MARGIN_BRIDGE,2020-05-01,165719.44,10,3403.25,169122.7
MARGIN_BRIDGE,2020-05-04,165910.91,7,0.0,115589.26
MARGIN_BRIDGE,2020-05-05,160992.08,7,0.0,110670.43
MARGIN_BRIDGE,2020-05-06,158573.69,6,0.0,91418.25
MARGIN_BRIDGE,2020-05-07,165856.16,6,0.0,98700.71
MARGIN_BRIDGE,2020-05-08,171200.69,7,0.0,120871.02
MARGIN_BRIDGE,2020-05-11,169110.11,12,34506.09,203616.21
MARGIN_BRIDGE,2020-05-12,163361.81,12,34508.22,197870.03
MARGIN_BRIDGE,2020-05-13,154598.77,12,34510.34,189109.11
MARGIN_BRIDGE,2020-05-14,161256.76,12,34512.46,195769.22
MARGIN_BRIDGE,2020-05-15,160635.35,12,34514.58,195149.93
MARGIN_BRIDGE,2020-05-18,174448.95,12,34516.71,208965.66
MARGIN_BRIDGE,2020-05-19,171524.18,13,51942.56,223466.74
MARGIN_BRIDGE,2020-05-20,177996.26,13,51744.82,229741.08
MARGIN_BRIDGE,2020-05-21,177798.0,13,51748.0,229546.0
MARGIN_BRIDGE,2020-05-22,175670.19,13,52021.61,227691.79
MARGIN_BRIDGE,2020-05-26,190255.25,13,52024.81,242280.05
MARGIN_BRIDGE,2020-05-27,203598.12,13,49055.23,252653.35
MARGIN_BRIDGE,2020-05-28,188761.26,13,49058.25,237819.51
MARGIN_BRIDGE,2020-05-29,183959.93,12,36937.4,220897.33
MARGIN_BRIDGE,2020-06-01,188682.73,11,16141.04,204823.77
MARGIN_BRIDGE,2020-06-02,190645.15,13,55172.73,245817.88
MARGIN_BRIDGE,2020-06-03,203999.78,13,55176.19,259175.97
MARGIN_BRIDGE,2020-06-04,211249.25,13,55179.65,266428.9
MARGIN_BRIDGE,2020-06-05,233220.94,13,55183.11,288404.05
MARGIN_BRIDGE,2020-06-08,259080.77,13,55186.57,314267.35
MARGIN_BRIDGE,2020-06-09,242683.39,13,55190.03,297873.42
MARGIN_BRIDGE,2020-06-10,227546.89,13,54198.38,281745.27
MARGIN_BRIDGE,2020-06-11,202289.83,9,0.0,179539.52
MARGIN_BRIDGE,2020-06-12,207245.37,6,0.0,122189.24
MARGIN_BRIDGE,2020-06-15,208809.66,6,0.0,123753.52
MARGIN_BRIDGE,2020-06-16,209902.91,6,0.0,124846.77
MARGIN_BRIDGE,2020-06-17,210561.63,6,0.0,125505.5
MARGIN_BRIDGE,2020-06-18,211297.08,6,0.0,126240.95
MARGIN_BRIDGE,2020-06-19,208607.76,11,21058.09,229665.85
MARGIN_BRIDGE,2020-06-22,210324.33,11,21059.41,231383.74
MARGIN_BRIDGE,2020-06-23,208252.87,13,63398.86,271651.73
MARGIN_BRIDGE,2020-06-24,200605.45,12,41347.68,241953.13
MARGIN_BRIDGE,2020-06-25,203005.06,11,16513.03,219518.09
MARGIN_BRIDGE,2020-06-26,196344.09,12,36707.63,233051.72
MARGIN_BRIDGE,2020-06-29,199422.95,13,56489.65,255912.6
MARGIN_BRIDGE,2020-06-30,204285.64,13,56493.19,260778.83
MARGIN_BRIDGE,2020-07-01,203096.04,13,56496.76,259592.8
MARGIN_BRIDGE,2020-07-02,204474.5,13,56500.32,260974.82
MARGIN_BRIDGE,2020-07-06,207682.67,13,56503.89,264186.56
MARGIN_BRIDGE,2020-07-07,203474.31,13,56507.45,259981.76
MARGIN_BRIDGE,2020-07-08,205028.01,13,56511.02,261539.02
MARGIN_BRIDGE,2020-07-09,202489.2,13,56514.58,259003.78
MARGIN_BRIDGE,2020-07-10,205668.18,13,56518.15,262186.33
MARGIN_BRIDGE,2020-07-13,202194.1,13,56521.71,258715.82
MARGIN_BRIDGE,2020-07-14,205816.01,11,12616.76,218432.76
MARGIN_BRIDGE,2020-07-15,212132.92,13,58573.3,270706.21
MARGIN_BRIDGE,2020-07-16,213760.93,13,58576.99,272337.93
MARGIN_BRIDGE,2020-07-17,212998.39,13,58580.69,271579.07
MARGIN_BRIDGE,2020-07-20,213709.19,13,58059.28,271768.47
MARGIN_BRIDGE,2020-07-21,219149.55,13,58062.94,277212.5
MARGIN_BRIDGE,2020-07-22,221509.27,13,58066.61,279575.87
MARGIN_BRIDGE,2020-07-23,218980.71,13,58070.27,277050.98
MARGIN_BRIDGE,2020-07-24,220968.16,12,36077.26,257045.42
MARGIN_BRIDGE,2020-07-27,222254.22,12,36079.54,258333.76
MARGIN_BRIDGE,2020-07-28,219203.29,12,35545.68,254748.97
MARGIN_BRIDGE,2020-07-29,228184.22,13,57856.38,286040.6
MARGIN_BRIDGE,2020-07-30,222821.65,13,57860.03,280681.69
MARGIN_BRIDGE,2020-07-31,221003.25,13,57863.68,278866.93
MARGIN_BRIDGE,2020-08-03,221872.03,13,57867.34,279739.36
MARGIN_BRIDGE,2020-08-04,229224.43,13,57870.99,287095.42
MARGIN_BRIDGE,2020-08-05,232822.99,13,57874.64,290697.63
MARGIN_BRIDGE,2020-08-06,233075.13,13,57878.29,290953.42
MARGIN_BRIDGE,2020-08-07,233979.86,13,57881.94,291861.8
MARGIN_BRIDGE,2020-08-10,237771.72,13,57885.59,295657.31
MARGIN_BRIDGE,2020-08-11,237222.41,13,57889.25,295111.66
MARGIN_BRIDGE,2020-08-12,241278.92,13,57892.9,299171.81
MARGIN_BRIDGE,2020-08-13,238512.13,13,57720.19,296232.32
MARGIN_BRIDGE,2020-08-14,239652.6,13,57723.83,297376.43
MARGIN_BRIDGE,2020-08-17,240799.02,13,57727.47,298526.49
MARGIN_BRIDGE,2020-08-18,240177.62,14,71560.92,311738.54
MARGIN_BRIDGE,2020-08-19,236690.49,14,70997.81,307688.3
MARGIN_BRIDGE,2020-08-20,236135.93,14,71002.29,307138.22
MARGIN_BRIDGE,2020-08-21,234377.72,14,70542.78,304920.49
MARGIN_BRIDGE,2020-08-24,239629.78,14,70547.23,310177.01
MARGIN_BRIDGE,2020-08-25,243138.89,14,70551.68,313690.57
MARGIN_BRIDGE,2020-08-26,245223.48,14,70556.13,315779.61
MARGIN_BRIDGE,2020-08-27,245408.01,14,70560.58,315968.59
MARGIN_BRIDGE,2020-08-28,248902.44,14,70565.03,319467.47
MARGIN_BRIDGE,2020-08-31,247102.64,14,70569.49,317672.13
MARGIN_BRIDGE,2020-09-01,250356.53,14,70966.49,321323.03
MARGIN_BRIDGE,2020-09-02,253279.3,14,70970.97,324250.27
MARGIN_BRIDGE,2020-09-03,244743.05,14,70975.45,315718.49
MARGIN_BRIDGE,2020-09-04,243742.69,12,18252.67,261995.36
MARGIN_BRIDGE,2020-09-08,234792.33,14,66226.18,301018.51
MARGIN_BRIDGE,2020-09-09,237013.89,14,66230.36,303244.25
MARGIN_BRIDGE,2020-09-10,230150.36,14,66234.54,296384.89
MARGIN_BRIDGE,2020-09-11,231130.36,14,66238.72,297369.08
MARGIN_BRIDGE,2020-09-14,234921.94,14,66242.9,301164.84
MARGIN_BRIDGE,2020-09-15,231883.33,14,66247.07,298130.41
MARGIN_BRIDGE,2020-09-16,236457.01,14,66251.25,302708.26
MARGIN_BRIDGE,2020-09-17,234174.49,14,66255.43,300429.93
MARGIN_BRIDGE,2020-09-18,232681.34,14,66259.62,298940.96
MARGIN_BRIDGE,2020-09-21,223917.62,14,63685.84,287603.46
MARGIN_BRIDGE,2020-09-22,224257.48,14,63689.86,287947.34
MARGIN_BRIDGE,2020-09-23,218993.51,14,63693.88,282687.39
MARGIN_BRIDGE,2020-09-24,217579.14,14,63697.9,281277.04
MARGIN_BRIDGE,2020-09-25,218241.03,14,60615.04,278856.07
MARGIN_BRIDGE,2020-09-28,226975.21,14,60618.86,287594.07
MARGIN_BRIDGE,2020-09-29,221587.44,14,60622.69,282210.13
MARGIN_BRIDGE,2020-09-30,223484.19,14,60626.51,284110.7
MARGIN_BRIDGE,2020-10-01,222188.16,14,60630.34,282818.5
MARGIN_BRIDGE,2020-10-02,222973.54,14,60634.16,283607.7
MARGIN_BRIDGE,2020-10-05,230022.61,14,60637.99,290660.6
MARGIN_BRIDGE,2020-10-06,224358.59,14,60641.81,285000.4
MARGIN_BRIDGE,2020-10-07,229410.76,14,60645.64,290056.4
MARGIN_BRIDGE,2020-10-08,234753.26,14,60649.47,295402.72
MARGIN_BRIDGE,2020-10-09,234291.8,14,60653.29,294945.09
MARGIN_BRIDGE,2020-10-12,237223.52,14,60657.12,297880.64
MARGIN_BRIDGE,2020-10-13,235091.22,14,60660.95,295752.17
MARGIN_BRIDGE,2020-10-14,233321.16,14,60664.78,293985.94
MARGIN_BRIDGE,2020-10-15,235890.64,14,58612.43,294503.07
MARGIN_BRIDGE,2020-10-16,231046.15,14,58616.13,289662.29
MARGIN_BRIDGE,2020-10-19,226739.13,14,57449.97,284189.1
MARGIN_BRIDGE,2020-10-20,229811.51,14,57453.6,287265.1
MARGIN_BRIDGE,2020-10-21,226519.87,14,57457.22,283977.09
MARGIN_BRIDGE,2020-10-22,236929.81,14,57460.85,294390.66
MARGIN_BRIDGE,2020-10-23,237875.77,14,57464.47,295340.24
MARGIN_BRIDGE,2020-10-26,229803.2,14,57468.1,287271.3
MARGIN_BRIDGE,2020-10-27,225457.61,14,57471.72,282929.33
MARGIN_BRIDGE,2020-10-28,215600.77,14,57475.35,273076.12
MARGIN_BRIDGE,2020-10-29,218902.07,14,57478.98,276381.05
MARGIN_BRIDGE,2020-10-30,220320.05,14,57482.6,277802.66
MARGIN_BRIDGE,2020-11-02,229054.69,14,57486.23,286540.92
MARGIN_BRIDGE,2020-11-03,232729.08,14,57489.86,290218.94
MARGIN_BRIDGE,2020-11-04,234149.53,14,57493.49,291643.01
MARGIN_BRIDGE,2020-11-05,237255.66,14,57497.11,294752.77
MARGIN_BRIDGE,2020-11-06,233391.19,14,57500.74,290891.93
MARGIN_BRIDGE,2020-11-09,255841.9,14,55915.11,311757.01
MARGIN_BRIDGE,2020-11-10,259775.21,14,55918.64,315693.85
MARGIN_BRIDGE,2020-11-11,259536.56,14,66319.21,325855.77
MARGIN_BRIDGE,2020-11-12,253100.97,14,66323.4,319424.37
MARGIN_BRIDGE,2020-11-13,258669.82,13,41686.41,300356.23
MARGIN_BRIDGE,2020-11-16,268582.33,14,68194.25,336776.58
MARGIN_BRIDGE,2020-11-17,270368.87,13,41769.4,312138.27
MARGIN_BRIDGE,2020-11-18,266810.5,14,68940.92,335751.42
MARGIN_BRIDGE,2020-11-19,272170.61,12,20624.45,292795.06
MARGIN_BRIDGE,2020-11-20,270131.24,13,47810.14,317941.38
MARGIN_BRIDGE,2020-11-23,283462.91,14,75345.24,358808.16
MARGIN_BRIDGE,2020-11-24,292475.71,14,75350.0,367825.71
MARGIN_BRIDGE,2020-11-25,285244.42,14,75354.75,360599.17
MARGIN_BRIDGE,2020-11-27,285703.81,13,61059.79,346763.6
MARGIN_BRIDGE,2020-11-30,283188.58,13,58941.94,342130.52
MARGIN_BRIDGE,2020-12-01,287831.95,13,58945.66,346777.61
MARGIN_BRIDGE,2020-12-02,285213.78,13,60766.58,345980.36
MARGIN_BRIDGE,2020-12-03,283830.65,13,60770.41,344601.07
MARGIN_BRIDGE,2020-12-04,287504.34,13,60774.25,348278.58
MARGIN_BRIDGE,2020-12-07,288082.02,13,60778.08,348860.1
MARGIN_BRIDGE,2020-12-08,290557.05,13,60781.92,351338.97
MARGIN_BRIDGE,2020-12-09,287225.78,12,31048.47,318274.25
MARGIN_BRIDGE,2020-12-10,287737.05,11,1590.43,289327.48
MARGIN_BRIDGE,2020-12-11,287139.68,11,1590.53,288730.21
MARGIN_BRIDGE,2020-12-14,285930.83,12,30446.94,316377.77
MARGIN_BRIDGE,2020-12-15,290772.24,12,30448.86,321221.1
MARGIN_BRIDGE,2020-12-16,293488.38,13,59592.12,353080.5
MARGIN_BRIDGE,2020-12-17,294636.45,13,59595.88,354232.34
MARGIN_BRIDGE,2020-12-18,294012.41,13,59599.64,353612.05
MARGIN_BRIDGE,2020-12-21,291621.63,13,59603.4,351225.03
MARGIN_BRIDGE,2020-12-22,291514.58,13,59607.16,351121.74
MARGIN_BRIDGE,2020-12-23,292250.12,13,59610.93,351861.05
MARGIN_BRIDGE,2020-12-24,292039.16,13,59614.69,351653.84
MARGIN_BRIDGE,2020-12-28,292819.39,13,59618.45,352437.83
MARGIN_BRIDGE,2020-12-29,292437.96,13,59622.21,352060.17
MARGIN_BRIDGE,2020-12-30,293689.8,13,59625.97,353315.77
MARGIN_BRIDGE,2020-12-31,294392.03,13,59629.73,354021.77
MARGIN_BRIDGE,2021-01-04,287923.19,13,59633.5,347556.69
MARGIN_BRIDGE,2021-01-05,291771.07,13,62959.06,354730.12
MARGIN_BRIDGE,2021-01-06,295322.57,13,62963.03,358285.6
MARGIN_BRIDGE,2021-01-07,297344.42,13,62967.0,360311.42
MARGIN_BRIDGE,2021-01-08,300437.08,13,62970.98,363408.05
MARGIN_BRIDGE,2021-01-11,301775.65,13,62974.95,364750.6
MARGIN_BRIDGE,2021-01-12,307215.29,13,63237.03,370452.32
MARGIN_BRIDGE,2021-01-13,303927.81,13,63241.02,367168.83
MARGIN_BRIDGE,2021-01-14,303550.81,12,53544.55,357095.36
MARGIN_BRIDGE,2021-01-15,299635.24,13,83798.93,383434.17
MARGIN_BRIDGE,2021-01-19,301574.22,13,83804.21,385378.43
MARGIN_BRIDGE,2021-01-20,309838.53,13,83809.5,393648.03
MARGIN_BRIDGE,2021-01-21,310236.21,13,83814.79,394051.0
MARGIN_BRIDGE,2021-01-22,310570.12,13,83820.08,394390.19
MARGIN_BRIDGE,2021-01-25,310311.6,13,83825.37,394136.97
MARGIN_BRIDGE,2021-01-26,311586.89,13,83830.66,395417.54
MARGIN_BRIDGE,2021-01-27,305929.98,13,83835.95,389765.93
MARGIN_BRIDGE,2021-01-28,309839.98,12,51477.32,361317.3
MARGIN_BRIDGE,2021-01-29,301324.87,13,81683.71,383008.57
MARGIN_BRIDGE,2021-02-01,305644.35,11,23058.76,328703.11
MARGIN_BRIDGE,2021-02-02,311064.35,12,53992.13,365056.48
MARGIN_BRIDGE,2021-02-03,314206.64,13,85195.68,399402.32
MARGIN_BRIDGE,2021-02-04,321408.11,13,85201.02,406609.14
MARGIN_BRIDGE,2021-02-05,324335.52,13,85206.37,409541.89
MARGIN_BRIDGE,2021-02-08,331073.36,13,85211.71,416285.07
MARGIN_BRIDGE,2021-02-09,330637.99,13,85217.05,415855.04
MARGIN_BRIDGE,2021-02-10,335483.1,10,0.0,325220.07
MARGIN_BRIDGE,2021-02-11,333246.93,11,23295.26,356542.19
MARGIN_BRIDGE,2021-02-12,339304.3,12,56577.43,395881.73
MARGIN_BRIDGE,2021-02-16,343632.35,13,92337.97,435970.32
MARGIN_BRIDGE,2021-02-17,342311.56,13,92343.76,434655.32
MARGIN_BRIDGE,2021-02-18,339038.0,13,91203.81,430241.81
MARGIN_BRIDGE,2021-02-19,343314.6,13,91209.52,434524.12
MARGIN_BRIDGE,2021-02-22,346606.49,13,91215.24,437821.73
MARGIN_BRIDGE,2021-02-23,347008.17,13,93331.4,440339.57
MARGIN_BRIDGE,2021-02-24,354614.09,13,93337.25,447951.35
MARGIN_BRIDGE,2021-02-25,347913.62,13,93343.11,441256.72
MARGIN_BRIDGE,2021-02-26,346997.19,10,0.0,331949.55
MARGIN_BRIDGE,2021-03-01,353171.76,10,0.0,338124.12
MARGIN_BRIDGE,2021-03-02,347745.78,13,90654.6,438400.38
MARGIN_BRIDGE,2021-03-03,340455.04,13,80526.76,420981.8
MARGIN_BRIDGE,2021-03-04,334597.03,13,80531.78,415128.81
MARGIN_BRIDGE,2021-03-05,346342.02,13,80731.19,427073.2
MARGIN_BRIDGE,2021-03-08,347139.22,13,80736.22,427875.43
MARGIN_BRIDGE,2021-03-09,350079.06,13,80741.25,430820.31
MARGIN_BRIDGE,2021-03-10,357392.11,13,80746.28,438138.39
MARGIN_BRIDGE,2021-03-11,359818.73,13,80751.31,440570.03
MARGIN_BRIDGE,2021-03-12,364180.93,13,80756.34,444937.27
MARGIN_BRIDGE,2021-03-15,368671.51,13,80761.37,449432.88
MARGIN_BRIDGE,2021-03-16,364423.39,13,80766.4,445189.79
MARGIN_BRIDGE,2021-03-17,367128.13,14,105186.92,472315.04
MARGIN_BRIDGE,2021-03-18,355256.46,14,105193.47,460449.93
MARGIN_BRIDGE,2021-03-19,356531.32,14,105200.02,461731.34
MARGIN_BRIDGE,2021-03-22,359583.22,14,105206.58,464789.79
MARGIN_BRIDGE,2021-03-23,356270.35,14,105213.13,461483.48
MARGIN_BRIDGE,2021-03-24,353718.38,14,105219.69,458938.07
MARGIN_BRIDGE,2021-03-25,354658.87,14,105226.24,459885.11
MARGIN_BRIDGE,2021-03-26,361073.65,14,105232.8,466306.45
MARGIN_BRIDGE,2021-03-29,360187.9,14,105239.35,465427.25
MARGIN_BRIDGE,2021-03-30,360357.92,13,71948.21,432306.13
MARGIN_BRIDGE,2021-03-31,361948.77,13,81502.63,443451.4
MARGIN_BRIDGE,2021-04-01,368731.33,13,81507.71,450239.04
MARGIN_BRIDGE,2021-04-05,372588.72,13,81512.79,454101.5
MARGIN_BRIDGE,2021-04-06,374811.55,13,81459.59,456271.15
MARGIN_BRIDGE,2021-04-07,377514.31,13,91366.76,468881.07
MARGIN_BRIDGE,2021-04-08,379094.17,13,90774.29,469868.45
MARGIN_BRIDGE,2021-04-09,381178.93,13,90779.94,471958.87
MARGIN_BRIDGE,2021-04-12,379894.06,13,90785.6,470679.65
MARGIN_BRIDGE,2021-04-13,378848.32,13,93424.38,472272.7
MARGIN_BRIDGE,2021-04-14,379078.31,13,95081.76,474160.07
MARGIN_BRIDGE,2021-04-15,381361.5,13,93569.27,474930.77
MARGIN_BRIDGE,2021-04-16,382189.61,13,93575.1,475764.71
MARGIN_BRIDGE,2021-04-19,381543.53,13,93580.93,475124.46
MARGIN_BRIDGE,2021-04-20,373232.2,13,101397.5,474629.69
MARGIN_BRIDGE,2021-04-21,377069.27,12,61086.42,438155.69
MARGIN_BRIDGE,2021-04-22,374543.49,13,99003.74,473547.23
MARGIN_BRIDGE,2021-04-23,381807.79,12,59528.62,441336.41
MARGIN_BRIDGE,2021-04-26,384518.78,13,97847.64,482366.42
MARGIN_BRIDGE,2021-04-27,387527.24,13,100109.25,487636.49
MARGIN_BRIDGE,2021-04-28,391301.99,13,100115.49,491417.48
MARGIN_BRIDGE,2021-04-29,390274.55,13,100121.73,490396.28
MARGIN_BRIDGE,2021-04-30,386007.61,13,100127.97,486135.58
MARGIN_BRIDGE,2021-05-03,388559.02,13,96673.67,485232.69
MARGIN_BRIDGE,2021-05-04,386766.75,13,96679.66,483446.41
MARGIN_BRIDGE,2021-05-05,390737.78,12,58775.73,449513.51
MARGIN_BRIDGE,2021-05-06,393773.86,12,58652.51,452426.37
MARGIN_BRIDGE,2021-05-07,400096.21,13,97836.5,497932.7
MARGIN_BRIDGE,2021-05-10,396695.87,13,98594.72,495290.59
MARGIN_BRIDGE,2021-05-11,392682.9,13,98820.08,491502.98
MARGIN_BRIDGE,2021-05-12,386028.07,9,0.0,333838.43
MARGIN_BRIDGE,2021-05-13,388325.47,9,0.0,336135.83
MARGIN_BRIDGE,2021-05-14,394160.27,9,0.0,339730.0
MARGIN_BRIDGE,2021-05-17,398385.31,10,0.0,383324.63
MARGIN_BRIDGE,2021-05-18,398312.1,10,0.0,383251.43
MARGIN_BRIDGE,2021-05-19,397586.39,12,62812.3,460398.68
MARGIN_BRIDGE,2021-05-20,403050.41,13,102819.42,505869.84
MARGIN_BRIDGE,2021-05-21,404961.46,13,102825.79,507787.24
MARGIN_BRIDGE,2021-05-24,410030.86,13,102832.15,512863.01
MARGIN_BRIDGE,2021-05-25,412389.87,13,102838.52,515228.38
MARGIN_BRIDGE,2021-05-26,421079.1,13,104498.72,525577.82
MARGIN_BRIDGE,2021-05-27,428580.15,13,104505.19,533085.34
MARGIN_BRIDGE,2021-05-28,426006.06,13,104511.66,530517.72
MARGIN_BRIDGE,2021-06-01,430394.62,13,105621.69,536016.3
MARGIN_BRIDGE,2021-06-02,436524.55,13,105628.31,542152.86
MARGIN_BRIDGE,2021-06-03,436849.44,13,105634.93,542484.37
MARGIN_BRIDGE,2021-06-04,440366.07,10,0.0,413845.27
MARGIN_BRIDGE,2021-06-07,439498.28,12,61768.53,501266.8
MARGIN_BRIDGE,2021-06-08,438782.03,12,65347.75,504129.78
MARGIN_BRIDGE,2021-06-09,438161.41,13,109302.02,547463.43
MARGIN_BRIDGE,2021-06-10,440330.58,13,109308.87,549639.45
MARGIN_BRIDGE,2021-06-11,442799.14,13,108788.87,551588.02
MARGIN_BRIDGE,2021-06-14,441245.09,12,63295.94,504541.03
MARGIN_BRIDGE,2021-06-15,436960.41,11,20901.01,457861.41
MARGIN_BRIDGE,2021-06-16,434532.17,13,108510.05,543042.22
MARGIN_BRIDGE,2021-06-17,438393.64,13,108516.86,546910.5
MARGIN_BRIDGE,2021-06-18,434084.94,13,108523.66,542608.6
MARGIN_BRIDGE,2021-06-21,437909.97,13,108530.47,546440.44
MARGIN_BRIDGE,2021-06-22,442154.02,13,108537.27,550691.29
MARGIN_BRIDGE,2021-06-23,444113.52,13,108544.08,552657.6
MARGIN_BRIDGE,2021-06-24,449229.67,13,108534.69,557764.36
MARGIN_BRIDGE,2021-06-25,452721.82,13,107238.61,559960.43
MARGIN_BRIDGE,2021-06-28,453007.95,13,107245.33,560253.28
MARGIN_BRIDGE,2021-06-29,452023.09,13,107252.06,559275.15
MARGIN_BRIDGE,2021-06-30,458963.63,13,107258.78,566222.41
MARGIN_BRIDGE,2021-07-01,456916.73,13,107265.59,564182.32
MARGIN_BRIDGE,2021-07-02,457088.6,13,103696.75,560785.35
MARGIN_BRIDGE,2021-07-06,450949.64,13,103703.33,554652.97
MARGIN_BRIDGE,2021-07-07,445585.8,13,103709.92,549295.72
MARGIN_BRIDGE,2021-07-08,440591.28,12,59829.39,500420.67
MARGIN_BRIDGE,2021-07-09,449529.08,13,104231.6,553760.68
MARGIN_BRIDGE,2021-07-12,452363.07,13,104238.21,556601.29
MARGIN_BRIDGE,2021-07-13,445581.7,13,104244.83,549826.54
MARGIN_BRIDGE,2021-07-14,444900.9,12,65889.78,510790.68
MARGIN_BRIDGE,2021-07-15,442561.63,13,110217.84,552779.47
MARGIN_BRIDGE,2021-07-16,437927.11,13,104662.36,542589.48
MARGIN_BRIDGE,2021-07-19,430637.86,13,104669.01,535306.87
MARGIN_BRIDGE,2021-07-20,439213.9,13,104675.66,543889.55
MARGIN_BRIDGE,2021-07-21,444610.87,13,104682.3,549293.17
MARGIN_BRIDGE,2021-07-22,440744.66,13,104688.95,545433.61
MARGIN_BRIDGE,2021-07-23,442260.8,13,103547.15,545807.95
MARGIN_BRIDGE,2021-07-26,446206.41,13,103553.72,549760.13
MARGIN_BRIDGE,2021-07-27,442801.6,13,103560.3,546361.9
MARGIN_BRIDGE,2021-07-28,445708.19,13,104121.21,549829.39
MARGIN_BRIDGE,2021-07-29,449905.78,13,104127.82,554033.59
MARGIN_BRIDGE,2021-07-30,443821.34,13,104134.43,547955.77
MARGIN_BRIDGE,2021-08-02,441406.15,13,104141.0,545547.15
MARGIN_BRIDGE,2021-08-03,446323.02,13,104147.57,550470.59
MARGIN_BRIDGE,2021-08-04,443743.18,13,104154.14,547897.32
MARGIN_BRIDGE,2021-08-05,452959.78,13,104160.71,557120.5
MARGIN_BRIDGE,2021-08-06,456262.2,13,106691.73,562953.93
MARGIN_BRIDGE,2021-08-09,454616.94,13,106698.47,561315.41
MARGIN_BRIDGE,2021-08-10,461121.97,13,106705.2,567827.17
MARGIN_BRIDGE,2021-08-11,465388.34,13,106711.93,572100.27
MARGIN_BRIDGE,2021-08-12,465923.95,13,106718.66,572642.61
MARGIN_BRIDGE,2021-08-13,463745.96,13,106459.17,570205.13
MARGIN_BRIDGE,2021-08-16,460402.01,13,106465.88,566867.89
MARGIN_BRIDGE,2021-08-17,457568.44,13,103568.63,561137.07
MARGIN_BRIDGE,2021-08-18,454404.8,12,58478.18,512882.98
MARGIN_BRIDGE,2021-08-19,453996.17,11,17168.74,471164.91
MARGIN_BRIDGE,2021-08-20,458078.69,11,15842.74,473921.42
MARGIN_BRIDGE,2021-08-23,463713.48,12,61825.21,525538.69
MARGIN_BRIDGE,2021-08-24,466322.09,13,108251.44,574573.53
MARGIN_BRIDGE,2021-08-25,467881.15,13,108258.27,576139.42
MARGIN_BRIDGE,2021-08-26,463674.99,13,108265.1,571940.09
MARGIN_BRIDGE,2021-08-27,470263.06,13,108271.93,578534.99
MARGIN_BRIDGE,2021-08-30,472806.37,13,108278.76,581085.13
MARGIN_BRIDGE,2021-08-31,474851.47,13,108285.59,583137.07
MARGIN_BRIDGE,2021-09-01,473904.72,13,111885.15,585789.86
MARGIN_BRIDGE,2021-09-02,476639.62,13,116631.91,593271.53
MARGIN_BRIDGE,2021-09-03,477249.67,13,116639.22,593888.89
MARGIN_BRIDGE,2021-09-07,476761.68,13,116646.54,593408.22
MARGIN_BRIDGE,2021-09-08,472488.78,13,120263.44,592752.22
MARGIN_BRIDGE,2021-09-09,471996.1,13,115633.77,587629.87
MARGIN_BRIDGE,2021-09-10,465609.76,13,115641.02,581250.78
MARGIN_BRIDGE,2021-09-13,466522.89,13,115648.27,582171.16
MARGIN_BRIDGE,2021-09-14,458820.13,13,111491.35,570311.48
MARGIN_BRIDGE,2021-09-15,463862.7,13,111498.34,575361.03
MARGIN_BRIDGE,2021-09-16,464275.47,13,111505.33,575780.8
MARGIN_BRIDGE,2021-09-17,463164.07,13,111512.32,574676.39
MARGIN_BRIDGE,2021-09-20,456400.37,13,111519.31,567919.68
MARGIN_BRIDGE,2021-09-21,455816.06,13,111526.3,567342.36
MARGIN_BRIDGE,2021-09-22,465318.64,13,111533.3,576851.94
MARGIN_BRIDGE,2021-09-23,476883.03,13,111540.29,588423.32
MARGIN_BRIDGE,2021-09-24,481800.79,13,111547.28,593348.07
MARGIN_BRIDGE,2021-09-27,486008.34,13,111554.28,597562.62
MARGIN_BRIDGE,2021-09-28,478666.55,13,111561.27,590227.82
MARGIN_BRIDGE,2021-09-29,478421.45,12,63303.01,541724.47
MARGIN_BRIDGE,2021-09-30,465136.0,13,107822.71,572958.71
MARGIN_BRIDGE,2021-10-01,477498.63,13,107829.47,585328.09
MARGIN_BRIDGE,2021-10-04,474772.47,13,107836.23,582608.7
MARGIN_BRIDGE,2021-10-05,476591.02,13,107842.99,584434.01
MARGIN_BRIDGE,2021-10-06,476213.97,13,107849.75,584063.73
MARGIN_BRIDGE,2021-10-07,481269.73,13,107856.51,589126.25
MARGIN_BRIDGE,2021-10-08,476580.73,13,107863.28,584444.0
MARGIN_BRIDGE,2021-10-11,470949.5,13,107870.04,578819.54
MARGIN_BRIDGE,2021-10-12,469224.17,13,107876.8,577100.97
MARGIN_BRIDGE,2021-10-13,469327.09,13,107883.57,577210.66
MARGIN_BRIDGE,2021-10-14,471824.66,13,107890.33,579714.99
MARGIN_BRIDGE,2021-10-15,472429.32,13,105956.66,578385.97
MARGIN_BRIDGE,2021-10-18,477255.92,13,105963.3,583219.22
MARGIN_BRIDGE,2021-10-19,479832.86,13,105969.94,585802.8
MARGIN_BRIDGE,2021-10-20,481071.07,13,97503.32,578574.39
MARGIN_BRIDGE,2021-10-21,478197.14,13,97509.43,575706.57
MARGIN_BRIDGE,2021-10-22,471365.92,13,94296.87,565662.79
MARGIN_BRIDGE,2021-10-25,474919.54,13,94302.79,569222.33
MARGIN_BRIDGE,2021-10-26,477207.36,13,94308.7,571516.06
MARGIN_BRIDGE,2021-10-27,463458.53,14,142054.15,605512.69
MARGIN_BRIDGE,2021-10-28,471388.23,13,94787.71,566175.94
MARGIN_BRIDGE,2021-10-29,467983.22,13,94793.66,562776.88
MARGIN_BRIDGE,2021-11-01,478338.07,12,44707.45,523045.52
MARGIN_BRIDGE,2021-11-02,478168.4,14,140483.71,618652.1
MARGIN_BRIDGE,2021-11-03,485367.87,14,140492.51,625860.39
MARGIN_BRIDGE,2021-11-04,487523.82,14,140501.32,628025.14
MARGIN_BRIDGE,2021-11-05,503325.86,14,140510.13,643835.99
MARGIN_BRIDGE,2021-11-08,501524.07,14,140518.94,642043.01
MARGIN_BRIDGE,2021-11-09,500536.93,11,1112.05,501648.98
MARGIN_BRIDGE,2021-11-10,494462.24,13,100470.5,594932.75
MARGIN_BRIDGE,2021-11-11,494472.85,13,104231.13,598703.98
MARGIN_BRIDGE,2021-11-12,496044.53,13,102360.14,598404.68
MARGIN_BRIDGE,2021-11-15,497394.94,13,102366.56,599761.51
MARGIN_BRIDGE,2021-11-16,491274.37,13,102372.98,593647.35
MARGIN_BRIDGE,2021-11-17,484969.52,13,110226.26,595195.77
MARGIN_BRIDGE,2021-11-18,482828.06,13,110233.17,593061.22
MARGIN_BRIDGE,2021-11-19,479575.84,13,110240.08,589815.92
MARGIN_BRIDGE,2021-11-22,477559.09,13,110246.99,587806.08
MARGIN_BRIDGE,2021-11-23,476768.52,13,110253.9,587022.42
MARGIN_BRIDGE,2021-11-24,479414.99,13,110260.81,589675.81
MARGIN_BRIDGE,2021-11-26,467279.46,13,110267.73,577547.19
MARGIN_BRIDGE,2021-11-29,468031.57,12,39978.8,508010.37
MARGIN_BRIDGE,2021-11-30,453611.71,14,132860.37,586472.08
MARGIN_BRIDGE,2021-12-01,445916.98,14,132868.7,578785.67
MARGIN_BRIDGE,2021-12-02,456197.17,14,132877.03,589074.2
MARGIN_BRIDGE,2021-12-03,455720.73,14,132885.36,588606.1
MARGIN_BRIDGE,2021-12-06,465123.68,14,132893.69,598017.37
MARGIN_BRIDGE,2021-12-07,474942.94,14,132902.03,607844.96
MARGIN_BRIDGE,2021-12-08,474411.99,14,132910.36,607322.35
MARGIN_BRIDGE,2021-12-09,470802.15,14,129750.71,600552.86
MARGIN_BRIDGE,2021-12-10,477342.26,14,129758.85,607101.11
MARGIN_BRIDGE,2021-12-13,471191.6,14,129766.98,600958.58
MARGIN_BRIDGE,2021-12-14,471273.75,14,127977.24,599250.99
MARGIN_BRIDGE,2021-12-15,471537.7,14,127985.26,599522.96
MARGIN_BRIDGE,2021-12-16,476604.35,14,127993.29,604597.64
MARGIN_BRIDGE,2021-12-17,467522.39,14,128666.59,596188.98
MARGIN_BRIDGE,2021-12-20,460167.89,14,129709.16,589877.05
MARGIN_BRIDGE,2021-12-21,471858.51,14,129717.29,601575.8
MARGIN_BRIDGE,2021-12-22,474226.4,14,129725.43,603951.82
MARGIN_BRIDGE,2021-12-23,478482.86,14,129733.56,608216.42
MARGIN_BRIDGE,2021-12-27,482267.38,14,129741.69,612009.07
MARGIN_BRIDGE,2021-12-28,480073.79,14,129749.83,609823.62
MARGIN_BRIDGE,2021-12-29,476837.14,14,129507.66,606344.8
MARGIN_BRIDGE,2021-12-30,479516.03,14,136266.47,615782.5
MARGIN_BRIDGE,2021-12-31,475696.94,14,133639.25,609336.19
MARGIN_BRIDGE,2022-01-03,490228.7,14,133647.63,623876.33
MARGIN_BRIDGE,2022-01-04,497799.02,14,142312.33,640111.35
MARGIN_BRIDGE,2022-01-05,492663.28,14,142321.25,634984.53
MARGIN_BRIDGE,2022-01-06,499768.72,12,42404.35,542173.07
MARGIN_BRIDGE,2022-01-07,507896.01,12,42407.01,550303.01
MARGIN_BRIDGE,2022-01-10,504304.49,13,93117.18,597421.66
MARGIN_BRIDGE,2022-01-11,512401.31,13,93123.02,605524.32
MARGIN_BRIDGE,2022-01-12,510405.35,14,146758.09,657163.45
MARGIN_BRIDGE,2022-01-13,507034.36,14,146767.29,653801.65
MARGIN_BRIDGE,2022-01-14,520421.01,14,146776.5,667197.51
MARGIN_BRIDGE,2022-01-18,510103.34,14,146785.7,656889.04
MARGIN_BRIDGE,2022-01-19,505491.84,13,103203.52,608695.36
MARGIN_BRIDGE,2022-01-20,498339.52,13,103209.99,601549.51
MARGIN_BRIDGE,2022-01-21,484497.89,12,49942.09,534439.98
MARGIN_BRIDGE,2022-01-24,485666.48,9,0.0,389194.55
MARGIN_BRIDGE,2022-01-25,487454.39,9,0.0,390982.46
MARGIN_BRIDGE,2022-01-26,484418.73,10,0.0,437204.74
MARGIN_BRIDGE,2022-01-27,477221.51,10,0.0,430007.52
MARGIN_BRIDGE,2022-01-28,489759.17,14,136256.26,626015.43
MARGIN_BRIDGE,2022-01-31,500094.63,14,136264.8,636359.43
MARGIN_BRIDGE,2022-02-01,505203.7,14,136273.34,641477.05
MARGIN_BRIDGE,2022-02-02,493876.14,14,135119.48,628995.62
MARGIN_BRIDGE,2022-02-03,484969.49,14,120240.01,605209.5
MARGIN_BRIDGE,2022-02-04,489380.66,14,120247.55,609628.21
MARGIN_BRIDGE,2022-02-07,489675.1,14,120255.09,609930.19
MARGIN_BRIDGE,2022-02-08,493470.83,14,123691.0,617161.83
MARGIN_BRIDGE,2022-02-09,505762.26,14,123698.75,629461.01
MARGIN_BRIDGE,2022-02-10,496498.97,14,123706.51,620205.48
MARGIN_BRIDGE,2022-02-11,489358.57,13,72763.97,562122.54
MARGIN_BRIDGE,2022-02-14,484427.13,14,119162.08,603589.21
MARGIN_BRIDGE,2022-02-15,488706.27,14,119169.55,607875.83
MARGIN_BRIDGE,2022-02-16,480350.68,14,119177.03,599527.71
MARGIN_BRIDGE,2022-02-17,477561.96,14,137683.23,615245.19
MARGIN_BRIDGE,2022-02-18,475012.07,14,137691.86,612703.93
MARGIN_BRIDGE,2022-02-22,471950.3,13,88141.71,560092.01
MARGIN_BRIDGE,2022-02-23,471030.42,14,135581.56,606611.97
MARGIN_BRIDGE,2022-02-24,466667.1,14,135590.06,602257.16
MARGIN_BRIDGE,2022-02-25,481270.9,14,135598.56,616869.46
MARGIN_BRIDGE,2022-02-28,479895.14,14,135607.06,615502.21
MARGIN_BRIDGE,2022-03-01,478742.87,13,84649.45,563392.32
MARGIN_BRIDGE,2022-03-02,489963.69,14,132952.82,622916.51
MARGIN_BRIDGE,2022-03-03,491860.18,14,132961.79,624821.98
MARGIN_BRIDGE,2022-03-04,497809.46,14,132970.76,630780.22
MARGIN_BRIDGE,2022-03-07,495028.33,14,132979.73,628008.07
MARGIN_BRIDGE,2022-03-08,487923.81,13,83211.42,571135.24
MARGIN_BRIDGE,2022-03-09,486081.89,10,0.0,412917.17
MARGIN_BRIDGE,2022-03-10,488872.11,11,0.0,462820.45
MARGIN_BRIDGE,2022-03-11,481591.96,12,22972.47,504564.42
MARGIN_BRIDGE,2022-03-14,475817.94,11,0.0,448845.33
MARGIN_BRIDGE,2022-03-15,482889.65,10,0.0,406227.85
MARGIN_BRIDGE,2022-03-16,495135.89,13,69858.4,564994.28
MARGIN_BRIDGE,2022-03-17,501427.03,14,118981.99,620409.02
MARGIN_BRIDGE,2022-03-18,509427.95,14,118990.01,628417.97
MARGIN_BRIDGE,2022-03-21,503875.92,14,118998.04,622873.96
MARGIN_BRIDGE,2022-03-22,510152.97,14,123368.26,633521.23
MARGIN_BRIDGE,2022-03-23,504868.79,14,123376.58,628245.37
MARGIN_BRIDGE,2022-03-24,508902.54,10,0.0,460391.19
MARGIN_BRIDGE,2022-03-25,515568.4,13,104233.44,619801.85
MARGIN_BRIDGE,2022-03-28,513857.59,13,104240.48,618098.07
MARGIN_BRIDGE,2022-03-29,519844.4,11,227.9,520072.3
MARGIN_BRIDGE,2022-03-30,513381.45,13,103919.32,617300.77
MARGIN_BRIDGE,2022-03-31,507280.22,13,104905.4,612185.62
MARGIN_BRIDGE,2022-04-01,510003.69,10,0.0,504194.89
MARGIN_BRIDGE,2022-04-04,513008.26,10,0.0,507199.45
MARGIN_BRIDGE,2022-04-05,505307.35,9,0.0,447414.56
MARGIN_BRIDGE,2022-04-06,504886.65,9,0.0,446993.85
MARGIN_BRIDGE,2022-04-07,504513.3,9,0.0,446620.5
MARGIN_BRIDGE,2022-04-08,511472.79,9,0.0,455574.03
MARGIN_BRIDGE,2022-04-11,499521.33,13,147261.16,646782.49
MARGIN_BRIDGE,2022-04-12,504487.07,12,93882.22,598369.29
MARGIN_BRIDGE,2022-04-13,511494.57,11,41064.88,552559.45
MARGIN_BRIDGE,2022-04-14,506905.68,13,143155.38,650061.06
MARGIN_BRIDGE,2022-04-18,508105.38,13,143165.77,651271.16
MARGIN_BRIDGE,2022-04-19,515807.32,13,143176.17,658983.49
MARGIN_BRIDGE,2022-04-20,518744.47,13,143186.57,661931.03
MARGIN_BRIDGE,2022-04-21,508846.09,13,143196.97,652043.05
MARGIN_BRIDGE,2022-04-22,493826.9,13,143207.36,637034.26
MARGIN_BRIDGE,2022-04-25,486919.5,12,92227.57,579147.07
MARGIN_BRIDGE,2022-04-26,476861.22,13,140908.39,617769.61
MARGIN_BRIDGE,2022-04-27,478095.29,11,32178.49,510273.78
MARGIN_BRIDGE,2022-04-28,488320.16,11,32180.82,520500.99
MARGIN_BRIDGE,2022-04-29,469977.02,13,129670.43,599647.46
MARGIN_BRIDGE,2022-05-02,477525.01,13,129682.06,607207.07
MARGIN_BRIDGE,2022-05-03,486685.1,13,129693.69,616378.79
MARGIN_BRIDGE,2022-05-04,506996.3,13,129705.32,636701.62
MARGIN_BRIDGE,2022-05-05,491434.92,13,129716.96,621151.87
MARGIN_BRIDGE,2022-05-06,493918.69,12,84249.07,578167.76
MARGIN_BRIDGE,2022-05-09,458787.6,13,132593.08,591380.68
MARGIN_BRIDGE,2022-05-10,462116.98,13,126378.31,588495.29
MARGIN_BRIDGE,2022-05-11,461037.07,13,126389.64,587426.71
MARGIN_BRIDGE,2022-05-12,457777.02,13,126400.98,584178.0
MARGIN_BRIDGE,2022-05-13,476759.37,13,126412.31,603171.68
MARGIN_BRIDGE,2022-05-16,481557.82,13,124253.57,605811.39
MARGIN_BRIDGE,2022-05-17,497959.68,13,124264.71,622224.39
MARGIN_BRIDGE,2022-05-18,473209.24,13,124275.85,597485.09
MARGIN_BRIDGE,2022-05-19,460848.61,9,0.0,387044.26
MARGIN_BRIDGE,2022-05-20,457966.09,11,18834.31,476800.4
MARGIN_BRIDGE,2022-05-23,470413.55,12,65244.82,535658.37
MARGIN_BRIDGE,2022-05-24,465489.89,13,111829.11,577318.99
MARGIN_BRIDGE,2022-05-25,471695.85,12,62826.64,534522.49
MARGIN_BRIDGE,2022-05-26,486113.72,13,110382.46,596496.19
MARGIN_BRIDGE,2022-05-27,495983.37,13,110392.36,606375.73
MARGIN_BRIDGE,2022-05-31,492582.17,13,110402.26,602984.43
MARGIN_BRIDGE,2022-06-01,486288.74,13,109577.38,595866.12
MARGIN_BRIDGE,2022-06-02,493394.86,9,0.0,411617.73
MARGIN_BRIDGE,2022-06-03,482080.36,13,113469.65,595550.01
MARGIN_BRIDGE,2022-06-06,485340.7,12,63103.35,548444.05
MARGIN_BRIDGE,2022-06-07,489476.73,12,63110.08,552586.81
MARGIN_BRIDGE,2022-06-08,481213.95,13,111646.81,592860.76
MARGIN_BRIDGE,2022-06-09,465538.9,11,15656.49,481195.4
MARGIN_BRIDGE,2022-06-10,452439.87,11,15658.17,468098.04
MARGIN_BRIDGE,2022-06-13,428740.11,11,15659.84,444399.95
MARGIN_BRIDGE,2022-06-14,426856.94,11,15661.51,442518.45
MARGIN_BRIDGE,2022-06-15,438436.48,11,15663.18,454099.66
MARGIN_BRIDGE,2022-06-16,417576.08,11,15664.85,433240.93
MARGIN_BRIDGE,2022-06-17,425019.42,11,15666.52,440685.95
MARGIN_BRIDGE,2022-06-21,434537.39,11,15668.2,450205.59
MARGIN_BRIDGE,2022-06-22,435905.48,13,101728.28,537633.76
MARGIN_BRIDGE,2022-06-23,437929.29,13,101739.14,539668.42
MARGIN_BRIDGE,2022-06-24,463203.87,13,101750.0,564953.87
MARGIN_BRIDGE,2022-06-27,459490.59,13,101760.86,561251.45
MARGIN_BRIDGE,2022-06-28,447795.73,12,57862.57,505658.3
MARGIN_BRIDGE,2022-06-29,437218.18,12,57868.75,495086.93
MARGIN_BRIDGE,2022-06-30,429176.51,13,100938.39,530114.9
MARGIN_BRIDGE,2022-07-01,434746.8,13,95134.16,529880.95
MARGIN_BRIDGE,2022-07-05,441498.66,13,95146.05,536644.71
MARGIN_BRIDGE,2022-07-06,435000.14,13,95157.94,530158.08
MARGIN_BRIDGE,2022-07-07,447102.45,13,95169.84,542272.29
MARGIN_BRIDGE,2022-07-08,444998.59,13,95181.73,540180.32
MARGIN_BRIDGE,2022-07-11,431802.52,13,95193.63,526996.14
MARGIN_BRIDGE,2022-07-12,433692.89,12,50706.48,484399.37
MARGIN_BRIDGE,2022-07-13,432546.92,12,50712.82,483259.73
MARGIN_BRIDGE,2022-07-14,430111.8,13,93269.93,523381.73
MARGIN_BRIDGE,2022-07-15,445136.2,13,93281.59,538417.79
MARGIN_BRIDGE,2022-07-18,448849.1,13,93293.25,542142.35
MARGIN_BRIDGE,2022-07-19,466836.37,13,93304.91,560141.28
MARGIN_BRIDGE,2022-07-20,476835.02,14,140136.33,616971.35
MARGIN_BRIDGE,2022-07-21,477491.57,13,96014.93,573506.5
MARGIN_BRIDGE,2022-07-22,474406.01,13,126675.74,601081.74
MARGIN_BRIDGE,2022-07-25,477938.87,13,125005.24,602944.11
MARGIN_BRIDGE,2022-07-26,471654.02,13,125020.87,596674.89
MARGIN_BRIDGE,2022-07-27,489866.84,13,129931.05,619797.88
MARGIN_BRIDGE,2022-07-28,495677.27,13,129947.29,625624.56
MARGIN_BRIDGE,2022-07-29,500595.96,13,129963.53,630559.5
MARGIN_BRIDGE,2022-08-01,501201.05,13,129983.28,631184.33
MARGIN_BRIDGE,2022-08-02,494942.26,13,141385.14,636327.39
MARGIN_BRIDGE,2022-08-03,506896.82,11,46695.91,553592.73
MARGIN_BRIDGE,2022-08-04,505623.45,11,46703.01,552326.46
MARGIN_BRIDGE,2022-08-05,503914.44,10,0.0,501408.96
MARGIN_BRIDGE,2022-08-08,507572.45,11,48228.71,555801.17
MARGIN_BRIDGE,2022-08-09,505261.24,12,97325.32,602586.56
MARGIN_BRIDGE,2022-08-10,520760.04,13,148953.68,669713.71
MARGIN_BRIDGE,2022-08-11,521137.46,13,148976.32,670113.78
MARGIN_BRIDGE,2022-08-12,530851.43,13,150132.44,680983.87
MARGIN_BRIDGE,2022-08-15,531184.48,13,150155.26,681339.74
MARGIN_BRIDGE,2022-08-16,540555.35,13,150178.08,690733.42
MARGIN_BRIDGE,2022-08-17,530268.27,12,94884.09,625152.37
MARGIN_BRIDGE,2022-08-18,528875.67,11,39381.0,568256.66
MARGIN_BRIDGE,2022-08-19,519662.1,13,145466.61,665128.71
MARGIN_BRIDGE,2022-08-22,509006.71,10,0.0,493265.62
MARGIN_BRIDGE,2022-08-23,515961.4,10,0.0,500220.32
MARGIN_BRIDGE,2022-08-24,520593.71,10,0.0,504852.62
MARGIN_BRIDGE,2022-08-25,528453.01,10,0.0,512711.92
MARGIN_BRIDGE,2022-08-26,511176.8,11,37092.53,548269.33
MARGIN_BRIDGE,2022-08-29,507409.06,10,0.0,489187.96
MARGIN_BRIDGE,2022-08-30,499451.69,10,0.0,481230.59
MARGIN_BRIDGE,2022-08-31,494782.05,10,0.0,476560.95
MARGIN_BRIDGE,2022-09-01,496281.45,9,0.0,422062.02
MARGIN_BRIDGE,2022-09-02,490793.25,10,0.0,466651.13
MARGIN_BRIDGE,2022-09-06,490481.21,10,0.0,466339.09
MARGIN_BRIDGE,2022-09-07,502147.79,10,0.0,478005.66
MARGIN_BRIDGE,2022-09-08,507516.64,13,125604.49,633121.12
MARGIN_BRIDGE,2022-09-09,518125.26,13,125624.82,643750.08
MARGIN_BRIDGE,2022-09-12,525265.8,13,125645.16,650910.96
MARGIN_BRIDGE,2022-09-13,496077.79,13,125665.5,621743.29
MARGIN_BRIDGE,2022-09-14,500432.19,11,24640.15,525072.34
MARGIN_BRIDGE,2022-09-15,501317.28,13,124438.96,625756.24
MARGIN_BRIDGE,2022-09-16,493336.26,13,124459.1,617795.36
MARGIN_BRIDGE,2022-09-19,494771.43,12,69593.79,564365.23
MARGIN_BRIDGE,2022-09-20,485486.1,12,69605.06,555091.16
MARGIN_BRIDGE,2022-09-21,476802.09,12,69616.33,546418.42
MARGIN_BRIDGE,2022-09-22,468246.68,12,69627.6,537874.28
MARGIN_BRIDGE,2022-09-23,457073.24,13,115830.83,572904.07
MARGIN_BRIDGE,2022-09-26,448223.62,13,115849.58,564073.21
MARGIN_BRIDGE,2022-09-27,452137.52,13,115868.34,568005.86
MARGIN_BRIDGE,2022-09-28,465425.78,13,115887.1,581312.88
MARGIN_BRIDGE,2022-09-29,454642.5,13,115905.86,570548.37
MARGIN_BRIDGE,2022-09-30,447103.64,13,115924.63,563028.27
MARGIN_BRIDGE,2022-10-03,459724.13,13,115945.7,575669.83
MARGIN_BRIDGE,2022-10-04,482285.83,13,115966.77,598252.6
MARGIN_BRIDGE,2022-10-05,481091.66,13,115987.85,597079.51
MARGIN_BRIDGE,2022-10-06,479802.31,13,116008.93,595811.23
MARGIN_BRIDGE,2022-10-07,470682.1,13,116030.01,586712.11
MARGIN_BRIDGE,2022-10-10,462584.87,13,116051.1,578635.97
MARGIN_BRIDGE,2022-10-11,465524.49,13,116072.19,581596.68
MARGIN_BRIDGE,2022-10-12,465774.93,13,116093.29,581868.22
MARGIN_BRIDGE,2022-10-13,479004.17,13,116114.39,595118.56
MARGIN_BRIDGE,2022-10-14,468426.73,13,116135.49,584562.22
MARGIN_BRIDGE,2022-10-17,475298.21,13,104304.22,579602.43
MARGIN_BRIDGE,2022-10-18,479103.79,13,105070.95,584174.73
MARGIN_BRIDGE,2022-10-19,486760.63,13,105090.04,591850.68
MARGIN_BRIDGE,2022-10-20,483265.78,13,105109.14,588374.93
MARGIN_BRIDGE,2022-10-21,498273.22,13,105939.92,604213.14
MARGIN_BRIDGE,2022-10-24,502419.45,13,105959.17,608378.63
MARGIN_BRIDGE,2022-10-25,512094.55,13,100733.6,612828.15
MARGIN_BRIDGE,2022-10-26,514074.69,14,151941.27,666015.96
MARGIN_BRIDGE,2022-10-27,507574.08,14,151968.89,659542.96
MARGIN_BRIDGE,2022-10-28,523466.75,13,109307.95,632774.7
MARGIN_BRIDGE,2022-10-31,518787.96,13,109327.81,628115.78
MARGIN_BRIDGE,2022-11-01,519004.41,13,109350.63,628355.04
MARGIN_BRIDGE,2022-11-02,502259.83,13,109373.46,611633.29
MARGIN_BRIDGE,2022-11-03,489111.97,9,0.0,394814.17
MARGIN_BRIDGE,2022-11-04,498367.07,9,0.0,404069.27
MARGIN_BRIDGE,2022-11-07,506303.67,10,0.0,462052.57
MARGIN_BRIDGE,2022-11-08,513446.55,11,6664.86,520111.41
MARGIN_BRIDGE,2022-11-09,496709.19,13,108110.67,604819.86
MARGIN_BRIDGE,2022-11-10,528284.77,10,0.0,477291.52
MARGIN_BRIDGE,2022-11-11,540475.04,13,108051.06,648526.11
MARGIN_BRIDGE,2022-11-14,537493.46,14,162233.07,699726.53
MARGIN_BRIDGE,2022-11-15,547817.35,14,162266.93,710084.29
MARGIN_BRIDGE,2022-11-16,531032.71,14,162300.8,693333.52
MARGIN_BRIDGE,2022-11-17,527261.77,10,0.0,494115.15
MARGIN_BRIDGE,2022-11-18,529347.43,10,0.0,496200.81
MARGIN_BRIDGE,2022-11-21,525759.68,10,0.0,489910.06
MARGIN_BRIDGE,2022-11-22,534585.76,9,0.0,436446.08
MARGIN_BRIDGE,2022-11-23,534852.12,10,0.0,490109.5
MARGIN_BRIDGE,2022-11-25,533714.54,12,61778.02,595492.56
MARGIN_BRIDGE,2022-11-28,522716.58,12,61790.92,584507.49
MARGIN_BRIDGE,2022-11-29,524575.5,11,5043.09,529618.58
MARGIN_BRIDGE,2022-11-30,533664.48,13,109960.91,643625.39
MARGIN_BRIDGE,2022-12-01,532968.34,13,109985.3,642953.64
MARGIN_BRIDGE,2022-12-02,530484.43,13,110009.7,640494.13
MARGIN_BRIDGE,2022-12-05,515438.32,13,110034.1,625472.42
MARGIN_BRIDGE,2022-12-06,510777.43,11,3492.77,514270.2
MARGIN_BRIDGE,2022-12-07,508125.02,11,3493.54,511618.57
MARGIN_BRIDGE,2022-12-08,506856.67,11,3494.32,510350.99
MARGIN_BRIDGE,2022-12-09,505619.77,11,3495.09,509114.87
MARGIN_BRIDGE,2022-12-12,515853.08,10,0.0,463570.02
MARGIN_BRIDGE,2022-12-13,506032.67,13,105461.97,611494.63
MARGIN_BRIDGE,2022-12-14,504689.27,13,105485.36,610174.62
MARGIN_BRIDGE,2022-12-15,485791.64,13,105508.76,591300.39
MARGIN_BRIDGE,2022-12-16,480600.27,12,49481.84,530082.12
MARGIN_BRIDGE,2022-12-19,468318.89,12,49492.82,517811.71
MARGIN_BRIDGE,2022-12-20,467873.08,12,49503.8,517376.88
MARGIN_BRIDGE,2022-12-21,473140.72,13,96505.0,569645.72
MARGIN_BRIDGE,2022-12-22,460315.13,13,96526.4,556841.54
MARGIN_BRIDGE,2022-12-23,466947.82,13,96547.82,563495.64
MARGIN_BRIDGE,2022-12-27,463677.63,13,96569.23,560246.87
MARGIN_BRIDGE,2022-12-28,452213.66,13,96590.66,548804.32
MARGIN_BRIDGE,2022-12-29,467244.65,13,96612.08,563856.73
MARGIN_BRIDGE,2022-12-30,467799.92,13,96633.51,564433.43
MARGIN_BRIDGE,2023-01-03,465737.5,13,96655.87,562393.37
MARGIN_BRIDGE,2023-01-04,485948.22,13,96678.23,582626.45
MARGIN_BRIDGE,2023-01-05,486784.05,13,96700.6,583484.65
MARGIN_BRIDGE,2023-01-06,504559.94,14,145811.89,650371.84
MARGIN_BRIDGE,2023-01-09,511649.34,14,145845.63,657494.97
MARGIN_BRIDGE,2023-01-10,523665.87,14,145879.37,669545.24
MARGIN_BRIDGE,2023-01-11,530719.48,14,145913.12,676632.6
MARGIN_BRIDGE,2023-01-12,549763.88,14,145946.88,695710.75
MARGIN_BRIDGE,2023-01-13,547000.66,14,145980.64,692981.3
MARGIN_BRIDGE,2023-01-17,548721.87,13,94587.3,643309.16
MARGIN_BRIDGE,2023-01-18,533151.66,11,22607.46,555759.13
MARGIN_BRIDGE,2023-01-19,527142.91,11,22612.69,549755.61
MARGIN_BRIDGE,2023-01-20,539809.38,12,73871.35,613680.73
MARGIN_BRIDGE,2023-01-23,552261.21,12,73888.44,626149.65
MARGIN_BRIDGE,2023-01-24,547873.12,12,73905.54,621778.65
MARGIN_BRIDGE,2023-01-25,552420.98,11,14906.51,567327.5
MARGIN_BRIDGE,2023-01-26,563523.12,12,71005.7,634528.82
MARGIN_BRIDGE,2023-01-27,572373.78,13,127434.01,699807.79
MARGIN_BRIDGE,2023-01-30,557551.38,13,127463.49,685014.87
MARGIN_BRIDGE,2023-01-31,570341.81,13,127492.98,697834.79
MARGIN_BRIDGE,2023-02-01,573676.03,13,127523.69,701199.72
MARGIN_BRIDGE,2023-02-02,584185.67,13,127554.4,711740.07
MARGIN_BRIDGE,2023-02-03,577948.13,13,127585.13,705533.25
MARGIN_BRIDGE,2023-02-06,571598.21,13,127615.86,699214.07
MARGIN_BRIDGE,2023-02-07,579830.3,12,77929.65,657759.96
MARGIN_BRIDGE,2023-02-08,571472.71,12,66685.43,638158.14
MARGIN_BRIDGE,2023-02-09,568721.06,13,124398.77,693119.83
MARGIN_BRIDGE,2023-02-10,573578.17,13,124428.73,698006.91
MARGIN_BRIDGE,2023-02-13,573636.58,13,124458.71,698095.29
MARGIN_BRIDGE,2023-02-14,575155.59,13,124488.68,699644.28
MARGIN_BRIDGE,2023-02-15,575010.54,13,124518.67,699529.21
MARGIN_BRIDGE,2023-02-16,564838.94,13,124548.66,689387.6
MARGIN_BRIDGE,2023-02-17,557083.82,13,99840.52,656924.34
MARGIN_BRIDGE,2023-02-21,550186.88,14,155224.01,705410.89
MARGIN_BRIDGE,2023-02-22,549235.93,13,105538.07,654774.01
MARGIN_BRIDGE,2023-02-23,552828.77,14,161166.76,713995.54
MARGIN_BRIDGE,2023-02-24,552991.83,14,161205.58,714197.42
MARGIN_BRIDGE,2023-02-27,551162.64,14,161244.41,712407.05
MARGIN_BRIDGE,2023-02-28,543260.56,14,161283.25,704543.82
MARGIN_BRIDGE,2023-03-01,542060.05,14,161322.61,703382.67
MARGIN_BRIDGE,2023-03-02,545582.42,14,161361.98,706944.4
MARGIN_BRIDGE,2023-03-03,555573.89,14,161401.36,716975.25
MARGIN_BRIDGE,2023-03-06,551465.02,14,161440.75,712905.77
MARGIN_BRIDGE,2023-03-07,537595.3,14,161480.15,699075.46
MARGIN_BRIDGE,2023-03-08,539448.91,14,158077.93,697526.84
MARGIN_BRIDGE,2023-03-09,516523.94,14,158116.51,674640.45
MARGIN_BRIDGE,2023-03-10,502446.43,13,105756.1,608202.53
MARGIN_BRIDGE,2023-03-13,491612.24,13,105781.91,597394.15
MARGIN_BRIDGE,2023-03-14,498429.09,13,105807.73,604236.82
MARGIN_BRIDGE,2023-03-15,489190.97,13,105833.55,595024.52
MARGIN_BRIDGE,2023-03-16,497545.67,13,105859.38,603405.04
MARGIN_BRIDGE,2023-03-17,487741.1,13,105885.21,593626.32
MARGIN_BRIDGE,2023-03-20,494601.28,13,105911.05,600512.33
MARGIN_BRIDGE,2023-03-21,508002.52,13,105936.9,613939.42
MARGIN_BRIDGE,2023-03-22,492051.83,13,105962.75,598014.59
MARGIN_BRIDGE,2023-03-23,486139.53,13,105988.61,592128.14
MARGIN_BRIDGE,2023-03-24,488449.52,13,106014.48,594464.0
MARGIN_BRIDGE,2023-03-27,494845.68,13,106040.35,600886.03
MARGIN_BRIDGE,2023-03-28,497064.58,13,106066.23,603130.81
MARGIN_BRIDGE,2023-03-29,504833.23,13,106092.12,610925.34
MARGIN_BRIDGE,2023-03-30,504804.29,13,106118.01,610922.3
MARGIN_BRIDGE,2023-03-31,512279.03,13,106143.9,618422.94
MARGIN_BRIDGE,2023-04-03,519077.28,13,106170.57,625247.85
MARGIN_BRIDGE,2023-04-04,514158.66,13,106197.24,620355.9
MARGIN_BRIDGE,2023-04-05,511109.28,10,0.0,468186.98
MARGIN_BRIDGE,2023-04-06,511935.75,11,8056.74,519992.5
MARGIN_BRIDGE,2023-04-10,517518.29,11,8058.77,525577.05
MARGIN_BRIDGE,2023-04-11,517463.62,11,8060.79,525524.41
MARGIN_BRIDGE,2023-04-12,509998.14,11,8062.82,518060.96
MARGIN_BRIDGE,2023-04-13,513221.83,10,0.0,469405.82
MARGIN_BRIDGE,2023-04-14,509880.36,13,110456.73,620337.09
MARGIN_BRIDGE,2023-04-17,517729.4,13,110484.47,628213.87
MARGIN_BRIDGE,2023-04-18,518800.56,13,110512.23,629312.79
MARGIN_BRIDGE,2023-04-19,519103.28,13,110539.99,629643.27
MARGIN_BRIDGE,2023-04-20,513508.87,13,110567.75,624076.62
MARGIN_BRIDGE,2023-04-21,510129.99,13,108318.57,618448.56
MARGIN_BRIDGE,2023-04-24,507896.77,13,108345.78,616242.54
MARGIN_BRIDGE,2023-04-25,493436.64,12,59298.64,552735.28
MARGIN_BRIDGE,2023-04-26,488572.56,12,59313.54,547886.09
MARGIN_BRIDGE,2023-04-27,511085.03,13,108891.82,619976.85
MARGIN_BRIDGE,2023-04-28,520727.66,13,108919.17,629646.83
MARGIN_BRIDGE,2023-05-01,516748.97,13,108947.48,625696.45
MARGIN_BRIDGE,2023-05-02,498790.21,13,108975.8,607766.01
MARGIN_BRIDGE,2023-05-03,491312.9,13,109004.12,600317.02
MARGIN_BRIDGE,2023-05-04,483697.78,13,106418.66,590116.44
MARGIN_BRIDGE,2023-05-05,502524.85,14,148244.43,650769.28
MARGIN_BRIDGE,2023-05-08,500496.26,14,148282.96,648779.22
MARGIN_BRIDGE,2023-05-09,491608.68,14,140837.93,632446.62
MARGIN_BRIDGE,2023-05-10,487931.58,14,140874.54,628806.12
MARGIN_BRIDGE,2023-05-11,479894.72,14,140911.16,620805.88
MARGIN_BRIDGE,2023-05-12,480525.72,14,140947.78,621473.5
MARGIN_BRIDGE,2023-05-15,497528.82,14,140984.42,638513.24
MARGIN_BRIDGE,2023-05-16,487465.05,14,141021.06,628486.11
MARGIN_BRIDGE,2023-05-17,502762.24,14,141057.72,643819.95
MARGIN_BRIDGE,2023-05-18,511449.4,14,141094.38,652543.78
MARGIN_BRIDGE,2023-05-19,508316.98,14,141131.05,649448.03
MARGIN_BRIDGE,2023-05-22,511929.53,14,150284.0,662213.53
MARGIN_BRIDGE,2023-05-23,504090.64,14,150323.06,654413.7
MARGIN_BRIDGE,2023-05-24,494985.7,14,135849.26,630834.96
MARGIN_BRIDGE,2023-05-25,491621.78,14,135884.57,627506.35
MARGIN_BRIDGE,2023-05-26,504177.26,14,135919.89,640097.15
MARGIN_BRIDGE,2023-05-30,510283.0,14,135955.22,646238.21
MARGIN_BRIDGE,2023-05-31,501601.16,14,135990.55,637591.71
MARGIN_BRIDGE,2023-06-01,511934.7,14,136026.06,647960.76
MARGIN_BRIDGE,2023-06-02,526322.54,14,136061.58,662384.12
MARGIN_BRIDGE,2023-06-05,523262.52,14,136097.11,659359.63
MARGIN_BRIDGE,2023-06-06,531444.36,14,136132.65,667577.01
MARGIN_BRIDGE,2023-06-07,546150.68,14,133997.98,680148.66
MARGIN_BRIDGE,2023-06-08,551245.07,14,134032.97,685278.04
MARGIN_BRIDGE,2023-06-09,551749.4,13,89115.94,640865.34
MARGIN_BRIDGE,2023-06-12,555513.33,13,89139.21,644652.55
MARGIN_BRIDGE,2023-06-13,563885.69,14,145232.22,709117.91
MARGIN_BRIDGE,2023-06-14,558872.76,14,145270.14,704142.9
MARGIN_BRIDGE,2023-06-15,565483.62,14,145308.07,710791.69
MARGIN_BRIDGE,2023-06-16,566779.08,14,155150.12,721929.2
MARGIN_BRIDGE,2023-06-20,561995.96,14,155190.63,717186.59
MARGIN_BRIDGE,2023-06-21,555992.93,14,155231.15,711224.08
MARGIN_BRIDGE,2023-06-22,552705.81,12,63879.99,616585.79
MARGIN_BRIDGE,2023-06-23,545590.52,13,118711.13,664301.65
MARGIN_BRIDGE,2023-06-26,548868.35,12,45935.93,594804.28
MARGIN_BRIDGE,2023-06-27,553113.06,12,45947.92,599060.98
MARGIN_BRIDGE,2023-06-28,554833.19,14,156425.94,711259.13
MARGIN_BRIDGE,2023-06-29,560532.58,14,156466.78,716999.37
MARGIN_BRIDGE,2023-06-30,564250.12,14,156507.64,720757.76
MARGIN_BRIDGE,2023-07-03,568926.53,14,156548.75,725475.28
MARGIN_BRIDGE,2023-07-05,568330.05,14,156589.88,724919.93
MARGIN_BRIDGE,2023-07-06,560712.46,14,156631.01,717343.47
MARGIN_BRIDGE,2023-07-07,566728.61,12,44821.4,611550.0
MARGIN_BRIDGE,2023-07-10,568675.18,14,157951.77,726626.95
MARGIN_BRIDGE,2023-07-11,581877.73,14,157993.27,739871.0
MARGIN_BRIDGE,2023-07-12,590580.99,14,158034.77,748615.77
MARGIN_BRIDGE,2023-07-13,595498.63,14,158076.29,753574.92
MARGIN_BRIDGE,2023-07-14,584700.9,14,158117.81,742818.72
MARGIN_BRIDGE,2023-07-17,582090.85,14,168951.11,751041.97
MARGIN_BRIDGE,2023-07-18,592635.41,14,168653.1,761288.51
MARGIN_BRIDGE,2023-07-19,599168.22,14,168697.41,767865.63
MARGIN_BRIDGE,2023-07-20,595440.15,14,177305.18,772745.33
MARGIN_BRIDGE,2023-07-21,596735.58,14,177351.76,774087.34
MARGIN_BRIDGE,2023-07-24,597380.89,14,174029.35,771410.24
MARGIN_BRIDGE,2023-07-25,595350.02,14,174075.07,769425.08
MARGIN_BRIDGE,2023-07-26,594435.95,13,117008.76,711444.72
MARGIN_BRIDGE,2023-07-27,585587.3,13,117039.5,702626.8
MARGIN_BRIDGE,2023-07-28,596185.87,13,128749.03,724934.9
MARGIN_BRIDGE,2023-07-31,598202.2,13,140279.78,738481.97
MARGIN_BRIDGE,2023-08-01,592646.34,13,137897.13,730543.47
MARGIN_BRIDGE,2023-08-02,581952.91,13,137934.5,719887.41
MARGIN_BRIDGE,2023-08-03,580781.53,12,78757.19,659538.72
MARGIN_BRIDGE,2023-08-04,587291.85,13,137619.53,724911.38
MARGIN_BRIDGE,2023-08-07,595030.47,13,137656.83,732687.3
MARGIN_BRIDGE,2023-08-08,589258.13,13,137694.14,726952.27
MARGIN_BRIDGE,2023-08-09,584359.24,12,74953.41,659312.64
MARGIN_BRIDGE,2023-08-10,584222.93,11,10104.35,594327.28
MARGIN_BRIDGE,2023-08-11,584253.95,11,10107.09,594361.04
MARGIN_BRIDGE,2023-08-14,586484.2,13,126726.83,713211.03
MARGIN_BRIDGE,2023-08-15,578918.5,13,126761.18,705679.68
MARGIN_BRIDGE,2023-08-16,572855.02,13,124190.76,697045.78
MARGIN_BRIDGE,2023-08-17,568109.88,13,124224.42,692334.3
MARGIN_BRIDGE,2023-08-18,568790.79,13,124258.09,693048.88
MARGIN_BRIDGE,2023-08-21,570472.65,13,124291.76,694764.42
MARGIN_BRIDGE,2023-08-22,567985.8,13,124325.45,692311.25
MARGIN_BRIDGE,2023-08-23,577280.78,13,124359.15,701639.93
MARGIN_BRIDGE,2023-08-24,567458.59,13,124392.85,691851.45
MARGIN_BRIDGE,2023-08-25,571350.01,12,64744.66,636094.68
MARGIN_BRIDGE,2023-08-28,576951.8,13,122448.41,699400.22
MARGIN_BRIDGE,2023-08-29,589158.18,13,122481.6,711639.78
MARGIN_BRIDGE,2023-08-30,590504.09,13,122514.8,713018.88
MARGIN_BRIDGE,2023-08-31,587193.96,13,122548.0,709741.96
MARGIN_BRIDGE,2023-09-01,585503.14,13,122581.22,708084.36
MARGIN_BRIDGE,2023-09-05,583928.78,13,122614.44,706543.22
MARGIN_BRIDGE,2023-09-06,580864.97,13,120922.04,701787.01
MARGIN_BRIDGE,2023-09-07,580376.53,13,120954.81,701331.35
MARGIN_BRIDGE,2023-09-08,581419.33,13,120987.6,702406.93
MARGIN_BRIDGE,2023-09-11,587699.11,13,121020.39,708719.5
MARGIN_BRIDGE,2023-09-12,576979.76,13,121053.19,698032.95
MARGIN_BRIDGE,2023-09-13,578935.51,13,119079.98,698015.49
MARGIN_BRIDGE,2023-09-14,587407.01,12,69239.62,656646.63
MARGIN_BRIDGE,2023-09-15,580053.2,13,127847.27,707900.47
MARGIN_BRIDGE,2023-09-18,580191.92,13,127881.92,708073.83
MARGIN_BRIDGE,2023-09-19,577994.0,13,133303.83,711297.83
MARGIN_BRIDGE,2023-09-20,573212.38,13,133339.96,706552.34
MARGIN_BRIDGE,2023-09-21,563222.94,13,133376.1,696599.05
MARGIN_BRIDGE,2023-09-22,559150.72,13,133412.25,692562.98
MARGIN_BRIDGE,2023-09-25,558470.41,12,77925.59,636395.99
MARGIN_BRIDGE,2023-09-26,549695.71,12,77946.71,627642.42
MARGIN_BRIDGE,2023-09-27,549553.46,12,77967.83,627521.29
MARGIN_BRIDGE,2023-09-28,557158.27,13,132796.74,689955.01
MARGIN_BRIDGE,2023-09-29,551382.41,13,132832.73,684215.14
MARGIN_BRIDGE,2023-10-02,548419.12,13,132868.73,681287.85
MARGIN_BRIDGE,2023-10-03,534772.49,13,132904.74,667677.23
MARGIN_BRIDGE,2023-10-04,540560.12,13,132940.76,673500.88
MARGIN_BRIDGE,2023-10-05,540075.04,13,132976.79,673051.83
MARGIN_BRIDGE,2023-10-06,548831.07,13,133012.84,681843.91
MARGIN_BRIDGE,2023-10-09,555191.29,13,133048.89,688240.18
MARGIN_BRIDGE,2023-10-10,558909.24,13,133084.95,691994.18
MARGIN_BRIDGE,2023-10-11,559797.62,13,133121.02,692918.64
MARGIN_BRIDGE,2023-10-12,555741.76,13,133157.1,688898.86
MARGIN_BRIDGE,2023-10-13,555116.23,13,133193.19,688309.41
MARGIN_BRIDGE,2023-10-16,564458.29,13,133229.29,697687.57
MARGIN_BRIDGE,2023-10-17,568254.58,13,133265.4,701519.97
MARGIN_BRIDGE,2023-10-18,559447.62,13,133301.51,692749.13
MARGIN_BRIDGE,2023-10-19,554992.64,13,133337.64,688330.29
MARGIN_BRIDGE,2023-10-20,544731.47,13,132990.34,677721.81
MARGIN_BRIDGE,2023-10-23,543722.17,13,133026.38,676748.56
MARGIN_BRIDGE,2023-10-24,549986.79,12,76090.41,626077.2
MARGIN_BRIDGE,2023-10-25,531400.41,12,76111.03,607511.44
MARGIN_BRIDGE,2023-10-26,522996.35,12,73694.71,596691.06
MARGIN_BRIDGE,2023-10-27,525930.64,13,126399.7,652330.34
MARGIN_BRIDGE,2023-10-30,533074.51,13,126433.96,659508.47
MARGIN_BRIDGE,2023-10-31,537552.44,13,126468.22,664020.67
MARGIN_BRIDGE,2023-11-01,548070.16,13,126502.5,674572.66
MARGIN_BRIDGE,2023-11-02,557852.44,13,126536.79,684389.23
MARGIN_BRIDGE,2023-11-03,570456.44,13,126571.08,697027.53
MARGIN_BRIDGE,2023-11-06,568413.19,13,126605.39,695018.58
MARGIN_BRIDGE,2023-11-07,569282.21,13,126639.7,695921.91
MARGIN_BRIDGE,2023-11-08,570419.36,13,126674.03,697093.39
MARGIN_BRIDGE,2023-11-09,568373.13,13,126708.36,695081.49
MARGIN_BRIDGE,2023-11-10,576963.08,12,72710.43,649673.51
MARGIN_BRIDGE,2023-11-13,578188.32,13,130225.9,708414.22
MARGIN_BRIDGE,2023-11-14,593445.34,13,130261.19,723706.54
MARGIN_BRIDGE,2023-11-15,597191.87,13,130296.5,727488.37
MARGIN_BRIDGE,2023-11-16,602835.71,13,130331.81,733167.52
MARGIN_BRIDGE,2023-11-17,601353.62,13,132999.16,734352.78
MARGIN_BRIDGE,2023-11-20,604430.83,13,135288.82,739719.65
MARGIN_BRIDGE,2023-11-21,602076.81,13,135325.49,737402.3
MARGIN_BRIDGE,2023-11-22,607173.51,13,135362.16,742535.67
MARGIN_BRIDGE,2023-11-24,608138.14,13,135398.85,743536.99
MARGIN_BRIDGE,2023-11-27,605563.14,11,22713.16,628276.3
MARGIN_BRIDGE,2023-11-28,605875.87,7,0.0,391532.26
MARGIN_BRIDGE,2023-11-29,604187.61,6,0.0,326262.23
MARGIN_BRIDGE,2023-11-30,607332.03,7,0.0,389842.31
MARGIN_BRIDGE,2023-12-01,612434.69,10,0.0,577432.62
MARGIN_BRIDGE,2023-12-04,614303.18,11,26063.75,640366.92
MARGIN_BRIDGE,2023-12-05,609982.76,11,28578.96,638561.72
MARGIN_BRIDGE,2023-12-06,614972.77,12,89833.51,704806.28
MARGIN_BRIDGE,2023-12-07,617530.36,12,110977.52,728507.88
MARGIN_BRIDGE,2023-12-08,623544.76,13,181251.82,804796.58
MARGIN_BRIDGE,2023-12-11,625991.28,13,181300.95,807292.23
MARGIN_BRIDGE,2023-12-12,623477.39,13,181350.09,804827.48
MARGIN_BRIDGE,2023-12-13,640821.71,13,181399.24,822220.94
MARGIN_BRIDGE,2023-12-14,636669.96,13,181448.4,818118.37
MARGIN_BRIDGE,2023-12-15,631237.22,13,181497.58,812734.8
MARGIN_BRIDGE,2023-12-18,633467.49,11,54764.6,688232.09
MARGIN_BRIDGE,2023-12-19,644066.32,12,117334.96,761401.28
MARGIN_BRIDGE,2023-12-20,634905.17,13,185265.86,820171.03
MARGIN_BRIDGE,2023-12-21,646102.44,11,63252.06,709354.51
MARGIN_BRIDGE,2023-12-22,649507.69,13,193099.32,842607.01
MARGIN_BRIDGE,2023-12-26,654251.06,13,193151.66,847402.72
MARGIN_BRIDGE,2023-12-27,652405.73,13,193204.01,845609.74
MARGIN_BRIDGE,2023-12-28,651200.54,11,63846.0,715046.53
MARGIN_BRIDGE,2023-12-29,648882.05,10,41.74,648923.79
MARGIN_BRIDGE,2024-01-02,661654.19,11,65095.35,726749.55
MARGIN_BRIDGE,2024-01-03,655477.23,13,197374.69,852851.92
MARGIN_BRIDGE,2024-01-04,646191.15,12,125817.35,772008.5
MARGIN_BRIDGE,2024-01-05,651213.18,12,129605.99,780819.16
MARGIN_BRIDGE,2024-01-08,650198.22,12,129641.12,779839.34
MARGIN_BRIDGE,2024-01-09,642925.13,13,186975.49,829900.63
MARGIN_BRIDGE,2024-01-10,643438.65,13,180869.25,824307.9
MARGIN_BRIDGE,2024-01-11,644980.88,13,180918.27,825899.16
MARGIN_BRIDGE,2024-01-12,636526.29,13,180967.31,817493.6
MARGIN_BRIDGE,2024-01-16,624106.79,13,181016.36,805123.14
MARGIN_BRIDGE,2024-01-17,619630.36,13,181065.42,800695.78
MARGIN_BRIDGE,2024-01-18,628771.44,13,181114.49,809885.93
MARGIN_BRIDGE,2024-01-19,632744.32,13,181163.58,813907.9
MARGIN_BRIDGE,2024-01-22,631338.02,13,181212.68,812550.71
MARGIN_BRIDGE,2024-01-23,640370.67,13,176169.71,816540.38
MARGIN_BRIDGE,2024-01-24,637280.98,13,176217.46,813498.44
MARGIN_BRIDGE,2024-01-25,655254.13,13,173391.99,828646.12
MARGIN_BRIDGE,2024-01-26,657238.17,13,173438.99,830677.16
MARGIN_BRIDGE,2024-01-29,660125.3,13,173485.99,833611.3
MARGIN_BRIDGE,2024-01-30,657084.85,13,173533.01,830617.87
MARGIN_BRIDGE,2024-01-31,642771.44,13,173778.64,816550.08
MARGIN_BRIDGE,2024-02-01,648573.09,11,33116.79,681689.89
MARGIN_BRIDGE,2024-02-02,642925.68,13,162081.49,805007.17
MARGIN_BRIDGE,2024-02-05,627662.31,13,162125.42,789787.73
MARGIN_BRIDGE,2024-02-06,633002.64,13,162169.36,795172.0
MARGIN_BRIDGE,2024-02-07,630230.74,13,160219.18,790449.92
MARGIN_BRIDGE,2024-02-08,632536.02,13,160262.6,792798.62
MARGIN_BRIDGE,2024-02-09,627699.44,13,160306.04,788005.48
MARGIN_BRIDGE,2024-02-12,637716.74,13,160349.49,798066.23
MARGIN_BRIDGE,2024-02-13,623709.72,13,160392.95,784102.67
MARGIN_BRIDGE,2024-02-14,625356.74,13,160436.42,785793.16
MARGIN_BRIDGE,2024-02-15,632394.86,13,154281.89,786676.75
MARGIN_BRIDGE,2024-02-16,625676.47,13,154323.71,780000.18
MARGIN_BRIDGE,2024-02-20,622007.25,13,154365.54,776372.79
MARGIN_BRIDGE,2024-02-21,631990.26,13,154407.37,786397.63
MARGIN_BRIDGE,2024-02-22,638720.5,13,154449.22,793169.72
MARGIN_BRIDGE,2024-02-23,625304.69,13,152753.48,778058.17
MARGIN_BRIDGE,2024-02-26,619870.95,13,152794.88,772665.82
MARGIN_BRIDGE,2024-02-27,624334.96,13,159106.91,783441.87
MARGIN_BRIDGE,2024-02-28,622374.66,13,160936.55,783311.21
MARGIN_BRIDGE,2024-02-29,631249.42,13,160653.3,791902.73
MARGIN_BRIDGE,2024-03-01,634768.23,13,160696.85,795465.08
MARGIN_BRIDGE,2024-03-04,626977.87,13,160740.4,787718.27
MARGIN_BRIDGE,2024-03-05,624156.4,13,160783.97,784940.36
MARGIN_BRIDGE,2024-03-06,633766.3,13,159517.42,793283.72
MARGIN_BRIDGE,2024-03-07,637900.64,13,159560.66,797461.3
MARGIN_BRIDGE,2024-03-08,640397.97,13,159603.9,800001.88
MARGIN_BRIDGE,2024-03-11,643378.14,13,159647.16,803025.3
MARGIN_BRIDGE,2024-03-12,641736.92,13,154495.68,796232.6
MARGIN_BRIDGE,2024-03-13,644467.52,13,147782.28,792249.8
MARGIN_BRIDGE,2024-03-14,638136.21,13,147822.33,785958.54
MARGIN_BRIDGE,2024-03-15,633977.28,13,147862.4,781839.68
MARGIN_BRIDGE,2024-03-18,636407.34,13,148831.97,785239.31
MARGIN_BRIDGE,2024-03-19,639977.02,13,148872.31,788849.33
MARGIN_BRIDGE,2024-03-20,662102.54,13,148912.66,811015.2
MARGIN_BRIDGE,2024-03-21,660597.74,13,148953.02,809550.76
MARGIN_BRIDGE,2024-03-22,655218.78,13,163560.77,818779.55
MARGIN_BRIDGE,2024-03-25,658556.51,12,92725.81,751282.33
MARGIN_BRIDGE,2024-03-26,656190.9,13,158918.59,815109.49
MARGIN_BRIDGE,2024-03-27,666711.22,13,158961.66,825672.88
MARGIN_BRIDGE,2024-03-28,667589.03,13,159004.75,826593.77
MARGIN_BRIDGE,2024-04-01,664524.47,13,159047.84,823572.31
MARGIN_BRIDGE,2024-04-02,654082.81,12,92946.32,747029.13
MARGIN_BRIDGE,2024-04-03,655006.09,12,92971.51,747977.61
MARGIN_BRIDGE,2024-04-04,640709.06,13,159069.93,799778.99
MARGIN_BRIDGE,2024-04-05,642938.8,11,29843.61,672782.41
MARGIN_BRIDGE,2024-04-08,644696.87,13,158454.11,803150.99
MARGIN_BRIDGE,2024-04-09,643886.23,13,158497.06,802383.3
MARGIN_BRIDGE,2024-04-10,631909.03,13,158540.02,790449.04
MARGIN_BRIDGE,2024-04-11,638056.61,13,153661.95,791718.55
MARGIN_BRIDGE,2024-04-12,621754.14,13,153703.6,775457.73
MARGIN_BRIDGE,2024-04-15,613552.33,13,153745.25,767297.58
MARGIN_BRIDGE,2024-04-16,610326.78,13,153786.92,764113.71
MARGIN_BRIDGE,2024-04-17,609066.53,13,153828.61,762895.13
MARGIN_BRIDGE,2024-04-18,608552.22,13,153870.3,762422.52
MARGIN_BRIDGE,2024-04-19,606711.74,13,153912.0,760623.75
MARGIN_BRIDGE,2024-04-22,610755.77,13,153953.72,764709.49
MARGIN_BRIDGE,2024-04-23,616499.03,13,153995.44,770494.47
MARGIN_BRIDGE,2024-04-24,622268.87,13,154037.18,776306.05
MARGIN_BRIDGE,2024-04-25,625488.93,13,154078.93,779567.86
MARGIN_BRIDGE,2024-04-26,628622.76,13,154120.69,782743.45
MARGIN_BRIDGE,2024-04-29,634503.44,13,154162.46,788665.9
MARGIN_BRIDGE,2024-04-30,617808.08,13,154204.24,772012.32
MARGIN_BRIDGE,2024-05-01,606352.67,13,154246.04,760598.71
MARGIN_BRIDGE,2024-05-02,614366.82,13,154287.84,768654.66
MARGIN_BRIDGE,2024-05-03,623574.1,13,154329.66,777903.76
MARGIN_BRIDGE,2024-05-06,627349.45,13,154371.49,781720.94
MARGIN_BRIDGE,2024-05-07,623725.09,13,149569.9,773294.99
MARGIN_BRIDGE,2024-05-08,632480.44,13,149610.44,782090.88
MARGIN_BRIDGE,2024-05-09,635075.24,13,149650.99,784726.23
MARGIN_BRIDGE,2024-05-10,639656.08,13,149691.55,789347.63
MARGIN_BRIDGE,2024-05-13,644031.91,13,149732.12,793764.03
MARGIN_BRIDGE,2024-05-14,646447.8,13,149772.7,796220.5
MARGIN_BRIDGE,2024-05-15,651518.06,13,147033.75,798551.81
MARGIN_BRIDGE,2024-05-16,655104.46,13,147073.6,802178.06
MARGIN_BRIDGE,2024-05-17,657084.35,13,147113.46,804197.82
MARGIN_BRIDGE,2024-05-20,661477.71,13,149499.93,810977.65
MARGIN_BRIDGE,2024-05-21,658349.75,13,149540.45,807890.2
MARGIN_BRIDGE,2024-05-22,653042.27,13,147109.35,800151.62
MARGIN_BRIDGE,2024-05-23,630555.82,13,147149.22,777705.04
MARGIN_BRIDGE,2024-05-24,637437.72,11,18005.53,655443.25
MARGIN_BRIDGE,2024-05-28,638722.21,11,18010.41,656732.62
MARGIN_BRIDGE,2024-05-29,630697.04,11,18015.29,648712.33
MARGIN_BRIDGE,2024-05-30,639689.59,11,18020.17,657709.76
MARGIN_BRIDGE,2024-05-31,654240.56,12,82131.09,736371.65
MARGIN_BRIDGE,2024-06-03,660265.71,13,147791.42,808057.13
MARGIN_BRIDGE,2024-06-04,666936.92,13,147831.48,814768.4
MARGIN_BRIDGE,2024-06-05,669683.18,13,147871.54,817554.73
MARGIN_BRIDGE,2024-06-06,667190.13,13,148725.97,815916.11
MARGIN_BRIDGE,2024-06-07,662114.41,13,150366.07,812480.48
MARGIN_BRIDGE,2024-06-10,669515.83,12,89035.68,758551.51
MARGIN_BRIDGE,2024-06-11,667519.15,13,155860.39,823379.55
MARGIN_BRIDGE,2024-06-12,666207.96,13,155902.64,822110.6
MARGIN_BRIDGE,2024-06-13,661501.49,13,154231.43,815732.92
MARGIN_BRIDGE,2024-06-14,655189.9,13,151434.1,806624.0
MARGIN_BRIDGE,2024-06-17,668181.27,13,151475.14,819656.42
MARGIN_BRIDGE,2024-06-18,665387.0,13,151516.2,816903.2
MARGIN_BRIDGE,2024-06-20,668481.92,13,151557.26,820039.18
MARGIN_BRIDGE,2024-06-21,669053.03,13,151598.34,820651.37
MARGIN_BRIDGE,2024-06-24,665489.02,13,151639.43,817128.45
MARGIN_BRIDGE,2024-06-25,664376.68,13,151353.85,815730.53
MARGIN_BRIDGE,2024-06-26,666472.63,13,142771.15,809243.78
MARGIN_BRIDGE,2024-06-27,678496.56,13,142809.84,821306.4
MARGIN_BRIDGE,2024-06-28,678781.51,13,142848.55,821630.05
MARGIN_BRIDGE,2024-07-01,680067.29,13,142887.26,822954.55
MARGIN_BRIDGE,2024-07-02,689015.84,13,142925.99,831941.83
MARGIN_BRIDGE,2024-07-03,695784.57,13,142964.73,838749.29
MARGIN_BRIDGE,2024-07-05,699147.18,13,143003.48,842150.66
MARGIN_BRIDGE,2024-07-08,706497.86,11,7764.14,714262.0
MARGIN_BRIDGE,2024-07-09,709973.77,10,0.0,647543.09
MARGIN_BRIDGE,2024-07-10,714497.12,11,8512.15,723009.27
MARGIN_BRIDGE,2024-07-11,710509.47,13,152419.15,862928.62
MARGIN_BRIDGE,2024-07-12,720629.26,13,150438.56,871067.83
MARGIN_BRIDGE,2024-07-15,714541.89,13,150479.34,865021.23
MARGIN_BRIDGE,2024-07-16,734515.68,13,162949.84,897465.52
MARGIN_BRIDGE,2024-07-17,730409.48,13,162994.0,893403.49
MARGIN_BRIDGE,2024-07-18,724900.3,13,163038.18,887938.48
MARGIN_BRIDGE,2024-07-19,720092.55,11,24330.87,744423.42
MARGIN_BRIDGE,2024-07-22,718790.58,9,0.0,590631.09
MARGIN_BRIDGE,2024-07-23,716601.36,11,15461.0,732062.36
MARGIN_BRIDGE,2024-07-24,700147.16,10,0.0,646365.56
MARGIN_BRIDGE,2024-07-25,691870.42,9,0.0,562897.89
MARGIN_BRIDGE,2024-07-26,717894.55,10,0.0,683077.42
MARGIN_BRIDGE,2024-07-29,716768.44,11,37319.28,754087.73
MARGIN_BRIDGE,2024-07-30,719664.27,12,109751.04,829415.31
MARGIN_BRIDGE,2024-07-31,730631.69,13,182889.41,913521.09
MARGIN_BRIDGE,2024-08-01,713739.41,13,182938.97,896678.38
MARGIN_BRIDGE,2024-08-02,689040.17,13,182988.56,872028.72
MARGIN_BRIDGE,2024-08-05,669573.66,13,177293.3,846866.96
MARGIN_BRIDGE,2024-08-06,676230.54,12,102182.86,778413.4
MARGIN_BRIDGE,2024-08-07,663683.37,13,169856.95,833540.32
MARGIN_BRIDGE,2024-08-08,675386.72,13,169902.99,845289.71
MARGIN_BRIDGE,2024-08-09,675607.72,13,169949.04,845556.76
MARGIN_BRIDGE,2024-08-12,677124.07,13,172436.66,849560.73
MARGIN_BRIDGE,2024-08-13,708443.92,13,172483.39,880927.32
MARGIN_BRIDGE,2024-08-14,710954.29,13,172530.14,883484.43
MARGIN_BRIDGE,2024-08-15,726094.45,13,172576.9,898671.35
MARGIN_BRIDGE,2024-08-16,728635.43,13,172623.68,901259.1
MARGIN_BRIDGE,2024-08-19,734517.07,13,161761.51,896278.58
MARGIN_BRIDGE,2024-08-20,728826.9,13,161805.35,890632.26
MARGIN_BRIDGE,2024-08-21,731855.47,13,155470.14,887325.61
MARGIN_BRIDGE,2024-08-22,719134.07,13,155512.28,874646.35
MARGIN_BRIDGE,2024-08-23,737005.73,13,155554.43,892560.16
MARGIN_BRIDGE,2024-08-26,731473.97,13,155596.59,887070.55
MARGIN_BRIDGE,2024-08-27,730507.51,13,156724.7,887232.21
MARGIN_BRIDGE,2024-08-28,713140.84,12,80775.16,793916.0
MARGIN_BRIDGE,2024-08-29,716031.59,12,78807.51,794839.1
MARGIN_BRIDGE,2024-08-30,720886.56,12,78828.87,799715.44
MARGIN_BRIDGE,2024-09-03,707491.76,12,78849.61,786341.37
MARGIN_BRIDGE,2024-09-04,709023.43,11,0.0,703836.93
MARGIN_BRIDGE,2024-09-05,710112.39,12,65860.55,775972.94
MARGIN_BRIDGE,2024-09-06,692346.47,13,136925.45,829271.91
MARGIN_BRIDGE,2024-09-09,703058.1,12,66882.61,769940.71
MARGIN_BRIDGE,2024-09-10,704979.87,14,207994.76,912974.63
MARGIN_BRIDGE,2024-09-11,710269.41,14,208049.49,918318.89
MARGIN_BRIDGE,2024-09-12,717079.61,14,208104.22,925183.84
MARGIN_BRIDGE,2024-09-13,720972.69,14,208158.97,929131.66
MARGIN_BRIDGE,2024-09-16,726254.47,14,208213.74,934468.21
MARGIN_BRIDGE,2024-09-17,726165.93,14,206444.91,932610.83
MARGIN_BRIDGE,2024-09-18,724563.28,14,207511.86,932075.14
MARGIN_BRIDGE,2024-09-19,736732.87,14,207566.46,944299.33
MARGIN_BRIDGE,2024-09-20,731703.92,14,207621.07,939324.99
MARGIN_BRIDGE,2024-09-23,738887.9,14,201026.41,939914.31
MARGIN_BRIDGE,2024-09-24,746410.35,14,200519.49,946929.84
MARGIN_BRIDGE,2024-09-25,743424.59,14,200572.25,943996.84
MARGIN_BRIDGE,2024-09-26,765763.38,14,200625.01,966388.4
MARGIN_BRIDGE,2024-09-27,777403.24,14,200677.8,978081.04
MARGIN_BRIDGE,2024-09-30,770685.66,14,200730.6,971416.25
MARGIN_BRIDGE,2024-10-01,771043.28,13,121974.99,893018.28
MARGIN_BRIDGE,2024-10-02,768536.29,10,0.0,661609.8
MARGIN_BRIDGE,2024-10-03,765917.15,10,0.0,658990.66
MARGIN_BRIDGE,2024-10-04,771049.93,10,0.0,664123.44
MARGIN_BRIDGE,2024-10-07,771802.89,13,124970.1,896772.99
MARGIN_BRIDGE,2024-10-08,764461.68,13,125001.49,889463.17
MARGIN_BRIDGE,2024-10-09,772011.19,14,200052.71,972063.91
MARGIN_BRIDGE,2024-10-10,769656.33,14,200102.96,969759.3
MARGIN_BRIDGE,2024-10-11,780942.58,14,200153.23,981095.81
MARGIN_BRIDGE,2024-10-14,782423.13,14,200203.5,982626.64
MARGIN_BRIDGE,2024-10-15,784122.46,14,200253.79,984376.25
MARGIN_BRIDGE,2024-10-16,790988.17,14,193877.34,984865.51
MARGIN_BRIDGE,2024-10-17,784463.57,14,193926.04,978389.61
MARGIN_BRIDGE,2024-10-18,793467.64,14,193790.29,987257.92
MARGIN_BRIDGE,2024-10-21,785497.59,14,193838.96,979336.55
MARGIN_BRIDGE,2024-10-22,786175.23,14,192219.61,978394.84
MARGIN_BRIDGE,2024-10-23,781684.95,14,192267.89,973952.84
MARGIN_BRIDGE,2024-10-24,781914.71,14,191141.95,973056.67
MARGIN_BRIDGE,2024-10-25,777488.51,14,191189.97,968678.48
MARGIN_BRIDGE,2024-10-28,782888.46,14,191237.99,974126.45
MARGIN_BRIDGE,2024-10-29,777821.96,14,191286.03,969107.99
MARGIN_BRIDGE,2024-10-30,762427.42,14,181771.09,944198.52
MARGIN_BRIDGE,2024-10-31,745926.59,14,181816.75,927743.35
MARGIN_BRIDGE,2024-11-01,749181.43,14,181861.12,931042.55
MARGIN_BRIDGE,2024-11-04,745446.58,14,181905.51,927352.09
MARGIN_BRIDGE,2024-11-05,753548.98,14,181949.9,935498.88
MARGIN_BRIDGE,2024-11-06,756735.44,14,181994.3,938729.74
MARGIN_BRIDGE,2024-11-07,775022.02,14,182038.72,957060.74
MARGIN_BRIDGE,2024-11-08,771433.9,14,182083.15,953517.04
MARGIN_BRIDGE,2024-11-11,769901.62,14,182127.58,952029.2
MARGIN_BRIDGE,2024-11-12,757822.56,14,182172.03,939994.59
MARGIN_BRIDGE,2024-11-13,755958.04,14,176441.5,932399.54
MARGIN_BRIDGE,2024-11-14,745749.65,14,176484.56,922234.21
MARGIN_BRIDGE,2024-11-15,736325.25,14,176527.63,912852.88
MARGIN_BRIDGE,2024-11-18,749472.12,14,164311.39,913783.52
MARGIN_BRIDGE,2024-11-19,753019.97,14,164351.49,917371.46
MARGIN_BRIDGE,2024-11-20,750945.1,14,164391.6,915336.7
MARGIN_BRIDGE,2024-11-21,762082.71,14,164431.72,926514.43
MARGIN_BRIDGE,2024-11-22,773823.91,14,164471.85,938295.76
MARGIN_BRIDGE,2024-11-25,789928.57,14,164511.99,954440.56
MARGIN_BRIDGE,2024-11-26,776631.51,15,230011.43,1006642.93
MARGIN_BRIDGE,2024-11-27,778127.96,15,228720.73,1006848.69
MARGIN_BRIDGE,2024-11-29,778383.19,15,228776.55,1007159.74
MARGIN_BRIDGE,2024-12-02,786756.44,14,199461.97,986218.41
MARGIN_BRIDGE,2024-12-03,781815.22,14,199509.31,981324.53
MARGIN_BRIDGE,2024-12-04,780150.93,14,199556.65,979707.58
MARGIN_BRIDGE,2024-12-05,773624.62,14,201894.89,975519.5
MARGIN_BRIDGE,2024-12-06,772926.45,14,231790.83,1004717.28
MARGIN_BRIDGE,2024-12-09,768603.28,14,231845.84,1000449.12
MARGIN_BRIDGE,2024-12-10,765008.14,13,156188.4,921196.54
MARGIN_BRIDGE,2024-12-11,769489.16,12,97225.43,866714.59
MARGIN_BRIDGE,2024-12-12,772352.7,13,174126.47,946479.17
MARGIN_BRIDGE,2024-12-13,758910.21,13,174167.79,933078.0
MARGIN_BRIDGE,2024-12-16,751259.3,13,174209.12,925468.42
MARGIN_BRIDGE,2024-12-17,753256.18,13,174250.46,927506.64
MARGIN_BRIDGE,2024-12-18,733982.2,12,90421.81,824404.01
MARGIN_BRIDGE,2024-12-19,732787.41,11,11338.82,744126.23
MARGIN_BRIDGE,2024-12-20,741520.69,11,11341.51,752862.2
MARGIN_BRIDGE,2024-12-23,745122.63,12,85531.3,830653.93
MARGIN_BRIDGE,2024-12-24,751379.81,13,160289.24,911669.05
MARGIN_BRIDGE,2024-12-26,750158.96,13,160327.28,910486.24
MARGIN_BRIDGE,2024-12-27,744401.01,13,164239.84,908640.86
MARGIN_BRIDGE,2024-12-30,734125.53,13,164278.82,898404.35
MARGIN_BRIDGE,2024-12-31,735774.29,13,164317.8,900092.09
MARGIN_BRIDGE,2025-01-02,735377.82,13,164355.82,899733.64
MARGIN_BRIDGE,2025-01-03,743457.32,13,164393.84,907851.16
MARGIN_BRIDGE,2025-01-06,746816.22,13,164431.87,911248.1
MARGIN_BRIDGE,2025-01-07,741433.54,13,164469.91,905903.45
MARGIN_BRIDGE,2025-01-08,736527.78,13,161837.67,898365.45
MARGIN_BRIDGE,2025-01-10,748662.53,13,161875.11,910537.64
MARGIN_BRIDGE,2025-01-13,754282.78,13,161912.56,916195.34
MARGIN_BRIDGE,2025-01-14,760275.08,13,161950.02,922225.1
MARGIN_BRIDGE,2025-01-15,768077.42,13,161987.48,930064.9
MARGIN_BRIDGE,2025-01-16,769672.6,13,162024.96,931697.56
MARGIN_BRIDGE,2025-01-17,773436.07,13,162062.44,935498.52
MARGIN_BRIDGE,2025-01-21,770234.85,13,162099.94,932334.79
MARGIN_BRIDGE,2025-01-22,765913.33,13,161044.44,926957.76
MARGIN_BRIDGE,2025-01-23,774483.01,13,160756.68,935239.69
MARGIN_BRIDGE,2025-01-24,773187.01,13,160793.87,933980.89
MARGIN_BRIDGE,2025-01-27,759134.48,13,160831.07,919965.55
MARGIN_BRIDGE,2025-01-28,763046.48,14,224946.71,987993.19
MARGIN_BRIDGE,2025-01-29,766685.14,14,224872.36,991557.51
MARGIN_BRIDGE,2025-01-30,776054.77,14,222254.75,998309.51
MARGIN_BRIDGE,2025-01-31,764945.9,14,222306.17,987252.07
MARGIN_BRIDGE,2025-02-03,747856.55,13,157967.52,905824.07
MARGIN_BRIDGE,2025-02-04,758405.67,12,82047.13,840452.8
MARGIN_BRIDGE,2025-02-05,762576.86,13,157807.64,920384.51
MARGIN_BRIDGE,2025-02-06,753705.19,13,157844.15,911549.34
MARGIN_BRIDGE,2025-02-07,752902.83,13,157880.67,910783.5
MARGIN_BRIDGE,2025-02-10,775058.91,13,157917.2,932976.1
MARGIN_BRIDGE,2025-02-11,769785.7,13,157953.73,927739.43
MARGIN_BRIDGE,2025-02-12,785509.01,14,216786.91,1002295.92
MARGIN_BRIDGE,2025-02-13,801277.56,14,216837.06,1018114.62
MARGIN_BRIDGE,2025-02-14,805550.17,14,216887.23,1022437.4
MARGIN_BRIDGE,2025-02-18,823609.83,14,216937.4,1040547.23
MARGIN_BRIDGE,2025-02-19,825577.04,14,224531.63,1050108.67
MARGIN_BRIDGE,2025-02-20,833115.46,14,224583.57,1057699.03
MARGIN_BRIDGE,2025-02-21,827751.8,14,224635.53,1052387.33
MARGIN_BRIDGE,2025-02-24,830457.51,14,224687.5,1055145.01
MARGIN_BRIDGE,2025-02-25,830457.97,14,222788.75,1053246.72
MARGIN_BRIDGE,2025-02-26,818634.1,14,226009.94,1044644.04
MARGIN_BRIDGE,2025-02-27,814183.17,14,219008.92,1033192.08
MARGIN_BRIDGE,2025-02-28,826146.75,12,84690.64,910837.39
MARGIN_BRIDGE,2025-03-03,814478.35,13,167452.89,981931.24
MARGIN_BRIDGE,2025-03-04,802211.33,13,167491.63,969702.97
MARGIN_BRIDGE,2025-03-05,813987.26,13,167530.38,981517.64
MARGIN_BRIDGE,2025-03-06,811806.61,12,85889.07,897695.68
MARGIN_BRIDGE,2025-03-07,825561.45,12,85908.94,911470.39
MARGIN_BRIDGE,2025-03-10,825460.67,12,85928.81,911389.48
MARGIN_BRIDGE,2025-03-11,813912.39,13,168192.61,982105.0
MARGIN_BRIDGE,2025-03-12,803383.48,13,168231.52,971615.0
MARGIN_BRIDGE,2025-03-13,800539.69,12,86033.49,886573.18
MARGIN_BRIDGE,2025-03-14,822560.61,13,167216.84,989777.44
MARGIN_BRIDGE,2025-03-17,848651.37,13,167255.52,1015906.89
MARGIN_BRIDGE,2025-03-18,844366.74,14,252014.08,1096380.82
MARGIN_BRIDGE,2025-03-19,848713.93,14,252072.38,1100786.31
MARGIN_BRIDGE,2025-03-20,847935.26,14,252130.7,1100065.96
MARGIN_BRIDGE,2025-03-21,838861.83,14,252189.03,1091050.86
MARGIN_BRIDGE,2025-03-24,857395.65,14,252247.37,1109643.03
MARGIN_BRIDGE,2025-03-25,854301.23,14,252305.73,1106606.96
MARGIN_BRIDGE,2025-03-26,840051.91,14,252364.1,1092416.01
MARGIN_BRIDGE,2025-03-27,825637.33,13,174707.57,1000344.9
MARGIN_BRIDGE,2025-03-28,813764.2,13,204452.25,1018216.45
MARGIN_BRIDGE,2025-03-31,818956.43,13,204499.55,1023455.98
MARGIN_BRIDGE,2025-04-01,813172.46,13,204546.86,1017719.32
MARGIN_BRIDGE,2025-04-02,816838.18,13,204594.18,1021432.36
MARGIN_BRIDGE,2025-04-03,762860.72,13,204641.52,967502.23
MARGIN_BRIDGE,2025-04-04,699247.41,13,204688.86,903936.27
MARGIN_BRIDGE,2025-04-07,692049.57,13,204736.21,896785.79
MARGIN_BRIDGE,2025-04-08,657081.1,13,204783.58,861864.68
MARGIN_BRIDGE,2025-04-09,735399.37,12,129666.93,865066.29
MARGIN_BRIDGE,2025-04-10,682008.08,13,200618.48,882626.56
MARGIN_BRIDGE,2025-04-11,697824.71,13,200664.89,898489.6
MARGIN_BRIDGE,2025-04-14,710208.27,13,200711.32,910919.58
MARGIN_BRIDGE,2025-04-15,709206.48,13,200757.75,909964.23
MARGIN_BRIDGE,2025-04-16,693404.36,13,200804.2,894208.55
MARGIN_BRIDGE,2025-04-17,699012.54,13,200850.65,899863.2
MARGIN_BRIDGE,2025-04-21,680740.34,13,200897.12,881637.46
MARGIN_BRIDGE,2025-04-22,702422.38,13,200943.6,903365.97
MARGIN_BRIDGE,2025-04-23,704892.21,13,200990.08,905882.3
MARGIN_BRIDGE,2025-04-24,735893.42,13,201036.58,936930.0
MARGIN_BRIDGE,2025-04-25,732397.52,13,201083.09,933480.62
MARGIN_BRIDGE,2025-04-28,731441.01,13,201129.61,932570.62
MARGIN_BRIDGE,2025-04-29,738238.57,13,192681.72,930920.29
MARGIN_BRIDGE,2025-04-30,729398.87,13,192726.3,922125.16
MARGIN_BRIDGE,2025-05-01,729432.02,13,192770.88,922202.9
MARGIN_BRIDGE,2025-05-02,746540.44,13,192815.48,939355.92
MARGIN_BRIDGE,2025-05-05,737650.69,13,192860.09,930510.78
MARGIN_BRIDGE,2025-05-06,732869.51,12,125581.23,858450.74
MARGIN_BRIDGE,2025-05-07,731471.48,10,0.0,710411.49
MARGIN_BRIDGE,2025-05-08,752325.57,9,0.0,662406.08
MARGIN_BRIDGE,2025-05-09,759707.11,11,61203.32,820910.43
MARGIN_BRIDGE,2025-05-12,779885.58,12,140146.72,920032.3
MARGIN_BRIDGE,2025-05-13,796675.92,13,219136.62,1015812.54
MARGIN_BRIDGE,2025-05-14,793505.08,11,64928.83,858433.91
MARGIN_BRIDGE,2025-05-15,798374.98,12,143815.71,942190.69
MARGIN_BRIDGE,2025-05-16,804112.42,13,223709.93,1027822.36
MARGIN_BRIDGE,2025-05-19,790370.1,13,223761.69,1014131.79
MARGIN_BRIDGE,2025-05-20,789724.25,13,223813.46,1013537.71
MARGIN_BRIDGE,2025-05-21,769994.86,13,223865.24,993860.09
MARGIN_BRIDGE,2025-05-22,749958.88,11,49750.85,799709.73
MARGIN_BRIDGE,2025-05-23,749147.98,10,0.0,720559.6
MARGIN_BRIDGE,2025-05-27,759310.08,12,122354.28,881664.36
MARGIN_BRIDGE,2025-05-28,752073.55,13,198656.47,950730.01
MARGIN_BRIDGE,2025-05-29,755872.78,13,198702.43,954575.2
MARGIN_BRIDGE,2025-05-30,754056.67,13,198748.4,952805.06
MARGIN_BRIDGE,2025-06-02,761484.51,13,198794.38,960278.89
MARGIN_BRIDGE,2025-06-03,766539.79,13,198840.37,965380.15
MARGIN_BRIDGE,2025-06-04,760656.2,13,198886.37,959542.57
MARGIN_BRIDGE,2025-06-05,755207.16,13,198932.38,954139.54
MARGIN_BRIDGE,2025-06-06,756932.47,13,198978.4,955910.87
MARGIN_BRIDGE,2025-06-09,760825.93,13,199024.44,959850.37
MARGIN_BRIDGE,2025-06-10,776394.45,13,199070.48,975464.93
MARGIN_BRIDGE,2025-06-11,769336.9,13,196984.97,966321.87
MARGIN_BRIDGE,2025-06-12,774055.26,13,190722.39,964777.64
MARGIN_BRIDGE,2025-06-13,769651.27,13,190766.51,960417.78
MARGIN_BRIDGE,2025-06-16,773382.85,13,190810.64,964193.5
MARGIN_BRIDGE,2025-06-17,751716.32,13,197602.86,949319.19
MARGIN_BRIDGE,2025-06-18,761498.65,13,197648.58,959147.22
MARGIN_BRIDGE,2025-06-20,767563.56,13,197694.3,965257.87
MARGIN_BRIDGE,2025-06-23,762635.3,13,184086.81,946722.11
MARGIN_BRIDGE,2025-06-24,778113.21,13,184129.4,962242.61
MARGIN_BRIDGE,2025-06-25,776572.74,13,187573.32,964146.05
MARGIN_BRIDGE,2025-06-26,795075.6,13,187616.71,982692.32
MARGIN_BRIDGE,2025-06-27,795693.52,13,188686.22,984379.73
MARGIN_BRIDGE,2025-06-30,796499.96,13,188729.87,985229.82
MARGIN_BRIDGE,2025-07-01,808054.22,13,188773.53,996827.75
MARGIN_BRIDGE,2025-07-02,819528.09,13,192698.65,1012226.74
MARGIN_BRIDGE,2025-07-03,826501.2,13,192743.23,1019244.43
MARGIN_BRIDGE,2025-07-07,814437.48,13,192787.82,1007225.3
MARGIN_BRIDGE,2025-07-08,816693.43,11,40548.5,857241.93
MARGIN_BRIDGE,2025-07-09,838227.24,13,206147.47,1044374.7
MARGIN_BRIDGE,2025-07-10,837123.87,13,206195.16,1043319.03
MARGIN_BRIDGE,2025-07-11,828687.2,13,206242.86,1034930.06
MARGIN_BRIDGE,2025-07-14,826073.76,12,120880.54,946954.3
MARGIN_BRIDGE,2025-07-15,822161.38,13,205146.81,1027308.19
MARGIN_BRIDGE,2025-07-16,824776.59,13,205194.27,1029970.86
MARGIN_BRIDGE,2025-07-17,832316.54,13,205241.74,1037558.28
MARGIN_BRIDGE,2025-07-18,835256.52,13,205289.22,1040545.74
MARGIN_BRIDGE,2025-07-21,828385.13,13,205336.72,1033721.85
MARGIN_BRIDGE,2025-07-22,837385.21,13,205384.22,1042769.43
MARGIN_BRIDGE,2025-07-23,838105.61,13,205431.74,1043537.35
MARGIN_BRIDGE,2025-07-24,836104.95,13,209708.98,1045813.93
MARGIN_BRIDGE,2025-07-25,835471.53,13,209757.5,1045229.03
MARGIN_BRIDGE,2025-07-28,837193.36,13,209806.02,1046999.39
MARGIN_BRIDGE,2025-07-29,828443.71,13,195532.1,1023975.81
MARGIN_BRIDGE,2025-07-30,826504.54,13,195577.34,1022081.88
MARGIN_BRIDGE,2025-07-31,821701.7,13,195622.59,1017324.28
MARGIN_BRIDGE,2025-08-01,802522.43,13,195667.84,998190.27
MARGIN_BRIDGE,2025-08-04,816005.01,12,107307.27,923312.27
MARGIN_BRIDGE,2025-08-05,822898.73,13,189904.14,1012802.86
MARGIN_BRIDGE,2025-08-06,803106.02,13,189948.07,993054.09
MARGIN_BRIDGE,2025-08-07,800669.2,13,189992.02,990661.21
MARGIN_BRIDGE,2025-08-08,805581.78,13,190035.97,995617.75
MARGIN_BRIDGE,2025-08-11,801556.91,13,190079.93,991636.84
MARGIN_BRIDGE,2025-08-12,815441.81,13,185816.17,1001257.98
MARGIN_BRIDGE,2025-08-13,823250.37,13,185859.15,1009109.53
MARGIN_BRIDGE,2025-08-14,823192.82,13,185902.15,1009094.97
MARGIN_BRIDGE,2025-08-15,830850.18,14,246747.04,1077597.21
MARGIN_BRIDGE,2025-08-18,829383.56,13,177767.15,1007150.71
MARGIN_BRIDGE,2025-08-19,833999.73,13,177808.28,1011808.01
MARGIN_BRIDGE,2025-08-20,826941.03,13,177849.41,1004790.45
MARGIN_BRIDGE,2025-08-21,827555.48,13,177890.56,1005446.04
MARGIN_BRIDGE,2025-08-22,852716.1,12,87632.62,940348.73
MARGIN_BRIDGE,2025-08-25,850365.51,13,172861.12,1023226.63
MARGIN_BRIDGE,2025-08-26,850574.58,12,89021.96,939596.54
MARGIN_BRIDGE,2025-08-27,854088.5,11,11104.42,865192.92
MARGIN_BRIDGE,2025-08-28,857346.51,12,132180.15,989526.67
MARGIN_BRIDGE,2025-08-29,838169.39,13,217722.65,1055892.04
MARGIN_BRIDGE,2025-09-02,831943.44,12,135988.08,967931.52
MARGIN_BRIDGE,2025-09-03,830793.08,13,219442.14,1050235.22
MARGIN_BRIDGE,2025-09-04,833205.58,13,218675.57,1051881.15
MARGIN_BRIDGE,2025-09-05,840498.2,13,218725.29,1059223.49
MARGIN_BRIDGE,2025-09-08,846299.05,13,218775.03,1065074.07
MARGIN_BRIDGE,2025-09-09,851016.54,13,218824.77,1069841.31
MARGIN_BRIDGE,2025-09-10,862800.81,13,218874.53,1081675.33
MARGIN_BRIDGE,2025-09-11,896565.63,13,218924.3,1115489.93
MARGIN_BRIDGE,2025-09-12,920330.67,13,218974.08,1139304.75
MARGIN_BRIDGE,2025-09-15,927354.73,13,219023.87,1146378.6
MARGIN_BRIDGE,2025-09-16,922591.0,13,219073.67,1141664.67
MARGIN_BRIDGE,2025-09-17,917361.61,13,219123.48,1136485.09
MARGIN_BRIDGE,2025-09-18,932537.33,13,212841.33,1145378.66
MARGIN_BRIDGE,2025-09-19,934975.41,13,212889.73,1147865.13
MARGIN_BRIDGE,2025-09-22,935392.96,13,212938.13,1148331.09
MARGIN_BRIDGE,2025-09-23,930754.62,13,212986.55,1143741.17
MARGIN_BRIDGE,2025-09-24,937816.93,13,213034.98,1150851.91
MARGIN_BRIDGE,2025-09-25,926878.2,13,213083.42,1139961.62
MARGIN_BRIDGE,2025-09-26,932536.96,13,200185.7,1132722.66
MARGIN_BRIDGE,2025-09-29,938494.26,13,200231.22,1138725.48
MARGIN_BRIDGE,2025-09-30,942550.12,13,200276.75,1142826.87
MARGIN_BRIDGE,2025-10-01,954825.83,13,206015.97,1160841.8
MARGIN_BRIDGE,2025-10-02,950381.76,13,206061.59,1156443.35
MARGIN_BRIDGE,2025-10-03,956814.69,14,260279.83,1217094.52
MARGIN_BRIDGE,2025-10-06,961776.63,14,260337.47,1222114.1
MARGIN_BRIDGE,2025-10-07,966682.77,14,259208.29,1225891.06
MARGIN_BRIDGE,2025-10-08,972912.92,14,259265.68,1232178.6
MARGIN_BRIDGE,2025-10-09,966237.63,14,259323.09,1225560.72
MARGIN_BRIDGE,2025-10-10,924647.69,14,278133.48,1202781.17
MARGIN_BRIDGE,2025-10-13,942398.43,14,278418.98,1220817.4
MARGIN_BRIDGE,2025-10-14,944786.18,14,278480.63,1223266.81
MARGIN_BRIDGE,2025-10-15,949965.99,14,278542.29,1228508.28
MARGIN_BRIDGE,2025-10-16,944597.9,14,278603.97,1223201.86
MARGIN_BRIDGE,2025-10-17,945651.73,14,278665.66,1224317.39
MARGIN_BRIDGE,2025-10-20,965233.77,14,278727.36,1243961.13
MARGIN_BRIDGE,2025-10-21,972658.07,14,276056.93,1248715.0
MARGIN_BRIDGE,2025-10-22,956828.33,14,273792.51,1230620.84
MARGIN_BRIDGE,2025-10-23,949314.15,14,270603.79,1219917.94
MARGIN_BRIDGE,2025-10-24,959016.99,13,196972.89,1155989.88
MARGIN_BRIDGE,2025-10-27,974016.99,13,197016.5,1171033.49
MARGIN_BRIDGE,2025-10-28,966044.34,13,197060.13,1163104.47
MARGIN_BRIDGE,2025-10-29,971644.35,13,196080.76,1167725.11
MARGIN_BRIDGE,2025-10-30,968670.96,13,196124.18,1164795.14
MARGIN_BRIDGE,2025-10-31,978832.45,14,294400.06,1273232.51
MARGIN_BRIDGE,2025-11-03,972511.95,14,294035.84,1266547.79
MARGIN_BRIDGE,2025-11-04,946661.77,13,213997.28,1160659.05
MARGIN_BRIDGE,2025-11-05,948895.83,13,214042.96,1162938.79
MARGIN_BRIDGE,2025-11-06,935597.8,13,214088.66,1149686.46
MARGIN_BRIDGE,2025-11-07,943149.08,13,214134.37,1157283.45
MARGIN_BRIDGE,2025-11-10,955034.8,13,214180.08,1169214.88
MARGIN_BRIDGE,2025-11-11,956437.2,13,214225.81,1170663.01
MARGIN_BRIDGE,2025-11-12,958876.5,13,214271.54,1173148.05
MARGIN_BRIDGE,2025-11-13,929830.22,13,223020.94,1152851.16
MARGIN_BRIDGE,2025-11-14,925482.0,13,214369.94,1139851.94
MARGIN_BRIDGE,2025-11-17,895857.17,13,214415.71,1110272.88
MARGIN_BRIDGE,2025-11-18,899147.12,11,35365.17,934512.29
MARGIN_BRIDGE,2025-11-19,892048.67,12,125138.35,1017187.02
MARGIN_BRIDGE,2025-11-20,867633.27,12,125165.07,992798.34
MARGIN_BRIDGE,2025-11-21,888222.0,12,125191.79,1013413.79
MARGIN_BRIDGE,2025-11-24,897393.8,13,214412.87,1111806.67
MARGIN_BRIDGE,2025-11-25,906861.82,13,214458.65,1121320.46
MARGIN_BRIDGE,2025-11-26,926700.6,13,214504.43,1141205.03
MARGIN_BRIDGE,2025-11-28,936902.39,13,214550.23,1151452.62
MARGIN_BRIDGE,2025-12-01,928557.9,13,214594.75,1143152.65
MARGIN_BRIDGE,2025-12-02,925033.45,13,215117.97,1140151.42
MARGIN_BRIDGE,2025-12-03,949610.64,13,215162.61,1164773.26
MARGIN_BRIDGE,2025-12-04,959486.72,13,215207.27,1174693.99
MARGIN_BRIDGE,2025-12-05,963917.71,13,215251.93,1179169.64
MARGIN_BRIDGE,2025-12-08,966948.44,13,215296.61,1182245.05
MARGIN_BRIDGE,2025-12-09,969573.34,13,215341.29,1184914.63
MARGIN_BRIDGE,2025-12-10,994830.33,13,215385.98,1210216.31
MARGIN_BRIDGE,2025-12-11,992110.1,13,215430.68,1207540.78
MARGIN_BRIDGE,2025-12-12,979879.93,13,215475.39,1195355.33
MARGIN_BRIDGE,2025-12-15,977218.87,11,26512.36,1003731.23
MARGIN_BRIDGE,2025-12-16,973364.0,10,0.0,902169.91
MARGIN_BRIDGE,2025-12-17,970202.99,10,0.0,899008.89
MARGIN_BRIDGE,2025-12-18,968499.76,12,107914.33,1076414.09
MARGIN_BRIDGE,2025-12-19,968389.39,12,105737.93,1074127.32
MARGIN_BRIDGE,2025-12-22,976784.8,13,202546.19,1179330.99
MARGIN_BRIDGE,2025-12-23,967882.99,13,202588.23,1170471.22
MARGIN_BRIDGE,2025-12-24,977439.92,13,202630.27,1180070.19
MARGIN_BRIDGE,2025-12-26,974370.14,13,202672.32,1177042.46
MARGIN_BRIDGE,2025-12-29,975474.94,14,287714.32,1263189.26
MARGIN_BRIDGE,2025-12-30,973825.53,14,287774.03,1261599.57
MARGIN_BRIDGE,2025-12-31,971305.16,14,284156.17,1255461.33
BRIDGE_SPY_DISCLOSURE,2016-01-04,100000.0,0,0.0,0.0
BRIDGE_SPY_DISCLOSURE,2016-01-05,100000.0,0,0.0,0.0
BRIDGE_SPY_DISCLOSURE,2016-01-06,100000.0,0,0.0,0.0
BRIDGE_SPY_DISCLOSURE,2016-01-07,100000.0,0,0.0,0.0
BRIDGE_SPY_DISCLOSURE,2016-01-08,100000.0,0,0.0,0.0
BRIDGE_SPY_DISCLOSURE,2016-01-11,100000.0,0,0.0,0.0
BRIDGE_SPY_DISCLOSURE,2016-01-12,100000.0,0,0.0,0.0
BRIDGE_SPY_DISCLOSURE,2016-01-13,100000.0,0,0.0,0.0
BRIDGE_SPY_DISCLOSURE,2016-01-14,100000.0,0,0.0,0.0
BRIDGE_SPY_DISCLOSURE,2016-01-15,100000.0,0,0.0,0.0
BRIDGE_SPY_DISCLOSURE,2016-01-19,100000.0,0,0.0,0.0
BRIDGE_SPY_DISCLOSURE,2016-01-20,100000.0,0,0.0,0.0
BRIDGE_SPY_DISCLOSURE,2016-01-21,100000.0,0,0.0,0.0
BRIDGE_SPY_DISCLOSURE,2016-01-22,100000.0,0,0.0,0.0
BRIDGE_SPY_DISCLOSURE,2016-01-25,100000.0,0,0.0,0.0
BRIDGE_SPY_DISCLOSURE,2016-01-26,100000.0,0,0.0,0.0
BRIDGE_SPY_DISCLOSURE,2016-01-27,100000.0,0,0.0,0.0
BRIDGE_SPY_DISCLOSURE,2016-01-28,100000.0,0,0.0,0.0
BRIDGE_SPY_DISCLOSURE,2016-01-29,100000.0,0,0.0,0.0
BRIDGE_SPY_DISCLOSURE,2016-02-01,100787.18,12,19968.5,120755.68
BRIDGE_SPY_DISCLOSURE,2016-02-02,97573.18,12,19969.99,117543.17
BRIDGE_SPY_DISCLOSURE,2016-02-03,98526.17,12,19478.14,118004.31
BRIDGE_SPY_DISCLOSURE,2016-02-04,98554.41,13,29334.56,127888.97
BRIDGE_SPY_DISCLOSURE,2016-02-05,95914.71,13,29336.73,125251.44
BRIDGE_SPY_DISCLOSURE,2016-02-08,92763.44,12,19526.72,112290.16
BRIDGE_SPY_DISCLOSURE,2016-02-09,92251.42,12,19528.17,111779.59
BRIDGE_SPY_DISCLOSURE,2016-02-10,92508.85,12,19529.62,112038.46
BRIDGE_SPY_DISCLOSURE,2016-02-11,90821.71,12,19531.07,110352.78
BRIDGE_SPY_DISCLOSURE,2016-02-12,93080.58,11,10081.5,103162.07
BRIDGE_SPY_DISCLOSURE,2016-02-16,95443.43,12,19512.1,114955.54
BRIDGE_SPY_DISCLOSURE,2016-02-17,97580.59,12,19513.55,117094.14
BRIDGE_SPY_DISCLOSURE,2016-02-18,96952.9,12,19515.0,116467.9
BRIDGE_SPY_DISCLOSURE,2016-02-19,98219.0,13,29122.12,127341.12
BRIDGE_SPY_DISCLOSURE,2016-02-22,99946.68,13,29124.28,129070.96
BRIDGE_SPY_DISCLOSURE,2016-02-23,98339.91,13,29126.44,127466.35
BRIDGE_SPY_DISCLOSURE,2016-02-24,99089.0,12,19207.67,118296.67
BRIDGE_SPY_DISCLOSURE,2016-02-25,100839.44,13,29137.12,129976.57
BRIDGE_SPY_DISCLOSURE,2016-02-26,100734.15,13,29139.29,129873.43
BRIDGE_SPY_DISCLOSURE,2016-02-29,99667.98,13,29852.32,129520.3
BRIDGE_SPY_DISCLOSURE,2016-03-01,102951.69,13,29854.53,132806.22
BRIDGE_SPY_DISCLOSURE,2016-03-02,103259.92,13,29856.73,133116.66
BRIDGE_SPY_DISCLOSURE,2016-03-03,103875.97,13,29880.82,133756.79
BRIDGE_SPY_DISCLOSURE,2016-03-04,104264.3,13,29883.03,134147.33
BRIDGE_SPY_DISCLOSURE,2016-03-07,104347.38,13,29885.24,134232.62
BRIDGE_SPY_DISCLOSURE,2016-03-08,102419.21,13,29887.44,132306.65
BRIDGE_SPY_DISCLOSURE,2016-03-09,103072.12,5,0.0,50929.86
BRIDGE_SPY_DISCLOSURE,2016-03-10,103112.99,5,0.0,50970.73
BRIDGE_SPY_DISCLOSURE,2016-03-11,103935.51,5,0.0,51793.25
BRIDGE_SPY_DISCLOSURE,2016-03-14,103887.54,9,0.0,93255.06
BRIDGE_SPY_DISCLOSURE,2016-03-15,103455.89,9,0.0,92823.41
BRIDGE_SPY_DISCLOSURE,2016-03-16,103785.38,9,0.0,93152.91
BRIDGE_SPY_DISCLOSURE,2016-03-17,104162.3,10,0.0,103898.38
BRIDGE_SPY_DISCLOSURE,2016-03-18,104544.55,10,0.0,104280.64
BRIDGE_SPY_DISCLOSURE,2016-03-21,104962.6,10,0.0,104698.68
BRIDGE_SPY_DISCLOSURE,2016-03-22,104962.56,10,0.0,104601.48
BRIDGE_SPY_DISCLOSURE,2016-03-23,104109.15,10,0.0,103748.07
BRIDGE_SPY_DISCLOSURE,2016-03-24,104060.35,8,0.0,83296.94
BRIDGE_SPY_DISCLOSURE,2016-03-28,104102.71,8,0.0,83339.3
BRIDGE_SPY_DISCLOSURE,2016-03-29,104746.06,8,0.0,83982.65
BRIDGE_SPY_DISCLOSURE,2016-03-30,105206.59,12,21294.57,126501.17
BRIDGE_SPY_DISCLOSURE,2016-03-31,104868.47,12,21296.15,126164.62
BRIDGE_SPY_DISCLOSURE,2016-04-01,105625.04,12,21297.73,126922.77
BRIDGE_SPY_DISCLOSURE,2016-04-04,105803.87,12,21299.31,127103.18
BRIDGE_SPY_DISCLOSURE,2016-04-05,104930.03,11,10875.53,115805.55
BRIDGE_SPY_DISCLOSURE,2016-04-06,106572.23,10,422.73,106994.96
BRIDGE_SPY_DISCLOSURE,2016-04-07,104979.22,12,21611.13,126590.35
BRIDGE_SPY_DISCLOSURE,2016-04-08,105241.16,10,276.07,105517.23
BRIDGE_SPY_DISCLOSURE,2016-04-11,104616.16,11,10833.54,115449.7
BRIDGE_SPY_DISCLOSURE,2016-04-12,105609.03,11,10834.34,116443.38
BRIDGE_SPY_DISCLOSURE,2016-04-13,107322.28,11,10835.15,118157.43
BRIDGE_SPY_DISCLOSURE,2016-04-14,107244.04,11,10835.95,118080.0
BRIDGE_SPY_DISCLOSURE,2016-04-15,107128.35,11,10836.76,117965.11
BRIDGE_SPY_DISCLOSURE,2016-04-18,108002.51,11,10819.53,118822.04
BRIDGE_SPY_DISCLOSURE,2016-04-19,108145.69,11,10820.34,118966.02
BRIDGE_SPY_DISCLOSURE,2016-04-20,108635.2,11,10821.14,119456.34
BRIDGE_SPY_DISCLOSURE,2016-04-21,107800.9,11,10821.94,118622.84
BRIDGE_SPY_DISCLOSURE,2016-04-22,107530.88,11,10822.75,118353.62
BRIDGE_SPY_DISCLOSURE,2016-04-25,107724.37,9,0.0,96396.61
BRIDGE_SPY_DISCLOSURE,2016-04-26,107640.85,7,0.0,74788.5
BRIDGE_SPY_DISCLOSURE,2016-04-27,107897.05,7,0.0,74505.58
BRIDGE_SPY_DISCLOSURE,2016-04-28,106962.37,13,31152.63,138114.99
BRIDGE_SPY_DISCLOSURE,2016-04-29,105123.3,13,31154.94,136278.24
BRIDGE_SPY_DISCLOSURE,2016-05-02,105841.43,13,31157.25,136998.68
BRIDGE_SPY_DISCLOSURE,2016-05-03,104686.79,13,31159.56,135846.36
BRIDGE_SPY_DISCLOSURE,2016-05-04,103673.69,13,31161.88,134835.56
BRIDGE_SPY_DISCLOSURE,2016-05-05,103877.28,13,31164.19,135041.46
BRIDGE_SPY_DISCLOSURE,2016-05-06,103991.34,13,31166.5,135157.84
BRIDGE_SPY_DISCLOSURE,2016-05-09,104554.03,13,31168.81,135722.85
BRIDGE_SPY_DISCLOSURE,2016-05-10,105784.94,13,31171.13,136956.06
BRIDGE_SPY_DISCLOSURE,2016-05-11,104335.56,13,31173.44,135509.0
BRIDGE_SPY_DISCLOSURE,2016-05-12,103812.76,13,31175.75,134988.51
BRIDGE_SPY_DISCLOSURE,2016-05-13,102681.48,13,31178.07,133859.54
BRIDGE_SPY_DISCLOSURE,2016-05-16,103680.71,13,31180.38,134861.09
BRIDGE_SPY_DISCLOSURE,2016-05-17,102283.15,13,31182.69,133465.85
BRIDGE_SPY_DISCLOSURE,2016-05-18,102288.93,13,31185.01,133473.93
BRIDGE_SPY_DISCLOSURE,2016-05-19,102853.0,13,31187.32,134040.32
BRIDGE_SPY_DISCLOSURE,2016-05-20,104211.33,13,31189.64,135400.97
BRIDGE_SPY_DISCLOSURE,2016-05-23,104268.85,13,31191.95,135460.8
BRIDGE_SPY_DISCLOSURE,2016-05-24,106302.75,13,30986.54,137289.29
BRIDGE_SPY_DISCLOSURE,2016-05-25,106883.15,13,30988.84,137871.99
BRIDGE_SPY_DISCLOSURE,2016-05-26,107560.18,13,30991.14,138551.32
BRIDGE_SPY_DISCLOSURE,2016-05-27,108429.17,13,30993.44,139422.61
BRIDGE_SPY_DISCLOSURE,2016-05-31,108822.87,13,30995.74,139818.61
BRIDGE_SPY_DISCLOSURE,2016-06-01,109492.74,13,30998.05,140490.79
BRIDGE_SPY_DISCLOSURE,2016-06-02,109995.82,13,31000.36,140996.19
BRIDGE_SPY_DISCLOSURE,2016-06-03,109405.02,13,32201.06,141606.08
BRIDGE_SPY_DISCLOSURE,2016-06-06,109719.83,13,32203.46,141923.29
BRIDGE_SPY_DISCLOSURE,2016-06-07,110287.6,13,32205.87,142493.47
BRIDGE_SPY_DISCLOSURE,2016-06-08,110262.19,13,32208.27,142470.45
BRIDGE_SPY_DISCLOSURE,2016-06-09,109995.23,13,32210.67,142205.9
BRIDGE_SPY_DISCLOSURE,2016-06-10,108379.2,13,31425.18,139804.39
BRIDGE_SPY_DISCLOSURE,2016-06-13,107403.2,10,0.0,106298.74
BRIDGE_SPY_DISCLOSURE,2016-06-14,107289.09,10,0.0,106184.63
BRIDGE_SPY_DISCLOSURE,2016-06-15,107118.74,11,9627.14,116745.89
BRIDGE_SPY_DISCLOSURE,2016-06-16,107436.32,11,9627.86,117064.19
BRIDGE_SPY_DISCLOSURE,2016-06-17,106550.29,12,20312.59,126862.88
BRIDGE_SPY_DISCLOSURE,2016-06-20,107699.16,12,20314.11,128013.27
BRIDGE_SPY_DISCLOSURE,2016-06-21,108039.39,12,20315.62,128355.01
BRIDGE_SPY_DISCLOSURE,2016-06-22,107705.95,12,20317.14,128023.08
BRIDGE_SPY_DISCLOSURE,2016-06-23,109459.97,12,20318.65,129778.62
BRIDGE_SPY_DISCLOSURE,2016-06-24,104403.78,12,20320.17,124723.95
BRIDGE_SPY_DISCLOSURE,2016-06-27,102109.46,12,20321.68,122431.15
BRIDGE_SPY_DISCLOSURE,2016-06-28,104105.48,12,20323.2,124428.68
BRIDGE_SPY_DISCLOSURE,2016-06-29,106169.46,12,20324.72,126494.18
BRIDGE_SPY_DISCLOSURE,2016-06-30,107882.14,12,20326.23,128208.37
BRIDGE_SPY_DISCLOSURE,2016-07-01,108471.61,12,20327.76,128799.38
BRIDGE_SPY_DISCLOSURE,2016-07-05,107464.13,12,20352.72,127816.86
BRIDGE_SPY_DISCLOSURE,2016-07-06,108128.23,12,20354.26,128482.49
BRIDGE_SPY_DISCLOSURE,2016-07-07,108189.26,12,20355.79,128545.05
BRIDGE_SPY_DISCLOSURE,2016-07-08,110270.58,13,31297.33,141567.91
BRIDGE_SPY_DISCLOSURE,2016-07-11,110830.72,13,31299.69,142130.41
BRIDGE_SPY_DISCLOSURE,2016-07-12,111465.32,13,31302.05,142767.37
BRIDGE_SPY_DISCLOSURE,2016-07-13,111329.76,13,31304.41,142634.17
BRIDGE_SPY_DISCLOSURE,2016-07-14,112397.43,13,31350.89,143748.31
BRIDGE_SPY_DISCLOSURE,2016-07-15,112376.12,13,31353.25,143729.38
BRIDGE_SPY_DISCLOSURE,2016-07-18,112659.98,13,31355.61,144015.59
BRIDGE_SPY_DISCLOSURE,2016-07-19,112413.71,13,31357.98,143771.69
BRIDGE_SPY_DISCLOSURE,2016-07-20,113157.36,13,31360.34,144517.7
BRIDGE_SPY_DISCLOSURE,2016-07-21,113787.4,13,31362.71,145150.11
BRIDGE_SPY_DISCLOSURE,2016-07-22,114639.61,13,31365.07,146004.68
BRIDGE_SPY_DISCLOSURE,2016-07-25,114338.08,13,31367.44,145705.51
BRIDGE_SPY_DISCLOSURE,2016-07-26,114714.76,13,31369.8,146084.56
BRIDGE_SPY_DISCLOSURE,2016-07-27,114584.5,11,9010.59,123595.1
BRIDGE_SPY_DISCLOSURE,2016-07-28,114776.99,11,9011.27,123788.26
BRIDGE_SPY_DISCLOSURE,2016-07-29,115020.07,12,20473.28,135493.36
BRIDGE_SPY_DISCLOSURE,2016-08-01,114884.71,13,31988.01,146872.72
BRIDGE_SPY_DISCLOSURE,2016-08-02,113736.8,13,31990.42,145727.22
BRIDGE_SPY_DISCLOSURE,2016-08-03,114219.49,13,31992.83,146212.33
BRIDGE_SPY_DISCLOSURE,2016-08-04,114473.09,13,31995.25,146468.34
BRIDGE_SPY_DISCLOSURE,2016-08-05,115729.32,13,31997.66,147726.98
BRIDGE_SPY_DISCLOSURE,2016-08-08,115545.31,13,32000.07,147545.39
BRIDGE_SPY_DISCLOSURE,2016-08-09,115515.44,13,32002.48,147517.92
BRIDGE_SPY_DISCLOSURE,2016-08-10,115154.88,13,30236.77,145391.66
BRIDGE_SPY_DISCLOSURE,2016-08-11,116003.8,13,30239.05,146242.85
BRIDGE_SPY_DISCLOSURE,2016-08-12,115871.85,13,30545.59,146417.44
BRIDGE_SPY_DISCLOSURE,2016-08-15,116340.81,13,30547.9,146888.71
BRIDGE_SPY_DISCLOSURE,2016-08-16,115563.97,13,30550.2,146114.17
BRIDGE_SPY_DISCLOSURE,2016-08-17,115847.52,13,30552.5,146400.02
BRIDGE_SPY_DISCLOSURE,2016-08-18,116215.31,13,30554.81,146770.12
BRIDGE_SPY_DISCLOSURE,2016-08-19,116038.18,13,30557.11,146595.29
BRIDGE_SPY_DISCLOSURE,2016-08-22,116066.16,13,30559.41,146625.58
BRIDGE_SPY_DISCLOSURE,2016-08-23,116309.1,13,30561.72,146870.82
BRIDGE_SPY_DISCLOSURE,2016-08-24,115518.87,13,30872.05,146390.92
BRIDGE_SPY_DISCLOSURE,2016-08-25,115418.37,13,31120.28,146538.65
BRIDGE_SPY_DISCLOSURE,2016-08-26,115163.41,13,31122.63,146286.04
BRIDGE_SPY_DISCLOSURE,2016-08-29,115889.32,13,31124.97,147014.29
BRIDGE_SPY_DISCLOSURE,2016-08-30,115604.08,13,31127.32,146731.39
BRIDGE_SPY_DISCLOSURE,2016-08-31,115066.7,13,31129.67,146196.36
BRIDGE_SPY_DISCLOSURE,2016-09-01,115004.41,13,31132.0,146136.41
BRIDGE_SPY_DISCLOSURE,2016-09-02,115730.96,13,31134.34,146865.29
BRIDGE_SPY_DISCLOSURE,2016-09-06,116048.99,13,31136.67,147185.66
BRIDGE_SPY_DISCLOSURE,2016-09-07,115874.09,13,31128.48,147002.57
BRIDGE_SPY_DISCLOSURE,2016-09-08,115537.63,13,31130.81,146668.44
BRIDGE_SPY_DISCLOSURE,2016-09-09,111889.94,13,31133.15,143023.09
BRIDGE_SPY_DISCLOSURE,2016-09-12,113838.66,13,31135.48,144974.14
BRIDGE_SPY_DISCLOSURE,2016-09-13,111824.22,13,31137.82,142962.04
BRIDGE_SPY_DISCLOSURE,2016-09-14,111735.18,13,31140.15,142875.33
BRIDGE_SPY_DISCLOSURE,2016-09-15,113189.71,13,31142.49,144332.19
BRIDGE_SPY_DISCLOSURE,2016-09-16,111820.53,13,31144.82,142965.36
BRIDGE_SPY_DISCLOSURE,2016-09-19,111957.46,13,31147.16,143104.62
BRIDGE_SPY_DISCLOSURE,2016-09-20,111812.97,13,31149.5,142962.47
BRIDGE_SPY_DISCLOSURE,2016-09-21,113388.88,13,31151.83,144540.71
BRIDGE_SPY_DISCLOSURE,2016-09-22,114310.25,13,31154.17,145464.42
BRIDGE_SPY_DISCLOSURE,2016-09-23,113536.49,13,31156.51,144692.99
BRIDGE_SPY_DISCLOSURE,2016-09-26,112381.83,13,31158.84,143540.67
BRIDGE_SPY_DISCLOSURE,2016-09-27,113256.99,13,31161.18,144418.17
BRIDGE_SPY_DISCLOSURE,2016-09-28,114035.31,13,31163.52,145198.82
BRIDGE_SPY_DISCLOSURE,2016-09-29,112796.89,13,31165.85,143962.75
BRIDGE_SPY_DISCLOSURE,2016-09-30,114025.19,13,31168.19,145193.38
BRIDGE_SPY_DISCLOSURE,2016-10-03,113783.49,13,31170.54,144954.03
BRIDGE_SPY_DISCLOSURE,2016-10-04,112916.73,13,31379.81,144296.54
BRIDGE_SPY_DISCLOSURE,2016-10-05,113616.06,13,31382.18,144998.24
BRIDGE_SPY_DISCLOSURE,2016-10-06,113895.14,13,31384.55,145279.68
BRIDGE_SPY_DISCLOSURE,2016-10-07,113329.82,13,31386.91,144716.73
BRIDGE_SPY_DISCLOSURE,2016-10-10,114049.55,11,10810.2,124859.76
BRIDGE_SPY_DISCLOSURE,2016-10-11,112347.7,12,22187.95,134535.65
BRIDGE_SPY_DISCLOSURE,2016-10-12,112511.27,12,22179.09,134690.36
BRIDGE_SPY_DISCLOSURE,2016-10-13,112068.41,12,22180.77,134249.18
BRIDGE_SPY_DISCLOSURE,2016-10-14,112124.78,12,22198.06,134322.84
BRIDGE_SPY_DISCLOSURE,2016-10-17,111656.71,12,22199.73,133856.45
BRIDGE_SPY_DISCLOSURE,2016-10-18,112493.3,12,22201.41,134694.7
BRIDGE_SPY_DISCLOSURE,2016-10-19,112850.87,12,22203.08,135053.95
BRIDGE_SPY_DISCLOSURE,2016-10-20,112597.09,12,22204.76,134801.85
BRIDGE_SPY_DISCLOSURE,2016-10-21,112658.44,12,22206.43,134864.87
BRIDGE_SPY_DISCLOSURE,2016-10-24,113230.31,12,22208.1,135438.42
BRIDGE_SPY_DISCLOSURE,2016-10-25,112763.22,12,22383.87,135147.09
BRIDGE_SPY_DISCLOSURE,2016-10-26,112478.79,12,22328.3,134807.09
BRIDGE_SPY_DISCLOSURE,2016-10-27,112117.6,12,22329.99,134447.58
BRIDGE_SPY_DISCLOSURE,2016-10-28,111718.56,12,22331.67,134050.23
BRIDGE_SPY_DISCLOSURE,2016-10-31,111723.19,12,22333.35,134056.55
BRIDGE_SPY_DISCLOSURE,2016-11-01,110750.22,12,22335.04,133085.25
BRIDGE_SPY_DISCLOSURE,2016-11-02,109947.54,12,22336.72,132284.26
BRIDGE_SPY_DISCLOSURE,2016-11-03,109340.38,12,22338.4,131678.78
BRIDGE_SPY_DISCLOSURE,2016-11-04,109193.63,12,22340.09,131533.72
BRIDGE_SPY_DISCLOSURE,2016-11-07,112093.19,12,22341.77,134434.96
BRIDGE_SPY_DISCLOSURE,2016-11-08,112696.99,12,22343.46,135040.45
BRIDGE_SPY_DISCLOSURE,2016-11-09,114127.01,12,22345.14,136472.15
BRIDGE_SPY_DISCLOSURE,2016-11-10,114454.52,12,22292.98,136747.5
BRIDGE_SPY_DISCLOSURE,2016-11-11,114137.64,12,22294.66,136432.3
BRIDGE_SPY_DISCLOSURE,2016-11-14,114243.13,12,22296.34,136539.46
BRIDGE_SPY_DISCLOSURE,2016-11-15,115295.15,12,22270.55,137565.7
BRIDGE_SPY_DISCLOSURE,2016-11-16,115044.82,13,33757.24,148802.06
BRIDGE_SPY_DISCLOSURE,2016-11-17,115807.23,13,33759.78,149567.01
BRIDGE_SPY_DISCLOSURE,2016-11-18,115458.3,13,33836.03,149294.33
BRIDGE_SPY_DISCLOSURE,2016-11-21,116583.14,13,33838.59,150421.72
BRIDGE_SPY_DISCLOSURE,2016-11-22,116874.4,13,33841.14,150715.53
BRIDGE_SPY_DISCLOSURE,2016-11-23,116942.34,13,33893.99,150836.33
BRIDGE_SPY_DISCLOSURE,2016-11-25,117500.21,13,33896.54,151396.76
BRIDGE_SPY_DISCLOSURE,2016-11-28,116786.87,13,33899.1,150685.97
BRIDGE_SPY_DISCLOSURE,2016-11-29,117067.52,13,34369.66,151437.19
BRIDGE_SPY_DISCLOSURE,2016-11-30,116701.61,13,34372.25,151073.86
BRIDGE_SPY_DISCLOSURE,2016-12-01,116131.54,13,34455.57,150587.11
BRIDGE_SPY_DISCLOSURE,2016-12-02,116204.18,13,34458.36,150662.55
BRIDGE_SPY_DISCLOSURE,2016-12-05,117083.38,13,34512.76,151596.15
BRIDGE_SPY_DISCLOSURE,2016-12-06,117560.76,13,34515.56,152076.32
BRIDGE_SPY_DISCLOSURE,2016-12-07,119547.24,13,34518.35,154065.59
BRIDGE_SPY_DISCLOSURE,2016-12-08,119921.71,13,34521.15,154442.86
BRIDGE_SPY_DISCLOSURE,2016-12-09,120840.17,13,34603.79,155443.96
BRIDGE_SPY_DISCLOSURE,2016-12-12,120658.95,13,34606.59,155265.54
BRIDGE_SPY_DISCLOSURE,2016-12-13,121668.77,13,34797.43,156466.2
BRIDGE_SPY_DISCLOSURE,2016-12-14,120349.01,13,35007.94,155356.95
BRIDGE_SPY_DISCLOSURE,2016-12-15,120985.81,13,35010.77,155996.58
BRIDGE_SPY_DISCLOSURE,2016-12-16,119765.6,13,35013.6,154779.2
BRIDGE_SPY_DISCLOSURE,2016-12-19,120099.78,13,35016.44,155116.22
BRIDGE_SPY_DISCLOSURE,2016-12-20,120683.44,13,35145.67,155829.11
BRIDGE_SPY_DISCLOSURE,2016-12-21,120246.98,13,35148.51,155395.49
BRIDGE_SPY_DISCLOSURE,2016-12-22,119963.71,13,35134.05,155097.76
BRIDGE_SPY_DISCLOSURE,2016-12-23,120187.96,13,35136.89,155324.85
BRIDGE_SPY_DISCLOSURE,2016-12-27,120570.49,13,35139.74,155710.22
BRIDGE_SPY_DISCLOSURE,2016-12-28,119280.77,13,35142.58,154423.36
BRIDGE_SPY_DISCLOSURE,2016-12-29,119245.43,12,23271.26,142516.69
BRIDGE_SPY_DISCLOSURE,2016-12-30,118722.64,12,23273.14,141995.79
BRIDGE_SPY_DISCLOSURE,2017-01-03,119810.54,13,35244.35,155054.89
BRIDGE_SPY_DISCLOSURE,2017-01-04,120729.97,13,35247.37,155977.34
BRIDGE_SPY_DISCLOSURE,2017-01-05,120603.03,13,35250.39,155853.42
BRIDGE_SPY_DISCLOSURE,2017-01-06,121157.62,13,35253.41,156411.04
BRIDGE_SPY_DISCLOSURE,2017-01-09,120638.3,13,35256.44,155894.74
BRIDGE_SPY_DISCLOSURE,2017-01-10,120623.25,13,35358.55,155981.8
BRIDGE_SPY_DISCLOSURE,2017-01-11,121061.04,13,35361.59,156422.62
BRIDGE_SPY_DISCLOSURE,2017-01-12,120665.4,13,35364.62,156030.01
BRIDGE_SPY_DISCLOSURE,2017-01-13,121008.41,13,35354.13,156362.55
BRIDGE_SPY_DISCLOSURE,2017-01-17,120454.44,13,35357.16,155811.61
BRIDGE_SPY_DISCLOSURE,2017-01-18,120783.86,13,35502.94,156286.8
BRIDGE_SPY_DISCLOSURE,2017-01-19,120201.86,13,35505.98,155707.84
BRIDGE_SPY_DISCLOSURE,2017-01-20,120770.89,13,35509.02,156279.91
BRIDGE_SPY_DISCLOSURE,2017-01-23,120348.96,13,35592.26,155941.22
BRIDGE_SPY_DISCLOSURE,2017-01-24,121345.76,13,35595.31,156941.07
BRIDGE_SPY_DISCLOSURE,2017-01-25,122701.12,13,35598.36,158299.48
BRIDGE_SPY_DISCLOSURE,2017-01-26,122532.58,13,35601.41,158133.98
BRIDGE_SPY_DISCLOSURE,2017-01-27,122268.98,13,35652.51,157921.48
BRIDGE_SPY_DISCLOSURE,2017-01-30,121286.54,13,35655.56,156942.11
BRIDGE_SPY_DISCLOSURE,2017-01-31,121269.69,13,35658.62,156928.31
BRIDGE_SPY_DISCLOSURE,2017-02-01,121296.91,11,11390.3,132687.21
BRIDGE_SPY_DISCLOSURE,2017-02-02,121384.27,12,23522.0,144906.27
BRIDGE_SPY_DISCLOSURE,2017-02-03,122401.65,13,35730.29,158131.94
BRIDGE_SPY_DISCLOSURE,2017-02-06,122115.89,13,35733.36,157849.24
BRIDGE_SPY_DISCLOSURE,2017-02-07,122095.07,13,35879.38,157974.46
BRIDGE_SPY_DISCLOSURE,2017-02-08,122299.01,13,35882.46,158181.47
BRIDGE_SPY_DISCLOSURE,2017-02-09,123234.37,13,35885.54,159119.9
BRIDGE_SPY_DISCLOSURE,2017-02-10,123847.0,13,35951.41,159798.4
BRIDGE_SPY_DISCLOSURE,2017-02-13,124701.33,13,36003.3,160704.63
BRIDGE_SPY_DISCLOSURE,2017-02-14,125340.31,13,36006.39,161346.7
BRIDGE_SPY_DISCLOSURE,2017-02-15,126179.52,13,36009.47,162188.99
BRIDGE_SPY_DISCLOSURE,2017-02-16,126025.47,13,36502.07,162527.54
BRIDGE_SPY_DISCLOSURE,2017-02-17,126146.93,11,11623.38,137770.31
BRIDGE_SPY_DISCLOSURE,2017-02-21,127011.02,12,24265.35,151276.36
BRIDGE_SPY_DISCLOSURE,2017-02-22,126881.13,13,36939.55,163820.68
BRIDGE_SPY_DISCLOSURE,2017-02-23,126988.9,13,36942.72,163931.62
BRIDGE_SPY_DISCLOSURE,2017-02-24,127181.35,13,36999.91,164181.26
BRIDGE_SPY_DISCLOSURE,2017-02-27,127434.78,13,37003.08,164437.86
BRIDGE_SPY_DISCLOSURE,2017-02-28,126975.01,13,37118.98,164093.99
BRIDGE_SPY_DISCLOSURE,2017-03-01,129268.55,13,37122.35,166390.9
BRIDGE_SPY_DISCLOSURE,2017-03-02,128203.78,13,37271.36,165475.14
BRIDGE_SPY_DISCLOSURE,2017-03-03,128304.56,13,37274.75,165579.31
BRIDGE_SPY_DISCLOSURE,2017-03-06,127808.09,13,37278.14,165086.23
BRIDGE_SPY_DISCLOSURE,2017-03-07,127311.62,13,37281.53,164593.14
BRIDGE_SPY_DISCLOSURE,2017-03-08,127002.65,13,37284.91,164287.57
BRIDGE_SPY_DISCLOSURE,2017-03-09,127194.86,13,37253.59,164448.44
BRIDGE_SPY_DISCLOSURE,2017-03-10,127767.73,13,37256.97,165024.7
BRIDGE_SPY_DISCLOSURE,2017-03-13,127847.65,13,37260.36,165108.01
BRIDGE_SPY_DISCLOSURE,2017-03-14,127212.47,13,37263.74,164476.21
BRIDGE_SPY_DISCLOSURE,2017-03-15,128632.37,13,37267.13,165899.5
BRIDGE_SPY_DISCLOSURE,2017-03-16,128302.66,13,37270.52,165573.18
BRIDGE_SPY_DISCLOSURE,2017-03-17,127292.57,13,37273.9,164566.47
BRIDGE_SPY_DISCLOSURE,2017-03-20,127108.67,13,37277.29,164385.96
BRIDGE_SPY_DISCLOSURE,2017-03-21,124994.65,13,37280.68,162275.33
BRIDGE_SPY_DISCLOSURE,2017-03-22,125347.86,13,37204.22,162552.08
BRIDGE_SPY_DISCLOSURE,2017-03-23,125171.02,13,37207.61,162378.62
BRIDGE_SPY_DISCLOSURE,2017-03-24,125049.68,13,37210.99,162260.67
BRIDGE_SPY_DISCLOSURE,2017-03-27,124879.78,13,37214.37,162094.15
BRIDGE_SPY_DISCLOSURE,2017-03-28,126055.93,13,37217.75,163273.68
BRIDGE_SPY_DISCLOSURE,2017-03-29,126205.18,13,37221.13,163426.31
BRIDGE_SPY_DISCLOSURE,2017-03-30,126722.17,13,37224.51,163946.69
BRIDGE_SPY_DISCLOSURE,2017-03-31,126337.19,13,37227.9,163565.09
BRIDGE_SPY_DISCLOSURE,2017-04-03,126049.15,13,37231.46,163280.61
BRIDGE_SPY_DISCLOSURE,2017-04-04,126149.66,13,37235.02,163384.68
BRIDGE_SPY_DISCLOSURE,2017-04-05,125660.42,13,37238.58,162899.0
BRIDGE_SPY_DISCLOSURE,2017-04-06,126114.79,13,37242.14,163356.93
BRIDGE_SPY_DISCLOSURE,2017-04-07,125944.71,13,37245.7,163190.41
BRIDGE_SPY_DISCLOSURE,2017-04-10,126038.28,13,37249.26,163287.55
BRIDGE_SPY_DISCLOSURE,2017-04-11,125840.45,13,37252.83,163093.27
BRIDGE_SPY_DISCLOSURE,2017-04-12,125122.23,13,37256.39,162378.62
BRIDGE_SPY_DISCLOSURE,2017-04-13,124064.03,13,37259.95,161323.99
BRIDGE_SPY_DISCLOSURE,2017-04-17,125489.78,13,37263.51,162753.3
BRIDGE_SPY_DISCLOSURE,2017-04-18,125000.53,13,37267.08,162267.6
BRIDGE_SPY_DISCLOSURE,2017-04-19,124698.62,13,37270.64,161969.26
BRIDGE_SPY_DISCLOSURE,2017-04-20,126013.34,13,37274.21,163287.55
BRIDGE_SPY_DISCLOSURE,2017-04-21,125489.4,13,37277.77,162767.17
BRIDGE_SPY_DISCLOSURE,2017-04-24,127275.93,13,37281.34,164557.27
BRIDGE_SPY_DISCLOSURE,2017-04-25,128229.86,13,37284.9,165514.77
BRIDGE_SPY_DISCLOSURE,2017-04-26,128122.22,13,37288.47,165410.68
BRIDGE_SPY_DISCLOSURE,2017-04-27,128257.43,13,37292.03,165549.46
BRIDGE_SPY_DISCLOSURE,2017-04-28,127893.06,13,37295.6,165188.66
BRIDGE_SPY_DISCLOSURE,2017-05-01,128300.65,12,24598.23,152898.88
BRIDGE_SPY_DISCLOSURE,2017-05-02,128344.56,13,37442.13,165786.68
BRIDGE_SPY_DISCLOSURE,2017-05-03,128139.61,13,37445.71,165585.32
BRIDGE_SPY_DISCLOSURE,2017-05-04,128330.44,13,37449.29,165779.73
BRIDGE_SPY_DISCLOSURE,2017-05-05,128979.54,13,37452.87,166432.41
BRIDGE_SPY_DISCLOSURE,2017-05-08,128948.19,13,37456.45,166404.64
BRIDGE_SPY_DISCLOSURE,2017-05-09,128791.85,13,37460.03,166251.88
BRIDGE_SPY_DISCLOSURE,2017-05-10,129086.83,13,37463.61,166550.44
BRIDGE_SPY_DISCLOSURE,2017-05-11,128743.03,13,37467.2,166210.23
BRIDGE_SPY_DISCLOSURE,2017-05-12,128448.85,13,37596.14,166044.99
BRIDGE_SPY_DISCLOSURE,2017-05-15,129362.4,13,37599.73,166962.14
BRIDGE_SPY_DISCLOSURE,2017-05-16,129205.95,13,37603.33,166809.28
BRIDGE_SPY_DISCLOSURE,2017-05-17,126242.48,13,37606.93,163849.41
BRIDGE_SPY_DISCLOSURE,2017-05-18,126838.2,12,25003.12,151841.32
BRIDGE_SPY_DISCLOSURE,2017-05-19,127823.41,12,25005.51,152828.92
BRIDGE_SPY_DISCLOSURE,2017-05-22,128622.63,13,37829.3,166451.93
BRIDGE_SPY_DISCLOSURE,2017-05-23,128987.33,13,37832.92,166820.25
BRIDGE_SPY_DISCLOSURE,2017-05-24,129372.87,13,37836.54,167209.41
BRIDGE_SPY_DISCLOSURE,2017-05-25,130168.43,13,37840.16,168008.59
BRIDGE_SPY_DISCLOSURE,2017-05-26,130117.31,13,38070.23,168187.55
BRIDGE_SPY_DISCLOSURE,2017-05-30,129967.54,13,38073.87,168041.42
BRIDGE_SPY_DISCLOSURE,2017-05-31,129922.16,13,38077.52,167999.67
BRIDGE_SPY_DISCLOSURE,2017-06-01,131254.3,13,38081.35,169335.65
BRIDGE_SPY_DISCLOSURE,2017-06-02,131814.07,13,38085.19,169899.27
BRIDGE_SPY_DISCLOSURE,2017-06-05,131671.86,13,38164.53,169836.39
BRIDGE_SPY_DISCLOSURE,2017-06-06,131111.95,13,38220.74,169332.69
BRIDGE_SPY_DISCLOSURE,2017-06-07,131421.41,13,38224.59,169645.99
BRIDGE_SPY_DISCLOSURE,2017-06-08,131501.1,13,38228.44,169729.54
BRIDGE_SPY_DISCLOSURE,2017-06-09,131212.86,13,38447.02,169659.88
BRIDGE_SPY_DISCLOSURE,2017-06-12,131161.08,13,38494.13,169655.21
BRIDGE_SPY_DISCLOSURE,2017-06-13,131986.79,13,38498.01,170484.8
BRIDGE_SPY_DISCLOSURE,2017-06-14,131753.55,13,38531.47,170285.03
BRIDGE_SPY_DISCLOSURE,2017-06-15,131421.98,13,38535.36,169957.34
BRIDGE_SPY_DISCLOSURE,2017-06-16,130630.25,13,38539.24,169169.5
BRIDGE_SPY_DISCLOSURE,2017-06-19,132034.72,13,38543.13,170577.85
BRIDGE_SPY_DISCLOSURE,2017-06-20,130880.45,13,38547.01,169427.46
BRIDGE_SPY_DISCLOSURE,2017-06-21,130821.65,13,38546.4,169368.04
BRIDGE_SPY_DISCLOSURE,2017-06-22,130741.08,13,38550.28,169291.36
BRIDGE_SPY_DISCLOSURE,2017-06-23,130939.36,13,38554.17,169493.53
BRIDGE_SPY_DISCLOSURE,2017-06-26,131047.01,13,38558.05,169605.06
BRIDGE_SPY_DISCLOSURE,2017-06-27,129663.74,13,38565.52,168229.25
BRIDGE_SPY_DISCLOSURE,2017-06-28,131165.57,13,38569.4,169734.97
BRIDGE_SPY_DISCLOSURE,2017-06-29,129669.91,13,38573.29,168243.2
BRIDGE_SPY_DISCLOSURE,2017-06-30,129979.71,13,38577.18,168556.89
BRIDGE_SPY_DISCLOSURE,2017-07-03,130248.41,13,38579.29,168827.7
BRIDGE_SPY_DISCLOSURE,2017-07-05,130634.68,13,38583.36,169218.04
BRIDGE_SPY_DISCLOSURE,2017-07-06,129056.99,13,38654.35,167711.34
BRIDGE_SPY_DISCLOSURE,2017-07-07,130087.46,12,25797.84,155885.31
BRIDGE_SPY_DISCLOSURE,2017-07-10,130258.23,13,38810.69,169068.92
BRIDGE_SPY_DISCLOSURE,2017-07-11,130128.58,13,38814.78,168943.36
BRIDGE_SPY_DISCLOSURE,2017-07-12,131381.0,13,38844.97,170225.98
BRIDGE_SPY_DISCLOSURE,2017-07-13,131662.93,13,38849.07,170512.0
BRIDGE_SPY_DISCLOSURE,2017-07-14,132454.11,13,38853.17,171307.29
BRIDGE_SPY_DISCLOSURE,2017-07-17,132429.08,13,38857.28,171286.36
BRIDGE_SPY_DISCLOSURE,2017-07-18,132502.54,13,38899.7,171402.24
BRIDGE_SPY_DISCLOSURE,2017-07-19,133426.41,13,38903.8,172330.21
BRIDGE_SPY_DISCLOSURE,2017-07-20,133499.05,13,38907.91,172406.96
BRIDGE_SPY_DISCLOSURE,2017-07-21,133312.64,12,25704.54,159017.18
BRIDGE_SPY_DISCLOSURE,2017-07-24,133271.28,12,25707.26,158978.54
BRIDGE_SPY_DISCLOSURE,2017-07-25,133663.75,11,12410.51,146074.26
BRIDGE_SPY_DISCLOSURE,2017-07-26,133642.95,12,25799.09,159442.04
BRIDGE_SPY_DISCLOSURE,2017-07-27,133492.02,12,25801.81,159293.84
BRIDGE_SPY_DISCLOSURE,2017-07-28,133289.21,12,25878.21,159167.41
BRIDGE_SPY_DISCLOSURE,2017-07-31,133196.23,12,25880.94,159077.17
BRIDGE_SPY_DISCLOSURE,2017-08-01,133534.68,12,25935.81,159470.5
BRIDGE_SPY_DISCLOSURE,2017-08-02,133605.75,11,12892.48,146498.23
BRIDGE_SPY_DISCLOSURE,2017-08-03,133293.24,12,26248.13,159541.37
BRIDGE_SPY_DISCLOSURE,2017-08-04,133567.81,12,26338.71,159906.52
BRIDGE_SPY_DISCLOSURE,2017-08-07,133836.81,11,13119.31,146956.12
BRIDGE_SPY_DISCLOSURE,2017-08-08,133452.19,12,26484.44,159936.63
BRIDGE_SPY_DISCLOSURE,2017-08-09,133429.87,12,26566.37,159996.24
BRIDGE_SPY_DISCLOSURE,2017-08-10,131430.84,10,38.97,131469.81
BRIDGE_SPY_DISCLOSURE,2017-08-11,131613.06,9,0.0,118530.76
BRIDGE_SPY_DISCLOSURE,2017-08-14,132788.08,9,0.0,119705.77
BRIDGE_SPY_DISCLOSURE,2017-08-15,132633.31,12,26819.05,159452.36
BRIDGE_SPY_DISCLOSURE,2017-08-16,132963.23,12,26821.88,159785.11
BRIDGE_SPY_DISCLOSURE,2017-08-17,130450.84,12,26824.71,157275.54
BRIDGE_SPY_DISCLOSURE,2017-08-18,130238.86,12,26827.54,157066.4
BRIDGE_SPY_DISCLOSURE,2017-08-21,130287.31,12,26830.37,157117.68
BRIDGE_SPY_DISCLOSURE,2017-08-22,131973.61,12,26833.2,158806.82
BRIDGE_SPY_DISCLOSURE,2017-08-23,131369.29,12,26836.04,158205.33
BRIDGE_SPY_DISCLOSURE,2017-08-24,131022.93,12,26838.87,157861.8
BRIDGE_SPY_DISCLOSURE,2017-08-25,131381.69,12,26841.7,158223.39
BRIDGE_SPY_DISCLOSURE,2017-08-28,131386.6,12,26844.54,158231.14
BRIDGE_SPY_DISCLOSURE,2017-08-29,131589.6,12,26847.37,158436.97
BRIDGE_SPY_DISCLOSURE,2017-08-30,132448.27,12,26850.2,159298.47
BRIDGE_SPY_DISCLOSURE,2017-08-31,133460.64,12,26853.04,160313.68
BRIDGE_SPY_DISCLOSURE,2017-09-01,133515.5,12,26855.86,160371.36
BRIDGE_SPY_DISCLOSURE,2017-09-05,132329.93,11,13619.25,145949.19
BRIDGE_SPY_DISCLOSURE,2017-09-06,132813.45,11,13607.17,146420.62
BRIDGE_SPY_DISCLOSURE,2017-09-07,132794.23,11,13608.6,146402.83
BRIDGE_SPY_DISCLOSURE,2017-09-08,132620.82,11,13610.03,146230.85
BRIDGE_SPY_DISCLOSURE,2017-09-11,134179.08,11,13611.46,147790.54
BRIDGE_SPY_DISCLOSURE,2017-09-12,134675.79,11,13612.89,148288.69
BRIDGE_SPY_DISCLOSURE,2017-09-13,134732.08,11,13628.72,148360.81
BRIDGE_SPY_DISCLOSURE,2017-09-14,134683.2,11,13630.16,148313.36
BRIDGE_SPY_DISCLOSURE,2017-09-15,134148.04,11,13631.59,147779.63
BRIDGE_SPY_DISCLOSURE,2017-09-18,134460.92,11,13633.02,148093.94
BRIDGE_SPY_DISCLOSURE,2017-09-19,134607.74,11,13634.46,148242.2
BRIDGE_SPY_DISCLOSURE,2017-09-20,134344.14,11,13595.95,147940.09
BRIDGE_SPY_DISCLOSURE,2017-09-21,133974.48,12,27012.59,160987.07
BRIDGE_SPY_DISCLOSURE,2017-09-22,133864.89,12,27015.43,160880.32
BRIDGE_SPY_DISCLOSURE,2017-09-25,133259.76,12,27018.27,160278.03
BRIDGE_SPY_DISCLOSURE,2017-09-26,133706.69,12,26811.18,160517.86
BRIDGE_SPY_DISCLOSURE,2017-09-27,134699.8,11,13412.19,148111.99
BRIDGE_SPY_DISCLOSURE,2017-09-28,134885.02,12,26858.5,161743.52
BRIDGE_SPY_DISCLOSURE,2017-09-29,135779.41,12,26861.33,162640.73
BRIDGE_SPY_DISCLOSURE,2017-10-02,136416.19,12,26864.16,163280.36
BRIDGE_SPY_DISCLOSURE,2017-10-03,136888.57,12,26945.16,163833.73
BRIDGE_SPY_DISCLOSURE,2017-10-04,136984.55,12,27116.92,164101.47
BRIDGE_SPY_DISCLOSURE,2017-10-05,137761.6,12,27119.78,164881.38
BRIDGE_SPY_DISCLOSURE,2017-10-06,137543.21,12,27122.64,164665.86
BRIDGE_SPY_DISCLOSURE,2017-10-09,137427.81,12,27125.51,164553.32
BRIDGE_SPY_DISCLOSURE,2017-10-10,137767.26,12,27275.51,165042.77
BRIDGE_SPY_DISCLOSURE,2017-10-11,137900.85,13,41036.95,178937.8
BRIDGE_SPY_DISCLOSURE,2017-10-12,137765.15,13,41041.28,178806.43
BRIDGE_SPY_DISCLOSURE,2017-10-13,138168.75,13,41045.61,179214.36
BRIDGE_SPY_DISCLOSURE,2017-10-16,138666.49,12,27437.7,166104.18
BRIDGE_SPY_DISCLOSURE,2017-10-17,138432.23,12,27440.59,165872.83
BRIDGE_SPY_DISCLOSURE,2017-10-18,138532.36,13,41308.25,179840.61
BRIDGE_SPY_DISCLOSURE,2017-10-19,138349.68,13,41312.61,179662.29
BRIDGE_SPY_DISCLOSURE,2017-10-20,139110.27,13,41324.97,180435.25
BRIDGE_SPY_DISCLOSURE,2017-10-23,138179.79,13,41329.34,179509.13
BRIDGE_SPY_DISCLOSURE,2017-10-24,138573.16,13,41334.15,179907.31
BRIDGE_SPY_DISCLOSURE,2017-10-25,137642.38,13,41338.52,178980.9
BRIDGE_SPY_DISCLOSURE,2017-10-26,137769.98,13,41342.88,179112.86
BRIDGE_SPY_DISCLOSURE,2017-10-27,139416.42,13,41303.79,180720.21
BRIDGE_SPY_DISCLOSURE,2017-10-30,138610.33,13,41308.15,179918.47
BRIDGE_SPY_DISCLOSURE,2017-10-31,138855.71,12,27490.05,166345.76
BRIDGE_SPY_DISCLOSURE,2017-11-01,138929.26,13,41443.76,180373.02
BRIDGE_SPY_DISCLOSURE,2017-11-02,139606.15,13,41448.13,181054.28
BRIDGE_SPY_DISCLOSURE,2017-11-03,141059.11,13,41452.51,182511.62
BRIDGE_SPY_DISCLOSURE,2017-11-06,141657.57,13,41456.88,183114.46
BRIDGE_SPY_DISCLOSURE,2017-11-07,141629.33,13,41461.26,183090.59
BRIDGE_SPY_DISCLOSURE,2017-11-08,141691.78,13,41465.64,183157.42
BRIDGE_SPY_DISCLOSURE,2017-11-09,140969.31,13,41470.01,182439.32
BRIDGE_SPY_DISCLOSURE,2017-11-10,140855.21,12,26541.37,167396.58
BRIDGE_SPY_DISCLOSURE,2017-11-13,141008.06,12,26544.18,167552.24
BRIDGE_SPY_DISCLOSURE,2017-11-14,140588.52,12,26862.89,167451.41
BRIDGE_SPY_DISCLOSURE,2017-11-15,139747.54,12,26865.73,166613.28
BRIDGE_SPY_DISCLOSURE,2017-11-16,141161.09,12,26868.57,168029.65
BRIDGE_SPY_DISCLOSURE,2017-11-17,140664.46,12,26871.4,167535.86
BRIDGE_SPY_DISCLOSURE,2017-11-20,140933.52,12,26984.9,167918.42
BRIDGE_SPY_DISCLOSURE,2017-11-21,142029.33,12,26987.75,169017.07
BRIDGE_SPY_DISCLOSURE,2017-11-22,141876.97,12,26990.6,168867.56
BRIDGE_SPY_DISCLOSURE,2017-11-24,142264.16,12,26993.45,169257.6
BRIDGE_SPY_DISCLOSURE,2017-11-27,142162.58,12,27031.67,169194.25
BRIDGE_SPY_DISCLOSURE,2017-11-28,143876.17,12,27034.52,170910.69
BRIDGE_SPY_DISCLOSURE,2017-11-29,143769.29,12,27037.37,170806.66
BRIDGE_SPY_DISCLOSURE,2017-11-30,145248.44,12,27255.65,172504.09
BRIDGE_SPY_DISCLOSURE,2017-12-01,144887.38,12,27258.68,172146.06
BRIDGE_SPY_DISCLOSURE,2017-12-04,144676.07,12,27261.71,171937.78
BRIDGE_SPY_DISCLOSURE,2017-12-05,144054.65,12,27264.74,171319.39
BRIDGE_SPY_DISCLOSURE,2017-12-06,144067.46,11,13053.04,157120.5
BRIDGE_SPY_DISCLOSURE,2017-12-07,144546.99,11,13121.46,157668.46
BRIDGE_SPY_DISCLOSURE,2017-12-08,145401.17,12,27707.82,173108.99
BRIDGE_SPY_DISCLOSURE,2017-12-11,145905.12,12,27792.52,173697.64
BRIDGE_SPY_DISCLOSURE,2017-12-12,146208.58,12,27795.61,174004.19
BRIDGE_SPY_DISCLOSURE,2017-12-13,146185.93,12,27798.7,173984.63
BRIDGE_SPY_DISCLOSURE,2017-12-14,145471.9,12,27801.79,173273.69
BRIDGE_SPY_DISCLOSURE,2017-12-15,145833.28,9,0.0,130696.23
BRIDGE_SPY_DISCLOSURE,2017-12-18,146584.53,13,43508.59,190093.12
BRIDGE_SPY_DISCLOSURE,2017-12-19,145645.12,13,43513.42,189158.55
BRIDGE_SPY_DISCLOSURE,2017-12-20,145686.63,13,43518.26,189204.89
BRIDGE_SPY_DISCLOSURE,2017-12-21,145997.11,13,43632.73,189629.84
BRIDGE_SPY_DISCLOSURE,2017-12-22,146033.02,13,43598.35,189631.38
BRIDGE_SPY_DISCLOSURE,2017-12-26,145651.67,13,43603.2,189254.87
BRIDGE_SPY_DISCLOSURE,2017-12-27,145613.0,12,28999.84,174612.84
BRIDGE_SPY_DISCLOSURE,2017-12-28,146425.53,13,43607.38,190032.91
BRIDGE_SPY_DISCLOSURE,2017-12-29,145702.37,13,43612.22,189314.59
BRIDGE_SPY_DISCLOSURE,2018-01-02,147645.21,13,43617.27,191262.49
BRIDGE_SPY_DISCLOSURE,2018-01-03,149057.48,13,43622.33,192679.81
BRIDGE_SPY_DISCLOSURE,2018-01-04,149842.76,13,43627.38,193470.14
BRIDGE_SPY_DISCLOSURE,2018-01-05,151356.13,13,43632.44,194988.57
BRIDGE_SPY_DISCLOSURE,2018-01-08,151836.1,13,43637.49,195473.6
BRIDGE_SPY_DISCLOSURE,2018-01-09,152013.31,12,28673.74,180687.05
BRIDGE_SPY_DISCLOSURE,2018-01-10,151944.66,10,0.0,150845.75
BRIDGE_SPY_DISCLOSURE,2018-01-11,153750.41,10,0.0,153101.29
BRIDGE_SPY_DISCLOSURE,2018-01-12,155375.76,10,0.0,154726.64
BRIDGE_SPY_DISCLOSURE,2018-01-16,154118.29,10,0.0,153469.18
BRIDGE_SPY_DISCLOSURE,2018-01-17,155075.67,9,0.0,139357.92
BRIDGE_SPY_DISCLOSURE,2018-01-18,155161.13,11,15338.56,170499.69
BRIDGE_SPY_DISCLOSURE,2018-01-19,155468.28,12,30917.39,186385.67
BRIDGE_SPY_DISCLOSURE,2018-01-22,157324.31,13,46460.76,203785.07
BRIDGE_SPY_DISCLOSURE,2018-01-23,159750.87,13,46466.14,206217.01
BRIDGE_SPY_DISCLOSURE,2018-01-24,160209.94,13,46471.53,206681.47
BRIDGE_SPY_DISCLOSURE,2018-01-25,160684.49,12,31164.17,191848.67
BRIDGE_SPY_DISCLOSURE,2018-01-26,163811.31,10,227.35,164038.66
BRIDGE_SPY_DISCLOSURE,2018-01-29,163501.35,12,32888.81,196390.16
BRIDGE_SPY_DISCLOSURE,2018-01-30,160186.14,11,17453.58,177639.71
BRIDGE_SPY_DISCLOSURE,2018-01-31,160185.96,10,2045.79,162231.76
BRIDGE_SPY_DISCLOSURE,2018-02-01,158433.64,10,2653.26,161086.91
BRIDGE_SPY_DISCLOSURE,2018-02-02,155760.36,11,18395.37,174155.72
BRIDGE_SPY_DISCLOSURE,2018-02-05,149392.75,10,2794.79,152187.54
BRIDGE_SPY_DISCLOSURE,2018-02-06,153224.71,9,0.0,140220.85
BRIDGE_SPY_DISCLOSURE,2018-02-07,152253.89,9,0.0,139250.04
BRIDGE_SPY_DISCLOSURE,2018-02-08,146333.51,10,2269.06,148602.57
BRIDGE_SPY_DISCLOSURE,2018-02-09,147767.3,9,0.0,135533.27
BRIDGE_SPY_DISCLOSURE,2018-02-12,149887.25,9,0.0,137653.22
BRIDGE_SPY_DISCLOSURE,2018-02-13,150523.75,10,2696.39,153220.14
BRIDGE_SPY_DISCLOSURE,2018-02-14,153349.54,11,17665.16,171014.71
BRIDGE_SPY_DISCLOSURE,2018-02-15,157475.78,12,33174.38,190650.15
BRIDGE_SPY_DISCLOSURE,2018-02-16,158137.93,12,33178.22,191316.15
BRIDGE_SPY_DISCLOSURE,2018-02-20,156567.29,12,33182.06,189749.36
BRIDGE_SPY_DISCLOSURE,2018-02-21,155298.33,12,28154.2,183452.52
BRIDGE_SPY_DISCLOSURE,2018-02-22,155637.56,12,28192.59,183830.15
BRIDGE_SPY_DISCLOSURE,2018-02-23,158585.69,12,28138.14,186723.83
BRIDGE_SPY_DISCLOSURE,2018-02-26,161259.31,12,28141.4,189400.7
BRIDGE_SPY_DISCLOSURE,2018-02-27,159340.24,12,28144.66,187484.9
BRIDGE_SPY_DISCLOSURE,2018-02-28,158170.89,10,0.0,154609.67
BRIDGE_SPY_DISCLOSURE,2018-03-01,157077.26,11,13106.1,170183.36
BRIDGE_SPY_DISCLOSURE,2018-03-02,158671.07,12,28974.92,187645.99
BRIDGE_SPY_DISCLOSURE,2018-03-05,161251.4,13,44745.21,205996.61
BRIDGE_SPY_DISCLOSURE,2018-03-06,161104.12,13,44750.55,205854.67
BRIDGE_SPY_DISCLOSURE,2018-03-07,160532.33,13,44832.12,205364.45
BRIDGE_SPY_DISCLOSURE,2018-03-08,160969.84,11,13350.14,174319.99
BRIDGE_SPY_DISCLOSURE,2018-03-09,162788.01,13,44337.0,207125.02
BRIDGE_SPY_DISCLOSURE,2018-03-12,163683.77,13,44342.3,208026.07
BRIDGE_SPY_DISCLOSURE,2018-03-13,162365.45,13,44415.81,206781.26
BRIDGE_SPY_DISCLOSURE,2018-03-14,161511.59,13,44421.12,205932.71
BRIDGE_SPY_DISCLOSURE,2018-03-15,161409.21,13,45119.03,206528.24
BRIDGE_SPY_DISCLOSURE,2018-03-16,161118.56,13,45395.55,206514.12
BRIDGE_SPY_DISCLOSURE,2018-03-19,157597.51,13,45400.97,202998.49
BRIDGE_SPY_DISCLOSURE,2018-03-20,158011.4,12,29606.45,187617.85
BRIDGE_SPY_DISCLOSURE,2018-03-21,157432.11,13,45405.85,202837.95
BRIDGE_SPY_DISCLOSURE,2018-03-22,152642.13,13,45411.27,198053.4
BRIDGE_SPY_DISCLOSURE,2018-03-23,148917.95,12,30028.65,178946.6
BRIDGE_SPY_DISCLOSURE,2018-03-26,153764.54,13,45201.96,198966.49
BRIDGE_SPY_DISCLOSURE,2018-03-27,150346.43,13,45207.36,195553.78
BRIDGE_SPY_DISCLOSURE,2018-03-28,150320.45,13,45212.76,195533.21
BRIDGE_SPY_DISCLOSURE,2018-03-29,152412.44,13,45218.16,197630.6
BRIDGE_SPY_DISCLOSURE,2018-04-02,147931.08,13,45223.88,193154.96
BRIDGE_SPY_DISCLOSURE,2018-04-03,150432.2,13,45229.61,195661.81
BRIDGE_SPY_DISCLOSURE,2018-04-04,152938.89,13,45235.33,198174.22
BRIDGE_SPY_DISCLOSURE,2018-04-05,154650.97,13,45241.06,199892.03
BRIDGE_SPY_DISCLOSURE,2018-04-06,150267.16,13,45246.78,195513.94
BRIDGE_SPY_DISCLOSURE,2018-04-09,150895.17,12,29890.79,180785.97
BRIDGE_SPY_DISCLOSURE,2018-04-10,153557.92,13,45201.42,198759.34
BRIDGE_SPY_DISCLOSURE,2018-04-11,152728.85,13,45207.14,197935.99
BRIDGE_SPY_DISCLOSURE,2018-04-12,153674.0,13,45029.35,198703.35
BRIDGE_SPY_DISCLOSURE,2018-04-13,153126.49,13,45035.05,198161.54
BRIDGE_SPY_DISCLOSURE,2018-04-16,154749.95,13,45040.75,199790.7
BRIDGE_SPY_DISCLOSURE,2018-04-17,157233.07,13,45046.46,202279.52
BRIDGE_SPY_DISCLOSURE,2018-04-18,157207.99,13,45052.16,202260.15
BRIDGE_SPY_DISCLOSURE,2018-04-19,155551.38,13,44718.31,200269.69
BRIDGE_SPY_DISCLOSURE,2018-04-20,153675.19,13,44723.97,198399.16
BRIDGE_SPY_DISCLOSURE,2018-04-23,153691.6,13,44729.63,198421.24
BRIDGE_SPY_DISCLOSURE,2018-04-24,151479.2,13,44689.11,196168.31
BRIDGE_SPY_DISCLOSURE,2018-04-25,151931.86,11,14088.22,166020.08
BRIDGE_SPY_DISCLOSURE,2018-04-26,154102.66,11,14090.0,168192.66
BRIDGE_SPY_DISCLOSURE,2018-04-27,155213.59,13,44780.06,199993.66
BRIDGE_SPY_DISCLOSURE,2018-04-30,153651.97,13,44785.73,198437.7
BRIDGE_SPY_DISCLOSURE,2018-05-01,153470.91,12,29476.62,182947.53
BRIDGE_SPY_DISCLOSURE,2018-05-02,151940.73,13,44810.9,196751.64
BRIDGE_SPY_DISCLOSURE,2018-05-03,151420.88,13,44816.59,196237.47
BRIDGE_SPY_DISCLOSURE,2018-05-04,154303.83,13,44822.28,199126.11
BRIDGE_SPY_DISCLOSURE,2018-05-07,155087.99,13,44827.97,199915.97
BRIDGE_SPY_DISCLOSURE,2018-05-08,154896.14,13,44833.67,199729.81
BRIDGE_SPY_DISCLOSURE,2018-05-09,156544.96,13,44839.36,201384.32
BRIDGE_SPY_DISCLOSURE,2018-05-10,158476.98,13,44845.05,203322.03
BRIDGE_SPY_DISCLOSURE,2018-05-11,158981.72,13,44850.75,203832.47
BRIDGE_SPY_DISCLOSURE,2018-05-14,158977.87,13,44856.44,203834.32
BRIDGE_SPY_DISCLOSURE,2018-05-15,157296.2,13,44952.86,202249.06
BRIDGE_SPY_DISCLOSURE,2018-05-16,158009.14,13,44958.57,202967.72
BRIDGE_SPY_DISCLOSURE,2018-05-17,158195.7,13,44964.28,203159.98
BRIDGE_SPY_DISCLOSURE,2018-05-18,157308.36,13,44969.99,202278.35
BRIDGE_SPY_DISCLOSURE,2018-05-21,158659.14,12,28899.04,187558.18
BRIDGE_SPY_DISCLOSURE,2018-05-22,158162.83,12,28902.71,187065.54
BRIDGE_SPY_DISCLOSURE,2018-05-23,158518.63,12,28906.38,187425.02
BRIDGE_SPY_DISCLOSURE,2018-05-24,157812.56,13,44729.83,202542.39
BRIDGE_SPY_DISCLOSURE,2018-05-25,157455.49,13,44735.51,202191.0
BRIDGE_SPY_DISCLOSURE,2018-05-29,155194.4,13,44741.19,199935.59
BRIDGE_SPY_DISCLOSURE,2018-05-30,157556.55,13,44746.87,202303.42
BRIDGE_SPY_DISCLOSURE,2018-05-31,155588.4,13,44752.55,200340.95
BRIDGE_SPY_DISCLOSURE,2018-06-01,157007.84,12,28829.75,185837.59
BRIDGE_SPY_DISCLOSURE,2018-06-04,157849.15,13,44502.13,202351.28
BRIDGE_SPY_DISCLOSURE,2018-06-05,158134.49,13,44507.99,202642.48
BRIDGE_SPY_DISCLOSURE,2018-06-06,159906.12,13,44513.86,204419.97
BRIDGE_SPY_DISCLOSURE,2018-06-07,160203.4,13,44519.72,204723.12
BRIDGE_SPY_DISCLOSURE,2018-06-08,160865.92,13,44525.59,205391.5
BRIDGE_SPY_DISCLOSURE,2018-06-11,161659.71,13,44531.45,206191.16
BRIDGE_SPY_DISCLOSURE,2018-06-12,162345.5,12,28602.61,190948.11
BRIDGE_SPY_DISCLOSURE,2018-06-13,161466.23,13,44864.42,206330.65
BRIDGE_SPY_DISCLOSURE,2018-06-14,162063.69,13,45084.69,207148.38
BRIDGE_SPY_DISCLOSURE,2018-06-15,160808.16,13,45090.63,205898.79
BRIDGE_SPY_DISCLOSURE,2018-06-18,160379.15,13,45096.57,205475.72
BRIDGE_SPY_DISCLOSURE,2018-06-19,159764.3,13,44893.58,204657.88
BRIDGE_SPY_DISCLOSURE,2018-06-20,160219.67,12,28853.67,189073.34
BRIDGE_SPY_DISCLOSURE,2018-06-21,159031.53,11,12902.31,171933.84
BRIDGE_SPY_DISCLOSURE,2018-06-22,159310.13,13,44868.69,204178.82
BRIDGE_SPY_DISCLOSURE,2018-06-25,156688.72,13,44874.61,201563.33
BRIDGE_SPY_DISCLOSURE,2018-06-26,157183.7,13,44880.52,202064.22
BRIDGE_SPY_DISCLOSURE,2018-06-27,155664.9,13,44886.43,200551.33
BRIDGE_SPY_DISCLOSURE,2018-06-28,156455.24,13,44892.34,201347.59
BRIDGE_SPY_DISCLOSURE,2018-06-29,156693.11,13,44898.26,201591.36
BRIDGE_SPY_DISCLOSURE,2018-07-02,157274.8,13,44904.33,202179.13
BRIDGE_SPY_DISCLOSURE,2018-07-03,156729.29,13,44910.41,201639.7
BRIDGE_SPY_DISCLOSURE,2018-07-05,158652.66,13,44916.49,203569.15
BRIDGE_SPY_DISCLOSURE,2018-07-06,160462.79,13,44922.57,205385.36
BRIDGE_SPY_DISCLOSURE,2018-07-09,162290.77,13,44928.64,207219.42
BRIDGE_SPY_DISCLOSURE,2018-07-10,162885.73,13,44934.72,207820.45
BRIDGE_SPY_DISCLOSURE,2018-07-11,161410.46,13,45027.64,206438.1
BRIDGE_SPY_DISCLOSURE,2018-07-12,162972.22,13,45472.65,208444.86
BRIDGE_SPY_DISCLOSURE,2018-07-13,163282.45,13,45478.8,208761.25
BRIDGE_SPY_DISCLOSURE,2018-07-16,163032.44,13,45484.95,208517.4
BRIDGE_SPY_DISCLOSURE,2018-07-17,163590.23,13,45491.11,209081.34
BRIDGE_SPY_DISCLOSURE,2018-07-18,163353.91,13,45497.27,208851.18
BRIDGE_SPY_DISCLOSURE,2018-07-19,162900.1,13,45503.42,208403.52
BRIDGE_SPY_DISCLOSURE,2018-07-20,162542.55,13,45507.59,208050.15
BRIDGE_SPY_DISCLOSURE,2018-07-23,163220.26,13,45513.75,208734.01
BRIDGE_SPY_DISCLOSURE,2018-07-24,163871.17,13,45519.91,209391.08
BRIDGE_SPY_DISCLOSURE,2018-07-25,165387.64,13,45526.07,210913.71
BRIDGE_SPY_DISCLOSURE,2018-07-26,165140.61,13,45532.23,210672.83
BRIDGE_SPY_DISCLOSURE,2018-07-27,163709.86,13,45681.31,209391.17
BRIDGE_SPY_DISCLOSURE,2018-07-30,162782.54,13,45687.49,208470.03
BRIDGE_SPY_DISCLOSURE,2018-07-31,163769.04,13,45693.67,209462.71
BRIDGE_SPY_DISCLOSURE,2018-08-01,163343.01,13,45699.85,209042.86
BRIDGE_SPY_DISCLOSURE,2018-08-02,164642.75,13,45792.82,210435.58
BRIDGE_SPY_DISCLOSURE,2018-08-03,165534.49,13,45799.02,211333.51
BRIDGE_SPY_DISCLOSURE,2018-08-06,164217.42,12,29322.99,193540.41
BRIDGE_SPY_DISCLOSURE,2018-08-07,164167.76,13,45792.59,209960.35
BRIDGE_SPY_DISCLOSURE,2018-08-08,163569.06,13,45798.79,209367.85
BRIDGE_SPY_DISCLOSURE,2018-08-09,163376.1,13,45804.98,209181.09
BRIDGE_SPY_DISCLOSURE,2018-08-10,162043.66,13,45811.18,207854.84
BRIDGE_SPY_DISCLOSURE,2018-08-13,161031.31,13,45817.38,206848.69
BRIDGE_SPY_DISCLOSURE,2018-08-14,162357.95,12,29161.54,191519.49
BRIDGE_SPY_DISCLOSURE,2018-08-15,161168.37,13,45310.83,206479.2
BRIDGE_SPY_DISCLOSURE,2018-08-16,162930.35,13,45316.96,208247.31
BRIDGE_SPY_DISCLOSURE,2018-08-17,163557.49,13,45072.36,208629.85
BRIDGE_SPY_DISCLOSURE,2018-08-20,164229.35,13,45078.46,209307.8
BRIDGE_SPY_DISCLOSURE,2018-08-21,164674.83,13,45084.56,209759.39
BRIDGE_SPY_DISCLOSURE,2018-08-22,164475.17,13,45090.66,209565.82
BRIDGE_SPY_DISCLOSURE,2018-08-23,164373.52,13,45096.76,209470.28
BRIDGE_SPY_DISCLOSURE,2018-08-24,165566.78,13,45102.86,210669.64
BRIDGE_SPY_DISCLOSURE,2018-08-27,167422.82,13,45036.13,212458.95
BRIDGE_SPY_DISCLOSURE,2018-08-28,167550.31,12,28132.18,195682.49
BRIDGE_SPY_DISCLOSURE,2018-08-29,168557.42,12,28135.99,196693.41
BRIDGE_SPY_DISCLOSURE,2018-08-30,167472.12,12,28139.8,195611.92
BRIDGE_SPY_DISCLOSURE,2018-08-31,167352.11,11,11497.49,178849.6
BRIDGE_SPY_DISCLOSURE,2018-09-04,166851.03,12,28209.34,195060.37
BRIDGE_SPY_DISCLOSURE,2018-09-05,166611.85,12,28213.2,194825.05
BRIDGE_SPY_DISCLOSURE,2018-09-06,165744.01,12,28217.07,193961.08
BRIDGE_SPY_DISCLOSURE,2018-09-07,165419.62,12,28026.11,193445.73
BRIDGE_SPY_DISCLOSURE,2018-09-10,165857.49,12,28029.95,193887.44
BRIDGE_SPY_DISCLOSURE,2018-09-11,166378.02,12,28033.78,194411.8
BRIDGE_SPY_DISCLOSURE,2018-09-12,166558.85,12,28037.62,194596.47
BRIDGE_SPY_DISCLOSURE,2018-09-13,167769.06,12,28041.46,195810.52
BRIDGE_SPY_DISCLOSURE,2018-09-14,167651.46,12,28045.3,195696.76
BRIDGE_SPY_DISCLOSURE,2018-09-17,166598.49,12,28049.14,194647.63
BRIDGE_SPY_DISCLOSURE,2018-09-18,167553.2,12,28188.34,195741.54
BRIDGE_SPY_DISCLOSURE,2018-09-19,167808.36,12,28192.2,196000.56
BRIDGE_SPY_DISCLOSURE,2018-09-20,169488.77,12,28196.06,197684.83
BRIDGE_SPY_DISCLOSURE,2018-09-21,168393.05,12,28199.92,196592.97
BRIDGE_SPY_DISCLOSURE,2018-09-24,167051.59,12,28203.78,195255.37
BRIDGE_SPY_DISCLOSURE,2018-09-25,166943.99,12,28207.64,195151.63
BRIDGE_SPY_DISCLOSURE,2018-09-26,166367.4,12,28211.5,194578.9
BRIDGE_SPY_DISCLOSURE,2018-09-27,166830.66,12,28215.36,195046.02
BRIDGE_SPY_DISCLOSURE,2018-09-28,166767.89,12,28219.23,194987.12
BRIDGE_SPY_DISCLOSURE,2018-10-01,167472.08,12,28223.36,195695.44
BRIDGE_SPY_DISCLOSURE,2018-10-02,167349.69,12,28227.49,195577.18
BRIDGE_SPY_DISCLOSURE,2018-10-03,167452.26,12,28231.63,195683.89
BRIDGE_SPY_DISCLOSURE,2018-10-04,165767.84,12,28235.76,194003.6
BRIDGE_SPY_DISCLOSURE,2018-10-05,164106.57,12,28058.46,192165.03
BRIDGE_SPY_DISCLOSURE,2018-10-08,164357.05,12,28062.57,192419.62
BRIDGE_SPY_DISCLOSURE,2018-10-09,163780.24,12,28066.68,191846.91
BRIDGE_SPY_DISCLOSURE,2018-10-10,157671.89,12,28070.79,185742.67
BRIDGE_SPY_DISCLOSURE,2018-10-11,153575.48,12,28074.9,181650.38
BRIDGE_SPY_DISCLOSURE,2018-10-12,155888.76,12,28079.01,183967.77
BRIDGE_SPY_DISCLOSURE,2018-10-15,154780.73,13,43640.09,198420.82
BRIDGE_SPY_DISCLOSURE,2018-10-16,159211.12,13,43646.48,202857.61
BRIDGE_SPY_DISCLOSURE,2018-10-17,159109.36,13,43652.87,202762.23
BRIDGE_SPY_DISCLOSURE,2018-10-18,155715.72,13,43659.27,199374.98
BRIDGE_SPY_DISCLOSURE,2018-10-19,155782.47,13,43665.66,199448.13
BRIDGE_SPY_DISCLOSURE,2018-10-22,154577.39,13,43688.15,198265.54
BRIDGE_SPY_DISCLOSURE,2018-10-23,153661.98,13,43694.55,197356.53
BRIDGE_SPY_DISCLOSURE,2018-10-24,147675.03,13,43358.65,191033.68
BRIDGE_SPY_DISCLOSURE,2018-10-25,151186.34,13,43365.0,194551.34
BRIDGE_SPY_DISCLOSURE,2018-10-26,147508.14,13,43371.35,190879.48
BRIDGE_SPY_DISCLOSURE,2018-10-29,146369.75,13,43377.7,189747.45
BRIDGE_SPY_DISCLOSURE,2018-10-30,149347.56,13,43384.05,192731.61
BRIDGE_SPY_DISCLOSURE,2018-10-31,151269.61,13,43390.4,194660.02
BRIDGE_SPY_DISCLOSURE,2018-11-01,153595.09,13,43396.77,196991.87
BRIDGE_SPY_DISCLOSURE,2018-11-02,153724.14,13,43514.81,197238.94
BRIDGE_SPY_DISCLOSURE,2018-11-05,155260.65,13,43521.2,198781.84
BRIDGE_SPY_DISCLOSURE,2018-11-06,156436.08,13,43527.59,199963.66
BRIDGE_SPY_DISCLOSURE,2018-11-07,160585.24,13,43392.74,203977.99
BRIDGE_SPY_DISCLOSURE,2018-11-08,160248.47,13,43399.12,203647.59
BRIDGE_SPY_DISCLOSURE,2018-11-09,158194.33,13,43405.49,201599.81
BRIDGE_SPY_DISCLOSURE,2018-11-12,155568.24,10,0.0,151308.95
BRIDGE_SPY_DISCLOSURE,2018-11-13,155557.84,8,0.0,120025.28
BRIDGE_SPY_DISCLOSURE,2018-11-14,155073.82,7,0.0,103623.82
BRIDGE_SPY_DISCLOSURE,2018-11-15,156443.62,7,0.0,104993.61
BRIDGE_SPY_DISCLOSURE,2018-11-16,157001.82,8,0.0,121140.89
BRIDGE_SPY_DISCLOSURE,2018-11-19,155216.01,8,0.0,119355.08
BRIDGE_SPY_DISCLOSURE,2018-11-20,153222.11,8,0.0,117122.55
BRIDGE_SPY_DISCLOSURE,2018-11-21,153440.3,10,0.0,148132.13
BRIDGE_SPY_DISCLOSURE,2018-11-23,152280.03,11,9911.14,162191.17
BRIDGE_SPY_DISCLOSURE,2018-11-26,155521.75,11,9912.59,165434.34
BRIDGE_SPY_DISCLOSURE,2018-11-27,156218.57,13,40850.43,197069.0
BRIDGE_SPY_DISCLOSURE,2018-11-28,160412.56,13,40856.43,201268.99
BRIDGE_SPY_DISCLOSURE,2018-11-29,159885.82,13,40862.43,200748.25
BRIDGE_SPY_DISCLOSURE,2018-11-30,161055.77,13,40883.99,201939.76
BRIDGE_SPY_DISCLOSURE,2018-12-03,164196.51,13,40890.11,205086.61
BRIDGE_SPY_DISCLOSURE,2018-12-04,157141.72,13,40896.22,198037.94
BRIDGE_SPY_DISCLOSURE,2018-12-06,155686.07,8,0.0,123963.6
BRIDGE_SPY_DISCLOSURE,2018-12-07,150577.23,13,46082.09,196659.32
BRIDGE_SPY_DISCLOSURE,2018-12-10,151609.72,13,46088.98,197698.7
BRIDGE_SPY_DISCLOSURE,2018-12-11,151642.06,13,46095.88,197737.94
BRIDGE_SPY_DISCLOSURE,2018-12-12,153143.63,13,46102.78,199246.4
BRIDGE_SPY_DISCLOSURE,2018-12-13,152735.61,13,46109.67,198845.29
BRIDGE_SPY_DISCLOSURE,2018-12-14,149032.33,13,46116.57,195148.9
BRIDGE_SPY_DISCLOSURE,2018-12-17,144610.71,13,46123.47,190734.18
BRIDGE_SPY_DISCLOSURE,2018-12-18,145041.07,13,46130.37,191171.44
BRIDGE_SPY_DISCLOSURE,2018-12-19,140535.31,13,46137.27,186672.58
BRIDGE_SPY_DISCLOSURE,2018-12-20,137739.96,13,46144.17,183884.13
BRIDGE_SPY_DISCLOSURE,2018-12-21,133173.68,13,46151.08,179324.75
BRIDGE_SPY_DISCLOSURE,2018-12-24,128602.07,12,32366.74,160968.8
BRIDGE_SPY_DISCLOSURE,2018-12-26,137443.68,12,32371.58,169815.26
BRIDGE_SPY_DISCLOSURE,2018-12-27,138634.53,12,32376.42,171010.95
BRIDGE_SPY_DISCLOSURE,2018-12-28,138407.2,12,32381.26,170788.46
BRIDGE_SPY_DISCLOSURE,2018-12-31,139950.03,12,32386.11,172336.13
BRIDGE_SPY_DISCLOSURE,2019-01-02,140786.51,12,32391.12,173177.63
BRIDGE_SPY_DISCLOSURE,2019-01-03,136104.96,12,32396.13,168501.1
BRIDGE_SPY_DISCLOSURE,2019-01-04,141971.51,12,32401.15,174372.66
BRIDGE_SPY_DISCLOSURE,2019-01-07,144003.19,12,32406.16,176409.35
BRIDGE_SPY_DISCLOSURE,2019-01-08,146309.94,12,32411.18,178721.11
BRIDGE_SPY_DISCLOSURE,2019-01-09,147688.15,12,32416.19,180104.34
BRIDGE_SPY_DISCLOSURE,2019-01-10,148243.66,11,17680.33,165923.98
BRIDGE_SPY_DISCLOSURE,2019-01-11,148315.61,11,17683.06,165998.68
BRIDGE_SPY_DISCLOSURE,2019-01-14,147132.64,11,16511.78,163644.42
BRIDGE_SPY_DISCLOSURE,2019-01-15,149116.41,10,1131.88,150248.3
BRIDGE_SPY_DISCLOSURE,2019-01-16,149510.11,10,1132.06,150642.17
BRIDGE_SPY_DISCLOSURE,2019-01-17,150395.9,8,0.0,122099.8
BRIDGE_SPY_DISCLOSURE,2019-01-18,152098.82,10,1972.35,154071.17
BRIDGE_SPY_DISCLOSURE,2019-01-22,149878.23,10,1972.65,151850.89
BRIDGE_SPY_DISCLOSURE,2019-01-23,150345.11,10,1972.96,152318.07
BRIDGE_SPY_DISCLOSURE,2019-01-24,150470.84,10,1947.2,152418.04
BRIDGE_SPY_DISCLOSURE,2019-01-25,151247.83,11,17120.55,168368.38
BRIDGE_SPY_DISCLOSURE,2019-01-28,150290.76,12,32112.93,182403.69
BRIDGE_SPY_DISCLOSURE,2019-01-29,150387.22,12,32117.9,182505.12
BRIDGE_SPY_DISCLOSURE,2019-01-30,152895.35,12,32122.87,185018.21
BRIDGE_SPY_DISCLOSURE,2019-01-31,153921.88,12,32127.84,186049.71
BRIDGE_SPY_DISCLOSURE,2019-02-01,154483.85,12,32132.81,186616.66
BRIDGE_SPY_DISCLOSURE,2019-02-04,156272.83,12,32137.78,188410.62
BRIDGE_SPY_DISCLOSURE,2019-02-05,156893.01,12,32142.76,189035.76
BRIDGE_SPY_DISCLOSURE,2019-02-06,156827.1,12,31194.45,188021.55
BRIDGE_SPY_DISCLOSURE,2019-02-07,155351.37,10,0.0,155315.44
BRIDGE_SPY_DISCLOSURE,2019-02-08,155492.59,12,30920.33,186412.93
BRIDGE_SPY_DISCLOSURE,2019-02-11,155453.35,13,46524.15,201977.49
BRIDGE_SPY_DISCLOSURE,2019-02-12,157928.46,12,31043.22,188971.68
BRIDGE_SPY_DISCLOSURE,2019-02-13,159150.57,13,46906.58,206057.15
BRIDGE_SPY_DISCLOSURE,2019-02-14,158570.69,13,46913.84,205484.53
BRIDGE_SPY_DISCLOSURE,2019-02-15,161232.91,13,46921.1,208154.01
BRIDGE_SPY_DISCLOSURE,2019-02-19,161490.27,13,47234.53,208724.8
BRIDGE_SPY_DISCLOSURE,2019-02-20,160411.58,13,47241.84,207653.42
BRIDGE_SPY_DISCLOSURE,2019-02-21,158861.38,13,47260.65,206122.03
BRIDGE_SPY_DISCLOSURE,2019-02-22,160033.71,13,47211.59,207245.3
BRIDGE_SPY_DISCLOSURE,2019-02-25,159803.11,13,47218.9,207022.01
BRIDGE_SPY_DISCLOSURE,2019-02-26,159611.95,13,46986.46,206598.41
BRIDGE_SPY_DISCLOSURE,2019-02-27,159195.41,13,46993.74,206189.15
BRIDGE_SPY_DISCLOSURE,2019-02-28,157138.75,13,47001.01,204139.76
BRIDGE_SPY_DISCLOSURE,2019-03-01,158823.92,13,47008.28,205832.21
BRIDGE_SPY_DISCLOSURE,2019-03-04,157626.58,13,47015.56,204642.13
BRIDGE_SPY_DISCLOSURE,2019-03-05,157714.07,13,46745.83,204459.9
BRIDGE_SPY_DISCLOSURE,2019-03-06,156288.21,13,46753.07,203041.28
BRIDGE_SPY_DISCLOSURE,2019-03-07,154377.62,11,14781.64,169159.26
BRIDGE_SPY_DISCLOSURE,2019-03-08,154216.96,12,30095.43,184312.39
BRIDGE_SPY_DISCLOSURE,2019-03-11,156630.38,12,30100.09,186730.47
BRIDGE_SPY_DISCLOSURE,2019-03-12,157659.64,12,30104.75,187764.39
BRIDGE_SPY_DISCLOSURE,2019-03-13,159368.97,12,30109.41,189478.38
BRIDGE_SPY_DISCLOSURE,2019-03-14,158957.47,12,30114.07,189071.54
BRIDGE_SPY_DISCLOSURE,2019-03-15,159046.48,12,30118.73,189165.21
BRIDGE_SPY_DISCLOSURE,2019-03-18,159907.49,12,30123.39,190030.88
BRIDGE_SPY_DISCLOSURE,2019-03-19,160105.77,12,30128.05,190233.82
BRIDGE_SPY_DISCLOSURE,2019-03-20,159475.25,12,30015.56,189490.81
BRIDGE_SPY_DISCLOSURE,2019-03-21,161555.08,12,29741.85,191296.94
BRIDGE_SPY_DISCLOSURE,2019-03-22,157649.07,12,29746.46,187395.53
BRIDGE_SPY_DISCLOSURE,2019-03-25,157510.91,10,0.0,155492.14
BRIDGE_SPY_DISCLOSURE,2019-03-26,158706.51,10,0.0,156687.74
BRIDGE_SPY_DISCLOSURE,2019-03-27,157135.22,13,45577.14,202712.37
BRIDGE_SPY_DISCLOSURE,2019-03-28,157645.39,13,45584.2,203229.59
BRIDGE_SPY_DISCLOSURE,2019-03-29,158935.63,13,45591.25,204526.89
BRIDGE_SPY_DISCLOSURE,2019-04-01,161385.43,13,45598.34,206983.78
BRIDGE_SPY_DISCLOSURE,2019-04-02,161078.37,13,45605.44,206683.81
BRIDGE_SPY_DISCLOSURE,2019-04-03,161778.46,13,45657.85,207436.31
BRIDGE_SPY_DISCLOSURE,2019-04-04,162592.81,13,45664.95,208257.76
BRIDGE_SPY_DISCLOSURE,2019-04-05,163451.66,13,45672.05,209123.71
BRIDGE_SPY_DISCLOSURE,2019-04-08,163831.7,13,45689.39,209521.09
BRIDGE_SPY_DISCLOSURE,2019-04-09,162768.48,13,45696.5,208464.98
BRIDGE_SPY_DISCLOSURE,2019-04-10,163671.92,13,45703.6,209375.52
BRIDGE_SPY_DISCLOSURE,2019-04-11,163566.58,13,45710.71,209277.3
BRIDGE_SPY_DISCLOSURE,2019-04-12,164933.74,13,45717.82,210651.57
BRIDGE_SPY_DISCLOSURE,2019-04-15,165037.81,13,45724.94,210762.75
BRIDGE_SPY_DISCLOSURE,2019-04-16,164985.76,12,29078.5,194064.26
BRIDGE_SPY_DISCLOSURE,2019-04-17,164303.32,11,12923.49,177226.81
BRIDGE_SPY_DISCLOSURE,2019-04-18,164647.22,11,12925.5,177572.72
BRIDGE_SPY_DISCLOSURE,2019-04-22,164726.09,11,13035.78,177761.87
BRIDGE_SPY_DISCLOSURE,2019-04-23,166316.1,11,12643.56,178959.67
BRIDGE_SPY_DISCLOSURE,2019-04-24,165920.63,11,12505.17,178425.8
BRIDGE_SPY_DISCLOSURE,2019-04-25,165884.9,11,12507.11,178392.02
BRIDGE_SPY_DISCLOSURE,2019-04-26,166725.62,11,12509.06,179234.68
BRIDGE_SPY_DISCLOSURE,2019-04-29,167083.7,12,29259.47,196343.17
BRIDGE_SPY_DISCLOSURE,2019-04-30,167262.33,12,29264.02,196526.34
BRIDGE_SPY_DISCLOSURE,2019-05-01,166549.44,12,29268.54,195817.98
BRIDGE_SPY_DISCLOSURE,2019-05-02,166035.88,11,12672.78,178708.66
BRIDGE_SPY_DISCLOSURE,2019-05-03,167607.45,13,46325.39,213932.85
BRIDGE_SPY_DISCLOSURE,2019-05-06,166207.53,12,33525.41,199732.94
BRIDGE_SPY_DISCLOSURE,2019-05-07,162688.68,12,33530.58,196219.26
BRIDGE_SPY_DISCLOSURE,2019-05-08,162680.76,11,17220.44,179901.2
BRIDGE_SPY_DISCLOSURE,2019-05-09,162234.0,11,16718.44,178952.44
BRIDGE_SPY_DISCLOSURE,2019-05-10,163621.76,12,32877.2,196498.96
BRIDGE_SPY_DISCLOSURE,2019-05-13,158078.52,12,32882.27,190960.79
BRIDGE_SPY_DISCLOSURE,2019-05-14,160297.51,12,32887.35,193184.85
BRIDGE_SPY_DISCLOSURE,2019-05-15,161482.98,12,32892.42,194375.4
BRIDGE_SPY_DISCLOSURE,2019-05-16,163381.04,12,32897.5,196278.54
BRIDGE_SPY_DISCLOSURE,2019-05-17,161912.98,12,32902.58,194815.56
BRIDGE_SPY_DISCLOSURE,2019-05-20,160227.3,12,32771.21,192998.5
BRIDGE_SPY_DISCLOSURE,2019-05-21,162215.57,12,32776.27,194991.84
BRIDGE_SPY_DISCLOSURE,2019-05-22,161696.55,12,32781.33,194477.88
BRIDGE_SPY_DISCLOSURE,2019-05-23,158893.44,12,32786.39,191679.82
BRIDGE_SPY_DISCLOSURE,2019-05-24,159335.09,12,32791.45,192126.53
BRIDGE_SPY_DISCLOSURE,2019-05-28,159215.96,12,32796.51,192012.47
BRIDGE_SPY_DISCLOSURE,2019-05-29,157482.8,12,32801.57,190284.37
BRIDGE_SPY_DISCLOSURE,2019-05-30,157916.79,12,32806.64,190723.43
BRIDGE_SPY_DISCLOSURE,2019-05-31,155198.75,12,32811.7,188010.45
BRIDGE_SPY_DISCLOSURE,2019-06-03,154894.1,11,16980.72,171874.82
BRIDGE_SPY_DISCLOSURE,2019-06-04,159443.02,11,16983.33,176426.35
BRIDGE_SPY_DISCLOSURE,2019-06-05,160801.58,12,33055.97,193857.55
BRIDGE_SPY_DISCLOSURE,2019-06-06,163312.43,12,33061.06,196373.49
BRIDGE_SPY_DISCLOSURE,2019-06-07,165432.65,12,33066.15,198498.8
BRIDGE_SPY_DISCLOSURE,2019-06-10,166734.43,12,33071.24,199805.66
BRIDGE_SPY_DISCLOSURE,2019-06-11,166201.98,12,33076.33,199278.31
BRIDGE_SPY_DISCLOSURE,2019-06-12,165743.19,12,33081.42,198824.61
BRIDGE_SPY_DISCLOSURE,2019-06-13,166742.26,11,14458.24,181200.5
BRIDGE_SPY_DISCLOSURE,2019-06-14,166397.22,12,31277.15,197674.38
BRIDGE_SPY_DISCLOSURE,2019-06-17,166135.3,12,31281.97,197417.27
BRIDGE_SPY_DISCLOSURE,2019-06-18,168231.01,12,31286.79,199517.8
BRIDGE_SPY_DISCLOSURE,2019-06-19,168388.43,12,31291.6,199680.03
BRIDGE_SPY_DISCLOSURE,2019-06-20,170368.71,12,31853.61,202222.32
BRIDGE_SPY_DISCLOSURE,2019-06-21,169359.74,12,31858.51,201218.25
BRIDGE_SPY_DISCLOSURE,2019-06-24,169302.7,11,15304.49,184607.19
BRIDGE_SPY_DISCLOSURE,2019-06-25,167713.96,11,15306.85,183020.81
BRIDGE_SPY_DISCLOSURE,2019-06-26,167629.07,10,0.0,166470.95
BRIDGE_SPY_DISCLOSURE,2019-06-27,168121.7,12,32458.32,200580.01
BRIDGE_SPY_DISCLOSURE,2019-06-28,169400.81,13,49349.47,218750.27
BRIDGE_SPY_DISCLOSURE,2019-07-01,171464.74,13,49357.1,220821.85
BRIDGE_SPY_DISCLOSURE,2019-07-02,171882.14,13,49364.74,221246.89
BRIDGE_SPY_DISCLOSURE,2019-07-03,173552.11,13,49905.68,223457.79
BRIDGE_SPY_DISCLOSURE,2019-07-05,173326.72,13,49913.41,223240.13
BRIDGE_SPY_DISCLOSURE,2019-07-08,172095.98,13,50085.66,222181.63
BRIDGE_SPY_DISCLOSURE,2019-07-09,172207.48,11,15791.08,187998.56
BRIDGE_SPY_DISCLOSURE,2019-07-10,173105.89,12,33091.59,206197.48
BRIDGE_SPY_DISCLOSURE,2019-07-11,173584.14,12,33096.72,206680.86
BRIDGE_SPY_DISCLOSURE,2019-07-12,174504.32,12,33101.84,207606.16
BRIDGE_SPY_DISCLOSURE,2019-07-15,174568.25,12,33106.96,207675.21
BRIDGE_SPY_DISCLOSURE,2019-07-16,173893.32,12,33112.08,207005.4
BRIDGE_SPY_DISCLOSURE,2019-07-17,172479.52,12,33117.21,205596.73
BRIDGE_SPY_DISCLOSURE,2019-07-18,173227.06,12,33122.33,206349.4
BRIDGE_SPY_DISCLOSURE,2019-07-19,172075.68,12,33127.46,205203.14
BRIDGE_SPY_DISCLOSURE,2019-07-22,172557.36,12,33122.22,205679.58
BRIDGE_SPY_DISCLOSURE,2019-07-23,174022.86,12,33127.35,207150.2
BRIDGE_SPY_DISCLOSURE,2019-07-24,174991.24,12,33132.47,208123.71
BRIDGE_SPY_DISCLOSURE,2019-07-25,173991.89,12,33137.6,207129.49
BRIDGE_SPY_DISCLOSURE,2019-07-26,175357.07,12,33156.04,208513.11
BRIDGE_SPY_DISCLOSURE,2019-07-29,174972.2,12,33161.17,208133.37
BRIDGE_SPY_DISCLOSURE,2019-07-30,174456.16,12,33166.3,207622.46
BRIDGE_SPY_DISCLOSURE,2019-07-31,172162.05,12,33192.36,205354.41
BRIDGE_SPY_DISCLOSURE,2019-08-01,170369.07,12,33197.13,203566.2
BRIDGE_SPY_DISCLOSURE,2019-08-02,168831.55,12,33201.9,202033.45
BRIDGE_SPY_DISCLOSURE,2019-08-05,162751.01,12,33206.67,195957.68
BRIDGE_SPY_DISCLOSURE,2019-08-06,165378.73,11,16652.49,182031.22
BRIDGE_SPY_DISCLOSURE,2019-08-07,165678.16,12,32980.05,198658.22
BRIDGE_SPY_DISCLOSURE,2019-08-08,169571.12,12,32984.79,202555.91
BRIDGE_SPY_DISCLOSURE,2019-08-09,168169.77,12,33012.36,201182.13
BRIDGE_SPY_DISCLOSURE,2019-08-12,165715.97,12,33017.1,198733.07
BRIDGE_SPY_DISCLOSURE,2019-08-13,168516.98,11,16341.51,184858.49
BRIDGE_SPY_DISCLOSURE,2019-08-14,162798.43,12,32914.86,195713.29
BRIDGE_SPY_DISCLOSURE,2019-08-15,163325.56,10,67.96,163393.51
BRIDGE_SPY_DISCLOSURE,2019-08-16,165736.42,10,67.97,165804.39
BRIDGE_SPY_DISCLOSURE,2019-08-19,167728.45,12,33602.68,201331.14
BRIDGE_SPY_DISCLOSURE,2019-08-20,166180.92,12,33607.51,199788.43
BRIDGE_SPY_DISCLOSURE,2019-08-21,167801.46,12,33612.34,201413.8
BRIDGE_SPY_DISCLOSURE,2019-08-22,167734.63,12,33617.16,201351.8
BRIDGE_SPY_DISCLOSURE,2019-08-23,162557.59,12,33621.99,196179.58
BRIDGE_SPY_DISCLOSURE,2019-08-26,164674.46,11,17157.87,181832.33
BRIDGE_SPY_DISCLOSURE,2019-08-27,163958.55,11,17160.34,181118.89
BRIDGE_SPY_DISCLOSURE,2019-08-28,165231.45,11,17162.8,182394.25
BRIDGE_SPY_DISCLOSURE,2019-08-29,167558.7,11,17165.27,184723.96
BRIDGE_SPY_DISCLOSURE,2019-08-30,167474.17,11,17167.73,184641.9
BRIDGE_SPY_DISCLOSURE,2019-09-03,166392.11,11,17170.15,183562.26
BRIDGE_SPY_DISCLOSURE,2019-09-04,168473.2,11,17172.57,185645.77
BRIDGE_SPY_DISCLOSURE,2019-09-05,170905.46,12,34198.33,205103.79
BRIDGE_SPY_DISCLOSURE,2019-09-06,171059.03,12,34203.15,205262.18
BRIDGE_SPY_DISCLOSURE,2019-09-09,171157.53,12,34207.97,205365.5
BRIDGE_SPY_DISCLOSURE,2019-09-10,171104.5,12,34212.79,205317.28
BRIDGE_SPY_DISCLOSURE,2019-09-11,172451.13,11,17055.87,189507.0
BRIDGE_SPY_DISCLOSURE,2019-09-12,173105.15,11,17058.27,190163.42
BRIDGE_SPY_DISCLOSURE,2019-09-13,172976.5,11,17060.67,190037.18
BRIDGE_SPY_DISCLOSURE,2019-09-16,172362.51,10,0.0,172194.84
BRIDGE_SPY_DISCLOSURE,2019-09-17,172601.32,12,34464.01,207065.33
BRIDGE_SPY_DISCLOSURE,2019-09-18,172259.08,12,34468.86,206727.94
BRIDGE_SPY_DISCLOSURE,2019-09-19,172073.76,12,34473.72,206547.48
BRIDGE_SPY_DISCLOSURE,2019-09-20,170399.51,11,17399.61,187799.12
BRIDGE_SPY_DISCLOSURE,2019-09-23,170892.43,11,17352.71,188245.13
BRIDGE_SPY_DISCLOSURE,2019-09-24,169262.55,10,28.7,169291.25
BRIDGE_SPY_DISCLOSURE,2019-09-25,170079.35,10,28.71,170108.06
BRIDGE_SPY_DISCLOSURE,2019-09-26,169569.47,12,34056.09,203625.56
BRIDGE_SPY_DISCLOSURE,2019-09-27,167661.86,12,34060.89,201722.74
BRIDGE_SPY_DISCLOSURE,2019-09-30,168709.65,12,34065.69,202775.34
BRIDGE_SPY_DISCLOSURE,2019-10-01,166615.97,12,34070.19,200686.16
BRIDGE_SPY_DISCLOSURE,2019-10-02,163090.18,12,34074.69,197164.87
BRIDGE_SPY_DISCLOSURE,2019-10-03,165014.51,12,34079.19,199093.7
BRIDGE_SPY_DISCLOSURE,2019-10-04,167472.28,12,34083.7,201555.98
BRIDGE_SPY_DISCLOSURE,2019-10-07,166764.12,12,34088.2,200852.32
BRIDGE_SPY_DISCLOSURE,2019-10-08,163444.93,12,34092.7,197537.63
BRIDGE_SPY_DISCLOSURE,2019-10-09,165474.04,12,34097.21,199571.25
BRIDGE_SPY_DISCLOSURE,2019-10-10,166492.4,12,34101.72,200594.12
BRIDGE_SPY_DISCLOSURE,2019-10-11,169326.21,12,34106.22,203432.43
BRIDGE_SPY_DISCLOSURE,2019-10-14,169596.93,12,34110.73,203707.66
BRIDGE_SPY_DISCLOSURE,2019-10-15,171242.13,12,34115.24,205357.36
BRIDGE_SPY_DISCLOSURE,2019-10-16,170816.19,12,34119.74,204935.93
BRIDGE_SPY_DISCLOSURE,2019-10-17,171727.48,12,34195.96,205923.44
BRIDGE_SPY_DISCLOSURE,2019-10-18,170370.02,12,34200.47,204570.49
BRIDGE_SPY_DISCLOSURE,2019-10-21,172035.44,12,34387.48,206422.92
BRIDGE_SPY_DISCLOSURE,2019-10-22,171343.86,12,34392.03,205735.88
BRIDGE_SPY_DISCLOSURE,2019-10-23,171975.47,12,34396.57,206372.04
BRIDGE_SPY_DISCLOSURE,2019-10-24,173076.44,12,34401.12,207477.55
BRIDGE_SPY_DISCLOSURE,2019-10-25,174223.2,12,34405.66,208628.86
BRIDGE_SPY_DISCLOSURE,2019-10-28,175683.74,12,34563.67,210247.41
BRIDGE_SPY_DISCLOSURE,2019-10-29,175356.59,12,34568.24,209924.83
BRIDGE_SPY_DISCLOSURE,2019-10-30,176179.62,10,0.0,175021.04
BRIDGE_SPY_DISCLOSURE,2019-10-31,175458.38,11,16637.03,192095.4
BRIDGE_SPY_DISCLOSURE,2019-11-01,178162.93,8,0.0,140643.13
BRIDGE_SPY_DISCLOSURE,2019-11-04,179242.78,13,52249.62,231492.4
BRIDGE_SPY_DISCLOSURE,2019-11-05,179661.69,13,52255.94,231917.63
BRIDGE_SPY_DISCLOSURE,2019-11-06,178487.28,13,52262.27,230749.55
BRIDGE_SPY_DISCLOSURE,2019-11-07,179813.6,11,15802.5,195616.1
BRIDGE_SPY_DISCLOSURE,2019-11-08,180608.51,12,33771.87,214380.38
BRIDGE_SPY_DISCLOSURE,2019-11-11,180182.07,12,33775.96,213958.03
BRIDGE_SPY_DISCLOSURE,2019-11-12,180364.19,12,33780.05,214144.24
BRIDGE_SPY_DISCLOSURE,2019-11-13,180219.98,12,33784.14,214004.12
BRIDGE_SPY_DISCLOSURE,2019-11-14,180352.36,13,51855.43,232207.79
BRIDGE_SPY_DISCLOSURE,2019-11-15,182224.45,13,51861.7,234086.15
BRIDGE_SPY_DISCLOSURE,2019-11-18,182543.68,13,51867.98,234411.66
BRIDGE_SPY_DISCLOSURE,2019-11-19,182328.31,12,34140.65,216468.96
BRIDGE_SPY_DISCLOSURE,2019-11-20,181197.89,12,34144.78,215342.67
BRIDGE_SPY_DISCLOSURE,2019-11-21,180955.3,12,34307.78,215263.08
BRIDGE_SPY_DISCLOSURE,2019-11-22,181636.55,12,34311.93,215948.48
BRIDGE_SPY_DISCLOSURE,2019-11-25,183183.5,12,34316.08,217499.58
BRIDGE_SPY_DISCLOSURE,2019-11-26,183651.4,12,34320.23,217971.63
BRIDGE_SPY_DISCLOSURE,2019-11-27,184574.43,12,34324.39,218898.82
BRIDGE_SPY_DISCLOSURE,2019-11-29,183861.55,12,34328.54,218190.09
BRIDGE_SPY_DISCLOSURE,2019-12-02,182238.22,12,34332.7,216570.92
BRIDGE_SPY_DISCLOSURE,2019-12-03,180690.84,12,34336.85,215027.69
BRIDGE_SPY_DISCLOSURE,2019-12-04,181916.86,12,34341.01,216257.87
BRIDGE_SPY_DISCLOSURE,2019-12-05,182169.15,13,52582.74,234751.89
BRIDGE_SPY_DISCLOSURE,2019-12-06,184312.01,13,52968.78,237280.79
BRIDGE_SPY_DISCLOSURE,2019-12-09,183589.81,13,52975.2,236565.01
BRIDGE_SPY_DISCLOSURE,2019-12-10,183446.81,13,52981.61,236428.42
BRIDGE_SPY_DISCLOSURE,2019-12-11,184068.36,13,52988.02,237056.38
BRIDGE_SPY_DISCLOSURE,2019-12-12,186328.57,13,52994.43,239323.0
BRIDGE_SPY_DISCLOSURE,2019-12-13,186342.9,13,53000.85,239343.75
BRIDGE_SPY_DISCLOSURE,2019-12-16,188064.33,12,34408.51,222472.84
BRIDGE_SPY_DISCLOSURE,2019-12-17,188179.6,13,53249.93,241429.54
BRIDGE_SPY_DISCLOSURE,2019-12-18,187910.92,13,53452.36,241363.28
BRIDGE_SPY_DISCLOSURE,2019-12-19,188853.11,13,53458.83,242311.94
BRIDGE_SPY_DISCLOSURE,2019-12-20,188759.34,13,53465.3,242224.65
BRIDGE_SPY_DISCLOSURE,2019-12-23,188906.28,13,53471.77,242378.05
BRIDGE_SPY_DISCLOSURE,2019-12-24,188978.83,13,53478.25,242457.08
BRIDGE_SPY_DISCLOSURE,2019-12-26,190151.47,13,53810.04,243961.51
BRIDGE_SPY_DISCLOSURE,2019-12-27,190079.98,13,54004.37,244084.35
BRIDGE_SPY_DISCLOSURE,2019-12-30,188881.43,12,35141.35,224022.78
BRIDGE_SPY_DISCLOSURE,2019-12-31,189293.83,12,35145.6,224439.43
BRIDGE_SPY_DISCLOSURE,2020-01-02,191286.3,13,54687.95,245974.25
BRIDGE_SPY_DISCLOSURE,2020-01-03,189376.68,13,54909.25,244285.94
BRIDGE_SPY_DISCLOSURE,2020-01-06,190198.5,13,54915.9,245114.4
BRIDGE_SPY_DISCLOSURE,2020-01-07,189388.69,13,54922.55,244311.24
BRIDGE_SPY_DISCLOSURE,2020-01-08,190530.88,13,54929.19,245460.08
BRIDGE_SPY_DISCLOSURE,2020-01-09,192250.49,13,54935.84,247186.33
BRIDGE_SPY_DISCLOSURE,2020-01-10,191436.12,13,54942.49,246378.61
BRIDGE_SPY_DISCLOSURE,2020-01-13,192928.8,13,54949.14,247877.94
BRIDGE_SPY_DISCLOSURE,2020-01-14,192615.76,13,54955.79,247571.55
BRIDGE_SPY_DISCLOSURE,2020-01-15,192994.13,13,54962.44,247956.58
BRIDGE_SPY_DISCLOSURE,2020-01-16,194999.19,13,54969.09,249968.28
BRIDGE_SPY_DISCLOSURE,2020-01-17,195575.4,13,54975.75,250551.15
BRIDGE_SPY_DISCLOSURE,2020-01-21,195206.43,13,54982.4,250188.83
BRIDGE_SPY_DISCLOSURE,2020-01-22,195304.42,13,54989.06,250293.48
BRIDGE_SPY_DISCLOSURE,2020-01-23,195501.94,13,55042.62,250544.56
BRIDGE_SPY_DISCLOSURE,2020-01-24,193205.63,13,55049.28,248254.91
BRIDGE_SPY_DISCLOSURE,2020-01-27,189718.28,13,55055.94,244774.23
BRIDGE_SPY_DISCLOSURE,2020-01-28,192090.9,12,35993.26,228084.16
BRIDGE_SPY_DISCLOSURE,2020-01-29,191690.63,13,55304.43,246995.06
BRIDGE_SPY_DISCLOSURE,2020-01-30,192532.63,13,55311.12,247843.75
BRIDGE_SPY_DISCLOSURE,2020-01-31,188029.63,13,55317.82,243347.44
BRIDGE_SPY_DISCLOSURE,2020-02-03,189669.96,13,55324.58,244994.54
BRIDGE_SPY_DISCLOSURE,2020-02-04,193285.93,13,55331.34,248617.27
BRIDGE_SPY_DISCLOSURE,2020-02-05,196181.57,13,55338.1,251519.67
BRIDGE_SPY_DISCLOSURE,2020-02-06,196887.11,13,55344.87,252231.98
BRIDGE_SPY_DISCLOSURE,2020-02-07,195650.08,13,55351.63,251001.71
BRIDGE_SPY_DISCLOSURE,2020-02-10,197188.45,13,55500.62,252689.07
BRIDGE_SPY_DISCLOSURE,2020-02-11,197612.13,13,55507.4,253119.53
BRIDGE_SPY_DISCLOSURE,2020-02-12,199192.09,13,55514.19,254706.28
BRIDGE_SPY_DISCLOSURE,2020-02-13,199170.68,13,55520.97,254691.66
BRIDGE_SPY_DISCLOSURE,2020-02-14,199611.24,13,55527.76,255139.0
BRIDGE_SPY_DISCLOSURE,2020-02-18,199233.39,12,35910.78,235144.17
BRIDGE_SPY_DISCLOSURE,2020-02-19,199955.06,12,36034.48,235989.54
BRIDGE_SPY_DISCLOSURE,2020-02-20,198897.08,12,38656.17,237553.25
BRIDGE_SPY_DISCLOSURE,2020-02-21,196445.97,12,38660.89,235106.86
BRIDGE_SPY_DISCLOSURE,2020-02-24,188678.99,11,19672.87,208351.85
BRIDGE_SPY_DISCLOSURE,2020-02-25,182363.07,11,19675.27,202038.34
BRIDGE_SPY_DISCLOSURE,2020-02-26,181617.53,11,19677.68,201295.2
BRIDGE_SPY_DISCLOSURE,2020-02-27,172574.62,11,19680.08,192254.7
BRIDGE_SPY_DISCLOSURE,2020-02-28,171764.44,11,19682.49,191446.93
BRIDGE_SPY_DISCLOSURE,2020-03-02,180053.68,11,19684.15,199737.83
BRIDGE_SPY_DISCLOSURE,2020-03-03,174333.03,11,19685.81,194018.84
BRIDGE_SPY_DISCLOSURE,2020-03-04,182486.57,11,19687.48,202174.04
BRIDGE_SPY_DISCLOSURE,2020-03-05,175764.29,11,19689.14,195453.44
BRIDGE_SPY_DISCLOSURE,2020-03-06,172531.57,11,19690.81,192222.37
BRIDGE_SPY_DISCLOSURE,2020-03-09,157518.4,11,19692.47,177210.87
BRIDGE_SPY_DISCLOSURE,2020-03-10,166686.49,11,19694.13,186380.63
BRIDGE_SPY_DISCLOSURE,2020-03-11,157599.06,11,19695.8,177294.86
BRIDGE_SPY_DISCLOSURE,2020-03-12,140634.33,11,19697.46,160331.79
BRIDGE_SPY_DISCLOSURE,2020-03-13,154338.83,11,19699.13,174037.96
BRIDGE_SPY_DISCLOSURE,2020-03-16,135293.29,11,19700.79,154994.08
BRIDGE_SPY_DISCLOSURE,2020-03-17,143195.96,10,5242.95,148438.92
BRIDGE_SPY_DISCLOSURE,2020-03-18,135679.62,10,5243.4,140923.02
BRIDGE_SPY_DISCLOSURE,2020-03-19,135978.64,10,5243.84,141222.48
BRIDGE_SPY_DISCLOSURE,2020-03-20,129102.33,10,5244.28,134346.61
BRIDGE_SPY_DISCLOSURE,2020-03-23,125666.88,10,5244.73,130911.61
BRIDGE_SPY_DISCLOSURE,2020-03-24,137527.46,10,5245.17,142772.63
BRIDGE_SPY_DISCLOSURE,2020-03-25,139664.35,10,5245.61,144909.96
BRIDGE_SPY_DISCLOSURE,2020-03-26,148125.17,10,5246.06,153371.23
BRIDGE_SPY_DISCLOSURE,2020-03-27,143556.46,10,5246.5,148802.96
BRIDGE_SPY_DISCLOSURE,2020-03-30,148388.5,10,5246.94,153635.45
BRIDGE_SPY_DISCLOSURE,2020-03-31,146098.06,10,5247.39,151345.45
BRIDGE_SPY_DISCLOSURE,2020-04-01,139286.46,10,5247.71,144534.17
BRIDGE_SPY_DISCLOSURE,2020-04-02,142621.32,10,5248.03,147869.35
BRIDGE_SPY_DISCLOSURE,2020-04-03,140483.66,10,5248.36,145732.02
BRIDGE_SPY_DISCLOSURE,2020-04-06,150271.61,10,5248.68,155520.29
BRIDGE_SPY_DISCLOSURE,2020-04-07,150429.83,10,5249.0,155678.84
BRIDGE_SPY_DISCLOSURE,2020-04-08,155301.32,9,0.0,145250.53
BRIDGE_SPY_DISCLOSURE,2020-04-09,157156.8,12,37104.04,194260.84
BRIDGE_SPY_DISCLOSURE,2020-04-13,154921.92,12,37106.32,192028.24
BRIDGE_SPY_DISCLOSURE,2020-04-14,159943.57,8,0.0,133104.03
BRIDGE_SPY_DISCLOSURE,2020-04-15,157414.54,7,0.0,113609.27
BRIDGE_SPY_DISCLOSURE,2020-04-16,155580.29,7,0.0,111775.02
BRIDGE_SPY_DISCLOSURE,2020-04-17,159137.82,8,0.0,131289.51
BRIDGE_SPY_DISCLOSURE,2020-04-20,156050.11,8,0.0,128201.8
BRIDGE_SPY_DISCLOSURE,2020-04-21,152650.83,7,0.0,108550.65
BRIDGE_SPY_DISCLOSURE,2020-04-22,153317.21,5,0.0,76409.74
BRIDGE_SPY_DISCLOSURE,2020-04-23,153775.65,9,0.0,138392.03
BRIDGE_SPY_DISCLOSURE,2020-04-24,155512.33,12,31122.64,186634.97
BRIDGE_SPY_DISCLOSURE,2020-04-27,160622.71,12,31124.56,191747.27
BRIDGE_SPY_DISCLOSURE,2020-04-28,165676.56,12,31126.47,196803.03
BRIDGE_SPY_DISCLOSURE,2020-04-29,180737.21,11,16655.55,197392.77
BRIDGE_SPY_DISCLOSURE,2020-04-30,174520.88,12,34442.29,208963.17
BRIDGE_SPY_DISCLOSURE,2020-05-01,163860.36,10,0.0,162892.39
BRIDGE_SPY_DISCLOSURE,2020-05-04,162656.7,7,0.0,111715.94
BRIDGE_SPY_DISCLOSURE,2020-05-05,162685.36,7,0.0,111744.61
BRIDGE_SPY_DISCLOSURE,2020-05-06,159603.71,6,0.0,91635.19
BRIDGE_SPY_DISCLOSURE,2020-05-07,161978.33,6,0.0,94009.81
BRIDGE_SPY_DISCLOSURE,2020-05-08,166523.5,7,0.0,114927.76
BRIDGE_SPY_DISCLOSURE,2020-05-11,165504.8,12,31145.53,196650.34
BRIDGE_SPY_DISCLOSURE,2020-05-12,160611.14,12,31147.45,191758.59
BRIDGE_SPY_DISCLOSURE,2020-05-13,153724.16,12,31149.37,184873.53
BRIDGE_SPY_DISCLOSURE,2020-05-14,158715.31,12,31151.28,189866.59
BRIDGE_SPY_DISCLOSURE,2020-05-15,156886.61,12,31153.2,188039.81
BRIDGE_SPY_DISCLOSURE,2020-05-18,167214.55,12,31155.11,198369.66
BRIDGE_SPY_DISCLOSURE,2020-05-19,164384.9,13,47868.7,212253.6
BRIDGE_SPY_DISCLOSURE,2020-05-20,170264.84,13,47840.77,218105.61
BRIDGE_SPY_DISCLOSURE,2020-05-21,167559.83,13,47843.71,215403.54
BRIDGE_SPY_DISCLOSURE,2020-05-22,167130.38,13,47433.75,214564.14
BRIDGE_SPY_DISCLOSURE,2020-05-26,173586.38,13,47436.67,221023.04
BRIDGE_SPY_DISCLOSURE,2020-05-27,179501.37,13,46955.79,226457.16
BRIDGE_SPY_DISCLOSURE,2020-05-28,174953.84,13,46958.68,221912.52
BRIDGE_SPY_DISCLOSURE,2020-05-29,173538.77,12,33813.58,207352.35
BRIDGE_SPY_DISCLOSURE,2020-06-01,174871.29,11,15575.87,190447.16
BRIDGE_SPY_DISCLOSURE,2020-06-02,177645.96,13,50737.15,228383.1
BRIDGE_SPY_DISCLOSURE,2020-06-03,182461.23,13,50740.33,233201.56
BRIDGE_SPY_DISCLOSURE,2020-06-04,183106.85,13,50743.51,233850.36
BRIDGE_SPY_DISCLOSURE,2020-06-05,195845.03,13,50746.69,246591.72
BRIDGE_SPY_DISCLOSURE,2020-06-08,203150.71,13,50749.87,253900.58
BRIDGE_SPY_DISCLOSURE,2020-06-09,199623.82,13,50753.05,250376.88
BRIDGE_SPY_DISCLOSURE,2020-06-10,194292.76,13,54787.99,249080.75
BRIDGE_SPY_DISCLOSURE,2020-06-11,178689.86,9,0.0,159935.3
BRIDGE_SPY_DISCLOSURE,2020-06-12,181582.9,6,0.0,109238.1
BRIDGE_SPY_DISCLOSURE,2020-06-15,182797.2,6,0.0,110452.4
BRIDGE_SPY_DISCLOSURE,2020-06-16,184331.22,7,0.0,130532.85
BRIDGE_SPY_DISCLOSURE,2020-06-17,184068.31,7,0.0,130269.95
BRIDGE_SPY_DISCLOSURE,2020-06-18,184587.29,7,0.0,130788.92
BRIDGE_SPY_DISCLOSURE,2020-06-19,181399.88,11,20444.15,201844.03
BRIDGE_SPY_DISCLOSURE,2020-06-22,182744.32,11,20445.44,203189.75
BRIDGE_SPY_DISCLOSURE,2020-06-23,182796.96,12,38902.08,221699.03
BRIDGE_SPY_DISCLOSURE,2020-06-24,175486.56,11,19360.65,194847.21
BRIDGE_SPY_DISCLOSURE,2020-06-25,177768.59,10,673.98,178442.57
BRIDGE_SPY_DISCLOSURE,2020-06-26,172745.74,11,18354.26,191100.0
BRIDGE_SPY_DISCLOSURE,2020-06-29,176259.15,12,35715.24,211974.39
BRIDGE_SPY_DISCLOSURE,2020-06-30,180238.91,12,35717.48,215956.39
BRIDGE_SPY_DISCLOSURE,2020-07-01,180161.21,12,35719.74,215880.94
BRIDGE_SPY_DISCLOSURE,2020-07-02,181643.22,12,35721.99,217365.21
BRIDGE_SPY_DISCLOSURE,2020-07-06,184387.15,12,35724.24,220111.39
BRIDGE_SPY_DISCLOSURE,2020-07-07,180952.72,12,35726.5,216679.22
BRIDGE_SPY_DISCLOSURE,2020-07-08,182723.74,12,35728.75,218452.49
BRIDGE_SPY_DISCLOSURE,2020-07-09,181408.14,12,35731.01,217139.14
BRIDGE_SPY_DISCLOSURE,2020-07-10,183009.67,12,35733.26,218742.93
BRIDGE_SPY_DISCLOSURE,2020-07-13,179848.67,12,35735.51,215584.18
BRIDGE_SPY_DISCLOSURE,2020-07-14,183272.23,10,0.0,181199.51
BRIDGE_SPY_DISCLOSURE,2020-07-15,186725.16,13,53884.81,240609.96
BRIDGE_SPY_DISCLOSURE,2020-07-16,186568.3,13,53888.21,240456.51
BRIDGE_SPY_DISCLOSURE,2020-07-17,186329.85,13,53891.61,240221.45
BRIDGE_SPY_DISCLOSURE,2020-07-20,188866.27,12,34744.06,223610.33
BRIDGE_SPY_DISCLOSURE,2020-07-21,191324.93,12,34746.26,226071.19
BRIDGE_SPY_DISCLOSURE,2020-07-22,193510.78,12,34748.45,228259.23
BRIDGE_SPY_DISCLOSURE,2020-07-23,191395.11,12,34750.64,226145.75
BRIDGE_SPY_DISCLOSURE,2020-07-24,193396.31,11,16251.48,209647.79
BRIDGE_SPY_DISCLOSURE,2020-07-27,194359.36,11,16252.5,210611.86
BRIDGE_SPY_DISCLOSURE,2020-07-28,192241.89,12,35586.2,227828.09
BRIDGE_SPY_DISCLOSURE,2020-07-29,198473.15,13,55137.88,253611.03
BRIDGE_SPY_DISCLOSURE,2020-07-30,197310.82,13,55141.36,252452.18
BRIDGE_SPY_DISCLOSURE,2020-07-31,198050.81,13,55144.84,253195.65
BRIDGE_SPY_DISCLOSURE,2020-08-03,199820.86,13,55148.32,254969.18
BRIDGE_SPY_DISCLOSURE,2020-08-04,204520.45,13,55151.8,259672.24
BRIDGE_SPY_DISCLOSURE,2020-08-05,206654.65,13,55155.28,261809.93
BRIDGE_SPY_DISCLOSURE,2020-08-06,206924.94,13,55158.76,262083.69
BRIDGE_SPY_DISCLOSURE,2020-08-07,206704.87,13,55162.24,261867.11
BRIDGE_SPY_DISCLOSURE,2020-08-10,208223.96,13,55165.72,263389.67
BRIDGE_SPY_DISCLOSURE,2020-08-11,205237.05,13,55169.2,260406.24
BRIDGE_SPY_DISCLOSURE,2020-08-12,210759.75,13,55172.68,265932.43
BRIDGE_SPY_DISCLOSURE,2020-08-13,209789.29,13,55780.7,265569.99
BRIDGE_SPY_DISCLOSURE,2020-08-14,210028.18,13,55784.22,265812.39
BRIDGE_SPY_DISCLOSURE,2020-08-17,210698.35,13,55787.74,266486.08
BRIDGE_SPY_DISCLOSURE,2020-08-18,211041.72,13,49580.48,260622.2
BRIDGE_SPY_DISCLOSURE,2020-08-19,209538.03,13,49556.98,259095.01
BRIDGE_SPY_DISCLOSURE,2020-08-20,208967.74,13,49560.1,258527.84
BRIDGE_SPY_DISCLOSURE,2020-08-21,208701.23,13,49379.27,258080.49
BRIDGE_SPY_DISCLOSURE,2020-08-24,212189.53,13,49382.38,261571.91
BRIDGE_SPY_DISCLOSURE,2020-08-25,212894.48,13,49385.5,262279.98
BRIDGE_SPY_DISCLOSURE,2020-08-26,214166.68,13,49388.61,263555.3
BRIDGE_SPY_DISCLOSURE,2020-08-27,215110.06,13,49391.73,264501.79
BRIDGE_SPY_DISCLOSURE,2020-08-28,216999.91,13,49394.85,266394.76
BRIDGE_SPY_DISCLOSURE,2020-08-31,215739.43,13,49397.96,265137.39
BRIDGE_SPY_DISCLOSURE,2020-09-01,218032.74,13,50429.03,268461.77
BRIDGE_SPY_DISCLOSURE,2020-09-02,220856.62,13,50432.21,271288.83
BRIDGE_SPY_DISCLOSURE,2020-09-03,212222.98,13,50435.39,262658.38
BRIDGE_SPY_DISCLOSURE,2020-09-04,210215.51,12,28873.53,239089.04
BRIDGE_SPY_DISCLOSURE,2020-09-08,201637.83,13,49437.77,251075.6
BRIDGE_SPY_DISCLOSURE,2020-09-09,206400.33,13,49440.89,255841.22
BRIDGE_SPY_DISCLOSURE,2020-09-10,200976.73,13,49444.01,250420.74
BRIDGE_SPY_DISCLOSURE,2020-09-11,201376.29,13,49447.13,250823.42
BRIDGE_SPY_DISCLOSURE,2020-09-14,204147.72,13,49450.25,253597.98
BRIDGE_SPY_DISCLOSURE,2020-09-15,205248.79,13,49453.37,254702.16
BRIDGE_SPY_DISCLOSURE,2020-09-16,205816.98,13,49456.49,255273.47
BRIDGE_SPY_DISCLOSURE,2020-09-17,203853.88,13,49459.61,253313.5
BRIDGE_SPY_DISCLOSURE,2020-09-18,200334.26,13,49462.73,249796.99
BRIDGE_SPY_DISCLOSURE,2020-09-21,195518.62,13,48999.91,244518.53
BRIDGE_SPY_DISCLOSURE,2020-09-22,197594.83,13,49003.0,246597.83
BRIDGE_SPY_DISCLOSURE,2020-09-23,190940.74,13,49006.09,239946.83
BRIDGE_SPY_DISCLOSURE,2020-09-24,191602.65,13,49009.19,240611.84
BRIDGE_SPY_DISCLOSURE,2020-09-25,194326.08,13,48708.17,243034.25
BRIDGE_SPY_DISCLOSURE,2020-09-28,198833.03,13,48711.24,247544.27
BRIDGE_SPY_DISCLOSURE,2020-09-29,196351.22,13,48714.32,245065.53
BRIDGE_SPY_DISCLOSURE,2020-09-30,197774.93,13,48717.39,246492.33
BRIDGE_SPY_DISCLOSURE,2020-10-01,197605.18,13,48720.46,246325.64
BRIDGE_SPY_DISCLOSURE,2020-10-02,196169.19,13,48723.54,244892.73
BRIDGE_SPY_DISCLOSURE,2020-10-05,201175.75,13,48726.61,249902.36
BRIDGE_SPY_DISCLOSURE,2020-10-06,197381.08,13,48729.69,246110.77
BRIDGE_SPY_DISCLOSURE,2020-10-07,201546.48,13,48732.76,250279.25
BRIDGE_SPY_DISCLOSURE,2020-10-08,205394.73,13,48735.84,254130.57
BRIDGE_SPY_DISCLOSURE,2020-10-09,206756.87,13,48738.91,255495.78
BRIDGE_SPY_DISCLOSURE,2020-10-12,210686.89,13,48741.99,259428.88
BRIDGE_SPY_DISCLOSURE,2020-10-13,208758.21,13,48745.06,257503.27
BRIDGE_SPY_DISCLOSURE,2020-10-14,207476.05,13,48748.14,256224.18
BRIDGE_SPY_DISCLOSURE,2020-10-15,207827.62,13,48002.44,255830.06
BRIDGE_SPY_DISCLOSURE,2020-10-16,206030.09,13,48005.47,254035.56
BRIDGE_SPY_DISCLOSURE,2020-10-19,202207.3,13,48137.2,250344.5
BRIDGE_SPY_DISCLOSURE,2020-10-20,204335.37,13,48140.24,252475.61
BRIDGE_SPY_DISCLOSURE,2020-10-21,203675.94,13,48143.27,251819.22
BRIDGE_SPY_DISCLOSURE,2020-10-22,206144.1,13,48146.31,254290.42
BRIDGE_SPY_DISCLOSURE,2020-10-23,207461.05,13,48149.35,255610.4
BRIDGE_SPY_DISCLOSURE,2020-10-26,201734.26,13,48152.39,249886.64
BRIDGE_SPY_DISCLOSURE,2020-10-27,200591.6,13,48155.43,248747.03
BRIDGE_SPY_DISCLOSURE,2020-10-28,190810.46,13,48158.46,238968.92
BRIDGE_SPY_DISCLOSURE,2020-10-29,193628.48,13,48161.5,241789.98
BRIDGE_SPY_DISCLOSURE,2020-10-30,191892.32,13,48164.54,240056.86
BRIDGE_SPY_DISCLOSURE,2020-11-02,195797.36,13,48167.58,243964.95
BRIDGE_SPY_DISCLOSURE,2020-11-03,199822.71,13,48170.62,247993.33
BRIDGE_SPY_DISCLOSURE,2020-11-04,204698.14,13,48173.66,252871.8
BRIDGE_SPY_DISCLOSURE,2020-11-05,208929.43,13,48176.7,257106.12
BRIDGE_SPY_DISCLOSURE,2020-11-06,208040.81,13,48179.74,256220.54
BRIDGE_SPY_DISCLOSURE,2020-11-09,216340.85,13,49315.19,265656.04
BRIDGE_SPY_DISCLOSURE,2020-11-10,215941.82,13,49318.3,265260.12
BRIDGE_SPY_DISCLOSURE,2020-11-11,217350.26,13,51002.72,268352.98
BRIDGE_SPY_DISCLOSURE,2020-11-12,214022.88,13,51005.94,265028.82
BRIDGE_SPY_DISCLOSURE,2020-11-13,218278.95,12,29334.99,247613.94
BRIDGE_SPY_DISCLOSURE,2020-11-16,223721.56,13,51506.07,275227.62
BRIDGE_SPY_DISCLOSURE,2020-11-17,222908.8,12,29517.25,252426.05
BRIDGE_SPY_DISCLOSURE,2020-11-18,219416.55,13,51845.22,271261.78
BRIDGE_SPY_DISCLOSURE,2020-11-19,221640.46,12,30748.37,252388.83
BRIDGE_SPY_DISCLOSURE,2020-11-20,219635.04,13,52882.61,272517.66
BRIDGE_SPY_DISCLOSURE,2020-11-23,224533.97,13,52885.95,277419.92
BRIDGE_SPY_DISCLOSURE,2020-11-24,229919.48,13,52889.29,282808.76
BRIDGE_SPY_DISCLOSURE,2020-11-25,229422.13,13,52892.62,282314.76
BRIDGE_SPY_DISCLOSURE,2020-11-27,229713.85,12,37314.85,267028.7
BRIDGE_SPY_DISCLOSURE,2020-11-30,227304.27,12,37945.21,265249.48
BRIDGE_SPY_DISCLOSURE,2020-12-01,230618.38,12,37947.6,268565.98
BRIDGE_SPY_DISCLOSURE,2020-12-02,231825.86,12,38436.15,270262.01
BRIDGE_SPY_DISCLOSURE,2020-12-03,232308.15,12,38438.58,270746.72
BRIDGE_SPY_DISCLOSURE,2020-12-04,236328.0,12,38441.0,274769.01
BRIDGE_SPY_DISCLOSURE,2020-12-07,235195.45,12,38443.43,273638.88
BRIDGE_SPY_DISCLOSURE,2020-12-08,236982.51,12,38445.85,275428.36
BRIDGE_SPY_DISCLOSURE,2020-12-09,234655.7,11,15075.27,249730.97
BRIDGE_SPY_DISCLOSURE,2020-12-10,235227.82,11,15076.22,250304.04
BRIDGE_SPY_DISCLOSURE,2020-12-11,234749.53,11,15077.17,249826.7
BRIDGE_SPY_DISCLOSURE,2020-12-14,232309.78,12,38737.5,271047.28
BRIDGE_SPY_DISCLOSURE,2020-12-15,237120.95,12,38739.94,275860.89
BRIDGE_SPY_DISCLOSURE,2020-12-16,237612.35,13,62463.39,300075.74
BRIDGE_SPY_DISCLOSURE,2020-12-17,239054.04,13,62467.33,301521.37
BRIDGE_SPY_DISCLOSURE,2020-12-18,236255.18,13,62471.27,298726.45
BRIDGE_SPY_DISCLOSURE,2020-12-21,234833.62,13,62475.21,297308.83
BRIDGE_SPY_DISCLOSURE,2020-12-22,234062.87,13,62479.15,296542.02
BRIDGE_SPY_DISCLOSURE,2020-12-23,234786.91,13,62483.1,297270.0
BRIDGE_SPY_DISCLOSURE,2020-12-24,235473.97,13,62487.04,297961.01
BRIDGE_SPY_DISCLOSURE,2020-12-28,237376.81,13,62490.98,299867.79
BRIDGE_SPY_DISCLOSURE,2020-12-29,236512.75,13,62494.92,299007.67
BRIDGE_SPY_DISCLOSURE,2020-12-30,237545.8,13,62498.87,300044.67
BRIDGE_SPY_DISCLOSURE,2020-12-31,238639.39,13,62502.81,301142.2
BRIDGE_SPY_DISCLOSURE,2021-01-04,234787.85,13,62506.75,297294.61
BRIDGE_SPY_DISCLOSURE,2021-01-05,238775.35,13,64154.45,302929.8
BRIDGE_SPY_DISCLOSURE,2021-01-06,240970.04,13,64158.5,305128.54
BRIDGE_SPY_DISCLOSURE,2021-01-07,244450.31,13,64162.54,308612.85
BRIDGE_SPY_DISCLOSURE,2021-01-08,245738.93,13,64166.59,309905.53
BRIDGE_SPY_DISCLOSURE,2021-01-11,244434.23,13,64170.64,308604.87
BRIDGE_SPY_DISCLOSURE,2021-01-12,246565.16,13,64748.72,311313.88
BRIDGE_SPY_DISCLOSURE,2021-01-13,246565.34,13,64752.8,311318.14
BRIDGE_SPY_DISCLOSURE,2021-01-14,245633.48,12,45876.89,291510.37
BRIDGE_SPY_DISCLOSURE,2021-01-15,242108.71,13,70269.59,312378.3
BRIDGE_SPY_DISCLOSURE,2021-01-19,244010.36,13,70274.02,314284.38
BRIDGE_SPY_DISCLOSURE,2021-01-20,247812.51,13,70278.46,318090.96
BRIDGE_SPY_DISCLOSURE,2021-01-21,248062.97,13,70282.89,318345.86
BRIDGE_SPY_DISCLOSURE,2021-01-22,247302.47,13,70287.32,317589.8
BRIDGE_SPY_DISCLOSURE,2021-01-25,248250.86,13,70291.76,318542.62
BRIDGE_SPY_DISCLOSURE,2021-01-26,247296.96,13,70296.19,317593.16
BRIDGE_SPY_DISCLOSURE,2021-01-27,239343.84,13,70300.63,309644.47
BRIDGE_SPY_DISCLOSURE,2021-01-28,241846.86,12,45515.43,287362.29
BRIDGE_SPY_DISCLOSURE,2021-01-29,235253.57,13,67902.07,303155.64
BRIDGE_SPY_DISCLOSURE,2021-02-01,239879.59,11,21730.08,261609.67
BRIDGE_SPY_DISCLOSURE,2021-02-02,243560.7,12,46021.69,289582.38
BRIDGE_SPY_DISCLOSURE,2021-02-03,244778.51,13,70461.56,315240.08
BRIDGE_SPY_DISCLOSURE,2021-02-04,248473.08,13,70465.98,318939.06
BRIDGE_SPY_DISCLOSURE,2021-02-05,249447.7,13,70470.4,319918.1
BRIDGE_SPY_DISCLOSURE,2021-02-08,252996.15,13,70474.82,323470.97
BRIDGE_SPY_DISCLOSURE,2021-02-09,252457.78,13,70479.24,322937.01
BRIDGE_SPY_DISCLOSURE,2021-02-10,253311.08,10,0.0,249468.96
BRIDGE_SPY_DISCLOSURE,2021-02-11,252504.21,11,21529.49,274033.71
BRIDGE_SPY_DISCLOSURE,2021-02-12,254889.41,12,46705.4,301594.81
BRIDGE_SPY_DISCLOSURE,2021-02-16,255077.97,13,72821.03,327899.01
BRIDGE_SPY_DISCLOSURE,2021-02-17,255074.98,13,72825.6,327900.58
BRIDGE_SPY_DISCLOSURE,2021-02-18,252448.32,13,72927.04,325375.37
BRIDGE_SPY_DISCLOSURE,2021-02-19,252763.77,13,72931.62,325695.39
BRIDGE_SPY_DISCLOSURE,2021-02-22,251715.17,13,72936.19,324651.36
BRIDGE_SPY_DISCLOSURE,2021-02-23,251790.85,13,73134.14,324924.99
BRIDGE_SPY_DISCLOSURE,2021-02-24,256846.53,13,73138.73,329985.25
BRIDGE_SPY_DISCLOSURE,2021-02-25,249289.99,13,73143.31,322433.3
BRIDGE_SPY_DISCLOSURE,2021-02-26,248251.1,10,0.0,246651.92
BRIDGE_SPY_DISCLOSURE,2021-03-01,255106.15,10,0.0,253506.97
BRIDGE_SPY_DISCLOSURE,2021-03-02,251700.59,13,74918.1,326618.69
BRIDGE_SPY_DISCLOSURE,2021-03-03,247736.57,13,75426.08,323162.66
BRIDGE_SPY_DISCLOSURE,2021-03-04,243834.72,13,75430.78,319265.5
BRIDGE_SPY_DISCLOSURE,2021-03-05,251312.8,12,51147.53,302460.33
BRIDGE_SPY_DISCLOSURE,2021-03-08,250663.55,12,51150.72,301814.26
BRIDGE_SPY_DISCLOSURE,2021-03-09,253303.19,12,51153.9,304457.1
BRIDGE_SPY_DISCLOSURE,2021-03-10,255900.41,12,51157.09,307057.5
BRIDGE_SPY_DISCLOSURE,2021-03-11,258277.18,12,51160.28,309437.45
BRIDGE_SPY_DISCLOSURE,2021-03-12,258889.83,12,51163.46,310053.29
BRIDGE_SPY_DISCLOSURE,2021-03-15,260475.52,12,51166.65,311642.17
BRIDGE_SPY_DISCLOSURE,2021-03-16,258639.14,12,51169.84,309808.97
BRIDGE_SPY_DISCLOSURE,2021-03-17,260229.96,12,54204.76,314434.72
BRIDGE_SPY_DISCLOSURE,2021-03-18,254520.5,12,54208.14,308728.64
BRIDGE_SPY_DISCLOSURE,2021-03-19,252580.8,12,54211.52,306792.32
BRIDGE_SPY_DISCLOSURE,2021-03-22,254456.38,12,54214.89,308671.27
BRIDGE_SPY_DISCLOSURE,2021-03-23,251269.02,12,54218.27,305487.29
BRIDGE_SPY_DISCLOSURE,2021-03-24,250514.75,12,54221.65,304736.4
BRIDGE_SPY_DISCLOSURE,2021-03-25,251929.76,12,54225.03,306154.79
BRIDGE_SPY_DISCLOSURE,2021-03-26,257194.4,12,54228.4,311422.81
BRIDGE_SPY_DISCLOSURE,2021-03-29,256308.13,12,54231.78,310539.91
BRIDGE_SPY_DISCLOSURE,2021-03-30,255875.21,11,28452.9,284328.1
BRIDGE_SPY_DISCLOSURE,2021-03-31,256830.38,11,28906.8,285737.18
BRIDGE_SPY_DISCLOSURE,2021-04-01,260221.55,11,28908.6,289130.15
BRIDGE_SPY_DISCLOSURE,2021-04-05,263138.41,11,28910.4,292048.81
BRIDGE_SPY_DISCLOSURE,2021-04-06,262874.0,11,28921.86,291795.86
BRIDGE_SPY_DISCLOSURE,2021-04-07,263366.36,11,29184.62,292550.98
BRIDGE_SPY_DISCLOSURE,2021-04-08,264495.36,11,29013.83,293509.19
BRIDGE_SPY_DISCLOSURE,2021-04-09,266041.52,11,29015.64,295057.16
BRIDGE_SPY_DISCLOSURE,2021-04-12,266069.64,11,29017.45,295087.08
BRIDGE_SPY_DISCLOSURE,2021-04-13,266373.01,11,28714.66,295087.67
BRIDGE_SPY_DISCLOSURE,2021-04-14,266752.11,11,28409.52,295161.63
BRIDGE_SPY_DISCLOSURE,2021-04-15,268800.54,11,28492.59,297293.13
BRIDGE_SPY_DISCLOSURE,2021-04-16,269172.58,11,28494.37,297666.94
BRIDGE_SPY_DISCLOSURE,2021-04-19,267818.27,11,28496.14,296314.41
BRIDGE_SPY_DISCLOSURE,2021-04-20,264664.43,11,29035.24,293699.67
BRIDGE_SPY_DISCLOSURE,2021-04-21,265966.83,11,28058.18,294025.01
BRIDGE_SPY_DISCLOSURE,2021-04-22,263661.24,12,54665.39,318326.63
BRIDGE_SPY_DISCLOSURE,2021-04-23,266310.38,12,54668.79,320979.17
BRIDGE_SPY_DISCLOSURE,2021-04-26,267039.72,12,54672.2,321711.91
BRIDGE_SPY_DISCLOSURE,2021-04-27,266808.04,12,54675.61,321483.64
BRIDGE_SPY_DISCLOSURE,2021-04-28,268785.45,12,54679.01,323464.47
BRIDGE_SPY_DISCLOSURE,2021-04-29,270808.63,12,54682.42,325491.05
BRIDGE_SPY_DISCLOSURE,2021-04-30,267902.36,12,54685.82,322588.18
BRIDGE_SPY_DISCLOSURE,2021-05-03,270199.15,12,54622.98,324822.13
BRIDGE_SPY_DISCLOSURE,2021-05-04,268638.63,12,54626.37,323264.99
BRIDGE_SPY_DISCLOSURE,2021-05-05,270288.01,10,1120.85,271408.85
BRIDGE_SPY_DISCLOSURE,2021-05-06,272525.84,11,28388.04,300913.88
BRIDGE_SPY_DISCLOSURE,2021-05-07,275698.58,12,55639.24,331337.82
BRIDGE_SPY_DISCLOSURE,2021-05-10,272592.39,12,56094.96,328687.34
BRIDGE_SPY_DISCLOSURE,2021-05-11,269723.02,12,56288.95,326011.97
BRIDGE_SPY_DISCLOSURE,2021-05-12,265309.23,8,0.0,211214.05
BRIDGE_SPY_DISCLOSURE,2021-05-13,267760.31,8,0.0,213665.13
BRIDGE_SPY_DISCLOSURE,2021-05-14,270102.23,8,0.0,216066.69
BRIDGE_SPY_DISCLOSURE,2021-05-17,271914.9,10,0.0,271829.12
BRIDGE_SPY_DISCLOSURE,2021-05-18,271137.41,10,0.0,271051.63
BRIDGE_SPY_DISCLOSURE,2021-05-19,270092.77,12,52865.76,322958.52
BRIDGE_SPY_DISCLOSURE,2021-05-20,273653.26,13,80060.1,353713.36
BRIDGE_SPY_DISCLOSURE,2021-05-21,273399.52,13,80065.05,353464.57
BRIDGE_SPY_DISCLOSURE,2021-05-24,276515.11,13,80070.01,356585.12
BRIDGE_SPY_DISCLOSURE,2021-05-25,276420.72,13,80074.97,356495.69
BRIDGE_SPY_DISCLOSURE,2021-05-26,279455.36,13,80318.19,359773.55
BRIDGE_SPY_DISCLOSURE,2021-05-27,281218.22,13,80323.17,361541.39
BRIDGE_SPY_DISCLOSURE,2021-05-28,280559.85,13,80328.14,360887.99
BRIDGE_SPY_DISCLOSURE,2021-06-01,281460.05,13,80811.72,362271.77
BRIDGE_SPY_DISCLOSURE,2021-06-02,284305.75,13,80816.79,365122.54
BRIDGE_SPY_DISCLOSURE,2021-06-03,281045.7,13,80821.85,361867.56
BRIDGE_SPY_DISCLOSURE,2021-06-04,283751.04,10,0.0,276114.0
BRIDGE_SPY_DISCLOSURE,2021-06-07,283298.32,12,49150.36,332448.68
BRIDGE_SPY_DISCLOSURE,2021-06-08,283081.2,12,49889.1,332970.3
BRIDGE_SPY_DISCLOSURE,2021-06-09,282788.31,13,78246.03,361034.34
BRIDGE_SPY_DISCLOSURE,2021-06-10,283856.59,13,78250.93,362107.53
BRIDGE_SPY_DISCLOSURE,2021-06-11,285065.56,13,78621.13,363686.69
BRIDGE_SPY_DISCLOSURE,2021-06-14,285836.22,12,50136.28,335972.5
BRIDGE_SPY_DISCLOSURE,2021-06-15,284580.92,11,23552.93,308133.84
BRIDGE_SPY_DISCLOSURE,2021-06-16,282349.15,13,80486.3,362835.45
BRIDGE_SPY_DISCLOSURE,2021-06-17,281252.81,13,80491.34,361744.15
BRIDGE_SPY_DISCLOSURE,2021-06-18,275503.12,13,80496.39,355999.51
BRIDGE_SPY_DISCLOSURE,2021-06-21,280702.46,13,80501.44,361203.89
BRIDGE_SPY_DISCLOSURE,2021-06-22,282319.11,13,80506.49,362825.6
BRIDGE_SPY_DISCLOSURE,2021-06-23,282476.48,13,80511.53,362988.01
BRIDGE_SPY_DISCLOSURE,2021-06-24,285147.94,13,80472.18,365620.12
BRIDGE_SPY_DISCLOSURE,2021-06-25,287168.57,13,80550.88,367719.45
BRIDGE_SPY_DISCLOSURE,2021-06-28,289186.78,13,80555.93,369742.71
BRIDGE_SPY_DISCLOSURE,2021-06-29,288270.15,13,80560.98,368831.13
BRIDGE_SPY_DISCLOSURE,2021-06-30,289620.24,13,80566.03,370186.28
BRIDGE_SPY_DISCLOSURE,2021-07-01,290855.04,13,80571.15,371426.19
BRIDGE_SPY_DISCLOSURE,2021-07-02,292841.01,13,80830.18,373671.19
BRIDGE_SPY_DISCLOSURE,2021-07-06,291352.25,13,80835.32,372187.57
BRIDGE_SPY_DISCLOSURE,2021-07-07,292374.9,13,80840.45,373215.35
BRIDGE_SPY_DISCLOSURE,2021-07-08,288672.79,12,53392.37,342065.16
BRIDGE_SPY_DISCLOSURE,2021-07-09,292944.41,13,82407.5,375351.9
BRIDGE_SPY_DISCLOSURE,2021-07-12,294490.8,13,82412.73,376903.53
BRIDGE_SPY_DISCLOSURE,2021-07-13,292909.79,13,82417.96,375327.75
BRIDGE_SPY_DISCLOSURE,2021-07-14,293098.54,13,82423.19,375521.74
BRIDGE_SPY_DISCLOSURE,2021-07-15,291613.9,13,82428.43,374042.33
BRIDGE_SPY_DISCLOSURE,2021-07-16,288379.51,13,82469.37,370848.88
BRIDGE_SPY_DISCLOSURE,2021-07-19,283350.28,13,82474.6,365824.88
BRIDGE_SPY_DISCLOSURE,2021-07-20,288290.01,13,82479.84,370769.85
BRIDGE_SPY_DISCLOSURE,2021-07-21,291330.64,13,82485.07,373815.71
BRIDGE_SPY_DISCLOSURE,2021-07-22,291721.27,13,82490.31,374211.58
BRIDGE_SPY_DISCLOSURE,2021-07-23,295277.28,13,82498.37,377775.65
BRIDGE_SPY_DISCLOSURE,2021-07-26,296895.23,13,82503.61,379398.85
BRIDGE_SPY_DISCLOSURE,2021-07-27,294860.95,13,82508.85,377369.8
BRIDGE_SPY_DISCLOSURE,2021-07-28,294793.77,13,82599.47,377393.24
BRIDGE_SPY_DISCLOSURE,2021-07-29,296186.17,13,82604.72,378790.89
BRIDGE_SPY_DISCLOSURE,2021-07-30,294153.74,13,82609.96,376763.7
BRIDGE_SPY_DISCLOSURE,2021-08-02,293349.39,13,82615.17,375964.56
BRIDGE_SPY_DISCLOSURE,2021-08-03,294656.73,13,82620.38,377277.12
BRIDGE_SPY_DISCLOSURE,2021-08-04,293088.86,13,82625.6,375714.45
BRIDGE_SPY_DISCLOSURE,2021-08-05,297497.19,13,82630.81,380128.0
BRIDGE_SPY_DISCLOSURE,2021-08-06,297915.18,13,82832.94,380748.12
BRIDGE_SPY_DISCLOSURE,2021-08-09,296892.45,13,82838.16,379730.61
BRIDGE_SPY_DISCLOSURE,2021-08-10,298191.16,13,82843.39,381034.55
BRIDGE_SPY_DISCLOSURE,2021-08-11,299293.87,13,82848.62,382142.49
BRIDGE_SPY_DISCLOSURE,2021-08-12,299503.01,13,82853.85,382356.86
BRIDGE_SPY_DISCLOSURE,2021-08-13,299610.38,13,83015.62,382625.99
BRIDGE_SPY_DISCLOSURE,2021-08-16,300174.93,13,83020.85,383195.79
BRIDGE_SPY_DISCLOSURE,2021-08-17,298352.22,13,83026.09,381378.32
BRIDGE_SPY_DISCLOSURE,2021-08-18,295689.06,12,53121.07,348810.13
BRIDGE_SPY_DISCLOSURE,2021-08-19,295418.93,11,24984.46,320403.39
BRIDGE_SPY_DISCLOSURE,2021-08-20,297770.92,11,24995.33,322766.24
BRIDGE_SPY_DISCLOSURE,2021-08-23,300916.1,12,54912.94,355829.04
BRIDGE_SPY_DISCLOSURE,2021-08-24,301667.74,13,85073.58,386741.32
BRIDGE_SPY_DISCLOSURE,2021-08-25,302598.92,13,85078.94,387677.86
BRIDGE_SPY_DISCLOSURE,2021-08-26,299784.78,13,85084.31,384869.09
BRIDGE_SPY_DISCLOSURE,2021-08-27,303608.39,13,85089.68,388698.07
BRIDGE_SPY_DISCLOSURE,2021-08-30,304743.58,13,85095.05,389838.62
BRIDGE_SPY_DISCLOSURE,2021-08-31,305027.27,13,85100.42,390127.68
BRIDGE_SPY_DISCLOSURE,2021-09-01,305155.16,13,86360.34,391515.5
BRIDGE_SPY_DISCLOSURE,2021-09-02,306325.45,13,86753.83,393079.28
BRIDGE_SPY_DISCLOSURE,2021-09-03,306055.32,13,86759.27,392814.59
BRIDGE_SPY_DISCLOSURE,2021-09-07,304975.6,13,86764.71,391740.31
BRIDGE_SPY_DISCLOSURE,2021-09-08,304016.08,13,87001.08,391017.16
BRIDGE_SPY_DISCLOSURE,2021-09-09,302008.32,13,87210.31,389218.62
BRIDGE_SPY_DISCLOSURE,2021-09-10,298682.13,13,87215.77,385897.9
BRIDGE_SPY_DISCLOSURE,2021-09-13,300083.17,13,87221.24,387304.41
BRIDGE_SPY_DISCLOSURE,2021-09-14,297123.74,13,87170.11,384293.85
BRIDGE_SPY_DISCLOSURE,2021-09-15,301090.01,13,87175.57,388265.58
BRIDGE_SPY_DISCLOSURE,2021-09-16,300553.03,13,87181.04,387734.07
BRIDGE_SPY_DISCLOSURE,2021-09-17,295599.8,13,87186.5,382786.3
BRIDGE_SPY_DISCLOSURE,2021-09-20,288897.97,13,87191.97,376089.94
BRIDGE_SPY_DISCLOSURE,2021-09-21,288426.65,13,87197.44,375624.09
BRIDGE_SPY_DISCLOSURE,2021-09-22,292195.64,13,87202.9,379398.54
BRIDGE_SPY_DISCLOSURE,2021-09-23,297059.75,13,87208.37,384268.12
BRIDGE_SPY_DISCLOSURE,2021-09-24,297595.15,13,87213.84,384808.99
BRIDGE_SPY_DISCLOSURE,2021-09-27,296871.04,13,87219.31,384090.34
BRIDGE_SPY_DISCLOSURE,2021-09-28,289535.14,13,87224.78,376759.92
BRIDGE_SPY_DISCLOSURE,2021-09-29,290051.69,12,57739.99,347791.68
BRIDGE_SPY_DISCLOSURE,2021-09-30,285214.01,13,86727.55,371941.57
BRIDGE_SPY_DISCLOSURE,2021-10-01,289574.92,13,86732.99,376307.91
BRIDGE_SPY_DISCLOSURE,2021-10-04,284530.05,13,86738.43,371268.48
BRIDGE_SPY_DISCLOSURE,2021-10-05,288423.59,13,86743.87,375167.46
BRIDGE_SPY_DISCLOSURE,2021-10-06,289595.08,13,86749.31,376344.39
BRIDGE_SPY_DISCLOSURE,2021-10-07,293067.81,13,86754.75,379822.56
BRIDGE_SPY_DISCLOSURE,2021-10-08,292398.55,13,86760.19,379158.74
BRIDGE_SPY_DISCLOSURE,2021-10-11,289545.31,13,86765.62,376310.93
BRIDGE_SPY_DISCLOSURE,2021-10-12,288530.2,13,86771.06,375301.26
BRIDGE_SPY_DISCLOSURE,2021-10-13,289928.56,13,86776.51,376705.06
BRIDGE_SPY_DISCLOSURE,2021-10-14,295878.76,13,86781.95,382660.7
BRIDGE_SPY_DISCLOSURE,2021-10-15,298181.93,13,86880.49,385062.41
BRIDGE_SPY_DISCLOSURE,2021-10-18,298974.29,13,86885.93,385860.23
BRIDGE_SPY_DISCLOSURE,2021-10-19,302110.11,13,86891.38,389001.49
BRIDGE_SPY_DISCLOSURE,2021-10-20,303362.52,13,86797.26,390159.78
BRIDGE_SPY_DISCLOSURE,2021-10-21,303567.82,13,86802.7,390370.53
BRIDGE_SPY_DISCLOSURE,2021-10-22,302971.14,13,86611.47,389582.61
BRIDGE_SPY_DISCLOSURE,2021-10-25,304986.45,13,86616.9,391603.35
BRIDGE_SPY_DISCLOSURE,2021-10-26,304951.59,13,86622.33,391573.92
BRIDGE_SPY_DISCLOSURE,2021-10-27,302476.08,13,86627.76,389103.85
BRIDGE_SPY_DISCLOSURE,2021-10-28,306796.87,13,86633.19,393430.06
BRIDGE_SPY_DISCLOSURE,2021-10-29,306997.07,13,86638.62,393635.69
BRIDGE_SPY_DISCLOSURE,2021-11-01,308328.09,12,55876.29,364204.37
BRIDGE_SPY_DISCLOSURE,2021-11-02,309871.53,13,86717.64,396589.17
BRIDGE_SPY_DISCLOSURE,2021-11-03,312254.75,13,86723.08,398977.83
BRIDGE_SPY_DISCLOSURE,2021-11-04,312892.17,13,86728.51,399620.68
BRIDGE_SPY_DISCLOSURE,2021-11-05,314486.89,13,86733.95,401220.84
BRIDGE_SPY_DISCLOSURE,2021-11-08,314464.34,13,86739.39,401203.73
BRIDGE_SPY_DISCLOSURE,2021-11-09,313075.23,11,23826.36,336901.59
BRIDGE_SPY_DISCLOSURE,2021-11-10,310167.69,13,86195.46,396363.15
BRIDGE_SPY_DISCLOSURE,2021-11-11,310243.73,13,86125.81,396369.55
BRIDGE_SPY_DISCLOSURE,2021-11-12,312409.76,13,86131.21,398540.97
BRIDGE_SPY_DISCLOSURE,2021-11-15,312921.07,13,86136.61,399057.68
BRIDGE_SPY_DISCLOSURE,2021-11-16,314027.93,13,86142.01,400169.94
BRIDGE_SPY_DISCLOSURE,2021-11-17,312872.71,13,86085.29,398958.0
BRIDGE_SPY_DISCLOSURE,2021-11-18,313126.12,13,86090.69,399216.81
BRIDGE_SPY_DISCLOSURE,2021-11-19,312018.8,13,86096.09,398114.89
BRIDGE_SPY_DISCLOSURE,2021-11-22,311149.86,13,86101.48,397251.34
BRIDGE_SPY_DISCLOSURE,2021-11-23,310755.59,13,86106.88,396862.48
BRIDGE_SPY_DISCLOSURE,2021-11-24,312269.43,13,86112.28,398381.71
BRIDGE_SPY_DISCLOSURE,2021-11-26,303533.5,13,86117.68,389651.18
BRIDGE_SPY_DISCLOSURE,2021-11-29,308143.77,12,55081.12,363224.89
BRIDGE_SPY_DISCLOSURE,2021-11-30,300259.42,13,85686.91,385946.33
BRIDGE_SPY_DISCLOSURE,2021-12-01,295320.83,13,85692.28,381013.11
BRIDGE_SPY_DISCLOSURE,2021-12-02,300843.26,13,85697.66,386540.92
BRIDGE_SPY_DISCLOSURE,2021-12-03,298781.65,13,85703.03,384484.68
BRIDGE_SPY_DISCLOSURE,2021-12-06,303820.54,13,85708.4,389528.94
BRIDGE_SPY_DISCLOSURE,2021-12-07,311933.25,13,85713.78,397647.03
BRIDGE_SPY_DISCLOSURE,2021-12-08,312650.62,13,85719.15,398369.77
BRIDGE_SPY_DISCLOSURE,2021-12-09,309474.5,12,54172.12,363646.62
BRIDGE_SPY_DISCLOSURE,2021-12-10,312797.8,12,54175.51,366973.31
BRIDGE_SPY_DISCLOSURE,2021-12-13,309128.15,12,54178.91,363307.06
BRIDGE_SPY_DISCLOSURE,2021-12-14,306241.45,12,54165.49,360406.94
BRIDGE_SPY_DISCLOSURE,2021-12-15,311529.1,12,54168.89,365697.99
BRIDGE_SPY_DISCLOSURE,2021-12-16,308599.24,12,54172.29,362771.53
BRIDGE_SPY_DISCLOSURE,2021-12-17,303583.11,12,54182.04,357765.14
BRIDGE_SPY_DISCLOSURE,2021-12-20,299388.14,12,53509.46,352897.6
BRIDGE_SPY_DISCLOSURE,2021-12-21,305760.7,12,53512.82,359273.52
BRIDGE_SPY_DISCLOSURE,2021-12-22,309035.73,12,53516.17,362551.91
BRIDGE_SPY_DISCLOSURE,2021-12-23,312113.42,12,53519.53,365632.94
BRIDGE_SPY_DISCLOSURE,2021-12-27,316679.91,12,53522.88,370202.79
BRIDGE_SPY_DISCLOSURE,2021-12-28,316390.69,12,53526.24,369916.93
BRIDGE_SPY_DISCLOSURE,2021-12-29,316714.32,12,53260.89,369975.21
BRIDGE_SPY_DISCLOSURE,2021-12-30,316479.03,12,52965.38,369444.41
BRIDGE_SPY_DISCLOSURE,2021-12-31,314898.18,13,84582.27,399480.45
BRIDGE_SPY_DISCLOSURE,2022-01-03,318482.68,13,84587.58,403070.25
BRIDGE_SPY_DISCLOSURE,2022-01-04,318898.27,13,84592.88,403491.15
BRIDGE_SPY_DISCLOSURE,2022-01-05,311351.39,13,84598.18,395949.57
BRIDGE_SPY_DISCLOSURE,2022-01-06,310978.06,12,53590.12,364568.17
BRIDGE_SPY_DISCLOSURE,2022-01-07,311429.29,12,53593.48,365022.77
BRIDGE_SPY_DISCLOSURE,2022-01-10,310847.03,13,84572.21,395419.25
BRIDGE_SPY_DISCLOSURE,2022-01-11,314261.83,13,84577.52,398839.34
BRIDGE_SPY_DISCLOSURE,2022-01-12,315245.58,13,85147.35,400392.93
BRIDGE_SPY_DISCLOSURE,2022-01-13,310875.99,13,85152.69,396028.68
BRIDGE_SPY_DISCLOSURE,2022-01-14,311449.29,13,85158.03,396607.32
BRIDGE_SPY_DISCLOSURE,2022-01-18,303771.41,13,85163.37,388934.78
BRIDGE_SPY_DISCLOSURE,2022-01-19,300293.83,12,54527.92,354821.75
BRIDGE_SPY_DISCLOSURE,2022-01-20,295718.57,12,54531.34,350249.91
BRIDGE_SPY_DISCLOSURE,2022-01-21,288102.69,11,24722.44,312825.13
BRIDGE_SPY_DISCLOSURE,2022-01-24,289155.73,9,0.0,256524.21
BRIDGE_SPY_DISCLOSURE,2022-01-25,286502.93,9,0.0,253871.42
BRIDGE_SPY_DISCLOSURE,2022-01-26,284582.59,10,0.0,280954.2
BRIDGE_SPY_DISCLOSURE,2022-01-27,283119.75,10,0.0,279491.35
BRIDGE_SPY_DISCLOSURE,2022-01-28,292272.12,13,80979.68,373251.79
BRIDGE_SPY_DISCLOSURE,2022-01-31,298566.97,13,80984.75,379551.72
BRIDGE_SPY_DISCLOSURE,2022-02-01,301490.6,13,80989.83,382480.43
BRIDGE_SPY_DISCLOSURE,2022-02-02,304148.57,13,81410.9,385559.47
BRIDGE_SPY_DISCLOSURE,2022-02-03,296029.32,13,81396.22,377425.54
BRIDGE_SPY_DISCLOSURE,2022-02-04,298286.9,13,81401.32,379688.23
BRIDGE_SPY_DISCLOSURE,2022-02-07,297937.54,13,81406.43,379343.97
BRIDGE_SPY_DISCLOSURE,2022-02-08,301280.88,13,81472.84,382753.72
BRIDGE_SPY_DISCLOSURE,2022-02-09,307617.89,13,81477.95,389095.84
BRIDGE_SPY_DISCLOSURE,2022-02-10,301352.69,13,81483.06,382835.75
BRIDGE_SPY_DISCLOSURE,2022-02-11,294693.01,12,51432.56,346125.57
BRIDGE_SPY_DISCLOSURE,2022-02-14,292728.32,13,80590.4,373318.72
BRIDGE_SPY_DISCLOSURE,2022-02-15,299011.3,13,80595.45,379606.76
BRIDGE_SPY_DISCLOSURE,2022-02-16,295063.11,13,80600.51,375663.62
BRIDGE_SPY_DISCLOSURE,2022-02-17,287421.48,12,60745.97,348167.45
BRIDGE_SPY_DISCLOSURE,2022-02-18,285163.27,12,60749.77,345913.05
BRIDGE_SPY_DISCLOSURE,2022-02-22,281587.01,11,32442.51,314029.52
BRIDGE_SPY_DISCLOSURE,2022-02-23,275296.27,12,60830.91,336127.18
BRIDGE_SPY_DISCLOSURE,2022-02-24,280350.87,12,60834.73,341185.6
BRIDGE_SPY_DISCLOSURE,2022-02-25,287874.98,12,60838.54,348713.52
BRIDGE_SPY_DISCLOSURE,2022-02-28,286978.97,12,60842.36,347821.33
BRIDGE_SPY_DISCLOSURE,2022-03-01,282002.97,11,31791.45,313794.42
BRIDGE_SPY_DISCLOSURE,2022-03-02,288119.43,12,60170.23,348289.66
BRIDGE_SPY_DISCLOSURE,2022-03-03,286381.42,12,60174.29,346555.71
BRIDGE_SPY_DISCLOSURE,2022-03-04,283561.73,12,60178.35,343740.08
BRIDGE_SPY_DISCLOSURE,2022-03-07,273424.49,12,60182.41,333606.9
BRIDGE_SPY_DISCLOSURE,2022-03-08,271078.14,11,32015.91,303094.04
BRIDGE_SPY_DISCLOSURE,2022-03-09,278715.08,8,0.0,226987.33
BRIDGE_SPY_DISCLOSURE,2022-03-10,278100.83,10,3583.36,281684.18
BRIDGE_SPY_DISCLOSURE,2022-03-11,274054.84,11,31582.9,305637.74
BRIDGE_SPY_DISCLOSURE,2022-03-14,271456.01,10,3477.87,274933.88
BRIDGE_SPY_DISCLOSURE,2022-03-15,277206.17,10,3326.23,280532.4
BRIDGE_SPY_DISCLOSURE,2022-03-16,285118.16,12,59340.55,344458.7
BRIDGE_SPY_DISCLOSURE,2022-03-17,288428.9,12,59344.55,347773.45
BRIDGE_SPY_DISCLOSURE,2022-03-18,291076.06,12,59348.55,350424.61
BRIDGE_SPY_DISCLOSURE,2022-03-21,290160.95,12,59352.56,349513.51
BRIDGE_SPY_DISCLOSURE,2022-03-22,294834.03,12,60393.57,355227.6
BRIDGE_SPY_DISCLOSURE,2022-03-23,290593.27,12,60397.64,350990.91
BRIDGE_SPY_DISCLOSURE,2022-03-24,294083.18,8,0.0,237818.31
BRIDGE_SPY_DISCLOSURE,2022-03-25,295604.33,12,61281.87,356886.2
BRIDGE_SPY_DISCLOSURE,2022-03-28,297122.63,12,61286.0,358408.63
BRIDGE_SPY_DISCLOSURE,2022-03-29,301525.42,10,1143.52,302668.94
BRIDGE_SPY_DISCLOSURE,2022-03-30,299035.14,12,61322.7,360357.84
BRIDGE_SPY_DISCLOSURE,2022-03-31,293621.61,12,62380.12,356001.73
BRIDGE_SPY_DISCLOSURE,2022-04-01,294551.36,10,1708.35,296259.72
BRIDGE_SPY_DISCLOSURE,2022-04-04,296198.95,10,1708.48,297907.42
BRIDGE_SPY_DISCLOSURE,2022-04-05,292156.73,9,0.0,264263.56
BRIDGE_SPY_DISCLOSURE,2022-04-06,290264.47,9,0.0,262371.3
BRIDGE_SPY_DISCLOSURE,2022-04-07,291056.13,9,0.0,263162.96
BRIDGE_SPY_DISCLOSURE,2022-04-08,294606.77,9,0.0,266013.54
BRIDGE_SPY_DISCLOSURE,2022-04-11,288058.52,12,59023.6,347082.12
BRIDGE_SPY_DISCLOSURE,2022-04-12,290136.06,11,28420.98,318557.04
BRIDGE_SPY_DISCLOSURE,2022-04-13,293765.8,10,0.0,293585.32
BRIDGE_SPY_DISCLOSURE,2022-04-14,290594.6,12,58459.68,349054.28
BRIDGE_SPY_DISCLOSURE,2022-04-18,292333.25,12,58463.93,350797.18
BRIDGE_SPY_DISCLOSURE,2022-04-19,295412.67,12,58468.17,353880.85
BRIDGE_SPY_DISCLOSURE,2022-04-20,295712.54,12,58472.42,354184.95
BRIDGE_SPY_DISCLOSURE,2022-04-21,287427.99,12,58476.66,345904.66
BRIDGE_SPY_DISCLOSURE,2022-04-22,277096.84,12,58480.91,335577.75
BRIDGE_SPY_DISCLOSURE,2022-04-25,275406.44,11,30650.91,306057.35
BRIDGE_SPY_DISCLOSURE,2022-04-26,269148.85,12,58171.02,327319.87
BRIDGE_SPY_DISCLOSURE,2022-04-27,270995.74,9,0.0,243245.6
BRIDGE_SPY_DISCLOSURE,2022-04-28,276186.77,9,0.0,248436.63
BRIDGE_SPY_DISCLOSURE,2022-04-29,264949.67,12,54747.46,319697.13
BRIDGE_SPY_DISCLOSURE,2022-05-02,268937.77,12,54752.37,323690.14
BRIDGE_SPY_DISCLOSURE,2022-05-03,273916.94,12,54757.28,328674.22
BRIDGE_SPY_DISCLOSURE,2022-05-04,285246.0,12,54762.19,340008.19
BRIDGE_SPY_DISCLOSURE,2022-05-05,275518.81,12,54767.1,330285.91
BRIDGE_SPY_DISCLOSURE,2022-05-06,276358.54,10,1407.35,277765.89
BRIDGE_SPY_DISCLOSURE,2022-05-09,260326.94,11,28494.83,288821.77
BRIDGE_SPY_DISCLOSURE,2022-05-10,262448.58,11,24493.91,286942.49
BRIDGE_SPY_DISCLOSURE,2022-05-11,259887.32,11,24496.11,284383.42
BRIDGE_SPY_DISCLOSURE,2022-05-12,258081.71,11,24498.3,282580.02
BRIDGE_SPY_DISCLOSURE,2022-05-13,269050.51,11,24500.5,293551.02
BRIDGE_SPY_DISCLOSURE,2022-05-16,269863.56,11,25383.49,295247.05
BRIDGE_SPY_DISCLOSURE,2022-05-17,275326.72,11,25385.77,300712.48
BRIDGE_SPY_DISCLOSURE,2022-05-18,263102.75,11,25388.04,288490.79
BRIDGE_SPY_DISCLOSURE,2022-05-19,261363.45,7,0.0,177505.87
BRIDGE_SPY_DISCLOSURE,2022-05-20,260293.79,10,0.0,255401.27
BRIDGE_SPY_DISCLOSURE,2022-05-23,268097.44,11,21451.68,289549.11
BRIDGE_SPY_DISCLOSURE,2022-05-24,266121.64,12,47921.77,314043.41
BRIDGE_SPY_DISCLOSURE,2022-05-25,267596.54,10,0.0,261436.26
BRIDGE_SPY_DISCLOSURE,2022-05-26,274233.13,11,20765.23,294998.36
BRIDGE_SPY_DISCLOSURE,2022-05-27,280201.38,11,20767.09,300968.47
BRIDGE_SPY_DISCLOSURE,2022-05-31,277992.16,11,20768.96,298761.12
BRIDGE_SPY_DISCLOSURE,2022-06-01,275495.7,11,19745.24,295240.94
BRIDGE_SPY_DISCLOSURE,2022-06-02,279124.94,7,0.0,191047.29
BRIDGE_SPY_DISCLOSURE,2022-06-03,273232.48,13,77915.57,351148.06
BRIDGE_SPY_DISCLOSURE,2022-06-06,275215.14,12,49975.51,325190.65
BRIDGE_SPY_DISCLOSURE,2022-06-07,278417.53,12,49980.85,328398.38
BRIDGE_SPY_DISCLOSURE,2022-06-08,274193.28,13,77627.81,351821.09
BRIDGE_SPY_DISCLOSURE,2022-06-09,265899.97,10,0.0,261130.07
BRIDGE_SPY_DISCLOSURE,2022-06-10,257325.64,10,0.0,252555.75
BRIDGE_SPY_DISCLOSURE,2022-06-13,244604.37,10,0.0,239834.48
BRIDGE_SPY_DISCLOSURE,2022-06-14,244558.68,10,0.0,239788.79
BRIDGE_SPY_DISCLOSURE,2022-06-15,249186.98,10,0.0,244417.08
BRIDGE_SPY_DISCLOSURE,2022-06-16,237086.32,10,0.0,232316.43
BRIDGE_SPY_DISCLOSURE,2022-06-17,238821.67,10,0.0,234051.77
BRIDGE_SPY_DISCLOSURE,2022-06-21,245755.77,10,0.0,240985.87
BRIDGE_SPY_DISCLOSURE,2022-06-22,245932.12,12,43757.67,289689.79
BRIDGE_SPY_DISCLOSURE,2022-06-23,248201.09,12,43762.34,291963.43
BRIDGE_SPY_DISCLOSURE,2022-06-24,259792.81,12,43767.01,303559.82
BRIDGE_SPY_DISCLOSURE,2022-06-27,258255.24,12,43771.69,302026.92
BRIDGE_SPY_DISCLOSURE,2022-06-28,251855.63,11,18655.61,270511.24
BRIDGE_SPY_DISCLOSURE,2022-06-29,247747.76,11,18657.6,266405.36
BRIDGE_SPY_DISCLOSURE,2022-06-30,244566.71,12,43082.03,287648.74
BRIDGE_SPY_DISCLOSURE,2022-07-01,247903.26,12,42398.64,290301.9
BRIDGE_SPY_DISCLOSURE,2022-07-05,249909.88,12,42403.94,292313.82
BRIDGE_SPY_DISCLOSURE,2022-07-06,248978.0,12,42409.24,291387.24
BRIDGE_SPY_DISCLOSURE,2022-07-07,256073.34,12,42414.54,298487.88
BRIDGE_SPY_DISCLOSURE,2022-07-08,255884.03,12,42419.84,298303.87
BRIDGE_SPY_DISCLOSURE,2022-07-11,249738.79,12,42425.15,292163.94
BRIDGE_SPY_DISCLOSURE,2022-07-12,249510.54,11,17551.45,267061.98
BRIDGE_SPY_DISCLOSURE,2022-07-13,248548.93,11,17553.64,266102.57
BRIDGE_SPY_DISCLOSURE,2022-07-14,247672.17,12,42025.49,289697.66
BRIDGE_SPY_DISCLOSURE,2022-07-15,253976.3,12,42030.74,296007.04
BRIDGE_SPY_DISCLOSURE,2022-07-18,253225.06,12,42035.99,295261.05
BRIDGE_SPY_DISCLOSURE,2022-07-19,262473.69,12,42041.25,304514.94
BRIDGE_SPY_DISCLOSURE,2022-07-20,266042.65,13,68321.01,334363.67
BRIDGE_SPY_DISCLOSURE,2022-07-21,269410.17,13,68329.55,337739.72
BRIDGE_SPY_DISCLOSURE,2022-07-22,266727.84,12,49266.6,315994.43
BRIDGE_SPY_DISCLOSURE,2022-07-25,266589.09,12,50043.55,316632.65
BRIDGE_SPY_DISCLOSURE,2022-07-26,261849.54,12,50049.81,311899.35
BRIDGE_SPY_DISCLOSURE,2022-07-27,270382.63,12,50728.11,321110.74
BRIDGE_SPY_DISCLOSURE,2022-07-28,274403.78,12,50734.45,325138.23
BRIDGE_SPY_DISCLOSURE,2022-07-29,279137.54,12,50740.79,329878.34
BRIDGE_SPY_DISCLOSURE,2022-08-01,278152.98,12,50748.5,328901.49
BRIDGE_SPY_DISCLOSURE,2022-08-02,275857.86,13,78528.63,354386.49
BRIDGE_SPY_DISCLOSURE,2022-08-03,280801.55,11,24478.32,305279.87
BRIDGE_SPY_DISCLOSURE,2022-08-04,280591.59,11,24482.04,305073.63
BRIDGE_SPY_DISCLOSURE,2022-08-05,279805.05,10,0.0,276658.02
BRIDGE_SPY_DISCLOSURE,2022-08-08,279313.18,11,24956.37,304269.55
BRIDGE_SPY_DISCLOSURE,2022-08-09,277996.4,12,52811.33,330807.73
BRIDGE_SPY_DISCLOSURE,2022-08-10,285000.15,13,81220.83,366220.98
BRIDGE_SPY_DISCLOSURE,2022-08-11,284987.81,13,81233.18,366220.98
BRIDGE_SPY_DISCLOSURE,2022-08-12,291148.27,13,81412.79,372561.06
BRIDGE_SPY_DISCLOSURE,2022-08-15,292671.13,13,81425.16,374096.3
BRIDGE_SPY_DISCLOSURE,2022-08-16,293391.52,13,81437.54,374829.06
BRIDGE_SPY_DISCLOSURE,2022-08-17,290658.57,12,52676.89,343335.46
BRIDGE_SPY_DISCLOSURE,2022-08-18,291568.69,11,23812.1,315380.78
BRIDGE_SPY_DISCLOSURE,2022-08-19,286414.45,13,82368.76,368783.21
BRIDGE_SPY_DISCLOSURE,2022-08-22,278995.65,10,0.0,277802.95
BRIDGE_SPY_DISCLOSURE,2022-08-23,278179.06,10,0.0,276986.36
BRIDGE_SPY_DISCLOSURE,2022-08-24,279189.6,10,0.0,277996.9
BRIDGE_SPY_DISCLOSURE,2022-08-25,284081.03,10,0.0,282888.34
BRIDGE_SPY_DISCLOSURE,2022-08-26,272833.46,11,27206.19,300039.65
BRIDGE_SPY_DISCLOSURE,2022-08-29,270694.82,10,0.0,270541.46
BRIDGE_SPY_DISCLOSURE,2022-08-30,267685.49,10,0.0,267532.13
BRIDGE_SPY_DISCLOSURE,2022-08-31,265957.8,10,0.0,265804.44
BRIDGE_SPY_DISCLOSURE,2022-09-01,266820.15,9,0.0,239941.89
BRIDGE_SPY_DISCLOSURE,2022-09-02,263595.88,10,57.6,263653.48
BRIDGE_SPY_DISCLOSURE,2022-09-06,262107.62,10,57.61,262165.23
BRIDGE_SPY_DISCLOSURE,2022-09-07,266353.8,10,57.62,266411.42
BRIDGE_SPY_DISCLOSURE,2022-09-08,268696.1,12,53082.27,321778.37
BRIDGE_SPY_DISCLOSURE,2022-09-09,273898.71,12,53090.86,326989.57
BRIDGE_SPY_DISCLOSURE,2022-09-12,278189.22,12,53099.46,331288.68
BRIDGE_SPY_DISCLOSURE,2022-09-13,262952.63,12,53108.06,316060.69
BRIDGE_SPY_DISCLOSURE,2022-09-14,263400.68,10,39.2,263439.88
BRIDGE_SPY_DISCLOSURE,2022-09-15,260081.83,12,52489.84,312571.67
BRIDGE_SPY_DISCLOSURE,2022-09-16,256782.71,12,52498.34,309281.05
BRIDGE_SPY_DISCLOSURE,2022-09-19,258199.98,11,26901.19,285101.17
BRIDGE_SPY_DISCLOSURE,2022-09-20,254594.71,11,26905.55,281500.25
BRIDGE_SPY_DISCLOSURE,2022-09-21,249767.0,11,26909.9,276676.9
BRIDGE_SPY_DISCLOSURE,2022-09-22,247429.63,11,26914.26,274343.89
BRIDGE_SPY_DISCLOSURE,2022-09-23,243233.88,12,51403.51,294637.39
BRIDGE_SPY_DISCLOSURE,2022-09-26,239971.95,12,51411.83,291383.79
BRIDGE_SPY_DISCLOSURE,2022-09-27,240073.39,12,51420.16,291493.55
BRIDGE_SPY_DISCLOSURE,2022-09-28,245531.51,12,51428.48,296960.0
BRIDGE_SPY_DISCLOSURE,2022-09-29,239355.24,12,51436.81,290792.05
BRIDGE_SPY_DISCLOSURE,2022-09-30,235254.09,12,51445.14,286699.22
BRIDGE_SPY_DISCLOSURE,2022-10-03,242953.02,12,51454.49,294407.51
BRIDGE_SPY_DISCLOSURE,2022-10-04,252364.52,12,51463.84,303828.36
BRIDGE_SPY_DISCLOSURE,2022-10-05,252066.74,12,51473.19,303539.93
BRIDGE_SPY_DISCLOSURE,2022-10-06,249138.77,12,51482.55,300621.32
BRIDGE_SPY_DISCLOSURE,2022-10-07,240656.7,12,51491.9,292148.61
BRIDGE_SPY_DISCLOSURE,2022-10-10,237889.97,12,51501.26,289391.23
BRIDGE_SPY_DISCLOSURE,2022-10-11,237290.03,12,51510.62,288800.66
BRIDGE_SPY_DISCLOSURE,2022-10-12,235961.88,12,51519.98,287481.86
BRIDGE_SPY_DISCLOSURE,2022-10-13,243875.27,12,51529.35,295404.62
BRIDGE_SPY_DISCLOSURE,2022-10-14,236717.78,12,51538.71,288256.49
BRIDGE_SPY_DISCLOSURE,2022-10-17,243819.3,12,51156.12,294975.43
BRIDGE_SPY_DISCLOSURE,2022-10-18,246516.24,12,50816.34,297332.57
BRIDGE_SPY_DISCLOSURE,2022-10-19,244798.69,12,50825.57,295624.26
BRIDGE_SPY_DISCLOSURE,2022-10-20,242831.97,12,50834.81,293666.77
BRIDGE_SPY_DISCLOSURE,2022-10-21,250412.32,12,50414.8,300827.12
BRIDGE_SPY_DISCLOSURE,2022-10-24,253852.27,12,50423.97,304276.23
BRIDGE_SPY_DISCLOSURE,2022-10-25,258084.9,12,50549.75,308634.65
BRIDGE_SPY_DISCLOSURE,2022-10-26,255760.23,13,76139.71,331899.94
BRIDGE_SPY_DISCLOSURE,2022-10-27,252596.96,13,76153.55,328750.51
BRIDGE_SPY_DISCLOSURE,2022-10-28,260056.52,12,50656.8,310713.32
BRIDGE_SPY_DISCLOSURE,2022-10-31,258013.61,12,50666.01,308679.62
BRIDGE_SPY_DISCLOSURE,2022-11-01,257118.54,12,50676.58,307795.13
BRIDGE_SPY_DISCLOSURE,2022-11-02,249367.93,12,50687.16,300055.1
BRIDGE_SPY_DISCLOSURE,2022-11-03,246604.65,9,0.0,223020.73
BRIDGE_SPY_DISCLOSURE,2022-11-04,250708.2,9,0.0,227124.27
BRIDGE_SPY_DISCLOSURE,2022-11-07,253754.62,10,1572.44,255327.05
BRIDGE_SPY_DISCLOSURE,2022-11-08,255182.96,11,27004.78,282187.74
BRIDGE_SPY_DISCLOSURE,2022-11-09,247506.92,12,52284.74,299791.66
BRIDGE_SPY_DISCLOSURE,2022-11-10,263077.05,9,0.0,237696.98
BRIDGE_SPY_DISCLOSURE,2022-11-11,267461.55,12,53862.53,321324.07
BRIDGE_SPY_DISCLOSURE,2022-11-14,264458.49,12,53873.77,318332.26
BRIDGE_SPY_DISCLOSURE,2022-11-15,268014.7,12,53885.02,321899.71
BRIDGE_SPY_DISCLOSURE,2022-11-16,261999.4,12,53896.26,315895.66
BRIDGE_SPY_DISCLOSURE,2022-11-17,259416.42,8,0.0,207978.77
BRIDGE_SPY_DISCLOSURE,2022-11-18,259520.78,8,0.0,208083.13
BRIDGE_SPY_DISCLOSURE,2022-11-21,257613.65,9,0.0,232021.2
BRIDGE_SPY_DISCLOSURE,2022-11-22,260949.32,9,0.0,234671.26
BRIDGE_SPY_DISCLOSURE,2022-11-23,261987.79,10,0.0,261798.35
BRIDGE_SPY_DISCLOSURE,2022-11-25,261482.15,12,52143.33,313625.48
BRIDGE_SPY_DISCLOSURE,2022-11-28,257599.49,12,52154.22,309753.71
BRIDGE_SPY_DISCLOSURE,2022-11-29,257443.96,11,25746.17,283190.14
BRIDGE_SPY_DISCLOSURE,2022-11-30,265727.57,13,77301.16,343028.73
BRIDGE_SPY_DISCLOSURE,2022-12-01,265201.88,13,77318.3,342520.18
BRIDGE_SPY_DISCLOSURE,2022-12-02,263264.11,13,77335.46,340599.56
BRIDGE_SPY_DISCLOSURE,2022-12-05,256031.94,13,77352.61,333384.55
BRIDGE_SPY_DISCLOSURE,2022-12-06,252650.56,11,24538.41,277188.97
BRIDGE_SPY_DISCLOSURE,2022-12-07,253094.44,11,24543.85,277638.29
BRIDGE_SPY_DISCLOSURE,2022-12-08,253775.59,11,24549.3,278324.89
BRIDGE_SPY_DISCLOSURE,2022-12-09,252209.86,11,24554.74,276764.6
BRIDGE_SPY_DISCLOSURE,2022-12-12,256460.11,10,0.0,254747.1
BRIDGE_SPY_DISCLOSURE,2022-12-13,256291.2,13,77183.94,333475.14
BRIDGE_SPY_DISCLOSURE,2022-12-14,255355.18,13,77201.06,332556.24
BRIDGE_SPY_DISCLOSURE,2022-12-15,247994.03,13,77218.19,325212.21
BRIDGE_SPY_DISCLOSURE,2022-12-16,242917.48,12,49717.05,292634.53
BRIDGE_SPY_DISCLOSURE,2022-12-19,240028.71,12,49728.08,289756.79
BRIDGE_SPY_DISCLOSURE,2022-12-20,240315.96,12,49739.11,290055.07
BRIDGE_SPY_DISCLOSURE,2022-12-21,244441.71,12,49750.14,294191.85
BRIDGE_SPY_DISCLOSURE,2022-12-22,239679.77,12,49761.18,289440.94
BRIDGE_SPY_DISCLOSURE,2022-12-23,241949.43,12,49772.21,291721.65
BRIDGE_SPY_DISCLOSURE,2022-12-27,240818.59,12,49783.25,290601.84
BRIDGE_SPY_DISCLOSURE,2022-12-28,235806.43,12,49794.3,285600.73
BRIDGE_SPY_DISCLOSURE,2022-12-29,241346.06,12,49805.34,291151.41
BRIDGE_SPY_DISCLOSURE,2022-12-30,240855.25,12,49816.39,290671.65
BRIDGE_SPY_DISCLOSURE,2023-01-03,239633.64,12,49827.92,289461.56
BRIDGE_SPY_DISCLOSURE,2023-01-04,243305.94,12,49839.44,293145.38
BRIDGE_SPY_DISCLOSURE,2023-01-05,239342.36,12,49850.97,289193.33
BRIDGE_SPY_DISCLOSURE,2023-01-06,245802.75,12,49862.51,295665.26
BRIDGE_SPY_DISCLOSURE,2023-01-09,246616.61,12,49874.04,296490.66
BRIDGE_SPY_DISCLOSURE,2023-01-10,248259.98,12,49885.58,298145.56
BRIDGE_SPY_DISCLOSURE,2023-01-11,251275.52,12,49897.12,301172.64
BRIDGE_SPY_DISCLOSURE,2023-01-12,253501.15,12,49908.67,303409.81
BRIDGE_SPY_DISCLOSURE,2023-01-13,254312.01,12,49920.21,304232.22
BRIDGE_SPY_DISCLOSURE,2023-01-17,254263.25,12,49931.76,304195.01
BRIDGE_SPY_DISCLOSURE,2023-01-18,248846.77,11,23382.15,272228.93
BRIDGE_SPY_DISCLOSURE,2023-01-19,247170.51,11,23387.56,270558.07
BRIDGE_SPY_DISCLOSURE,2023-01-20,252437.07,12,47642.15,300079.22
BRIDGE_SPY_DISCLOSURE,2023-01-23,256383.46,12,47653.17,304036.62
BRIDGE_SPY_DISCLOSURE,2023-01-24,255510.54,12,47664.19,303174.73
BRIDGE_SPY_DISCLOSURE,2023-01-25,254572.03,11,21916.25,276488.28
BRIDGE_SPY_DISCLOSURE,2023-01-26,257659.91,12,47574.2,305234.11
BRIDGE_SPY_DISCLOSURE,2023-01-27,258569.23,13,73291.03,331860.26
BRIDGE_SPY_DISCLOSURE,2023-01-30,253816.88,13,73307.98,327124.86
BRIDGE_SPY_DISCLOSURE,2023-01-31,258844.86,13,73324.94,332169.8
BRIDGE_SPY_DISCLOSURE,2023-02-01,261707.1,13,73342.61,335049.71
BRIDGE_SPY_DISCLOSURE,2023-02-02,267286.3,13,73360.27,340646.57
BRIDGE_SPY_DISCLOSURE,2023-02-03,263347.84,13,73377.94,336725.78
BRIDGE_SPY_DISCLOSURE,2023-02-06,259815.28,13,73395.62,333210.9
BRIDGE_SPY_DISCLOSURE,2023-02-07,264197.51,13,72045.19,336242.69
BRIDGE_SPY_DISCLOSURE,2023-02-08,259381.33,13,71838.95,331220.29
BRIDGE_SPY_DISCLOSURE,2023-02-09,256867.02,13,71856.26,328723.28
BRIDGE_SPY_DISCLOSURE,2023-02-10,258936.18,13,71873.57,330809.75
BRIDGE_SPY_DISCLOSURE,2023-02-13,261402.93,13,71890.88,333293.81
BRIDGE_SPY_DISCLOSURE,2023-02-14,260713.52,13,71908.2,332621.72
BRIDGE_SPY_DISCLOSURE,2023-02-15,261566.82,13,71925.52,333492.33
BRIDGE_SPY_DISCLOSURE,2023-02-16,257888.66,13,71942.84,329831.5
BRIDGE_SPY_DISCLOSURE,2023-02-17,256151.93,13,71637.99,327789.93
BRIDGE_SPY_DISCLOSURE,2023-02-21,250084.72,13,71655.25,321739.97
BRIDGE_SPY_DISCLOSURE,2023-02-22,250720.54,12,45580.61,296301.15
BRIDGE_SPY_DISCLOSURE,2023-02-23,252199.99,13,70919.32,323119.3
BRIDGE_SPY_DISCLOSURE,2023-02-24,250003.93,13,70936.4,320940.33
BRIDGE_SPY_DISCLOSURE,2023-02-27,250291.98,13,70953.48,321245.46
BRIDGE_SPY_DISCLOSURE,2023-02-28,248985.37,13,70970.58,319955.94
BRIDGE_SPY_DISCLOSURE,2023-03-01,248040.04,13,70987.9,319027.93
BRIDGE_SPY_DISCLOSURE,2023-03-02,250296.62,13,71005.22,321301.84
BRIDGE_SPY_DISCLOSURE,2023-03-03,256006.6,13,71022.55,327029.15
BRIDGE_SPY_DISCLOSURE,2023-03-06,255508.25,13,71039.88,326548.13
BRIDGE_SPY_DISCLOSURE,2023-03-07,250572.2,13,71057.22,321629.42
BRIDGE_SPY_DISCLOSURE,2023-03-08,250802.38,13,70824.67,321627.06
BRIDGE_SPY_DISCLOSURE,2023-03-09,245171.64,13,70841.96,316013.6
BRIDGE_SPY_DISCLOSURE,2023-03-10,240196.98,12,46273.29,286470.27
BRIDGE_SPY_DISCLOSURE,2023-03-13,239507.95,12,46284.58,285792.54
BRIDGE_SPY_DISCLOSURE,2023-03-14,243993.36,12,46295.88,290289.24
BRIDGE_SPY_DISCLOSURE,2023-03-15,241525.47,12,46307.18,287832.65
BRIDGE_SPY_DISCLOSURE,2023-03-16,246766.0,12,46318.48,293084.48
BRIDGE_SPY_DISCLOSURE,2023-03-17,241993.89,12,46329.78,288323.67
BRIDGE_SPY_DISCLOSURE,2023-03-20,244907.78,12,46341.09,291248.86
BRIDGE_SPY_DISCLOSURE,2023-03-21,249760.6,12,46352.4,296113.0
BRIDGE_SPY_DISCLOSURE,2023-03-22,243806.53,12,46363.71,290170.24
BRIDGE_SPY_DISCLOSURE,2023-03-23,243939.92,12,46375.02,290314.95
BRIDGE_SPY_DISCLOSURE,2023-03-24,246585.04,12,46386.34,292971.38
BRIDGE_SPY_DISCLOSURE,2023-03-27,246797.78,12,46397.66,293195.45
BRIDGE_SPY_DISCLOSURE,2023-03-28,246307.52,12,46408.99,292716.51
BRIDGE_SPY_DISCLOSURE,2023-03-29,250739.53,12,46420.31,297159.84
BRIDGE_SPY_DISCLOSURE,2023-03-30,252196.43,12,46431.64,298628.07
BRIDGE_SPY_DISCLOSURE,2023-03-31,256652.88,12,46442.97,303095.85
BRIDGE_SPY_DISCLOSURE,2023-04-03,257372.77,12,46454.64,303827.41
BRIDGE_SPY_DISCLOSURE,2023-04-04,256299.57,12,46466.31,302765.88
BRIDGE_SPY_DISCLOSURE,2023-04-05,255204.84,9,0.0,223986.8
BRIDGE_SPY_DISCLOSURE,2023-04-06,256065.43,11,19693.82,275759.24
BRIDGE_SPY_DISCLOSURE,2023-04-10,257005.57,11,19698.76,276704.33
BRIDGE_SPY_DISCLOSURE,2023-04-11,257186.81,11,19703.71,276890.52
BRIDGE_SPY_DISCLOSURE,2023-04-12,255782.32,11,19708.66,275490.98
BRIDGE_SPY_DISCLOSURE,2023-04-13,259127.77,9,0.0,227354.01
BRIDGE_SPY_DISCLOSURE,2023-04-14,258060.04,13,71761.21,329821.25
BRIDGE_SPY_DISCLOSURE,2023-04-17,259472.89,13,71779.24,331252.13
BRIDGE_SPY_DISCLOSURE,2023-04-18,259202.35,13,71797.27,330999.62
BRIDGE_SPY_DISCLOSURE,2023-04-19,259348.84,13,71815.31,331164.15
BRIDGE_SPY_DISCLOSURE,2023-04-20,256374.21,13,71833.34,328207.56
BRIDGE_SPY_DISCLOSURE,2023-04-21,255706.58,13,71657.03,327363.62
BRIDGE_SPY_DISCLOSURE,2023-04-24,255135.47,13,71675.03,326810.5
BRIDGE_SPY_DISCLOSURE,2023-04-25,248528.41,12,45397.7,293926.11
BRIDGE_SPY_DISCLOSURE,2023-04-26,247579.24,12,45409.1,292988.34
BRIDGE_SPY_DISCLOSURE,2023-04-27,255240.23,13,70444.07,325684.3
BRIDGE_SPY_DISCLOSURE,2023-04-28,259381.83,13,70461.76,329843.59
BRIDGE_SPY_DISCLOSURE,2023-05-01,257376.81,13,70480.08,327856.89
BRIDGE_SPY_DISCLOSURE,2023-05-02,250611.22,13,70498.39,321109.62
BRIDGE_SPY_DISCLOSURE,2023-05-03,247394.74,13,70516.72,317911.46
BRIDGE_SPY_DISCLOSURE,2023-05-04,244135.04,13,70060.85,314195.89
BRIDGE_SPY_DISCLOSURE,2023-05-05,252408.19,13,69301.59,321709.78
BRIDGE_SPY_DISCLOSURE,2023-05-08,252282.53,13,69319.61,321602.13
BRIDGE_SPY_DISCLOSURE,2023-05-09,248292.85,13,69337.62,317630.47
BRIDGE_SPY_DISCLOSURE,2023-05-10,247816.37,13,69355.65,317172.02
BRIDGE_SPY_DISCLOSURE,2023-05-11,246938.42,13,69373.67,316312.09
BRIDGE_SPY_DISCLOSURE,2023-05-12,246530.46,13,69391.7,315922.16
BRIDGE_SPY_DISCLOSURE,2023-05-15,249811.11,13,69409.74,319220.85
BRIDGE_SPY_DISCLOSURE,2023-05-16,246966.75,13,69427.78,316394.53
BRIDGE_SPY_DISCLOSURE,2023-05-17,251951.15,13,69445.83,321396.98
BRIDGE_SPY_DISCLOSURE,2023-05-18,255321.41,13,69463.88,324785.29
BRIDGE_SPY_DISCLOSURE,2023-05-19,253978.61,13,69481.93,323460.55
BRIDGE_SPY_DISCLOSURE,2023-05-22,255189.4,13,73941.72,329131.12
BRIDGE_SPY_DISCLOSURE,2023-05-23,251986.78,13,73960.94,325947.72
BRIDGE_SPY_DISCLOSURE,2023-05-24,249232.01,13,72496.32,321728.33
BRIDGE_SPY_DISCLOSURE,2023-05-25,250727.0,13,72515.16,323242.16
BRIDGE_SPY_DISCLOSURE,2023-05-26,254195.76,13,72534.01,326729.77
BRIDGE_SPY_DISCLOSURE,2023-05-30,254927.42,13,72552.86,327480.28
BRIDGE_SPY_DISCLOSURE,2023-05-31,252076.67,13,72571.72,324648.39
BRIDGE_SPY_DISCLOSURE,2023-06-01,255680.16,13,72590.67,328270.83
BRIDGE_SPY_DISCLOSURE,2023-06-02,261481.5,13,72609.62,334091.12
BRIDGE_SPY_DISCLOSURE,2023-06-05,260758.96,13,72628.58,333387.54
BRIDGE_SPY_DISCLOSURE,2023-06-06,262543.22,13,72647.54,335190.76
BRIDGE_SPY_DISCLOSURE,2023-06-07,262007.32,13,73027.04,335034.35
BRIDGE_SPY_DISCLOSURE,2023-06-08,263737.72,13,73046.1,336783.83
BRIDGE_SPY_DISCLOSURE,2023-06-09,264010.24,11,23504.66,287514.9
BRIDGE_SPY_DISCLOSURE,2023-06-12,266509.89,11,23510.79,290020.68
BRIDGE_SPY_DISCLOSURE,2023-06-13,268297.69,12,50264.22,318561.91
BRIDGE_SPY_DISCLOSURE,2023-06-14,268653.03,12,50277.35,318930.38
BRIDGE_SPY_DISCLOSURE,2023-06-15,273039.83,12,50290.47,323330.3
BRIDGE_SPY_DISCLOSURE,2023-06-16,271029.7,12,49729.78,320759.48
BRIDGE_SPY_DISCLOSURE,2023-06-20,270208.3,12,49742.76,319951.06
BRIDGE_SPY_DISCLOSURE,2023-06-21,268450.09,12,49755.75,318205.84
BRIDGE_SPY_DISCLOSURE,2023-06-22,268677.74,10,970.41,269648.15
BRIDGE_SPY_DISCLOSURE,2023-06-23,266747.84,11,27629.44,294377.28
BRIDGE_SPY_DISCLOSURE,2023-06-26,265498.84,11,27636.65,293135.5
BRIDGE_SPY_DISCLOSURE,2023-06-27,268862.24,11,27643.87,296506.11
BRIDGE_SPY_DISCLOSURE,2023-06-28,269502.49,12,54481.76,323984.25
BRIDGE_SPY_DISCLOSURE,2023-06-29,270775.9,12,54495.98,325271.88
BRIDGE_SPY_DISCLOSURE,2023-06-30,274645.26,12,54510.21,329155.47
BRIDGE_SPY_DISCLOSURE,2023-07-03,274778.04,12,54524.53,329302.57
BRIDGE_SPY_DISCLOSURE,2023-07-05,274278.22,12,54538.86,328817.08
BRIDGE_SPY_DISCLOSURE,2023-07-06,271550.33,12,54553.18,326103.51
BRIDGE_SPY_DISCLOSURE,2023-07-07,270572.41,10,735.43,271307.84
BRIDGE_SPY_DISCLOSURE,2023-07-10,271534.26,12,54815.02,326349.27
BRIDGE_SPY_DISCLOSURE,2023-07-11,272911.48,12,54829.42,327740.89
BRIDGE_SPY_DISCLOSURE,2023-07-12,275614.17,12,54843.82,330457.99
BRIDGE_SPY_DISCLOSURE,2023-07-13,277658.89,12,54858.23,332517.12
BRIDGE_SPY_DISCLOSURE,2023-07-14,277545.89,12,54872.64,332418.52
BRIDGE_SPY_DISCLOSURE,2023-07-17,279354.21,12,55555.86,334910.06
BRIDGE_SPY_DISCLOSURE,2023-07-18,281613.95,12,55817.13,337431.08
BRIDGE_SPY_DISCLOSURE,2023-07-19,282532.92,12,55831.79,338364.71
BRIDGE_SPY_DISCLOSURE,2023-07-20,280386.7,12,55134.81,335521.51
BRIDGE_SPY_DISCLOSURE,2023-07-21,280448.8,12,55149.3,335598.1
BRIDGE_SPY_DISCLOSURE,2023-07-24,281434.26,12,55973.69,337407.94
BRIDGE_SPY_DISCLOSURE,2023-07-25,282214.33,12,55988.39,338202.72
BRIDGE_SPY_DISCLOSURE,2023-07-26,281929.58,10,0.0,281679.63
BRIDGE_SPY_DISCLOSURE,2023-07-27,277593.21,10,0.0,277343.26
BRIDGE_SPY_DISCLOSURE,2023-07-28,280590.7,11,26820.37,307411.07
BRIDGE_SPY_DISCLOSURE,2023-07-31,282246.04,12,54979.13,337225.17
BRIDGE_SPY_DISCLOSURE,2023-08-01,279976.58,12,54563.89,334540.46
BRIDGE_SPY_DISCLOSURE,2023-08-02,275395.04,12,54578.68,329973.71
BRIDGE_SPY_DISCLOSURE,2023-08-03,274104.59,11,27128.72,301233.31
BRIDGE_SPY_DISCLOSURE,2023-08-04,271681.69,12,54684.35,326366.04
BRIDGE_SPY_DISCLOSURE,2023-08-07,275405.87,12,54699.17,330105.04
BRIDGE_SPY_DISCLOSURE,2023-08-08,273628.25,12,54713.99,328342.24
BRIDGE_SPY_DISCLOSURE,2023-08-09,270828.25,11,27120.26,297948.51
BRIDGE_SPY_DISCLOSURE,2023-08-10,271116.92,10,0.0,270878.34
BRIDGE_SPY_DISCLOSURE,2023-08-11,270131.56,10,0.0,269892.98
BRIDGE_SPY_DISCLOSURE,2023-08-14,271826.34,12,53624.68,325451.02
BRIDGE_SPY_DISCLOSURE,2023-08-15,268237.92,12,53639.22,321877.14
BRIDGE_SPY_DISCLOSURE,2023-08-16,265785.36,12,53293.37,319078.73
BRIDGE_SPY_DISCLOSURE,2023-08-17,262895.53,12,53307.82,316203.35
BRIDGE_SPY_DISCLOSURE,2023-08-18,262699.09,12,53322.27,316021.36
BRIDGE_SPY_DISCLOSURE,2023-08-21,264832.33,12,53336.72,318169.05
BRIDGE_SPY_DISCLOSURE,2023-08-22,264086.44,12,53351.17,317437.62
BRIDGE_SPY_DISCLOSURE,2023-08-23,268266.18,12,53365.63,321631.81
BRIDGE_SPY_DISCLOSURE,2023-08-24,263362.51,12,53380.1,316742.61
BRIDGE_SPY_DISCLOSURE,2023-08-25,265502.48,11,26203.68,291706.16
BRIDGE_SPY_DISCLOSURE,2023-08-28,267050.17,12,52908.14,319958.31
BRIDGE_SPY_DISCLOSURE,2023-08-29,271511.85,12,52922.48,324434.33
BRIDGE_SPY_DISCLOSURE,2023-08-30,272831.82,12,52936.83,325768.65
BRIDGE_SPY_DISCLOSURE,2023-08-31,272182.48,12,52951.17,325133.66
BRIDGE_SPY_DISCLOSURE,2023-09-01,272700.92,12,52965.53,325666.45
BRIDGE_SPY_DISCLOSURE,2023-09-05,271109.32,12,52979.88,324089.2
BRIDGE_SPY_DISCLOSURE,2023-09-06,269342.01,12,52888.85,322230.86
BRIDGE_SPY_DISCLOSURE,2023-09-07,268454.51,12,52903.19,321357.7
BRIDGE_SPY_DISCLOSURE,2023-09-08,268569.85,12,52917.53,321487.38
BRIDGE_SPY_DISCLOSURE,2023-09-11,270673.78,12,52931.87,323605.65
BRIDGE_SPY_DISCLOSURE,2023-09-12,268916.52,12,52946.22,321862.74
BRIDGE_SPY_DISCLOSURE,2023-09-13,268524.59,12,52838.1,321362.69
BRIDGE_SPY_DISCLOSURE,2023-09-14,271749.66,11,24722.65,296472.32
BRIDGE_SPY_DISCLOSURE,2023-09-15,266675.97,12,51711.03,318386.99
BRIDGE_SPY_DISCLOSURE,2023-09-18,266926.5,12,51725.04,318651.54
BRIDGE_SPY_DISCLOSURE,2023-09-19,266231.53,13,78378.37,344609.9
BRIDGE_SPY_DISCLOSURE,2023-09-20,262758.13,13,78399.61,341157.75
BRIDGE_SPY_DISCLOSURE,2023-09-21,256868.53,13,78420.86,335289.39
BRIDGE_SPY_DISCLOSURE,2023-09-22,255711.88,13,78442.11,334154.0
BRIDGE_SPY_DISCLOSURE,2023-09-25,256275.25,12,51967.33,308242.58
BRIDGE_SPY_DISCLOSURE,2023-09-26,252027.52,12,51981.42,304008.94
BRIDGE_SPY_DISCLOSURE,2023-09-27,251914.9,12,51995.51,303910.41
BRIDGE_SPY_DISCLOSURE,2023-09-28,254526.14,12,52009.6,306535.74
BRIDGE_SPY_DISCLOSURE,2023-09-29,252694.05,12,52023.7,304717.75
BRIDGE_SPY_DISCLOSURE,2023-10-02,252910.91,12,52037.8,304948.71
BRIDGE_SPY_DISCLOSURE,2023-10-03,247658.85,12,52051.9,299710.75
BRIDGE_SPY_DISCLOSURE,2023-10-04,250314.66,12,52066.01,302380.67
BRIDGE_SPY_DISCLOSURE,2023-10-05,250569.21,12,52080.12,302649.33
BRIDGE_SPY_DISCLOSURE,2023-10-06,253053.5,12,52094.24,305147.74
BRIDGE_SPY_DISCLOSURE,2023-10-09,253984.22,12,52108.35,306092.58
BRIDGE_SPY_DISCLOSURE,2023-10-10,255647.57,12,52122.48,307770.05
BRIDGE_SPY_DISCLOSURE,2023-10-11,256224.56,12,52136.6,308361.16
BRIDGE_SPY_DISCLOSURE,2023-10-12,254130.35,12,52150.74,306281.08
BRIDGE_SPY_DISCLOSURE,2023-10-13,252126.48,12,52164.87,304291.35
BRIDGE_SPY_DISCLOSURE,2023-10-16,255401.95,12,52179.01,307580.96
BRIDGE_SPY_DISCLOSURE,2023-10-17,255835.04,12,52193.15,308028.19
BRIDGE_SPY_DISCLOSURE,2023-10-18,251197.08,12,52207.3,303404.37
BRIDGE_SPY_DISCLOSURE,2023-10-19,248514.99,12,52221.45,300736.44
BRIDGE_SPY_DISCLOSURE,2023-10-20,244538.24,12,51275.29,295813.53
BRIDGE_SPY_DISCLOSURE,2023-10-23,244464.7,12,51289.19,295753.88
BRIDGE_SPY_DISCLOSURE,2023-10-24,246937.13,12,51303.09,298240.22
BRIDGE_SPY_DISCLOSURE,2023-10-25,242792.21,12,51316.99,294109.21
BRIDGE_SPY_DISCLOSURE,2023-10-26,239417.16,12,51377.14,290794.3
BRIDGE_SPY_DISCLOSURE,2023-10-27,238952.44,12,51391.06,290343.5
BRIDGE_SPY_DISCLOSURE,2023-10-30,242607.13,12,51404.99,294012.12
BRIDGE_SPY_DISCLOSURE,2023-10-31,244692.24,12,51418.92,296111.17
BRIDGE_SPY_DISCLOSURE,2023-11-01,247713.32,12,51432.86,299146.18
BRIDGE_SPY_DISCLOSURE,2023-11-02,254153.69,12,51446.8,305600.49
BRIDGE_SPY_DISCLOSURE,2023-11-03,257578.67,12,51460.74,309039.41
BRIDGE_SPY_DISCLOSURE,2023-11-06,258098.22,12,51474.69,309572.91
BRIDGE_SPY_DISCLOSURE,2023-11-07,259237.56,12,51488.64,310726.2
BRIDGE_SPY_DISCLOSURE,2023-11-08,260016.1,12,51502.6,311518.7
BRIDGE_SPY_DISCLOSURE,2023-11-09,257347.52,12,51516.56,308864.08
BRIDGE_SPY_DISCLOSURE,2023-11-10,262452.52,12,51530.52,313983.04
BRIDGE_SPY_DISCLOSURE,2023-11-13,262637.07,13,77693.91,340330.98
BRIDGE_SPY_DISCLOSURE,2023-11-14,270193.13,13,77714.96,347908.09
BRIDGE_SPY_DISCLOSURE,2023-11-15,271707.65,13,77736.03,349443.68
BRIDGE_SPY_DISCLOSURE,2023-11-16,272641.54,13,77757.1,350398.64
BRIDGE_SPY_DISCLOSURE,2023-11-17,272795.28,13,77994.96,350790.24
BRIDGE_SPY_DISCLOSURE,2023-11-20,275017.29,13,78590.47,353607.76
BRIDGE_SPY_DISCLOSURE,2023-11-21,273913.59,13,78611.77,352525.36
BRIDGE_SPY_DISCLOSURE,2023-11-22,275746.33,13,78633.08,354379.4
BRIDGE_SPY_DISCLOSURE,2023-11-24,275830.12,13,78654.39,354484.51
BRIDGE_SPY_DISCLOSURE,2023-11-27,275083.49,10,1240.58,276324.06
BRIDGE_SPY_DISCLOSURE,2023-11-28,275125.78,6,0.0,163870.62
BRIDGE_SPY_DISCLOSURE,2023-11-29,274397.91,6,0.0,163183.26
BRIDGE_SPY_DISCLOSURE,2023-11-30,275456.42,7,0.0,191715.68
BRIDGE_SPY_DISCLOSURE,2023-12-01,276566.66,10,0.0,275338.52
BRIDGE_SPY_DISCLOSURE,2023-12-04,276140.11,11,26319.62,302459.72
BRIDGE_SPY_DISCLOSURE,2023-12-05,277027.59,11,27158.43,304186.02
BRIDGE_SPY_DISCLOSURE,2023-12-06,276547.3,12,54981.99,331529.29
BRIDGE_SPY_DISCLOSURE,2023-12-07,278007.71,13,82790.59,360798.31
BRIDGE_SPY_DISCLOSURE,2023-12-08,279418.68,12,56295.45,335714.13
BRIDGE_SPY_DISCLOSURE,2023-12-11,280023.23,12,56310.71,336333.94
BRIDGE_SPY_DISCLOSURE,2023-12-12,280513.7,12,56325.97,336839.67
BRIDGE_SPY_DISCLOSURE,2023-12-13,283135.73,12,56341.24,339476.97
BRIDGE_SPY_DISCLOSURE,2023-12-14,282421.41,12,56356.51,338777.92
BRIDGE_SPY_DISCLOSURE,2023-12-15,281717.49,12,56371.78,338089.27
BRIDGE_SPY_DISCLOSURE,2023-12-18,284473.12,10,0.0,283854.63
BRIDGE_SPY_DISCLOSURE,2023-12-19,287029.8,12,56304.32,343334.12
BRIDGE_SPY_DISCLOSURE,2023-12-20,283214.37,13,86048.14,369262.51
BRIDGE_SPY_DISCLOSURE,2023-12-21,287330.13,11,29142.04,316472.17
BRIDGE_SPY_DISCLOSURE,2023-12-22,288111.34,12,57983.39,346094.74
BRIDGE_SPY_DISCLOSURE,2023-12-26,289297.52,12,57999.11,347296.63
BRIDGE_SPY_DISCLOSURE,2023-12-27,289628.8,12,58014.83,347643.63
BRIDGE_SPY_DISCLOSURE,2023-12-28,290025.59,10,0.0,289845.38
BRIDGE_SPY_DISCLOSURE,2023-12-29,289656.84,10,115.71,289772.55
BRIDGE_SPY_DISCLOSURE,2024-01-02,291005.7,11,28972.27,319977.97
BRIDGE_SPY_DISCLOSURE,2024-01-03,288855.36,13,87099.94,375955.31
BRIDGE_SPY_DISCLOSURE,2024-01-04,287073.03,12,58743.76,345816.78
BRIDGE_SPY_DISCLOSURE,2024-01-05,288261.89,12,59951.44,348213.32
BRIDGE_SPY_DISCLOSURE,2024-01-08,291757.69,12,59967.68,351725.37
BRIDGE_SPY_DISCLOSURE,2024-01-09,290738.62,13,85731.19,376469.81
BRIDGE_SPY_DISCLOSURE,2024-01-10,292354.24,13,85555.49,377909.73
BRIDGE_SPY_DISCLOSURE,2024-01-11,292855.53,13,85578.68,378434.21
BRIDGE_SPY_DISCLOSURE,2024-01-12,290135.27,13,85601.87,375737.15
BRIDGE_SPY_DISCLOSURE,2024-01-16,287673.46,13,85625.08,373298.53
BRIDGE_SPY_DISCLOSURE,2024-01-17,286049.86,13,85648.28,371698.15
BRIDGE_SPY_DISCLOSURE,2024-01-18,291676.93,13,85671.5,377348.42
BRIDGE_SPY_DISCLOSURE,2024-01-19,297113.68,13,85694.72,382808.4
BRIDGE_SPY_DISCLOSURE,2024-01-22,296697.82,13,85717.94,382415.76
BRIDGE_SPY_DISCLOSURE,2024-01-23,298719.01,12,54985.8,353704.82
BRIDGE_SPY_DISCLOSURE,2024-01-24,298920.73,12,55000.71,353921.44
BRIDGE_SPY_DISCLOSURE,2024-01-25,303500.44,12,55423.94,358924.38
BRIDGE_SPY_DISCLOSURE,2024-01-26,302609.87,12,55438.96,358048.84
BRIDGE_SPY_DISCLOSURE,2024-01-29,304812.81,12,55453.99,360266.79
BRIDGE_SPY_DISCLOSURE,2024-01-30,303724.91,12,55469.02,359193.92
BRIDGE_SPY_DISCLOSURE,2024-01-31,298043.06,12,57369.82,355412.88
BRIDGE_SPY_DISCLOSURE,2024-02-01,302949.83,11,28306.14,331255.96
BRIDGE_SPY_DISCLOSURE,2024-02-02,306739.82,13,88937.97,395677.79
BRIDGE_SPY_DISCLOSURE,2024-02-05,303976.42,13,88962.07,392938.49
BRIDGE_SPY_DISCLOSURE,2024-02-06,306239.07,13,88986.19,395225.26
BRIDGE_SPY_DISCLOSURE,2024-02-07,311097.46,13,89401.27,400498.73
BRIDGE_SPY_DISCLOSURE,2024-02-08,311312.63,13,89425.5,400738.13
BRIDGE_SPY_DISCLOSURE,2024-02-09,313028.95,13,89449.74,402478.69
BRIDGE_SPY_DISCLOSURE,2024-02-12,313612.54,13,89473.98,403086.52
BRIDGE_SPY_DISCLOSURE,2024-02-13,307725.33,13,89498.23,397223.56
BRIDGE_SPY_DISCLOSURE,2024-02-14,310706.97,13,89522.49,400229.46
BRIDGE_SPY_DISCLOSURE,2024-02-15,312645.37,12,58079.24,370724.6
BRIDGE_SPY_DISCLOSURE,2024-02-16,310783.42,12,58094.98,368878.4
BRIDGE_SPY_DISCLOSURE,2024-02-20,308736.86,12,58110.72,366847.58
BRIDGE_SPY_DISCLOSURE,2024-02-21,309053.41,12,58126.47,367179.88
BRIDGE_SPY_DISCLOSURE,2024-02-22,316636.63,12,58142.23,374778.85
BRIDGE_SPY_DISCLOSURE,2024-02-23,316846.85,12,58463.46,375310.31
BRIDGE_SPY_DISCLOSURE,2024-02-26,315456.42,12,58479.3,373935.73
BRIDGE_SPY_DISCLOSURE,2024-02-27,316104.2,12,59308.68,375412.88
BRIDGE_SPY_DISCLOSURE,2024-02-28,315562.61,12,60389.44,375952.05
BRIDGE_SPY_DISCLOSURE,2024-02-29,316866.29,12,61219.36,378085.65
BRIDGE_SPY_DISCLOSURE,2024-03-01,320399.26,12,61235.95,381635.21
BRIDGE_SPY_DISCLOSURE,2024-03-04,319973.39,12,61252.55,381225.94
BRIDGE_SPY_DISCLOSURE,2024-03-05,316146.77,12,61269.15,377415.92
BRIDGE_SPY_DISCLOSURE,2024-03-06,318010.73,12,61344.81,379355.54
BRIDGE_SPY_DISCLOSURE,2024-03-07,321759.75,12,61361.43,383121.18
BRIDGE_SPY_DISCLOSURE,2024-03-08,319443.55,12,61378.06,380821.61
BRIDGE_SPY_DISCLOSURE,2024-03-11,319099.46,12,61394.7,380494.16
BRIDGE_SPY_DISCLOSURE,2024-03-12,323144.7,12,61565.29,384709.99
BRIDGE_SPY_DISCLOSURE,2024-03-13,322491.91,12,61986.0,384477.91
BRIDGE_SPY_DISCLOSURE,2024-03-14,321715.08,12,62002.8,383717.88
BRIDGE_SPY_DISCLOSURE,2024-03-15,317883.06,12,62019.6,379902.66
BRIDGE_SPY_DISCLOSURE,2024-03-18,320091.96,12,62077.84,382169.81
BRIDGE_SPY_DISCLOSURE,2024-03-19,322198.91,12,62094.67,384293.58
BRIDGE_SPY_DISCLOSURE,2024-03-20,325736.53,12,62111.5,387848.03
BRIDGE_SPY_DISCLOSURE,2024-03-21,327001.42,12,62128.33,389129.75
BRIDGE_SPY_DISCLOSURE,2024-03-22,326213.54,12,62608.58,388822.11
BRIDGE_SPY_DISCLOSURE,2024-03-25,325116.86,11,30778.57,355895.43
BRIDGE_SPY_DISCLOSURE,2024-03-26,324274.71,12,63407.4,387682.11
BRIDGE_SPY_DISCLOSURE,2024-03-27,327515.53,12,63424.59,390940.12
BRIDGE_SPY_DISCLOSURE,2024-03-28,327423.64,12,63441.78,390865.41
BRIDGE_SPY_DISCLOSURE,2024-04-01,326726.42,12,63458.97,390185.39
BRIDGE_SPY_DISCLOSURE,2024-04-02,324151.49,11,31417.46,355568.95
BRIDGE_SPY_DISCLOSURE,2024-04-03,324533.57,11,31425.97,355959.54
BRIDGE_SPY_DISCLOSURE,2024-04-04,319501.85,12,64178.39,383680.23
BRIDGE_SPY_DISCLOSURE,2024-04-05,323237.57,11,32093.03,355330.61
BRIDGE_SPY_DISCLOSURE,2024-04-08,323324.11,13,96863.88,420187.99
BRIDGE_SPY_DISCLOSURE,2024-04-09,323783.92,13,96890.13,420674.05
BRIDGE_SPY_DISCLOSURE,2024-04-10,319545.4,13,96916.39,416461.79
BRIDGE_SPY_DISCLOSURE,2024-04-11,322509.73,12,64718.15,387227.88
BRIDGE_SPY_DISCLOSURE,2024-04-12,317147.25,12,64735.69,381882.94
BRIDGE_SPY_DISCLOSURE,2024-04-15,312345.43,12,64753.23,377098.66
BRIDGE_SPY_DISCLOSURE,2024-04-16,311640.13,12,64770.78,376410.91
BRIDGE_SPY_DISCLOSURE,2024-04-17,309394.88,12,64788.34,374183.22
BRIDGE_SPY_DISCLOSURE,2024-04-18,308607.35,12,64805.9,373413.25
BRIDGE_SPY_DISCLOSURE,2024-04-19,305330.51,12,64823.46,370153.97
BRIDGE_SPY_DISCLOSURE,2024-04-22,308721.74,12,64841.03,373562.77
BRIDGE_SPY_DISCLOSURE,2024-04-23,313137.1,12,64858.61,377995.7
BRIDGE_SPY_DISCLOSURE,2024-04-24,312940.11,12,64876.19,377816.3
BRIDGE_SPY_DISCLOSURE,2024-04-25,311487.24,12,64893.77,376381.0
BRIDGE_SPY_DISCLOSURE,2024-04-26,315035.45,12,64911.36,379946.81
BRIDGE_SPY_DISCLOSURE,2024-04-29,316363.42,12,64928.95,381292.38
BRIDGE_SPY_DISCLOSURE,2024-04-30,310305.68,12,64946.55,375252.23
BRIDGE_SPY_DISCLOSURE,2024-05-01,309069.58,12,64964.15,374033.73
BRIDGE_SPY_DISCLOSURE,2024-05-02,312550.47,12,64981.76,377532.23
BRIDGE_SPY_DISCLOSURE,2024-05-03,317212.49,12,64999.37,382211.86
BRIDGE_SPY_DISCLOSURE,2024-05-06,321141.91,12,65016.99,386158.9
BRIDGE_SPY_DISCLOSURE,2024-05-07,321518.12,12,65222.89,386741.01
BRIDGE_SPY_DISCLOSURE,2024-05-08,321537.83,12,65240.56,386778.39
BRIDGE_SPY_DISCLOSURE,2024-05-09,323748.71,12,65258.25,389006.96
BRIDGE_SPY_DISCLOSURE,2024-05-10,324232.11,12,65275.93,389508.05
BRIDGE_SPY_DISCLOSURE,2024-05-13,324266.73,12,65293.63,389560.36
BRIDGE_SPY_DISCLOSURE,2024-05-14,326036.4,12,65311.32,391347.72
BRIDGE_SPY_DISCLOSURE,2024-05-15,330799.46,12,65428.07,396227.54
BRIDGE_SPY_DISCLOSURE,2024-05-16,329966.49,12,65445.81,395412.3
BRIDGE_SPY_DISCLOSURE,2024-05-17,330517.17,12,65463.54,395980.71
BRIDGE_SPY_DISCLOSURE,2024-05-20,330922.63,12,65550.48,396473.11
BRIDGE_SPY_DISCLOSURE,2024-05-21,331877.23,12,65568.24,397445.47
BRIDGE_SPY_DISCLOSURE,2024-05-22,330682.07,12,65525.61,396207.68
BRIDGE_SPY_DISCLOSURE,2024-05-23,327770.32,12,65543.37,393313.7
BRIDGE_SPY_DISCLOSURE,2024-05-24,330141.51,10,0.0,329905.63
BRIDGE_SPY_DISCLOSURE,2024-05-28,330372.06,10,0.0,330136.18
BRIDGE_SPY_DISCLOSURE,2024-05-29,328060.26,10,0.0,327824.38
BRIDGE_SPY_DISCLOSURE,2024-05-30,325885.58,10,0.0,325649.7
BRIDGE_SPY_DISCLOSURE,2024-05-31,329062.13,11,32422.53,361484.66
BRIDGE_SPY_DISCLOSURE,2024-06-03,329246.52,12,65459.58,394706.1
BRIDGE_SPY_DISCLOSURE,2024-06-04,329670.02,12,65477.32,395147.34
BRIDGE_SPY_DISCLOSURE,2024-06-05,334348.64,12,65495.07,399843.71
BRIDGE_SPY_DISCLOSURE,2024-06-06,334289.92,12,65642.71,399932.62
BRIDGE_SPY_DISCLOSURE,2024-06-07,333752.68,12,65790.47,399543.15
BRIDGE_SPY_DISCLOSURE,2024-06-10,334484.17,12,65950.69,400434.86
BRIDGE_SPY_DISCLOSURE,2024-06-11,335031.82,13,99313.0,434344.82
BRIDGE_SPY_DISCLOSURE,2024-06-12,338415.88,13,99339.91,437755.79
BRIDGE_SPY_DISCLOSURE,2024-06-13,338977.87,13,99366.84,438344.71
BRIDGE_SPY_DISCLOSURE,2024-06-14,338917.57,13,99426.3,438343.87
BRIDGE_SPY_DISCLOSURE,2024-06-17,341689.44,13,99453.25,441142.69
BRIDGE_SPY_DISCLOSURE,2024-06-18,342622.99,13,99480.21,442103.2
BRIDGE_SPY_DISCLOSURE,2024-06-20,341648.2,13,99507.17,441155.37
BRIDGE_SPY_DISCLOSURE,2024-06-21,340342.73,13,99534.14,439876.87
BRIDGE_SPY_DISCLOSURE,2024-06-24,338752.8,13,99561.12,438313.91
BRIDGE_SPY_DISCLOSURE,2024-06-25,340005.08,13,99597.03,439602.1
BRIDGE_SPY_DISCLOSURE,2024-06-26,340309.37,13,99534.23,439843.59
BRIDGE_SPY_DISCLOSURE,2024-06-27,340639.3,13,99561.2,440200.51
BRIDGE_SPY_DISCLOSURE,2024-06-28,338757.67,13,99588.19,438345.86
BRIDGE_SPY_DISCLOSURE,2024-07-01,338936.15,13,99615.18,438551.33
BRIDGE_SPY_DISCLOSURE,2024-07-02,341753.51,13,99642.18,441395.69
BRIDGE_SPY_DISCLOSURE,2024-07-03,343479.45,13,99669.18,443148.63
BRIDGE_SPY_DISCLOSURE,2024-07-05,346005.86,13,99696.2,445702.06
BRIDGE_SPY_DISCLOSURE,2024-07-08,346155.42,11,30503.46,376658.89
BRIDGE_SPY_DISCLOSURE,2024-07-09,346517.98,10,0.0,342395.52
BRIDGE_SPY_DISCLOSURE,2024-07-10,349914.26,11,30606.17,380520.42
BRIDGE_SPY_DISCLOSURE,2024-07-11,346618.44,13,100658.93,447277.37
BRIDGE_SPY_DISCLOSURE,2024-07-12,349133.85,13,100666.33,449800.18
BRIDGE_SPY_DISCLOSURE,2024-07-15,349912.37,13,100693.61,450605.98
BRIDGE_SPY_DISCLOSURE,2024-07-16,352745.59,13,100648.64,453394.23
BRIDGE_SPY_DISCLOSURE,2024-07-17,348053.24,13,100675.91,448729.16
BRIDGE_SPY_DISCLOSURE,2024-07-18,344805.96,13,100703.2,445509.16
BRIDGE_SPY_DISCLOSURE,2024-07-19,342586.37,10,0.0,341974.69
BRIDGE_SPY_DISCLOSURE,2024-07-22,345070.9,9,0.0,310038.64
BRIDGE_SPY_DISCLOSURE,2024-07-23,344266.29,11,34030.4,378296.69
BRIDGE_SPY_DISCLOSURE,2024-07-24,338568.51,10,0.0,338355.96
BRIDGE_SPY_DISCLOSURE,2024-07-25,335792.94,9,0.0,301873.56
BRIDGE_SPY_DISCLOSURE,2024-07-26,341318.56,10,237.64,341556.2
BRIDGE_SPY_DISCLOSURE,2024-07-29,341522.93,11,34476.54,375999.47
BRIDGE_SPY_DISCLOSURE,2024-07-30,341987.05,12,68744.75,410731.8
BRIDGE_SPY_DISCLOSURE,2024-07-31,348372.98,13,103469.0,451841.97
BRIDGE_SPY_DISCLOSURE,2024-08-01,343390.35,13,103497.04,446887.39
BRIDGE_SPY_DISCLOSURE,2024-08-02,337298.26,13,103525.09,440823.35
BRIDGE_SPY_DISCLOSURE,2024-08-05,325479.87,13,103553.15,429033.02
BRIDGE_SPY_DISCLOSURE,2024-08-06,327636.95,11,34617.91,362254.86
BRIDGE_SPY_DISCLOSURE,2024-08-07,325097.53,12,67761.99,392859.51
BRIDGE_SPY_DISCLOSURE,2024-08-08,333578.36,12,67780.35,401358.71
BRIDGE_SPY_DISCLOSURE,2024-08-09,335266.21,12,67798.72,403064.93
BRIDGE_SPY_DISCLOSURE,2024-08-12,335939.37,12,67817.1,403756.47
BRIDGE_SPY_DISCLOSURE,2024-08-13,349926.56,12,67835.48,417762.04
BRIDGE_SPY_DISCLOSURE,2024-08-14,350415.09,12,67853.87,418268.96
BRIDGE_SPY_DISCLOSURE,2024-08-15,357771.39,12,67872.26,425643.65
BRIDGE_SPY_DISCLOSURE,2024-08-16,358241.17,12,67890.65,426131.82
BRIDGE_SPY_DISCLOSURE,2024-08-19,360491.18,12,69130.56,429621.73
BRIDGE_SPY_DISCLOSURE,2024-08-20,359739.51,12,69149.3,428888.81
BRIDGE_SPY_DISCLOSURE,2024-08-21,360770.16,12,67029.39,427799.54
BRIDGE_SPY_DISCLOSURE,2024-08-22,357501.91,12,67047.55,424549.46
BRIDGE_SPY_DISCLOSURE,2024-08-23,362610.84,12,67065.72,429676.56
BRIDGE_SPY_DISCLOSURE,2024-08-26,362625.82,12,67083.9,429709.72
BRIDGE_SPY_DISCLOSURE,2024-08-27,364227.22,12,68365.29,432592.51
BRIDGE_SPY_DISCLOSURE,2024-08-28,360182.38,11,32302.98,392485.35
BRIDGE_SPY_DISCLOSURE,2024-08-29,359605.99,12,68619.79,428225.78
BRIDGE_SPY_DISCLOSURE,2024-08-30,362289.82,12,68638.39,430928.21
BRIDGE_SPY_DISCLOSURE,2024-09-03,353696.26,12,68656.45,422352.7
BRIDGE_SPY_DISCLOSURE,2024-09-04,352953.83,11,28070.75,381024.58
BRIDGE_SPY_DISCLOSURE,2024-09-05,351785.56,12,63356.75,415142.32
BRIDGE_SPY_DISCLOSURE,2024-09-06,344402.6,13,98605.44,443008.04
BRIDGE_SPY_DISCLOSURE,2024-09-09,349092.53,12,63777.91,412870.44
BRIDGE_SPY_DISCLOSURE,2024-09-10,350787.08,13,98866.96,449654.04
BRIDGE_SPY_DISCLOSURE,2024-09-11,355489.83,13,98892.97,454382.8
BRIDGE_SPY_DISCLOSURE,2024-09-12,359513.42,13,98918.99,458432.41
BRIDGE_SPY_DISCLOSURE,2024-09-13,361865.53,13,98945.01,460810.55
BRIDGE_SPY_DISCLOSURE,2024-09-16,362777.12,13,98971.05,461748.16
BRIDGE_SPY_DISCLOSURE,2024-09-17,362663.5,13,99311.11,461974.62
BRIDGE_SPY_DISCLOSURE,2024-09-18,360967.64,13,99653.03,460620.66
BRIDGE_SPY_DISCLOSURE,2024-09-19,370012.61,13,99679.25,469691.86
BRIDGE_SPY_DISCLOSURE,2024-09-20,368013.15,13,99705.47,467718.63
BRIDGE_SPY_DISCLOSURE,2024-09-23,368656.75,13,101103.03,469759.79
BRIDGE_SPY_DISCLOSURE,2024-09-24,370655.82,13,102406.03,473061.85
BRIDGE_SPY_DISCLOSURE,2024-09-25,370141.32,13,102432.97,472574.29
BRIDGE_SPY_DISCLOSURE,2024-09-26,372064.31,13,102459.92,474524.23
BRIDGE_SPY_DISCLOSURE,2024-09-27,371516.66,13,102486.88,474003.54
BRIDGE_SPY_DISCLOSURE,2024-09-30,372860.59,13,102513.84,475374.43
BRIDGE_SPY_DISCLOSURE,2024-10-01,368824.57,12,65560.11,434384.68
BRIDGE_SPY_DISCLOSURE,2024-10-02,369163.34,9,0.0,325823.52
BRIDGE_SPY_DISCLOSURE,2024-10-03,368567.68,9,0.0,325227.86
BRIDGE_SPY_DISCLOSURE,2024-10-04,371523.14,9,0.0,328183.32
BRIDGE_SPY_DISCLOSURE,2024-10-07,367544.87,13,104899.77,472444.64
BRIDGE_SPY_DISCLOSURE,2024-10-08,371610.95,13,104926.12,476537.07
BRIDGE_SPY_DISCLOSURE,2024-10-09,374833.03,13,105008.46,479841.49
BRIDGE_SPY_DISCLOSURE,2024-10-10,373829.06,13,105034.84,478863.9
BRIDGE_SPY_DISCLOSURE,2024-10-11,378273.55,13,105061.22,483334.77
BRIDGE_SPY_DISCLOSURE,2024-10-14,381847.17,13,105087.61,486934.78
BRIDGE_SPY_DISCLOSURE,2024-10-15,378549.24,13,105114.01,483663.25
BRIDGE_SPY_DISCLOSURE,2024-10-16,381028.49,13,105633.2,486661.69
BRIDGE_SPY_DISCLOSURE,2024-10-17,380856.13,13,105659.73,486515.86
BRIDGE_SPY_DISCLOSURE,2024-10-18,382254.34,13,106041.9,488296.24
BRIDGE_SPY_DISCLOSURE,2024-10-21,380974.01,13,106068.54,487042.55
BRIDGE_SPY_DISCLOSURE,2024-10-22,380561.19,12,67978.93,448540.12
BRIDGE_SPY_DISCLOSURE,2024-10-23,376445.63,12,67996.0,444441.64
BRIDGE_SPY_DISCLOSURE,2024-10-24,377351.74,12,68251.4,445603.14
BRIDGE_SPY_DISCLOSURE,2024-10-25,377180.73,12,68268.54,445449.27
BRIDGE_SPY_DISCLOSURE,2024-10-28,378540.64,12,68285.69,446826.33
BRIDGE_SPY_DISCLOSURE,2024-10-29,379246.62,12,68302.84,447549.46
BRIDGE_SPY_DISCLOSURE,2024-10-30,377837.26,12,68545.17,446382.43
BRIDGE_SPY_DISCLOSURE,2024-10-31,369069.56,12,68562.39,437631.95
BRIDGE_SPY_DISCLOSURE,2024-11-01,370899.87,12,68579.12,439478.99
BRIDGE_SPY_DISCLOSURE,2024-11-04,369936.53,12,68595.86,438532.38
BRIDGE_SPY_DISCLOSURE,2024-11-05,375222.42,12,68612.6,443835.02
BRIDGE_SPY_DISCLOSURE,2024-11-06,386241.88,12,68629.34,454871.22
BRIDGE_SPY_DISCLOSURE,2024-11-07,389742.26,12,68646.09,458388.35
BRIDGE_SPY_DISCLOSURE,2024-11-08,391711.12,12,68662.84,460373.96
BRIDGE_SPY_DISCLOSURE,2024-11-11,392133.05,12,68679.6,460812.65
BRIDGE_SPY_DISCLOSURE,2024-11-12,390684.82,12,68696.36,459381.18
BRIDGE_SPY_DISCLOSURE,2024-11-13,390852.13,12,68905.56,459757.68
BRIDGE_SPY_DISCLOSURE,2024-11-14,387878.99,12,68922.37,456801.37
BRIDGE_SPY_DISCLOSURE,2024-11-15,382011.19,12,68939.19,450950.39
BRIDGE_SPY_DISCLOSURE,2024-11-18,383803.47,12,68888.92,452692.4
BRIDGE_SPY_DISCLOSURE,2024-11-19,385441.46,12,68905.74,454347.2
BRIDGE_SPY_DISCLOSURE,2024-11-20,385578.59,12,68922.55,454501.15
BRIDGE_SPY_DISCLOSURE,2024-11-21,388001.67,12,68939.37,456941.05
BRIDGE_SPY_DISCLOSURE,2024-11-22,389401.1,12,68956.2,458357.29
BRIDGE_SPY_DISCLOSURE,2024-11-25,390939.05,12,68973.03,459912.08
BRIDGE_SPY_DISCLOSURE,2024-11-26,393376.89,13,108393.77,501770.66
BRIDGE_SPY_DISCLOSURE,2024-11-27,391789.7,13,108879.86,500669.55
BRIDGE_SPY_DISCLOSURE,2024-11-29,394873.32,13,108906.43,503779.75
BRIDGE_SPY_DISCLOSURE,2024-12-02,395699.39,12,71327.35,467026.74
BRIDGE_SPY_DISCLOSURE,2024-12-03,395899.08,12,71344.27,467243.35
BRIDGE_SPY_DISCLOSURE,2024-12-04,398783.51,12,71361.2,470144.72
BRIDGE_SPY_DISCLOSURE,2024-12-05,397952.68,12,71660.41,469613.09
BRIDGE_SPY_DISCLOSURE,2024-12-06,398787.78,12,73682.52,472470.3
BRIDGE_SPY_DISCLOSURE,2024-12-09,396337.24,12,73700.01,470037.25
BRIDGE_SPY_DISCLOSURE,2024-12-10,395016.46,11,34029.84,429046.29
BRIDGE_SPY_DISCLOSURE,2024-12-11,398209.0,10,0.0,394295.41
BRIDGE_SPY_DISCLOSURE,2024-12-12,396001.55,11,35858.69,431860.24
BRIDGE_SPY_DISCLOSURE,2024-12-13,395907.29,11,35867.2,431774.49
BRIDGE_SPY_DISCLOSURE,2024-12-16,397742.44,11,35875.71,433618.15
BRIDGE_SPY_DISCLOSURE,2024-12-17,395947.4,11,35884.23,431831.63
BRIDGE_SPY_DISCLOSURE,2024-12-18,384216.01,10,0.0,380589.4
BRIDGE_SPY_DISCLOSURE,2024-12-19,384423.92,9,0.0,342126.7
BRIDGE_SPY_DISCLOSURE,2024-12-20,387371.81,9,0.0,345074.59
BRIDGE_SPY_DISCLOSURE,2024-12-23,388487.15,11,35153.19,423640.34
BRIDGE_SPY_DISCLOSURE,2024-12-24,393171.52,12,74147.84,467319.37
BRIDGE_SPY_DISCLOSURE,2024-12-26,392992.82,12,74165.44,467158.26
BRIDGE_SPY_DISCLOSURE,2024-12-27,387566.57,12,74192.12,461758.68
BRIDGE_SPY_DISCLOSURE,2024-12-30,382653.43,12,74209.72,456863.16
BRIDGE_SPY_DISCLOSURE,2024-12-31,380917.03,12,74227.33,455144.36
BRIDGE_SPY_DISCLOSURE,2025-01-02,380002.26,12,74244.5,454246.76
BRIDGE_SPY_DISCLOSURE,2025-01-03,384288.95,12,74261.68,458550.63
BRIDGE_SPY_DISCLOSURE,2025-01-06,386343.48,12,74278.86,460622.35
BRIDGE_SPY_DISCLOSURE,2025-01-07,381094.25,12,74296.05,455390.3
BRIDGE_SPY_DISCLOSURE,2025-01-08,382148.77,12,73783.9,455932.67
BRIDGE_SPY_DISCLOSURE,2025-01-10,375840.88,12,73800.97,449641.85
BRIDGE_SPY_DISCLOSURE,2025-01-13,375911.48,12,73818.04,449729.52
BRIDGE_SPY_DISCLOSURE,2025-01-14,377370.06,12,73835.12,451205.18
BRIDGE_SPY_DISCLOSURE,2025-01-15,385537.28,12,73852.2,459389.49
BRIDGE_SPY_DISCLOSURE,2025-01-16,384867.25,12,73869.29,458736.53
BRIDGE_SPY_DISCLOSURE,2025-01-17,390256.29,12,73886.38,464142.67
BRIDGE_SPY_DISCLOSURE,2025-01-21,393777.58,12,73903.47,467681.05
BRIDGE_SPY_DISCLOSURE,2025-01-22,395629.22,12,74044.0,469673.22
BRIDGE_SPY_DISCLOSURE,2025-01-23,398459.01,12,73903.4,472362.4
BRIDGE_SPY_DISCLOSURE,2025-01-24,396894.78,12,73920.5,470815.27
BRIDGE_SPY_DISCLOSURE,2025-01-27,391122.0,12,73937.6,465059.6
BRIDGE_SPY_DISCLOSURE,2025-01-28,398018.15,13,113596.64,511614.79
BRIDGE_SPY_DISCLOSURE,2025-01-29,396043.95,13,113888.26,509932.21
BRIDGE_SPY_DISCLOSURE,2025-01-30,399343.34,13,114365.39,513708.73
BRIDGE_SPY_DISCLOSURE,2025-01-31,395607.55,13,114391.85,509999.4
BRIDGE_SPY_DISCLOSURE,2025-02-03,391175.39,12,76051.62,467227.01
BRIDGE_SPY_DISCLOSURE,2025-02-04,393936.46,10,0.0,391206.4
BRIDGE_SPY_DISCLOSURE,2025-02-05,395728.75,11,36597.93,432326.68
BRIDGE_SPY_DISCLOSURE,2025-02-06,397222.88,11,36606.4,433829.28
BRIDGE_SPY_DISCLOSURE,2025-02-07,393243.33,11,36614.87,429858.2
BRIDGE_SPY_DISCLOSURE,2025-02-10,396154.12,11,36623.34,432777.46
BRIDGE_SPY_DISCLOSURE,2025-02-11,396474.8,11,36631.81,433106.61
BRIDGE_SPY_DISCLOSURE,2025-02-12,396099.11,13,115187.6,511286.71
BRIDGE_SPY_DISCLOSURE,2025-02-13,403988.94,13,115214.25,519203.19
BRIDGE_SPY_DISCLOSURE,2025-02-14,402993.98,13,115240.91,518234.88
BRIDGE_SPY_DISCLOSURE,2025-02-18,411122.2,13,115267.57,526389.77
BRIDGE_SPY_DISCLOSURE,2025-02-19,409242.8,13,115294.23,524537.03
BRIDGE_SPY_DISCLOSURE,2025-02-20,407884.3,13,115320.91,523205.21
BRIDGE_SPY_DISCLOSURE,2025-02-21,397529.19,13,115347.59,512876.77
BRIDGE_SPY_DISCLOSURE,2025-02-24,394300.76,13,115374.27,509675.03
BRIDGE_SPY_DISCLOSURE,2025-02-25,391795.01,12,72629.46,464424.47
BRIDGE_SPY_DISCLOSURE,2025-02-26,391973.19,12,72770.37,464743.55
BRIDGE_SPY_DISCLOSURE,2025-02-27,384499.08,12,72811.72,457310.8
BRIDGE_SPY_DISCLOSURE,2025-02-28,391036.76,11,36613.71,427650.46
BRIDGE_SPY_DISCLOSURE,2025-03-03,382690.64,12,75878.88,458569.52
BRIDGE_SPY_DISCLOSURE,2025-03-04,377245.04,12,75896.43,453141.47
BRIDGE_SPY_DISCLOSURE,2025-03-05,382097.78,12,75913.99,458011.77
BRIDGE_SPY_DISCLOSURE,2025-03-06,374120.66,11,38386.37,412507.03
BRIDGE_SPY_DISCLOSURE,2025-03-07,376423.83,11,38395.25,414819.08
BRIDGE_SPY_DISCLOSURE,2025-03-10,365365.99,11,38404.14,403770.13
BRIDGE_SPY_DISCLOSURE,2025-03-11,361711.85,12,74746.49,436458.34
BRIDGE_SPY_DISCLOSURE,2025-03-12,364010.64,12,74763.78,438774.42
BRIDGE_SPY_DISCLOSURE,2025-03-13,358567.97,11,37697.04,396265.0
BRIDGE_SPY_DISCLOSURE,2025-03-14,367153.79,12,73907.97,441061.76
BRIDGE_SPY_DISCLOSURE,2025-03-17,370537.88,12,73925.06,444462.94
BRIDGE_SPY_DISCLOSURE,2025-03-18,365716.83,12,73942.17,439658.99
BRIDGE_SPY_DISCLOSURE,2025-03-19,370487.98,12,73959.27,444447.25
BRIDGE_SPY_DISCLOSURE,2025-03-20,369185.63,12,73976.38,443162.01
BRIDGE_SPY_DISCLOSURE,2025-03-21,367985.15,12,73993.5,441978.65
BRIDGE_SPY_DISCLOSURE,2025-03-24,375883.21,12,74010.62,449893.83
BRIDGE_SPY_DISCLOSURE,2025-03-25,376947.57,12,74027.74,450975.31
BRIDGE_SPY_DISCLOSURE,2025-03-26,371546.58,12,74044.86,445591.44
BRIDGE_SPY_DISCLOSURE,2025-03-27,370342.63,11,36752.19,407094.82
BRIDGE_SPY_DISCLOSURE,2025-03-28,362097.94,11,36860.02,398957.95
BRIDGE_SPY_DISCLOSURE,2025-03-31,364767.54,11,36868.54,401636.08
BRIDGE_SPY_DISCLOSURE,2025-04-01,365893.4,11,36877.07,402770.48
BRIDGE_SPY_DISCLOSURE,2025-04-02,368433.77,11,36885.6,405319.37
BRIDGE_SPY_DISCLOSURE,2025-04-03,348450.76,11,36894.14,385344.9
BRIDGE_SPY_DISCLOSURE,2025-04-04,325882.99,11,36902.67,362785.67
BRIDGE_SPY_DISCLOSURE,2025-04-07,325228.27,11,36911.21,362139.48
BRIDGE_SPY_DISCLOSURE,2025-04-08,319547.62,11,36919.75,356467.37
BRIDGE_SPY_DISCLOSURE,2025-04-09,353365.7,10,4738.36,358104.06
BRIDGE_SPY_DISCLOSURE,2025-04-10,337159.37,11,39010.2,376169.57
BRIDGE_SPY_DISCLOSURE,2025-04-11,343862.27,11,39019.22,382881.5
BRIDGE_SPY_DISCLOSURE,2025-04-14,347567.75,11,39028.25,386596.0
BRIDGE_SPY_DISCLOSURE,2025-04-15,346475.91,11,39037.28,385513.2
BRIDGE_SPY_DISCLOSURE,2025-04-16,337897.68,11,39046.31,376944.0
BRIDGE_SPY_DISCLOSURE,2025-04-17,338426.47,11,39055.35,377481.81
BRIDGE_SPY_DISCLOSURE,2025-04-21,329432.35,11,39064.38,368496.73
BRIDGE_SPY_DISCLOSURE,2025-04-22,339010.76,11,39073.42,378084.18
BRIDGE_SPY_DISCLOSURE,2025-04-23,344860.31,11,39082.46,383942.77
BRIDGE_SPY_DISCLOSURE,2025-04-24,352932.86,11,39091.5,392024.36
BRIDGE_SPY_DISCLOSURE,2025-04-25,355756.32,11,39100.54,394856.86
BRIDGE_SPY_DISCLOSURE,2025-04-28,355897.83,11,39109.59,395007.42
BRIDGE_SPY_DISCLOSURE,2025-04-29,358700.41,12,74577.51,433277.91
BRIDGE_SPY_DISCLOSURE,2025-04-30,358855.09,12,74594.76,433449.85
BRIDGE_SPY_DISCLOSURE,2025-05-01,361909.67,12,74612.02,436521.69
BRIDGE_SPY_DISCLOSURE,2025-05-02,368372.22,12,74629.28,443001.5
BRIDGE_SPY_DISCLOSURE,2025-05-05,365814.63,12,74646.54,440461.17
BRIDGE_SPY_DISCLOSURE,2025-05-06,362049.44,11,38360.64,400410.08
BRIDGE_SPY_DISCLOSURE,2025-05-07,363567.46,9,0.0,329365.13
BRIDGE_SPY_DISCLOSURE,2025-05-08,365820.1,9,0.0,331826.36
BRIDGE_SPY_DISCLOSURE,2025-05-09,366048.95,11,39395.59,405444.54
BRIDGE_SPY_DISCLOSURE,2025-05-12,379020.05,12,77257.98,456278.03
BRIDGE_SPY_DISCLOSURE,2025-05-13,382277.89,12,77275.86,459553.75
BRIDGE_SPY_DISCLOSURE,2025-05-14,380607.26,11,39359.93,419967.19
BRIDGE_SPY_DISCLOSURE,2025-05-15,382660.22,12,77200.59,459860.81
BRIDGE_SPY_DISCLOSURE,2025-05-16,385140.1,12,77218.45,462358.55
BRIDGE_SPY_DISCLOSURE,2025-05-19,384470.04,12,77236.31,461706.36
BRIDGE_SPY_DISCLOSURE,2025-05-20,382435.72,12,77254.18,459689.9
BRIDGE_SPY_DISCLOSURE,2025-05-21,374449.73,12,77272.05,451721.79
BRIDGE_SPY_DISCLOSURE,2025-05-22,374025.35,10,1171.58,375196.93
BRIDGE_SPY_DISCLOSURE,2025-05-23,370876.6,9,0.0,334555.58
BRIDGE_SPY_DISCLOSURE,2025-05-27,378082.66,12,76158.13,454240.79
BRIDGE_SPY_DISCLOSURE,2025-05-28,374586.22,12,76175.75,450761.97
BRIDGE_SPY_DISCLOSURE,2025-05-29,376343.61,12,76193.37,452536.98
BRIDGE_SPY_DISCLOSURE,2025-05-30,374651.81,12,76211.0,450862.81
BRIDGE_SPY_DISCLOSURE,2025-06-02,377114.13,12,76228.63,453342.76
BRIDGE_SPY_DISCLOSURE,2025-06-03,380110.96,12,76246.26,456357.22
BRIDGE_SPY_DISCLOSURE,2025-06-04,379480.37,12,76263.9,455744.27
BRIDGE_SPY_DISCLOSURE,2025-06-05,376736.56,12,76281.55,453018.1
BRIDGE_SPY_DISCLOSURE,2025-06-06,381600.89,12,76299.19,457900.09
BRIDGE_SPY_DISCLOSURE,2025-06-09,383856.07,12,76316.85,460172.91
BRIDGE_SPY_DISCLOSURE,2025-06-10,389906.05,12,76334.5,466240.55
BRIDGE_SPY_DISCLOSURE,2025-06-11,387407.02,12,76769.26,464176.28
BRIDGE_SPY_DISCLOSURE,2025-06-12,389621.23,12,76692.62,466313.85
BRIDGE_SPY_DISCLOSURE,2025-06-13,384900.05,12,76710.37,461610.41
BRIDGE_SPY_DISCLOSURE,2025-06-16,389148.98,12,76728.11,465877.09
BRIDGE_SPY_DISCLOSURE,2025-06-17,386305.12,12,76890.19,463195.31
BRIDGE_SPY_DISCLOSURE,2025-06-18,388377.64,12,76907.98,465285.62
BRIDGE_SPY_DISCLOSURE,2025-06-20,387077.41,12,76925.77,464003.18
BRIDGE_SPY_DISCLOSURE,2025-06-23,385659.72,12,76904.82,462564.53
BRIDGE_SPY_DISCLOSURE,2025-06-24,392468.7,12,76922.61,469391.31
BRIDGE_SPY_DISCLOSURE,2025-06-25,395291.76,11,39540.24,434832.0
BRIDGE_SPY_DISCLOSURE,2025-06-26,400961.85,11,39549.39,440511.24
BRIDGE_SPY_DISCLOSURE,2025-06-27,401505.34,11,40215.15,441720.49
BRIDGE_SPY_DISCLOSURE,2025-06-30,403992.06,11,40224.45,444216.52
BRIDGE_SPY_DISCLOSURE,2025-07-01,403026.95,11,40233.76,443260.71
BRIDGE_SPY_DISCLOSURE,2025-07-02,404307.05,11,40410.17,444717.22
BRIDGE_SPY_DISCLOSURE,2025-07-03,408058.81,11,40419.52,448478.33
BRIDGE_SPY_DISCLOSURE,2025-07-07,403170.83,11,40428.87,443599.7
BRIDGE_SPY_DISCLOSURE,2025-07-08,407780.47,11,40360.27,448140.75
BRIDGE_SPY_DISCLOSURE,2025-07-09,411363.67,13,122022.04,533385.71
BRIDGE_SPY_DISCLOSURE,2025-07-10,413263.62,13,122050.27,535313.89
BRIDGE_SPY_DISCLOSURE,2025-07-11,410004.57,13,122078.5,532083.07
BRIDGE_SPY_DISCLOSURE,2025-07-14,412857.61,12,82036.78,494894.4
BRIDGE_SPY_DISCLOSURE,2025-07-15,413049.4,13,124863.11,537912.5
BRIDGE_SPY_DISCLOSURE,2025-07-16,414704.16,13,124891.99,539596.15
BRIDGE_SPY_DISCLOSURE,2025-07-17,417841.68,13,124920.89,542762.57
BRIDGE_SPY_DISCLOSURE,2025-07-18,417018.9,13,124949.79,541968.69
BRIDGE_SPY_DISCLOSURE,2025-07-21,417301.69,13,124978.7,542280.39
BRIDGE_SPY_DISCLOSURE,2025-07-22,415035.21,13,125007.61,540042.82
BRIDGE_SPY_DISCLOSURE,2025-07-23,422209.92,13,125036.53,547246.45
BRIDGE_SPY_DISCLOSURE,2025-07-24,421623.1,13,125065.46,546688.56
BRIDGE_SPY_DISCLOSURE,2025-07-25,422882.47,13,125094.39,547976.86
BRIDGE_SPY_DISCLOSURE,2025-07-28,427447.57,13,125123.33,552570.9
BRIDGE_SPY_DISCLOSURE,2025-07-29,424003.86,13,127350.15,551354.01
BRIDGE_SPY_DISCLOSURE,2025-07-30,425880.52,13,127379.61,553260.13
BRIDGE_SPY_DISCLOSURE,2025-07-31,421710.46,13,127409.08,549119.53
BRIDGE_SPY_DISCLOSURE,2025-08-01,410738.45,13,127438.55,538177.0
BRIDGE_SPY_DISCLOSURE,2025-08-04,420159.71,12,85520.85,505680.56
BRIDGE_SPY_DISCLOSURE,2025-08-05,422252.14,12,85540.63,507792.77
BRIDGE_SPY_DISCLOSURE,2025-08-06,417897.05,12,85560.42,503457.47
BRIDGE_SPY_DISCLOSURE,2025-08-07,417116.71,12,85580.22,502696.92
BRIDGE_SPY_DISCLOSURE,2025-08-08,419852.15,12,85600.02,505452.17
BRIDGE_SPY_DISCLOSURE,2025-08-11,419598.82,12,85619.82,505218.64
BRIDGE_SPY_DISCLOSURE,2025-08-12,427948.07,12,85639.63,513587.7
BRIDGE_SPY_DISCLOSURE,2025-08-13,428861.96,12,85659.44,514521.4
BRIDGE_SPY_DISCLOSURE,2025-08-14,430237.75,12,85679.26,515917.01
BRIDGE_SPY_DISCLOSURE,2025-08-15,429796.42,12,77881.3,507677.72
BRIDGE_SPY_DISCLOSURE,2025-08-18,428558.44,12,77899.32,506457.76
BRIDGE_SPY_DISCLOSURE,2025-08-19,426763.5,12,77917.34,504680.84
BRIDGE_SPY_DISCLOSURE,2025-08-20,421978.47,12,77935.37,499913.83
BRIDGE_SPY_DISCLOSURE,2025-08-21,419933.96,12,77953.4,497887.36
BRIDGE_SPY_DISCLOSURE,2025-08-22,430021.62,12,77971.43,507993.05
BRIDGE_SPY_DISCLOSURE,2025-08-25,427729.81,13,121014.61,548744.42
BRIDGE_SPY_DISCLOSURE,2025-08-26,429566.8,13,121042.61,550609.4
BRIDGE_SPY_DISCLOSURE,2025-08-27,431792.58,13,121193.4,552985.98
BRIDGE_SPY_DISCLOSURE,2025-08-28,432818.65,13,122338.62,555157.27
BRIDGE_SPY_DISCLOSURE,2025-08-29,426785.67,13,122366.92,549152.59
BRIDGE_SPY_DISCLOSURE,2025-09-02,421576.27,11,39373.98,460950.25
BRIDGE_SPY_DISCLOSURE,2025-09-03,423297.55,12,81720.02,505017.56
BRIDGE_SPY_DISCLOSURE,2025-09-04,427688.26,12,80939.59,508627.85
BRIDGE_SPY_DISCLOSURE,2025-09-05,426042.47,12,80958.0,507000.47
BRIDGE_SPY_DISCLOSURE,2025-09-08,426848.97,12,80976.4,507825.37
BRIDGE_SPY_DISCLOSURE,2025-09-09,430502.93,12,80994.82,511497.75
BRIDGE_SPY_DISCLOSURE,2025-09-10,432739.3,12,81013.23,513752.54
BRIDGE_SPY_DISCLOSURE,2025-09-11,436699.05,12,81031.65,517730.71
BRIDGE_SPY_DISCLOSURE,2025-09-12,437461.69,12,81050.08,518511.77
BRIDGE_SPY_DISCLOSURE,2025-09-15,440329.64,12,81068.51,521398.15
BRIDGE_SPY_DISCLOSURE,2025-09-16,439228.06,12,81086.94,520315.01
BRIDGE_SPY_DISCLOSURE,2025-09-17,438604.22,12,81105.38,519709.6
BRIDGE_SPY_DISCLOSURE,2025-09-18,441714.03,12,81045.11,522759.14
BRIDGE_SPY_DISCLOSURE,2025-09-19,442626.23,12,81063.54,523689.77
BRIDGE_SPY_DISCLOSURE,2025-09-22,445841.23,12,81081.97,526923.2
BRIDGE_SPY_DISCLOSURE,2025-09-23,443290.68,12,81100.41,524391.08
BRIDGE_SPY_DISCLOSURE,2025-09-24,441029.78,12,81118.85,522148.62
BRIDGE_SPY_DISCLOSURE,2025-09-25,438829.29,12,81137.29,519966.58
BRIDGE_SPY_DISCLOSURE,2025-09-26,441253.38,13,125025.36,566278.74
BRIDGE_SPY_DISCLOSURE,2025-09-29,443185.01,13,125053.78,568238.79
BRIDGE_SPY_DISCLOSURE,2025-09-30,446556.68,13,125082.22,571638.9
BRIDGE_SPY_DISCLOSURE,2025-10-01,452280.37,13,125857.56,578137.93
BRIDGE_SPY_DISCLOSURE,2025-10-02,452962.94,13,125885.43,578848.37
BRIDGE_SPY_DISCLOSURE,2025-10-03,452443.16,13,125913.3,578356.46
BRIDGE_SPY_DISCLOSURE,2025-10-06,456706.54,13,125941.18,582647.73
BRIDGE_SPY_DISCLOSURE,2025-10-07,455103.33,13,125969.07,581072.4
BRIDGE_SPY_DISCLOSURE,2025-10-08,461481.69,13,125996.96,587478.65
BRIDGE_SPY_DISCLOSURE,2025-10-09,459276.81,13,126024.86,585301.67
BRIDGE_SPY_DISCLOSURE,2025-10-10,440159.83,13,127490.79,567650.61
BRIDGE_SPY_DISCLOSURE,2025-10-13,449766.91,13,128339.89,578106.8
BRIDGE_SPY_DISCLOSURE,2025-10-14,447622.28,13,128368.31,575990.59
BRIDGE_SPY_DISCLOSURE,2025-10-15,450683.58,13,128396.73,579080.32
BRIDGE_SPY_DISCLOSURE,2025-10-16,446951.1,13,128425.16,575376.26
BRIDGE_SPY_DISCLOSURE,2025-10-17,448426.91,13,128453.6,576880.51
BRIDGE_SPY_DISCLOSURE,2025-10-20,456475.28,13,128482.04,584957.32
BRIDGE_SPY_DISCLOSURE,2025-10-21,456196.01,13,128695.58,584891.6
BRIDGE_SPY_DISCLOSURE,2025-10-22,451251.87,13,129648.34,580900.22
BRIDGE_SPY_DISCLOSURE,2025-10-23,450283.81,13,129677.05,579960.87
BRIDGE_SPY_DISCLOSURE,2025-10-24,454912.16,12,85952.19,540864.36
BRIDGE_SPY_DISCLOSURE,2025-10-27,463703.3,12,85971.23,549674.53
BRIDGE_SPY_DISCLOSURE,2025-10-28,465729.52,12,85990.26,551719.78
BRIDGE_SPY_DISCLOSURE,2025-10-29,466201.84,12,86097.59,552299.43
BRIDGE_SPY_DISCLOSURE,2025-10-30,458548.51,12,86116.65,544665.17
BRIDGE_SPY_DISCLOSURE,2025-10-31,461358.23,13,132475.07,593833.3
BRIDGE_SPY_DISCLOSURE,2025-11-03,461226.4,13,132419.64,593646.03
BRIDGE_SPY_DISCLOSURE,2025-11-04,451742.77,12,87588.41,539331.18
BRIDGE_SPY_DISCLOSURE,2025-11-05,448632.78,12,87607.11,536239.89
BRIDGE_SPY_DISCLOSURE,2025-11-06,441745.52,12,87625.81,529371.33
BRIDGE_SPY_DISCLOSURE,2025-11-07,441697.06,12,87644.52,529341.58
BRIDGE_SPY_DISCLOSURE,2025-11-10,449767.68,12,87663.23,537430.91
BRIDGE_SPY_DISCLOSURE,2025-11-11,449668.9,12,87681.95,537350.85
BRIDGE_SPY_DISCLOSURE,2025-11-12,449114.17,12,87700.67,536814.83
BRIDGE_SPY_DISCLOSURE,2025-11-13,438189.43,12,86917.58,525107.01
BRIDGE_SPY_DISCLOSURE,2025-11-14,439620.77,13,128972.12,568592.89
BRIDGE_SPY_DISCLOSURE,2025-11-17,432520.68,13,128999.66,561520.34
BRIDGE_SPY_DISCLOSURE,2025-11-18,428995.59,11,40735.77,469731.36
BRIDGE_SPY_DISCLOSURE,2025-11-19,429721.51,12,83668.32,513389.83
BRIDGE_SPY_DISCLOSURE,2025-11-20,420394.27,12,83686.18,504080.45
BRIDGE_SPY_DISCLOSURE,2025-11-21,425680.56,12,83704.05,509384.6
BRIDGE_SPY_DISCLOSURE,2025-11-24,434108.05,13,126583.91,560691.97
BRIDGE_SPY_DISCLOSURE,2025-11-25,438321.08,13,126610.94,564932.01
BRIDGE_SPY_DISCLOSURE,2025-11-26,442306.76,13,126637.97,568944.73
BRIDGE_SPY_DISCLOSURE,2025-11-28,446138.9,13,126665.01,572803.91
BRIDGE_SPY_DISCLOSURE,2025-12-01,443241.64,13,126691.29,569932.94
BRIDGE_SPY_DISCLOSURE,2025-12-02,443731.85,13,126904.99,570636.83
BRIDGE_SPY_DISCLOSURE,2025-12-03,446260.51,13,126931.33,573191.83
BRIDGE_SPY_DISCLOSURE,2025-12-04,447124.12,13,126957.67,574081.79
BRIDGE_SPY_DISCLOSURE,2025-12-05,448542.25,13,126984.02,575526.27
BRIDGE_SPY_DISCLOSURE,2025-12-08,447489.75,13,127010.37,574500.12
BRIDGE_SPY_DISCLOSURE,2025-12-09,446681.21,13,127036.73,573717.94
BRIDGE_SPY_DISCLOSURE,2025-12-10,450144.11,13,127063.1,577207.2
BRIDGE_SPY_DISCLOSURE,2025-12-11,450599.37,13,127089.47,577688.84
BRIDGE_SPY_DISCLOSURE,2025-12-12,443174.78,13,127115.84,570290.62
BRIDGE_SPY_DISCLOSURE,2025-12-15,442117.11,11,34918.15,477035.26
BRIDGE_SPY_DISCLOSURE,2025-12-16,440668.84,10,0.0,431370.88
BRIDGE_SPY_DISCLOSURE,2025-12-17,435206.43,10,0.0,425908.48
BRIDGE_SPY_DISCLOSURE,2025-12-18,437183.89,12,76106.3,513290.19
BRIDGE_SPY_DISCLOSURE,2025-12-19,440248.84,12,76172.28,516421.11
BRIDGE_SPY_DISCLOSURE,2025-12-22,443672.54,13,120393.72,564066.26
BRIDGE_SPY_DISCLOSURE,2025-12-23,444930.53,13,120418.71,565349.24
BRIDGE_SPY_DISCLOSURE,2025-12-24,446498.9,13,120443.7,566942.6
BRIDGE_SPY_DISCLOSURE,2025-12-26,446630.84,13,120468.7,567099.54
BRIDGE_SPY_DISCLOSURE,2025-12-29,445323.46,13,118494.86,563818.32
BRIDGE_SPY_DISCLOSURE,2025-12-30,444678.97,13,118519.45,563198.42
BRIDGE_SPY_DISCLOSURE,2025-12-31,440583.01,13,118611.48,559194.49
