run,ticker,entry_date,entry_px,shares,last_date,bridged,exit_date,exit_px,reason
BASELINE,AVGO,2016-02-01,13.334,749.5877,2016-02-02,False,2016-02-03,13.725,rollback
BASELINE,HAL,2016-02-01,31.29,319.3354,2016-02-05,False,2016-02-08,30.74,rollback
BASELINE,DOW,2016-02-03,45.73,214.2506,2016-02-11,False,2016-02-12,45.28,rollback
BASELINE,CVX,2016-02-09,85.08,108.9885,2016-02-18,False,2016-02-19,86.33,rollback
BASELINE,FOXA,2016-02-01,26.84,372.2432,2016-02-23,False,2016-02-24,26.71,rollback
BASELINE,XRX,2016-02-01,16.996,587.8152,2016-02-23,False,2016-02-24,16.513,rollback
BASELINE,MDLZ,2016-02-01,42.82,233.3374,2016-02-26,False,2016-02-29,40.54,rollback
BASELINE,JNPR,2016-02-19,24.0,407.0166,2016-02-26,False,2016-02-29,24.59,rollback
BASELINE,KLAC,2016-02-01,6.64,1505.0458,2016-03-02,False,2016-03-03,6.836,rollback
BASELINE,LRCX,2016-02-01,7.12,1403.7223,2016-03-08,False,2016-03-09,7.355,rollback
BASELINE,JPM,2016-02-01,59.16,168.9318,2016-03-08,False,2016-03-09,59.15,rollback
BASELINE,TAP,2016-02-01,90.5,110.4199,2016-03-08,False,2016-03-09,88.6,rollback
BASELINE,AMAT,2016-02-01,17.45,572.6364,2016-03-08,False,2016-03-09,19.01,rollback
BASELINE,BAC,2016-02-29,12.7,788.5809,2016-03-08,False,2016-03-09,13.17,rollback
BASELINE,AIG,2016-03-14,52.59,195.6704,2016-03-21,False,2016-03-22,53.55,rollback
BASELINE,GILD,2016-02-16,90.72,104.7284,2016-03-23,False,2016-03-24,89.61,rollback
BASELINE,WY,2016-02-24,24.0,405.8842,2016-04-04,False,2016-04-05,30.87,rollback
BASELINE,ATVI,2016-02-25,31.98,311.365,2016-04-05,False,2016-04-06,33.89,rollback
BASELINE,V,2016-03-17,72.28,143.0051,2016-04-22,False,2016-04-25,78.69,rollback
BASELINE,GME,2016-03-30,7.8925,1191.9597,2016-04-22,False,2016-04-25,8.17,index_drop
BASELINE,MRO,2016-04-07,10.88,975.603,2016-04-25,False,2016-04-26,14.09,rollback
BASELINE,PFE,2016-03-14,30.27,339.9847,2016-04-26,False,2016-04-27,32.98,rollback
BASELINE,HAL,2016-04-07,35.97,295.0801,2016-05-03,False,2016-05-04,40.13,rollback
BASELINE,WMT,2016-03-22,22.6667,460.3875,2016-05-23,False,2016-05-24,23.2167,rollback
BASELINE,WFM,2016-05-06,29.95,354.802,2016-05-27,False,2016-05-31,31.96,rollback
BASELINE,KR,2016-03-14,38.43,267.781,2016-06-02,False,2016-06-03,36.2,rollback
BASELINE,MU,2016-04-27,11.34,963.9411,2016-06-09,False,2016-06-10,12.32,rollback
BASELINE,FE,2016-04-28,32.67,335.2745,2016-06-10,False,2016-06-13,33.68,rollback
BASELINE,T,2016-05-31,39.03,285.0458,2016-07-07,False,2016-07-08,42.13,rollback
BASELINE,ATVI,2016-06-15,38.46,284.3381,2016-07-07,False,2016-07-08,40.64,rollback
BASELINE,HST,2016-06-03,15.72,709.1639,2016-07-13,False,2016-07-14,16.58,rollback
BASELINE,DAL,2016-03-17,48.58,212.4416,2016-07-21,False,2016-07-22,39.07,rollback
BASELINE,GOOG,2016-02-29,35.016,285.9972,2016-07-26,False,2016-07-27,36.914,rollback
BASELINE,EBAY,2016-04-28,25.09,436.6087,2016-08-09,False,2016-08-10,31.11,rollback
BASELINE,AAPL,2016-07-08,24.1225,459.1314,2016-08-11,False,2016-08-12,26.945,rollback
BASELINE,AABA,2016-06-10,36.97,298.6767,2016-08-23,False,2016-08-24,42.5,rollback
BASELINE,WFC,2016-08-12,48.05,245.1974,2016-09-06,False,2016-09-07,49.79,rollback
BASELINE,NEE,2016-07-22,32.0025,360.1073,2016-09-26,False,2016-09-27,31.7725,rollback
BASELINE,PG,2016-03-03,82.54,124.5109,2016-10-03,False,2016-10-04,88.29,rollback
BASELINE,FAST,2016-04-28,11.7725,930.4707,2016-10-07,False,2016-10-10,10.6175,rollback
BASELINE,KLAC,2016-10-04,7.036,1688.5191,2016-10-11,False,2016-10-12,7.23,rollback
BASELINE,KR,2016-10-12,30.24,389.9382,2016-10-13,False,2016-10-14,31.17,rollback
BASELINE,FOXA,2016-07-14,28.18,403.5865,2016-10-24,False,2016-10-25,25.59,rollback
BASELINE,GOOGL,2016-09-07,40.3965,293.1412,2016-10-25,False,2016-10-26,41.356,rollback
BASELINE,SBUX,2016-08-24,57.0,207.2234,2016-11-09,False,2016-11-10,54.64,rollback
BASELINE,WMT,2016-08-10,24.5233,476.8963,2016-11-14,False,2016-11-15,23.5967,rollback
BASELINE,CMG,2016-09-27,8.39,1389.5051,2016-11-15,False,2016-11-16,7.98,rollback
BASELINE,FCX,2016-10-26,10.45,1114.0402,2016-11-17,False,2016-11-18,13.79,rollback
BASELINE,BMY,2016-10-10,50.79,234.582,2016-11-22,False,2016-11-23,56.05,rollback
BASELINE,C,2016-05-24,45.45,237.4858,2016-11-28,False,2016-11-29,55.5,rollback
BASELINE,ORLY,2016-10-14,18.6733,629.6699,2016-11-30,False,2016-12-01,18.2413,rollback
BASELINE,CMCSA,2016-11-10,31.765,385.4659,2016-12-02,False,2016-12-05,34.51,rollback
BASELINE,CVS,2016-12-01,76.62,161.6375,2016-12-08,False,2016-12-09,78.88,rollback
BASELINE,AVGO,2016-12-09,18.095,694.455,2016-12-12,False,2016-12-13,17.874,rollback
BASELINE,KO,2016-11-29,41.52,297.0225,2016-12-13,False,2016-12-14,41.89,rollback
BASELINE,XOM,2016-11-16,86.74,135.7702,2016-12-19,False,2016-12-20,90.51,rollback
BASELINE,PFE,2016-12-13,32.81,383.803,2016-12-21,False,2016-12-22,32.29,rollback
BASELINE,BSX,2016-07-29,24.33,476.3341,2016-12-28,False,2016-12-29,21.65,rollback
BASELINE,NKE,2016-11-18,51.39,242.2441,2017-01-09,False,2017-01-10,53.55,rollback
BASELINE,AMZN,2016-10-25,41.965,280.3,2017-01-17,False,2017-01-18,40.475,rollback
BASELINE,NFLX,2016-12-05,12.073,1017.6003,2017-01-20,False,2017-01-23,13.865,rollback
BASELINE,FB,2016-12-14,120.0,105.337,2017-01-31,False,2017-02-01,132.25,rollback
BASELINE,LRCX,2016-12-20,10.819,1155.8498,2017-01-31,False,2017-02-01,11.591,rollback
BASELINE,PG,2017-01-18,84.8,149.7101,2017-02-06,False,2017-02-07,87.64,rollback
BASELINE,KLAC,2016-12-22,7.898,1585.6418,2017-02-09,False,2017-02-10,8.696,rollback
BASELINE,HPQ,2016-07-08,13.05,848.647,2017-02-15,False,2017-02-16,15.99,rollback
BASELINE,COG,2017-01-03,22.98,539.0127,2017-02-16,False,2017-02-17,23.01,rollback
BASELINE,HBAN,2017-01-10,13.35,948.5339,2017-02-16,False,2017-02-17,14.02,rollback
BASELINE,BAC,2017-02-10,23.19,559.1533,2017-02-23,False,2017-02-24,24.12,rollback
BASELINE,EXC,2017-02-01,35.66,361.1349,2017-02-27,False,2017-02-28,36.47,rollback
BASELINE,ABBV,2017-02-16,61.67,214.1822,2017-03-21,False,2017-03-22,65.38,rollback
BASELINE,LRCX,2017-02-22,11.763,1119.3054,2017-03-21,False,2017-03-22,12.408,rollback
BASELINE,INTC,2017-01-23,37.07,344.8228,2017-04-28,False,2017-05-01,36.11,rollback
BASELINE,EW,2017-02-02,30.72,414.7387,2017-05-11,False,2017-05-12,36.6967,rollback
BASELINE,QCOM,2016-11-23,68.33,182.6973,2017-05-25,False,2017-05-26,57.66,rollback
BASELINE,F,2017-02-28,12.63,1042.6996,2017-06-02,False,2017-06-05,11.36,rollback
BASELINE,PHM,2017-05-12,23.0,560.2479,2017-06-05,False,2017-06-06,23.21,rollback
BASELINE,NEE,2017-03-22,33.0025,392.7926,2017-06-08,False,2017-06-09,35.275,rollback
BASELINE,AMD,2017-05-02,11.73,1103.2197,2017-06-09,False,2017-06-12,11.75,rollback
BASELINE,BAC,2017-06-12,23.82,537.6331,2017-06-30,False,2017-07-03,24.46,rollback
BASELINE,WMB,2017-02-07,28.93,448.4152,2017-07-05,False,2017-07-06,30.5,rollback
BASELINE,RF,2017-06-09,14.14,908.5631,2017-07-05,False,2017-07-06,14.84,rollback
BASELINE,GILD,2017-06-06,65.19,195.6905,2017-07-06,False,2017-07-07,69.69,rollback
BASELINE,PYPL,2017-07-06,54.22,236.5214,2017-07-11,False,2017-07-12,56.6,rollback
BASELINE,RIG,2017-02-24,13.99,939.429,2017-07-20,False,2017-07-21,8.74,rollback
BASELINE,HPE,2017-07-06,16.85,761.1177,2017-07-24,False,2017-07-25,17.84,rollback
BASELINE,AVGO,2017-07-10,24.051,526.1525,2017-07-27,False,2017-07-28,24.892,rollback
BASELINE,KMI,2016-11-15,21.5,574.382,2017-08-01,False,2017-08-02,20.2,rollback
BASELINE,NEM,2017-03-22,34.23,378.688,2017-08-04,False,2017-08-07,36.15,rollback
BASELINE,T,2017-02-21,41.37,318.1595,2017-08-08,False,2017-08-09,38.2,rollback
BASELINE,TJX,2017-07-03,36.325,351.9913,2017-08-09,False,2017-08-10,35.345,rollback
BASELINE,HBI,2017-08-03,23.76,558.7451,2017-08-09,False,2017-08-10,24.11,rollback
BASELINE,INTC,2017-05-26,36.26,351.4383,2017-08-10,False,2017-08-11,36.26,rollback
BASELINE,VZ,2017-07-21,44.23,295.7539,2017-08-15,False,2017-08-16,48.37,rollback
BASELINE,LRCX,2017-08-16,16.145,820.5671,2017-08-23,False,2017-08-24,16.221,rollback
BASELINE,MU,2017-07-12,31.77,406.1635,2017-08-24,False,2017-08-25,30.3,rollback
BASELINE,MSFT,2017-08-15,73.59,179.8648,2017-09-01,False,2017-09-05,73.34,rollback
BASELINE,SPLS,2017-08-15,10.2,1297.5423,2017-09-12,False,2017-09-12,10.25,delisted
BASELINE,FAST,2017-06-05,11.0675,1150.5157,2017-09-19,False,2017-09-20,11.1075,rollback
BASELINE,BAC,2017-07-26,24.67,533.2719,2017-09-25,False,2017-09-26,24.83,rollback
BASELINE,GPS,2017-08-25,23.39,562.536,2017-10-03,False,2017-10-04,29.04,rollback
BASELINE,HPE,2017-09-26,14.74,928.5947,2017-10-03,False,2017-10-04,14.7,rollback
BASELINE,HPQ,2017-08-25,19.54,673.4071,2017-10-09,False,2017-10-10,20.6165,rollback
BASELINE,WFC,2017-09-13,51.39,260.7298,2017-10-09,False,2017-10-10,55.37,rollback
BASELINE,AAPL,2017-10-10,39.0138,356.8172,2017-10-19,False,2017-10-20,39.1525,rollback
BASELINE,WMT,2017-10-10,27.56,505.0835,2017-10-30,False,2017-10-31,28.9533,rollback
BASELINE,NRG,2017-09-20,24.67,552.0783,2017-11-09,False,2017-11-10,27.75,rollback
BASELINE,SBUX,2017-07-28,55.23,240.5947,2017-11-13,False,2017-11-14,56.47,rollback
BASELINE,AVGO,2017-08-08,25.198,529.8672,2017-11-13,False,2017-11-14,26.33,rollback
BASELINE,NWL,2017-10-04,43.05,319.3285,2017-12-05,False,2017-12-06,31.7,rollback
BASELINE,F,2017-11-01,12.4,1082.0819,2017-12-05,False,2017-12-06,12.4,rollback
BASELINE,T,2017-11-14,34.19,382.3455,2017-12-06,False,2017-12-07,36.13,rollback
BASELINE,CMCSA,2017-11-10,36.5,358.7215,2017-12-07,False,2017-12-08,38.5,rollback
BASELINE,TJX,2017-11-14,33.8,386.7379,2017-12-08,False,2017-12-11,36.87,rollback
BASELINE,CMG,2017-09-05,6.386,2071.7752,2017-12-14,False,2017-12-15,6.256,rollback
BASELINE,VZ,2017-10-20,49.45,284.4574,2017-12-20,False,2017-12-21,52.81,rollback
BASELINE,GOOGL,2017-12-08,52.5905,264.5003,2017-12-20,False,2017-12-21,53.7695,rollback
BASELINE,GOOG,2017-12-08,51.8745,268.1376,2017-12-21,False,2017-12-22,53.0555,rollback
BASELINE,MU,2017-12-21,45.55,317.2004,2018-01-08,False,2018-01-09,45.27,rollback
BASELINE,AMD,2017-10-04,13.31,1032.8911,2018-01-09,False,2018-01-10,11.63,rollback
BASELINE,FCX,2017-12-07,14.2,972.0091,2018-01-09,False,2018-01-10,19.07,rollback
BASELINE,CSX,2017-08-15,16.9633,780.2487,2018-01-10,False,2018-01-11,19.54,rollback
BASELINE,GLW,2017-12-11,32.4,430.2287,2018-01-10,False,2018-01-11,33.44,rollback
BASELINE,AMAT,2017-12-21,53.18,271.6765,2018-01-10,False,2018-01-11,53.47,rollback
BASELINE,TJX,2018-01-11,38.075,395.8019,2018-01-16,False,2018-01-17,38.36,rollback
BASELINE,AES,2017-08-09,11.45,1157.8469,2018-01-24,False,2018-01-25,11.15,rollback
BASELINE,COP,2017-12-06,51.07,272.5582,2018-01-25,False,2018-01-26,59.7,rollback
BASELINE,PM,2018-01-18,105.46,146.8167,2018-01-25,False,2018-01-26,107.36,rollback
BASELINE,C,2017-12-22,75.89,189.5109,2018-01-30,False,2018-01-31,78.78,rollback
BASELINE,MGM,2018-01-10,33.44,449.2974,2018-01-31,False,2018-02-01,36.49,rollback
BASELINE,T,2018-01-29,37.13,433.1723,2018-02-02,False,2018-02-05,37.81,rollback
BASELINE,NEE,2018-01-26,38.715,411.1948,2018-02-05,False,2018-02-06,37.9575,rollback
BASELINE,NFLX,2017-12-18,19.12,742.4113,2018-02-20,False,2018-02-21,28.207,rollback
BASELINE,BA,2018-02-13,340.45,43.9681,2018-02-20,False,2018-02-21,352.56,rollback
BASELINE,MU,2018-01-18,44.21,350.2389,2018-02-21,False,2018-02-22,44.78,rollback
BASELINE,BMY,2018-01-11,61.99,243.0941,2018-02-22,False,2018-02-23,66.17,rollback
BASELINE,GOOGL,2018-02-22,55.9585,279.361,2018-02-27,False,2018-02-28,56.1,rollback
BASELINE,PFE,2018-01-17,36.82,414.2338,2018-02-28,False,2018-03-01,36.12,rollback
BASELINE,KLAC,2018-02-21,11.081,1416.9367,2018-03-01,False,2018-03-02,11.005,rollback
BASELINE,NEE,2018-03-02,38.3,409.0707,2018-03-06,False,2018-03-07,38.185,rollback
BASELINE,PCG,2018-03-01,41.09,386.9798,2018-03-07,False,2018-03-08,41.14,rollback
BASELINE,M,2018-01-11,25.47,591.7122,2018-03-08,False,2018-03-09,29.31,rollback
BASELINE,KO,2018-03-09,44.57,359.858,2018-03-12,False,2018-03-13,44.67,rollback
BASELINE,SCHW,2018-02-02,54.75,283.8201,2018-03-14,False,2018-03-15,56.32,rollback
BASELINE,INTC,2018-02-21,46.67,336.4444,2018-03-15,False,2018-03-16,51.17,rollback
BASELINE,EXC,2018-02-01,38.53,408.8779,2018-03-19,False,2018-03-20,38.29,rollback
BASELINE,DHI,2018-03-13,44.6,364.1233,2018-04-06,False,2018-04-09,45.52,rollback
BASELINE,MRK,2018-03-16,55.19,290.6463,2018-04-11,False,2018-04-12,56.6,rollback
BASELINE,SO,2018-03-02,43.98,356.2215,2018-04-18,False,2018-04-19,45.35,rollback
BASELINE,NFLX,2018-04-12,30.9719,508.3096,2018-04-23,False,2018-04-24,31.9217,rollback
BASELINE,HST,2018-03-15,18.96,849.2618,2018-04-24,False,2018-04-25,19.27,rollback
BASELINE,VZ,2018-03-09,49.2,326.0096,2018-04-26,False,2018-04-27,50.25,rollback
BASELINE,KIM,2018-02-23,15.06,1037.7092,2018-04-30,False,2018-05-01,14.52,rollback
BASELINE,ABBV,2018-04-27,97.44,165.7151,2018-04-30,False,2018-05-01,102.1,rollback
BASELINE,CVX,2018-04-10,117.6,133.0573,2018-05-01,False,2018-05-02,124.2,rollback
BASELINE,NVDA,2018-03-21,6.233,2541.4097,2018-05-15,False,2018-05-16,6.1,rollback
BASELINE,ORLY,2018-03-07,16.6213,963.3597,2018-05-18,False,2018-05-21,18.2567,rollback
BASELINE,WDC,2018-05-16,83.5,197.3388,2018-05-18,False,2018-05-21,86.63,rollback
BASELINE,MU,2018-04-19,52.9,303.8872,2018-05-31,False,2018-06-01,58.81,rollback
BASELINE,KO,2018-05-24,42.4,392.811,2018-05-31,False,2018-06-01,43.1,rollback
BASELINE,F,2018-04-27,11.4,1416.4989,2018-06-11,False,2018-06-12,12.07,rollback
BASELINE,HBAN,2018-06-04,15.22,1082.8285,2018-06-11,False,2018-06-12,15.67,rollback
BASELINE,CMCSA,2018-04-24,34.09,463.3943,2018-06-18,False,2018-06-19,32.17,rollback
BASELINE,CELG,2018-01-29,104.76,128.8449,2018-07-11,False,2018-07-12,83.88,rollback
BASELINE,FOXA,2018-05-01,36.43,435.9778,2018-07-11,False,2018-07-12,47.97,rollback
BASELINE,MGM,2018-06-13,31.47,540.9308,2018-07-19,False,2018-07-20,30.71,rollback
BASELINE,ORCL,2018-05-02,45.89,347.3219,2018-07-26,False,2018-07-27,48.99,rollback
BASELINE,PM,2018-05-24,81.6,204.0975,2018-07-31,False,2018-08-01,86.03,rollback
BASELINE,HST,2018-07-20,21.4,807.8071,2018-08-03,False,2018-08-06,21.56,rollback
BASELINE,WMB,2018-06-19,26.87,625.1848,2018-08-13,False,2018-08-14,30.76,rollback
BASELINE,TJX,2018-07-12,47.515,365.3309,2018-08-13,False,2018-08-14,49.8,rollback
BASELINE,CMG,2018-07-12,9.1978,1887.3605,2018-08-16,False,2018-08-17,10.1008,rollback
BASELINE,GGP,2018-05-01,20.02,793.3799,2018-08-27,False,2018-08-27,22.06,delisted
BASELINE,MRO,2018-06-12,21.48,785.6837,2018-08-30,False,2018-08-31,21.51,rollback
BASELINE,NLSN,2018-08-15,25.4,674.5103,2018-08-30,False,2018-08-31,25.93,rollback
BASELINE,V,2018-08-14,140.3,122.3395,2018-09-17,False,2018-09-18,146.2,rollback
BASELINE,GILD,2018-08-31,76.32,226.9817,2018-10-04,False,2018-10-05,76.77,rollback
BASELINE,INTC,2018-09-04,48.38,357.8042,2018-10-04,False,2018-10-05,48.23,rollback
BASELINE,GE,2018-08-01,67.5344,257.7315,2018-10-11,False,2018-10-12,62.4512,rollback
BASELINE,SBUX,2018-10-15,56.37,280.611,2018-10-19,False,2018-10-22,58.93,rollback
BASELINE,F,2018-08-28,10.08,1735.5218,2018-11-09,False,2018-11-12,9.38,rollback
BASELINE,BAC,2018-10-05,30.6,550.413,2018-11-09,False,2018-11-12,28.38,rollback
BASELINE,FITB,2018-08-17,29.78,573.9913,2018-11-12,False,2018-11-13,27.59,rollback
BASELINE,KEY,2018-10-05,20.55,819.5521,2018-11-12,False,2018-11-13,18.27,rollback
BASELINE,PBCT,2018-11-16,15.96,990.8397,2018-11-19,False,2018-11-20,15.99,rollback
BASELINE,AMAT,2018-07-27,48.63,362.9409,2018-11-29,False,2018-11-30,36.47,rollback
BASELINE,NWL,2018-02-08,29.38,520.0741,2018-12-04,False,2018-12-06,23.28,rollback
BASELINE,PFE,2018-10-22,44.44,354.3828,2018-12-04,False,2018-12-06,44.58,rollback
BASELINE,KLAC,2018-11-21,9.562,1662.7265,2018-12-04,False,2018-12-06,9.421,rollback
BASELINE,BAX,2018-11-23,64.96,241.8852,2018-12-04,False,2018-12-06,66.35,rollback
BASELINE,COTY,2018-09-18,12.33,1372.1694,2019-01-09,False,2019-01-10,7.29,rollback
BASELINE,FB,2018-12-07,139.25,113.9353,2019-01-11,False,2019-01-14,142.0,rollback
BASELINE,TXN,2018-11-21,97.75,162.6414,2019-01-14,False,2019-01-15,96.99,rollback
BASELINE,ANET,2018-12-07,14.8863,1065.7249,2019-01-16,False,2019-01-17,13.7369,rollback
BASELINE,HPQ,2018-12-07,23.9,663.7618,2019-01-22,False,2019-01-23,21.41,rollback
BASELINE,CSX,2019-01-10,21.27,714.3348,2019-01-22,False,2019-01-23,22.0267,rollback
BASELINE,ABT,2019-01-14,68.41,222.9514,2019-01-23,False,2019-01-24,70.0,rollback
BASELINE,WMB,2018-11-20,25.11,631.3034,2019-02-05,False,2019-02-06,27.15,rollback
BASELINE,KMI,2018-08-07,18.05,978.0264,2019-02-06,False,2019-02-07,18.02,rollback
BASELINE,ORLY,2019-01-15,22.75,675.088,2019-02-06,False,2019-02-07,24.1067,rollback
BASELINE,AAPL,2019-01-28,38.9475,392.0275,2019-02-11,False,2019-02-12,42.525,rollback
BASELINE,WDC,2019-01-25,45.5,341.316,2019-02-15,False,2019-02-19,48.42,rollback
BASELINE,WMT,2019-02-08,32.1133,490.5857,2019-02-20,False,2019-02-21,33.22,rollback
BASELINE,KEY,2019-02-08,17.01,926.2266,2019-02-21,False,2019-02-22,17.71,rollback
BASELINE,MDT,2019-01-18,88.52,177.1109,2019-02-25,False,2019-02-26,92.25,rollback
BASELINE,BMY,2018-12-07,53.23,298.0108,2019-03-06,False,2019-03-07,52.7,rollback
BASELINE,WFC,2019-02-26,49.49,326.2625,2019-03-19,False,2019-03-20,51.19,rollback
BASELINE,NVDA,2019-02-13,3.809,4240.7387,2019-03-20,False,2019-03-21,4.3833,rollback
BASELINE,AMZN,2019-02-06,83.5375,191.8979,2019-03-22,False,2019-03-25,87.8895,rollback
BASELINE,AMD,2019-03-20,26.49,622.3762,2019-03-22,False,2019-03-25,26.29,rollback
BASELINE,DHI,2019-03-08,40.34,386.299,2019-03-26,False,2019-03-27,42.14,rollback
BASELINE,FCX,2019-03-21,12.71,1284.5059,2019-04-05,False,2019-04-08,13.45,rollback
BASELINE,F,2019-03-27,8.75,1862.9398,2019-04-15,False,2019-04-16,9.32,rollback
BASELINE,BKNG,2018-06-01,84.8396,194.4125,2019-04-16,False,2019-04-17,73.9452,rollback
BASELINE,BAC,2019-02-19,28.93,567.6795,2019-04-22,False,2019-04-23,29.99,rollback
BASELINE,HRB,2019-02-22,24.66,657.3563,2019-04-23,False,2019-04-24,26.35,rollback
BASELINE,WMT,2019-04-08,32.8167,495.8744,2019-04-26,False,2019-04-29,33.96,rollback
BASELINE,NEE,2019-04-16,47.765,346.4755,2019-05-01,False,2019-05-02,48.21,rollback
BASELINE,FB,2019-03-27,167.85,97.11,2019-05-02,False,2019-05-03,194.38,rollback
BASELINE,JNJ,2019-04-17,139.0,123.8998,2019-05-02,False,2019-05-03,141.29,rollback
BASELINE,CVS,2019-01-24,65.5,235.3829,2019-05-03,False,2019-05-06,55.97,rollback
BASELINE,GE,2019-04-29,47.6984,366.6042,2019-05-07,False,2019-05-08,50.24,rollback
BASELINE,QCOM,2018-11-30,58.22,278.7898,2019-05-08,False,2019-05-09,83.37,rollback
BASELINE,PFE,2019-05-03,41.22,429.538,2019-05-17,False,2019-05-20,41.4,rollback
BASELINE,COTY,2019-05-06,11.26,1544.3434,2019-05-22,False,2019-05-23,13.03,rollback
BASELINE,DWDP,2019-02-21,56.28,290.222,2019-05-31,False,2019-05-31,30.52,delisted
BASELINE,AMD,2019-05-03,28.3,625.7006,2019-06-12,False,2019-06-13,32.39,rollback
BASELINE,AMAT,2019-05-20,41.8,410.8953,2019-06-12,False,2019-06-13,41.61,rollback
BASELINE,CMG,2019-05-03,14.1514,1251.2149,2019-06-13,False,2019-06-14,14.6776,rollback
BASELINE,CVX,2019-05-10,121.17,140.882,2019-06-19,False,2019-06-20,124.31,rollback
BASELINE,CTL,2019-03-27,12.25,1330.5383,2019-06-21,False,2019-06-24,11.38,rollback
BASELINE,STX,2019-05-09,48.21,354.241,2019-06-25,False,2019-06-26,47.24,rollback
BASELINE,WMT,2019-05-23,33.94,492.7302,2019-06-26,False,2019-06-27,36.6867,rollback
BASELINE,NVDA,2019-06-14,3.6128,4893.9915,2019-07-02,False,2019-07-03,4.0793,rollback
BASELINE,JCI,2019-06-13,39.82,443.1437,2019-07-08,False,2019-07-09,41.66,rollback
BASELINE,ANET,2019-06-27,16.0494,1138.5167,2019-07-08,False,2019-07-09,16.6244,rollback
BASELINE,ORLY,2019-07-03,25.5333,729.5685,2019-07-19,False,2019-07-22,26.5413,rollback
BASELINE,EW,2019-07-10,63.01,297.7995,2019-08-05,False,2019-08-06,70.4867,rollback
BASELINE,APC,2019-06-27,70.69,258.475,2019-08-08,False,2019-08-08,72.77,delisted
BASELINE,NEE,2019-08-07,52.8475,332.5602,2019-08-14,False,2019-08-15,53.6575,rollback
BASELINE,F,2019-06-14,10.01,1766.2466,2019-09-10,False,2019-09-11,9.29,rollback
BASELINE,AAPL,2019-08-19,52.655,338.5022,2019-09-13,False,2019-09-16,54.4325,rollback
BASELINE,ATVI,2019-04-24,46.45,375.1085,2019-09-16,False,2019-09-17,55.5,rollback
BASELINE,VZ,2019-06-20,57.9,313.4658,2019-09-16,False,2019-09-17,59.32,rollback
BASELINE,C,2019-06-05,65.45,259.9334,2019-09-19,False,2019-09-20,70.15,rollback
BASELINE,FCX,2019-07-22,11.56,1584.3065,2019-09-23,False,2019-09-24,10.31,rollback
BASELINE,NFLX,2019-04-23,37.545,460.383,2019-10-18,False,2019-10-21,27.289,rollback
BASELINE,ALXN,2019-09-11,109.87,166.8949,2019-10-25,False,2019-10-28,105.0,rollback
BASELINE,AMD,2019-06-28,31.08,593.1482,2019-10-29,False,2019-10-30,32.93,rollback
BASELINE,MSFT,2019-08-09,138.61,131.3206,2019-10-31,False,2019-11-01,144.26,rollback
BASELINE,FTNT,2019-09-17,15.98,1151.5819,2019-10-31,False,2019-11-01,17.732,rollback
BASELINE,MRK,2019-09-23,84.91,214.5675,2019-11-01,False,2019-11-04,85.59,rollback
BASELINE,XOM,2019-11-04,70.07,267.7108,2019-11-06,False,2019-11-07,72.03,rollback
BASELINE,MRO,2019-11-04,12.32,1522.5289,2019-11-06,False,2019-11-07,12.61,rollback
BASELINE,JNJ,2019-07-09,141.46,131.324,2019-11-18,False,2019-11-19,135.0,rollback
BASELINE,HPQ,2019-10-28,17.46,1057.2427,2019-11-20,False,2019-11-21,19.81,rollback
BASELINE,CMG,2019-09-18,16.5,1111.3494,2019-12-04,False,2019-12-05,16.18,rollback
BASELINE,KO,2019-10-21,54.45,335.4846,2019-12-05,False,2019-12-06,54.31,rollback
BASELINE,NEM,2019-09-18,39.53,463.859,2019-12-06,False,2019-12-09,40.12,rollback
BASELINE,SLB,2019-11-21,36.42,517.3927,2019-12-13,False,2019-12-16,39.11,rollback
BASELINE,F,2019-11-04,8.93,2100.7201,2019-12-17,False,2019-12-18,9.39,rollback
BASELINE,ATVI,2019-10-31,55.93,332.6199,2019-12-24,False,2019-12-26,58.81,rollback
BASELINE,HAL,2019-12-05,21.6,876.1245,2019-12-26,False,2019-12-27,24.55,rollback
BASELINE,NVDA,2019-11-19,5.2758,3592.4854,2019-12-27,False,2019-12-30,5.8998,rollback
BASELINE,NFLX,2019-12-18,31.626,630.9438,2019-12-27,False,2019-12-30,32.908,rollback
BASELINE,AMZN,2019-12-17,88.9005,223.6268,2019-12-31,False,2020-01-02,93.75,rollback
BASELINE,GIS,2020-01-02,53.63,375.392,2020-01-22,False,2020-01-23,53.83,rollback
BASELINE,TSCO,2019-12-06,19.51,973.1726,2020-02-07,False,2020-02-10,19.234,rollback
BASELINE,MPC,2019-11-08,65.87,283.0055,2020-02-14,False,2020-02-18,57.18,rollback
BASELINE,PEP,2019-12-30,136.7,147.269,2020-02-18,False,2020-02-19,145.62,rollback
BASELINE,WMT,2019-11-07,40.0,473.6463,2020-02-19,False,2020-02-20,39.07,rollback
BASELINE,AMD,2020-02-10,49.47,398.698,2020-02-21,False,2020-02-24,48.175,rollback
BASELINE,NFLX,2020-03-03,38.103,472.1624,2020-04-01,False,2020-04-02,36.408,rollback
BASELINE,PM,2019-09-26,74.91,241.2754,2020-04-07,False,2020-04-08,75.17,rollback
BASELINE,CVS,2019-12-26,74.7,270.5542,2020-04-13,False,2020-04-14,59.88,rollback
BASELINE,HBI,2020-01-02,14.77,1363.1198,2020-04-13,False,2020-04-14,9.49,rollback
BASELINE,F,2020-04-09,5.51,2666.4437,2020-04-13,False,2020-04-14,5.27,rollback
BASELINE,USB,2019-12-27,60.36,335.6816,2020-04-14,False,2020-04-15,35.13,rollback
BASELINE,BAC,2019-12-09,33.5,569.5749,2020-04-15,False,2020-04-16,22.15,rollback
BASELINE,T,2020-01-23,38.96,506.9055,2020-04-21,False,2020-04-22,30.9,rollback
BASELINE,AAPL,2020-02-20,80.6575,249.5786,2020-04-21,False,2020-04-22,68.4025,rollback
BASELINE,GILD,2020-04-17,85.17,168.6111,2020-04-28,False,2020-04-29,83.97,rollback
BASELINE,TWTR,2020-04-23,28.43,492.1585,2020-04-28,False,2020-04-29,30.06,rollback
BASELINE,CCL,2020-04-15,11.88,1207.8086,2020-04-30,False,2020-05-01,14.9,rollback
BASELINE,PFE,2020-04-03,32.63,407.9317,2020-05-01,False,2020-05-04,37.6,rollback
BASELINE,HBAN,2020-04-23,7.87,1777.7213,2020-05-01,False,2020-05-04,8.34,rollback
BASELINE,SYF,2020-04-23,16.06,871.1063,2020-05-01,False,2020-05-04,17.95,rollback
BASELINE,BEN,2020-02-19,26.16,773.94,2020-05-05,False,2020-05-06,18.12,rollback
BASELINE,AMAT,2020-05-08,52.41,292.7874,2020-05-21,False,2020-05-22,55.02,rollback
BASELINE,FTNT,2020-04-30,21.6,746.4385,2020-05-26,False,2020-05-27,27.45,rollback
BASELINE,AAL,2020-04-15,12.52,1146.0103,2020-05-28,False,2020-05-29,10.48,rollback
BASELINE,BAC,2020-05-11,23.11,671.8397,2020-05-28,False,2020-05-29,24.42,rollback
BASELINE,C,2020-05-11,45.21,343.39,2020-05-28,False,2020-05-29,48.02,rollback
BASELINE,F,2020-05-11,5.18,2997.4886,2020-05-29,False,2020-06-01,5.73,rollback
BASELINE,GPS,2020-05-22,8.21,1939.4218,2020-05-29,False,2020-06-01,9.38,rollback
BASELINE,VZ,2020-05-29,55.33,292.0222,2020-06-01,False,2020-06-02,55.82,rollback
BASELINE,HPQ,2020-04-29,15.9,997.8072,2020-06-09,False,2020-06-10,17.36,rollback
BASELINE,MRK,2020-05-29,79.46,203.3323,2020-06-09,False,2020-06-10,82.44,rollback
BASELINE,OXY,2020-02-20,42.7,471.414,2020-06-10,False,2020-06-11,17.84,rollback
BASELINE,SLB,2020-04-23,15.85,882.736,2020-06-10,False,2020-06-11,19.12,rollback
BASELINE,WFC,2020-05-27,27.8,615.8009,2020-06-10,False,2020-06-11,27.2,rollback
BASELINE,UA,2020-06-02,8.39,1923.5523,2020-06-10,False,2020-06-11,8.62,rollback
BASELINE,LRCX,2020-05-11,26.247,591.5129,2020-06-11,False,2020-06-12,29.2803,rollback
BASELINE,COTY,2020-06-02,4.5,3586.5357,2020-06-11,False,2020-06-12,4.95,rollback
BASELINE,CRM,2020-06-11,176.64,94.9201,2020-06-23,False,2020-06-24,187.51,rollback
BASELINE,NFLX,2020-06-10,43.6,420.7267,2020-06-24,False,2020-06-25,45.886,rollback
BASELINE,ORCL,2020-06-19,54.21,312.6535,2020-07-13,False,2020-07-14,56.67,rollback
BASELINE,GOOGL,2020-06-26,71.6315,226.5586,2020-07-13,False,2020-07-14,74.6395,rollback
BASELINE,PFE,2020-05-29,38.27,422.221,2020-07-14,False,2020-07-15,35.99,rollback
BASELINE,F,2020-07-15,6.54,2574.1845,2020-07-17,False,2020-07-20,6.8,rollback
BASELINE,KO,2020-07-15,46.3,363.5923,2020-07-23,False,2020-07-24,48.4,rollback
BASELINE,AMD,2020-06-10,57.2,320.7098,2020-08-17,False,2020-08-18,82.8,rollback
BASELINE,V,2020-07-20,194.74,87.2666,2020-08-31,False,2020-09-01,212.21,rollback
BASELINE,CMG,2020-06-19,20.8,814.7719,2020-09-03,False,2020-09-04,26.6578,rollback
BASELINE,GOOG,2020-08-18,76.309,242.9532,2020-09-03,False,2020-09-04,81.213,rollback
BASELINE,KSS,2020-09-04,22.05,834.6068,2020-09-18,False,2020-09-21,22.53,index_drop
BASELINE,TWTR,2020-09-21,39.43,442.8311,2020-09-24,False,2020-09-25,43.21,rollback
BASELINE,LRCX,2020-09-25,32.472,519.0972,2020-10-16,False,2020-10-19,36.75,rollback
BASELINE,CSX,2020-07-15,23.5,716.3185,2020-11-06,False,2020-11-09,30.1167,rollback
BASELINE,MS,2020-06-26,48.3,335.9818,2020-11-10,False,2020-11-11,55.94,rollback
BASELINE,XOM,2020-07-28,43.91,399.076,2020-11-10,False,2020-11-11,37.09,rollback
BASELINE,BAC,2020-09-08,26.14,689.9975,2020-11-12,False,2020-11-13,26.88,rollback
BASELINE,MYL,2020-11-11,15.71,1219.3002,2020-11-16,False,2020-11-16,15.855,delisted
BASELINE,KMI,2020-11-11,13.07,1465.659,2020-11-18,False,2020-11-19,13.7,rollback
BASELINE,MRO,2020-06-19,6.7,2529.8203,2020-11-25,False,2020-11-27,6.46,rollback
BASELINE,DVN,2020-06-19,13.42,1262.7726,2020-11-25,False,2020-11-27,14.98,rollback
BASELINE,AAL,2020-11-16,12.87,1504.5822,2020-11-27,False,2020-11-30,14.92,rollback
BASELINE,ABBV,2020-09-01,95.52,193.4749,2020-12-01,False,2020-12-02,104.0,rollback
BASELINE,NFLX,2020-11-30,49.008,425.0558,2020-12-08,False,2020-12-09,51.053,rollback
BASELINE,ATVI,2020-10-19,82.28,211.6229,2021-01-04,False,2021-01-05,90.32,rollback
BASELINE,NEE,2020-11-27,76.05,274.2269,2021-01-11,False,2021-01-12,79.65,rollback
BASELINE,GILD,2020-06-01,75.47,212.8078,2021-01-13,False,2021-01-14,61.64,rollback
BASELINE,EBAY,2020-11-20,49.8,395.9481,2021-01-13,False,2021-01-14,55.83,rollback
BASELINE,GOOGL,2021-01-14,87.4435,251.943,2021-01-27,False,2021-01-28,91.55,rollback
BASELINE,AAPL,2021-01-14,130.8,168.4395,2021-01-28,False,2021-01-29,135.83,rollback
BASELINE,KR,2020-11-09,31.98,581.6038,2021-01-29,False,2021-02-01,34.51,rollback
BASELINE,MSFT,2020-12-02,214.88,96.9311,2021-01-29,False,2021-02-01,235.06,rollback
BASELINE,NOW,2020-11-18,102.25,192.753,2021-02-09,False,2021-02-10,117.152,rollback
BASELINE,CSCO,2021-02-02,45.52,480.3585,2021-02-09,False,2021-02-10,46.15,rollback
BASELINE,NVDA,2021-02-03,13.636,1608.8794,2021-02-09,False,2021-02-10,14.4633,rollback
BASELINE,CMCSA,2021-01-29,50.31,435.9069,2021-02-12,False,2021-02-16,53.0,rollback
BASELINE,HPE,2021-01-12,12.04,1814.1094,2021-02-17,False,2021-02-18,13.91,rollback
BASELINE,LRCX,2021-02-12,57.018,396.5914,2021-02-22,False,2021-02-23,55.655,rollback
BASELINE,AAL,2021-01-28,20.33,1098.2209,2021-02-25,False,2021-02-26,20.61,rollback
BASELINE,SCHW,2021-02-16,58.93,390.4859,2021-02-25,False,2021-02-26,62.91,rollback
BASELINE,VZ,2021-02-18,56.94,401.7723,2021-02-25,False,2021-02-26,56.47,rollback
BASELINE,ORCL,2021-02-23,64.42,359.985,2021-03-04,False,2021-03-05,67.3101,rollback
BASELINE,AVGO,2021-03-02,49.037,473.2901,2021-03-29,False,2021-03-30,46.388,rollback
BASELINE,WMT,2021-01-05,48.8667,437.075,2021-03-30,False,2021-03-31,45.1833,rollback
BASELINE,ORLY,2021-02-11,30.3853,751.5347,2021-04-05,False,2021-04-06,33.8347,rollback
BASELINE,CPRT,2020-12-14,29.375,720.6409,2021-04-06,False,2021-04-07,28.1525,rollback
BASELINE,NFLX,2021-03-02,55.334,419.4508,2021-04-12,False,2021-04-13,55.7,rollback
BASELINE,CMG,2021-03-02,29.8682,776.9992,2021-04-13,False,2021-04-14,30.719,rollback
BASELINE,TWTR,2021-04-07,66.64,357.213,2021-04-14,False,2021-04-15,70.55,rollback
BASELINE,AMZN,2020-11-27,160.563,129.8929,2021-04-19,False,2021-04-20,168.68,rollback
BASELINE,WFC,2021-03-31,39.27,593.185,2021-04-20,False,2021-04-21,42.24,rollback
BASELINE,T,2021-03-05,29.01,778.3042,2021-04-26,False,2021-04-27,30.84,rollback
BASELINE,MOS,2021-04-14,32.44,735.0426,2021-04-30,False,2021-05-03,35.3,rollback
BASELINE,MDLZ,2021-04-21,59.37,393.632,2021-05-04,False,2021-05-05,60.94,rollback
BASELINE,JNJ,2021-04-20,161.0,142.3639,2021-05-05,False,2021-05-06,166.79,rollback
BASELINE,VZ,2021-05-03,58.23,419.5863,2021-05-07,False,2021-05-10,59.08,rollback
BASELINE,NKE,2021-04-13,135.6,176.9718,2021-05-10,False,2021-05-11,138.38,rollback
BASELINE,HAL,2020-06-19,13.78,1229.9058,2021-05-11,False,2021-05-12,22.63,rollback
BASELINE,ABBV,2021-03-30,106.86,216.8655,2021-05-11,False,2021-05-12,114.85,rollback
BASELINE,MS,2021-04-15,81.35,296.7922,2021-05-11,False,2021-05-12,85.4,rollback
BASELINE,KMI,2021-02-16,15.07,1527.0395,2021-05-13,False,2021-05-14,18.23,rollback
BASELINE,MRK,2021-05-06,77.44,319.5075,2021-05-18,False,2021-05-19,78.925,rollback
BASELINE,BMY,2021-05-14,65.2,382.4199,2021-05-25,False,2021-05-26,66.72,rollback
BASELINE,CCL,2021-04-27,27.59,875.9172,2021-06-03,False,2021-06-04,30.92,rollback
BASELINE,AAL,2021-05-17,22.32,1126.761,2021-06-03,False,2021-06-04,25.13,rollback
BASELINE,NCLH,2021-05-19,28.31,888.5415,2021-06-03,False,2021-06-04,32.37,rollback
BASELINE,APH,2021-05-10,34.06,744.7634,2021-06-07,False,2021-06-08,34.27,rollback
BASELINE,MSFT,2021-06-07,249.98,110.6876,2021-06-11,False,2021-06-14,257.9,rollback
BASELINE,F,2021-04-06,12.7,1865.1396,2021-06-14,False,2021-06-15,14.91,rollback
BASELINE,EBAY,2021-05-11,60.0443,412.9617,2021-06-14,False,2021-06-15,66.0,rollback
BASELINE,ORLY,2021-06-16,35.8133,764.8709,2021-06-23,False,2021-06-24,36.544,rollback
BASELINE,AMZN,2021-06-09,163.6435,168.2095,2021-06-24,False,2021-06-25,173.2,rollback
BASELINE,AMD,2021-05-26,77.83,337.4181,2021-07-07,False,2021-07-08,87.86,rollback
BASELINE,NFLX,2021-06-15,50.123,549.9736,2021-07-07,False,2021-07-08,53.093,rollback
BASELINE,MU,2021-06-16,82.73,331.1244,2021-08-05,False,2021-08-06,81.2,rollback
BASELINE,CNP,2021-07-09,25.38,1076.8939,2021-08-12,False,2021-08-13,26.87,rollback
BASELINE,WMT,2021-05-19,46.9033,536.3615,2021-08-18,False,2021-08-19,49.4433,rollback
BASELINE,GILD,2021-06-07,67.605,409.264,2021-08-19,False,2021-08-20,71.67,rollback
BASELINE,CSCO,2021-05-07,52.48,472.1899,2021-08-31,False,2021-09-01,59.02,rollback
BASELINE,MGM,2021-06-24,44.15,622.9049,2021-09-01,False,2021-09-02,42.48,rollback
BASELINE,MO,2021-06-08,50.55,546.2497,2021-09-07,False,2021-09-08,50.66,rollback
BASELINE,AAPL,2021-08-13,148.97,187.6596,2021-09-08,False,2021-09-09,155.49,rollback
BASELINE,NOW,2021-08-20,118.21,233.3971,2021-09-08,False,2021-09-09,131.156,rollback
BASELINE,NFLX,2021-08-06,52.4,528.441,2021-09-13,False,2021-09-14,58.489,rollback
BASELINE,UAL,2021-09-08,46.7,616.2376,2021-09-28,False,2021-09-29,48.8808,rollback
BASELINE,CCL,2021-09-14,23.2,1212.1144,2021-09-29,False,2021-09-30,25.44,rollback
BASELINE,ORCL,2021-09-09,89.6,318.1901,2021-10-21,False,2021-10-22,96.29,rollback
BASELINE,UAA,2021-10-22,20.82,1346.0834,2021-10-29,False,2021-11-01,22.0,rollback
BASELINE,SBUX,2021-09-01,118.01,243.5564,2021-11-08,False,2021-11-09,114.65,rollback
BASELINE,GPS,2021-09-29,25.49,1131.4228,2021-11-08,False,2021-11-09,24.59,rollback
BASELINE,UAL,2021-11-02,47.915,579.9998,2021-11-11,False,2021-11-12,51.35,rollback
BASELINE,BA,2021-06-25,250.75,110.6323,2021-11-16,False,2021-11-17,229.54,rollback
BASELINE,INTC,2021-11-09,51.54,547.4298,2021-12-08,False,2021-12-09,51.3,rollback
BASELINE,KHC,2021-09-09,36.92,772.2442,2021-12-17,False,2021-12-20,35.26,rollback
BASELINE,CMG,2021-11-10,35.88,781.6516,2021-12-28,False,2021-12-29,34.789,rollback
BASELINE,VZ,2021-07-08,55.75,484.6324,2021-12-29,False,2021-12-30,52.38,rollback
BASELINE,FCX,2021-11-12,40.67,688.3604,2021-12-30,False,2021-12-31,41.64,rollback
BASELINE,BMY,2021-08-20,68.71,401.561,2022-01-03,False,2022-01-04,61.5,rollback
BASELINE,LUV,2021-12-29,42.23,640.6927,2022-01-05,False,2022-01-06,44.48,rollback
BASELINE,LUMN,2021-12-20,12.48,2122.6998,2022-01-11,False,2022-01-12,13.31,rollback
BASELINE,T,2021-09-30,27.48,1038.5227,2022-01-21,False,2022-01-24,26.19,rollback
BASELINE,WFC,2022-01-04,51.58,536.4888,2022-01-21,False,2022-01-24,52.73,rollback
BASELINE,LVS,2022-01-12,39.25,719.4224,2022-01-27,False,2022-01-28,42.33,rollback
BASELINE,GPS,2022-01-26,17.88,1540.0815,2022-02-01,False,2022-02-02,18.46,index_drop
BASELINE,SLB,2021-12-31,29.57,918.6569,2022-02-02,False,2022-02-03,39.43,rollback
BASELINE,GOOGL,2022-02-02,151.25,181.5615,2022-02-07,False,2022-02-08,139.0265,rollback
BASELINE,NCLH,2022-01-10,22.44,1251.8708,2022-02-10,False,2022-02-11,22.57,rollback
BASELINE,MS,2022-01-28,99.1,270.0736,2022-02-11,False,2022-02-14,104.03,rollback
BASELINE,AAL,2022-02-08,17.4,1549.5853,2022-02-11,False,2022-02-14,17.85,rollback
BASELINE,VIAC,2021-05-19,39.43,637.988,2022-02-16,False,2022-02-16,29.58,delisted
BASELINE,NEM,2022-02-14,64.17,418.6908,2022-02-28,False,2022-03-01,66.94,rollback
BASELINE,MO,2022-02-14,50.37,533.3739,2022-03-07,False,2022-03-08,52.9,rollback
BASELINE,JNJ,2022-01-28,170.86,156.6368,2022-03-08,False,2022-03-09,170.01,rollback
BASELINE,KHC,2022-02-17,36.525,724.2584,2022-03-08,False,2022-03-09,39.11,rollback
BASELINE,CTRA,2022-03-01,23.68,1121.4816,2022-03-08,False,2022-03-09,25.65,rollback
BASELINE,SLB,2022-03-08,43.05,626.4959,2022-03-09,False,2022-03-10,43.1,rollback
BASELINE,KMI,2022-02-14,17.51,1534.4792,2022-03-11,False,2022-03-14,17.9,rollback
BASELINE,AVGO,2022-03-10,58.556,454.1941,2022-03-21,False,2022-03-22,60.172,rollback
BASELINE,HST,2022-03-11,18.47,1452.6734,2022-03-21,False,2022-03-22,18.47,rollback
BASELINE,ORCL,2021-11-17,95.76,291.7743,2022-03-23,False,2022-03-24,80.65,rollback
BASELINE,PYPL,2021-12-09,196.06,134.9899,2022-03-23,False,2022-03-24,115.82,rollback
BASELINE,KIM,2022-03-10,23.54,1129.7561,2022-03-23,False,2022-03-24,24.02,rollback
BASELINE,KMI,2022-03-22,17.99,1532.5448,2022-03-28,False,2022-03-29,18.52,rollback
BASELINE,SCHW,2022-03-15,84.11,313.9333,2022-03-30,False,2022-03-31,88.45,rollback
BASELINE,TWTR,2021-09-02,65.97,436.6791,2022-03-31,False,2022-04-01,39.16,rollback
BASELINE,NKE,2021-12-30,168.31,160.3475,2022-03-31,False,2022-04-01,134.45,rollback
BASELINE,PM,2022-03-31,93.78,295.2296,2022-04-04,False,2022-04-05,95.41,rollback
BASELINE,VZ,2022-02-03,54.0,498.8176,2022-04-07,False,2022-04-08,52.73,rollback
BASELINE,XOM,2022-03-22,81.63,337.7662,2022-04-11,False,2022-04-12,85.71,rollback
BASELINE,GILD,2022-03-30,60.42,463.4714,2022-04-12,False,2022-04-13,61.62,rollback
BASELINE,KO,2022-03-25,61.12,450.2795,2022-04-26,False,2022-04-27,65.0,rollback
BASELINE,UAL,2022-04-14,45.49,605.2664,2022-04-26,False,2022-04-27,48.75,rollback
BASELINE,QCOM,2022-03-25,157.97,174.2084,2022-05-05,False,2022-05-06,141.248,rollback
BASELINE,DVN,2022-04-08,60.34,451.5224,2022-05-09,False,2022-05-10,63.51,rollback
BASELINE,MRK,2022-04-29,88.66,300.0223,2022-05-13,False,2022-05-16,90.79,rollback
BASELINE,OXY,2022-04-08,57.7,472.205,2022-05-18,False,2022-05-19,63.03,rollback
BASELINE,SLB,2022-04-11,42.64,642.9617,2022-05-18,False,2022-05-19,40.04,rollback
BASELINE,KMI,2022-05-09,19.0,1390.2694,2022-05-18,False,2022-05-19,18.97,rollback
BASELINE,MU,2022-05-16,71.51,366.8077,2022-05-18,False,2022-05-19,70.76,rollback
BASELINE,APA,2022-05-20,41.08,621.6146,2022-05-24,False,2022-05-25,43.51,rollback
BASELINE,BKR,2022-04-11,36.72,746.6573,2022-05-31,False,2022-06-01,36.53,rollback
BASELINE,V,2022-04-29,218.62,121.6661,2022-06-01,False,2022-06-02,211.89,rollback
BASELINE,C,2022-05-20,50.26,508.1019,2022-06-01,False,2022-06-02,52.4,rollback
BASELINE,BEN,2022-05-23,26.24,970.6533,2022-06-01,False,2022-06-02,26.63,rollback
BASELINE,GOOG,2022-06-01,114.9315,235.0164,2022-06-03,False,2022-06-06,116.7425,rollback
BASELINE,JPM,2022-05-24,124.36,205.7514,2022-06-08,False,2022-06-09,127.37,rollback
BASELINE,FB,2022-06-03,195.98,136.0474,2022-06-08,False,2022-06-09,194.28,index_drop
BASELINE,GOOGL,2022-06-22,110.5565,217.6602,2022-06-27,False,2022-06-28,115.8025,rollback
BASELINE,GOOG,2022-06-22,111.163,216.4618,2022-06-27,False,2022-06-28,116.351,rollback
BASELINE,BMY,2022-06-08,76.52,347.0882,2022-06-30,False,2022-07-01,76.98,rollback
BASELINE,MSFT,2022-06-30,257.05,93.1464,2022-07-11,False,2022-07-12,265.88,rollback
BASELINE,CCL,2022-04-14,19.71,1397.0038,2022-07-21,False,2022-07-22,9.9,rollback
BASELINE,NCLH,2022-06-03,15.65,1703.5939,2022-07-21,False,2022-07-22,12.7,rollback
BASELINE,HPE,2022-05-10,16.0,1600.952,2022-07-22,False,2022-07-25,13.89,rollback
BASELINE,NFLX,2022-05-26,18.649,1393.2712,2022-07-22,False,2022-07-25,22.131,rollback
BASELINE,F,2022-03-25,16.74,1644.1134,2022-07-26,False,2022-07-27,12.75,rollback
BASELINE,TSLA,2022-06-03,243.225,109.6265,2022-07-26,False,2022-07-27,263.81,rollback
BASELINE,CSCO,2022-03-16,55.93,481.1116,2022-08-01,False,2022-08-02,45.52,rollback
BASELINE,SLB,2022-07-25,35.65,735.8908,2022-08-01,False,2022-08-02,36.5,rollback
BASELINE,WMB,2022-07-14,30.2,789.8948,2022-08-02,False,2022-08-03,33.27,rollback
BASELINE,KO,2022-07-27,62.88,421.7737,2022-08-02,False,2022-08-03,63.55,rollback
BASELINE,MDLZ,2022-07-25,62.06,422.707,2022-08-04,False,2022-08-05,64.15,rollback
BASELINE,SCHW,2022-07-22,63.37,415.7387,2022-08-08,False,2022-08-09,68.81,rollback
BASELINE,GILD,2022-08-09,61.58,446.32,2022-08-11,False,2022-08-12,62.71,rollback
BASELINE,VTRS,2022-08-09,10.0301,2740.3278,2022-08-16,False,2022-08-17,10.99,rollback
BASELINE,CCL,2022-08-03,9.5,2874.2127,2022-08-17,False,2022-08-18,10.56,rollback
BASELINE,JPM,2022-08-08,116.25,237.2102,2022-08-18,False,2022-08-19,120.62,rollback
BASELINE,CMG,2022-07-01,26.0416,916.1892,2022-08-19,False,2022-08-22,32.8,rollback
BASELINE,BSX,2022-07-22,38.18,690.0649,2022-08-19,False,2022-08-22,41.62,rollback
BASELINE,WMT,2022-08-12,43.3333,656.8632,2022-08-19,False,2022-08-22,45.4,rollback
BASELINE,HAL,2022-08-19,29.55,965.5566,2022-08-26,False,2022-08-29,31.17,rollback
BASELINE,APA,2022-08-19,35.962,793.3589,2022-08-31,False,2022-09-01,38.405,rollback
BASELINE,GILD,2022-09-02,65.04,424.8304,2022-09-13,False,2022-09-14,64.41,rollback
BASELINE,GM,2022-09-08,39.45,702.3059,2022-09-13,False,2022-09-14,40.74,rollback
BASELINE,NCLH,2022-09-08,13.72,2019.5872,2022-09-16,False,2022-09-19,15.1,rollback
BASELINE,DXCM,2022-08-26,87.73,327.9184,2022-10-14,False,2022-10-17,99.41,rollback
BASELINE,AAL,2022-08-02,14.05,1937.7582,2022-10-20,False,2022-10-21,13.36,rollback
BASELINE,PFE,2022-07-27,51.94,510.5854,2022-10-27,False,2022-10-28,45.98,rollback
BASELINE,UAL,2022-08-02,37.22,731.4385,2022-11-02,False,2022-11-03,40.57,rollback
BASELINE,WMT,2022-09-08,45.1333,613.9004,2022-11-02,False,2022-11-03,46.5033,rollback
BASELINE,JNJ,2022-09-23,165.74,157.0443,2022-11-02,False,2022-11-03,169.81,rollback
BASELINE,CCL,2022-10-21,7.93,3427.0973,2022-11-02,False,2022-11-03,8.34,rollback
BASELINE,XOM,2022-09-15,96.22,290.1114,2022-11-09,False,2022-11-10,110.19,rollback
BASELINE,USB,2022-10-17,43.88,619.2841,2022-11-09,False,2022-11-10,44.0,rollback
BASELINE,MU,2022-08-19,61.835,461.4478,2022-11-16,False,2022-11-17,57.3,rollback
BASELINE,NEM,2022-11-09,43.66,646.9699,2022-11-16,False,2022-11-17,44.48,rollback
BASELINE,QCOM,2022-11-11,118.99,245.6593,2022-11-16,False,2022-11-17,118.95,rollback
BASELINE,V,2022-11-11,206.0,141.891,2022-11-16,False,2022-11-17,207.96,rollback
BASELINE,AMD,2022-10-31,60.75,475.2196,2022-11-21,False,2022-11-22,72.72,rollback
BASELINE,KDP,2022-11-09,37.82,746.8349,2022-12-05,False,2022-12-06,37.98,rollback
BASELINE,MO,2022-11-23,45.21,641.4035,2022-12-05,False,2022-12-06,47.18,rollback
BASELINE,ABBV,2022-11-08,148.83,190.4352,2022-12-09,False,2022-12-12,163.21,rollback
BASELINE,PCG,2022-11-21,15.1,1904.3959,2022-12-15,False,2022-12-16,16.09,rollback
BASELINE,LUMN,2022-06-28,11.5,2213.7042,2023-01-17,False,2023-01-18,5.59,rollback
BASELINE,LRCX,2022-12-13,48.554,590.8132,2023-01-17,False,2023-01-18,47.718,rollback
BASELINE,HAL,2022-12-21,37.96,687.8056,2023-01-17,False,2023-01-18,43.0,rollback
BASELINE,CCL,2022-11-30,9.81,2918.8042,2023-01-19,False,2023-01-20,10.28,rollback
BASELINE,AAL,2022-11-25,14.4,2014.3965,2023-01-24,False,2023-01-25,15.97,rollback
BASELINE,DIS,2022-11-25,98.81,293.5519,2023-02-06,False,2023-02-07,109.295,rollback
BASELINE,HBAN,2023-01-24,14.76,2034.0579,2023-02-06,False,2023-02-07,15.34,rollback
BASELINE,WBD,2022-12-13,11.65,2462.5932,2023-02-07,False,2023-02-08,15.26,rollback
BASELINE,TSLA,2023-01-18,136.555,222.3273,2023-02-16,False,2023-02-17,199.985,rollback
BASELINE,PCG,2023-01-26,15.96,1919.6828,2023-03-07,False,2023-03-08,16.32,rollback
BASELINE,BMY,2023-01-20,73.9,396.7505,2023-04-04,False,2023-04-05,69.46,rollback
BASELINE,APA,2023-01-20,44.86,653.5532,2023-04-04,False,2023-04-05,37.89,rollback
BASELINE,GILD,2023-02-07,86.6,363.9408,2023-04-04,False,2023-04-05,82.3,rollback
BASELINE,CNC,2023-04-06,66.28,431.9147,2023-04-12,False,2023-04-13,67.52,rollback
BASELINE,MS,2023-04-14,86.43,333.5087,2023-04-20,False,2023-04-21,90.48,rollback
BASELINE,CSX,2022-12-13,33.25,862.7903,2023-04-24,False,2023-04-25,31.06,rollback
BASELINE,MSFT,2023-04-27,295.97,95.9449,2023-05-03,False,2023-05-04,306.24,rollback
BASELINE,CMCSA,2023-02-17,39.71,775.1804,2023-05-04,False,2023-05-05,40.57,rollback
BASELINE,EQT,2022-11-07,42.57,658.6037,2023-05-19,False,2023-05-22,35.46,rollback
BASELINE,AAL,2023-03-08,16.41,1834.5869,2023-05-19,False,2023-05-22,14.915,rollback
BASELINE,KLAC,2023-02-08,41.298,765.7023,2023-05-23,False,2023-05-24,40.685,rollback
BASELINE,LRCX,2023-04-21,52.419,554.4084,2023-05-23,False,2023-05-24,56.354,rollback
BASELINE,AMAT,2023-05-04,113.05,249.9059,2023-05-23,False,2023-05-24,121.92,rollback
BASELINE,ANET,2023-05-22,36.31,817.8183,2023-06-06,False,2023-06-07,39.9175,rollback
BASELINE,KEY,2023-04-14,12.55,2296.94,2023-06-08,False,2023-06-09,10.98,rollback
BASELINE,WBD,2023-06-07,12.12,2521.3112,2023-06-15,False,2023-06-16,13.09,rollback
BASELINE,PYPL,2022-09-15,95.1,293.5134,2023-06-21,False,2023-06-22,67.52,rollback
BASELINE,INTC,2023-05-05,31.38,914.465,2023-06-21,False,2023-06-22,32.69,rollback
BASELINE,F,2023-05-24,11.64,2528.4915,2023-06-21,False,2023-06-22,13.91,rollback
BASELINE,VZ,2023-06-13,35.5,890.8736,2023-07-06,False,2023-07-07,36.22,rollback
BASELINE,MRO,2023-05-22,23.13,1283.7656,2023-07-14,False,2023-07-17,24.05,rollback
BASELINE,OXY,2023-05-24,60.17,489.117,2023-07-14,False,2023-07-17,59.1,rollback
BASELINE,CRM,2023-06-23,210.5,145.9535,2023-07-17,False,2023-07-18,227.05,rollback
BASELINE,SLB,2023-05-24,45.96,640.3111,2023-07-21,False,2023-07-24,56.22,rollback
BASELINE,HBAN,2023-07-10,10.82,2929.9262,2023-07-21,False,2023-07-24,11.85,rollback
BASELINE,KO,2023-06-16,61.6,517.2004,2023-07-25,False,2023-07-26,61.86,rollback
BASELINE,SCHW,2023-02-07,79.13,398.3173,2023-07-27,False,2023-07-28,66.1,rollback
BASELINE,INTC,2023-07-18,34.28,946.3399,2023-07-31,False,2023-08-01,35.82,rollback
BASELINE,KLAC,2023-07-28,50.0,654.4451,2023-08-02,False,2023-08-03,49.727,rollback
BASELINE,TSCO,2023-07-28,45.06,726.1567,2023-08-04,False,2023-08-07,44.462,rollback
BASELINE,AMZN,2023-08-07,140.99,229.5275,2023-08-08,False,2023-08-09,139.97,rollback
BASELINE,WBD,2023-08-04,12.94,2493.2403,2023-08-09,False,2023-08-10,14.28,rollback
BASELINE,MRK,2023-07-24,109.99,299.3369,2023-08-24,False,2023-08-25,109.94,rollback
BASELINE,VZ,2023-08-14,33.19,960.6489,2023-09-05,False,2023-09-06,34.1,rollback
BASELINE,MO,2023-04-14,45.14,638.5405,2023-09-13,False,2023-09-14,43.82,rollback
BASELINE,T,2023-06-28,15.81,1966.3597,2023-09-18,False,2023-09-19,15.06,rollback
BASELINE,KHC,2023-07-17,35.69,901.7997,2023-09-22,False,2023-09-25,34.11,rollback
BASELINE,KMI,2023-08-14,17.81,1790.1372,2023-10-19,False,2023-10-20,17.04,rollback
BASELINE,MRO,2023-09-28,27.265,1118.8245,2023-10-23,False,2023-10-24,28.37,rollback
BASELINE,T,2023-10-20,15.19,2036.4746,2023-10-25,False,2023-10-26,15.17,rollback
BASELINE,IBM,2023-10-27,143.62,206.4307,2023-11-09,False,2023-11-10,147.44,rollback
BASELINE,GOOG,2023-08-28,132.08,240.3654,2023-11-17,False,2023-11-20,135.5,rollback
BASELINE,GOOGL,2023-11-13,131.78,244.8933,2023-11-17,False,2023-11-20,133.69,rollback
BASELINE,CCL,2023-07-24,17.88,1841.483,2023-11-24,False,2023-11-27,14.38,rollback
BASELINE,META,2023-09-06,301.71,106.4685,2023-11-24,False,2023-11-27,336.18,rollback
BASELINE,CMG,2023-06-22,41.38,750.2497,2023-11-27,False,2023-11-28,44.2,rollback
BASELINE,ORCL,2023-07-17,118.85,270.819,2023-11-27,False,2023-11-28,116.0,rollback
BASELINE,AMD,2023-08-01,114.26,287.4103,2023-11-27,False,2023-11-28,121.98,rollback
BASELINE,DIS,2023-09-15,85.22,377.5085,2023-11-28,False,2023-11-29,92.6,rollback
BASELINE,HPE,2023-11-30,16.84,1976.1553,2023-12-04,False,2023-12-05,16.43,rollback
BASELINE,MRK,2023-10-26,103.1,288.4141,2023-12-07,False,2023-12-08,103.79,rollback
BASELINE,NEE,2023-11-20,57.0,584.3373,2023-12-15,False,2023-12-18,61.6,rollback
BASELINE,BMY,2023-12-06,50.32,667.5153,2023-12-15,False,2023-12-18,51.15,rollback
BASELINE,GILD,2023-12-01,76.78,434.9754,2023-12-18,False,2023-12-19,79.58,rollback
BASELINE,WBD,2023-12-04,11.24,2977.8611,2023-12-18,False,2023-12-19,11.94,rollback
BASELINE,KR,2023-12-01,44.51,750.3724,2023-12-19,False,2023-12-20,44.88,rollback
BASELINE,CMCSA,2023-09-19,45.57,696.6709,2023-12-20,False,2023-12-21,44.22,rollback
BASELINE,AMD,2023-12-08,129.54,262.5631,2023-12-20,False,2023-12-21,138.14,rollback
BASELINE,GOOGL,2023-12-19,136.84,257.358,2023-12-27,False,2023-12-28,140.78,rollback
BASELINE,GOOG,2023-12-19,138.0,255.1692,2023-12-27,False,2023-12-28,141.85,rollback
BASELINE,WMT,2023-12-19,51.6133,682.2875,2023-12-28,False,2023-12-29,52.51,rollback
BASELINE,OXY,2023-12-19,59.12,595.5953,2023-12-28,False,2023-12-29,60.0,rollback
BASELINE,WBA,2023-12-05,20.73,1623.8825,2024-01-03,False,2024-01-04,24.19,rollback
BASELINE,PFE,2023-12-01,28.97,1152.9426,2024-01-04,False,2024-01-05,29.02,rollback
BASELINE,CVS,2023-11-20,68.4,486.9234,2024-01-08,False,2024-01-09,80.55,rollback
BASELINE,T,2023-12-20,16.57,2105.9714,2024-01-08,False,2024-01-09,16.97,rollback
BASELINE,NI,2023-12-29,26.41,1364.7652,2024-01-09,False,2024-01-10,27.13,rollback
BASELINE,VZ,2024-01-03,39.53,891.2832,2024-01-09,False,2024-01-10,39.08,rollback
BASELINE,TSCO,2024-01-05,42.742,838.2187,2024-01-09,False,2024-01-10,44.146,rollback
BASELINE,PYPL,2024-01-09,60.28,593.6757,2024-01-22,False,2024-01-23,64.525,rollback
BASELINE,PG,2024-01-02,146.36,246.1488,2024-01-24,False,2024-01-25,152.4,rollback
BASELINE,AAL,2024-01-09,14.51,2466.4753,2024-01-30,False,2024-01-31,14.49,rollback
BASELINE,AMZN,2024-01-10,152.06,234.6453,2024-01-30,False,2024-01-31,157.0,rollback
BASELINE,PANW,2024-01-10,152.6,233.8033,2024-01-31,False,2024-02-01,169.5,rollback
BASELINE,NOW,2024-01-10,141.5,252.1315,2024-01-31,False,2024-02-01,153.818,rollback
BASELINE,T,2024-01-23,17.04,2115.5356,2024-02-06,False,2024-02-07,17.6,rollback
BASELINE,F,2024-01-31,11.76,3103.0852,2024-02-14,False,2024-02-15,12.35,rollback
BASELINE,MRO,2023-12-22,24.89,1444.5869,2024-02-28,False,2024-02-29,24.23,rollback
BASELINE,AMD,2024-02-15,179.14,197.1803,2024-03-11,False,2024-03-12,200.52,rollback
BASELINE,DVN,2024-01-31,43.18,845.0778,2024-03-12,False,2024-03-13,47.02,rollback
BASELINE,PARA,2024-02-01,14.9,2435.6088,2024-03-21,False,2024-03-22,11.84,rollback
BASELINE,DAL,2024-01-09,41.4,864.3715,2024-03-22,False,2024-03-25,45.48,rollback
BASELINE,TFC,2024-01-25,38.0,957.4339,2024-04-01,False,2024-04-02,38.12,rollback
BASELINE,BMY,2024-03-26,52.39,691.253,2024-04-01,False,2024-04-02,53.1,rollback
BASELINE,KDP,2023-12-22,32.465,956.5516,2024-04-04,False,2024-04-05,30.7,rollback
BASELINE,AMZN,2024-03-13,175.9,202.6417,2024-04-10,False,2024-04-11,186.74,rollback
BASELINE,MO,2024-02-02,41.49,871.7345,2024-05-06,False,2024-05-07,43.6,rollback
BASELINE,KO,2024-03-12,60.32,594.8452,2024-05-14,False,2024-05-15,63.06,rollback
BASELINE,NFLX,2024-05-07,59.628,592.8382,2024-05-14,False,2024-05-15,61.857,rollback
BASELINE,MSFT,2024-04-08,425.17,83.771,2024-05-17,False,2024-05-20,420.21,rollback
BASELINE,AVGO,2024-03-22,135.0,268.4535,2024-05-21,False,2024-05-22,139.601,rollback
BASELINE,AAPL,2024-02-07,190.64,189.2447,2024-05-23,False,2024-05-24,188.82,rollback
BASELINE,VZ,2024-05-31,40.14,883.9418,2024-06-05,False,2024-06-06,41.31,rollback
BASELINE,SBUX,2024-04-02,91.11,397.0069,2024-06-07,False,2024-06-10,81.49,rollback
BASELINE,NCLH,2024-05-22,16.93,2130.3601,2024-06-07,False,2024-06-10,17.67,rollback
BASELINE,WMT,2024-04-11,60.75,583.2019,2024-06-12,False,2024-06-13,66.3,rollback
BASELINE,AVGO,2024-06-06,142.187,255.9119,2024-06-25,False,2024-06-26,159.762,rollback
BASELINE,F,2024-05-15,12.49,2880.2729,2024-07-05,False,2024-07-08,12.97,rollback
BASELINE,BKR,2024-05-15,32.6,1103.4605,2024-07-05,False,2024-07-08,34.14,rollback
BASELINE,CRM,2024-06-26,241.47,150.1793,2024-07-08,False,2024-07-09,256.09,rollback
BASELINE,VTRS,2024-04-04,12.16,2984.5974,2024-07-15,False,2024-07-16,11.0,rollback
BASELINE,MDT,2024-06-10,83.72,433.4738,2024-07-18,False,2024-07-19,81.58,rollback
BASELINE,XOM,2024-05-20,119.73,302.7298,2024-07-19,False,2024-07-22,115.18,rollback
BASELINE,TSLA,2024-06-13,188.39,194.8469,2024-07-19,False,2024-07-22,244.21,rollback
BASELINE,PCAR,2024-07-16,104.92,367.5445,2024-07-19,False,2024-07-22,108.4,rollback
BASELINE,PFE,2024-07-11,28.78,1336.6895,2024-07-23,False,2024-07-24,29.51,rollback
BASELINE,MTCH,2024-07-10,31.16,1226.2312,2024-07-24,False,2024-07-25,33.06,rollback
BASELINE,WBD,2024-01-03,11.48,3183.1992,2024-07-25,False,2024-07-26,8.1,rollback
BASELINE,PYPL,2024-07-23,60.72,645.9472,2024-08-02,False,2024-08-05,60.7,rollback
BASELINE,NEE,2024-07-11,73.5,523.3742,2024-08-05,False,2024-08-06,76.85,rollback
BASELINE,PG,2024-08-05,170.88,225.0376,2024-08-09,False,2024-08-12,169.4,rollback
BASELINE,MMM,2024-06-10,100.43,361.3324,2024-08-16,False,2024-08-19,127.08,rollback
BASELINE,CNC,2024-07-26,69.45,559.1815,2024-08-20,False,2024-08-21,78.46,rollback
BASELINE,WBD,2024-08-21,7.8,5208.0702,2024-08-27,False,2024-08-28,8.12,rollback
BASELINE,NFLX,2024-08-12,63.1,611.684,2024-08-28,False,2024-08-29,69.0,rollback
BASELINE,SBUX,2024-07-22,78.33,504.19,2024-09-03,False,2024-09-04,93.37,rollback
BASELINE,PEP,2024-09-04,177.9,225.8338,2024-09-06,False,2024-09-09,177.05,rollback
BASELINE,PFE,2024-09-10,29.42,1374.7746,2024-09-17,False,2024-09-18,30.0,rollback
BASELINE,MNST,2024-07-29,51.0,780.7976,2024-09-20,False,2024-09-23,51.19,rollback
BASELINE,TSLA,2024-08-19,217.07,186.6417,2024-09-20,False,2024-09-23,242.61,rollback
BASELINE,T,2024-08-07,19.2,2009.772,2024-09-23,False,2024-09-24,21.38,rollback
BASELINE,CRM,2024-07-26,258.17,150.4323,2024-10-01,False,2024-10-02,273.72,rollback
BASELINE,MU,2024-09-24,94.73,440.152,2024-10-01,False,2024-10-02,100.59,rollback
BASELINE,BMY,2024-09-23,49.56,833.812,2024-10-08,False,2024-10-09,52.25,rollback
BASELINE,XOM,2024-08-30,116.79,349.0214,2024-10-15,False,2024-10-16,120.89,rollback
BASELINE,KEY,2024-10-07,16.69,2512.9884,2024-10-17,False,2024-10-18,17.16,rollback
BASELINE,BAC,2024-10-07,40.21,1043.1205,2024-10-21,False,2024-10-22,41.65,rollback
BASELINE,NFLX,2024-10-09,71.925,575.2723,2024-10-23,False,2024-10-24,75.197,rollback
BASELINE,KVUE,2024-10-22,22.55,1865.0681,2024-11-12,False,2024-11-13,23.45,rollback
BASELINE,AMZN,2024-10-18,187.15,226.6254,2024-11-15,False,2024-11-18,204.15,rollback
BASELINE,BKR,2024-10-24,37.1,1131.9716,2024-11-25,False,2024-11-26,43.75,rollback
BASELINE,VTRS,2024-08-29,11.91,3436.9342,2024-11-26,False,2024-11-27,13.08,rollback
BASELINE,VZ,2024-11-18,41.67,1000.2518,2024-12-04,False,2024-12-05,42.59,rollback
BASELINE,BA,2024-02-29,206.44,170.1807,2024-12-05,False,2024-12-06,157.03,rollback
BASELINE,MRK,2024-07-30,123.48,324.5442,2024-12-10,False,2024-12-11,100.7,rollback
BASELINE,META,2024-11-27,574.89,74.4022,2024-12-17,False,2024-12-18,621.0,rollback
BASELINE,MSFT,2024-11-13,421.64,100.6865,2024-12-18,False,2024-12-19,441.62,rollback
BASELINE,PFE,2024-10-16,29.5,1430.7758,2024-12-26,False,2024-12-27,26.43,rollback
BASELINE,NVDA,2024-12-05,145.11,294.7764,2025-01-07,False,2025-01-08,142.58,rollback
BASELINE,OXY,2024-12-27,48.2,859.796,2025-01-21,False,2025-01-22,50.4,rollback
BASELINE,NEM,2024-12-12,41.62,1024.7697,2025-01-22,False,2025-01-23,41.51,rollback
BASELINE,WBA,2025-01-08,9.5,4327.1903,2025-01-27,False,2025-01-28,11.27,rollback
BASELINE,KO,2024-12-18,62.81,668.0684,2025-01-28,False,2025-01-29,62.56,rollback
BASELINE,PLTR,2025-01-23,76.04,562.4427,2025-01-29,False,2025-01-30,80.02,rollback
BASELINE,NKE,2024-09-23,85.4,483.9085,2025-01-31,False,2025-02-03,74.9,rollback
BASELINE,CCL,2024-12-23,26.52,1563.8187,2025-02-03,False,2025-02-04,27.18,rollback
BASELINE,GILD,2024-12-06,93.5,456.4732,2025-02-07,False,2025-02-10,96.04,rollback
BASELINE,SMCI,2025-01-22,33.98,1265.1557,2025-02-11,False,2025-02-12,42.3,rollback
BASELINE,MO,2025-02-03,52.0,808.6474,2025-02-11,False,2025-02-12,53.51,rollback
BASELINE,FCX,2025-02-10,38.88,1108.4557,2025-02-14,False,2025-02-18,39.48,rollback
BASELINE,MU,2025-02-18,102.635,437.8803,2025-02-19,False,2025-02-20,103.98,rollback
BASELINE,INTC,2025-02-12,21.98,1979.3744,2025-02-24,False,2025-02-25,24.21,rollback
BASELINE,AAPL,2025-01-29,234.12,183.3906,2025-02-25,False,2025-02-26,244.33,rollback
BASELINE,WBA,2025-02-25,10.91,4195.4238,2025-02-26,False,2025-02-27,11.7,rollback
BASELINE,MCHP,2024-07-23,91.77,427.3723,2025-02-27,False,2025-02-28,57.16,rollback
BASELINE,PARA,2024-11-26,11.11,3888.6102,2025-03-10,False,2025-03-11,11.96,rollback
BASELINE,NEE,2025-01-30,71.99,602.3784,2025-03-12,False,2025-03-13,73.2,rollback
BASELINE,MRK,2025-02-28,90.705,499.8463,2025-03-12,False,2025-03-13,93.4,rollback
BASELINE,GM,2025-03-11,48.0,968.8181,2025-03-26,False,2025-03-27,46.99,rollback
BASELINE,MU,2025-03-13,94.25,480.0601,2025-05-05,False,2025-05-06,79.04,rollback
BASELINE,PFE,2025-01-28,26.78,1595.7602,2025-05-06,False,2025-05-07,22.99,rollback
BASELINE,DIS,2025-02-20,111.24,411.7457,2025-05-06,False,2025-05-07,102.42,rollback
BASELINE,F,2024-09-18,10.93,3774.5089,2025-05-07,False,2025-05-08,10.34,rollback
BASELINE,UPS,2025-05-09,97.2,439.7638,2025-05-13,False,2025-05-14,99.85,rollback
BASELINE,LUV,2025-02-27,30.87,1473.1697,2025-05-21,False,2025-05-22,31.67,rollback
BASELINE,FSLR,2025-05-09,134.115,318.7034,2025-05-21,False,2025-05-22,159.95,rollback
BASELINE,FCX,2025-05-27,39.14,1104.1163,2025-06-10,False,2025-06-11,41.385,rollback
BASELINE,FAST,2025-05-15,40.265,1102.7989,2025-06-11,False,2025-06-12,42.495,rollback
BASELINE,SLB,2025-02-12,41.53,1047.5433,2025-06-16,False,2025-06-17,36.22,rollback
BASELINE,PFE,2025-05-27,23.55,1835.1283,2025-06-16,False,2025-06-17,24.27,rollback
BASELINE,NEM,2025-05-12,51.02,860.5299,2025-06-20,False,2025-06-23,58.36,rollback
BASELINE,XOM,2025-02-05,109.74,390.9017,2025-06-24,False,2025-06-25,108.11,rollback
BASELINE,CMG,2025-06-17,52.25,857.0079,2025-06-26,False,2025-06-27,54.195,rollback
BASELINE,KMI,2025-06-23,28.22,1592.3289,2025-07-01,False,2025-07-02,28.33,rollback
BASELINE,DOC,2025-02-26,20.22,2257.3233,2025-07-07,False,2025-07-08,17.935,rollback
BASELINE,AAPL,2025-05-13,210.43,212.3398,2025-07-07,False,2025-07-08,210.1,rollback
BASELINE,GM,2025-06-12,49.46,898.8557,2025-07-07,False,2025-07-08,52.16,rollback
BASELINE,F,2025-06-11,10.64,4205.6953,2025-07-11,False,2025-07-14,11.76,rollback
BASELINE,DOW,2025-07-09,29.365,1609.949,2025-07-11,False,2025-07-14,29.25,rollback
BASELINE,NKE,2025-06-27,69.79,660.1447,2025-07-14,False,2025-07-15,72.26,rollback
BASELINE,HAL,2025-07-09,22.07,2185.8951,2025-07-14,False,2025-07-15,22.05,rollback
BASELINE,AES,2025-07-02,10.85,4315.9495,2025-07-28,False,2025-07-29,13.49,rollback
BASELINE,KVUE,2025-07-14,22.58,2123.0091,2025-07-28,False,2025-07-29,22.38,rollback
BASELINE,META,2025-07-29,720.0,67.713,2025-08-01,False,2025-08-04,760.0,rollback
BASELINE,CSCO,2025-08-05,68.69,704.691,2025-08-11,False,2025-08-12,70.785,rollback
BASELINE,PLTR,2025-07-08,138.775,339.8566,2025-08-14,False,2025-08-15,179.725,rollback
BASELINE,VZ,2025-03-27,44.48,1044.3918,2025-08-22,False,2025-08-25,44.44,rollback
BASELINE,UBER,2025-08-12,91.19,520.0732,2025-08-25,False,2025-08-26,94.88,rollback
BASELINE,CMCSA,2025-07-15,35.62,1352.3885,2025-08-26,False,2025-08-27,33.59,rollback
BASELINE,INTC,2025-03-14,23.675,1927.8648,2025-08-29,False,2025-09-02,23.88,rollback
BASELINE,XOM,2025-07-29,111.9,435.7086,2025-09-03,False,2025-09-04,112.105,rollback
BASELINE,AVGO,2025-09-04,305.06,157.9918,2025-09-17,False,2025-09-18,350.0,rollback
BASELINE,TSLA,2025-08-25,338.9,144.9732,2025-09-25,False,2025-09-26,428.3,rollback
BASELINE,IBKR,2025-09-03,63.95,757.2361,2025-09-30,False,2025-10-01,67.86,rollback
BASELINE,WBD,2025-08-28,12.19,4048.0072,2025-10-02,False,2025-10-03,19.378,rollback
BASELINE,CMG,2025-10-03,40.27,1344.7694,2025-10-06,False,2025-10-07,41.5,rollback
BASELINE,EQT,2025-07-15,58.3,822.9739,2025-10-09,False,2025-10-10,54.7,rollback
BASELINE,PYPL,2025-09-18,70.08,755.3064,2025-10-10,False,2025-10-13,70.72,rollback
BASELINE,KO,2025-10-13,66.23,808.7738,2025-10-20,False,2025-10-21,70.565,rollback
BASELINE,CRM,2025-06-25,272.0,167.0585,2025-10-23,False,2025-10-24,257.42,rollback
BASELINE,AAPL,2025-10-21,261.88,210.4649,2025-10-31,False,2025-11-03,270.42,rollback
BASELINE,BMY,2025-07-15,47.15,1021.6261,2025-11-03,False,2025-11-04,45.49,rollback
BASELINE,PLTR,2025-10-24,182.88,297.2653,2025-11-04,False,2025-11-05,189.0,rollback
BASELINE,AMZN,2025-08-15,232.58,208.6723,2025-11-12,False,2025-11-13,243.05,rollback
BASELINE,GOOGL,2025-10-07,248.27,222.8466,2025-11-13,False,2025-11-14,271.405,rollback
BASELINE,CTRA,2025-08-27,23.95,2047.5326,2025-11-17,False,2025-11-18,25.74,rollback
BASELINE,VZ,2025-10-01,43.915,1220.6572,2025-11-17,False,2025-11-18,41.03,rollback
BASELINE,KHC,2025-11-19,24.915,2128.9797,2025-12-01,False,2025-12-02,25.38,rollback
BASELINE,SCHW,2025-09-26,95.13,558.2382,2025-12-12,False,2025-12-15,96.73,rollback
BASELINE,KDP,2025-11-19,27.29,1943.6013,2025-12-15,False,2025-12-16,29.34,rollback
BASELINE,SLB,2025-12-02,36.31,1503.708,2025-12-15,False,2025-12-16,38.6,rollback
BASELINE,DAL,2025-10-10,59.93,920.1742,2025-12-17,False,2025-12-18,70.82,rollback
BASELINE,MRK,2025-12-19,100.6,541.1042,2025-12-30,False,2025-12-31,105.935,rollback
BASELINE,SMCI,2025-06-17,43.24,1035.636,2025-12-31,False,,29.27,open
BASELINE,HOOD,2025-11-03,148.79,382.8514,2025-12-31,False,,113.1,open
BASELINE,CNC,2025-11-05,35.815,1543.1331,2025-12-31,False,,41.15,open
BASELINE,PCG,2025-11-06,16.45,3379.0475,2025-12-31,False,,16.07,open
BASELINE,T,2025-11-13,25.65,2144.1524,2025-12-31,False,,24.84,open
BASELINE,NKE,2025-11-14,64.935,824.8861,2025-12-31,False,,63.71,open
BASELINE,VICI,2025-12-16,28.61,1939.1476,2025-12-31,False,,28.12,open
BASELINE,VZ,2025-12-18,40.78,1354.9024,2025-12-31,False,,40.73,open
BASELINE,PG,2025-12-18,146.62,376.8255,2025-12-31,False,,143.31,open
BASELINE,OXY,2025-12-31,41.46,1334.9238,2025-12-31,False,,41.12,open
MARGIN_BRIDGE,AVGO,2016-02-01,13.334,749.5877,2016-02-02,False,2016-02-03,13.725,rollback
MARGIN_BRIDGE,HAL,2016-02-01,31.29,319.3354,2016-02-05,False,2016-02-08,30.74,rollback
MARGIN_BRIDGE,DOW,2016-02-03,45.73,211.9676,2016-02-11,True,2016-02-12,45.28,rollback
MARGIN_BRIDGE,TXN,2016-02-01,52.3,191.004,2016-02-18,True,2016-02-19,52.83,rollback
MARGIN_BRIDGE,FOXA,2016-02-01,26.84,372.2432,2016-02-23,False,2016-02-24,26.71,rollback
MARGIN_BRIDGE,XRX,2016-02-01,16.996,587.8152,2016-02-23,False,2016-02-24,16.513,rollback
MARGIN_BRIDGE,MDLZ,2016-02-01,42.82,233.3374,2016-02-26,False,2016-02-29,40.54,rollback
MARGIN_BRIDGE,JNPR,2016-02-19,24.0,395.7564,2016-02-26,True,2016-02-29,24.59,rollback
MARGIN_BRIDGE,KLAC,2016-02-01,6.64,1505.0458,2016-03-02,False,2016-03-03,6.836,rollback
MARGIN_BRIDGE,LRCX,2016-02-01,7.12,1403.7223,2016-03-08,False,2016-03-09,7.355,rollback
MARGIN_BRIDGE,JPM,2016-02-01,59.16,168.9318,2016-03-08,False,2016-03-09,59.15,rollback
MARGIN_BRIDGE,TAP,2016-02-01,90.5,110.4199,2016-03-08,False,2016-03-09,88.6,rollback
MARGIN_BRIDGE,AMAT,2016-02-01,17.45,572.6364,2016-03-08,False,2016-03-09,19.01,rollback
MARGIN_BRIDGE,DVN,2016-02-01,27.03,369.5897,2016-03-08,True,2016-03-09,22.07,rollback
MARGIN_BRIDGE,EMC,2016-02-04,24.44,403.1287,2016-03-08,True,2016-03-09,26.35,rollback
MARGIN_BRIDGE,WDC,2016-02-19,44.23,214.7339,2016-03-08,True,2016-03-09,46.77,rollback
MARGIN_BRIDGE,BAC,2016-02-29,12.7,771.7182,2016-03-08,True,2016-03-09,13.17,rollback
MARGIN_BRIDGE,AIG,2016-03-14,52.59,194.3294,2016-03-21,False,2016-03-22,53.55,rollback
MARGIN_BRIDGE,GILD,2016-02-16,90.72,102.4586,2016-03-23,True,2016-03-24,89.61,rollback
MARGIN_BRIDGE,WY,2016-02-24,24.0,392.1464,2016-04-04,True,2016-04-05,30.87,rollback
MARGIN_BRIDGE,ATVI,2016-02-25,31.98,303.2629,2016-04-05,True,2016-04-06,33.89,rollback
MARGIN_BRIDGE,ABBV,2016-03-30,57.43,182.9793,2016-04-07,True,2016-04-08,59.49,rollback
MARGIN_BRIDGE,COP,2016-04-07,40.43,260.7437,2016-04-15,True,2016-04-18,42.09,rollback
MARGIN_BRIDGE,V,2016-03-17,72.28,141.9997,2016-04-22,False,2016-04-25,78.69,rollback
MARGIN_BRIDGE,GME,2016-03-30,7.8925,1331.521,2016-04-22,False,2016-04-25,8.17,index_drop
MARGIN_BRIDGE,MRO,2016-04-07,10.88,969.0184,2016-04-25,True,2016-04-26,14.09,rollback
MARGIN_BRIDGE,WMB,2016-04-11,16.37,650.4899,2016-04-25,True,2016-04-26,19.25,rollback
MARGIN_BRIDGE,PFE,2016-03-14,30.27,337.6547,2016-04-26,False,2016-04-27,32.98,rollback
MARGIN_BRIDGE,HAL,2016-04-07,35.97,293.0885,2016-05-03,True,2016-05-04,40.13,rollback
MARGIN_BRIDGE,WMT,2016-03-22,22.6667,457.1287,2016-05-23,False,2016-05-24,23.2167,rollback
MARGIN_BRIDGE,WFM,2016-05-06,29.95,358.8062,2016-05-27,True,2016-05-31,31.96,rollback
MARGIN_BRIDGE,KR,2016-03-14,38.43,265.9458,2016-06-02,False,2016-06-03,36.2,rollback
MARGIN_BRIDGE,MU,2016-04-27,11.34,969.1421,2016-06-09,False,2016-06-10,12.32,rollback
MARGIN_BRIDGE,XRAY,2016-03-30,62.19,168.9657,2016-06-10,True,2016-06-13,64.22,rollback
MARGIN_BRIDGE,FE,2016-04-28,32.67,336.6608,2016-06-10,True,2016-06-13,33.68,rollback
MARGIN_BRIDGE,SYY,2016-06-17,49.75,219.5696,2016-07-01,True,2016-07-05,50.75,rollback
MARGIN_BRIDGE,T,2016-05-31,39.03,287.7085,2016-07-07,True,2016-07-08,42.13,rollback
MARGIN_BRIDGE,ATVI,2016-06-15,38.46,283.7518,2016-07-07,True,2016-07-08,40.64,rollback
MARGIN_BRIDGE,HST,2016-04-28,15.77,697.4103,2016-07-13,True,2016-07-14,16.58,rollback
MARGIN_BRIDGE,M,2016-06-03,33.93,332.2575,2016-07-13,True,2016-07-14,35.53,rollback
MARGIN_BRIDGE,DAL,2016-03-17,48.58,211.2645,2016-07-21,False,2016-07-22,39.07,rollback
MARGIN_BRIDGE,GOOG,2016-02-29,35.016,279.8815,2016-07-26,True,2016-07-27,36.914,rollback
MARGIN_BRIDGE,CMG,2016-04-18,9.36,1157.3096,2016-07-26,True,2016-07-27,8.638,rollback
MARGIN_BRIDGE,EBAY,2016-04-28,25.09,438.4141,2016-08-09,False,2016-08-10,31.11,rollback
MARGIN_BRIDGE,AAPL,2016-07-08,24.1225,461.7992,2016-08-11,True,2016-08-12,26.945,rollback
MARGIN_BRIDGE,AABA,2016-06-10,36.97,300.009,2016-08-23,True,2016-08-24,42.5,rollback
MARGIN_BRIDGE,BLL,2016-07-14,71.62,161.4654,2016-08-24,True,2016-08-25,79.76,rollback
MARGIN_BRIDGE,WFC,2016-08-12,48.05,252.3736,2016-09-06,True,2016-09-07,49.79,rollback
MARGIN_BRIDGE,NEE,2016-07-22,32.0025,361.3827,2016-09-26,True,2016-09-27,31.7725,rollback
MARGIN_BRIDGE,PG,2016-03-03,82.54,123.5267,2016-10-03,True,2016-10-04,88.29,rollback
MARGIN_BRIDGE,FAST,2016-04-28,11.7725,934.3181,2016-10-07,True,2016-10-10,10.6175,rollback
MARGIN_BRIDGE,NFLX,2016-07-05,9.52,1160.6267,2016-10-07,True,2016-10-10,10.318,rollback
MARGIN_BRIDGE,KLAC,2016-10-04,7.036,1745.3446,2016-10-11,True,2016-10-12,7.23,rollback
MARGIN_BRIDGE,KR,2016-10-12,30.24,399.5117,2016-10-13,True,2016-10-14,31.17,rollback
MARGIN_BRIDGE,FOXA,2016-07-14,28.18,410.3878,2016-10-24,True,2016-10-25,25.59,rollback
MARGIN_BRIDGE,GOOGL,2016-09-07,40.3965,302.3733,2016-10-25,True,2016-10-26,41.356,rollback
MARGIN_BRIDGE,SBUX,2016-08-24,57.0,212.0677,2016-11-09,True,2016-11-10,54.64,rollback
MARGIN_BRIDGE,WMT,2016-08-10,24.5233,489.7238,2016-11-14,True,2016-11-15,23.5967,rollback
MARGIN_BRIDGE,CMG,2016-09-27,8.39,1423.1993,2016-11-15,True,2016-11-16,7.98,rollback
MARGIN_BRIDGE,FCX,2016-10-26,10.45,1126.3974,2016-11-17,True,2016-11-18,13.79,rollback
MARGIN_BRIDGE,BMY,2016-10-10,50.79,240.9355,2016-11-22,True,2016-11-23,56.05,rollback
MARGIN_BRIDGE,C,2016-05-24,45.45,239.1619,2016-11-28,True,2016-11-29,55.5,rollback
MARGIN_BRIDGE,ORLY,2016-10-14,18.6733,646.167,2016-11-30,True,2016-12-01,18.2413,rollback
MARGIN_BRIDGE,T,2016-08-01,43.25,272.0031,2016-12-02,True,2016-12-05,38.7,rollback
MARGIN_BRIDGE,CMCSA,2016-11-10,31.765,392.5702,2016-12-02,True,2016-12-05,34.51,rollback
MARGIN_BRIDGE,CVS,2016-12-01,76.62,166.2199,2016-12-08,True,2016-12-09,78.88,rollback
MARGIN_BRIDGE,WFC,2016-10-11,45.8,266.8632,2016-12-12,True,2016-12-13,55.85,rollback
MARGIN_BRIDGE,AVGO,2016-12-09,18.095,723.3332,2016-12-12,True,2016-12-13,17.874,rollback
MARGIN_BRIDGE,EBAY,2016-08-25,31.08,385.0595,2016-12-13,True,2016-12-14,29.85,rollback
MARGIN_BRIDGE,KO,2016-11-29,41.52,305.6385,2016-12-13,True,2016-12-14,41.89,rollback
MARGIN_BRIDGE,XOM,2016-11-16,86.74,145.8112,2016-12-19,True,2016-12-20,90.51,rollback
MARGIN_BRIDGE,PFE,2016-12-13,32.81,400.2351,2016-12-21,True,2016-12-22,32.29,rollback
MARGIN_BRIDGE,BSX,2016-07-29,24.33,481.6728,2016-12-28,True,2016-12-29,21.65,rollback
MARGIN_BRIDGE,NKE,2016-11-18,51.39,248.8004,2017-01-09,True,2017-01-10,53.55,rollback
MARGIN_BRIDGE,V,2016-12-14,79.28,166.0997,2017-01-12,True,2017-01-13,81.02,rollback
MARGIN_BRIDGE,AMZN,2016-10-25,41.965,283.8669,2017-01-17,True,2017-01-18,40.475,rollback
MARGIN_BRIDGE,NFLX,2016-12-05,12.073,1050.2759,2017-01-20,True,2017-01-23,13.865,rollback
MARGIN_BRIDGE,FAST,2017-01-13,12.035,1099.3474,2017-01-26,True,2017-01-27,12.6025,rollback
MARGIN_BRIDGE,FB,2016-12-14,120.0,109.742,2017-01-31,True,2017-02-01,132.25,rollback
MARGIN_BRIDGE,LRCX,2016-12-20,10.819,1202.6077,2017-01-31,True,2017-02-01,11.591,rollback
MARGIN_BRIDGE,EBAY,2017-01-27,31.95,427.1685,2017-01-31,True,2017-02-01,31.9,rollback
MARGIN_BRIDGE,RAI,2016-12-05,54.87,231.0798,2017-02-06,True,2017-02-07,60.41,rollback
MARGIN_BRIDGE,PG,2017-01-18,84.8,155.8949,2017-02-06,True,2017-02-07,87.64,rollback
MARGIN_BRIDGE,KLAC,2016-12-22,7.898,1647.7145,2017-02-09,True,2017-02-10,8.696,rollback
MARGIN_BRIDGE,WMT,2016-12-13,23.89,549.6466,2017-02-10,True,2017-02-13,22.7733,rollback
MARGIN_BRIDGE,HPQ,2016-07-08,13.05,853.5781,2017-02-15,True,2017-02-16,15.99,rollback
MARGIN_BRIDGE,COG,2017-01-03,22.98,559.481,2017-02-16,True,2017-02-17,23.01,rollback
MARGIN_BRIDGE,HBAN,2017-01-10,13.35,986.3678,2017-02-16,True,2017-02-17,14.02,rollback
MARGIN_BRIDGE,BAC,2017-02-10,23.19,581.4051,2017-02-23,True,2017-02-24,24.12,rollback
MARGIN_BRIDGE,EXC,2017-02-01,35.66,378.2931,2017-02-27,True,2017-02-28,36.47,rollback
MARGIN_BRIDGE,HCP,2017-02-03,30.8,437.7559,2017-03-01,True,2017-03-02,32.14,rollback
MARGIN_BRIDGE,MU,2017-03-02,24.88,556.9689,2017-03-08,True,2017-03-09,25.23,rollback
MARGIN_BRIDGE,ABBV,2017-02-16,61.67,223.877,2017-03-21,True,2017-03-22,65.38,rollback
MARGIN_BRIDGE,LRCX,2017-02-22,11.763,1173.5444,2017-03-21,True,2017-03-22,12.408,rollback
MARGIN_BRIDGE,INTC,2017-01-23,37.07,361.5478,2017-04-28,True,2017-05-01,36.11,rollback
MARGIN_BRIDGE,EW,2017-02-02,30.72,434.454,2017-05-11,True,2017-05-12,36.6967,rollback
MARGIN_BRIDGE,GOOGL,2017-02-13,41.885,322.2373,2017-05-17,True,2017-05-18,47.16,rollback
MARGIN_BRIDGE,QCOM,2016-11-23,68.33,188.1178,2017-05-25,True,2017-05-26,57.66,rollback
MARGIN_BRIDGE,F,2017-02-28,12.63,1099.4012,2017-06-02,True,2017-06-05,11.36,rollback
MARGIN_BRIDGE,PHM,2017-05-12,23.0,584.3608,2017-06-05,True,2017-06-06,23.21,rollback
MARGIN_BRIDGE,NEE,2017-03-22,33.0025,409.8064,2017-06-08,True,2017-06-09,35.275,rollback
MARGIN_BRIDGE,SBUX,2017-05-22,61.03,219.5606,2017-06-08,True,2017-06-09,62.37,rollback
MARGIN_BRIDGE,AMD,2017-05-02,11.73,1151.8742,2017-06-09,True,2017-06-12,11.75,rollback
MARGIN_BRIDGE,TGT,2017-06-06,55.26,239.4305,2017-06-13,True,2017-06-14,57.5,rollback
MARGIN_BRIDGE,JPM,2017-06-09,85.51,155.0665,2017-06-20,True,2017-06-21,87.48,rollback
MARGIN_BRIDGE,MRK,2017-06-21,64.56,200.0778,2017-06-26,True,2017-06-27,66.27,rollback
MARGIN_BRIDGE,BAC,2017-06-12,23.82,560.0336,2017-06-30,True,2017-07-03,24.46,rollback
MARGIN_BRIDGE,WMB,2017-02-07,28.93,470.2469,2017-07-05,True,2017-07-06,30.5,rollback
MARGIN_BRIDGE,RF,2017-06-09,14.14,937.7935,2017-07-05,True,2017-07-06,14.84,rollback
MARGIN_BRIDGE,GILD,2017-02-07,72.56,187.4802,2017-07-06,True,2017-07-07,69.69,rollback
MARGIN_BRIDGE,PYPL,2017-07-06,54.22,243.1196,2017-07-11,True,2017-07-12,56.6,rollback
MARGIN_BRIDGE,KLAC,2017-07-12,9.771,1356.3475,2017-07-17,True,2017-07-18,9.906,rollback
MARGIN_BRIDGE,RIG,2017-02-24,13.99,986.9517,2017-07-20,True,2017-07-21,8.74,rollback
MARGIN_BRIDGE,HPE,2017-07-06,16.85,782.3503,2017-07-24,True,2017-07-25,17.84,rollback
MARGIN_BRIDGE,AVGO,2017-07-10,24.051,536.9285,2017-07-27,True,2017-07-28,24.892,rollback
MARGIN_BRIDGE,HPQ,2017-06-27,18.1,722.7731,2017-07-31,True,2017-08-01,19.14,rollback
MARGIN_BRIDGE,KMI,2016-11-15,21.5,586.9493,2017-08-01,True,2017-08-02,20.2,rollback
MARGIN_BRIDGE,TSCO,2017-03-09,14.518,937.9714,2017-08-03,True,2017-08-04,11.14,rollback
MARGIN_BRIDGE,NEM,2017-03-22,34.23,395.0908,2017-08-04,True,2017-08-07,36.15,rollback
MARGIN_BRIDGE,T,2017-02-21,41.37,333.4752,2017-08-08,True,2017-08-09,38.2,rollback
MARGIN_BRIDGE,TJX,2017-07-03,36.325,364.2976,2017-08-09,True,2017-08-10,35.345,rollback
MARGIN_BRIDGE,HBI,2017-08-03,23.76,567.4117,2017-08-09,True,2017-08-10,24.11,rollback
MARGIN_BRIDGE,INTC,2017-05-26,36.26,362.8471,2017-08-10,True,2017-08-11,36.26,rollback
MARGIN_BRIDGE,MU,2017-07-12,31.77,417.1713,2017-08-24,True,2017-08-25,30.3,rollback
MARGIN_BRIDGE,MSFT,2017-08-15,73.59,181.3585,2017-09-01,True,2017-09-05,73.34,rollback
MARGIN_BRIDGE,CSCO,2017-07-18,31.41,425.6174,2017-09-05,True,2017-09-06,31.75,rollback
MARGIN_BRIDGE,SPLS,2017-08-15,10.2,1308.3174,2017-09-12,True,2017-09-12,10.25,delisted
MARGIN_BRIDGE,FAST,2017-06-05,11.0675,1195.3938,2017-09-19,True,2017-09-20,11.1075,rollback
MARGIN_BRIDGE,RRC,2017-06-14,23.8,562.9344,2017-09-19,True,2017-09-20,19.11,rollback
MARGIN_BRIDGE,BAC,2017-07-26,24.67,554.7494,2017-09-25,True,2017-09-26,24.83,rollback
MARGIN_BRIDGE,PFE,2017-08-04,33.58,401.1266,2017-09-25,True,2017-09-26,35.51,rollback
MARGIN_BRIDGE,IPG,2017-09-21,20.79,657.9277,2017-09-26,True,2017-09-27,21.12,rollback
MARGIN_BRIDGE,GOOGL,2017-09-28,47.8125,288.7152,2017-10-02,True,2017-10-03,48.378,rollback
MARGIN_BRIDGE,HPE,2017-09-26,14.74,928.8402,2017-10-03,True,2017-10-04,14.7,rollback
MARGIN_BRIDGE,RF,2017-08-01,14.68,929.5246,2017-10-09,True,2017-10-10,15.0,rollback
MARGIN_BRIDGE,HPQ,2017-08-25,19.54,682.5216,2017-10-09,True,2017-10-10,20.6165,rollback
MARGIN_BRIDGE,WFC,2017-09-13,51.39,259.6575,2017-10-09,True,2017-10-10,55.37,rollback
MARGIN_BRIDGE,MO,2017-09-26,64.15,213.4126,2017-10-13,True,2017-10-16,65.05,rollback
MARGIN_BRIDGE,MDLZ,2017-10-03,41.29,334.3447,2017-10-13,True,2017-10-16,41.64,rollback
MARGIN_BRIDGE,AAPL,2017-10-10,39.0138,359.2956,2017-10-19,True,2017-10-20,39.1525,rollback
MARGIN_BRIDGE,KO,2017-10-11,45.88,306.1835,2017-10-23,True,2017-10-24,46.26,rollback
MARGIN_BRIDGE,NEE,2017-10-10,36.975,379.0882,2017-10-26,True,2017-10-27,38.3475,rollback
MARGIN_BRIDGE,WMT,2017-09-06,26.6267,497.0967,2017-10-30,True,2017-10-31,28.9533,rollback
MARGIN_BRIDGE,NRG,2017-09-20,24.67,553.5903,2017-11-09,True,2017-11-10,27.75,rollback
MARGIN_BRIDGE,SBUX,2017-07-28,55.23,249.084,2017-11-13,True,2017-11-14,56.47,rollback
MARGIN_BRIDGE,AVGO,2017-08-08,25.198,535.8626,2017-11-13,True,2017-11-14,26.33,rollback
MARGIN_BRIDGE,PG,2017-10-16,92.97,154.3921,2017-11-17,True,2017-11-20,88.43,rollback
MARGIN_BRIDGE,VIAB,2017-11-20,26.41,537.1721,2017-11-24,True,2017-11-27,26.26,rollback
MARGIN_BRIDGE,QCOM,2017-10-24,53.44,264.7831,2017-11-29,True,2017-11-30,66.51,rollback
MARGIN_BRIDGE,F,2017-11-01,12.4,1089.1705,2017-12-05,True,2017-12-06,12.4,rollback
MARGIN_BRIDGE,HBI,2017-11-30,20.42,726.0113,2017-12-05,True,2017-12-06,20.63,rollback
MARGIN_BRIDGE,T,2017-11-14,34.19,409.5463,2017-12-06,True,2017-12-07,36.13,rollback
MARGIN_BRIDGE,CMCSA,2017-11-10,36.5,379.687,2017-12-07,True,2017-12-08,38.5,rollback
MARGIN_BRIDGE,TJX,2017-11-14,33.8,414.2511,2017-12-08,True,2017-12-11,36.87,rollback
MARGIN_BRIDGE,CMG,2017-09-05,6.386,2089.3423,2017-12-14,True,2017-12-15,6.256,rollback
MARGIN_BRIDGE,ORLY,2017-10-18,14.1567,1011.0256,2017-12-14,True,2017-12-15,16.2553,rollback
MARGIN_BRIDGE,KEY,2017-10-27,18.45,742.564,2017-12-14,True,2017-12-15,19.63,rollback
MARGIN_BRIDGE,VZ,2017-10-20,49.45,288.9549,2017-12-20,True,2017-12-21,52.81,rollback
MARGIN_BRIDGE,GOOGL,2017-12-08,52.5905,286.9777,2017-12-20,True,2017-12-21,53.7695,rollback
MARGIN_BRIDGE,GOOG,2017-12-08,51.8745,290.9242,2017-12-21,True,2017-12-22,53.0555,rollback
MARGIN_BRIDGE,INTC,2017-12-18,45.15,340.7281,2017-12-26,True,2017-12-27,46.11,rollback
MARGIN_BRIDGE,MU,2017-12-21,45.55,347.3299,2018-01-08,True,2018-01-09,45.27,rollback
MARGIN_BRIDGE,AMD,2017-10-04,13.31,1036.0983,2018-01-09,True,2018-01-10,11.63,rollback
MARGIN_BRIDGE,FCX,2017-12-07,14.2,1048.7132,2018-01-09,True,2018-01-10,19.07,rollback
MARGIN_BRIDGE,CSX,2017-08-15,16.9633,786.7281,2018-01-10,True,2018-01-11,19.54,rollback
MARGIN_BRIDGE,GLW,2017-12-11,32.4,468.372,2018-01-10,True,2018-01-11,33.44,rollback
MARGIN_BRIDGE,AMAT,2017-12-21,53.18,297.4819,2018-01-10,True,2018-01-11,53.47,rollback
MARGIN_BRIDGE,MRO,2017-11-27,14.87,957.1319,2018-01-16,True,2018-01-17,18.35,rollback
MARGIN_BRIDGE,TJX,2018-01-11,38.075,437.5936,2018-01-16,False,2018-01-17,38.36,rollback
MARGIN_BRIDGE,AES,2017-08-09,11.45,1168.3189,2018-01-24,True,2018-01-25,11.15,rollback
MARGIN_BRIDGE,COP,2017-12-06,51.07,295.2655,2018-01-25,True,2018-01-26,59.7,rollback
MARGIN_BRIDGE,PM,2018-01-18,105.46,161.6004,2018-01-25,True,2018-01-26,107.36,rollback
MARGIN_BRIDGE,MAT,2018-01-22,16.08,1065.4677,2018-01-25,True,2018-01-26,16.7,rollback
MARGIN_BRIDGE,FB,2017-12-18,181.01,84.9848,2018-01-29,True,2018-01-30,183.01,rollback
MARGIN_BRIDGE,C,2017-12-22,75.89,207.7352,2018-01-30,True,2018-01-31,78.78,rollback
MARGIN_BRIDGE,MGM,2017-12-28,33.73,467.0539,2018-01-31,True,2018-02-01,36.49,rollback
MARGIN_BRIDGE,T,2018-01-29,37.13,483.0298,2018-02-02,True,2018-02-05,37.81,rollback
MARGIN_BRIDGE,NEE,2018-01-26,38.715,458.0386,2018-02-05,False,2018-02-06,37.9575,rollback
MARGIN_BRIDGE,EBAY,2018-01-19,38.75,440.9359,2018-02-08,True,2018-02-09,41.5,rollback
MARGIN_BRIDGE,NFLX,2017-12-18,19.12,804.636,2018-02-20,True,2018-02-21,28.207,rollback
MARGIN_BRIDGE,BA,2018-02-13,340.45,48.9145,2018-02-20,False,2018-02-21,352.56,rollback
MARGIN_BRIDGE,MU,2018-01-18,44.21,385.5062,2018-02-21,False,2018-02-22,44.78,rollback
MARGIN_BRIDGE,AAPL,2018-02-15,42.4475,410.7816,2018-02-21,True,2018-02-22,42.95,rollback
MARGIN_BRIDGE,BMY,2018-01-11,61.99,268.7618,2018-02-22,False,2018-02-23,66.17,rollback
MARGIN_BRIDGE,GOOGL,2018-02-22,55.9585,312.5755,2018-02-27,True,2018-02-28,56.1,rollback
MARGIN_BRIDGE,GOOG,2018-02-22,55.8095,313.3943,2018-02-27,True,2018-02-28,56.1515,rollback
MARGIN_BRIDGE,PFE,2018-01-17,36.82,456.5155,2018-02-28,False,2018-03-01,36.12,rollback
MARGIN_BRIDGE,KLAC,2018-02-21,11.081,1594.3666,2018-03-01,True,2018-03-02,11.005,rollback
MARGIN_BRIDGE,NEE,2018-03-02,38.3,454.3112,2018-03-06,True,2018-03-07,38.185,rollback
MARGIN_BRIDGE,CSCO,2018-02-14,41.04,407.1095,2018-03-07,True,2018-03-08,44.25,rollback
MARGIN_BRIDGE,PCG,2018-03-01,41.09,433.6848,2018-03-07,True,2018-03-08,41.14,rollback
MARGIN_BRIDGE,M,2018-01-11,25.47,654.1896,2018-03-08,False,2018-03-09,29.31,rollback
MARGIN_BRIDGE,KO,2018-03-09,44.57,402.7285,2018-03-12,True,2018-03-13,44.67,rollback
MARGIN_BRIDGE,SCHW,2018-02-02,54.75,321.0864,2018-03-14,True,2018-03-15,56.32,rollback
MARGIN_BRIDGE,INTC,2018-02-21,46.67,378.5742,2018-03-15,True,2018-03-16,51.17,rollback
MARGIN_BRIDGE,EXC,2018-02-01,38.53,460.1237,2018-03-19,False,2018-03-20,38.29,rollback
MARGIN_BRIDGE,MRO,2018-03-21,15.38,1135.1787,2018-03-22,True,2018-03-23,15.88,rollback
MARGIN_BRIDGE,DHI,2018-03-13,44.6,409.2298,2018-04-06,True,2018-04-09,45.52,rollback
MARGIN_BRIDGE,MRK,2018-03-16,55.19,323.9127,2018-04-11,True,2018-04-12,56.6,rollback
MARGIN_BRIDGE,SO,2018-03-02,43.98,395.6173,2018-04-18,True,2018-04-19,45.35,rollback
MARGIN_BRIDGE,DISCK,2018-03-05,23.0,766.6396,2018-04-18,True,2018-04-19,21.73,rollback
MARGIN_BRIDGE,NFLX,2018-04-12,30.9719,566.6329,2018-04-23,True,2018-04-24,31.9217,rollback
MARGIN_BRIDGE,HST,2018-03-15,18.96,948.6235,2018-04-24,True,2018-04-25,19.27,rollback
MARGIN_BRIDGE,HAL,2018-03-26,47.01,363.9204,2018-04-24,True,2018-04-25,51.0,rollback
MARGIN_BRIDGE,VZ,2018-03-09,49.2,364.8476,2018-04-26,True,2018-04-27,50.25,rollback
MARGIN_BRIDGE,KIM,2018-02-23,15.06,1161.1806,2018-04-30,True,2018-05-01,14.52,rollback
MARGIN_BRIDGE,M,2018-04-19,29.22,618.593,2018-04-30,True,2018-05-01,30.85,rollback
MARGIN_BRIDGE,ABBV,2018-04-27,97.44,186.5565,2018-04-30,True,2018-05-01,102.1,rollback
MARGIN_BRIDGE,CVX,2018-04-10,117.6,147.7025,2018-05-01,True,2018-05-02,124.2,rollback
MARGIN_BRIDGE,HPQ,2018-05-02,21.91,815.3087,2018-05-14,True,2018-05-15,22.4,rollback
MARGIN_BRIDGE,NVDA,2018-02-15,6.1196,2849.4547,2018-05-15,True,2018-05-16,6.1,rollback
MARGIN_BRIDGE,ORLY,2018-03-07,16.6213,1075.0458,2018-05-18,True,2018-05-21,18.2567,rollback
MARGIN_BRIDGE,WDC,2018-05-16,83.5,220.8253,2018-05-18,True,2018-05-21,86.63,rollback
MARGIN_BRIDGE,MU,2018-04-19,52.9,341.7049,2018-05-31,True,2018-06-01,58.81,rollback
MARGIN_BRIDGE,KO,2018-05-24,42.4,439.2816,2018-05-31,True,2018-06-01,43.1,rollback
MARGIN_BRIDGE,NEE,2018-04-27,40.6775,446.8603,2018-06-01,True,2018-06-04,40.6275,rollback
MARGIN_BRIDGE,F,2018-04-27,11.4,1594.6471,2018-06-11,True,2018-06-12,12.07,rollback
MARGIN_BRIDGE,HBAN,2018-06-04,15.22,1210.6333,2018-06-11,True,2018-06-12,15.67,rollback
MARGIN_BRIDGE,HPQ,2018-06-04,22.7,811.6704,2018-06-13,True,2018-06-14,23.63,rollback
MARGIN_BRIDGE,MDLZ,2018-03-09,44.44,403.8864,2018-06-18,True,2018-06-19,40.01,rollback
MARGIN_BRIDGE,CMCSA,2018-04-24,34.09,521.7802,2018-06-18,True,2018-06-19,32.17,rollback
MARGIN_BRIDGE,CVS,2018-05-15,66.48,277.4759,2018-06-18,True,2018-06-19,67.72,rollback
MARGIN_BRIDGE,CCL,2018-06-14,64.45,299.022,2018-06-19,True,2018-06-20,63.92,rollback
MARGIN_BRIDGE,NEE,2018-06-19,40.16,471.5608,2018-06-20,True,2018-06-21,40.6625,rollback
MARGIN_BRIDGE,C,2018-06-22,68.04,283.112,2018-07-10,True,2018-07-11,67.97,rollback
MARGIN_BRIDGE,CELG,2018-01-29,104.76,171.1913,2018-07-11,True,2018-07-12,83.88,rollback
MARGIN_BRIDGE,FOXA,2018-05-01,36.43,489.0425,2018-07-11,True,2018-07-12,47.97,rollback
MARGIN_BRIDGE,MGM,2018-06-13,31.47,611.121,2018-07-19,True,2018-07-20,30.71,rollback
MARGIN_BRIDGE,ORCL,2018-05-02,45.89,389.2854,2018-07-26,True,2018-07-27,48.99,rollback
MARGIN_BRIDGE,PM,2018-05-24,81.6,228.2428,2018-07-31,True,2018-08-01,86.03,rollback
MARGIN_BRIDGE,DLTR,2018-06-19,87.6,216.1751,2018-08-01,True,2018-08-02,89.56,rollback
MARGIN_BRIDGE,HST,2018-07-20,21.4,915.1016,2018-08-03,True,2018-08-06,21.56,rollback
MARGIN_BRIDGE,WMB,2018-06-19,26.87,704.8317,2018-08-13,True,2018-08-14,30.76,rollback
MARGIN_BRIDGE,TJX,2018-07-12,47.515,412.5093,2018-08-13,True,2018-08-14,49.8,rollback
MARGIN_BRIDGE,CMG,2018-07-12,9.1978,2131.092,2018-08-16,True,2018-08-17,10.1008,rollback
MARGIN_BRIDGE,WMT,2018-06-22,28.1533,684.2504,2018-08-24,True,2018-08-27,31.7533,rollback
MARGIN_BRIDGE,GGP,2018-05-01,20.02,889.9455,2018-08-27,True,2018-08-27,22.06,delisted
MARGIN_BRIDGE,MRO,2018-06-12,21.48,887.9301,2018-08-30,True,2018-08-31,21.51,rollback
MARGIN_BRIDGE,NLSN,2018-08-15,25.4,773.3038,2018-08-30,True,2018-08-31,25.93,rollback
MARGIN_BRIDGE,NFLX,2018-08-27,36.7145,547.9516,2018-08-31,True,2018-09-04,36.647,rollback
MARGIN_BRIDGE,NVDA,2018-07-11,6.2375,3138.706,2018-09-06,True,2018-09-07,6.725,rollback
MARGIN_BRIDGE,V,2018-08-14,140.3,140.1725,2018-09-17,True,2018-09-18,146.2,rollback
MARGIN_BRIDGE,GILD,2018-08-31,76.32,263.3479,2018-10-04,True,2018-10-05,76.77,rollback
MARGIN_BRIDGE,INTC,2018-09-04,48.38,415.014,2018-10-04,True,2018-10-05,48.23,rollback
MARGIN_BRIDGE,GE,2018-08-01,67.5344,292.8814,2018-10-11,True,2018-10-12,62.4512,rollback
MARGIN_BRIDGE,SBUX,2018-10-15,56.37,317.9548,2018-10-19,True,2018-10-22,58.93,rollback
MARGIN_BRIDGE,SO,2018-09-07,45.34,426.2912,2018-10-23,True,2018-10-24,44.92,rollback
MARGIN_BRIDGE,KR,2018-10-24,28.34,611.34,2018-11-01,True,2018-11-02,29.25,rollback
MARGIN_BRIDGE,MGM,2018-09-04,28.7,699.5601,2018-11-06,True,2018-11-07,27.62,rollback
MARGIN_BRIDGE,F,2018-08-28,10.08,2013.9059,2018-11-09,True,2018-11-12,9.38,rollback
MARGIN_BRIDGE,BAC,2018-10-05,30.6,626.9778,2018-11-09,True,2018-11-12,28.38,rollback
MARGIN_BRIDGE,AVGO,2018-11-07,23.199,795.6216,2018-11-09,True,2018-11-12,23.1,rollback
MARGIN_BRIDGE,FITB,2018-08-17,29.78,662.9406,2018-11-12,True,2018-11-13,27.59,rollback
MARGIN_BRIDGE,KEY,2018-10-05,20.55,933.5554,2018-11-12,True,2018-11-13,18.27,rollback
MARGIN_BRIDGE,ABBV,2018-08-02,93.58,209.0169,2018-11-13,True,2018-11-14,89.05,rollback
MARGIN_BRIDGE,PBCT,2018-11-16,15.96,1123.2312,2018-11-19,False,2018-11-20,15.99,rollback
MARGIN_BRIDGE,AMAT,2018-07-27,48.63,413.3189,2018-11-29,True,2018-11-30,36.47,rollback
MARGIN_BRIDGE,NWL,2018-02-08,29.38,580.3932,2018-12-04,False,2018-12-06,23.28,rollback
MARGIN_BRIDGE,PFE,2018-10-22,44.44,402.6286,2018-12-04,True,2018-12-06,44.58,rollback
MARGIN_BRIDGE,LRCX,2018-11-02,15.293,1203.1796,2018-12-04,True,2018-12-06,14.5,rollback
MARGIN_BRIDGE,KLAC,2018-11-21,9.562,1889.2826,2018-12-04,False,2018-12-06,9.421,rollback
MARGIN_BRIDGE,BAX,2018-11-23,64.96,274.2884,2018-12-04,True,2018-12-06,66.35,rollback
MARGIN_BRIDGE,HPQ,2018-12-07,23.9,752.6956,2018-12-21,True,2018-12-24,19.4,forced_deleverage
MARGIN_BRIDGE,CAT,2018-12-28,127.13,126.1642,2019-01-03,True,2019-01-04,124.17,forced_deleverage
MARGIN_BRIDGE,COTY,2018-09-18,12.33,1573.0909,2019-01-09,True,2019-01-10,7.29,rollback
MARGIN_BRIDGE,FB,2018-12-07,139.25,129.2009,2019-01-11,False,2019-01-14,142.0,rollback
MARGIN_BRIDGE,TXN,2018-11-21,97.75,184.8022,2019-01-14,False,2019-01-15,96.99,rollback
MARGIN_BRIDGE,GILD,2018-12-07,69.78,257.7762,2019-01-14,True,2019-01-15,67.19,rollback
MARGIN_BRIDGE,AMZN,2019-01-07,80.1155,205.825,2019-01-14,True,2019-01-15,81.6,rollback
MARGIN_BRIDGE,F,2018-11-27,9.37,1927.6341,2019-01-16,True,2019-01-17,8.27,rollback
MARGIN_BRIDGE,ANET,2018-12-07,14.8863,1208.5154,2019-01-16,False,2019-01-17,13.7369,rollback
MARGIN_BRIDGE,ABT,2019-01-14,68.41,249.4224,2019-01-23,True,2019-01-24,70.0,rollback
MARGIN_BRIDGE,WMB,2018-11-20,25.11,714.6496,2019-02-05,False,2019-02-06,27.15,rollback
MARGIN_BRIDGE,KMI,2018-08-07,18.05,1119.2177,2019-02-06,True,2019-02-07,18.02,rollback
MARGIN_BRIDGE,ORLY,2019-01-15,22.75,757.5114,2019-02-06,False,2019-02-07,24.1067,rollback
MARGIN_BRIDGE,AAPL,2019-01-28,38.9475,435.0904,2019-02-11,True,2019-02-12,42.525,rollback
MARGIN_BRIDGE,WDC,2019-01-25,45.5,379.2115,2019-02-15,True,2019-02-19,48.42,rollback
MARGIN_BRIDGE,WMT,2019-02-08,32.1133,546.858,2019-02-20,True,2019-02-21,33.22,rollback
MARGIN_BRIDGE,KEY,2019-02-08,17.01,1032.4687,2019-02-21,True,2019-02-22,17.71,rollback
MARGIN_BRIDGE,EBAY,2018-11-27,28.58,631.9464,2019-02-25,True,2019-02-26,37.34,rollback
MARGIN_BRIDGE,MDT,2019-01-18,88.52,196.8219,2019-02-25,False,2019-02-26,92.25,rollback
MARGIN_BRIDGE,PYPL,2019-02-11,92.25,192.4445,2019-03-04,True,2019-03-05,96.65,rollback
MARGIN_BRIDGE,BMY,2018-12-07,53.23,337.9396,2019-03-06,True,2019-03-07,52.7,rollback
MARGIN_BRIDGE,WFC,2019-02-26,49.49,368.5648,2019-03-19,True,2019-03-20,51.19,rollback
MARGIN_BRIDGE,NVDA,2019-02-13,3.809,4765.4159,2019-03-20,True,2019-03-21,4.3833,rollback
MARGIN_BRIDGE,AMZN,2019-02-06,83.5375,214.1537,2019-03-22,True,2019-03-25,87.8895,rollback
MARGIN_BRIDGE,AMD,2019-03-20,26.49,699.4441,2019-03-22,True,2019-03-25,26.29,rollback
MARGIN_BRIDGE,DHI,2019-03-08,40.34,431.7461,2019-03-26,True,2019-03-27,42.14,rollback
MARGIN_BRIDGE,CSX,2019-03-27,24.3067,760.5072,2019-04-02,True,2019-04-03,25.44,rollback
MARGIN_BRIDGE,FCX,2019-03-21,12.71,1449.8708,2019-04-05,True,2019-04-08,13.45,rollback
MARGIN_BRIDGE,F,2019-03-27,8.75,2112.8307,2019-04-15,True,2019-04-16,9.32,rollback
MARGIN_BRIDGE,BKNG,2018-06-01,84.8396,217.5361,2019-04-16,True,2019-04-17,73.9452,rollback
MARGIN_BRIDGE,KEY,2019-04-03,16.65,1111.3877,2019-04-18,True,2019-04-22,16.7,rollback
MARGIN_BRIDGE,BAC,2019-02-19,28.93,638.5621,2019-04-22,True,2019-04-23,29.99,rollback
MARGIN_BRIDGE,HRB,2019-02-22,24.66,740.07,2019-04-23,True,2019-04-24,26.35,rollback
MARGIN_BRIDGE,TWTR,2019-02-26,31.89,571.9461,2019-04-26,True,2019-04-29,38.63,rollback
MARGIN_BRIDGE,WMT,2019-04-08,32.8167,569.2127,2019-04-26,True,2019-04-29,33.96,rollback
MARGIN_BRIDGE,NEE,2019-04-16,47.765,396.9328,2019-05-01,True,2019-05-02,48.21,rollback
MARGIN_BRIDGE,FB,2019-03-05,167.37,107.3715,2019-05-02,True,2019-05-03,194.38,rollback
MARGIN_BRIDGE,JNJ,2019-04-17,139.0,142.0139,2019-05-02,True,2019-05-03,141.29,rollback
MARGIN_BRIDGE,CVS,2019-01-24,65.5,263.003,2019-05-03,False,2019-05-06,55.97,rollback
MARGIN_BRIDGE,GE,2019-04-29,47.6984,424.3181,2019-05-07,True,2019-05-08,50.24,rollback
MARGIN_BRIDGE,QCOM,2018-11-30,58.22,319.0748,2019-05-08,True,2019-05-09,83.37,rollback
MARGIN_BRIDGE,PFE,2019-05-03,41.22,496.4306,2019-05-17,True,2019-05-20,41.4,rollback
MARGIN_BRIDGE,COTY,2019-05-06,11.26,1777.4606,2019-05-22,True,2019-05-23,13.03,rollback
MARGIN_BRIDGE,DWDP,2019-02-21,56.28,326.3663,2019-05-31,True,2019-05-31,30.52,delisted
MARGIN_BRIDGE,AMD,2019-05-03,28.3,723.1419,2019-06-12,True,2019-06-13,32.39,rollback
MARGIN_BRIDGE,AMAT,2019-05-20,41.8,469.2876,2019-06-12,True,2019-06-13,41.61,rollback
MARGIN_BRIDGE,CMG,2019-05-03,14.1514,1446.0684,2019-06-13,True,2019-06-14,14.6776,rollback
MARGIN_BRIDGE,BA,2019-04-22,375.69,52.0894,2019-06-19,True,2019-06-20,373.0,rollback
MARGIN_BRIDGE,CVX,2019-05-10,121.17,160.8825,2019-06-19,True,2019-06-20,124.31,rollback
MARGIN_BRIDGE,CTL,2019-03-27,12.25,1509.0893,2019-06-21,True,2019-06-24,11.38,rollback
MARGIN_BRIDGE,STX,2019-05-09,48.21,404.4903,2019-06-25,True,2019-06-26,47.24,rollback
MARGIN_BRIDGE,WMT,2019-05-23,33.94,562.5643,2019-06-26,True,2019-06-27,36.6867,rollback
MARGIN_BRIDGE,WFC,2019-04-29,47.97,421.8945,2019-07-02,True,2019-07-03,47.3,rollback
MARGIN_BRIDGE,NVDA,2019-06-14,3.6128,5576.1298,2019-07-02,True,2019-07-03,4.0793,rollback
MARGIN_BRIDGE,MYL,2019-06-20,18.4,1131.2451,2019-07-05,True,2019-07-08,19.41,rollback
MARGIN_BRIDGE,JCI,2019-06-13,39.82,504.6034,2019-07-08,True,2019-07-09,41.66,rollback
MARGIN_BRIDGE,ANET,2019-06-27,16.0494,1296.6224,2019-07-08,True,2019-07-09,16.6244,rollback
MARGIN_BRIDGE,ORLY,2019-07-03,25.5333,840.604,2019-07-19,True,2019-07-22,26.5413,rollback
MARGIN_BRIDGE,M,2019-07-08,21.69,991.0908,2019-07-25,True,2019-07-26,22.84,rollback
MARGIN_BRIDGE,TWTR,2019-07-03,36.29,591.4114,2019-07-30,True,2019-07-31,41.08,rollback
MARGIN_BRIDGE,EW,2019-07-10,63.01,342.9621,2019-08-05,True,2019-08-06,70.4867,rollback
MARGIN_BRIDGE,APC,2019-06-27,70.69,294.3694,2019-08-08,True,2019-08-08,72.77,delisted
MARGIN_BRIDGE,MRK,2019-07-31,82.9,261.3573,2019-08-12,True,2019-08-13,85.46,rollback
MARGIN_BRIDGE,T,2019-07-26,33.74,642.3511,2019-08-14,True,2019-08-15,34.24,rollback
MARGIN_BRIDGE,NEE,2019-08-07,52.8475,386.906,2019-08-14,True,2019-08-15,53.6575,rollback
MARGIN_BRIDGE,WDC,2019-08-19,56.64,368.7694,2019-08-23,True,2019-08-26,55.49,forced_deleverage
MARGIN_BRIDGE,F,2019-06-14,10.01,2012.4311,2019-09-10,True,2019-09-11,9.29,rollback
MARGIN_BRIDGE,AAPL,2019-08-14,50.79,407.7518,2019-09-13,True,2019-09-16,54.4325,rollback
MARGIN_BRIDGE,ATVI,2019-04-24,46.45,435.1962,2019-09-16,True,2019-09-17,55.5,rollback
MARGIN_BRIDGE,VZ,2019-06-20,57.9,359.5156,2019-09-16,True,2019-09-17,59.32,rollback
MARGIN_BRIDGE,C,2019-06-05,65.45,295.8966,2019-09-19,True,2019-09-20,70.15,rollback
MARGIN_BRIDGE,LRCX,2019-08-19,21.0,994.7231,2019-09-20,True,2019-09-23,23.5,rollback
MARGIN_BRIDGE,FCX,2019-07-22,11.56,1820.9322,2019-09-23,True,2019-09-24,10.31,rollback
MARGIN_BRIDGE,ABBV,2019-01-22,88.86,197.8705,2019-09-25,False,2019-09-26,72.95,rollback
MARGIN_BRIDGE,ORCL,2019-09-26,54.11,397.9199,2019-10-16,True,2019-10-17,56.01,rollback
MARGIN_BRIDGE,NFLX,2019-04-23,37.545,528.8611,2019-10-18,True,2019-10-21,27.289,rollback
MARGIN_BRIDGE,ALXN,2019-09-17,108.86,201.4772,2019-10-25,True,2019-10-28,105.0,rollback
MARGIN_BRIDGE,AMD,2019-06-28,31.08,679.1021,2019-10-29,True,2019-10-30,32.93,rollback
MARGIN_BRIDGE,CTL,2019-10-17,12.2,1815.1664,2019-10-30,True,2019-10-31,12.86,rollback
MARGIN_BRIDGE,MSFT,2019-08-09,138.61,153.3963,2019-10-31,True,2019-11-01,144.26,rollback
MARGIN_BRIDGE,FTNT,2019-09-17,15.98,1372.5849,2019-10-31,True,2019-11-01,17.732,rollback
MARGIN_BRIDGE,MRK,2019-09-23,84.91,255.5486,2019-11-01,True,2019-11-04,85.59,rollback
MARGIN_BRIDGE,XOM,2019-11-04,70.07,324.8257,2019-11-06,True,2019-11-07,72.03,rollback
MARGIN_BRIDGE,MRO,2019-11-04,12.32,1847.3539,2019-11-06,True,2019-11-07,12.61,rollback
MARGIN_BRIDGE,QCOM,2019-08-19,74.58,280.077,2019-11-13,True,2019-11-14,90.31,rollback
MARGIN_BRIDGE,JNJ,2019-07-09,141.46,150.7002,2019-11-18,True,2019-11-19,135.0,rollback
MARGIN_BRIDGE,HPQ,2019-10-28,17.46,1274.3993,2019-11-20,True,2019-11-21,19.81,rollback
MARGIN_BRIDGE,CMG,2019-09-18,16.5,1329.0223,2019-12-04,True,2019-12-05,16.18,rollback
MARGIN_BRIDGE,KO,2019-10-21,54.45,402.4731,2019-12-05,True,2019-12-06,54.31,rollback
MARGIN_BRIDGE,NEM,2019-09-18,39.53,554.7122,2019-12-06,True,2019-12-09,40.12,rollback
MARGIN_BRIDGE,SLB,2019-11-21,36.42,628.2718,2019-12-13,True,2019-12-16,39.11,rollback
MARGIN_BRIDGE,F,2019-11-04,8.93,2548.8998,2019-12-17,False,2019-12-18,9.39,rollback
MARGIN_BRIDGE,SBUX,2019-11-14,84.1,272.7479,2019-12-17,True,2019-12-18,88.39,rollback
MARGIN_BRIDGE,ATVI,2019-10-31,55.93,401.5592,2019-12-24,True,2019-12-26,58.81,rollback
MARGIN_BRIDGE,HAL,2019-12-05,21.6,1062.8028,2019-12-26,True,2019-12-27,24.55,rollback
MARGIN_BRIDGE,NVDA,2019-11-19,5.2758,4368.4707,2019-12-27,True,2019-12-30,5.8998,rollback
MARGIN_BRIDGE,NFLX,2019-12-18,31.626,772.6339,2019-12-27,True,2019-12-30,32.908,rollback
MARGIN_BRIDGE,AMZN,2019-09-05,91.0975,235.8171,2019-12-31,True,2020-01-02,93.75,rollback
MARGIN_BRIDGE,KMI,2019-11-04,20.54,1107.9972,2020-01-02,True,2020-01-03,21.07,rollback
MARGIN_BRIDGE,GIS,2020-01-02,53.63,459.7767,2020-01-22,True,2020-01-23,53.83,rollback
MARGIN_BRIDGE,GOOG,2020-01-03,67.393,360.1213,2020-01-27,True,2020-01-28,72.15,rollback
MARGIN_BRIDGE,TSCO,2019-12-06,19.51,1181.2867,2020-02-07,True,2020-02-10,19.234,rollback
MARGIN_BRIDGE,MPC,2019-11-08,65.87,344.5636,2020-02-14,True,2020-02-18,57.18,rollback
MARGIN_BRIDGE,PEP,2019-12-30,136.7,180.3144,2020-02-18,True,2020-02-19,145.62,rollback
MARGIN_BRIDGE,WMT,2019-11-07,40.0,577.8592,2020-02-19,True,2020-02-20,39.07,rollback
MARGIN_BRIDGE,AMD,2020-02-10,49.47,478.0781,2020-02-21,True,2020-02-24,48.175,rollback
MARGIN_BRIDGE,OXY,2020-02-20,42.7,565.5205,2020-03-16,True,2020-03-17,12.38,forced_deleverage
MARGIN_BRIDGE,PM,2019-09-26,74.91,287.4452,2020-04-07,True,2020-04-08,75.17,rollback
MARGIN_BRIDGE,CVS,2019-12-26,74.7,331.7691,2020-04-13,True,2020-04-14,59.88,rollback
MARGIN_BRIDGE,HBI,2020-01-02,14.77,1669.5367,2020-04-13,True,2020-04-14,9.49,rollback
MARGIN_BRIDGE,F,2020-04-09,5.51,2895.8589,2020-04-13,True,2020-04-14,5.27,rollback
MARGIN_BRIDGE,WFC,2019-12-17,54.11,450.144,2020-04-14,True,2020-04-15,28.77,rollback
MARGIN_BRIDGE,USB,2019-12-27,60.36,411.5769,2020-04-14,True,2020-04-15,35.13,rollback
MARGIN_BRIDGE,C,2020-04-09,46.94,339.9102,2020-04-14,True,2020-04-15,43.37,rollback
MARGIN_BRIDGE,BAC,2019-12-09,33.5,692.0511,2020-04-15,True,2020-04-16,22.15,rollback
MARGIN_BRIDGE,AVGO,2020-01-29,32.082,740.2108,2020-04-20,True,2020-04-21,25.456,rollback
MARGIN_BRIDGE,T,2020-01-23,38.96,619.3268,2020-04-21,True,2020-04-22,30.9,rollback
MARGIN_BRIDGE,AAPL,2020-02-20,80.6575,299.4009,2020-04-21,True,2020-04-22,68.4025,rollback
MARGIN_BRIDGE,GILD,2020-04-17,85.17,184.0733,2020-04-28,False,2020-04-29,83.97,rollback
MARGIN_BRIDGE,TWTR,2020-04-23,28.43,535.0074,2020-04-28,False,2020-04-29,30.06,rollback
MARGIN_BRIDGE,CCL,2020-04-15,11.88,1297.4172,2020-04-30,False,2020-05-01,14.9,rollback
MARGIN_BRIDGE,KEY,2020-04-24,10.78,1418.0153,2020-04-30,True,2020-05-01,11.26,rollback
MARGIN_BRIDGE,ORLY,2019-12-18,29.5793,826.054,2020-05-01,True,2020-05-04,24.9827,rollback
MARGIN_BRIDGE,HBAN,2020-04-23,7.87,1932.4955,2020-05-01,False,2020-05-04,8.34,rollback
MARGIN_BRIDGE,SYF,2020-04-23,16.06,946.9477,2020-05-01,False,2020-05-04,17.95,rollback
MARGIN_BRIDGE,BEN,2020-02-19,26.16,929.4817,2020-05-05,True,2020-05-06,18.12,rollback
MARGIN_BRIDGE,CSCO,2020-05-11,42.78,396.3664,2020-05-19,True,2020-05-20,45.05,rollback
MARGIN_BRIDGE,AMAT,2020-05-08,52.41,320.8807,2020-05-21,False,2020-05-22,55.02,rollback
MARGIN_BRIDGE,FTNT,2020-04-30,21.6,850.6727,2020-05-26,True,2020-05-27,27.45,rollback
MARGIN_BRIDGE,AAL,2020-04-15,12.52,1231.034,2020-05-28,False,2020-05-29,10.48,rollback
MARGIN_BRIDGE,BAC,2020-05-11,23.11,733.8424,2020-05-28,False,2020-05-29,24.42,rollback
MARGIN_BRIDGE,C,2020-05-11,45.21,375.0808,2020-05-28,True,2020-05-29,48.02,rollback
MARGIN_BRIDGE,F,2020-05-11,5.18,3274.1208,2020-05-29,False,2020-06-01,5.73,rollback
MARGIN_BRIDGE,GPS,2020-05-22,8.21,2181.1789,2020-05-29,True,2020-06-01,9.38,rollback
MARGIN_BRIDGE,VZ,2020-05-29,55.33,331.3416,2020-06-01,True,2020-06-02,55.82,rollback
MARGIN_BRIDGE,NCLH,2020-04-24,11.37,1344.5004,2020-06-09,True,2020-06-10,22.71,rollback
MARGIN_BRIDGE,HPQ,2020-04-29,15.9,1124.8047,2020-06-09,True,2020-06-10,17.36,rollback
MARGIN_BRIDGE,FTI,2020-06-02,8.02,2389.1462,2020-06-09,True,2020-06-10,9.14,rollback
MARGIN_BRIDGE,SLB,2020-04-23,15.85,959.5899,2020-06-10,False,2020-06-11,19.12,rollback
MARGIN_BRIDGE,OXY,2020-04-24,14.18,1078.1194,2020-06-10,False,2020-06-11,17.84,rollback
MARGIN_BRIDGE,CCL,2020-05-19,14.61,1191.9199,2020-06-10,True,2020-06-11,17.29,rollback
MARGIN_BRIDGE,WFC,2020-05-27,27.8,732.2488,2020-06-10,True,2020-06-11,27.2,rollback
MARGIN_BRIDGE,UA,2020-06-02,8.39,2283.8987,2020-06-10,True,2020-06-11,8.62,rollback
MARGIN_BRIDGE,LRCX,2020-05-11,26.247,646.1024,2020-06-11,False,2020-06-12,29.2803,rollback
MARGIN_BRIDGE,LUV,2020-05-20,28.47,619.5166,2020-06-11,True,2020-06-12,36.06,rollback
MARGIN_BRIDGE,COTY,2020-06-02,4.5,4258.4151,2020-06-11,True,2020-06-12,4.95,rollback
MARGIN_BRIDGE,CRM,2020-06-11,176.64,117.6727,2020-06-23,False,2020-06-24,187.51,rollback
MARGIN_BRIDGE,NFLX,2020-06-10,43.6,541.5183,2020-06-24,True,2020-06-25,45.886,rollback
MARGIN_BRIDGE,ORCL,2020-06-19,54.21,391.3122,2020-07-13,False,2020-07-14,56.67,rollback
MARGIN_BRIDGE,GOOGL,2020-06-23,72.6,291.4282,2020-07-13,True,2020-07-14,74.6395,rollback
MARGIN_BRIDGE,PFE,2020-05-29,38.27,479.071,2020-07-14,True,2020-07-15,35.99,rollback
MARGIN_BRIDGE,F,2020-07-15,6.54,3219.0401,2020-07-17,True,2020-07-20,6.8,rollback
MARGIN_BRIDGE,KO,2020-07-15,46.3,454.6754,2020-07-23,True,2020-07-24,48.4,rollback
MARGIN_BRIDGE,WMT,2020-06-23,40.9167,517.0659,2020-07-27,True,2020-07-28,43.8333,rollback
MARGIN_BRIDGE,CTL,2020-07-29,9.91,2249.8393,2020-08-12,True,2020-08-13,10.73,rollback
MARGIN_BRIDGE,AMD,2020-06-10,57.2,412.7863,2020-08-17,True,2020-08-18,82.8,rollback
MARGIN_BRIDGE,WMT,2020-08-13,43.7367,547.3752,2020-08-18,True,2020-08-19,44.7367,rollback
MARGIN_BRIDGE,NFLX,2020-08-19,49.393,483.7928,2020-08-20,True,2020-08-21,49.646,forced_deleverage
MARGIN_BRIDGE,V,2020-07-20,194.74,109.5963,2020-08-31,True,2020-09-01,212.21,rollback
MARGIN_BRIDGE,GOOGL,2020-08-18,76.306,314.2962,2020-08-31,True,2020-09-01,81.608,rollback
MARGIN_BRIDGE,CMG,2020-06-19,20.8,1019.7555,2020-09-03,False,2020-09-04,26.6578,rollback
MARGIN_BRIDGE,GOOG,2020-08-18,76.309,314.2995,2020-09-03,True,2020-09-04,81.213,rollback
MARGIN_BRIDGE,NFLX,2020-08-21,49.646,473.9685,2020-09-03,True,2020-09-04,52.018,rollback
MARGIN_BRIDGE,KSS,2020-09-04,22.05,1115.1762,2020-09-18,True,2020-09-21,22.53,index_drop
MARGIN_BRIDGE,TWTR,2020-09-21,39.43,571.2225,2020-09-24,True,2020-09-25,43.21,rollback
MARGIN_BRIDGE,PEP,2020-06-10,133.28,177.1385,2020-10-14,True,2020-10-15,141.16,rollback
MARGIN_BRIDGE,LRCX,2020-09-25,32.472,664.3482,2020-10-16,True,2020-10-19,36.75,rollback
MARGIN_BRIDGE,CSX,2020-07-15,23.5,895.7625,2020-11-06,True,2020-11-09,30.1167,rollback
MARGIN_BRIDGE,MS,2020-06-26,48.3,417.8511,2020-11-10,True,2020-11-11,55.94,rollback
MARGIN_BRIDGE,XOM,2020-07-28,43.91,503.4437,2020-11-10,True,2020-11-11,37.09,rollback
MARGIN_BRIDGE,BAC,2020-09-08,26.14,917.1108,2020-11-12,True,2020-11-13,26.88,rollback
MARGIN_BRIDGE,MYL,2020-11-11,15.71,1667.6574,2020-11-16,True,2020-11-16,15.855,delisted
MARGIN_BRIDGE,C,2020-09-08,51.92,461.7118,2020-11-18,True,2020-11-19,51.6,rollback
MARGIN_BRIDGE,KMI,2020-10-15,12.81,1789.607,2020-11-18,True,2020-11-19,13.7,rollback
MARGIN_BRIDGE,MRO,2020-06-19,6.7,3166.2829,2020-11-25,False,2020-11-27,6.46,rollback
MARGIN_BRIDGE,DVN,2020-06-19,13.42,1580.4661,2020-11-25,True,2020-11-27,14.98,rollback
MARGIN_BRIDGE,IBM,2020-11-11,112.9254,231.9902,2020-11-25,True,2020-11-27,118.738,rollback
MARGIN_BRIDGE,AAL,2020-11-16,12.87,2058.2976,2020-11-27,True,2020-11-30,14.92,rollback
MARGIN_BRIDGE,ABBV,2020-09-01,95.52,257.8057,2020-12-01,True,2020-12-02,104.0,rollback
MARGIN_BRIDGE,NFLX,2020-11-30,49.008,582.7333,2020-12-08,True,2020-12-09,51.053,rollback
MARGIN_BRIDGE,PYPL,2020-11-23,194.53,141.4517,2020-12-09,True,2020-12-10,208.36,rollback
MARGIN_BRIDGE,ATVI,2020-10-19,82.28,282.2216,2021-01-04,True,2021-01-05,90.32,rollback
MARGIN_BRIDGE,NEE,2020-11-27,76.05,376.7974,2021-01-11,True,2021-01-12,79.65,rollback
MARGIN_BRIDGE,GILD,2020-06-01,75.47,243.7259,2021-01-13,True,2021-01-14,61.64,rollback
MARGIN_BRIDGE,ORLY,2020-09-01,31.1567,790.3394,2021-01-13,True,2021-01-14,32.224,rollback
MARGIN_BRIDGE,EBAY,2020-11-20,49.8,545.564,2021-01-13,True,2021-01-14,55.83,rollback
MARGIN_BRIDGE,BMY,2020-12-16,62.5,465.9991,2021-01-13,True,2021-01-14,64.91,rollback
MARGIN_BRIDGE,GOOGL,2021-01-14,87.4435,348.4225,2021-01-27,True,2021-01-28,91.55,rollback
MARGIN_BRIDGE,GOOG,2021-01-14,87.681,347.4614,2021-01-27,True,2021-01-28,92.197,rollback
MARGIN_BRIDGE,AAPL,2021-01-14,130.8,232.942,2021-01-28,False,2021-01-29,135.83,rollback
MARGIN_BRIDGE,KR,2020-11-09,31.98,793.0607,2021-01-29,True,2021-02-01,34.51,rollback
MARGIN_BRIDGE,MSFT,2020-12-02,214.88,133.103,2021-01-29,True,2021-02-01,235.06,rollback
MARGIN_BRIDGE,NOW,2020-11-18,102.25,265.5609,2021-02-09,True,2021-02-10,117.152,rollback
MARGIN_BRIDGE,CSCO,2021-02-02,45.52,679.1416,2021-02-09,True,2021-02-10,46.15,rollback
MARGIN_BRIDGE,NVDA,2021-02-03,13.636,2286.7866,2021-02-09,True,2021-02-10,14.4633,rollback
MARGIN_BRIDGE,CMCSA,2021-01-29,50.31,614.1579,2021-02-12,True,2021-02-16,53.0,rollback
MARGIN_BRIDGE,HPE,2021-01-12,12.04,2511.6175,2021-02-17,True,2021-02-18,13.91,rollback
MARGIN_BRIDGE,LRCX,2021-02-12,57.018,583.3595,2021-02-22,True,2021-02-23,55.655,rollback
MARGIN_BRIDGE,AAL,2021-01-15,16.17,1869.7571,2021-02-25,True,2021-02-26,20.61,rollback
MARGIN_BRIDGE,SCHW,2021-02-16,58.93,579.1024,2021-02-25,True,2021-02-26,62.91,rollback
MARGIN_BRIDGE,VZ,2021-02-18,56.94,592.8447,2021-02-25,True,2021-02-26,56.47,rollback
MARGIN_BRIDGE,TWTR,2021-01-29,51.02,605.5809,2021-03-02,True,2021-03-03,74.01,rollback
MARGIN_BRIDGE,ORCL,2021-01-28,62.55,503.971,2021-03-04,True,2021-03-05,67.3101,rollback
MARGIN_BRIDGE,GPS,2020-06-29,12.89,1533.6381,2021-03-16,True,2021-03-17,31.12,rollback
MARGIN_BRIDGE,AVGO,2021-03-02,49.037,718.1228,2021-03-29,True,2021-03-30,46.388,rollback
MARGIN_BRIDGE,WMT,2021-01-05,48.8667,589.0454,2021-03-30,True,2021-03-31,45.1833,rollback
MARGIN_BRIDGE,ORLY,2021-02-11,30.3853,1103.8254,2021-04-05,True,2021-04-06,33.8347,rollback
MARGIN_BRIDGE,CPRT,2020-12-14,29.375,981.7895,2021-04-06,True,2021-04-07,28.1525,rollback
MARGIN_BRIDGE,GM,2021-03-03,54.5,635.7148,2021-04-07,True,2021-04-08,60.36,rollback
MARGIN_BRIDGE,NFLX,2021-03-02,55.334,636.4324,2021-04-12,True,2021-04-13,55.7,rollback
MARGIN_BRIDGE,CMG,2021-03-02,29.8682,1178.9405,2021-04-13,True,2021-04-14,30.719,rollback
MARGIN_BRIDGE,TWTR,2021-04-07,66.64,562.8561,2021-04-14,True,2021-04-15,70.55,rollback
MARGIN_BRIDGE,AMZN,2020-11-27,160.563,178.4774,2021-04-19,True,2021-04-20,168.68,rollback
MARGIN_BRIDGE,AAPL,2021-03-17,124.05,290.5388,2021-04-20,True,2021-04-21,132.36,rollback
MARGIN_BRIDGE,WFC,2021-03-31,39.27,920.1168,2021-04-20,True,2021-04-21,42.24,rollback
MARGIN_BRIDGE,GOOGL,2021-03-17,103.4235,348.4656,2021-04-22,True,2021-04-23,113.35,rollback
MARGIN_BRIDGE,T,2021-03-05,29.01,1174.8608,2021-04-26,True,2021-04-27,30.84,rollback
MARGIN_BRIDGE,MOS,2021-04-14,32.44,1166.1623,2021-04-30,True,2021-05-03,35.3,rollback
MARGIN_BRIDGE,SCHW,2021-04-26,67.53,567.0632,2021-04-30,True,2021-05-03,70.83,rollback
MARGIN_BRIDGE,MDLZ,2021-04-21,59.37,622.3586,2021-05-04,True,2021-05-05,60.94,rollback
MARGIN_BRIDGE,JNJ,2021-04-20,161.0,235.2909,2021-05-05,True,2021-05-06,166.79,rollback
MARGIN_BRIDGE,VZ,2021-05-03,58.23,667.9781,2021-05-07,True,2021-05-10,59.08,rollback
MARGIN_BRIDGE,NKE,2021-04-13,135.6,280.5716,2021-05-10,True,2021-05-11,138.38,rollback
MARGIN_BRIDGE,HAL,2020-06-19,13.78,1539.3306,2021-05-11,False,2021-05-12,22.63,rollback
MARGIN_BRIDGE,ABBV,2021-02-23,106.97,322.9286,2021-05-11,True,2021-05-12,114.85,rollback
MARGIN_BRIDGE,JPM,2021-04-08,154.0,245.0361,2021-05-11,True,2021-05-12,159.61,rollback
MARGIN_BRIDGE,MS,2021-04-15,81.35,468.9889,2021-05-11,True,2021-05-12,85.4,rollback
MARGIN_BRIDGE,KMI,2021-02-16,15.07,2264.6458,2021-05-13,True,2021-05-14,18.23,rollback
MARGIN_BRIDGE,MRK,2021-05-06,77.44,504.625,2021-05-18,True,2021-05-19,78.925,rollback
MARGIN_BRIDGE,BMY,2021-05-14,65.2,598.2167,2021-05-25,False,2021-05-26,66.72,rollback
MARGIN_BRIDGE,FB,2021-05-20,313.58,127.4978,2021-05-28,True,2021-06-01,330.15,rollback
MARGIN_BRIDGE,CCL,2021-04-27,27.59,1393.6479,2021-06-03,True,2021-06-04,30.92,rollback
MARGIN_BRIDGE,AAL,2021-05-17,22.32,1762.9889,2021-06-03,False,2021-06-04,25.13,rollback
MARGIN_BRIDGE,NCLH,2021-05-19,28.31,1384.8111,2021-06-03,True,2021-06-04,32.37,rollback
MARGIN_BRIDGE,APH,2021-05-10,34.06,1179.5784,2021-06-07,True,2021-06-08,34.27,rollback
MARGIN_BRIDGE,GM,2021-05-26,56.97,728.9105,2021-06-10,True,2021-06-11,61.36,rollback
MARGIN_BRIDGE,MSFT,2021-06-07,249.98,176.5012,2021-06-11,True,2021-06-14,257.9,rollback
MARGIN_BRIDGE,F,2021-04-06,12.7,2933.2308,2021-06-14,True,2021-06-15,14.91,rollback
MARGIN_BRIDGE,EBAY,2021-05-11,60.0443,649.6174,2021-06-14,True,2021-06-15,66.0,rollback
MARGIN_BRIDGE,ORLY,2021-06-16,35.8133,1222.3989,2021-06-23,True,2021-06-24,36.544,rollback
MARGIN_BRIDGE,AMZN,2021-06-09,163.6435,268.4216,2021-06-24,True,2021-06-25,173.2,rollback
MARGIN_BRIDGE,NOW,2021-06-11,98.0,450.5581,2021-07-01,True,2021-07-02,109.65,rollback
MARGIN_BRIDGE,AMD,2021-04-22,81.61,464.3084,2021-07-07,True,2021-07-08,87.86,rollback
MARGIN_BRIDGE,NFLX,2021-06-15,50.123,880.7852,2021-07-07,True,2021-07-08,53.093,rollback
MARGIN_BRIDGE,DIS,2021-05-03,187.69,207.2269,2021-07-13,True,2021-07-14,185.2,rollback
MARGIN_BRIDGE,CMG,2021-06-01,27.44,1572.6746,2021-07-15,True,2021-07-16,31.852,rollback
MARGIN_BRIDGE,KR,2021-07-16,38.9,1143.5327,2021-07-22,True,2021-07-23,39.74,rollback
MARGIN_BRIDGE,CSX,2021-07-23,32.385,1366.397,2021-07-27,True,2021-07-28,32.25,rollback
MARGIN_BRIDGE,MU,2021-06-16,82.73,529.1953,2021-08-05,True,2021-08-06,81.2,rollback
MARGIN_BRIDGE,CNP,2021-07-09,25.38,1748.3608,2021-08-12,True,2021-08-13,26.87,rollback
MARGIN_BRIDGE,WFC,2021-07-15,44.59,993.4719,2021-08-16,True,2021-08-17,48.88,rollback
MARGIN_BRIDGE,BAC,2021-07-02,41.37,1106.6153,2021-08-17,True,2021-08-18,40.77,rollback
MARGIN_BRIDGE,WMT,2021-05-19,46.9033,835.931,2021-08-18,False,2021-08-19,49.4433,rollback
MARGIN_BRIDGE,GILD,2021-06-07,67.605,652.608,2021-08-19,True,2021-08-20,71.67,rollback
MARGIN_BRIDGE,CSCO,2021-05-07,52.48,746.1576,2021-08-31,True,2021-09-01,59.02,rollback
MARGIN_BRIDGE,MGM,2021-06-24,44.15,1010.4308,2021-09-01,True,2021-09-02,42.48,rollback
MARGIN_BRIDGE,MO,2021-06-08,50.55,869.5764,2021-09-07,True,2021-09-08,50.66,rollback
MARGIN_BRIDGE,AAPL,2021-08-13,148.97,313.2538,2021-09-08,True,2021-09-09,155.49,rollback
MARGIN_BRIDGE,NOW,2021-08-20,118.21,384.0566,2021-09-08,True,2021-09-09,131.156,rollback
MARGIN_BRIDGE,NFLX,2021-08-06,52.4,867.3805,2021-09-13,True,2021-09-14,58.489,rollback
MARGIN_BRIDGE,ORLY,2021-08-23,40.3247,1139.6389,2021-09-28,True,2021-09-29,40.9773,rollback
MARGIN_BRIDGE,UAL,2021-09-08,46.7,1019.6203,2021-09-28,True,2021-09-29,48.8808,rollback
MARGIN_BRIDGE,CCL,2021-09-14,23.2,2005.1584,2021-09-29,True,2021-09-30,25.44,rollback
MARGIN_BRIDGE,MRK,2021-09-30,75.58,631.4405,2021-10-14,True,2021-10-15,78.2,rollback
MARGIN_BRIDGE,TSLA,2021-08-24,236.8933,195.8527,2021-10-19,True,2021-10-20,288.45,rollback
MARGIN_BRIDGE,ORCL,2021-09-09,89.6,526.4686,2021-10-21,True,2021-10-22,96.29,rollback
MARGIN_BRIDGE,PG,2021-10-27,143.14,333.3289,2021-10-27,True,2021-10-28,141.89,forced_deleverage
MARGIN_BRIDGE,UAA,2021-10-22,20.82,2277.9121,2021-10-29,True,2021-11-01,22.0,rollback
MARGIN_BRIDGE,SBUX,2021-09-01,118.01,403.2281,2021-11-08,True,2021-11-09,114.65,rollback
MARGIN_BRIDGE,GPS,2021-09-29,25.49,1891.1175,2021-11-08,True,2021-11-09,24.59,rollback
MARGIN_BRIDGE,FB,2021-10-20,343.445,139.6694,2021-11-08,True,2021-11-09,340.0,rollback
MARGIN_BRIDGE,NCLH,2021-11-02,26.92,1777.8083,2021-11-08,True,2021-11-09,28.11,rollback
MARGIN_BRIDGE,GE,2021-07-28,65.5416,680.122,2021-11-10,True,2021-11-11,67.6285,rollback
MARGIN_BRIDGE,UAL,2021-11-02,47.915,998.8728,2021-11-11,True,2021-11-12,51.35,rollback
MARGIN_BRIDGE,BA,2021-06-25,250.75,180.0279,2021-11-16,True,2021-11-17,229.54,rollback
MARGIN_BRIDGE,NVDA,2021-10-15,21.81,2172.8541,2021-11-26,True,2021-11-29,32.366,rollback
MARGIN_BRIDGE,INTC,2021-11-09,51.54,983.0629,2021-12-08,True,2021-12-09,51.3,rollback
MARGIN_BRIDGE,ORLY,2021-11-30,42.7913,1084.6189,2021-12-13,True,2021-12-14,44.822,rollback
MARGIN_BRIDGE,WMT,2021-12-14,47.7667,979.1199,2021-12-16,True,2021-12-17,47.5833,rollback
MARGIN_BRIDGE,KHC,2021-09-09,36.92,1277.7341,2021-12-17,True,2021-12-20,35.26,rollback
MARGIN_BRIDGE,CMG,2021-11-10,35.88,1383.8487,2021-12-28,True,2021-12-29,34.789,rollback
MARGIN_BRIDGE,VZ,2021-07-08,55.75,782.202,2021-12-29,True,2021-12-30,52.38,rollback
MARGIN_BRIDGE,FCX,2021-11-12,40.67,1213.779,2021-12-30,True,2021-12-31,41.64,rollback
MARGIN_BRIDGE,BMY,2021-08-17,68.68,664.0949,2022-01-03,True,2022-01-04,61.5,rollback
MARGIN_BRIDGE,LUV,2021-12-29,42.23,1132.9488,2022-01-05,True,2022-01-06,44.48,rollback
MARGIN_BRIDGE,C,2022-01-04,64.06,771.9711,2022-01-05,True,2022-01-06,64.22,rollback
MARGIN_BRIDGE,LUMN,2021-12-20,12.48,3689.2466,2022-01-11,True,2022-01-12,13.31,rollback
MARGIN_BRIDGE,MDT,2021-11-11,122.39,406.0942,2022-01-18,True,2022-01-19,107.39,rollback
MARGIN_BRIDGE,MPC,2021-11-10,66.56,745.9437,2022-01-20,True,2022-01-21,71.45,rollback
MARGIN_BRIDGE,T,2021-09-30,27.48,1736.778,2022-01-21,True,2022-01-24,26.19,rollback
MARGIN_BRIDGE,CVX,2021-11-30,113.45,409.1192,2022-01-21,True,2022-01-24,124.45,rollback
MARGIN_BRIDGE,WFC,2021-12-17,49.7,949.8611,2022-01-21,True,2022-01-24,52.73,rollback
MARGIN_BRIDGE,LVS,2022-01-12,39.25,1307.7253,2022-01-27,True,2022-01-28,42.33,rollback
MARGIN_BRIDGE,GPS,2022-01-26,17.88,2753.5418,2022-02-01,False,2022-02-02,18.46,index_drop
MARGIN_BRIDGE,SLB,2021-12-31,29.57,1618.4295,2022-02-02,True,2022-02-03,39.43,rollback
MARGIN_BRIDGE,GOOGL,2022-02-02,151.25,328.0517,2022-02-07,True,2022-02-08,139.0265,rollback
MARGIN_BRIDGE,NCLH,2022-01-10,22.44,2258.4221,2022-02-10,True,2022-02-11,22.57,rollback
MARGIN_BRIDGE,MS,2022-01-28,99.1,481.7246,2022-02-11,False,2022-02-14,104.03,rollback
MARGIN_BRIDGE,AAL,2022-02-08,17.4,2815.4446,2022-02-11,True,2022-02-14,17.85,rollback
MARGIN_BRIDGE,VIAC,2021-05-19,39.43,994.3181,2022-02-16,True,2022-02-16,29.58,delisted
MARGIN_BRIDGE,ABBV,2022-01-28,135.99,351.0121,2022-02-18,True,2022-02-22,141.25,rollback
MARGIN_BRIDGE,NEM,2022-02-14,64.17,761.7092,2022-02-28,True,2022-03-01,66.94,rollback
MARGIN_BRIDGE,MO,2022-02-14,50.37,970.3482,2022-03-07,True,2022-03-08,52.9,rollback
MARGIN_BRIDGE,MDT,2022-02-23,104.24,454.7932,2022-03-07,True,2022-03-08,106.32,rollback
MARGIN_BRIDGE,JNJ,2022-01-28,170.86,279.3897,2022-03-08,True,2022-03-09,170.01,rollback
MARGIN_BRIDGE,CTRA,2022-01-28,21.22,2249.3758,2022-03-08,True,2022-03-09,25.65,rollback
MARGIN_BRIDGE,KHC,2022-02-17,36.525,1310.6326,2022-03-08,True,2022-03-09,39.11,rollback
MARGIN_BRIDGE,SLB,2022-03-08,43.05,1157.6388,2022-03-09,True,2022-03-10,43.1,rollback
MARGIN_BRIDGE,KMI,2022-02-14,17.51,2791.6232,2022-03-11,True,2022-03-14,17.9,rollback
MARGIN_BRIDGE,XEL,2022-01-28,66.4193,718.6069,2022-03-14,True,2022-03-15,70.11,rollback
MARGIN_BRIDGE,XOM,2022-03-02,80.6,598.8867,2022-03-14,True,2022-03-15,78.82,rollback
MARGIN_BRIDGE,AVGO,2022-03-10,58.556,827.723,2022-03-21,False,2022-03-22,60.172,rollback
MARGIN_BRIDGE,HST,2022-03-11,18.47,2652.8471,2022-03-21,True,2022-03-22,18.47,rollback
MARGIN_BRIDGE,CMG,2022-03-16,30.4724,1601.9115,2022-03-21,True,2022-03-22,30.9548,rollback
MARGIN_BRIDGE,ORCL,2021-11-17,95.76,512.9986,2022-03-23,True,2022-03-24,80.65,rollback
MARGIN_BRIDGE,PYPL,2021-12-09,196.06,240.8167,2022-03-23,True,2022-03-24,115.82,rollback
MARGIN_BRIDGE,KIM,2022-03-10,23.54,2058.8669,2022-03-23,True,2022-03-24,24.02,rollback
MARGIN_BRIDGE,NVDA,2022-03-17,24.12,2035.2826,2022-03-23,True,2022-03-24,26.166,rollback
MARGIN_BRIDGE,KMI,2022-03-22,17.99,2827.5353,2022-03-28,True,2022-03-29,18.52,rollback
MARGIN_BRIDGE,WMB,2022-03-22,32.33,1573.3009,2022-03-28,True,2022-03-29,32.86,rollback
MARGIN_BRIDGE,SCHW,2022-03-15,84.11,568.5873,2022-03-30,False,2022-03-31,88.45,rollback
MARGIN_BRIDGE,TWTR,2021-09-02,65.97,721.8021,2022-03-31,True,2022-04-01,39.16,rollback
MARGIN_BRIDGE,NKE,2021-12-30,168.31,283.273,2022-03-31,True,2022-04-01,134.45,rollback
MARGIN_BRIDGE,EBAY,2022-01-12,66.87,767.5438,2022-03-31,True,2022-04-01,57.87,rollback
MARGIN_BRIDGE,PM,2022-03-31,93.78,546.1697,2022-04-04,True,2022-04-05,95.41,rollback
MARGIN_BRIDGE,VZ,2022-02-03,54.0,905.0245,2022-04-07,True,2022-04-08,52.73,rollback
MARGIN_BRIDGE,MO,2022-03-16,51.16,954.0979,2022-04-07,True,2022-04-08,53.75,rollback
MARGIN_BRIDGE,XOM,2022-03-22,81.63,623.1766,2022-04-11,True,2022-04-12,85.71,rollback
MARGIN_BRIDGE,GILD,2022-03-30,60.42,857.6232,2022-04-12,True,2022-04-13,61.62,rollback
MARGIN_BRIDGE,TJX,2022-04-11,61.98,818.9435,2022-04-22,True,2022-04-25,62.29,rollback
MARGIN_BRIDGE,KO,2022-03-25,61.12,832.5776,2022-04-26,True,2022-04-27,65.0,rollback
MARGIN_BRIDGE,UAL,2022-04-14,45.49,1121.4172,2022-04-26,True,2022-04-27,48.75,rollback
MARGIN_BRIDGE,QCOM,2022-03-25,157.97,322.1156,2022-05-05,True,2022-05-06,141.248,rollback
MARGIN_BRIDGE,DVN,2022-04-08,60.34,836.0645,2022-05-09,False,2022-05-10,63.51,rollback
MARGIN_BRIDGE,MRK,2022-04-29,88.66,549.4807,2022-05-13,True,2022-05-16,90.79,rollback
MARGIN_BRIDGE,OXY,2022-04-08,57.7,874.3615,2022-05-18,False,2022-05-19,63.03,rollback
MARGIN_BRIDGE,SLB,2022-04-11,42.64,1190.5064,2022-05-18,True,2022-05-19,40.04,rollback
MARGIN_BRIDGE,KMI,2022-05-09,19.0,2542.524,2022-05-18,True,2022-05-19,18.97,rollback
MARGIN_BRIDGE,MU,2022-05-16,71.51,666.6016,2022-05-18,True,2022-05-19,70.76,rollback
MARGIN_BRIDGE,APA,2022-05-20,41.08,1126.9275,2022-05-24,True,2022-05-25,43.51,rollback
MARGIN_BRIDGE,BKR,2022-04-11,36.72,1382.509,2022-05-31,False,2022-06-01,36.53,rollback
MARGIN_BRIDGE,RF,2022-04-26,21.36,2277.4467,2022-06-01,True,2022-06-02,21.47,rollback
MARGIN_BRIDGE,V,2022-04-29,218.62,222.8274,2022-06-01,True,2022-06-02,211.89,rollback
MARGIN_BRIDGE,C,2022-05-20,50.26,921.1399,2022-06-01,False,2022-06-02,52.4,rollback
MARGIN_BRIDGE,BEN,2022-05-23,26.24,1767.5864,2022-06-01,True,2022-06-02,26.63,rollback
MARGIN_BRIDGE,GOOG,2022-06-01,114.9315,431.7042,2022-06-03,True,2022-06-06,116.7425,rollback
MARGIN_BRIDGE,JPM,2022-05-24,124.36,374.3244,2022-06-08,True,2022-06-09,127.37,rollback
MARGIN_BRIDGE,FB,2022-06-03,195.98,248.931,2022-06-08,True,2022-06-09,194.28,index_drop
MARGIN_BRIDGE,GOOGL,2022-06-22,110.5565,388.9793,2022-06-27,True,2022-06-28,115.8025,rollback
MARGIN_BRIDGE,GOOG,2022-06-22,111.163,386.8377,2022-06-27,True,2022-06-28,116.351,rollback
MARGIN_BRIDGE,BMY,2022-06-08,76.52,633.8285,2022-06-30,True,2022-07-01,76.98,rollback
MARGIN_BRIDGE,MSFT,2022-06-30,257.05,167.428,2022-07-11,True,2022-07-12,265.88,rollback
MARGIN_BRIDGE,CVS,2022-04-11,106.36,477.2533,2022-07-20,True,2022-07-21,92.52,rollback
MARGIN_BRIDGE,CCL,2022-04-14,19.71,2588.3215,2022-07-21,True,2022-07-22,9.9,rollback
MARGIN_BRIDGE,NCLH,2022-06-03,15.65,3117.1281,2022-07-21,True,2022-07-22,12.7,rollback
MARGIN_BRIDGE,HPE,2022-05-10,16.0,2926.4,2022-07-22,True,2022-07-25,13.89,rollback
MARGIN_BRIDGE,NFLX,2022-05-26,18.649,2548.2419,2022-07-22,True,2022-07-25,22.131,rollback
MARGIN_BRIDGE,F,2022-03-25,16.74,3040.0053,2022-07-26,True,2022-07-27,12.75,rollback
MARGIN_BRIDGE,TSLA,2022-06-03,243.225,200.5876,2022-07-26,False,2022-07-27,263.81,rollback
MARGIN_BRIDGE,CSCO,2022-03-16,55.93,872.8147,2022-08-01,True,2022-08-02,45.52,rollback
MARGIN_BRIDGE,SLB,2022-07-25,35.65,1336.0862,2022-08-01,True,2022-08-02,36.5,rollback
MARGIN_BRIDGE,WMB,2022-07-14,30.2,1408.0859,2022-08-02,True,2022-08-03,33.27,rollback
MARGIN_BRIDGE,AVGO,2022-07-20,50.954,918.2892,2022-08-02,True,2022-08-03,53.529,rollback
MARGIN_BRIDGE,KO,2022-07-27,62.88,767.1705,2022-08-02,True,2022-08-03,63.55,rollback
MARGIN_BRIDGE,MDLZ,2022-07-25,62.06,767.4685,2022-08-04,True,2022-08-05,64.15,rollback
MARGIN_BRIDGE,SCHW,2022-07-22,63.37,755.673,2022-08-08,True,2022-08-09,68.81,rollback
MARGIN_BRIDGE,GILD,2022-08-09,61.58,820.0767,2022-08-11,True,2022-08-12,62.71,rollback
MARGIN_BRIDGE,VTRS,2022-08-09,10.0301,5035.1293,2022-08-16,True,2022-08-17,10.99,rollback
MARGIN_BRIDGE,CCL,2022-08-03,9.5,5259.1716,2022-08-17,True,2022-08-18,10.56,rollback
MARGIN_BRIDGE,CSX,2022-06-03,32.39,1506.0394,2022-08-18,True,2022-08-19,34.09,rollback
MARGIN_BRIDGE,JPM,2022-08-08,116.25,436.142,2022-08-18,True,2022-08-19,120.62,rollback
MARGIN_BRIDGE,CMG,2022-07-01,26.0416,1648.5213,2022-08-19,True,2022-08-22,32.8,rollback
MARGIN_BRIDGE,BSX,2022-07-22,38.18,1254.3056,2022-08-19,True,2022-08-22,41.62,rollback
MARGIN_BRIDGE,WMT,2022-08-12,43.3333,1211.7322,2022-08-19,True,2022-08-22,45.4,rollback
MARGIN_BRIDGE,HAL,2022-08-19,29.55,1775.4669,2022-08-26,True,2022-08-29,31.17,rollback
MARGIN_BRIDGE,APA,2022-08-19,35.962,1458.8294,2022-08-31,True,2022-09-01,38.405,rollback
MARGIN_BRIDGE,GILD,2022-09-02,65.04,769.5615,2022-09-13,False,2022-09-14,64.41,rollback
MARGIN_BRIDGE,GM,2022-09-08,39.45,1264.4189,2022-09-13,True,2022-09-14,40.74,rollback
MARGIN_BRIDGE,NCLH,2022-09-08,13.72,3636.0284,2022-09-16,True,2022-09-19,15.1,rollback
MARGIN_BRIDGE,DXCM,2022-08-26,87.73,601.8646,2022-10-14,True,2022-10-17,99.41,rollback
MARGIN_BRIDGE,KHC,2022-08-10,38.51,1339.3905,2022-10-17,True,2022-10-18,35.67,rollback
MARGIN_BRIDGE,AAL,2022-08-02,14.05,3551.1172,2022-10-20,True,2022-10-21,13.36,rollback
MARGIN_BRIDGE,NFLX,2022-10-18,24.98,1940.5753,2022-10-24,True,2022-10-25,28.695,rollback
MARGIN_BRIDGE,PFE,2022-07-27,51.94,928.7115,2022-10-27,True,2022-10-28,45.98,rollback
MARGIN_BRIDGE,UAL,2022-08-02,37.22,1340.4273,2022-11-02,True,2022-11-03,40.57,rollback
MARGIN_BRIDGE,WMT,2022-09-08,45.1333,1105.2553,2022-11-02,True,2022-11-03,46.5033,rollback
MARGIN_BRIDGE,JNJ,2022-09-23,165.74,278.517,2022-11-02,True,2022-11-03,169.81,rollback
MARGIN_BRIDGE,CCL,2022-10-21,7.93,6079.0198,2022-11-02,True,2022-11-03,8.34,rollback
MARGIN_BRIDGE,XOM,2022-09-15,96.22,518.2462,2022-11-09,True,2022-11-10,110.19,rollback
MARGIN_BRIDGE,USB,2022-10-17,43.88,1092.2346,2022-11-09,True,2022-11-10,44.0,rollback
MARGIN_BRIDGE,AVGO,2022-10-25,45.799,1100.1964,2022-11-09,True,2022-11-10,49.1,rollback
MARGIN_BRIDGE,MU,2022-08-19,61.835,848.5108,2022-11-16,False,2022-11-17,57.3,rollback
MARGIN_BRIDGE,QCOM,2022-08-19,149.29,351.3953,2022-11-16,True,2022-11-17,118.95,rollback
MARGIN_BRIDGE,NEM,2022-11-09,43.66,1160.9608,2022-11-16,True,2022-11-17,44.48,rollback
MARGIN_BRIDGE,V,2022-11-11,206.0,257.201,2022-11-16,True,2022-11-17,207.96,rollback
MARGIN_BRIDGE,GOOGL,2022-11-14,95.09,569.1565,2022-11-18,True,2022-11-21,97.29,rollback
MARGIN_BRIDGE,AMD,2022-10-26,59.69,857.0026,2022-11-21,True,2022-11-22,72.72,rollback
MARGIN_BRIDGE,VFC,2022-11-11,30.26,1750.7639,2022-11-28,True,2022-11-29,32.43,rollback
MARGIN_BRIDGE,KDP,2022-11-09,37.82,1340.1643,2022-12-05,True,2022-12-06,37.98,rollback
MARGIN_BRIDGE,MO,2022-11-23,45.21,1180.4994,2022-12-05,False,2022-12-06,47.18,rollback
MARGIN_BRIDGE,ABBV,2022-11-08,148.83,341.9279,2022-12-09,True,2022-12-12,163.21,rollback
MARGIN_BRIDGE,PCG,2022-11-21,15.1,3484.5197,2022-12-15,False,2022-12-16,16.09,rollback
MARGIN_BRIDGE,F,2023-01-06,12.12,4047.281,2023-01-13,True,2023-01-17,12.71,rollback
MARGIN_BRIDGE,LUMN,2022-06-28,11.5,4007.0596,2023-01-17,True,2023-01-18,5.59,rollback
MARGIN_BRIDGE,LRCX,2022-12-13,48.554,1082.1967,2023-01-17,True,2023-01-18,47.718,rollback
MARGIN_BRIDGE,HAL,2022-12-21,37.96,1236.9947,2023-01-17,True,2023-01-18,43.0,rollback
MARGIN_BRIDGE,CCL,2022-11-30,9.81,5343.7856,2023-01-19,True,2023-01-20,10.28,rollback
MARGIN_BRIDGE,AAL,2022-11-25,14.4,3696.43,2023-01-24,True,2023-01-25,15.97,rollback
MARGIN_BRIDGE,HST,2022-11-11,18.43,2874.7023,2023-02-06,True,2023-02-07,18.52,rollback
MARGIN_BRIDGE,DIS,2022-11-25,98.81,538.6695,2023-02-06,True,2023-02-07,109.295,rollback
MARGIN_BRIDGE,HBAN,2022-11-30,15.32,3421.6656,2023-02-06,True,2023-02-07,15.34,rollback
MARGIN_BRIDGE,WBD,2022-12-13,11.65,4510.7493,2023-02-07,True,2023-02-08,15.26,rollback
MARGIN_BRIDGE,TSLA,2023-01-18,136.555,403.8976,2023-02-16,True,2023-02-17,199.985,rollback
MARGIN_BRIDGE,ATVI,2022-03-30,80.51,643.5847,2023-02-21,True,2023-02-22,77.28,rollback
MARGIN_BRIDGE,PCG,2023-01-26,15.96,3512.2015,2023-03-07,True,2023-03-08,16.32,rollback
MARGIN_BRIDGE,AAL,2023-03-08,16.41,3279.876,2023-03-09,True,2023-03-10,15.98,forced_deleverage
MARGIN_BRIDGE,BMY,2023-01-20,73.9,717.8473,2023-04-04,True,2023-04-05,69.46,rollback
MARGIN_BRIDGE,APA,2023-01-20,44.86,1182.4846,2023-04-04,True,2023-04-05,37.89,rollback
MARGIN_BRIDGE,GILD,2023-02-07,86.6,662.5531,2023-04-04,True,2023-04-05,82.3,rollback
MARGIN_BRIDGE,CNC,2023-04-06,66.28,768.7318,2023-04-12,True,2023-04-13,67.52,rollback
MARGIN_BRIDGE,MS,2023-04-14,86.43,594.5772,2023-04-20,True,2023-04-21,90.48,rollback
MARGIN_BRIDGE,CSX,2022-12-13,33.25,1580.379,2023-04-24,True,2023-04-25,31.06,rollback
MARGIN_BRIDGE,MSFT,2023-04-27,295.97,167.3351,2023-05-03,True,2023-05-04,306.24,rollback
MARGIN_BRIDGE,CMCSA,2023-02-17,39.71,1409.5417,2023-05-04,True,2023-05-05,40.57,rollback
MARGIN_BRIDGE,KHC,2023-02-21,40.0,1382.9614,2023-05-08,True,2023-05-09,41.025,rollback
MARGIN_BRIDGE,EQT,2022-11-07,42.57,1175.0454,2023-05-19,False,2023-05-22,35.46,rollback
MARGIN_BRIDGE,KLAC,2023-02-08,41.298,1392.5754,2023-05-23,True,2023-05-24,40.685,rollback
MARGIN_BRIDGE,LRCX,2023-04-21,52.419,981.8639,2023-05-23,True,2023-05-24,56.354,rollback
MARGIN_BRIDGE,AMAT,2023-05-04,113.05,429.7362,2023-05-23,True,2023-05-24,121.92,rollback
MARGIN_BRIDGE,ANET,2023-05-22,36.31,1397.268,2023-06-06,True,2023-06-07,39.9175,rollback
MARGIN_BRIDGE,KEY,2023-04-14,12.55,4094.9698,2023-06-08,True,2023-06-09,10.98,rollback
MARGIN_BRIDGE,WBD,2023-02-23,15.43,3600.9138,2023-06-15,True,2023-06-16,13.09,rollback
MARGIN_BRIDGE,PYPL,2022-09-15,95.1,524.3234,2023-06-21,True,2023-06-22,67.52,rollback
MARGIN_BRIDGE,INTC,2023-05-05,31.38,1575.7933,2023-06-21,True,2023-06-22,32.69,rollback
MARGIN_BRIDGE,F,2023-05-24,11.64,4287.6189,2023-06-21,True,2023-06-22,13.91,rollback
MARGIN_BRIDGE,TSLA,2023-05-09,168.95,291.2187,2023-06-23,True,2023-06-26,250.065,rollback
MARGIN_BRIDGE,PCG,2023-06-07,17.04,3142.6724,2023-07-06,True,2023-07-07,17.41,rollback
MARGIN_BRIDGE,VZ,2023-06-13,35.5,1578.2275,2023-07-06,True,2023-07-07,36.22,rollback
MARGIN_BRIDGE,OXY,2023-05-24,60.17,829.4065,2023-07-14,True,2023-07-17,59.1,rollback
MARGIN_BRIDGE,KMI,2023-06-28,16.88,3269.527,2023-07-14,True,2023-07-17,17.25,rollback
MARGIN_BRIDGE,MRO,2023-07-10,23.32,2423.5678,2023-07-14,True,2023-07-17,24.05,rollback
MARGIN_BRIDGE,CRM,2023-06-23,210.5,260.2032,2023-07-17,True,2023-07-18,227.05,rollback
MARGIN_BRIDGE,HAL,2023-01-27,40.9,1378.2554,2023-07-19,True,2023-07-20,37.01,rollback
MARGIN_BRIDGE,SLB,2023-05-24,45.96,1085.7897,2023-07-21,True,2023-07-24,56.22,rollback
MARGIN_BRIDGE,HBAN,2023-07-10,10.82,5223.1772,2023-07-21,True,2023-07-24,11.85,rollback
MARGIN_BRIDGE,KO,2023-06-16,61.6,923.4658,2023-07-25,True,2023-07-26,61.86,rollback
MARGIN_BRIDGE,SCHW,2023-02-07,79.13,725.1354,2023-07-27,True,2023-07-28,66.1,rollback
MARGIN_BRIDGE,CVS,2023-02-09,89.33,645.4109,2023-07-28,True,2023-07-31,74.86,rollback
MARGIN_BRIDGE,PG,2023-07-17,149.65,388.2732,2023-07-31,True,2023-08-01,155.88,rollback
MARGIN_BRIDGE,INTC,2023-07-18,34.28,1711.7254,2023-07-31,True,2023-08-01,35.82,rollback
MARGIN_BRIDGE,KLAC,2023-07-28,50.0,1191.0686,2023-08-02,True,2023-08-03,49.727,rollback
MARGIN_BRIDGE,AMZN,2023-07-31,133.2,448.6136,2023-08-08,True,2023-08-09,139.97,rollback
MARGIN_BRIDGE,WBD,2023-08-04,12.94,4543.7139,2023-08-09,True,2023-08-10,14.28,rollback
MARGIN_BRIDGE,XOM,2023-08-01,106.95,557.7114,2023-08-15,True,2023-08-16,108.28,rollback
MARGIN_BRIDGE,MRK,2023-07-24,109.99,542.9833,2023-08-24,True,2023-08-25,109.94,rollback
MARGIN_BRIDGE,VZ,2023-08-14,33.19,1755.4994,2023-09-05,True,2023-09-06,34.1,rollback
MARGIN_BRIDGE,BSX,2023-08-16,51.7,1116.5545,2023-09-12,True,2023-09-13,53.38,rollback
MARGIN_BRIDGE,MO,2023-04-14,45.14,1138.3858,2023-09-13,True,2023-09-14,43.82,rollback
MARGIN_BRIDGE,T,2023-06-28,15.81,3490.9787,2023-09-18,True,2023-09-19,15.06,rollback
MARGIN_BRIDGE,KHC,2023-07-17,35.69,1628.131,2023-09-22,True,2023-09-25,34.11,rollback
MARGIN_BRIDGE,KMI,2023-08-14,17.81,3271.3147,2023-10-19,True,2023-10-20,17.04,rollback
MARGIN_BRIDGE,MRO,2023-09-28,27.265,2008.6389,2023-10-23,True,2023-10-24,28.37,rollback
MARGIN_BRIDGE,T,2023-10-20,15.19,3640.8387,2023-10-25,True,2023-10-26,15.17,rollback
MARGIN_BRIDGE,IBM,2023-10-27,143.62,366.5536,2023-11-09,True,2023-11-10,147.44,rollback
MARGIN_BRIDGE,WFC,2023-09-13,42.705,1347.3279,2023-11-16,True,2023-11-17,42.825,rollback
MARGIN_BRIDGE,GOOG,2023-08-28,132.08,436.4154,2023-11-17,True,2023-11-20,135.5,rollback
MARGIN_BRIDGE,GOOGL,2023-11-13,131.78,435.9649,2023-11-17,True,2023-11-20,133.69,rollback
MARGIN_BRIDGE,CCL,2023-07-24,17.88,3340.3643,2023-11-24,True,2023-11-27,14.38,rollback
MARGIN_BRIDGE,META,2023-09-06,301.71,192.4974,2023-11-24,True,2023-11-27,336.18,rollback
MARGIN_BRIDGE,CMG,2023-06-22,41.38,1331.2499,2023-11-27,True,2023-11-28,44.2,rollback
MARGIN_BRIDGE,ORCL,2023-07-17,118.85,488.9432,2023-11-27,True,2023-11-28,116.0,rollback
MARGIN_BRIDGE,MDLZ,2023-07-20,73.5,809.7302,2023-11-27,True,2023-11-28,71.55,rollback
MARGIN_BRIDGE,AMD,2023-08-01,114.26,522.0569,2023-11-27,True,2023-11-28,121.98,rollback
MARGIN_BRIDGE,DIS,2023-09-15,85.22,686.9718,2023-11-28,True,2023-11-29,92.6,rollback
MARGIN_BRIDGE,HPE,2023-11-30,16.84,3587.0226,2023-12-04,False,2023-12-05,16.43,rollback
MARGIN_BRIDGE,NEM,2023-05-05,48.62,1016.9873,2023-12-06,True,2023-12-07,39.99,rollback
MARGIN_BRIDGE,MRK,2023-10-26,103.1,511.5542,2023-12-07,True,2023-12-08,103.79,rollback
MARGIN_BRIDGE,JNJ,2023-11-17,150.55,400.343,2023-12-07,True,2023-12-08,155.42,rollback
MARGIN_BRIDGE,NEE,2023-11-20,57.0,1048.7364,2023-12-15,True,2023-12-18,61.6,rollback
MARGIN_BRIDGE,BMY,2023-12-06,50.32,1216.2084,2023-12-15,True,2023-12-18,51.15,rollback
MARGIN_BRIDGE,GILD,2023-12-01,76.78,791.8179,2023-12-18,False,2023-12-19,79.58,rollback
MARGIN_BRIDGE,WBD,2023-12-04,11.24,5429.5587,2023-12-18,True,2023-12-19,11.94,rollback
MARGIN_BRIDGE,KR,2023-12-01,44.51,1365.9586,2023-12-19,False,2023-12-20,44.88,rollback
MARGIN_BRIDGE,CMCSA,2023-09-19,45.57,1270.6758,2023-12-20,True,2023-12-21,44.22,rollback
MARGIN_BRIDGE,AMD,2023-12-08,129.54,477.0718,2023-12-20,True,2023-12-21,138.14,rollback
MARGIN_BRIDGE,GOOGL,2023-12-08,134.2,460.4828,2023-12-27,True,2023-12-28,140.78,rollback
MARGIN_BRIDGE,GOOG,2023-12-08,135.66,455.5042,2023-12-27,True,2023-12-28,141.85,rollback
MARGIN_BRIDGE,WMT,2023-12-19,51.6133,1228.5647,2023-12-28,False,2023-12-29,52.51,rollback
MARGIN_BRIDGE,OXY,2023-12-19,59.12,1072.5154,2023-12-28,True,2023-12-29,60.0,rollback
MARGIN_BRIDGE,WBA,2023-12-05,20.73,2961.027,2024-01-03,True,2024-01-04,24.19,rollback
MARGIN_BRIDGE,PFE,2023-12-01,28.97,2098.7869,2024-01-04,False,2024-01-05,29.02,rollback
MARGIN_BRIDGE,CVS,2023-11-20,68.4,873.9033,2024-01-08,True,2024-01-09,80.55,rollback
MARGIN_BRIDGE,T,2023-12-20,16.57,3895.3817,2024-01-08,True,2024-01-09,16.97,rollback
MARGIN_BRIDGE,NI,2023-12-29,26.41,2459.7379,2024-01-09,False,2024-01-10,27.13,rollback
MARGIN_BRIDGE,VZ,2024-01-03,39.53,1671.5972,2024-01-09,True,2024-01-10,39.08,rollback
MARGIN_BRIDGE,TSCO,2024-01-05,42.742,1511.3369,2024-01-09,True,2024-01-10,44.146,rollback
MARGIN_BRIDGE,PYPL,2024-01-09,60.28,1070.6492,2024-01-22,True,2024-01-23,64.525,rollback
MARGIN_BRIDGE,PG,2024-01-02,146.36,444.1342,2024-01-24,True,2024-01-25,152.4,rollback
MARGIN_BRIDGE,AAL,2024-01-09,14.51,4448.1018,2024-01-30,True,2024-01-31,14.49,rollback
MARGIN_BRIDGE,AMZN,2024-01-10,152.06,421.8443,2024-01-30,True,2024-01-31,157.0,rollback
MARGIN_BRIDGE,XOM,2023-12-20,103.5,623.6063,2024-01-31,True,2024-02-01,103.57,rollback
MARGIN_BRIDGE,PANW,2024-01-10,152.6,420.3306,2024-01-31,True,2024-02-01,169.5,rollback
MARGIN_BRIDGE,NOW,2024-01-10,141.5,453.2808,2024-01-31,True,2024-02-01,153.818,rollback
MARGIN_BRIDGE,T,2024-01-23,17.04,3751.5508,2024-02-06,True,2024-02-07,17.6,rollback
MARGIN_BRIDGE,F,2024-01-31,11.76,5559.2537,2024-02-14,True,2024-02-15,12.35,rollback
MARGIN_BRIDGE,KO,2024-02-02,60.82,1059.299,2024-02-22,True,2024-02-23,61.09,rollback
MARGIN_BRIDGE,EXC,2023-12-07,39.52,1562.0462,2024-02-26,True,2024-02-27,35.88,rollback
MARGIN_BRIDGE,EQT,2023-12-19,38.57,1643.8668,2024-02-27,True,2024-02-28,36.67,rollback
MARGIN_BRIDGE,MRO,2023-12-22,24.89,2606.1333,2024-02-28,True,2024-02-29,24.23,rollback
MARGIN_BRIDGE,ANET,2024-02-27,68.52,908.5812,2024-03-05,True,2024-03-06,71.0775,rollback
MARGIN_BRIDGE,AMD,2024-02-15,179.14,348.3026,2024-03-11,True,2024-03-12,200.52,rollback
MARGIN_BRIDGE,DVN,2024-01-31,43.18,1513.9777,2024-03-12,True,2024-03-13,47.02,rollback
MARGIN_BRIDGE,MSFT,2024-02-23,415.67,151.3499,2024-03-15,True,2024-03-18,414.25,rollback
MARGIN_BRIDGE,PARA,2024-02-01,14.9,4345.6185,2024-03-21,True,2024-03-22,11.84,rollback
MARGIN_BRIDGE,DAL,2024-01-09,41.4,1558.8287,2024-03-22,True,2024-03-25,45.48,rollback
MARGIN_BRIDGE,TFC,2024-01-25,38.0,1703.8785,2024-04-01,True,2024-04-02,38.12,rollback
MARGIN_BRIDGE,BMY,2024-03-26,52.39,1262.0091,2024-04-01,True,2024-04-02,53.1,rollback
MARGIN_BRIDGE,KDP,2023-12-22,32.465,1997.9491,2024-04-04,True,2024-04-05,30.7,rollback
MARGIN_BRIDGE,GM,2024-03-18,40.89,1554.4835,2024-04-04,True,2024-04-05,43.72,rollback
MARGIN_BRIDGE,AMZN,2024-03-13,175.9,365.9239,2024-04-10,True,2024-04-11,186.74,rollback
MARGIN_BRIDGE,MO,2024-02-02,41.49,1552.8992,2024-05-06,True,2024-05-07,43.6,rollback
MARGIN_BRIDGE,KO,2024-03-12,60.32,1070.6413,2024-05-14,True,2024-05-15,63.06,rollback
MARGIN_BRIDGE,NFLX,2024-05-07,59.628,1053.1803,2024-05-14,True,2024-05-15,61.857,rollback
MARGIN_BRIDGE,MSFT,2024-04-08,425.17,151.1237,2024-05-17,True,2024-05-20,420.21,rollback
MARGIN_BRIDGE,AVGO,2024-03-22,135.0,488.5693,2024-05-21,True,2024-05-22,139.601,rollback
MARGIN_BRIDGE,AAPL,2024-02-07,190.64,335.5471,2024-05-23,True,2024-05-24,188.82,rollback
MARGIN_BRIDGE,ANET,2024-04-08,74.2525,865.2914,2024-05-23,True,2024-05-24,76.1075,rollback
MARGIN_BRIDGE,VZ,2024-05-31,40.14,1595.8304,2024-06-05,True,2024-06-06,41.31,rollback
MARGIN_BRIDGE,CCL,2024-02-28,15.72,3944.3695,2024-06-06,True,2024-06-07,16.44,rollback
MARGIN_BRIDGE,T,2024-03-06,17.1,3696.2586,2024-06-07,True,2024-06-10,18.0,rollback
MARGIN_BRIDGE,SBUX,2024-04-02,91.11,721.5341,2024-06-07,True,2024-06-10,81.49,rollback
MARGIN_BRIDGE,NCLH,2024-05-22,16.93,3878.7275,2024-06-07,True,2024-06-10,17.67,rollback
MARGIN_BRIDGE,WMT,2024-04-11,60.75,1042.7502,2024-06-12,True,2024-06-13,66.3,rollback
MARGIN_BRIDGE,GM,2024-06-03,44.96,1458.7966,2024-06-13,True,2024-06-14,47.135,rollback
MARGIN_BRIDGE,AMZN,2024-06-07,184.9,359.0004,2024-06-24,True,2024-06-25,186.81,rollback
MARGIN_BRIDGE,AVGO,2024-06-06,142.187,468.9007,2024-06-25,True,2024-06-26,159.762,rollback
MARGIN_BRIDGE,F,2024-05-15,12.49,5194.3337,2024-07-05,True,2024-07-08,12.97,rollback
MARGIN_BRIDGE,BKR,2024-05-15,32.6,1989.9996,2024-07-05,True,2024-07-08,34.14,rollback
MARGIN_BRIDGE,CRM,2024-06-26,241.47,274.2393,2024-07-08,True,2024-07-09,256.09,rollback
MARGIN_BRIDGE,INTC,2024-06-11,30.77,2169.2918,2024-07-11,True,2024-07-12,33.77,rollback
MARGIN_BRIDGE,VTRS,2024-04-04,12.16,5429.466,2024-07-15,True,2024-07-16,11.0,rollback
MARGIN_BRIDGE,MDT,2024-06-10,83.72,790.4519,2024-07-18,True,2024-07-19,81.58,rollback
MARGIN_BRIDGE,HPQ,2024-07-11,36.2,1986.0527,2024-07-18,True,2024-07-19,37.41,rollback
MARGIN_BRIDGE,XOM,2024-05-20,119.73,549.4446,2024-07-19,True,2024-07-22,115.18,rollback
MARGIN_BRIDGE,TSLA,2024-06-13,188.39,357.5195,2024-07-19,True,2024-07-22,244.21,rollback
MARGIN_BRIDGE,PCAR,2024-07-16,104.92,687.0432,2024-07-19,True,2024-07-22,108.4,rollback
MARGIN_BRIDGE,PFE,2024-06-25,28.4,2347.585,2024-07-23,True,2024-07-24,29.51,rollback
MARGIN_BRIDGE,MTCH,2024-07-10,31.16,2275.5158,2024-07-24,True,2024-07-25,33.06,rollback
MARGIN_BRIDGE,WBD,2024-01-03,11.48,5756.2317,2024-07-25,True,2024-07-26,8.1,rollback
MARGIN_BRIDGE,PYPL,2024-07-23,60.72,1182.0497,2024-08-02,False,2024-08-05,60.7,rollback
MARGIN_BRIDGE,NEE,2024-07-11,73.5,978.2136,2024-08-05,True,2024-08-06,76.85,rollback
MARGIN_BRIDGE,PG,2024-08-05,170.88,385.8748,2024-08-09,True,2024-08-12,169.4,rollback
MARGIN_BRIDGE,MMM,2024-06-10,100.43,658.9,2024-08-16,True,2024-08-19,127.08,rollback
MARGIN_BRIDGE,CNC,2024-07-26,69.45,1012.8417,2024-08-20,False,2024-08-21,78.46,rollback
MARGIN_BRIDGE,UBER,2024-07-12,72.11,986.8732,2024-08-26,True,2024-08-27,72.49,rollback
MARGIN_BRIDGE,WBD,2024-08-21,7.8,9360.767,2024-08-27,True,2024-08-28,8.12,rollback
MARGIN_BRIDGE,NFLX,2024-08-12,63.1,1073.5582,2024-08-28,True,2024-08-29,69.0,rollback
MARGIN_BRIDGE,SBUX,2024-07-22,78.33,924.6935,2024-09-03,False,2024-09-04,93.37,rollback
MARGIN_BRIDGE,C,2024-07-31,65.91,1108.3642,2024-09-03,True,2024-09-04,61.57,rollback
MARGIN_BRIDGE,PEP,2024-09-04,177.9,395.9078,2024-09-06,True,2024-09-09,177.05,rollback
MARGIN_BRIDGE,AMZN,2024-09-06,177.24,400.5495,2024-09-16,True,2024-09-17,186.85,rollback
MARGIN_BRIDGE,PFE,2024-09-10,29.42,2396.1671,2024-09-17,True,2024-09-18,30.0,rollback
MARGIN_BRIDGE,MNST,2024-07-29,51.0,1413.5342,2024-09-20,True,2024-09-23,51.19,rollback
MARGIN_BRIDGE,TSLA,2024-08-19,217.07,335.1397,2024-09-20,True,2024-09-23,242.61,rollback
MARGIN_BRIDGE,T,2024-08-07,19.2,3520.5348,2024-09-23,True,2024-09-24,21.38,rollback
MARGIN_BRIDGE,INTC,2024-09-17,21.71,3360.002,2024-09-30,True,2024-10-01,23.46,rollback
MARGIN_BRIDGE,CRM,2024-07-26,258.17,272.4769,2024-10-01,False,2024-10-02,273.72,rollback
MARGIN_BRIDGE,CVS,2024-09-05,59.5,1193.1803,2024-10-01,True,2024-10-02,63.01,rollback
MARGIN_BRIDGE,MU,2024-09-24,94.73,787.8647,2024-10-01,True,2024-10-02,100.59,rollback
MARGIN_BRIDGE,BMY,2024-09-23,49.56,1481.6948,2024-10-08,True,2024-10-09,52.25,rollback
MARGIN_BRIDGE,XOM,2024-08-27,118.96,609.886,2024-10-15,True,2024-10-16,120.89,rollback
MARGIN_BRIDGE,LVS,2024-09-10,40.05,1760.0927,2024-10-15,True,2024-10-16,51.37,rollback
MARGIN_BRIDGE,KEY,2024-10-07,16.69,4628.5067,2024-10-17,True,2024-10-18,17.16,rollback
MARGIN_BRIDGE,BAC,2024-10-07,40.21,1921.2544,2024-10-21,True,2024-10-22,41.65,rollback
MARGIN_BRIDGE,NFLX,2024-10-09,71.925,1058.8007,2024-10-23,True,2024-10-24,75.197,rollback
MARGIN_BRIDGE,SCHW,2024-10-07,64.48,1197.9826,2024-10-29,True,2024-10-30,71.75,rollback
MARGIN_BRIDGE,KVUE,2024-10-22,22.55,3471.1074,2024-11-12,True,2024-11-13,23.45,rollback
MARGIN_BRIDGE,AMZN,2024-10-18,187.15,422.984,2024-11-15,True,2024-11-18,204.15,rollback
MARGIN_BRIDGE,BKR,2024-10-24,37.1,2112.283,2024-11-25,True,2024-11-26,43.75,rollback
MARGIN_BRIDGE,VTRS,2024-08-29,11.91,6046.4711,2024-11-26,True,2024-11-27,13.08,rollback
MARGIN_BRIDGE,SMCI,2024-06-14,84.693,777.5697,2024-11-29,True,2024-12-02,37.78,rollback
MARGIN_BRIDGE,VZ,2024-11-18,41.67,1776.2341,2024-12-04,True,2024-12-05,42.59,rollback
MARGIN_BRIDGE,BA,2024-02-29,206.44,303.9957,2024-12-05,True,2024-12-06,157.03,rollback
MARGIN_BRIDGE,GILD,2024-12-06,93.5,829.0351,2024-12-09,True,2024-12-10,91.35,forced_deleverage
MARGIN_BRIDGE,MRK,2024-07-30,123.48,586.0531,2024-12-10,True,2024-12-11,100.7,rollback
MARGIN_BRIDGE,META,2024-11-27,574.89,135.0919,2024-12-17,True,2024-12-18,621.0,rollback
MARGIN_BRIDGE,MSFT,2024-11-13,421.64,179.1704,2024-12-18,True,2024-12-19,441.62,rollback
MARGIN_BRIDGE,PFE,2024-10-16,29.5,2670.5598,2024-12-26,True,2024-12-27,26.43,rollback
MARGIN_BRIDGE,NVDA,2024-12-05,145.11,536.5818,2025-01-07,True,2025-01-08,142.58,rollback
MARGIN_BRIDGE,OXY,2024-12-27,48.2,1543.2367,2025-01-21,True,2025-01-22,50.4,rollback
MARGIN_BRIDGE,NEM,2024-12-12,41.62,1845.7789,2025-01-22,True,2025-01-23,41.51,rollback
MARGIN_BRIDGE,WBA,2025-01-08,9.5,7764.3188,2025-01-27,True,2025-01-28,11.27,rollback
MARGIN_BRIDGE,KO,2024-11-26,64.31,1226.2998,2025-01-28,True,2025-01-29,62.56,rollback
MARGIN_BRIDGE,PLTR,2025-01-23,76.04,1002.3267,2025-01-29,True,2025-01-30,80.02,rollback
MARGIN_BRIDGE,NKE,2024-09-23,85.4,859.9117,2025-01-31,True,2025-02-03,74.9,rollback
MARGIN_BRIDGE,CCL,2024-12-23,26.52,2795.3406,2025-02-03,True,2025-02-04,27.18,rollback
MARGIN_BRIDGE,CSCO,2024-12-24,58.8,1270.1118,2025-02-11,True,2025-02-12,61.44,rollback
MARGIN_BRIDGE,SMCI,2025-01-22,33.98,2254.5376,2025-02-11,True,2025-02-12,42.3,rollback
MARGIN_BRIDGE,JNJ,2024-10-16,164.0,480.3511,2025-02-18,True,2025-02-19,155.0,rollback
MARGIN_BRIDGE,INTC,2025-02-12,21.98,3518.2673,2025-02-24,True,2025-02-25,24.21,rollback
MARGIN_BRIDGE,AAPL,2025-01-29,234.12,326.8168,2025-02-25,True,2025-02-26,244.33,rollback
MARGIN_BRIDGE,WBA,2025-02-25,10.91,7620.7896,2025-02-26,True,2025-02-27,11.7,rollback
MARGIN_BRIDGE,MCHP,2024-07-23,91.77,782.069,2025-02-27,True,2025-02-28,57.16,rollback
MARGIN_BRIDGE,KHC,2025-02-12,27.53,2808.71,2025-02-27,True,2025-02-28,30.88,rollback
MARGIN_BRIDGE,NKE,2025-02-19,76.82,1066.3697,2025-02-27,True,2025-02-28,79.25,rollback
MARGIN_BRIDGE,KVUE,2025-01-28,21.4,3538.4164,2025-03-05,True,2025-03-06,23.09,rollback
MARGIN_BRIDGE,PARA,2024-11-26,11.11,7098.7654,2025-03-10,True,2025-03-11,11.96,rollback
MARGIN_BRIDGE,NEE,2025-01-30,71.99,1075.9596,2025-03-12,True,2025-03-13,73.2,rollback
MARGIN_BRIDGE,MRK,2025-02-28,90.705,898.068,2025-03-12,True,2025-03-13,93.4,rollback
MARGIN_BRIDGE,GM,2025-03-03,49.98,1654.3053,2025-03-26,True,2025-03-27,46.99,rollback
MARGIN_BRIDGE,AMD,2024-10-30,153.01,498.7487,2025-03-27,True,2025-03-28,105.525,rollback
MARGIN_BRIDGE,CMG,2025-03-28,50.22,1638.0007,2025-04-08,True,2025-04-09,45.9,forced_deleverage
MARGIN_BRIDGE,KLAC,2025-03-18,71.19,1189.183,2025-04-28,True,2025-04-29,68.363,rollback
MARGIN_BRIDGE,MU,2025-03-13,94.25,851.9937,2025-05-05,True,2025-05-06,79.04,rollback
MARGIN_BRIDGE,PFE,2025-01-28,26.78,2827.7033,2025-05-06,True,2025-05-07,22.99,rollback
MARGIN_BRIDGE,CRWD,2025-04-10,92.25,768.2354,2025-05-06,True,2025-05-07,106.355,rollback
MARGIN_BRIDGE,F,2024-09-18,10.93,6662.8578,2025-05-07,True,2025-05-08,10.34,rollback
MARGIN_BRIDGE,WBD,2025-04-29,8.645,8412.5674,2025-05-13,True,2025-05-14,9.12,rollback
MARGIN_BRIDGE,UPS,2025-05-09,97.2,776.9389,2025-05-13,False,2025-05-14,99.85,rollback
MARGIN_BRIDGE,LUV,2025-02-27,30.87,2657.1417,2025-05-21,True,2025-05-22,31.67,rollback
MARGIN_BRIDGE,FSLR,2025-05-09,134.115,563.0592,2025-05-21,True,2025-05-22,159.95,rollback
MARGIN_BRIDGE,HSIC,2025-03-11,75.35,1108.1354,2025-05-22,True,2025-05-23,70.73,rollback
MARGIN_BRIDGE,FCX,2025-05-27,39.14,1926.8672,2025-06-10,True,2025-06-11,41.385,rollback
MARGIN_BRIDGE,FAST,2025-05-15,40.265,1957.3876,2025-06-11,True,2025-06-12,42.495,rollback
MARGIN_BRIDGE,SLB,2025-02-12,41.53,1861.9709,2025-06-16,True,2025-06-17,36.22,rollback
MARGIN_BRIDGE,PFE,2025-05-27,23.55,3202.6052,2025-06-16,True,2025-06-17,24.27,rollback
MARGIN_BRIDGE,NEM,2025-05-12,51.02,1545.8947,2025-06-20,True,2025-06-23,58.36,rollback
MARGIN_BRIDGE,XOM,2025-02-05,109.74,689.6863,2025-06-24,True,2025-06-25,108.11,rollback
MARGIN_BRIDGE,CMG,2025-06-17,52.25,1452.2686,2025-06-26,True,2025-06-27,54.195,rollback
MARGIN_BRIDGE,KMI,2025-06-23,28.22,2710.3115,2025-07-01,True,2025-07-02,28.33,rollback
MARGIN_BRIDGE,DOC,2025-02-26,20.22,4101.813,2025-07-07,True,2025-07-08,17.935,rollback
MARGIN_BRIDGE,AAPL,2025-05-13,210.43,374.9454,2025-07-07,True,2025-07-08,210.1,rollback
MARGIN_BRIDGE,GM,2025-06-12,49.46,1552.6183,2025-07-07,True,2025-07-08,52.16,rollback
MARGIN_BRIDGE,F,2025-06-11,10.64,7287.0011,2025-07-11,True,2025-07-14,11.76,rollback
MARGIN_BRIDGE,DOW,2025-07-09,29.365,2817.3748,2025-07-11,True,2025-07-14,29.25,rollback
MARGIN_BRIDGE,NKE,2025-06-27,69.79,1141.3151,2025-07-14,True,2025-07-15,72.26,rollback
MARGIN_BRIDGE,HAL,2025-07-09,22.07,3748.8149,2025-07-14,True,2025-07-15,22.05,rollback
MARGIN_BRIDGE,MDLZ,2025-05-28,67.005,1137.4992,2025-07-23,True,2025-07-24,70.07,rollback
MARGIN_BRIDGE,AES,2025-07-02,10.85,7427.1879,2025-07-28,True,2025-07-29,13.49,rollback
MARGIN_BRIDGE,KVUE,2025-07-14,22.58,3657.5608,2025-07-28,True,2025-07-29,22.38,rollback
MARGIN_BRIDGE,META,2025-07-29,720.0,116.3547,2025-08-01,True,2025-08-04,760.0,rollback
MARGIN_BRIDGE,CSCO,2025-08-05,68.69,1201.2184,2025-08-11,True,2025-08-12,70.785,rollback
MARGIN_BRIDGE,PLTR,2025-07-08,138.775,583.1078,2025-08-14,True,2025-08-15,179.725,rollback
MARGIN_BRIDGE,PCG,2025-05-16,17.45,4573.2138,2025-08-15,True,2025-08-18,15.1,rollback
MARGIN_BRIDGE,EW,2024-10-09,68.72,1108.1262,2025-08-21,True,2025-08-22,81.51,rollback
MARGIN_BRIDGE,UBER,2025-08-12,91.19,884.2928,2025-08-25,True,2025-08-26,94.88,rollback
MARGIN_BRIDGE,CMCSA,2025-07-15,35.62,2331.6201,2025-08-26,True,2025-08-27,33.59,rollback
MARGIN_BRIDGE,SLB,2025-07-24,34.94,2399.8721,2025-08-26,True,2025-08-27,35.27,rollback
MARGIN_BRIDGE,ENPH,2025-03-11,63.32,1318.733,2025-08-27,True,2025-08-28,38.09,rollback
MARGIN_BRIDGE,INTC,2025-03-14,23.675,3425.7281,2025-08-29,True,2025-09-02,23.88,rollback
MARGIN_BRIDGE,XOM,2025-07-29,111.9,748.7007,2025-09-03,True,2025-09-04,112.105,rollback
MARGIN_BRIDGE,AVGO,2025-08-28,302.928,282.5106,2025-09-17,True,2025-09-18,350.0,rollback
MARGIN_BRIDGE,TSLA,2025-08-25,338.9,251.2421,2025-09-25,True,2025-09-26,428.3,rollback
MARGIN_BRIDGE,CRWD,2025-08-29,111.2163,768.3173,2025-09-25,True,2025-09-26,118.025,rollback
MARGIN_BRIDGE,IBKR,2025-09-03,63.95,1303.5575,2025-09-30,True,2025-10-01,67.86,rollback
MARGIN_BRIDGE,WBD,2025-08-28,12.19,7020.8891,2025-10-02,True,2025-10-03,19.378,rollback
MARGIN_BRIDGE,CMG,2025-10-03,40.27,2359.7357,2025-10-06,True,2025-10-07,41.5,rollback
MARGIN_BRIDGE,EQT,2025-07-15,58.3,1424.4255,2025-10-09,True,2025-10-10,54.7,rollback
MARGIN_BRIDGE,PYPL,2025-09-18,70.08,1319.2423,2025-10-10,True,2025-10-13,70.72,rollback
MARGIN_BRIDGE,KO,2025-10-13,66.23,1410.6494,2025-10-20,True,2025-10-21,70.565,rollback
MARGIN_BRIDGE,JNJ,2025-09-26,178.6,518.3316,2025-10-21,True,2025-10-22,192.0,rollback
MARGIN_BRIDGE,TGT,2025-10-03,89.8,1058.1493,2025-10-22,True,2025-10-23,94.07,rollback
MARGIN_BRIDGE,CRM,2025-06-25,272.0,286.3467,2025-10-23,True,2025-10-24,257.42,rollback
MARGIN_BRIDGE,WBD,2025-10-22,20.68,4695.1804,2025-10-28,True,2025-10-29,20.92,rollback
MARGIN_BRIDGE,AAPL,2025-10-21,261.88,369.302,2025-10-31,True,2025-11-03,270.42,rollback
MARGIN_BRIDGE,SLB,2025-10-23,35.65,2698.278,2025-10-31,True,2025-11-03,36.1,rollback
MARGIN_BRIDGE,BMY,2025-07-15,47.15,1761.3607,2025-11-03,True,2025-11-04,45.49,rollback
MARGIN_BRIDGE,AMZN,2025-08-15,232.58,355.6967,2025-11-12,True,2025-11-13,243.05,rollback
MARGIN_BRIDGE,JPM,2025-08-15,294.84,280.5719,2025-11-13,True,2025-11-14,307.51,rollback
MARGIN_BRIDGE,GOOGL,2025-10-07,248.27,389.2745,2025-11-13,True,2025-11-14,271.405,rollback
MARGIN_BRIDGE,CTRA,2025-08-27,23.95,3545.6602,2025-11-17,True,2025-11-18,25.74,rollback
MARGIN_BRIDGE,VZ,2025-10-01,43.915,2141.9052,2025-11-17,True,2025-11-18,41.03,rollback
MARGIN_BRIDGE,KHC,2025-11-14,25.035,3655.6996,2025-12-01,True,2025-12-02,25.38,rollback
MARGIN_BRIDGE,SCHW,2025-09-26,95.13,973.1805,2025-12-12,True,2025-12-15,96.73,rollback
MARGIN_BRIDGE,HPE,2025-10-29,24.55,3955.3048,2025-12-12,True,2025-12-15,24.0,rollback
MARGIN_BRIDGE,KDP,2025-11-19,27.29,3286.9778,2025-12-15,True,2025-12-16,29.34,rollback
MARGIN_BRIDGE,SLB,2025-12-02,36.31,2565.8844,2025-12-15,True,2025-12-16,38.6,rollback
MARGIN_BRIDGE,DAL,2025-10-10,59.93,1611.5075,2025-12-17,True,2025-12-18,70.82,rollback
MARGIN_BRIDGE,HBAN,2025-11-24,15.89,5609.2351,2025-12-18,True,2025-12-19,17.55,rollback
MARGIN_BRIDGE,MRNA,2025-10-31,27.825,3527.8214,2025-12-26,True,2025-12-29,31.0,rollback
MARGIN_BRIDGE,MRK,2025-12-19,100.6,955.73,2025-12-30,True,2025-12-31,105.935,rollback
MARGIN_BRIDGE,SMCI,2025-06-17,43.24,1754.9682,2025-12-31,True,,29.27,open
MARGIN_BRIDGE,CAG,2025-09-04,19.22,4320.1521,2025-12-31,True,,17.31,open
MARGIN_BRIDGE,HOOD,2025-11-03,148.79,660.849,2025-12-31,True,,113.1,open
MARGIN_BRIDGE,CVX,2025-11-03,157.41,624.6287,2025-12-31,True,,152.41,open
MARGIN_BRIDGE,T,2025-11-13,25.65,3706.1644,2025-12-31,True,,24.84,open
MARGIN_BRIDGE,NKE,2025-11-14,64.935,1409.4866,2025-12-31,True,,63.71,open
MARGIN_BRIDGE,VICI,2025-12-16,28.61,3412.4451,2025-12-31,False,,28.12,open
MARGIN_BRIDGE,PCG,2025-12-18,15.7,6221.3179,2025-12-31,False,,16.07,open
MARGIN_BRIDGE,VZ,2025-12-18,40.78,2395.0419,2025-12-31,True,,40.73,open
MARGIN_BRIDGE,PG,2025-12-18,146.62,666.1092,2025-12-31,True,,143.31,open
MARGIN_BRIDGE,NVDA,2025-12-22,183.92,525.8693,2025-12-31,True,,186.5,open
MARGIN_BRIDGE,TTD,2025-12-29,38.09,2549.1971,2025-12-31,True,,37.96,open
MARGIN_BRIDGE,MOS,2025-12-29,24.1,4028.7994,2025-12-31,True,,24.09,open
MARGIN_BRIDGE,OXY,2025-12-31,41.46,2350.9182,2025-12-31,True,,41.12,open
BRIDGE_SPY_DISCLOSURE,AVGO,2016-02-01,13.334,749.5877,2016-02-02,False,2016-02-03,13.725,rollback
BRIDGE_SPY_DISCLOSURE,HAL,2016-02-01,31.29,319.3354,2016-02-05,False,2016-02-08,30.74,rollback
BRIDGE_SPY_DISCLOSURE,SPY_BRIDGE,2016-02-03,191.41,51.1194,2016-02-12,True,2016-02-12,184.96,paired
BRIDGE_SPY_DISCLOSURE,SPY_BRIDGE,2016-02-01,192.53,51.8881,2016-02-19,True,2016-02-19,191.17,paired
BRIDGE_SPY_DISCLOSURE,FOXA,2016-02-01,26.84,372.2432,2016-02-23,False,2016-02-24,26.71,rollback
BRIDGE_SPY_DISCLOSURE,XRX,2016-02-01,16.996,587.8152,2016-02-23,False,2016-02-24,16.513,rollback
BRIDGE_SPY_DISCLOSURE,MDLZ,2016-02-01,42.82,233.3374,2016-02-26,False,2016-02-29,40.54,rollback
BRIDGE_SPY_DISCLOSURE,SPY_BRIDGE,2016-02-19,191.17,51.0283,2016-02-29,True,2016-02-29,195.11,paired
BRIDGE_SPY_DISCLOSURE,KLAC,2016-02-01,6.64,1505.0458,2016-03-02,False,2016-03-03,6.836,rollback
BRIDGE_SPY_DISCLOSURE,LRCX,2016-02-01,7.12,1403.7223,2016-03-08,False,2016-03-09,7.355,rollback
BRIDGE_SPY_DISCLOSURE,JPM,2016-02-01,59.16,168.9318,2016-03-08,False,2016-03-09,59.15,rollback
BRIDGE_SPY_DISCLOSURE,TAP,2016-02-01,90.5,110.4199,2016-03-08,False,2016-03-09,88.6,rollback
BRIDGE_SPY_DISCLOSURE,AMAT,2016-02-01,17.45,572.6364,2016-03-08,False,2016-03-09,19.01,rollback
BRIDGE_SPY_DISCLOSURE,SPY_BRIDGE,2016-02-01,192.53,51.8855,2016-03-09,True,2016-03-09,199.36,paired
BRIDGE_SPY_DISCLOSURE,SPY_BRIDGE,2016-02-04,190.71,51.6455,2016-03-09,True,2016-03-09,199.36,paired
BRIDGE_SPY_DISCLOSURE,SPY_BRIDGE,2016-02-19,191.17,51.0258,2016-03-09,True,2016-03-09,199.36,paired
BRIDGE_SPY_DISCLOSURE,SPY_BRIDGE,2016-02-29,195.11,51.5279,2016-03-09,True,2016-03-09,199.36,paired
BRIDGE_SPY_DISCLOSURE,AIG,2016-03-14,52.59,197.214,2016-03-21,False,2016-03-22,53.55,rollback
BRIDGE_SPY_DISCLOSURE,GILD,2016-03-14,90.0,115.2502,2016-03-23,False,2016-03-24,89.61,rollback
BRIDGE_SPY_DISCLOSURE,SPY_BRIDGE,2016-02-16,188.77,49.9256,2016-03-24,True,2016-03-24,202.0,paired
BRIDGE_SPY_DISCLOSURE,SPY_BRIDGE,2016-02-24,190.63,50.9591,2016-04-05,True,2016-04-05,204.67,paired
BRIDGE_SPY_DISCLOSURE,SPY_BRIDGE,2016-02-25,193.73,51.2173,2016-04-06,True,2016-04-06,204.19,paired
BRIDGE_SPY_DISCLOSURE,ABBV,2016-03-30,57.43,182.9899,2016-04-07,False,2016-04-08,59.49,rollback
BRIDGE_SPY_DISCLOSURE,SPY_BRIDGE,2016-03-30,206.3,50.9384,2016-04-08,True,2016-04-08,205.34,paired
BRIDGE_SPY_DISCLOSURE,SPY_BRIDGE,2016-04-07,205.14,51.6153,2016-04-18,True,2016-04-18,207.78,paired
BRIDGE_SPY_DISCLOSURE,V,2016-03-17,72.28,143.3783,2016-04-22,False,2016-04-25,78.69,rollback
BRIDGE_SPY_DISCLOSURE,GME,2016-03-30,7.8925,1331.5979,2016-04-22,False,2016-04-25,8.17,index_drop
BRIDGE_SPY_DISCLOSURE,SPY_BRIDGE,2016-04-07,205.14,51.6128,2016-04-26,True,2016-04-26,209.04,paired
BRIDGE_SPY_DISCLOSURE,SPY_BRIDGE,2016-04-11,205.25,51.4075,2016-04-26,True,2016-04-26,209.04,paired
BRIDGE_SPY_DISCLOSURE,PFE,2016-03-14,30.27,342.6838,2016-04-26,False,2016-04-27,32.98,rollback
BRIDGE_SPY_DISCLOSURE,WMT,2016-03-22,22.6667,461.1671,2016-05-23,False,2016-05-24,23.2167,rollback
BRIDGE_SPY_DISCLOSURE,KR,2016-03-14,38.43,269.8934,2016-06-02,False,2016-06-03,36.2,rollback
BRIDGE_SPY_DISCLOSURE,MU,2016-04-27,11.34,948.1098,2016-06-09,False,2016-06-10,12.32,rollback
BRIDGE_SPY_DISCLOSURE,FE,2016-04-28,32.67,329.1049,2016-06-10,False,2016-06-13,33.68,rollback
BRIDGE_SPY_DISCLOSURE,SPY_BRIDGE,2016-03-30,206.3,50.9358,2016-06-13,True,2016-06-13,209.36,paired
BRIDGE_SPY_DISCLOSURE,SPY_BRIDGE,2016-04-28,208.46,51.575,2016-06-13,True,2016-06-13,209.36,paired
BRIDGE_SPY_DISCLOSURE,SPY_BRIDGE,2016-06-17,207.17,51.5416,2016-07-05,True,2016-07-05,208.95,paired
BRIDGE_SPY_DISCLOSURE,SPY_BRIDGE,2016-06-15,208.04,51.5551,2016-07-08,True,2016-07-08,211.05,paired
BRIDGE_SPY_DISCLOSURE,SPY_BRIDGE,2016-04-28,208.46,51.5724,2016-07-14,True,2016-07-14,216.4,paired
BRIDGE_SPY_DISCLOSURE,SPY_BRIDGE,2016-06-03,210.25,52.1192,2016-07-14,True,2016-07-14,216.4,paired
BRIDGE_SPY_DISCLOSURE,SPY_BRIDGE,2016-02-29,195.11,51.5253,2016-07-27,True,2016-07-27,217.19,paired
BRIDGE_SPY_DISCLOSURE,SPY_BRIDGE,2016-04-18,207.78,51.477,2016-07-27,True,2016-07-27,217.19,paired
BRIDGE_SPY_DISCLOSURE,EBAY,2016-04-28,25.09,428.5744,2016-08-09,False,2016-08-10,31.11,rollback
BRIDGE_SPY_DISCLOSURE,SPY_BRIDGE,2016-07-08,211.05,51.6562,2016-08-12,True,2016-08-12,218.29,paired
BRIDGE_SPY_DISCLOSURE,SPY_BRIDGE,2016-06-10,210.46,51.7039,2016-08-24,True,2016-08-24,218.8,paired
BRIDGE_SPY_DISCLOSURE,SPY_BRIDGE,2016-07-14,216.4,51.8972,2016-08-25,True,2016-08-25,217.4,paired
BRIDGE_SPY_DISCLOSURE,SPY_BRIDGE,2016-08-12,218.29,52.9976,2016-09-07,True,2016-09-07,218.84,paired
BRIDGE_SPY_DISCLOSURE,SPY_BRIDGE,2016-03-03,198.79,51.8139,2016-10-04,True,2016-10-04,215.91,paired
BRIDGE_SPY_DISCLOSURE,FAST,2016-04-28,11.7725,913.3485,2016-10-07,False,2016-10-10,10.6175,rollback
BRIDGE_SPY_DISCLOSURE,SPY_BRIDGE,2016-04-28,208.46,51.5698,2016-10-10,True,2016-10-10,216.16,paired
BRIDGE_SPY_DISCLOSURE,SPY_BRIDGE,2016-07-05,208.95,51.6021,2016-10-10,True,2016-10-10,216.16,paired
BRIDGE_SPY_DISCLOSURE,SPY_BRIDGE,2016-10-04,215.91,52.7199,2016-10-12,True,2016-10-12,213.59,paired
BRIDGE_SPY_DISCLOSURE,SPY_BRIDGE,2016-10-12,213.59,52.618,2016-10-14,True,2016-10-14,214.15,paired
BRIDGE_SPY_DISCLOSURE,SPY_BRIDGE,2016-07-14,216.4,51.8946,2016-10-25,True,2016-10-25,214.68,paired
BRIDGE_SPY_DISCLOSURE,SPY_BRIDGE,2016-09-07,218.84,52.8966,2016-10-26,True,2016-10-26,213.21,paired
BRIDGE_SPY_DISCLOSURE,SPY_BRIDGE,2016-08-24,218.8,53.0592,2016-11-10,True,2016-11-10,217.3,paired
BRIDGE_SPY_DISCLOSURE,SPY_BRIDGE,2016-08-10,218.31,52.918,2016-11-15,True,2016-11-15,217.04,paired
BRIDGE_SPY_DISCLOSURE,SPY_BRIDGE,2016-10-26,213.21,52.5753,2016-11-18,True,2016-11-18,219.07,paired
BRIDGE_SPY_DISCLOSURE,SPY_BRIDGE,2016-10-10,216.16,52.7383,2016-11-23,True,2016-11-23,219.98,paired
BRIDGE_SPY_DISCLOSURE,SPY_BRIDGE,2016-05-24,206.17,50.8729,2016-11-29,True,2016-11-29,220.52,paired
BRIDGE_SPY_DISCLOSURE,SPY_BRIDGE,2016-10-14,214.15,52.6383,2016-12-01,True,2016-12-01,220.73,paired
BRIDGE_SPY_DISCLOSURE,SPY_BRIDGE,2016-08-01,217.19,52.9792,2016-12-05,True,2016-12-05,220.65,paired
BRIDGE_SPY_DISCLOSURE,SPY_BRIDGE,2016-11-10,217.3,52.7585,2016-12-05,True,2016-12-05,220.65,paired
BRIDGE_SPY_DISCLOSURE,SPY_BRIDGE,2016-12-01,220.73,52.9503,2016-12-09,True,2016-12-09,225.41,paired
BRIDGE_SPY_DISCLOSURE,SPY_BRIDGE,2016-10-11,215.66,52.7237,2016-12-13,True,2016-12-13,227.02,paired
BRIDGE_SPY_DISCLOSURE,SPY_BRIDGE,2016-12-09,225.41,53.2514,2016-12-13,True,2016-12-13,227.02,paired
BRIDGE_SPY_DISCLOSURE,SPY_BRIDGE,2016-08-25,217.4,52.9758,2016-12-14,True,2016-12-14,227.41,paired
BRIDGE_SPY_DISCLOSURE,SPY_BRIDGE,2016-11-29,220.52,52.9431,2016-12-14,True,2016-12-14,227.41,paired
BRIDGE_SPY_DISCLOSURE,SPY_BRIDGE,2016-11-16,217.56,52.7597,2016-12-20,True,2016-12-20,226.15,paired
BRIDGE_SPY_DISCLOSURE,SPY_BRIDGE,2016-12-13,227.02,53.3498,2016-12-22,True,2016-12-22,225.6,paired
BRIDGE_SPY_DISCLOSURE,SPY_BRIDGE,2016-07-29,216.46,52.9185,2016-12-29,True,2016-12-29,224.48,paired
BRIDGE_SPY_DISCLOSURE,SPY_BRIDGE,2016-11-18,219.07,52.859,2017-01-10,True,2017-01-10,226.48,paired
BRIDGE_SPY_DISCLOSURE,SPY_BRIDGE,2016-12-14,227.41,53.3642,2017-01-13,True,2017-01-13,226.73,paired
BRIDGE_SPY_DISCLOSURE,SPY_BRIDGE,2016-10-25,214.68,52.6532,2017-01-18,True,2017-01-18,226.54,paired
BRIDGE_SPY_DISCLOSURE,SPY_BRIDGE,2016-12-05,220.65,52.9342,2017-01-23,True,2017-01-23,226.74,paired
BRIDGE_SPY_DISCLOSURE,SPY_BRIDGE,2017-01-13,226.73,53.2513,2017-01-27,True,2017-01-27,229.42,paired
BRIDGE_SPY_DISCLOSURE,SPY_BRIDGE,2016-12-14,227.41,53.3616,2017-02-01,True,2017-02-01,227.53,paired
BRIDGE_SPY_DISCLOSURE,SPY_BRIDGE,2016-12-20,226.15,53.2655,2017-02-01,True,2017-02-01,227.53,paired
BRIDGE_SPY_DISCLOSURE,SPY_BRIDGE,2017-01-27,229.42,53.4074,2017-02-01,True,2017-02-01,227.53,paired
BRIDGE_SPY_DISCLOSURE,SPY_BRIDGE,2016-12-05,220.65,52.9316,2017-02-07,True,2017-02-07,229.38,paired
BRIDGE_SPY_DISCLOSURE,SPY_BRIDGE,2017-01-18,226.54,53.2303,2017-02-07,True,2017-02-07,229.38,paired
BRIDGE_SPY_DISCLOSURE,SPY_BRIDGE,2016-12-22,225.6,53.2198,2017-02-10,True,2017-02-10,231.0,paired
BRIDGE_SPY_DISCLOSURE,SPY_BRIDGE,2016-12-13,227.02,53.3472,2017-02-13,True,2017-02-13,232.08,paired
BRIDGE_SPY_DISCLOSURE,SPY_BRIDGE,2016-07-08,211.05,51.6536,2017-02-16,True,2017-02-16,234.95,paired
BRIDGE_SPY_DISCLOSURE,SPY_BRIDGE,2017-01-03,225.04,53.1559,2017-02-17,True,2017-02-17,233.95,paired
BRIDGE_SPY_DISCLOSURE,SPY_BRIDGE,2017-01-10,226.48,53.2435,2017-02-17,True,2017-02-17,233.95,paired
BRIDGE_SPY_DISCLOSURE,SPY_BRIDGE,2017-02-10,231.0,53.4383,2017-02-24,True,2017-02-24,235.46,paired
BRIDGE_SPY_DISCLOSURE,SPY_BRIDGE,2017-02-01,227.53,53.2637,2017-02-28,True,2017-02-28,236.67,paired
BRIDGE_SPY_DISCLOSURE,SPY_BRIDGE,2017-02-03,228.82,53.3132,2017-03-02,True,2017-03-02,239.56,paired
BRIDGE_SPY_DISCLOSURE,SPY_BRIDGE,2017-03-02,239.56,53.8675,2017-03-09,True,2017-03-09,236.7,paired
BRIDGE_SPY_DISCLOSURE,SPY_BRIDGE,2017-02-16,234.95,53.6842,2017-03-22,True,2017-03-22,233.77,paired
BRIDGE_SPY_DISCLOSURE,SPY_BRIDGE,2017-02-22,236.02,53.6595,2017-03-22,True,2017-03-22,233.77,paired
BRIDGE_SPY_DISCLOSURE,SPY_BRIDGE,2017-01-23,226.74,53.2348,2017-05-01,True,2017-05-01,238.68,paired
BRIDGE_SPY_DISCLOSURE,SPY_BRIDGE,2017-02-02,227.62,53.2626,2017-05-12,True,2017-05-12,239.09,paired
BRIDGE_SPY_DISCLOSURE,SPY_BRIDGE,2017-02-13,232.08,53.504,2017-05-18,True,2017-05-18,235.73,paired
BRIDGE_SPY_DISCLOSURE,SPY_BRIDGE,2016-11-23,219.98,52.9141,2017-05-26,True,2017-05-26,241.54,paired
BRIDGE_SPY_DISCLOSURE,SPY_BRIDGE,2017-02-28,236.67,53.6865,2017-06-05,True,2017-06-05,243.97,paired
BRIDGE_SPY_DISCLOSURE,SPY_BRIDGE,2017-05-12,239.09,53.7333,2017-06-06,True,2017-06-06,243.34,paired
BRIDGE_SPY_DISCLOSURE,SPY_BRIDGE,2017-03-22,233.77,53.4489,2017-06-09,True,2017-06-09,244.09,paired
BRIDGE_SPY_DISCLOSURE,SPY_BRIDGE,2017-05-22,238.9,53.6365,2017-06-09,True,2017-06-09,244.09,paired
BRIDGE_SPY_DISCLOSURE,SPY_BRIDGE,2017-05-02,238.84,53.7343,2017-06-12,True,2017-06-12,243.13,paired
BRIDGE_SPY_DISCLOSURE,SPY_BRIDGE,2017-06-06,243.34,53.8947,2017-06-14,True,2017-06-14,244.86,paired
BRIDGE_SPY_DISCLOSURE,SPY_BRIDGE,2017-06-09,244.09,53.9301,2017-06-21,True,2017-06-21,243.46,paired
BRIDGE_SPY_DISCLOSURE,SPY_BRIDGE,2017-06-21,243.46,53.8577,2017-06-27,True,2017-06-27,243.04,paired
BRIDGE_SPY_DISCLOSURE,SPY_BRIDGE,2017-06-12,243.13,53.8583,2017-07-03,True,2017-07-03,242.88,paired
BRIDGE_SPY_DISCLOSURE,SPY_BRIDGE,2017-02-07,229.38,53.3407,2017-07-06,True,2017-07-06,241.89,paired
BRIDGE_SPY_DISCLOSURE,SPY_BRIDGE,2017-06-09,244.09,53.9274,2017-07-06,True,2017-07-06,241.89,paired
BRIDGE_SPY_DISCLOSURE,SPY_BRIDGE,2017-02-07,229.38,53.338,2017-07-07,True,2017-07-07,241.21,paired
BRIDGE_SPY_DISCLOSURE,SPY_BRIDGE,2017-07-06,241.89,53.72,2017-07-12,True,2017-07-12,243.3,paired
BRIDGE_SPY_DISCLOSURE,SPY_BRIDGE,2017-07-12,243.3,53.7735,2017-07-18,True,2017-07-18,245.06,paired
BRIDGE_SPY_DISCLOSURE,SPY_BRIDGE,2017-02-24,235.46,53.6142,2017-07-21,True,2017-07-21,246.44,paired
BRIDGE_SPY_DISCLOSURE,SPY_BRIDGE,2017-07-06,241.89,53.7173,2017-07-25,True,2017-07-25,247.68,paired
BRIDGE_SPY_DISCLOSURE,SPY_BRIDGE,2017-07-10,242.11,53.7039,2017-07-28,True,2017-07-28,246.65,paired
BRIDGE_SPY_DISCLOSURE,SPY_BRIDGE,2017-06-27,243.04,53.8186,2017-08-01,True,2017-08-01,247.46,paired
BRIDGE_SPY_DISCLOSURE,SPY_BRIDGE,2016-11-15,217.04,52.7386,2017-08-02,True,2017-08-02,247.47,paired
BRIDGE_SPY_DISCLOSURE,SPY_BRIDGE,2017-03-09,236.7,53.6671,2017-08-04,True,2017-08-04,247.52,paired
BRIDGE_SPY_DISCLOSURE,SPY_BRIDGE,2017-03-22,233.77,53.4462,2017-08-07,True,2017-08-07,247.49,paired
BRIDGE_SPY_DISCLOSURE,SPY_BRIDGE,2017-02-21,235.52,53.6412,2017-08-09,True,2017-08-09,246.47,paired
BRIDGE_SPY_DISCLOSURE,SPY_BRIDGE,2017-07-03,242.88,53.7964,2017-08-10,True,2017-08-10,246.29,paired
BRIDGE_SPY_DISCLOSURE,SPY_BRIDGE,2017-08-03,247.31,53.9655,2017-08-10,True,2017-08-10,246.29,paired
BRIDGE_SPY_DISCLOSURE,SPY_BRIDGE,2017-05-26,241.54,53.7982,2017-08-11,True,2017-08-11,244.02,paired
BRIDGE_SPY_DISCLOSURE,MSFT,2017-08-15,73.59,180.6431,2017-09-01,False,2017-09-05,73.34,rollback
BRIDGE_SPY_DISCLOSURE,SPY_BRIDGE,2017-08-15,246.98,53.8216,2017-09-05,True,2017-09-05,247.26,paired
BRIDGE_SPY_DISCLOSURE,SPY_BRIDGE,2017-07-18,245.06,53.876,2017-09-06,True,2017-09-06,246.84,paired
BRIDGE_SPY_DISCLOSURE,SPY_BRIDGE,2017-08-15,246.98,53.8189,2017-09-13,True,2017-09-13,249.72,paired
BRIDGE_SPY_DISCLOSURE,SPY_BRIDGE,2017-06-05,243.97,53.9421,2017-09-20,True,2017-09-20,250.07,paired
BRIDGE_SPY_DISCLOSURE,SPY_BRIDGE,2017-06-14,244.86,53.9615,2017-09-20,True,2017-09-20,250.07,paired
BRIDGE_SPY_DISCLOSURE,SPY_BRIDGE,2017-07-26,247.75,54.0027,2017-09-26,True,2017-09-26,249.42,paired
BRIDGE_SPY_DISCLOSURE,SPY_BRIDGE,2017-08-04,247.52,53.968,2017-09-26,True,2017-09-26,249.42,paired
BRIDGE_SPY_DISCLOSURE,SPY_BRIDGE,2017-09-21,249.88,53.6541,2017-09-27,True,2017-09-27,249.88,paired
BRIDGE_SPY_DISCLOSURE,SPY_BRIDGE,2017-09-28,249.73,53.8052,2017-10-03,True,2017-10-03,252.32,paired
BRIDGE_SPY_DISCLOSURE,SPY_BRIDGE,2017-09-26,249.42,53.5121,2017-10-04,True,2017-10-04,252.69,paired
BRIDGE_SPY_DISCLOSURE,SPY_BRIDGE,2017-08-01,247.46,53.9754,2017-10-10,True,2017-10-10,254.6,paired
BRIDGE_SPY_DISCLOSURE,SPY_BRIDGE,2017-09-13,249.72,53.8227,2017-10-10,True,2017-10-10,254.6,paired
BRIDGE_SPY_DISCLOSURE,SPY_BRIDGE,2017-09-26,249.42,53.5095,2017-10-16,True,2017-10-16,255.21,paired
BRIDGE_SPY_DISCLOSURE,SPY_BRIDGE,2017-10-03,252.32,54.061,2017-10-16,True,2017-10-16,255.21,paired
BRIDGE_SPY_DISCLOSURE,SPY_BRIDGE,2017-10-10,254.6,54.1354,2017-10-20,True,2017-10-20,256.7,paired
BRIDGE_SPY_DISCLOSURE,SPY_BRIDGE,2017-10-11,254.51,54.0263,2017-10-24,True,2017-10-24,256.6,paired
BRIDGE_SPY_DISCLOSURE,SPY_BRIDGE,2017-10-10,254.6,54.1327,2017-10-27,True,2017-10-27,256.47,paired
BRIDGE_SPY_DISCLOSURE,SPY_BRIDGE,2017-09-06,246.84,53.7675,2017-10-31,True,2017-10-31,257.18,paired
BRIDGE_SPY_DISCLOSURE,NRG,2017-09-20,24.67,545.5463,2017-11-09,False,2017-11-10,27.75,rollback
BRIDGE_SPY_DISCLOSURE,SPY_BRIDGE,2017-09-20,250.07,53.8167,2017-11-10,True,2017-11-10,257.73,paired
BRIDGE_SPY_DISCLOSURE,SPY_BRIDGE,2017-07-28,246.65,53.9487,2017-11-14,True,2017-11-14,257.41,paired
BRIDGE_SPY_DISCLOSURE,SPY_BRIDGE,2017-08-08,247.51,53.9601,2017-11-14,True,2017-11-14,257.41,paired
BRIDGE_SPY_DISCLOSURE,SPY_BRIDGE,2017-10-16,255.21,54.1578,2017-11-20,True,2017-11-20,258.14,paired
BRIDGE_SPY_DISCLOSURE,SPY_BRIDGE,2017-11-20,258.14,54.532,2017-11-27,True,2017-11-27,260.41,paired
BRIDGE_SPY_DISCLOSURE,SPY_BRIDGE,2017-10-24,256.6,53.9741,2017-11-30,True,2017-11-30,263.76,paired
BRIDGE_SPY_DISCLOSURE,SPY_BRIDGE,2017-11-01,258.04,54.0318,2017-12-06,True,2017-12-06,263.3,paired
BRIDGE_SPY_DISCLOSURE,SPY_BRIDGE,2017-11-30,263.76,54.7364,2017-12-06,True,2017-12-06,263.3,paired
BRIDGE_SPY_DISCLOSURE,SPY_BRIDGE,2017-11-14,257.41,54.5151,2017-12-07,True,2017-12-07,264.07,paired
BRIDGE_SPY_DISCLOSURE,SPY_BRIDGE,2017-11-10,257.73,54.5382,2017-12-08,True,2017-12-08,265.16,paired
BRIDGE_SPY_DISCLOSURE,SPY_BRIDGE,2017-11-14,257.41,54.5124,2017-12-11,True,2017-12-11,266.31,paired
BRIDGE_SPY_DISCLOSURE,SPY_BRIDGE,2017-09-05,247.26,53.7828,2017-12-15,True,2017-12-15,265.45,paired
BRIDGE_SPY_DISCLOSURE,SPY_BRIDGE,2017-10-18,255.9,54.1476,2017-12-15,True,2017-12-15,265.45,paired
BRIDGE_SPY_DISCLOSURE,SPY_BRIDGE,2017-10-27,256.47,53.9092,2017-12-15,True,2017-12-15,265.45,paired
BRIDGE_SPY_DISCLOSURE,SPY_BRIDGE,2017-10-20,256.7,54.1124,2017-12-21,True,2017-12-21,267.74,paired
BRIDGE_SPY_DISCLOSURE,SPY_BRIDGE,2017-12-08,265.16,54.7285,2017-12-21,True,2017-12-21,267.74,paired
BRIDGE_SPY_DISCLOSURE,SPY_BRIDGE,2017-12-08,265.16,54.7257,2017-12-22,True,2017-12-22,267.6,paired
BRIDGE_SPY_DISCLOSURE,SPY_BRIDGE,2017-12-18,268.1,54.6559,2017-12-27,True,2017-12-27,267.38,paired
BRIDGE_SPY_DISCLOSURE,SPY_BRIDGE,2017-12-21,267.74,54.572,2018-01-09,True,2018-01-09,274.4,paired
BRIDGE_SPY_DISCLOSURE,SPY_BRIDGE,2017-10-04,252.69,54.1267,2018-01-10,True,2018-01-10,273.68,paired
BRIDGE_SPY_DISCLOSURE,SPY_BRIDGE,2017-12-07,264.07,54.7141,2018-01-10,True,2018-01-10,273.68,paired
BRIDGE_SPY_DISCLOSURE,SPY_BRIDGE,2017-12-11,266.31,54.7642,2018-01-11,True,2018-01-11,274.75,paired
BRIDGE_SPY_DISCLOSURE,SPY_BRIDGE,2017-12-21,267.74,54.5693,2018-01-11,True,2018-01-11,274.75,paired
BRIDGE_SPY_DISCLOSURE,TJX,2018-01-11,38.075,399.9758,2018-01-16,False,2018-01-17,38.36,rollback
BRIDGE_SPY_DISCLOSURE,SPY_BRIDGE,2017-11-27,260.41,54.6133,2018-01-17,True,2018-01-17,278.03,paired
BRIDGE_SPY_DISCLOSURE,SPY_BRIDGE,2017-08-09,246.47,53.9084,2018-01-25,True,2018-01-25,284.16,paired
BRIDGE_SPY_DISCLOSURE,SPY_BRIDGE,2017-12-06,263.3,54.7056,2018-01-26,True,2018-01-26,284.25,paired
BRIDGE_SPY_DISCLOSURE,SPY_BRIDGE,2018-01-18,279.48,55.5285,2018-01-26,True,2018-01-26,284.25,paired
BRIDGE_SPY_DISCLOSURE,SPY_BRIDGE,2018-01-22,280.17,55.4314,2018-01-26,True,2018-01-26,284.25,paired
BRIDGE_SPY_DISCLOSURE,SPY_BRIDGE,2017-12-18,268.1,54.6531,2018-01-30,True,2018-01-30,282.6,paired
BRIDGE_SPY_DISCLOSURE,SPY_BRIDGE,2017-12-22,267.6,54.5246,2018-01-31,True,2018-01-31,282.73,paired
BRIDGE_SPY_DISCLOSURE,SPY_BRIDGE,2017-12-28,267.89,54.4828,2018-02-01,True,2018-02-01,281.07,paired
BRIDGE_SPY_DISCLOSURE,SPY_BRIDGE,2018-01-29,285.93,57.0807,2018-02-05,True,2018-02-05,273.45,paired
BRIDGE_SPY_DISCLOSURE,NEE,2018-01-26,38.715,416.4275,2018-02-05,False,2018-02-06,37.9575,rollback
BRIDGE_SPY_DISCLOSURE,SPY_BRIDGE,2018-01-19,279.8,55.6378,2018-02-09,True,2018-02-09,260.8,paired
BRIDGE_SPY_DISCLOSURE,NFLX,2017-12-18,19.12,766.4212,2018-02-20,False,2018-02-21,28.207,rollback
BRIDGE_SPY_DISCLOSURE,SPY_BRIDGE,2017-12-18,268.1,54.6504,2018-02-21,True,2018-02-21,271.9,paired
BRIDGE_SPY_DISCLOSURE,MU,2018-01-18,44.21,351.0494,2018-02-21,False,2018-02-22,44.78,rollback
BRIDGE_SPY_DISCLOSURE,SPY_BRIDGE,2018-02-15,271.57,57.0668,2018-02-22,True,2018-02-22,271.1,paired
BRIDGE_SPY_DISCLOSURE,BMY,2018-02-13,62.8,237.6218,2018-02-22,False,2018-02-23,66.17,rollback
BRIDGE_SPY_DISCLOSURE,SPY_BRIDGE,2018-02-22,271.1,57.5351,2018-02-28,True,2018-02-28,275.68,paired
BRIDGE_SPY_DISCLOSURE,SPY_BRIDGE,2018-02-22,271.1,57.5322,2018-02-28,True,2018-02-28,275.68,paired
BRIDGE_SPY_DISCLOSURE,PFE,2018-01-17,36.82,419.2174,2018-02-28,False,2018-03-01,36.12,rollback
BRIDGE_SPY_DISCLOSURE,SPY_BRIDGE,2018-02-21,271.9,57.7668,2018-03-02,True,2018-03-02,265.8,paired
BRIDGE_SPY_DISCLOSURE,SPY_BRIDGE,2018-03-02,265.8,58.6856,2018-03-07,True,2018-03-07,270.42,paired
BRIDGE_SPY_DISCLOSURE,SPY_BRIDGE,2018-02-14,264.31,56.5974,2018-03-08,True,2018-03-08,273.55,paired
BRIDGE_SPY_DISCLOSURE,SPY_BRIDGE,2018-03-01,271.41,58.5528,2018-03-08,True,2018-03-08,273.55,paired
BRIDGE_SPY_DISCLOSURE,M,2018-01-11,25.47,597.9521,2018-03-08,False,2018-03-09,29.31,rollback
BRIDGE_SPY_DISCLOSURE,SPY_BRIDGE,2018-03-09,275.7,58.6108,2018-03-13,True,2018-03-13,279.84,paired
BRIDGE_SPY_DISCLOSURE,SPY_BRIDGE,2018-02-02,280.08,56.17,2018-03-15,True,2018-03-15,275.88,paired
BRIDGE_SPY_DISCLOSURE,SPY_BRIDGE,2018-02-21,271.9,57.7639,2018-03-16,True,2018-03-16,274.5,paired
BRIDGE_SPY_DISCLOSURE,EXC,2018-02-01,38.53,412.7961,2018-03-19,False,2018-03-20,38.29,rollback
BRIDGE_SPY_DISCLOSURE,SPY_BRIDGE,2018-03-21,270.9,58.2727,2018-03-23,True,2018-03-23,264.17,paired
BRIDGE_SPY_DISCLOSURE,SPY_BRIDGE,2018-03-13,279.84,58.7958,2018-04-09,True,2018-04-09,261.37,paired
BRIDGE_SPY_DISCLOSURE,SPY_BRIDGE,2018-03-16,274.5,58.6933,2018-04-12,True,2018-04-12,265.26,paired
BRIDGE_SPY_DISCLOSURE,SPY_BRIDGE,2018-03-02,265.8,58.6827,2018-04-19,True,2018-04-19,269.65,paired
BRIDGE_SPY_DISCLOSURE,SPY_BRIDGE,2018-03-05,267.73,58.8543,2018-04-19,True,2018-04-19,269.65,paired
BRIDGE_SPY_DISCLOSURE,SPY_BRIDGE,2018-04-12,265.26,57.9433,2018-04-24,True,2018-04-24,267.73,paired
BRIDGE_SPY_DISCLOSURE,SPY_BRIDGE,2018-03-15,275.88,58.6229,2018-04-25,True,2018-04-25,262.91,paired
BRIDGE_SPY_DISCLOSURE,SPY_BRIDGE,2018-03-26,262.13,57.8352,2018-04-25,True,2018-04-25,262.91,paired
BRIDGE_SPY_DISCLOSURE,SPY_BRIDGE,2018-03-09,275.7,58.6078,2018-04-27,True,2018-04-27,267.0,paired
BRIDGE_SPY_DISCLOSURE,KIM,2018-03-01,14.88,1068.0517,2018-04-30,False,2018-05-01,14.52,rollback
BRIDGE_SPY_DISCLOSURE,SPY_BRIDGE,2018-02-23,271.79,57.5813,2018-05-01,True,2018-05-01,263.87,paired
BRIDGE_SPY_DISCLOSURE,SPY_BRIDGE,2018-04-19,269.65,58.082,2018-05-01,True,2018-05-01,263.87,paired
BRIDGE_SPY_DISCLOSURE,SPY_BRIDGE,2018-04-27,267.0,57.8078,2018-05-01,True,2018-05-01,263.87,paired
BRIDGE_SPY_DISCLOSURE,SPY_BRIDGE,2018-04-10,264.27,57.885,2018-05-02,True,2018-05-02,264.76,paired
BRIDGE_SPY_DISCLOSURE,SPY_BRIDGE,2018-05-02,264.76,57.8486,2018-05-15,True,2018-05-15,271.59,paired
BRIDGE_SPY_DISCLOSURE,SPY_BRIDGE,2018-03-07,270.42,58.9087,2018-05-21,True,2018-05-21,273.01,paired
BRIDGE_SPY_DISCLOSURE,SPY_BRIDGE,2018-04-19,269.65,58.0791,2018-06-01,True,2018-06-01,272.41,paired
BRIDGE_SPY_DISCLOSURE,SPY_BRIDGE,2018-05-24,272.91,57.9307,2018-06-01,True,2018-06-01,272.41,paired
BRIDGE_SPY_DISCLOSURE,SPY_BRIDGE,2018-04-27,267.0,57.8049,2018-06-04,True,2018-06-04,274.53,paired
BRIDGE_SPY_DISCLOSURE,SPY_BRIDGE,2018-04-27,267.0,57.802,2018-06-12,True,2018-06-12,279.03,paired
BRIDGE_SPY_DISCLOSURE,SPY_BRIDGE,2018-06-04,274.53,57.3941,2018-06-12,True,2018-06-12,279.03,paired
BRIDGE_SPY_DISCLOSURE,SPY_BRIDGE,2018-06-04,274.53,57.3912,2018-06-14,True,2018-06-14,279.01,paired
BRIDGE_SPY_DISCLOSURE,SPY_BRIDGE,2018-03-09,275.7,58.6049,2018-06-19,True,2018-06-19,274.0,paired
BRIDGE_SPY_DISCLOSURE,SPY_BRIDGE,2018-04-24,267.73,57.713,2018-06-19,True,2018-06-19,274.0,paired
BRIDGE_SPY_DISCLOSURE,SPY_BRIDGE,2018-05-15,271.59,58.1246,2018-06-19,True,2018-06-19,274.0,paired
BRIDGE_SPY_DISCLOSURE,SPY_BRIDGE,2018-06-14,279.01,58.1016,2018-06-20,True,2018-06-20,276.27,paired
BRIDGE_SPY_DISCLOSURE,SPY_BRIDGE,2018-06-19,274.0,57.8383,2018-06-21,True,2018-06-21,275.96,paired
BRIDGE_SPY_DISCLOSURE,SPY_BRIDGE,2018-06-22,275.66,57.9433,2018-07-11,True,2018-07-11,277.15,paired
BRIDGE_SPY_DISCLOSURE,SPY_BRIDGE,2018-01-29,285.93,57.0778,2018-07-12,True,2018-07-12,278.28,paired
BRIDGE_SPY_DISCLOSURE,SPY_BRIDGE,2018-05-01,263.87,58.0027,2018-07-12,True,2018-07-12,278.28,paired
BRIDGE_SPY_DISCLOSURE,SPY_BRIDGE,2018-06-13,279.19,58.1961,2018-07-20,True,2018-07-20,279.77,paired
BRIDGE_SPY_DISCLOSURE,SPY_BRIDGE,2018-05-02,264.76,57.8457,2018-07-27,True,2018-07-27,283.71,paired
BRIDGE_SPY_DISCLOSURE,SPY_BRIDGE,2018-06-19,274.0,57.8354,2018-08-02,True,2018-08-02,279.39,paired
BRIDGE_SPY_DISCLOSURE,SPY_BRIDGE,2018-07-20,279.77,58.1309,2018-08-06,True,2018-08-06,283.64,paired
BRIDGE_SPY_DISCLOSURE,SPY_BRIDGE,2018-06-19,274.0,57.8325,2018-08-14,True,2018-08-14,282.92,paired
BRIDGE_SPY_DISCLOSURE,SPY_BRIDGE,2018-07-12,278.28,58.2723,2018-08-14,True,2018-08-14,282.92,paired
BRIDGE_SPY_DISCLOSURE,SPY_BRIDGE,2018-07-12,278.28,58.2694,2018-08-17,True,2018-08-17,283.83,paired
BRIDGE_SPY_DISCLOSURE,SPY_BRIDGE,2018-06-22,275.66,57.9404,2018-08-27,True,2018-08-27,288.86,paired
BRIDGE_SPY_DISCLOSURE,GGP,2018-05-01,20.02,764.5317,2018-08-27,False,2018-08-27,22.06,delisted
BRIDGE_SPY_DISCLOSURE,SPY_BRIDGE,2018-05-01,263.87,57.9998,2018-08-28,True,2018-08-28,290.3,paired
BRIDGE_SPY_DISCLOSURE,SPY_BRIDGE,2018-06-12,279.03,58.0095,2018-08-31,True,2018-08-31,289.84,paired
BRIDGE_SPY_DISCLOSURE,SPY_BRIDGE,2018-08-15,282.38,57.1397,2018-08-31,True,2018-08-31,289.84,paired
BRIDGE_SPY_DISCLOSURE,SPY_BRIDGE,2018-08-27,288.86,57.6305,2018-09-04,True,2018-09-04,289.84,paired
BRIDGE_SPY_DISCLOSURE,SPY_BRIDGE,2018-07-11,277.15,58.1985,2018-09-07,True,2018-09-07,286.98,paired
BRIDGE_SPY_DISCLOSURE,SPY_BRIDGE,2018-08-14,282.92,57.133,2018-09-18,True,2018-09-18,289.58,paired
BRIDGE_SPY_DISCLOSURE,SPY_BRIDGE,2018-08-31,289.84,57.6384,2018-10-05,True,2018-10-05,289.69,paired
BRIDGE_SPY_DISCLOSURE,SPY_BRIDGE,2018-09-04,289.84,57.5963,2018-10-05,True,2018-10-05,289.69,paired
BRIDGE_SPY_DISCLOSURE,SPY_BRIDGE,2018-10-15,275.55,56.4214,2018-10-22,True,2018-10-22,277.0,paired
BRIDGE_SPY_DISCLOSURE,SPY_BRIDGE,2018-09-07,286.98,57.4619,2018-10-24,True,2018-10-24,273.33,paired
BRIDGE_SPY_DISCLOSURE,SPY_BRIDGE,2018-10-24,273.33,56.153,2018-11-02,True,2018-11-02,274.75,paired
BRIDGE_SPY_DISCLOSURE,SPY_BRIDGE,2018-09-04,289.84,57.5934,2018-11-07,True,2018-11-07,277.56,paired
BRIDGE_SPY_DISCLOSURE,SPY_BRIDGE,2018-08-28,290.3,57.7675,2018-11-12,True,2018-11-12,277.19,paired
BRIDGE_SPY_DISCLOSURE,SPY_BRIDGE,2018-10-05,289.69,57.2482,2018-11-12,True,2018-11-12,277.19,paired
BRIDGE_SPY_DISCLOSURE,SPY_BRIDGE,2018-11-07,277.56,57.0273,2018-11-12,True,2018-11-12,277.19,paired
BRIDGE_SPY_DISCLOSURE,SPY_BRIDGE,2018-08-17,283.83,57.3283,2018-11-13,True,2018-11-13,273.09,paired
BRIDGE_SPY_DISCLOSURE,SPY_BRIDGE,2018-10-05,289.69,57.2454,2018-11-13,True,2018-11-13,273.09,paired
BRIDGE_SPY_DISCLOSURE,SPY_BRIDGE,2018-08-02,279.39,58.088,2018-11-14,True,2018-11-14,274.16,paired
BRIDGE_SPY_DISCLOSURE,PBCT,2018-11-16,15.96,976.271,2018-11-19,False,2018-11-20,15.99,rollback
BRIDGE_SPY_DISCLOSURE,SPY_BRIDGE,2018-07-27,283.71,58.2913,2018-11-30,True,2018-11-30,273.81,paired
BRIDGE_SPY_DISCLOSURE,NWL,2018-02-08,29.38,519.5719,2018-12-04,False,2018-12-06,23.28,rollback
BRIDGE_SPY_DISCLOSURE,KLAC,2018-11-21,9.562,1609.327,2018-12-04,False,2018-12-06,9.421,rollback
BRIDGE_SPY_DISCLOSURE,SPY_BRIDGE,2018-10-22,277.0,56.4231,2018-12-06,True,2018-12-06,265.92,paired
BRIDGE_SPY_DISCLOSURE,SPY_BRIDGE,2018-11-02,274.75,56.503,2018-12-06,True,2018-12-06,265.92,paired
BRIDGE_SPY_DISCLOSURE,SPY_BRIDGE,2018-11-23,263.18,57.7941,2018-12-06,True,2018-12-06,265.92,paired
BRIDGE_SPY_DISCLOSURE,SPY_BRIDGE,2018-12-07,269.46,57.7145,2018-12-24,True,2018-12-24,239.04,paired
BRIDGE_SPY_DISCLOSURE,SPY_BRIDGE,2018-09-18,289.58,57.543,2019-01-10,True,2019-01-10,256.26,paired
BRIDGE_SPY_DISCLOSURE,FB,2018-12-07,139.25,111.6934,2019-01-11,False,2019-01-14,142.0,rollback
BRIDGE_SPY_DISCLOSURE,TXN,2018-11-21,97.75,157.4181,2019-01-14,False,2019-01-15,96.99,rollback
BRIDGE_SPY_DISCLOSURE,SPY_BRIDGE,2018-12-07,269.46,57.7116,2019-01-15,True,2019-01-15,257.82,paired
BRIDGE_SPY_DISCLOSURE,ANET,2018-12-07,14.8863,1044.7549,2019-01-16,False,2019-01-17,13.7369,rollback
BRIDGE_SPY_DISCLOSURE,SPY_BRIDGE,2018-11-27,266.34,58.0408,2019-01-17,True,2019-01-17,260.01,paired
BRIDGE_SPY_DISCLOSURE,SPY_BRIDGE,2019-01-14,256.86,57.1181,2019-01-24,True,2019-01-24,263.21,paired
BRIDGE_SPY_DISCLOSURE,WMB,2018-11-20,25.11,611.5674,2019-02-05,False,2019-02-06,27.15,rollback
BRIDGE_SPY_DISCLOSURE,ORLY,2019-01-15,22.75,648.1179,2019-02-06,False,2019-02-07,24.1067,rollback
BRIDGE_SPY_DISCLOSURE,SPY_BRIDGE,2018-08-07,285.39,57.6586,2019-02-07,True,2019-02-07,270.94,paired
BRIDGE_SPY_DISCLOSURE,SPY_BRIDGE,2019-01-28,263.39,56.8735,2019-02-12,True,2019-02-12,272.42,paired
BRIDGE_SPY_DISCLOSURE,SPY_BRIDGE,2019-01-25,265.61,57.0879,2019-02-19,True,2019-02-19,276.48,paired
BRIDGE_SPY_DISCLOSURE,SPY_BRIDGE,2019-02-08,268.75,57.5568,2019-02-21,True,2019-02-21,277.7,paired
BRIDGE_SPY_DISCLOSURE,SPY_BRIDGE,2019-02-08,268.75,57.5539,2019-02-22,True,2019-02-22,278.11,paired
BRIDGE_SPY_DISCLOSURE,SPY_BRIDGE,2018-11-27,266.34,58.0379,2019-02-26,True,2019-02-26,279.13,paired
BRIDGE_SPY_DISCLOSURE,SPY_BRIDGE,2019-02-11,271.2,57.4809,2019-03-05,True,2019-03-05,279.54,paired
BRIDGE_SPY_DISCLOSURE,BMY,2019-01-18,49.78,303.8747,2019-03-06,False,2019-03-07,52.7,rollback
BRIDGE_SPY_DISCLOSURE,SPY_BRIDGE,2018-12-07,269.46,57.7088,2019-03-07,True,2019-03-07,276.83,paired
BRIDGE_SPY_DISCLOSURE,SPY_BRIDGE,2019-02-26,279.13,57.1215,2019-03-20,True,2019-03-20,282.16,paired
BRIDGE_SPY_DISCLOSURE,SPY_BRIDGE,2019-02-13,275.03,57.6235,2019-03-21,True,2019-03-21,280.64,paired
BRIDGE_SPY_DISCLOSURE,SPY_BRIDGE,2019-02-06,272.79,57.3144,2019-03-25,True,2019-03-25,278.87,paired
BRIDGE_SPY_DISCLOSURE,SPY_BRIDGE,2019-03-20,282.16,56.6495,2019-03-25,True,2019-03-25,278.87,paired
BRIDGE_SPY_DISCLOSURE,SPY_BRIDGE,2019-03-08,272.94,56.0617,2019-03-27,True,2019-03-27,281.11,paired
BRIDGE_SPY_DISCLOSURE,SPY_BRIDGE,2019-03-27,281.11,56.304,2019-04-03,True,2019-04-03,287.32,paired
BRIDGE_SPY_DISCLOSURE,SPY_BRIDGE,2019-03-21,280.64,56.5747,2019-04-08,True,2019-04-08,288.1,paired
BRIDGE_SPY_DISCLOSURE,F,2019-03-27,8.75,1808.9595,2019-04-15,False,2019-04-16,9.32,rollback
BRIDGE_SPY_DISCLOSURE,SPY_BRIDGE,2019-03-27,281.11,56.3011,2019-04-16,True,2019-04-16,290.95,paired
BRIDGE_SPY_DISCLOSURE,BKNG,2019-01-18,69.8808,216.4561,2019-04-16,False,2019-04-17,73.9452,rollback
BRIDGE_SPY_DISCLOSURE,SPY_BRIDGE,2018-06-01,272.41,57.4575,2019-04-17,True,2019-04-17,291.4,paired
BRIDGE_SPY_DISCLOSURE,SPY_BRIDGE,2019-04-03,287.32,56.4053,2019-04-22,True,2019-04-22,289.17,paired
BRIDGE_SPY_DISCLOSURE,SPY_BRIDGE,2019-02-19,276.48,58.1375,2019-04-23,True,2019-04-23,290.68,paired
BRIDGE_SPY_DISCLOSURE,SPY_BRIDGE,2019-02-22,278.11,57.2938,2019-04-24,True,2019-04-24,292.79,paired
BRIDGE_SPY_DISCLOSURE,SPY_BRIDGE,2019-04-08,288.1,56.5536,2019-04-29,True,2019-04-29,293.51,paired
BRIDGE_SPY_DISCLOSURE,SPY_BRIDGE,2019-04-16,290.95,56.9323,2019-05-02,True,2019-05-02,291.68,paired
BRIDGE_SPY_DISCLOSURE,SPY_BRIDGE,2019-03-05,279.54,56.4332,2019-05-03,True,2019-05-03,292.82,paired
BRIDGE_SPY_DISCLOSURE,SPY_BRIDGE,2019-04-17,291.4,56.8543,2019-05-03,True,2019-05-03,292.82,paired
BRIDGE_SPY_DISCLOSURE,CVS,2019-01-24,65.5,228.9006,2019-05-03,False,2019-05-06,55.97,rollback
BRIDGE_SPY_DISCLOSURE,SPY_BRIDGE,2019-04-29,293.51,56.7626,2019-05-08,True,2019-05-08,287.53,paired
BRIDGE_SPY_DISCLOSURE,SPY_BRIDGE,2018-11-30,273.81,58.2898,2019-05-09,True,2019-05-09,285.23,paired
BRIDGE_SPY_DISCLOSURE,SPY_BRIDGE,2019-05-03,292.82,57.006,2019-05-20,True,2019-05-20,284.06,paired
BRIDGE_SPY_DISCLOSURE,SPY_BRIDGE,2019-02-21,277.7,57.5407,2019-06-03,True,2019-06-03,275.31,paired
BRIDGE_SPY_DISCLOSURE,AMD,2019-05-03,28.3,589.8704,2019-06-12,False,2019-06-13,32.39,rollback
BRIDGE_SPY_DISCLOSURE,SPY_BRIDGE,2019-05-03,292.82,57.0032,2019-06-13,True,2019-06-13,289.4,paired
BRIDGE_SPY_DISCLOSURE,SPY_BRIDGE,2019-05-20,284.06,56.469,2019-06-13,True,2019-06-13,289.4,paired
BRIDGE_SPY_DISCLOSURE,SPY_BRIDGE,2019-05-03,292.82,57.0003,2019-06-14,True,2019-06-14,289.26,paired
BRIDGE_SPY_DISCLOSURE,SPY_BRIDGE,2019-04-22,289.17,56.7231,2019-06-20,True,2019-06-20,296.04,paired
BRIDGE_SPY_DISCLOSURE,SPY_BRIDGE,2019-05-10,285.62,56.5283,2019-06-20,True,2019-06-20,296.04,paired
BRIDGE_SPY_DISCLOSURE,SPY_BRIDGE,2019-03-27,281.11,56.2983,2019-06-24,True,2019-06-24,294.23,paired
BRIDGE_SPY_DISCLOSURE,SPY_BRIDGE,2019-05-09,285.23,56.4634,2019-06-26,True,2019-06-26,291.75,paired
BRIDGE_SPY_DISCLOSURE,SPY_BRIDGE,2019-04-29,293.51,56.7598,2019-07-03,True,2019-07-03,297.18,paired
BRIDGE_SPY_DISCLOSURE,SPY_BRIDGE,2019-06-14,289.26,57.5226,2019-07-03,True,2019-07-03,297.18,paired
BRIDGE_SPY_DISCLOSURE,SPY_BRIDGE,2019-06-20,296.04,57.511,2019-07-08,True,2019-07-08,297.01,paired
BRIDGE_SPY_DISCLOSURE,JCI,2019-06-13,39.82,417.8497,2019-07-08,False,2019-07-09,41.66,rollback
BRIDGE_SPY_DISCLOSURE,SPY_BRIDGE,2019-06-13,289.4,57.4912,2019-07-09,True,2019-07-09,295.54,paired
BRIDGE_SPY_DISCLOSURE,SPY_BRIDGE,2019-06-27,291.31,57.6628,2019-07-09,True,2019-07-09,295.54,paired
BRIDGE_SPY_DISCLOSURE,SPY_BRIDGE,2019-07-03,297.18,57.9822,2019-07-22,True,2019-07-22,297.61,paired
BRIDGE_SPY_DISCLOSURE,SPY_BRIDGE,2019-07-08,297.01,58.0071,2019-07-26,True,2019-07-26,300.76,paired
BRIDGE_SPY_DISCLOSURE,SPY_BRIDGE,2019-07-03,297.18,57.9793,2019-07-31,True,2019-07-31,300.99,paired
BRIDGE_SPY_DISCLOSURE,SPY_BRIDGE,2019-07-10,298.37,57.9373,2019-08-06,True,2019-08-06,285.91,paired
BRIDGE_SPY_DISCLOSURE,SPY_BRIDGE,2019-06-27,291.31,57.6599,2019-08-09,True,2019-08-09,292.58,paired
BRIDGE_SPY_DISCLOSURE,SPY_BRIDGE,2019-07-31,300.99,57.9908,2019-08-13,True,2019-08-13,287.74,paired
BRIDGE_SPY_DISCLOSURE,SPY_BRIDGE,2019-07-26,300.76,57.9933,2019-08-15,True,2019-08-15,284.88,paired
BRIDGE_SPY_DISCLOSURE,SPY_BRIDGE,2019-08-07,284.4,57.3652,2019-08-15,True,2019-08-15,284.88,paired
BRIDGE_SPY_DISCLOSURE,SPY_BRIDGE,2019-08-19,292.19,57.3496,2019-08-26,True,2019-08-26,287.27,paired
BRIDGE_SPY_DISCLOSURE,SPY_BRIDGE,2019-06-14,289.26,57.5197,2019-09-11,True,2019-09-11,298.47,paired
BRIDGE_SPY_DISCLOSURE,SPY_BRIDGE,2019-08-14,288.07,57.4872,2019-09-16,True,2019-09-16,299.84,paired
BRIDGE_SPY_DISCLOSURE,SPY_BRIDGE,2019-04-24,292.79,56.7575,2019-09-17,True,2019-09-17,299.94,paired
BRIDGE_SPY_DISCLOSURE,SPY_BRIDGE,2019-06-20,296.04,57.5081,2019-09-17,True,2019-09-17,299.94,paired
BRIDGE_SPY_DISCLOSURE,SPY_BRIDGE,2019-06-05,282.33,56.8821,2019-09-20,True,2019-09-20,300.36,paired
BRIDGE_SPY_DISCLOSURE,SPY_BRIDGE,2019-08-19,292.19,57.3467,2019-09-23,True,2019-09-23,297.55,paired
BRIDGE_SPY_DISCLOSURE,SPY_BRIDGE,2019-07-22,297.61,57.8894,2019-09-24,True,2019-09-24,299.41,paired
BRIDGE_SPY_DISCLOSURE,SPY_BRIDGE,2019-09-26,297.63,57.1287,2019-10-17,True,2019-10-17,299.68,paired
BRIDGE_SPY_DISCLOSURE,SPY_BRIDGE,2019-04-23,290.68,56.724,2019-10-21,True,2019-10-21,299.42,paired
BRIDGE_SPY_DISCLOSURE,SPY_BRIDGE,2019-09-17,299.94,57.3834,2019-10-28,True,2019-10-28,302.94,paired
BRIDGE_SPY_DISCLOSURE,AMD,2019-09-17,31.07,554.017,2019-10-29,False,2019-10-30,32.93,rollback
BRIDGE_SPY_DISCLOSURE,SPY_BRIDGE,2019-06-28,292.58,57.6769,2019-10-30,True,2019-10-30,303.43,paired
BRIDGE_SPY_DISCLOSURE,SPY_BRIDGE,2019-10-17,299.68,57.3107,2019-10-31,True,2019-10-31,304.13,paired
BRIDGE_SPY_DISCLOSURE,FTNT,2019-09-17,15.98,1077.1245,2019-10-31,False,2019-11-01,17.732,rollback
BRIDGE_SPY_DISCLOSURE,SPY_BRIDGE,2019-08-09,292.58,57.6802,2019-11-01,True,2019-11-01,304.92,paired
BRIDGE_SPY_DISCLOSURE,SPY_BRIDGE,2019-09-17,299.94,57.3806,2019-11-01,True,2019-11-01,304.92,paired
BRIDGE_SPY_DISCLOSURE,SPY_BRIDGE,2019-09-23,297.55,57.1237,2019-11-04,True,2019-11-04,307.85,paired
BRIDGE_SPY_DISCLOSURE,XOM,2019-11-04,70.07,255.2072,2019-11-06,False,2019-11-07,72.03,rollback
BRIDGE_SPY_DISCLOSURE,MRO,2019-11-04,12.32,1451.4186,2019-11-06,False,2019-11-07,12.61,rollback
BRIDGE_SPY_DISCLOSURE,SPY_BRIDGE,2019-11-04,307.85,58.0821,2019-11-07,True,2019-11-07,308.57,paired
BRIDGE_SPY_DISCLOSURE,SPY_BRIDGE,2019-11-04,307.85,58.0792,2019-11-07,True,2019-11-07,308.57,paired
BRIDGE_SPY_DISCLOSURE,JNJ,2019-10-31,132.38,132.9426,2019-11-18,False,2019-11-19,135.0,rollback
BRIDGE_SPY_DISCLOSURE,SPY_BRIDGE,2019-07-09,295.54,57.8904,2019-11-19,True,2019-11-19,312.68,paired
BRIDGE_SPY_DISCLOSURE,SPY_BRIDGE,2019-10-28,302.94,57.8323,2019-11-21,True,2019-11-21,310.89,paired
BRIDGE_SPY_DISCLOSURE,SPY_BRIDGE,2019-10-21,299.42,57.2764,2019-12-06,True,2019-12-06,314.12,paired
BRIDGE_SPY_DISCLOSURE,SPY_BRIDGE,2019-11-21,310.89,58.2852,2019-12-16,True,2019-12-16,319.22,paired
BRIDGE_SPY_DISCLOSURE,F,2019-11-04,8.93,2002.6052,2019-12-17,False,2019-12-18,9.39,rollback
BRIDGE_SPY_DISCLOSURE,SPY_BRIDGE,2019-11-14,308.79,58.4733,2019-12-18,True,2019-12-18,320.0,paired
BRIDGE_SPY_DISCLOSURE,SPY_BRIDGE,2019-10-31,304.13,57.8636,2019-12-26,True,2019-12-26,321.65,paired
BRIDGE_SPY_DISCLOSURE,SPY_BRIDGE,2019-12-05,312.23,58.3745,2019-12-27,True,2019-12-27,323.74,paired
BRIDGE_SPY_DISCLOSURE,SPY_BRIDGE,2019-11-19,312.68,58.4936,2019-12-30,True,2019-12-30,322.95,paired
BRIDGE_SPY_DISCLOSURE,SPY_BRIDGE,2019-12-18,320.0,58.8676,2019-12-30,True,2019-12-30,322.95,paired
BRIDGE_SPY_DISCLOSURE,SPY_BRIDGE,2019-09-05,296.79,57.3215,2020-01-02,True,2020-01-02,323.54,paired
BRIDGE_SPY_DISCLOSURE,SPY_BRIDGE,2019-11-04,307.85,58.0763,2020-01-03,True,2020-01-03,321.16,paired
BRIDGE_SPY_DISCLOSURE,SPY_BRIDGE,2020-01-02,323.54,58.8091,2020-01-23,True,2020-01-23,330.63,paired
BRIDGE_SPY_DISCLOSURE,SPY_BRIDGE,2020-01-03,321.16,58.6863,2020-01-28,True,2020-01-28,325.06,paired
BRIDGE_SPY_DISCLOSURE,SPY_BRIDGE,2019-12-06,314.12,58.4271,2020-02-10,True,2020-02-10,331.23,paired
BRIDGE_SPY_DISCLOSURE,SPY_BRIDGE,2019-11-08,307.8,58.3376,2020-02-18,True,2020-02-18,336.51,paired
BRIDGE_SPY_DISCLOSURE,SPY_BRIDGE,2019-12-30,322.95,58.8514,2020-02-19,True,2020-02-19,337.79,paired
BRIDGE_SPY_DISCLOSURE,WMT,2019-11-07,40.0,450.1728,2020-02-19,False,2020-02-20,39.07,rollback
BRIDGE_SPY_DISCLOSURE,SPY_BRIDGE,2019-11-07,308.57,58.3531,2020-02-20,True,2020-02-20,337.74,paired
BRIDGE_SPY_DISCLOSURE,SPY_BRIDGE,2020-02-10,331.23,58.7978,2020-02-24,True,2020-02-24,323.14,paired
BRIDGE_SPY_DISCLOSURE,SPY_BRIDGE,2020-02-20,337.74,59.0333,2020-03-17,True,2020-03-17,245.04,paired
BRIDGE_SPY_DISCLOSURE,SPY_BRIDGE,2019-09-26,297.63,57.1259,2020-04-08,True,2020-04-08,267.96,paired
BRIDGE_SPY_DISCLOSURE,F,2020-04-09,5.51,2851.2604,2020-04-13,False,2020-04-14,5.27,rollback
BRIDGE_SPY_DISCLOSURE,SPY_BRIDGE,2019-12-26,321.65,58.8166,2020-04-14,True,2020-04-14,280.98,paired
BRIDGE_SPY_DISCLOSURE,SPY_BRIDGE,2020-01-02,323.54,58.8061,2020-04-14,True,2020-04-14,280.98,paired
BRIDGE_SPY_DISCLOSURE,SPY_BRIDGE,2020-04-09,277.58,56.5951,2020-04-14,True,2020-04-14,280.98,paired
BRIDGE_SPY_DISCLOSURE,SPY_BRIDGE,2019-12-17,319.92,58.8446,2020-04-15,True,2020-04-15,277.57,paired
BRIDGE_SPY_DISCLOSURE,SPY_BRIDGE,2019-12-27,323.74,58.8959,2020-04-15,True,2020-04-15,277.57,paired
BRIDGE_SPY_DISCLOSURE,SPY_BRIDGE,2020-04-09,277.58,56.5922,2020-04-15,True,2020-04-15,277.57,paired
BRIDGE_SPY_DISCLOSURE,SPY_BRIDGE,2020-01-29,328.38,58.7576,2020-04-21,True,2020-04-21,276.73,paired
BRIDGE_SPY_DISCLOSURE,SPY_BRIDGE,2020-01-23,330.63,58.8921,2020-04-22,True,2020-04-22,278.35,paired
BRIDGE_SPY_DISCLOSURE,SPY_BRIDGE,2020-02-20,337.74,59.0303,2020-04-22,True,2020-04-22,278.35,paired
BRIDGE_SPY_DISCLOSURE,GILD,2020-04-17,85.17,187.2606,2020-04-28,False,2020-04-29,83.97,rollback
BRIDGE_SPY_DISCLOSURE,TWTR,2020-04-23,28.43,540.7818,2020-04-28,False,2020-04-29,30.06,rollback
BRIDGE_SPY_DISCLOSURE,CCL,2020-04-15,11.88,1320.9056,2020-04-30,False,2020-05-01,14.9,rollback
BRIDGE_SPY_DISCLOSURE,SPY_BRIDGE,2020-04-24,280.73,55.1908,2020-05-01,True,2020-05-01,285.31,paired
BRIDGE_SPY_DISCLOSURE,HBAN,2020-04-23,7.87,1953.3531,2020-05-01,False,2020-05-04,8.34,rollback
BRIDGE_SPY_DISCLOSURE,SYF,2020-04-23,16.06,957.1682,2020-05-01,False,2020-05-04,17.95,rollback
BRIDGE_SPY_DISCLOSURE,SPY_BRIDGE,2019-12-18,320.0,58.8646,2020-05-04,True,2020-05-04,280.74,paired
BRIDGE_SPY_DISCLOSURE,SPY_BRIDGE,2020-02-19,337.79,59.1455,2020-05-06,True,2020-05-06,288.04,paired
BRIDGE_SPY_DISCLOSURE,SPY_BRIDGE,2020-05-11,290.34,56.9635,2020-05-20,True,2020-05-20,295.82,paired
BRIDGE_SPY_DISCLOSURE,AMAT,2020-05-08,52.41,312.2418,2020-05-21,False,2020-05-22,55.02,rollback
BRIDGE_SPY_DISCLOSURE,SPY_BRIDGE,2020-04-30,291.71,60.9363,2020-05-27,True,2020-05-27,302.12,paired
BRIDGE_SPY_DISCLOSURE,AAL,2020-04-15,12.52,1253.3207,2020-05-28,False,2020-05-29,10.48,rollback
BRIDGE_SPY_DISCLOSURE,BAC,2020-05-11,23.11,715.726,2020-05-28,False,2020-05-29,24.42,rollback
BRIDGE_SPY_DISCLOSURE,SPY_BRIDGE,2020-05-11,290.34,56.9606,2020-05-29,True,2020-05-29,302.46,paired
BRIDGE_SPY_DISCLOSURE,F,2020-05-11,5.18,3193.2926,2020-05-29,False,2020-06-01,5.73,rollback
BRIDGE_SPY_DISCLOSURE,SPY_BRIDGE,2020-05-22,294.57,56.8615,2020-06-01,True,2020-06-01,303.62,paired
BRIDGE_SPY_DISCLOSURE,SPY_BRIDGE,2020-05-29,302.46,57.2862,2020-06-02,True,2020-06-02,306.55,paired
BRIDGE_SPY_DISCLOSURE,SPY_BRIDGE,2020-04-24,280.73,55.188,2020-06-10,True,2020-06-10,321.42,paired
BRIDGE_SPY_DISCLOSURE,SPY_BRIDGE,2020-04-29,291.53,59.9715,2020-06-10,True,2020-06-10,321.42,paired
BRIDGE_SPY_DISCLOSURE,SPY_BRIDGE,2020-06-02,306.55,57.2899,2020-06-10,True,2020-06-10,321.42,paired
BRIDGE_SPY_DISCLOSURE,SLB,2020-04-23,15.85,969.9468,2020-06-10,False,2020-06-11,19.12,rollback
BRIDGE_SPY_DISCLOSURE,OXY,2020-04-24,14.18,1092.6996,2020-06-10,False,2020-06-11,17.84,rollback
BRIDGE_SPY_DISCLOSURE,SPY_BRIDGE,2020-05-19,294.35,56.743,2020-06-11,True,2020-06-11,311.46,paired
BRIDGE_SPY_DISCLOSURE,SPY_BRIDGE,2020-05-27,302.12,59.275,2020-06-11,True,2020-06-11,311.46,paired
BRIDGE_SPY_DISCLOSURE,SPY_BRIDGE,2020-06-02,306.55,57.2871,2020-06-11,True,2020-06-11,311.46,paired
BRIDGE_SPY_DISCLOSURE,LRCX,2020-05-11,26.247,630.1521,2020-06-11,False,2020-06-12,29.2803,rollback
BRIDGE_SPY_DISCLOSURE,SPY_BRIDGE,2020-05-20,295.82,56.8022,2020-06-12,True,2020-06-12,308.24,paired
BRIDGE_SPY_DISCLOSURE,SPY_BRIDGE,2020-06-02,306.55,57.2842,2020-06-12,True,2020-06-12,308.24,paired
BRIDGE_SPY_DISCLOSURE,CRM,2020-06-11,176.64,104.274,2020-06-23,False,2020-06-24,187.51,rollback
BRIDGE_SPY_DISCLOSURE,SPY_BRIDGE,2020-06-10,321.42,61.6076,2020-06-25,True,2020-06-25,303.47,paired
BRIDGE_SPY_DISCLOSURE,ORCL,2020-06-19,54.21,342.2154,2020-07-13,False,2020-07-14,56.67,rollback
BRIDGE_SPY_DISCLOSURE,SPY_BRIDGE,2020-06-23,313.49,58.8375,2020-07-14,True,2020-07-14,313.3,paired
BRIDGE_SPY_DISCLOSURE,SPY_BRIDGE,2020-05-29,302.46,57.2834,2020-07-15,True,2020-07-15,322.41,paired
BRIDGE_SPY_DISCLOSURE,F,2020-07-15,6.54,2843.349,2020-07-17,False,2020-07-20,6.8,rollback
BRIDGE_SPY_DISCLOSURE,SPY_BRIDGE,2020-07-15,322.41,57.6737,2020-07-20,True,2020-07-20,321.43,paired
BRIDGE_SPY_DISCLOSURE,SPY_BRIDGE,2020-07-15,322.41,57.6708,2020-07-24,True,2020-07-24,320.95,paired
BRIDGE_SPY_DISCLOSURE,SPY_BRIDGE,2020-07-29,322.12,60.6558,2020-08-13,True,2020-08-13,336.61,paired
BRIDGE_SPY_DISCLOSURE,AMD,2020-06-16,55.72,332.6842,2020-08-17,False,2020-08-18,82.8,rollback
BRIDGE_SPY_DISCLOSURE,SPY_BRIDGE,2020-06-10,321.42,61.6045,2020-08-18,True,2020-08-18,338.34,paired
BRIDGE_SPY_DISCLOSURE,SPY_BRIDGE,2020-08-13,336.61,62.3901,2020-08-19,True,2020-08-19,339.05,paired
BRIDGE_SPY_DISCLOSURE,SPY_BRIDGE,2020-08-19,339.05,62.2492,2020-08-21,True,2020-08-21,337.92,paired
BRIDGE_SPY_DISCLOSURE,SPY_BRIDGE,2020-07-20,321.43,58.1614,2020-09-01,True,2020-09-01,350.21,paired
BRIDGE_SPY_DISCLOSURE,SPY_BRIDGE,2020-08-18,338.34,62.2672,2020-09-01,True,2020-09-01,350.21,paired
BRIDGE_SPY_DISCLOSURE,SPY_BRIDGE,2020-08-18,338.34,62.264,2020-09-04,True,2020-09-04,346.13,paired
BRIDGE_SPY_DISCLOSURE,SPY_BRIDGE,2020-08-21,337.92,61.6429,2020-09-04,True,2020-09-04,346.13,paired
BRIDGE_SPY_DISCLOSURE,SPY_BRIDGE,2020-09-04,346.13,61.5148,2020-09-21,True,2020-09-21,325.7,paired
BRIDGE_SPY_DISCLOSURE,SPY_BRIDGE,2020-09-21,325.7,60.0236,2020-09-25,True,2020-09-25,322.58,paired
BRIDGE_SPY_DISCLOSURE,SPY_BRIDGE,2020-06-10,321.42,61.6015,2020-10-15,True,2020-10-15,343.71,paired
BRIDGE_SPY_DISCLOSURE,SPY_BRIDGE,2020-09-25,322.58,59.0214,2020-10-19,True,2020-10-19,348.65,paired
BRIDGE_SPY_DISCLOSURE,SPY_BRIDGE,2020-07-15,322.41,57.6679,2020-11-09,True,2020-11-09,363.97,paired
BRIDGE_SPY_DISCLOSURE,SPY_BRIDGE,2020-06-26,306.16,57.7159,2020-11-11,True,2020-11-11,356.4,paired
BRIDGE_SPY_DISCLOSURE,SPY_BRIDGE,2020-07-28,322.43,59.9255,2020-11-11,True,2020-11-11,356.4,paired
BRIDGE_SPY_DISCLOSURE,SPY_BRIDGE,2020-09-08,336.71,61.0343,2020-11-13,True,2020-11-13,355.27,paired
BRIDGE_SPY_DISCLOSURE,SPY_BRIDGE,2020-11-11,356.4,61.1209,2020-11-17,True,2020-11-17,359.97,paired
BRIDGE_SPY_DISCLOSURE,SPY_BRIDGE,2020-10-15,343.71,59.3626,2020-11-19,True,2020-11-19,355.6,paired
BRIDGE_SPY_DISCLOSURE,MRO,2020-06-19,6.7,2769.0187,2020-11-25,False,2020-11-27,6.46,rollback
BRIDGE_SPY_DISCLOSURE,SPY_BRIDGE,2020-06-19,314.17,59.0433,2020-11-27,True,2020-11-27,363.84,paired
BRIDGE_SPY_DISCLOSURE,SPY_BRIDGE,2020-11-11,356.4,61.1178,2020-11-27,True,2020-11-27,363.84,paired
BRIDGE_SPY_DISCLOSURE,SPY_BRIDGE,2020-11-16,360.98,61.3794,2020-11-30,True,2020-11-30,362.83,paired
BRIDGE_SPY_DISCLOSURE,SPY_BRIDGE,2020-09-01,350.21,61.6224,2020-12-02,True,2020-12-02,364.82,paired
BRIDGE_SPY_DISCLOSURE,SPY_BRIDGE,2020-11-30,362.83,63.048,2020-12-09,True,2020-12-09,370.88,paired
BRIDGE_SPY_DISCLOSURE,SPY_BRIDGE,2020-10-19,348.65,59.3313,2021-01-05,True,2021-01-05,368.1,paired
BRIDGE_SPY_DISCLOSURE,SPY_BRIDGE,2020-11-27,363.84,63.1796,2021-01-12,True,2021-01-12,378.89,paired
BRIDGE_SPY_DISCLOSURE,SPY_BRIDGE,2020-06-01,303.62,56.9684,2021-01-14,True,2021-01-14,380.59,paired
BRIDGE_SPY_DISCLOSURE,SPY_BRIDGE,2020-09-01,350.21,61.6193,2021-01-14,True,2021-01-14,380.59,paired
BRIDGE_SPY_DISCLOSURE,SPY_BRIDGE,2020-11-20,357.5,61.8737,2021-01-14,True,2021-01-14,380.59,paired
BRIDGE_SPY_DISCLOSURE,SPY_BRIDGE,2020-12-16,369.82,64.1059,2021-01-14,True,2021-01-14,380.59,paired
BRIDGE_SPY_DISCLOSURE,SPY_BRIDGE,2021-01-14,380.59,64.9145,2021-01-28,True,2021-01-28,376.36,paired
BRIDGE_SPY_DISCLOSURE,SPY_BRIDGE,2021-01-14,380.59,64.9113,2021-01-28,True,2021-01-28,376.36,paired
BRIDGE_SPY_DISCLOSURE,AAPL,2021-01-14,130.8,188.8919,2021-01-28,False,2021-01-29,135.83,rollback
BRIDGE_SPY_DISCLOSURE,SPY_BRIDGE,2020-11-09,363.97,60.7198,2021-02-01,True,2021-02-01,373.72,paired
BRIDGE_SPY_DISCLOSURE,SPY_BRIDGE,2020-12-02,364.82,62.8927,2021-02-01,True,2021-02-01,373.72,paired
BRIDGE_SPY_DISCLOSURE,SPY_BRIDGE,2020-11-18,360.91,61.8258,2021-02-10,True,2021-02-10,392.12,paired
BRIDGE_SPY_DISCLOSURE,SPY_BRIDGE,2021-02-02,379.65,63.9446,2021-02-10,True,2021-02-10,392.12,paired
BRIDGE_SPY_DISCLOSURE,SPY_BRIDGE,2021-02-03,382.44,63.8616,2021-02-10,True,2021-02-10,392.12,paired
BRIDGE_SPY_DISCLOSURE,SPY_BRIDGE,2021-01-29,375.63,63.8979,2021-02-16,True,2021-02-16,393.96,paired
BRIDGE_SPY_DISCLOSURE,SPY_BRIDGE,2021-01-12,378.89,64.6306,2021-02-18,True,2021-02-18,389.59,paired
BRIDGE_SPY_DISCLOSURE,SPY_BRIDGE,2021-02-12,389.85,64.5387,2021-02-23,True,2021-02-23,384.66,paired
BRIDGE_SPY_DISCLOSURE,SPY_BRIDGE,2021-01-15,376.72,64.7061,2021-02-26,True,2021-02-26,384.35,paired
BRIDGE_SPY_DISCLOSURE,SPY_BRIDGE,2021-02-16,393.96,65.0413,2021-02-26,True,2021-02-26,384.35,paired
BRIDGE_SPY_DISCLOSURE,SPY_BRIDGE,2021-02-18,389.59,64.8146,2021-02-26,True,2021-02-26,384.35,paired
BRIDGE_SPY_DISCLOSURE,SPY_BRIDGE,2021-01-29,375.63,63.8947,2021-03-03,True,2021-03-03,385.79,paired
BRIDGE_SPY_DISCLOSURE,SPY_BRIDGE,2021-01-28,376.36,63.8663,2021-03-05,True,2021-03-05,380.46,paired
BRIDGE_SPY_DISCLOSURE,SPY_BRIDGE,2020-06-29,301.41,57.563,2021-03-17,True,2021-03-17,394.53,paired
BRIDGE_SPY_DISCLOSURE,SPY_BRIDGE,2021-03-02,389.82,65.3962,2021-03-30,True,2021-03-30,394.42,paired
BRIDGE_SPY_DISCLOSURE,SPY_BRIDGE,2021-01-05,368.1,63.735,2021-03-31,True,2021-03-31,395.34,paired
BRIDGE_SPY_DISCLOSURE,SPY_BRIDGE,2021-02-11,391.24,64.8134,2021-04-06,True,2021-04-06,405.76,paired
BRIDGE_SPY_DISCLOSURE,SPY_BRIDGE,2020-12-14,368.64,64.144,2021-04-07,True,2021-04-07,405.94,paired
BRIDGE_SPY_DISCLOSURE,SPY_BRIDGE,2021-03-03,385.79,65.1347,2021-04-08,True,2021-04-08,407.93,paired
BRIDGE_SPY_DISCLOSURE,SPY_BRIDGE,2021-03-02,389.82,65.3929,2021-04-13,True,2021-04-13,411.53,paired
BRIDGE_SPY_DISCLOSURE,SPY_BRIDGE,2021-03-02,389.82,65.3896,2021-04-14,True,2021-04-14,412.83,paired
BRIDGE_SPY_DISCLOSURE,SPY_BRIDGE,2021-04-07,405.94,64.7224,2021-04-15,True,2021-04-15,413.74,paired
BRIDGE_SPY_DISCLOSURE,SPY_BRIDGE,2020-11-27,363.84,63.1764,2021-04-20,True,2021-04-20,413.91,paired
BRIDGE_SPY_DISCLOSURE,SPY_BRIDGE,2021-03-17,394.53,65.1856,2021-04-21,True,2021-04-21,411.51,paired
BRIDGE_SPY_DISCLOSURE,SPY_BRIDGE,2021-03-31,395.34,64.8143,2021-04-21,True,2021-04-21,411.51,paired
BRIDGE_SPY_DISCLOSURE,SPY_BRIDGE,2021-04-14,412.83,64.5812,2021-05-03,True,2021-05-03,419.43,paired
BRIDGE_SPY_DISCLOSURE,MDLZ,2021-04-21,59.37,441.8542,2021-05-04,False,2021-05-05,60.94,rollback
BRIDGE_SPY_DISCLOSURE,SPY_BRIDGE,2021-04-21,411.51,63.7447,2021-05-05,True,2021-05-05,417.38,paired
BRIDGE_SPY_DISCLOSURE,SPY_BRIDGE,2021-04-20,413.91,64.4107,2021-05-06,True,2021-05-06,415.83,paired
BRIDGE_SPY_DISCLOSURE,SPY_BRIDGE,2021-05-03,419.43,64.3589,2021-05-10,True,2021-05-10,422.5,paired
BRIDGE_SPY_DISCLOSURE,SPY_BRIDGE,2021-04-13,411.53,64.5878,2021-05-11,True,2021-05-11,413.1,paired
BRIDGE_SPY_DISCLOSURE,HAL,2020-06-19,13.78,1346.1953,2021-05-11,False,2021-05-12,22.63,rollback
BRIDGE_SPY_DISCLOSURE,SPY_BRIDGE,2021-02-23,384.66,64.9766,2021-05-12,True,2021-05-12,411.23,paired
BRIDGE_SPY_DISCLOSURE,SPY_BRIDGE,2021-04-08,407.93,64.6467,2021-05-12,True,2021-05-12,411.23,paired
BRIDGE_SPY_DISCLOSURE,SPY_BRIDGE,2021-04-15,413.74,64.8541,2021-05-12,True,2021-05-12,411.23,paired
BRIDGE_SPY_DISCLOSURE,SPY_BRIDGE,2021-02-16,393.96,65.0381,2021-05-14,True,2021-05-14,413.21,paired
BRIDGE_SPY_DISCLOSURE,MRK,2021-05-06,77.44,348.7235,2021-05-18,False,2021-05-19,78.925,rollback
BRIDGE_SPY_DISCLOSURE,SPY_BRIDGE,2021-05-06,415.83,64.9395,2021-05-19,True,2021-05-19,406.92,paired
BRIDGE_SPY_DISCLOSURE,BMY,2021-05-14,65.2,412.686,2021-05-25,False,2021-05-26,66.72,rollback
BRIDGE_SPY_DISCLOSURE,SPY_BRIDGE,2021-05-20,411.8,65.9927,2021-06-01,True,2021-06-01,422.57,paired
BRIDGE_SPY_DISCLOSURE,AAL,2021-05-17,22.32,1207.978,2021-06-03,False,2021-06-04,25.13,rollback
BRIDGE_SPY_DISCLOSURE,CCL,2021-05-17,27.3,987.5722,2021-06-03,False,2021-06-04,30.92,rollback
BRIDGE_SPY_DISCLOSURE,SPY_BRIDGE,2021-05-19,406.92,65.6231,2021-06-04,True,2021-06-04,420.75,paired
BRIDGE_SPY_DISCLOSURE,SPY_BRIDGE,2021-05-10,422.5,65.3644,2021-06-08,True,2021-06-08,423.11,paired
BRIDGE_SPY_DISCLOSURE,SPY_BRIDGE,2021-05-26,418.87,66.2378,2021-06-11,True,2021-06-11,424.2,paired
BRIDGE_SPY_DISCLOSURE,SPY_BRIDGE,2021-06-07,422.59,67.1542,2021-06-14,True,2021-06-14,424.43,paired
BRIDGE_SPY_DISCLOSURE,SPY_BRIDGE,2021-04-06,405.76,64.7724,2021-06-15,True,2021-06-15,425.42,paired
BRIDGE_SPY_DISCLOSURE,SPY_BRIDGE,2021-05-11,413.1,64.9842,2021-06-15,True,2021-06-15,425.42,paired
BRIDGE_SPY_DISCLOSURE,SPY_BRIDGE,2021-06-16,424.63,67.001,2021-06-24,True,2021-06-24,424.89,paired
BRIDGE_SPY_DISCLOSURE,SPY_BRIDGE,2021-06-09,423.18,66.9641,2021-06-25,True,2021-06-25,425.9,paired
BRIDGE_SPY_DISCLOSURE,SPY_BRIDGE,2021-06-11,424.2,67.0322,2021-07-02,True,2021-07-02,431.67,paired
BRIDGE_SPY_DISCLOSURE,SPY_BRIDGE,2021-04-22,415.89,63.9364,2021-07-08,True,2021-07-08,428.78,paired
BRIDGE_SPY_DISCLOSURE,SPY_BRIDGE,2021-06-15,425.42,67.1673,2021-07-08,True,2021-07-08,428.78,paired
BRIDGE_SPY_DISCLOSURE,SPY_BRIDGE,2021-06-01,422.57,67.0586,2021-07-16,True,2021-07-16,436.01,paired
BRIDGE_SPY_DISCLOSURE,SPY_BRIDGE,2021-07-16,436.01,67.0734,2021-07-23,True,2021-07-23,437.52,paired
BRIDGE_SPY_DISCLOSURE,SPY_BRIDGE,2021-07-23,437.52,67.0128,2021-07-28,True,2021-07-28,439.68,paired
BRIDGE_SPY_DISCLOSURE,SPY_BRIDGE,2021-06-16,424.63,66.9977,2021-08-06,True,2021-08-06,442.1,paired
BRIDGE_SPY_DISCLOSURE,SPY_BRIDGE,2021-07-09,432.53,67.0367,2021-08-13,True,2021-08-13,445.59,paired
BRIDGE_SPY_DISCLOSURE,SPY_BRIDGE,2021-07-02,431.67,67.5531,2021-08-18,True,2021-08-18,442.96,paired
BRIDGE_SPY_DISCLOSURE,WMT,2021-05-19,46.9033,569.3847,2021-08-18,False,2021-08-19,49.4433,rollback
BRIDGE_SPY_DISCLOSURE,SPY_BRIDGE,2021-06-07,422.59,67.1508,2021-08-20,True,2021-08-20,440.23,paired
BRIDGE_SPY_DISCLOSURE,SPY_BRIDGE,2021-05-07,419.89,64.8602,2021-09-01,True,2021-09-01,452.56,paired
BRIDGE_SPY_DISCLOSURE,SPY_BRIDGE,2021-06-24,424.89,66.8296,2021-09-02,True,2021-09-02,453.32,paired
BRIDGE_SPY_DISCLOSURE,SPY_BRIDGE,2021-06-08,423.11,67.0368,2021-09-08,True,2021-09-08,450.89,paired
BRIDGE_SPY_DISCLOSURE,SPY_BRIDGE,2021-08-13,445.59,67.3208,2021-09-09,True,2021-09-09,450.7,paired
BRIDGE_SPY_DISCLOSURE,SPY_BRIDGE,2021-08-20,440.23,67.1048,2021-09-09,True,2021-09-09,450.7,paired
BRIDGE_SPY_DISCLOSURE,SPY_BRIDGE,2021-08-06,442.1,67.3759,2021-09-14,True,2021-09-14,448.12,paired
BRIDGE_SPY_DISCLOSURE,SPY_BRIDGE,2021-08-23,445.16,67.1651,2021-09-29,True,2021-09-29,435.19,paired
BRIDGE_SPY_DISCLOSURE,SPY_BRIDGE,2021-09-08,450.89,67.4817,2021-09-29,True,2021-09-29,435.19,paired
BRIDGE_SPY_DISCLOSURE,SPY_BRIDGE,2021-09-14,448.12,67.1823,2021-09-30,True,2021-09-30,436.02,paired
BRIDGE_SPY_DISCLOSURE,SPY_BRIDGE,2021-09-30,436.02,66.7775,2021-10-15,True,2021-10-15,444.75,paired
BRIDGE_SPY_DISCLOSURE,SPY_BRIDGE,2021-08-24,447.97,67.2817,2021-10-20,True,2021-10-20,451.13,paired
BRIDGE_SPY_DISCLOSURE,SPY_BRIDGE,2021-09-09,450.7,67.3732,2021-10-22,True,2021-10-22,453.13,paired
BRIDGE_SPY_DISCLOSURE,SPY_BRIDGE,2021-10-22,453.13,66.8721,2021-11-01,True,2021-11-01,460.3,paired
BRIDGE_SPY_DISCLOSURE,SPY_BRIDGE,2021-09-01,452.56,67.566,2021-11-09,True,2021-11-09,469.32,paired
BRIDGE_SPY_DISCLOSURE,SPY_BRIDGE,2021-09-29,435.19,66.7862,2021-11-09,True,2021-11-09,469.32,paired
BRIDGE_SPY_DISCLOSURE,SPY_BRIDGE,2021-10-20,451.13,66.9939,2021-11-09,True,2021-11-09,469.32,paired
BRIDGE_SPY_DISCLOSURE,SPY_BRIDGE,2021-11-02,460.22,66.9691,2021-11-09,True,2021-11-09,469.32,paired
BRIDGE_SPY_DISCLOSURE,SPY_BRIDGE,2021-07-28,439.68,67.1399,2021-11-11,True,2021-11-11,465.21,paired
BRIDGE_SPY_DISCLOSURE,SPY_BRIDGE,2021-06-25,425.9,67.07,2021-11-17,True,2021-11-17,469.0,paired
BRIDGE_SPY_DISCLOSURE,SPY_BRIDGE,2021-10-15,444.75,66.92,2021-11-29,True,2021-11-29,464.07,paired
BRIDGE_SPY_DISCLOSURE,INTC,2021-11-09,51.54,610.3831,2021-12-08,False,2021-12-09,51.3,rollback
BRIDGE_SPY_DISCLOSURE,SPY_BRIDGE,2021-11-09,469.32,67.028,2021-12-09,True,2021-12-09,468.15,paired
BRIDGE_SPY_DISCLOSURE,SPY_BRIDGE,2021-11-30,462.0,66.2016,2021-12-14,True,2021-12-14,463.09,paired
BRIDGE_SPY_DISCLOSURE,SPY_BRIDGE,2021-12-14,463.09,66.0991,2021-12-17,True,2021-12-17,461.55,paired
BRIDGE_SPY_DISCLOSURE,SPY_BRIDGE,2021-09-09,450.7,67.3699,2021-12-20,True,2021-12-20,454.48,paired
BRIDGE_SPY_DISCLOSURE,SPY_BRIDGE,2021-11-10,465.58,66.9424,2021-12-29,True,2021-12-29,476.98,paired
BRIDGE_SPY_DISCLOSURE,SPY_BRIDGE,2021-07-08,428.78,66.9824,2021-12-30,True,2021-12-30,477.93,paired
BRIDGE_SPY_DISCLOSURE,SPY_BRIDGE,2021-12-29,476.98,66.3125,2022-01-06,True,2022-01-06,467.89,paired
BRIDGE_SPY_DISCLOSURE,SPY_BRIDGE,2021-12-20,454.48,65.816,2022-01-12,True,2022-01-12,471.59,paired
BRIDGE_SPY_DISCLOSURE,SPY_BRIDGE,2021-11-11,465.21,66.9116,2022-01-19,True,2022-01-19,458.13,paired
BRIDGE_SPY_DISCLOSURE,SPY_BRIDGE,2021-11-10,465.58,66.9391,2022-01-21,True,2022-01-21,445.56,paired
BRIDGE_SPY_DISCLOSURE,SPY_BRIDGE,2021-09-30,436.02,66.7742,2022-01-24,True,2022-01-24,432.03,paired
BRIDGE_SPY_DISCLOSURE,SPY_BRIDGE,2021-12-17,461.55,66.0468,2022-01-24,True,2022-01-24,432.03,paired
BRIDGE_SPY_DISCLOSURE,SPY_BRIDGE,2022-01-12,471.59,66.9467,2022-01-28,True,2022-01-28,432.68,paired
BRIDGE_SPY_DISCLOSURE,GPS,2022-01-26,17.88,1621.2879,2022-02-01,False,2022-02-02,18.46,index_drop
BRIDGE_SPY_DISCLOSURE,SPY_BRIDGE,2021-12-31,475.64,66.428,2022-02-03,True,2022-02-03,450.95,paired
BRIDGE_SPY_DISCLOSURE,SPY_BRIDGE,2022-02-02,455.5,66.5528,2022-02-08,True,2022-02-08,446.73,paired
BRIDGE_SPY_DISCLOSURE,SPY_BRIDGE,2022-01-10,462.7,66.9072,2022-02-11,True,2022-02-11,449.41,paired
BRIDGE_SPY_DISCLOSURE,MS,2022-01-28,99.1,286.344,2022-02-11,False,2022-02-14,104.03,rollback
BRIDGE_SPY_DISCLOSURE,SPY_BRIDGE,2022-02-08,446.73,66.6235,2022-02-14,True,2022-02-14,439.92,paired
BRIDGE_SPY_DISCLOSURE,VIAC,2021-05-19,39.43,677.2683,2022-02-16,False,2022-02-16,29.58,delisted
BRIDGE_SPY_DISCLOSURE,SPY_BRIDGE,2021-05-19,406.92,65.6198,2022-02-17,True,2022-02-17,443.22,paired
BRIDGE_SPY_DISCLOSURE,SPY_BRIDGE,2022-01-28,432.68,65.5803,2022-02-22,True,2022-02-22,431.89,paired
BRIDGE_SPY_DISCLOSURE,SPY_BRIDGE,2022-02-14,439.92,66.8159,2022-03-01,True,2022-03-01,435.04,paired
BRIDGE_SPY_DISCLOSURE,SPY_BRIDGE,2022-02-14,439.92,66.8125,2022-03-08,True,2022-03-08,419.62,paired
BRIDGE_SPY_DISCLOSURE,SPY_BRIDGE,2022-02-23,432.66,65.5721,2022-03-08,True,2022-03-08,419.62,paired
BRIDGE_SPY_DISCLOSURE,SPY_BRIDGE,2022-01-28,432.68,65.577,2022-03-09,True,2022-03-09,425.14,paired
BRIDGE_SPY_DISCLOSURE,SPY_BRIDGE,2022-01-28,432.68,65.5737,2022-03-09,True,2022-03-09,425.14,paired
BRIDGE_SPY_DISCLOSURE,SPY_BRIDGE,2022-02-17,443.22,65.9268,2022-03-09,True,2022-03-09,425.14,paired
BRIDGE_SPY_DISCLOSURE,SPY_BRIDGE,2022-03-08,419.62,65.1568,2022-03-10,True,2022-03-10,422.52,paired
BRIDGE_SPY_DISCLOSURE,SPY_BRIDGE,2022-02-14,439.92,66.8092,2022-03-14,True,2022-03-14,420.89,paired
BRIDGE_SPY_DISCLOSURE,SPY_BRIDGE,2022-03-02,432.37,65.5932,2022-03-15,True,2022-03-15,419.77,paired
BRIDGE_SPY_DISCLOSURE,AVGO,2022-03-10,58.556,471.2862,2022-03-21,False,2022-03-22,60.172,rollback
BRIDGE_SPY_DISCLOSURE,SPY_BRIDGE,2022-03-11,428.12,65.3635,2022-03-22,True,2022-03-22,445.86,paired
BRIDGE_SPY_DISCLOSURE,SPY_BRIDGE,2022-03-16,429.89,65.114,2022-03-22,True,2022-03-22,445.86,paired
BRIDGE_SPY_DISCLOSURE,KIM,2022-03-10,23.54,1172.2709,2022-03-23,False,2022-03-24,24.02,rollback
BRIDGE_SPY_DISCLOSURE,SPY_BRIDGE,2021-11-17,469.0,66.8705,2022-03-24,True,2022-03-24,445.94,paired
BRIDGE_SPY_DISCLOSURE,SPY_BRIDGE,2021-12-09,468.15,66.4199,2022-03-24,True,2022-03-24,445.94,paired
BRIDGE_SPY_DISCLOSURE,SPY_BRIDGE,2022-03-10,422.52,65.3079,2022-03-24,True,2022-03-24,445.94,paired
BRIDGE_SPY_DISCLOSURE,SPY_BRIDGE,2022-03-22,445.86,65.4038,2022-03-29,True,2022-03-29,460.02,paired
BRIDGE_SPY_DISCLOSURE,SPY_BRIDGE,2022-03-22,445.86,65.4006,2022-03-29,True,2022-03-29,460.02,paired
BRIDGE_SPY_DISCLOSURE,SCHW,2022-03-15,84.11,325.2259,2022-03-30,False,2022-03-31,88.45,rollback
BRIDGE_SPY_DISCLOSURE,SPY_BRIDGE,2021-09-02,453.32,67.6184,2022-04-01,True,2022-04-01,453.31,paired
BRIDGE_SPY_DISCLOSURE,SPY_BRIDGE,2021-12-30,477.93,66.2905,2022-04-01,True,2022-04-01,453.31,paired
BRIDGE_SPY_DISCLOSURE,SPY_BRIDGE,2022-03-31,457.89,65.0597,2022-04-05,True,2022-04-05,455.22,paired
BRIDGE_SPY_DISCLOSURE,SPY_BRIDGE,2022-02-03,450.95,66.3177,2022-04-08,True,2022-04-08,447.97,paired
BRIDGE_SPY_DISCLOSURE,SPY_BRIDGE,2022-03-16,429.89,65.1108,2022-04-08,True,2022-04-08,447.97,paired
BRIDGE_SPY_DISCLOSURE,XOM,2022-03-22,81.63,357.2512,2022-04-11,False,2022-04-12,85.71,rollback
BRIDGE_SPY_DISCLOSURE,SPY_BRIDGE,2022-03-30,460.34,65.3283,2022-04-13,True,2022-04-13,438.03,paired
BRIDGE_SPY_DISCLOSURE,SPY_BRIDGE,2022-04-11,444.11,65.726,2022-04-25,True,2022-04-25,423.67,paired
BRIDGE_SPY_DISCLOSURE,KO,2022-03-25,61.12,480.5579,2022-04-26,False,2022-04-27,65.0,rollback
BRIDGE_SPY_DISCLOSURE,SPY_BRIDGE,2022-03-25,451.16,65.0994,2022-04-27,True,2022-04-27,417.24,paired
BRIDGE_SPY_DISCLOSURE,SPY_BRIDGE,2022-04-14,443.55,66.067,2022-04-27,True,2022-04-27,417.24,paired
BRIDGE_SPY_DISCLOSURE,QCOM,2022-04-29,145.81,188.5022,2022-05-05,False,2022-05-06,141.248,rollback
BRIDGE_SPY_DISCLOSURE,SPY_BRIDGE,2022-03-25,451.16,65.0961,2022-05-06,True,2022-05-06,411.1,paired
BRIDGE_SPY_DISCLOSURE,DVN,2022-04-08,60.34,481.5712,2022-05-09,False,2022-05-10,63.51,rollback
BRIDGE_SPY_DISCLOSURE,SPY_BRIDGE,2022-04-29,423.59,64.8838,2022-05-16,True,2022-05-16,399.98,paired
BRIDGE_SPY_DISCLOSURE,OXY,2022-04-08,57.7,503.6301,2022-05-18,False,2022-05-19,63.03,rollback
BRIDGE_SPY_DISCLOSURE,SPY_BRIDGE,2022-04-11,444.11,65.7227,2022-05-19,True,2022-05-19,388.62,paired
BRIDGE_SPY_DISCLOSURE,SPY_BRIDGE,2022-05-09,405.1,66.8264,2022-05-19,True,2022-05-19,388.62,paired
BRIDGE_SPY_DISCLOSURE,SPY_BRIDGE,2022-05-16,399.98,67.0197,2022-05-19,True,2022-05-19,388.62,paired
BRIDGE_SPY_DISCLOSURE,APA,2022-05-20,41.08,640.422,2022-05-24,False,2022-05-25,43.51,rollback
BRIDGE_SPY_DISCLOSURE,SPY_BRIDGE,2022-05-20,393.25,66.8969,2022-05-25,True,2022-05-25,392.31,paired
BRIDGE_SPY_DISCLOSURE,BKR,2022-04-11,36.72,794.9631,2022-05-31,False,2022-06-01,36.53,rollback
BRIDGE_SPY_DISCLOSURE,C,2022-05-20,50.26,523.4749,2022-06-01,False,2022-06-02,52.4,rollback
BRIDGE_SPY_DISCLOSURE,SPY_BRIDGE,2022-04-26,425.83,64.5848,2022-06-02,True,2022-06-02,409.42,paired
BRIDGE_SPY_DISCLOSURE,SPY_BRIDGE,2022-04-29,423.59,64.8806,2022-06-02,True,2022-06-02,409.42,paired
BRIDGE_SPY_DISCLOSURE,SPY_BRIDGE,2022-05-23,392.83,67.0242,2022-06-02,True,2022-06-02,409.42,paired
BRIDGE_SPY_DISCLOSURE,SPY_BRIDGE,2022-06-01,415.17,67.4077,2022-06-06,True,2022-06-06,414.78,paired
BRIDGE_SPY_DISCLOSURE,FB,2022-06-03,195.98,141.091,2022-06-08,False,2022-06-09,194.28,index_drop
BRIDGE_SPY_DISCLOSURE,SPY_BRIDGE,2022-05-24,392.56,67.3848,2022-06-09,True,2022-06-09,409.34,paired
BRIDGE_SPY_DISCLOSURE,SPY_BRIDGE,2022-06-03,412.4,67.0457,2022-06-09,True,2022-06-09,409.34,paired
BRIDGE_SPY_DISCLOSURE,SPY_BRIDGE,2022-06-22,370.62,65.4307,2022-06-28,True,2022-06-28,390.23,paired
BRIDGE_SPY_DISCLOSURE,SPY_BRIDGE,2022-06-22,370.62,65.4274,2022-06-28,True,2022-06-28,390.23,paired
BRIDGE_SPY_DISCLOSURE,SPY_BRIDGE,2022-06-08,413.93,66.738,2022-07-01,True,2022-07-01,376.56,paired
BRIDGE_SPY_DISCLOSURE,SPY_BRIDGE,2022-06-30,376.24,64.8725,2022-07-12,True,2022-07-12,383.65,paired
BRIDGE_SPY_DISCLOSURE,CCL,2022-06-03,13.65,2025.8168,2022-07-21,False,2022-07-22,9.9,rollback
BRIDGE_SPY_DISCLOSURE,SPY_BRIDGE,2022-04-14,443.55,66.0637,2022-07-22,True,2022-07-22,398.92,paired
BRIDGE_SPY_DISCLOSURE,SPY_BRIDGE,2022-06-03,412.4,67.0423,2022-07-22,True,2022-07-22,398.92,paired
BRIDGE_SPY_DISCLOSURE,SPY_BRIDGE,2022-05-10,404.49,65.6454,2022-07-25,True,2022-07-25,395.75,paired
BRIDGE_SPY_DISCLOSURE,SPY_BRIDGE,2022-05-26,398.67,67.4999,2022-07-25,True,2022-07-25,395.75,paired
BRIDGE_SPY_DISCLOSURE,F,2022-03-25,16.74,1754.6696,2022-07-26,False,2022-07-27,12.75,rollback
BRIDGE_SPY_DISCLOSURE,TSLA,2022-06-03,243.225,113.6963,2022-07-26,False,2022-07-27,263.81,rollback
BRIDGE_SPY_DISCLOSURE,SPY_BRIDGE,2022-07-25,395.75,67.481,2022-08-02,True,2022-08-02,409.12,paired
BRIDGE_SPY_DISCLOSURE,SPY_BRIDGE,2022-07-14,373.61,65.4543,2022-08-03,True,2022-08-03,410.3,paired
BRIDGE_SPY_DISCLOSURE,SPY_BRIDGE,2022-07-20,392.47,66.9047,2022-08-03,True,2022-08-03,410.3,paired
BRIDGE_SPY_DISCLOSURE,SPY_BRIDGE,2022-07-27,394.36,67.1808,2022-08-03,True,2022-08-03,410.3,paired
BRIDGE_SPY_DISCLOSURE,SPY_BRIDGE,2022-07-25,395.75,67.4777,2022-08-05,True,2022-08-05,409.66,paired
BRIDGE_SPY_DISCLOSURE,SPY_BRIDGE,2022-07-22,398.92,67.7115,2022-08-09,True,2022-08-09,412.22,paired
BRIDGE_SPY_DISCLOSURE,SPY_BRIDGE,2022-08-09,412.22,67.5835,2022-08-12,True,2022-08-12,422.03,paired
BRIDGE_SPY_DISCLOSURE,SPY_BRIDGE,2022-08-09,412.22,67.5801,2022-08-17,True,2022-08-17,425.91,paired
BRIDGE_SPY_DISCLOSURE,SPY_BRIDGE,2022-08-03,410.3,67.6635,2022-08-18,True,2022-08-18,426.86,paired
BRIDGE_SPY_DISCLOSURE,SPY_BRIDGE,2022-06-03,412.4,67.039,2022-08-19,True,2022-08-19,424.98,paired
BRIDGE_SPY_DISCLOSURE,SPY_BRIDGE,2022-08-08,415.25,67.6353,2022-08-19,True,2022-08-19,424.98,paired
BRIDGE_SPY_DISCLOSURE,SPY_BRIDGE,2022-07-01,376.56,64.8433,2022-08-22,True,2022-08-22,417.05,paired
BRIDGE_SPY_DISCLOSURE,SPY_BRIDGE,2022-07-22,398.92,67.7081,2022-08-22,True,2022-08-22,417.05,paired
BRIDGE_SPY_DISCLOSURE,SPY_BRIDGE,2022-08-12,422.03,67.912,2022-08-22,True,2022-08-22,417.05,paired
BRIDGE_SPY_DISCLOSURE,SPY_BRIDGE,2022-08-19,424.98,68.0588,2022-08-29,True,2022-08-29,402.2,paired
BRIDGE_SPY_DISCLOSURE,SPY_BRIDGE,2022-08-19,424.98,68.0554,2022-09-01,True,2022-09-01,392.89,paired
BRIDGE_SPY_DISCLOSURE,GILD,2022-09-02,65.04,413.9359,2022-09-13,False,2022-09-14,64.41,rollback
BRIDGE_SPY_DISCLOSURE,SPY_BRIDGE,2022-09-08,395.39,67.0109,2022-09-14,True,2022-09-14,394.47,paired
BRIDGE_SPY_DISCLOSURE,SPY_BRIDGE,2022-09-08,395.39,67.0076,2022-09-19,True,2022-09-19,382.26,paired
BRIDGE_SPY_DISCLOSURE,SPY_BRIDGE,2022-08-26,419.39,67.671,2022-10-17,True,2022-10-17,364.01,paired
BRIDGE_SPY_DISCLOSURE,SPY_BRIDGE,2022-08-10,418.78,67.7754,2022-10-18,True,2022-10-18,375.13,paired
BRIDGE_SPY_DISCLOSURE,SPY_BRIDGE,2022-08-02,409.12,67.628,2022-10-21,True,2022-10-21,365.12,paired
BRIDGE_SPY_DISCLOSURE,SPY_BRIDGE,2022-10-18,375.13,66.7777,2022-10-25,True,2022-10-25,378.79,paired
BRIDGE_SPY_DISCLOSURE,SPY_BRIDGE,2022-07-27,394.36,67.1775,2022-10-28,True,2022-10-28,379.87,paired
BRIDGE_SPY_DISCLOSURE,SPY_BRIDGE,2022-08-02,409.12,67.6246,2022-11-03,True,2022-11-03,371.47,paired
BRIDGE_SPY_DISCLOSURE,SPY_BRIDGE,2022-09-23,370.58,66.0281,2022-11-03,True,2022-11-03,371.47,paired
BRIDGE_SPY_DISCLOSURE,SPY_BRIDGE,2022-10-21,365.12,66.3856,2022-11-03,True,2022-11-03,371.47,paired
BRIDGE_SPY_DISCLOSURE,SPY_BRIDGE,2022-09-15,392.96,66.6954,2022-11-10,True,2022-11-10,388.05,paired
BRIDGE_SPY_DISCLOSURE,SPY_BRIDGE,2022-10-17,364.01,66.5274,2022-11-10,True,2022-11-10,388.05,paired
BRIDGE_SPY_DISCLOSURE,SPY_BRIDGE,2022-10-25,378.79,67.0186,2022-11-10,True,2022-11-10,388.05,paired
BRIDGE_SPY_DISCLOSURE,MU,2022-08-19,61.835,467.7781,2022-11-16,False,2022-11-17,57.3,rollback
BRIDGE_SPY_DISCLOSURE,SPY_BRIDGE,2022-08-19,424.98,68.052,2022-11-17,True,2022-11-17,390.46,paired
BRIDGE_SPY_DISCLOSURE,SPY_BRIDGE,2022-11-09,379.93,66.4765,2022-11-17,True,2022-11-17,390.46,paired
BRIDGE_SPY_DISCLOSURE,SPY_BRIDGE,2022-11-11,395.59,66.7288,2022-11-17,True,2022-11-17,390.46,paired
BRIDGE_SPY_DISCLOSURE,SPY_BRIDGE,2022-10-26,381.62,66.9864,2022-11-22,True,2022-11-22,396.63,paired
BRIDGE_SPY_DISCLOSURE,SPY_BRIDGE,2022-11-11,395.59,66.7255,2022-11-29,True,2022-11-29,396.05,paired
BRIDGE_SPY_DISCLOSURE,KDP,2022-11-22,38.31,674.9407,2022-12-05,False,2022-12-06,37.98,rollback
BRIDGE_SPY_DISCLOSURE,MO,2022-11-23,45.21,576.766,2022-12-05,False,2022-12-06,47.18,rollback
BRIDGE_SPY_DISCLOSURE,SPY_BRIDGE,2022-11-08,381.11,66.6842,2022-12-12,True,2022-12-12,394.11,paired
BRIDGE_SPY_DISCLOSURE,PCG,2022-11-21,15.1,1710.7475,2022-12-15,False,2022-12-16,16.09,rollback
BRIDGE_SPY_DISCLOSURE,SPY_BRIDGE,2022-06-28,390.23,66.3922,2023-01-18,True,2023-01-18,399.01,paired
BRIDGE_SPY_DISCLOSURE,SPY_BRIDGE,2022-12-13,410.22,64.0667,2023-01-18,True,2023-01-18,399.01,paired
BRIDGE_SPY_DISCLOSURE,SPY_BRIDGE,2022-11-30,395.49,65.1273,2023-01-20,True,2023-01-20,390.1,paired
BRIDGE_SPY_DISCLOSURE,SPY_BRIDGE,2022-11-25,401.83,65.0736,2023-01-25,True,2023-01-25,395.95,paired
BRIDGE_SPY_DISCLOSURE,SPY_BRIDGE,2022-11-25,401.83,65.0703,2023-02-07,True,2023-02-07,408.87,paired
BRIDGE_SPY_DISCLOSURE,SPY_BRIDGE,2022-11-30,395.49,65.124,2023-02-07,True,2023-02-07,408.87,paired
BRIDGE_SPY_DISCLOSURE,SPY_BRIDGE,2022-12-13,410.22,64.0635,2023-02-08,True,2023-02-08,413.13,paired
BRIDGE_SPY_DISCLOSURE,SPY_BRIDGE,2023-01-18,399.01,63.8095,2023-02-17,True,2023-02-17,406.06,paired
BRIDGE_SPY_DISCLOSURE,SPY_BRIDGE,2022-03-30,460.34,65.325,2023-02-22,True,2023-02-22,399.52,paired
BRIDGE_SPY_DISCLOSURE,SPY_BRIDGE,2023-01-26,403.13,63.5877,2023-03-08,True,2023-03-08,398.39,paired
BRIDGE_SPY_DISCLOSURE,SPY_BRIDGE,2023-03-08,398.39,62.8974,2023-03-10,True,2023-03-10,390.99,paired
BRIDGE_SPY_DISCLOSURE,SPY_BRIDGE,2023-01-20,390.1,63.5907,2023-04-05,True,2023-04-05,407.91,paired
BRIDGE_SPY_DISCLOSURE,SPY_BRIDGE,2023-01-20,390.1,63.5875,2023-04-05,True,2023-04-05,407.91,paired
BRIDGE_SPY_DISCLOSURE,SPY_BRIDGE,2023-02-07,408.87,63.3619,2023-04-05,True,2023-04-05,407.91,paired
BRIDGE_SPY_DISCLOSURE,CNC,2023-04-06,66.28,383.8469,2023-04-12,False,2023-04-13,67.52,rollback
BRIDGE_SPY_DISCLOSURE,SPY_BRIDGE,2023-04-06,406.77,62.5417,2023-04-13,True,2023-04-13,409.18,paired
BRIDGE_SPY_DISCLOSURE,SPY_BRIDGE,2023-04-14,412.81,62.6607,2023-04-21,True,2023-04-21,412.19,paired
BRIDGE_SPY_DISCLOSURE,SPY_BRIDGE,2022-12-13,410.22,64.0603,2023-04-25,True,2023-04-25,410.58,paired
BRIDGE_SPY_DISCLOSURE,SPY_BRIDGE,2023-04-27,407.0,61.4368,2023-05-04,True,2023-05-04,406.93,paired
BRIDGE_SPY_DISCLOSURE,SPY_BRIDGE,2023-02-17,406.06,62.9529,2023-05-05,True,2023-05-05,408.91,paired
BRIDGE_SPY_DISCLOSURE,EQT,2022-11-07,42.57,590.638,2023-05-19,False,2023-05-22,35.46,rollback
BRIDGE_SPY_DISCLOSURE,SPY_BRIDGE,2023-02-08,413.13,63.4587,2023-05-24,True,2023-05-24,412.42,paired
BRIDGE_SPY_DISCLOSURE,SPY_BRIDGE,2023-04-21,412.19,62.1269,2023-05-24,True,2023-05-24,412.42,paired
BRIDGE_SPY_DISCLOSURE,SPY_BRIDGE,2023-05-04,406.93,60.211,2023-05-24,True,2023-05-24,412.42,paired
BRIDGE_SPY_DISCLOSURE,SPY_BRIDGE,2023-05-22,418.64,60.5805,2023-06-07,True,2023-06-07,428.44,paired
BRIDGE_SPY_DISCLOSURE,KEY,2023-04-14,12.55,2061.2146,2023-06-08,False,2023-06-09,10.98,rollback
BRIDGE_SPY_DISCLOSURE,SPY_BRIDGE,2023-04-14,412.81,62.6575,2023-06-09,True,2023-06-09,429.96,paired
BRIDGE_SPY_DISCLOSURE,SPY_BRIDGE,2023-02-23,401.56,63.0266,2023-06-16,True,2023-06-16,443.02,paired
BRIDGE_SPY_DISCLOSURE,PYPL,2022-11-11,86.52,305.1153,2023-06-21,False,2023-06-22,67.52,rollback
BRIDGE_SPY_DISCLOSURE,SPY_BRIDGE,2022-09-15,392.96,66.6921,2023-06-22,True,2023-06-22,433.95,paired
BRIDGE_SPY_DISCLOSURE,SPY_BRIDGE,2023-05-05,408.91,60.9901,2023-06-22,True,2023-06-22,433.95,paired
BRIDGE_SPY_DISCLOSURE,SPY_BRIDGE,2023-05-24,412.42,60.6749,2023-06-22,True,2023-06-22,433.95,paired
BRIDGE_SPY_DISCLOSURE,SPY_BRIDGE,2023-06-07,428.44,61.3608,2023-07-07,True,2023-07-07,438.63,paired
BRIDGE_SPY_DISCLOSURE,SPY_BRIDGE,2023-06-13,435.32,61.3961,2023-07-07,True,2023-07-07,438.63,paired
BRIDGE_SPY_DISCLOSURE,SPY_BRIDGE,2023-05-24,412.42,60.6719,2023-07-17,True,2023-07-17,449.13,paired
BRIDGE_SPY_DISCLOSURE,SPY_BRIDGE,2023-06-28,435.05,61.6257,2023-07-17,True,2023-07-17,449.13,paired
BRIDGE_SPY_DISCLOSURE,SPY_BRIDGE,2023-07-10,438.18,61.6636,2023-07-17,True,2023-07-17,449.13,paired
BRIDGE_SPY_DISCLOSURE,SPY_BRIDGE,2023-06-23,432.93,61.5307,2023-07-18,True,2023-07-18,450.5,paired
BRIDGE_SPY_DISCLOSURE,SPY_BRIDGE,2023-01-27,403.66,63.6353,2023-07-20,True,2023-07-20,454.17,paired
BRIDGE_SPY_DISCLOSURE,SPY_BRIDGE,2023-05-24,412.42,60.6689,2023-07-24,True,2023-07-24,453.37,paired
BRIDGE_SPY_DISCLOSURE,SPY_BRIDGE,2023-07-10,438.18,61.6605,2023-07-24,True,2023-07-24,453.37,paired
BRIDGE_SPY_DISCLOSURE,KO,2023-07-17,60.76,456.5084,2023-07-25,False,2023-07-26,61.86,rollback
BRIDGE_SPY_DISCLOSURE,SPY_BRIDGE,2023-06-16,443.02,61.6693,2023-07-26,True,2023-07-26,454.47,paired
BRIDGE_SPY_DISCLOSURE,SPY_BRIDGE,2023-02-07,408.87,63.3587,2023-07-28,True,2023-07-28,455.88,paired
BRIDGE_SPY_DISCLOSURE,SPY_BRIDGE,2023-07-17,449.13,61.7551,2023-08-01,True,2023-08-01,456.27,paired
BRIDGE_SPY_DISCLOSURE,SPY_BRIDGE,2023-07-18,450.5,62.0164,2023-08-01,True,2023-08-01,456.27,paired
BRIDGE_SPY_DISCLOSURE,SPY_BRIDGE,2023-07-28,455.88,61.3138,2023-08-03,True,2023-08-03,448.04,paired
BRIDGE_SPY_DISCLOSURE,SPY_BRIDGE,2023-07-31,457.41,61.499,2023-08-09,True,2023-08-09,449.03,paired
BRIDGE_SPY_DISCLOSURE,SPY_BRIDGE,2023-08-04,450.72,61.0735,2023-08-10,True,2023-08-10,448.19,paired
BRIDGE_SPY_DISCLOSURE,SPY_BRIDGE,2023-08-01,456.27,61.3544,2023-08-16,True,2023-08-16,442.46,paired
BRIDGE_SPY_DISCLOSURE,SPY_BRIDGE,2023-07-24,453.37,61.9976,2023-08-25,True,2023-08-25,438.68,paired
BRIDGE_SPY_DISCLOSURE,SPY_BRIDGE,2023-08-14,444.7,60.5163,2023-09-06,True,2023-09-06,448.4,paired
BRIDGE_SPY_DISCLOSURE,SPY_BRIDGE,2023-08-16,442.46,60.4792,2023-09-13,True,2023-09-13,446.22,paired
BRIDGE_SPY_DISCLOSURE,SPY_BRIDGE,2023-04-14,412.81,62.6544,2023-09-14,True,2023-09-14,449.07,paired
BRIDGE_SPY_DISCLOSURE,SPY_BRIDGE,2023-07-17,449.13,61.752,2023-09-25,True,2023-09-25,429.17,paired
BRIDGE_SPY_DISCLOSURE,SPY_BRIDGE,2023-08-14,444.7,60.5132,2023-10-20,True,2023-10-20,425.98,paired
BRIDGE_SPY_DISCLOSURE,SPY_BRIDGE,2023-10-20,425.98,58.2001,2023-10-26,True,2023-10-26,416.45,paired
BRIDGE_SPY_DISCLOSURE,SPY_BRIDGE,2023-09-13,446.22,60.1445,2023-11-17,True,2023-11-17,450.24,paired
BRIDGE_SPY_DISCLOSURE,SPY_BRIDGE,2023-08-28,442.24,60.322,2023-11-20,True,2023-11-20,450.53,paired
BRIDGE_SPY_DISCLOSURE,SPY_BRIDGE,2023-11-13,439.23,59.4888,2023-11-20,True,2023-11-20,450.53,paired
BRIDGE_SPY_DISCLOSURE,CCL,2023-07-28,18.365,1522.0874,2023-11-24,False,2023-11-27,14.38,rollback
BRIDGE_SPY_DISCLOSURE,SPY_BRIDGE,2023-07-24,453.37,61.9945,2023-11-27,True,2023-11-27,454.65,paired
BRIDGE_SPY_DISCLOSURE,SPY_BRIDGE,2023-09-06,448.4,60.2209,2023-11-27,True,2023-11-27,454.65,paired
BRIDGE_SPY_DISCLOSURE,CMG,2023-06-22,41.38,646.1669,2023-11-27,False,2023-11-28,44.2,rollback
BRIDGE_SPY_DISCLOSURE,SPY_BRIDGE,2023-06-22,433.95,61.6132,2023-11-28,True,2023-11-28,454.08,paired
BRIDGE_SPY_DISCLOSURE,SPY_BRIDGE,2023-07-20,454.17,62.006,2023-11-28,True,2023-11-28,454.08,paired
BRIDGE_SPY_DISCLOSURE,SPY_BRIDGE,2023-08-01,456.27,61.3513,2023-11-28,True,2023-11-28,454.08,paired
BRIDGE_SPY_DISCLOSURE,SPY_BRIDGE,2023-09-15,447.14,60.2963,2023-11-29,True,2023-11-29,457.15,paired
BRIDGE_SPY_DISCLOSURE,HPE,2023-11-30,16.84,1630.6519,2023-12-04,False,2023-12-05,16.43,rollback
BRIDGE_SPY_DISCLOSURE,MRK,2023-12-01,102.85,267.2869,2023-12-07,False,2023-12-08,103.79,rollback
BRIDGE_SPY_DISCLOSURE,SPY_BRIDGE,2023-10-26,416.45,58.2529,2023-12-08,True,2023-12-08,457.46,paired
BRIDGE_SPY_DISCLOSURE,SPY_BRIDGE,2023-11-17,450.24,60.5655,2023-12-08,True,2023-12-08,457.46,paired
BRIDGE_SPY_DISCLOSURE,SPY_BRIDGE,2023-11-20,450.53,60.484,2023-12-18,True,2023-12-18,470.98,paired
BRIDGE_SPY_DISCLOSURE,SPY_BRIDGE,2023-12-06,458.81,60.5801,2023-12-18,True,2023-12-18,470.98,paired
BRIDGE_SPY_DISCLOSURE,SPY_BRIDGE,2023-12-04,455.6,60.4189,2023-12-19,True,2023-12-19,472.53,paired
BRIDGE_SPY_DISCLOSURE,KR,2023-12-01,44.51,617.5934,2023-12-19,False,2023-12-20,44.88,rollback
BRIDGE_SPY_DISCLOSURE,SPY_BRIDGE,2023-09-19,442.68,60.131,2023-12-21,True,2023-12-21,471.33,paired
BRIDGE_SPY_DISCLOSURE,SPY_BRIDGE,2023-12-08,457.46,60.6813,2023-12-21,True,2023-12-21,471.33,paired
BRIDGE_SPY_DISCLOSURE,GOOGL,2023-12-19,136.84,208.04,2023-12-27,False,2023-12-28,140.78,rollback
BRIDGE_SPY_DISCLOSURE,SPY_BRIDGE,2023-12-08,457.46,60.6783,2023-12-28,True,2023-12-28,476.88,paired
BRIDGE_SPY_DISCLOSURE,SPY_BRIDGE,2023-12-19,472.53,60.2433,2023-12-29,True,2023-12-29,476.49,paired
BRIDGE_SPY_DISCLOSURE,SPY_BRIDGE,2023-12-05,455.26,60.6156,2024-01-04,True,2024-01-04,468.3,paired
BRIDGE_SPY_DISCLOSURE,PFE,2023-12-01,28.97,948.9758,2024-01-04,False,2024-01-05,29.02,rollback
BRIDGE_SPY_DISCLOSURE,CVS,2023-11-29,68.74,401.1838,2024-01-08,False,2024-01-09,80.55,rollback
BRIDGE_SPY_DISCLOSURE,T,2023-12-29,16.63,1742.1763,2024-01-08,False,2024-01-09,16.97,rollback
BRIDGE_SPY_DISCLOSURE,SPY_BRIDGE,2023-11-20,450.53,60.481,2024-01-09,True,2024-01-09,471.87,paired
BRIDGE_SPY_DISCLOSURE,SPY_BRIDGE,2023-12-20,473.96,60.5504,2024-01-09,True,2024-01-09,471.87,paired
BRIDGE_SPY_DISCLOSURE,SPY_BRIDGE,2024-01-03,470.43,61.727,2024-01-10,True,2024-01-10,474.16,paired
BRIDGE_SPY_DISCLOSURE,SPY_BRIDGE,2024-01-05,467.49,61.3972,2024-01-10,True,2024-01-10,474.16,paired
BRIDGE_SPY_DISCLOSURE,PYPL,2024-01-09,60.28,479.7839,2024-01-22,False,2024-01-23,64.525,rollback
BRIDGE_SPY_DISCLOSURE,SPY_BRIDGE,2024-01-09,471.87,61.2879,2024-01-23,True,2024-01-23,484.01,paired
BRIDGE_SPY_DISCLOSURE,SPY_BRIDGE,2024-01-02,472.16,61.0689,2024-01-25,True,2024-01-25,487.58,paired
BRIDGE_SPY_DISCLOSURE,AAL,2024-01-09,14.51,1993.3026,2024-01-30,False,2024-01-31,14.49,rollback
BRIDGE_SPY_DISCLOSURE,SPY_BRIDGE,2024-01-09,471.87,61.2849,2024-01-31,True,2024-01-31,488.62,paired
BRIDGE_SPY_DISCLOSURE,SPY_BRIDGE,2024-01-10,474.16,61.2925,2024-01-31,True,2024-01-31,488.62,paired
BRIDGE_SPY_DISCLOSURE,SPY_BRIDGE,2023-12-20,473.96,60.5474,2024-02-01,True,2024-02-01,484.63,paired
BRIDGE_SPY_DISCLOSURE,SPY_BRIDGE,2024-01-10,474.16,61.2895,2024-02-01,True,2024-02-01,484.63,paired
BRIDGE_SPY_DISCLOSURE,SPY_BRIDGE,2024-01-23,484.01,61.6305,2024-02-07,True,2024-02-07,496.29,paired
BRIDGE_SPY_DISCLOSURE,F,2024-01-31,11.76,2567.3702,2024-02-14,False,2024-02-15,12.35,rollback
BRIDGE_SPY_DISCLOSURE,SPY_BRIDGE,2024-01-31,488.62,61.7878,2024-02-15,True,2024-02-15,499.29,paired
BRIDGE_SPY_DISCLOSURE,SPY_BRIDGE,2024-02-02,489.65,61.8594,2024-02-23,True,2024-02-23,509.27,paired
BRIDGE_SPY_DISCLOSURE,SPY_BRIDGE,2023-12-07,456.91,60.7828,2024-02-27,True,2024-02-27,506.7,paired
BRIDGE_SPY_DISCLOSURE,SPY_BRIDGE,2023-12-19,472.53,60.2403,2024-02-28,True,2024-02-28,505.33,paired
BRIDGE_SPY_DISCLOSURE,SPY_BRIDGE,2023-12-22,473.86,60.8012,2024-02-29,True,2024-02-29,508.07,paired
BRIDGE_SPY_DISCLOSURE,SPY_BRIDGE,2024-02-27,506.7,62.3264,2024-03-06,True,2024-03-06,510.55,paired
BRIDGE_SPY_DISCLOSURE,SPY_BRIDGE,2024-02-15,499.29,62.1909,2024-03-12,True,2024-03-12,513.45,paired
BRIDGE_SPY_DISCLOSURE,SPY_BRIDGE,2024-01-31,488.62,61.7847,2024-03-13,True,2024-03-13,517.11,paired
BRIDGE_SPY_DISCLOSURE,SPY_BRIDGE,2024-02-23,509.27,62.397,2024-03-18,True,2024-03-18,514.0,paired
BRIDGE_SPY_DISCLOSURE,SPY_BRIDGE,2024-02-01,484.63,61.7584,2024-03-22,True,2024-03-22,522.11,paired
BRIDGE_SPY_DISCLOSURE,SPY_BRIDGE,2024-01-09,471.87,61.2818,2024-03-25,True,2024-03-25,519.8,paired
BRIDGE_SPY_DISCLOSURE,SPY_BRIDGE,2024-01-25,487.58,61.8447,2024-04-02,True,2024-04-02,518.24,paired
BRIDGE_SPY_DISCLOSURE,SPY_BRIDGE,2024-03-26,521.23,62.5355,2024-04-02,True,2024-04-02,518.24,paired
BRIDGE_SPY_DISCLOSURE,SPY_BRIDGE,2024-03-18,514.0,62.4152,2024-04-05,True,2024-04-05,514.46,paired
BRIDGE_SPY_DISCLOSURE,SPY_BRIDGE,2024-03-13,517.11,62.5037,2024-04-11,True,2024-04-11,515.68,paired
BRIDGE_SPY_DISCLOSURE,SPY_BRIDGE,2024-02-02,489.65,61.8564,2024-05-07,True,2024-05-07,517.56,paired
BRIDGE_SPY_DISCLOSURE,SPY_BRIDGE,2024-03-12,513.45,62.4283,2024-05-15,True,2024-05-15,525.83,paired
BRIDGE_SPY_DISCLOSURE,SPY_BRIDGE,2024-05-07,517.56,62.158,2024-05-15,True,2024-05-15,525.83,paired
BRIDGE_SPY_DISCLOSURE,SPY_BRIDGE,2024-04-08,519.15,62.3267,2024-05-20,True,2024-05-20,529.57,paired
BRIDGE_SPY_DISCLOSURE,SPY_BRIDGE,2024-03-22,522.11,62.5835,2024-05-22,True,2024-05-22,530.65,paired
BRIDGE_SPY_DISCLOSURE,SPY_BRIDGE,2024-02-07,496.29,62.356,2024-05-24,True,2024-05-24,527.85,paired
BRIDGE_SPY_DISCLOSURE,SPY_BRIDGE,2024-04-08,519.15,62.3236,2024-05-24,True,2024-05-24,527.85,paired
BRIDGE_SPY_DISCLOSURE,SPY_BRIDGE,2024-05-31,523.59,62.3261,2024-06-06,True,2024-06-06,534.98,paired
BRIDGE_SPY_DISCLOSURE,SPY_BRIDGE,2024-02-28,505.33,62.2854,2024-06-07,True,2024-06-07,533.66,paired
BRIDGE_SPY_DISCLOSURE,SPY_BRIDGE,2024-03-06,510.55,62.3797,2024-06-10,True,2024-06-10,533.18,paired
BRIDGE_SPY_DISCLOSURE,SPY_BRIDGE,2024-04-02,518.24,62.4427,2024-06-10,True,2024-06-10,533.18,paired
BRIDGE_SPY_DISCLOSURE,SPY_BRIDGE,2024-05-22,530.65,62.4072,2024-06-10,True,2024-06-10,533.18,paired
BRIDGE_SPY_DISCLOSURE,SPY_BRIDGE,2024-06-03,529.02,62.3848,2024-06-14,True,2024-06-14,540.88,paired
BRIDGE_SPY_DISCLOSURE,SPY_BRIDGE,2024-06-07,533.66,62.4665,2024-06-25,True,2024-06-25,543.99,paired
BRIDGE_SPY_DISCLOSURE,SPY_BRIDGE,2024-06-06,534.98,62.5064,2024-06-26,True,2024-06-26,543.69,paired
BRIDGE_SPY_DISCLOSURE,SPY_BRIDGE,2024-05-15,525.83,62.3266,2024-07-08,True,2024-07-08,555.44,paired
BRIDGE_SPY_DISCLOSURE,SPY_BRIDGE,2024-05-15,525.83,62.3235,2024-07-08,True,2024-07-08,555.44,paired
BRIDGE_SPY_DISCLOSURE,SPY_BRIDGE,2024-06-26,543.69,62.2789,2024-07-09,True,2024-07-09,556.26,paired
BRIDGE_SPY_DISCLOSURE,SPY_BRIDGE,2024-06-11,534.07,62.3865,2024-07-12,True,2024-07-12,557.63,paired
BRIDGE_SPY_DISCLOSURE,SPY_BRIDGE,2024-04-04,523.52,62.4974,2024-07-16,True,2024-07-16,562.87,paired
BRIDGE_SPY_DISCLOSURE,MDT,2024-06-10,83.72,397.6532,2024-07-18,False,2024-07-19,81.58,rollback
BRIDGE_SPY_DISCLOSURE,SPY_BRIDGE,2024-06-10,533.18,62.4365,2024-07-19,True,2024-07-19,552.42,paired
BRIDGE_SPY_DISCLOSURE,SPY_BRIDGE,2024-07-11,561.44,62.3328,2024-07-19,True,2024-07-19,552.42,paired
BRIDGE_SPY_DISCLOSURE,SPY_BRIDGE,2024-05-20,529.57,62.395,2024-07-22,True,2024-07-22,553.0,paired
BRIDGE_SPY_DISCLOSURE,SPY_BRIDGE,2024-07-16,562.87,62.3067,2024-07-22,True,2024-07-22,553.0,paired
BRIDGE_SPY_DISCLOSURE,SPY_BRIDGE,2024-06-25,543.99,62.4204,2024-07-24,True,2024-07-24,548.86,paired
BRIDGE_SPY_DISCLOSURE,SPY_BRIDGE,2024-07-10,557.07,62.2956,2024-07-25,True,2024-07-25,541.35,paired
BRIDGE_SPY_DISCLOSURE,SPY_BRIDGE,2024-01-03,470.43,61.7239,2024-07-26,True,2024-07-26,542.28,paired
BRIDGE_SPY_DISCLOSURE,NEE,2024-07-23,72.43,476.4646,2024-08-05,False,2024-08-06,76.85,rollback
BRIDGE_SPY_DISCLOSURE,SPY_BRIDGE,2024-07-11,561.44,62.3297,2024-08-06,True,2024-08-06,519.22,paired
BRIDGE_SPY_DISCLOSURE,SPY_BRIDGE,2024-06-10,533.18,62.4333,2024-08-19,True,2024-08-19,554.73,paired
BRIDGE_SPY_DISCLOSURE,CNC,2024-07-26,69.45,486.5112,2024-08-20,False,2024-08-21,78.46,rollback
BRIDGE_SPY_DISCLOSURE,SPY_BRIDGE,2024-07-12,557.63,62.2885,2024-08-27,True,2024-08-27,559.49,paired
BRIDGE_SPY_DISCLOSURE,SPY_BRIDGE,2024-08-21,559.77,64.3059,2024-08-28,True,2024-08-28,561.21,paired
BRIDGE_SPY_DISCLOSURE,SBUX,2024-07-22,78.33,440.2877,2024-09-03,False,2024-09-04,93.37,rollback
BRIDGE_SPY_DISCLOSURE,SPY_BRIDGE,2024-07-31,548.98,63.1696,2024-09-04,True,2024-09-04,550.2,paired
BRIDGE_SPY_DISCLOSURE,SPY_BRIDGE,2024-09-04,550.2,64.0076,2024-09-09,True,2024-09-09,544.65,paired
BRIDGE_SPY_DISCLOSURE,SPY_BRIDGE,2024-09-06,549.94,64.0163,2024-09-17,True,2024-09-17,565.1,paired
BRIDGE_SPY_DISCLOSURE,SPY_BRIDGE,2024-09-10,548.36,63.9097,2024-09-18,True,2024-09-18,563.74,paired
BRIDGE_SPY_DISCLOSURE,SPY_BRIDGE,2024-07-29,546.02,62.6579,2024-09-23,True,2024-09-23,569.34,paired
BRIDGE_SPY_DISCLOSURE,SPY_BRIDGE,2024-08-19,554.73,64.5712,2024-09-23,True,2024-09-23,569.34,paired
BRIDGE_SPY_DISCLOSURE,SPY_BRIDGE,2024-08-07,528.47,62.651,2024-09-24,True,2024-09-24,570.48,paired
BRIDGE_SPY_DISCLOSURE,SPY_BRIDGE,2024-09-17,565.1,64.5076,2024-10-01,True,2024-10-01,573.4,paired
BRIDGE_SPY_DISCLOSURE,CRM,2024-07-26,258.17,130.8823,2024-10-01,False,2024-10-02,273.72,rollback
BRIDGE_SPY_DISCLOSURE,SPY_BRIDGE,2024-09-05,550.89,63.9905,2024-10-02,True,2024-10-02,567.71,paired
BRIDGE_SPY_DISCLOSURE,SPY_BRIDGE,2024-09-24,570.48,64.8241,2024-10-02,True,2024-10-02,567.71,paired
BRIDGE_SPY_DISCLOSURE,SPY_BRIDGE,2024-09-23,569.34,64.756,2024-10-09,True,2024-10-09,573.16,paired
BRIDGE_SPY_DISCLOSURE,SPY_BRIDGE,2024-08-27,559.49,64.4823,2024-10-16,True,2024-10-16,579.78,paired
BRIDGE_SPY_DISCLOSURE,SPY_BRIDGE,2024-10-07,571.3,64.8271,2024-10-18,True,2024-10-18,584.07,paired
BRIDGE_SPY_DISCLOSURE,BAC,2024-10-07,40.21,921.1035,2024-10-21,False,2024-10-22,41.65,rollback
BRIDGE_SPY_DISCLOSURE,SPY_BRIDGE,2024-10-07,571.3,64.8239,2024-10-22,True,2024-10-22,581.05,paired
BRIDGE_SPY_DISCLOSURE,SPY_BRIDGE,2024-10-09,573.16,64.7889,2024-10-24,True,2024-10-24,579.98,paired
BRIDGE_SPY_DISCLOSURE,SPY_BRIDGE,2024-10-07,571.3,64.8206,2024-10-30,True,2024-10-30,581.29,paired
BRIDGE_SPY_DISCLOSURE,SPY_BRIDGE,2024-10-22,581.05,65.1686,2024-11-13,True,2024-11-13,597.37,paired
BRIDGE_SPY_DISCLOSURE,SPY_BRIDGE,2024-10-18,584.07,65.3707,2024-11-18,True,2024-11-18,586.22,paired
BRIDGE_SPY_DISCLOSURE,SPY_BRIDGE,2024-10-24,579.98,65.1347,2024-11-26,True,2024-11-26,598.8,paired
BRIDGE_SPY_DISCLOSURE,SPY_BRIDGE,2024-08-29,560.31,64.75,2024-11-27,True,2024-11-27,600.46,paired
BRIDGE_SPY_DISCLOSURE,SPY_BRIDGE,2024-06-14,540.88,62.3826,2024-12-02,True,2024-12-02,602.97,paired
BRIDGE_SPY_DISCLOSURE,SPY_BRIDGE,2024-11-18,586.22,65.191,2024-12-05,True,2024-12-05,607.66,paired
BRIDGE_SPY_DISCLOSURE,SPY_BRIDGE,2024-02-29,508.07,62.3404,2024-12-06,True,2024-12-06,607.44,paired
BRIDGE_SPY_DISCLOSURE,SPY_BRIDGE,2024-12-06,607.44,65.5766,2024-12-10,True,2024-12-10,605.37,paired
BRIDGE_SPY_DISCLOSURE,SPY_BRIDGE,2024-07-30,546.26,62.667,2024-12-11,True,2024-12-11,605.78,paired
BRIDGE_SPY_DISCLOSURE,SPY_BRIDGE,2024-11-27,600.46,65.4502,2024-12-18,True,2024-12-18,603.98,paired
BRIDGE_SPY_DISCLOSURE,SPY_BRIDGE,2024-11-13,597.37,65.4254,2024-12-19,True,2024-12-19,591.36,paired
BRIDGE_SPY_DISCLOSURE,SPY_BRIDGE,2024-10-16,579.78,65.2671,2024-12-27,True,2024-12-27,597.54,paired
BRIDGE_SPY_DISCLOSURE,SPY_BRIDGE,2024-12-05,607.66,65.59,2025-01-08,True,2025-01-08,588.7,paired
BRIDGE_SPY_DISCLOSURE,SPY_BRIDGE,2024-12-27,597.54,65.2171,2025-01-22,True,2025-01-22,605.92,paired
BRIDGE_SPY_DISCLOSURE,SPY_BRIDGE,2024-12-12,606.58,65.5213,2025-01-23,True,2025-01-23,605.8,paired
BRIDGE_SPY_DISCLOSURE,SPY_BRIDGE,2025-01-08,588.7,64.626,2025-01-28,True,2025-01-28,600.62,paired
BRIDGE_SPY_DISCLOSURE,SPY_BRIDGE,2024-11-26,598.8,65.4144,2025-01-29,True,2025-01-29,603.72,paired
BRIDGE_SPY_DISCLOSURE,SPY_BRIDGE,2025-01-23,605.8,65.1956,2025-01-30,True,2025-01-30,603.96,paired
BRIDGE_SPY_DISCLOSURE,SPY_BRIDGE,2024-09-23,569.34,64.7527,2025-02-03,True,2025-02-03,592.67,paired
BRIDGE_SPY_DISCLOSURE,CCL,2024-12-23,26.52,1459.376,2025-02-03,False,2025-02-04,27.18,rollback
BRIDGE_SPY_DISCLOSURE,SPY_BRIDGE,2024-12-23,590.89,65.4956,2025-02-04,True,2025-02-04,597.83,paired
BRIDGE_SPY_DISCLOSURE,SPY_BRIDGE,2024-12-24,596.06,65.3585,2025-02-12,True,2025-02-12,599.2,paired
BRIDGE_SPY_DISCLOSURE,SPY_BRIDGE,2025-01-22,605.92,65.3555,2025-02-12,True,2025-02-12,599.2,paired
BRIDGE_SPY_DISCLOSURE,INTC,2025-02-12,21.98,1782.8386,2025-02-24,False,2025-02-25,24.21,rollback
BRIDGE_SPY_DISCLOSURE,SPY_BRIDGE,2025-02-12,599.2,65.3953,2025-02-25,True,2025-02-25,597.15,paired
BRIDGE_SPY_DISCLOSURE,SPY_BRIDGE,2025-01-29,603.72,65.7882,2025-02-26,True,2025-02-26,595.93,paired
BRIDGE_SPY_DISCLOSURE,SPY_BRIDGE,2025-02-25,597.15,65.9648,2025-02-27,True,2025-02-27,596.85,paired
BRIDGE_SPY_DISCLOSURE,SPY_BRIDGE,2024-07-23,554.54,62.2292,2025-02-28,True,2025-02-28,585.56,paired
BRIDGE_SPY_DISCLOSURE,SPY_BRIDGE,2025-02-12,599.2,65.392,2025-02-28,True,2025-02-28,585.56,paired
BRIDGE_SPY_DISCLOSURE,SPY_BRIDGE,2025-01-28,600.62,65.259,2025-03-06,True,2025-03-06,575.48,paired
BRIDGE_SPY_DISCLOSURE,SPY_BRIDGE,2024-11-26,598.8,65.4111,2025-03-11,True,2025-03-11,559.4,paired
BRIDGE_SPY_DISCLOSURE,SPY_BRIDGE,2025-01-30,603.96,65.8763,2025-03-13,True,2025-03-13,558.49,paired
BRIDGE_SPY_DISCLOSURE,SPY_BRIDGE,2025-02-28,585.56,65.6923,2025-03-13,True,2025-03-13,558.49,paired
BRIDGE_SPY_DISCLOSURE,SPY_BRIDGE,2025-03-03,596.18,65.7989,2025-03-27,True,2025-03-27,567.18,paired
BRIDGE_SPY_DISCLOSURE,SPY_BRIDGE,2024-10-30,581.29,65.1429,2025-03-28,True,2025-03-28,565.53,paired
BRIDGE_SPY_DISCLOSURE,SPY_BRIDGE,2025-03-28,565.53,65.2533,2025-04-09,True,2025-04-09,493.44,paired
BRIDGE_SPY_DISCLOSURE,SPY_BRIDGE,2025-03-13,558.49,65.0851,2025-05-06,True,2025-05-06,557.93,paired
BRIDGE_SPY_DISCLOSURE,SPY_BRIDGE,2025-01-28,600.62,65.2558,2025-05-07,True,2025-05-07,560.15,paired
BRIDGE_SPY_DISCLOSURE,SPY_BRIDGE,2025-04-10,532.17,64.351,2025-05-07,True,2025-05-07,560.15,paired
BRIDGE_SPY_DISCLOSURE,SPY_BRIDGE,2024-09-18,563.74,64.4056,2025-05-08,True,2025-05-08,565.24,paired
BRIDGE_SPY_DISCLOSURE,SPY_BRIDGE,2025-04-29,548.91,64.5515,2025-05-14,True,2025-05-14,587.81,paired
BRIDGE_SPY_DISCLOSURE,SPY_BRIDGE,2025-02-27,596.85,65.9399,2025-05-22,True,2025-05-22,582.66,paired
BRIDGE_SPY_DISCLOSURE,SPY_BRIDGE,2025-05-09,566.48,64.7346,2025-05-22,True,2025-05-22,582.66,paired
BRIDGE_SPY_DISCLOSURE,SPY_BRIDGE,2025-03-11,559.4,65.1261,2025-05-23,True,2025-05-23,575.98,paired
BRIDGE_SPY_DISCLOSURE,SPY_BRIDGE,2025-05-27,586.07,63.9317,2025-06-11,True,2025-06-11,604.19,paired
BRIDGE_SPY_DISCLOSURE,SPY_BRIDGE,2025-05-15,585.56,64.5603,2025-06-12,True,2025-06-12,600.01,paired
BRIDGE_SPY_DISCLOSURE,PFE,2025-05-27,23.55,1591.0962,2025-06-16,False,2025-06-17,24.27,rollback
BRIDGE_SPY_DISCLOSURE,SPY_BRIDGE,2025-02-12,599.2,65.3887,2025-06-17,True,2025-06-17,600.21,paired
BRIDGE_SPY_DISCLOSURE,SPY_BRIDGE,2025-05-27,586.07,63.9285,2025-06-17,True,2025-06-17,600.21,paired
BRIDGE_SPY_DISCLOSURE,SPY_BRIDGE,2025-05-12,581.47,65.0517,2025-06-23,True,2025-06-23,595.04,paired
BRIDGE_SPY_DISCLOSURE,XOM,2025-05-09,107.14,342.2876,2025-06-24,False,2025-06-25,108.11,rollback
BRIDGE_SPY_DISCLOSURE,SPY_BRIDGE,2025-02-05,600.64,65.43,2025-06-25,True,2025-06-25,607.91,paired
BRIDGE_SPY_DISCLOSURE,SPY_BRIDGE,2025-06-17,600.21,64.5671,2025-06-27,True,2025-06-27,612.88,paired
BRIDGE_SPY_DISCLOSURE,SPY_BRIDGE,2025-06-23,595.04,64.9216,2025-07-02,True,2025-07-02,617.24,paired
BRIDGE_SPY_DISCLOSURE,SPY_BRIDGE,2025-02-26,595.93,65.9305,2025-07-08,True,2025-07-08,621.35,paired
BRIDGE_SPY_DISCLOSURE,SPY_BRIDGE,2025-06-12,600.01,64.3385,2025-07-08,True,2025-07-08,621.35,paired
BRIDGE_SPY_DISCLOSURE,SPY_BRIDGE,2025-06-11,604.19,64.5576,2025-07-14,True,2025-07-14,623.16,paired
BRIDGE_SPY_DISCLOSURE,SPY_BRIDGE,2025-07-09,622.77,65.5096,2025-07-14,True,2025-07-14,623.16,paired
BRIDGE_SPY_DISCLOSURE,SPY_BRIDGE,2025-06-27,612.88,65.5731,2025-07-15,True,2025-07-15,627.52,paired
BRIDGE_SPY_DISCLOSURE,SPY_BRIDGE,2025-07-09,622.77,65.5063,2025-07-15,True,2025-07-15,627.52,paired
BRIDGE_SPY_DISCLOSURE,SPY_BRIDGE,2025-07-02,617.24,65.1272,2025-07-29,True,2025-07-29,638.35,paired
BRIDGE_SPY_DISCLOSURE,SPY_BRIDGE,2025-07-14,623.16,65.6829,2025-07-29,True,2025-07-29,638.35,paired
BRIDGE_SPY_DISCLOSURE,SPY_BRIDGE,2025-07-29,638.35,67.0617,2025-08-04,True,2025-08-04,625.67,paired
BRIDGE_SPY_DISCLOSURE,PLTR,2025-07-08,138.775,291.0679,2025-08-14,False,2025-08-15,179.725,rollback
BRIDGE_SPY_DISCLOSURE,SPY_BRIDGE,2025-07-08,621.35,65.0051,2025-08-15,True,2025-08-15,645.99,paired
BRIDGE_SPY_DISCLOSURE,SPY_BRIDGE,2025-07-15,627.52,66.3751,2025-08-27,True,2025-08-27,644.57,paired
BRIDGE_SPY_DISCLOSURE,SPY_BRIDGE,2025-03-11,559.4,65.1229,2025-08-28,True,2025-08-28,647.24,paired
BRIDGE_SPY_DISCLOSURE,INTC,2025-05-08,21.01,1740.9185,2025-08-29,False,2025-09-02,23.88,rollback
BRIDGE_SPY_DISCLOSURE,SPY_BRIDGE,2025-03-14,556.11,65.0514,2025-09-02,True,2025-09-02,637.5,paired
BRIDGE_SPY_DISCLOSURE,SPY_BRIDGE,2025-07-29,638.35,67.0583,2025-09-04,True,2025-09-04,644.42,paired
BRIDGE_SPY_DISCLOSURE,SPY_BRIDGE,2025-08-28,647.24,66.7826,2025-09-18,True,2025-09-18,661.89,paired
BRIDGE_SPY_DISCLOSURE,SPY_BRIDGE,2025-08-25,644.04,66.7563,2025-09-26,True,2025-09-26,659.51,paired
BRIDGE_SPY_DISCLOSURE,SPY_BRIDGE,2025-09-03,642.67,65.829,2025-10-01,True,2025-10-01,663.17,paired
BRIDGE_SPY_DISCLOSURE,SPY_BRIDGE,2025-07-15,627.52,66.3717,2025-10-10,True,2025-10-10,672.13,paired
BRIDGE_SPY_DISCLOSURE,SPY_BRIDGE,2025-09-18,661.89,66.597,2025-10-13,True,2025-10-13,660.65,paired
BRIDGE_SPY_DISCLOSURE,SPY_BRIDGE,2025-10-13,660.65,67.7721,2025-10-21,True,2025-10-21,671.44,paired
BRIDGE_SPY_DISCLOSURE,SPY_BRIDGE,2025-09-26,659.51,66.5815,2025-10-22,True,2025-10-22,672.0,paired
BRIDGE_SPY_DISCLOSURE,SPY_BRIDGE,2025-06-25,607.91,64.6982,2025-10-24,True,2025-10-24,676.46,paired
BRIDGE_SPY_DISCLOSURE,SPY_BRIDGE,2025-10-22,672.0,67.8893,2025-10-29,True,2025-10-29,688.72,paired
BRIDGE_SPY_DISCLOSURE,SPY_BRIDGE,2025-10-21,671.44,67.9798,2025-11-03,True,2025-11-03,685.67,paired
BRIDGE_SPY_DISCLOSURE,SPY_BRIDGE,2025-07-15,627.52,66.3684,2025-11-04,True,2025-11-04,676.11,paired
BRIDGE_SPY_DISCLOSURE,SPY_BRIDGE,2025-08-15,645.99,66.8746,2025-11-13,True,2025-11-13,680.5,paired
BRIDGE_SPY_DISCLOSURE,SPY_BRIDGE,2025-08-15,645.99,66.8713,2025-11-14,True,2025-11-14,665.38,paired
BRIDGE_SPY_DISCLOSURE,SPY_BRIDGE,2025-08-27,644.57,66.4991,2025-11-18,True,2025-11-18,662.1,paired
BRIDGE_SPY_DISCLOSURE,SPY_BRIDGE,2025-10-01,663.17,66.8897,2025-11-18,True,2025-11-18,662.1,paired
BRIDGE_SPY_DISCLOSURE,SPY_BRIDGE,2025-11-14,665.38,64.9693,2025-12-02,True,2025-12-02,681.92,paired
BRIDGE_SPY_DISCLOSURE,SPY_BRIDGE,2025-09-26,659.51,66.5782,2025-12-15,True,2025-12-15,685.74,paired
BRIDGE_SPY_DISCLOSURE,SPY_BRIDGE,2025-10-29,688.72,67.9496,2025-12-15,True,2025-12-15,685.74,paired
BRIDGE_SPY_DISCLOSURE,SPY_BRIDGE,2025-11-19,660.78,64.913,2025-12-16,True,2025-12-16,679.23,paired
BRIDGE_SPY_DISCLOSURE,SPY_BRIDGE,2025-12-02,681.92,65.179,2025-12-16,True,2025-12-16,679.23,paired
BRIDGE_SPY_DISCLOSURE,SPY_BRIDGE,2025-10-10,672.13,68.4434,2025-12-18,True,2025-12-18,677.6,paired
BRIDGE_SPY_DISCLOSURE,SPY_BRIDGE,2025-11-24,662.69,64.6327,2025-12-19,True,2025-12-19,676.59,paired
BRIDGE_SPY_DISCLOSURE,SPY_BRIDGE,2025-10-31,685.04,67.596,2025-12-29,True,2025-12-29,687.54,paired
BRIDGE_SPY_DISCLOSURE,SPY_BRIDGE,2025-12-19,676.59,64.6422,2025-12-31,True,2025-12-31,687.14,paired
BRIDGE_SPY_DISCLOSURE,SMCI,2025-06-17,43.24,896.2939,2025-12-31,False,,29.27,open
BRIDGE_SPY_DISCLOSURE,VICI,2025-12-16,28.61,1540.7221,2025-12-31,False,,28.12,open
BRIDGE_SPY_DISCLOSURE,PCG,2025-12-18,15.7,2795.8224,2025-12-31,False,,16.07,open
BRIDGE_SPY_DISCLOSURE,SPY_BRIDGE,2025-06-17,600.21,64.5639,2025-12-31,True,,681.92,open
BRIDGE_SPY_DISCLOSURE,SPY_BRIDGE,2025-09-04,644.42,65.7523,2025-12-31,True,,681.92,open
BRIDGE_SPY_DISCLOSURE,SPY_BRIDGE,2025-11-03,685.67,67.7899,2025-12-31,True,,681.92,open
BRIDGE_SPY_DISCLOSURE,SPY_BRIDGE,2025-11-13,680.5,65.6303,2025-12-31,True,,681.92,open
BRIDGE_SPY_DISCLOSURE,SPY_BRIDGE,2025-11-14,665.38,64.966,2025-12-31,True,,681.92,open
BRIDGE_SPY_DISCLOSURE,SPY_BRIDGE,2025-12-18,677.6,64.776,2025-12-31,True,,681.92,open
BRIDGE_SPY_DISCLOSURE,SPY_BRIDGE,2025-12-18,677.6,64.7728,2025-12-31,True,,681.92,open
BRIDGE_SPY_DISCLOSURE,SPY_BRIDGE,2025-12-22,683.94,64.5881,2025-12-31,True,,681.92,open
BRIDGE_SPY_DISCLOSURE,SPY_BRIDGE,2025-12-29,687.54,64.6232,2025-12-31,True,,681.92,open
BRIDGE_SPY_DISCLOSURE,SPY_BRIDGE,2025-12-31,687.14,64.6756,2025-12-31,True,,681.92,open
