run,date,equity,n_pos,units,drawn,gross
BASELINE,2016-01-04,100000.0,0,0,0.0,0.0
BASELINE,2016-01-05,100000.0,0,0,0.0,0.0
BASELINE,2016-01-06,100000.0,0,0,0.0,0.0
BASELINE,2016-01-07,100000.0,0,0,0.0,0.0
BASELINE,2016-01-08,100000.0,0,0,0.0,0.0
BASELINE,2016-01-11,100000.0,0,0,0.0,0.0
BASELINE,2016-01-12,100000.0,0,0,0.0,0.0
BASELINE,2016-01-13,100000.0,0,0,0.0,0.0
BASELINE,2016-01-14,100000.0,0,0,0.0,0.0
BASELINE,2016-01-15,100000.0,0,0,0.0,0.0
BASELINE,2016-01-19,100000.0,0,0,0.0,0.0
BASELINE,2016-01-20,100000.0,0,0,0.0,0.0
BASELINE,2016-01-21,100000.0,0,0,0.0,0.0
BASELINE,2016-01-22,100000.0,0,0,0.0,0.0
BASELINE,2016-01-25,100000.0,0,0,0.0,0.0
BASELINE,2016-01-26,100000.0,0,0,0.0,0.0
BASELINE,2016-01-27,100000.0,0,0,0.0,0.0
BASELINE,2016-01-28,100000.0,0,0,0.0,0.0
BASELINE,2016-01-29,100000.0,0,0,0.0,0.0
BASELINE,2016-02-01,100682.42,10,10,0.0,100659.94
BASELINE,2016-02-02,97832.08,10,10,0.0,97809.59
BASELINE,2016-02-03,98890.22,10,10,0.0,98387.36
BASELINE,2016-02-04,98972.39,10,10,0.0,98469.54
BASELINE,2016-02-05,96938.75,10,10,0.0,96435.9
BASELINE,2016-02-08,94212.93,9,9,0.0,83898.61
BASELINE,2016-02-09,93539.51,10,10,0.0,92502.57
BASELINE,2016-02-10,93750.24,10,10,0.0,92713.29
BASELINE,2016-02-11,92265.48,10,10,0.0,91228.54
BASELINE,2016-02-12,94200.46,9,9,0.0,83467.1
BASELINE,2016-02-16,96002.19,10,10,0.0,94774.54
BASELINE,2016-02-17,97698.22,10,10,0.0,96470.57
BASELINE,2016-02-18,97023.26,10,10,0.0,95795.61
BASELINE,2016-02-19,98299.56,10,10,0.0,97440.93
BASELINE,2016-02-22,99578.4,10,10,0.0,98719.77
BASELINE,2016-02-23,98434.26,10,10,0.0,97575.63
BASELINE,2016-02-24,99454.57,9,9,0.0,88702.64
BASELINE,2016-02-25,100781.93,10,10,0.0,99992.43
BASELINE,2016-02-26,100436.95,10,10,0.0,99647.45
BASELINE,2016-02-29,99819.21,10,10,0.0,99610.88
BASELINE,2016-03-01,102765.77,10,10,0.0,102557.44
BASELINE,2016-03-02,102900.61,10,10,0.0,102692.28
BASELINE,2016-03-03,102987.34,10,10,0.0,102777.93
BASELINE,2016-03-04,103073.86,10,10,0.0,102864.46
BASELINE,2016-03-07,103071.19,10,10,0.0,102861.78
BASELINE,2016-03-08,101540.56,10,10,0.0,101331.15
BASELINE,2016-03-09,101966.55,5,5,0.0,50411.5
BASELINE,2016-03-10,102395.43,5,5,0.0,50840.37
BASELINE,2016-03-11,102987.36,5,5,0.0,51432.31
BASELINE,2016-03-14,103446.53,8,8,0.0,82779.38
BASELINE,2016-03-15,103221.53,8,8,0.0,82554.38
BASELINE,2016-03-16,103503.78,8,8,0.0,82836.63
BASELINE,2016-03-17,103958.24,10,10,-0.0,103958.24
BASELINE,2016-03-18,104624.76,10,10,-0.0,104624.76
BASELINE,2016-03-21,105066.41,10,10,-0.0,105066.41
BASELINE,2016-03-22,105122.49,10,10,0.0,105090.26
BASELINE,2016-03-23,104393.16,10,10,0.0,104360.94
BASELINE,2016-03-24,104101.0,9,9,0.0,94688.75
BASELINE,2016-03-28,104228.03,9,9,0.0,94815.78
BASELINE,2016-03-29,105373.51,9,9,0.0,95961.27
BASELINE,2016-03-30,106143.1,10,10,-0.0,106143.1
BASELINE,2016-03-31,105576.38,10,10,-0.0,105576.38
BASELINE,2016-04-01,105978.76,10,10,-0.0,105978.76
BASELINE,2016-04-04,105931.47,10,10,-0.0,105931.47
BASELINE,2016-04-05,105406.4,9,9,0.0,92883.01
BASELINE,2016-04-06,106602.59,8,8,0.0,83532.32
BASELINE,2016-04-07,105754.1,10,10,0.0,103923.04
BASELINE,2016-04-08,106715.56,10,10,0.0,104884.5
BASELINE,2016-04-11,106086.81,10,10,0.0,104255.75
BASELINE,2016-04-12,108159.29,10,10,0.0,106328.23
BASELINE,2016-04-13,109552.62,10,10,0.0,107721.56
BASELINE,2016-04-14,109733.8,10,10,0.0,107902.74
BASELINE,2016-04-15,109464.55,10,10,0.0,107633.49
BASELINE,2016-04-18,110411.13,10,10,0.0,108580.07
BASELINE,2016-04-19,111171.56,10,10,0.0,109340.5
BASELINE,2016-04-20,111487.38,10,10,0.0,109656.32
BASELINE,2016-04-21,110479.13,10,10,0.0,108648.07
BASELINE,2016-04-22,110180.99,10,10,0.0,108349.93
BASELINE,2016-04-25,109727.73,8,8,0.0,86915.78
BASELINE,2016-04-26,109329.59,7,7,0.0,72778.27
BASELINE,2016-04-27,109773.75,7,7,0.0,72951.9
BASELINE,2016-04-28,108997.63,10,10,0.0,105054.11
BASELINE,2016-04-29,107449.78,10,10,0.0,103506.26
BASELINE,2016-05-02,108083.95,10,10,0.0,104140.43
BASELINE,2016-05-03,107195.5,10,10,0.0,103251.98
BASELINE,2016-05-04,106285.69,9,9,0.0,90506.53
BASELINE,2016-05-05,106623.1,9,9,0.0,90843.94
BASELINE,2016-05-06,106746.22,10,10,0.0,101598.69
BASELINE,2016-05-09,107497.88,10,10,0.0,102350.35
BASELINE,2016-05-10,108112.97,10,10,0.0,102965.44
BASELINE,2016-05-11,107162.83,10,10,0.0,102015.31
BASELINE,2016-05-12,106344.46,10,10,0.0,101196.93
BASELINE,2016-05-13,105717.38,10,10,0.0,100569.85
BASELINE,2016-05-16,106485.01,10,10,0.0,101337.49
BASELINE,2016-05-17,105640.19,10,10,0.0,100492.66
BASELINE,2016-05-18,105540.07,10,10,0.0,100392.54
BASELINE,2016-05-19,106330.6,10,10,0.0,101183.07
BASELINE,2016-05-20,107588.75,10,10,0.0,102441.22
BASELINE,2016-05-23,107535.87,10,10,0.0,102388.34
BASELINE,2016-05-24,109287.91,10,10,0.0,104256.18
BASELINE,2016-05-25,109795.89,10,10,0.0,104764.15
BASELINE,2016-05-26,110213.99,10,10,0.0,105182.25
BASELINE,2016-05-27,110888.97,10,10,0.0,105857.23
BASELINE,2016-05-31,111522.04,10,10,0.0,106287.4
BASELINE,2016-06-01,112070.88,10,10,0.0,106836.24
BASELINE,2016-06-02,112096.97,10,10,0.0,106862.33
BASELINE,2016-06-03,111205.43,10,10,0.0,107435.59
BASELINE,2016-06-06,111057.96,10,10,0.0,107288.13
BASELINE,2016-06-07,111725.5,10,10,0.0,107955.67
BASELINE,2016-06-08,111520.62,10,10,0.0,107750.78
BASELINE,2016-06-09,111438.07,10,10,0.0,107668.23
BASELINE,2016-06-10,110188.47,10,10,0.0,105596.42
BASELINE,2016-06-13,109217.18,9,9,0.0,93338.74
BASELINE,2016-06-14,109219.38,9,9,0.0,93340.93
BASELINE,2016-06-15,109333.85,10,10,0.0,104396.52
BASELINE,2016-06-16,109460.59,10,10,0.0,104523.25
BASELINE,2016-06-17,109203.44,10,10,0.0,104266.11
BASELINE,2016-06-20,110157.08,10,10,0.0,105219.74
BASELINE,2016-06-21,110602.8,10,10,0.0,105665.46
BASELINE,2016-06-22,110465.78,10,10,0.0,105528.44
BASELINE,2016-06-23,111912.58,10,10,0.0,106975.24
BASELINE,2016-06-24,106463.16,10,10,0.0,101525.82
BASELINE,2016-06-27,103952.64,10,10,0.0,99015.3
BASELINE,2016-06-28,105951.72,10,10,0.0,101014.38
BASELINE,2016-06-29,108479.46,10,10,0.0,103542.12
BASELINE,2016-06-30,110028.78,10,10,0.0,105091.44
BASELINE,2016-07-01,110902.09,10,10,0.0,105964.75
BASELINE,2016-07-05,109839.63,10,10,0.0,104902.29
BASELINE,2016-07-06,110069.39,10,10,0.0,105132.05
BASELINE,2016-07-07,110211.73,10,10,0.0,105274.39
BASELINE,2016-07-08,111628.42,10,10,0.0,105299.7
BASELINE,2016-07-11,112464.7,10,10,0.0,106135.97
BASELINE,2016-07-12,113639.24,10,10,0.0,107310.52
BASELINE,2016-07-13,112778.12,10,10,0.0,106449.4
BASELINE,2016-07-14,114161.81,10,10,0.0,107459.78
BASELINE,2016-07-15,114004.26,10,10,0.0,107302.24
BASELINE,2016-07-18,114493.71,10,10,0.0,107791.68
BASELINE,2016-07-19,114541.6,10,10,0.0,107839.58
BASELINE,2016-07-20,114715.33,10,10,0.0,108013.3
BASELINE,2016-07-21,115211.04,10,10,0.0,108509.02
BASELINE,2016-07-22,116081.09,10,10,0.0,112613.22
BASELINE,2016-07-25,115463.85,10,10,0.0,111995.97
BASELINE,2016-07-26,115664.65,10,10,0.0,112196.78
BASELINE,2016-07-27,115948.15,9,9,0.0,101928.26
BASELINE,2016-07-28,116126.19,9,9,0.0,102106.29
BASELINE,2016-07-29,116159.17,10,10,0.0,113734.28
BASELINE,2016-08-01,116767.41,10,10,0.0,114342.52
BASELINE,2016-08-02,115829.23,10,10,0.0,113404.34
BASELINE,2016-08-03,116402.82,10,10,0.0,113977.93
BASELINE,2016-08-04,116059.8,10,10,0.0,113634.91
BASELINE,2016-08-05,116930.84,10,10,0.0,114505.95
BASELINE,2016-08-08,116819.09,10,10,0.0,114394.2
BASELINE,2016-08-09,116936.03,10,10,0.0,114511.14
BASELINE,2016-08-10,116915.41,10,10,0.0,112615.33
BASELINE,2016-08-11,118004.61,10,10,0.0,113704.53
BASELINE,2016-08-12,118374.72,10,10,0.0,113497.16
BASELINE,2016-08-15,118603.99,10,10,0.0,113726.42
BASELINE,2016-08-16,118035.5,10,10,0.0,113157.94
BASELINE,2016-08-17,118487.87,10,10,0.0,113610.3
BASELINE,2016-08-18,118819.87,10,10,0.0,113942.31
BASELINE,2016-08-19,118547.44,10,10,0.0,113669.88
BASELINE,2016-08-22,118304.56,10,10,0.0,113426.99
BASELINE,2016-08-23,118182.92,10,10,0.0,113305.35
BASELINE,2016-08-24,117763.35,10,10,0.0,112016.02
BASELINE,2016-08-25,117658.43,10,10,0.0,111911.09
BASELINE,2016-08-26,117574.95,10,10,0.0,111827.62
BASELINE,2016-08-29,118292.32,10,10,0.0,112544.98
BASELINE,2016-08-30,118191.42,10,10,0.0,112444.09
BASELINE,2016-08-31,117781.97,10,10,0.0,112034.63
BASELINE,2016-09-01,118255.86,10,10,0.0,112508.52
BASELINE,2016-09-02,118496.51,10,10,0.0,112749.17
BASELINE,2016-09-06,118606.8,10,10,0.0,112859.46
BASELINE,2016-09-07,118319.56,10,10,0.0,112217.74
BASELINE,2016-09-08,118188.21,10,10,0.0,112086.39
BASELINE,2016-09-09,115006.04,10,10,0.0,108904.22
BASELINE,2016-09-12,116765.86,10,10,0.0,110664.05
BASELINE,2016-09-13,115220.53,10,10,0.0,109118.71
BASELINE,2016-09-14,115207.72,10,10,0.0,109105.91
BASELINE,2016-09-15,116432.7,10,10,0.0,110330.89
BASELINE,2016-09-16,116096.11,10,10,0.0,109994.3
BASELINE,2016-09-19,116152.1,10,10,0.0,110050.28
BASELINE,2016-09-20,116021.86,10,10,0.0,109920.04
BASELINE,2016-09-21,117213.21,10,10,0.0,111111.4
BASELINE,2016-09-22,117989.62,10,10,0.0,111887.8
BASELINE,2016-09-23,117527.35,10,10,0.0,111425.53
BASELINE,2016-09-26,116652.97,10,10,0.0,110551.16
BASELINE,2016-09-27,117619.92,10,10,0.0,111746.1
BASELINE,2016-09-28,118016.3,10,10,0.0,112142.47
BASELINE,2016-09-29,116874.06,10,10,0.0,111000.24
BASELINE,2016-09-30,118512.93,10,10,0.0,112639.1
BASELINE,2016-10-03,118654.08,10,10,0.0,112780.26
BASELINE,2016-10-04,118075.15,10,10,0.0,113100.11
BASELINE,2016-10-05,118760.79,10,10,0.0,113785.75
BASELINE,2016-10-06,118618.4,10,10,0.0,113643.36
BASELINE,2016-10-07,118704.49,10,10,0.0,113729.45
BASELINE,2016-10-10,119277.35,10,10,0.0,116348.35
BASELINE,2016-10-11,117790.14,10,10,0.0,114861.14
BASELINE,2016-10-12,118037.33,10,10,0.0,114704.07
BASELINE,2016-10-13,117557.37,10,10,0.0,114224.11
BASELINE,2016-10-14,116768.01,10,10,0.0,113050.35
BASELINE,2016-10-17,115801.98,10,10,0.0,112084.31
BASELINE,2016-10-18,116750.18,10,10,0.0,113032.51
BASELINE,2016-10-19,117203.87,10,10,0.0,113486.21
BASELINE,2016-10-20,117258.95,10,10,0.0,113541.29
BASELINE,2016-10-21,117300.25,10,10,0.0,113582.59
BASELINE,2016-10-24,117844.08,10,10,0.0,114126.42
BASELINE,2016-10-25,117192.67,10,10,0.0,114921.06
BASELINE,2016-10-26,115860.12,10,10,0.0,113118.98
BASELINE,2016-10-27,115344.37,10,10,0.0,112603.22
BASELINE,2016-10-28,115575.3,10,10,0.0,112834.16
BASELINE,2016-10-31,115910.98,10,10,0.0,113169.84
BASELINE,2016-11-01,115218.84,10,10,0.0,112477.69
BASELINE,2016-11-02,114731.94,10,10,0.0,111990.79
BASELINE,2016-11-03,114468.55,10,10,0.0,111727.4
BASELINE,2016-11-04,114976.38,10,10,0.0,112235.23
BASELINE,2016-11-07,117676.77,10,10,0.0,114935.62
BASELINE,2016-11-08,118968.28,10,10,0.0,116227.13
BASELINE,2016-11-09,121165.16,10,10,0.0,118424.01
BASELINE,2016-11-10,122982.09,10,10,0.0,121174.36
BASELINE,2016-11-11,123329.6,10,10,0.0,121521.88
BASELINE,2016-11-14,123895.73,10,10,0.0,122088.01
BASELINE,2016-11-15,124522.84,10,10,0.0,123822.95
BASELINE,2016-11-16,123780.71,10,10,-0.0,123780.71
BASELINE,2016-11-17,124645.85,10,10,-0.0,124645.85
BASELINE,2016-11-18,124402.87,10,10,0.0,121503.09
BASELINE,2016-11-21,125427.33,10,10,0.0,122527.54
BASELINE,2016-11-22,125672.05,10,10,0.0,122772.26
BASELINE,2016-11-23,124622.12,10,10,0.0,121070.54
BASELINE,2016-11-25,125183.19,10,10,0.0,121631.61
BASELINE,2016-11-28,123511.67,10,10,0.0,119960.09
BASELINE,2016-11-29,123543.11,10,10,0.0,119156.19
BASELINE,2016-11-30,123806.14,10,10,0.0,119419.23
BASELINE,2016-12-01,122231.34,10,10,0.0,118755.02
BASELINE,2016-12-02,122506.08,10,10,0.0,119029.77
BASELINE,2016-12-05,123868.68,10,10,0.0,119388.22
BASELINE,2016-12-06,124505.31,10,10,0.0,120024.86
BASELINE,2016-12-07,126133.53,10,10,0.0,121653.07
BASELINE,2016-12-08,125284.07,10,10,0.0,120803.61
BASELINE,2016-12-09,125389.29,10,10,0.0,120737.69
BASELINE,2016-12-12,125671.25,10,10,0.0,121019.65
BASELINE,2016-12-13,126666.43,10,10,0.0,122207.22
BASELINE,2016-12-14,125339.72,10,10,0.0,121091.23
BASELINE,2016-12-15,125460.59,10,10,0.0,121212.09
BASELINE,2016-12-16,124819.77,10,10,0.0,120571.28
BASELINE,2016-12-19,124875.45,10,10,0.0,120626.96
BASELINE,2016-12-20,124816.24,10,10,0.0,120796.72
BASELINE,2016-12-21,125153.31,10,10,0.0,121133.79
BASELINE,2016-12-22,124809.88,10,10,0.0,120933.22
BASELINE,2016-12-23,124835.1,10,10,0.0,120958.44
BASELINE,2016-12-27,125596.57,10,10,0.0,121719.91
BASELINE,2016-12-28,124160.91,10,10,0.0,120284.24
BASELINE,2016-12-29,123912.02,9,9,0.0,109727.88
BASELINE,2016-12-30,122821.62,9,9,0.0,108637.48
BASELINE,2017-01-03,124223.02,10,10,0.0,122431.58
BASELINE,2017-01-04,125174.27,10,10,0.0,123382.83
BASELINE,2017-01-05,125944.88,10,10,0.0,124153.44
BASELINE,2017-01-06,126895.2,10,10,0.0,125103.77
BASELINE,2017-01-09,126364.67,10,10,0.0,124573.23
BASELINE,2017-01-10,126115.41,10,10,0.0,124027.55
BASELINE,2017-01-11,127169.25,10,10,0.0,125081.39
BASELINE,2017-01-12,127193.24,10,10,0.0,125105.38
BASELINE,2017-01-13,128577.45,10,10,0.0,126489.59
BASELINE,2017-01-17,126762.29,10,10,0.0,124674.43
BASELINE,2017-01-18,127592.07,10,10,0.0,126866.51
BASELINE,2017-01-19,128352.98,10,10,0.0,127627.42
BASELINE,2017-01-20,128501.68,10,10,0.0,127776.12
BASELINE,2017-01-23,126906.28,10,10,0.0,124867.72
BASELINE,2017-01-24,129035.6,10,10,0.0,126997.03
BASELINE,2017-01-25,130836.6,10,10,0.0,128798.04
BASELINE,2017-01-26,129433.37,10,10,0.0,127394.81
BASELINE,2017-01-27,129919.58,10,10,0.0,127881.02
BASELINE,2017-01-30,128201.93,10,10,0.0,126163.36
BASELINE,2017-01-31,128125.56,10,10,0.0,126086.99
BASELINE,2017-02-01,127781.47,9,9,0.0,111312.8
BASELINE,2017-02-02,128359.96,10,10,0.0,124638.44
BASELINE,2017-02-03,128992.87,10,10,0.0,125271.34
BASELINE,2017-02-06,129623.86,10,10,0.0,125902.33
BASELINE,2017-02-07,129651.56,10,10,0.0,125795.13
BASELINE,2017-02-08,129273.73,10,10,0.0,125417.3
BASELINE,2017-02-09,129536.27,10,10,0.0,125679.85
BASELINE,2017-02-10,129656.9,10,10,0.0,124991.88
BASELINE,2017-02-13,130837.1,10,10,0.0,126172.08
BASELINE,2017-02-14,131774.69,10,10,0.0,127109.67
BASELINE,2017-02-15,132082.21,10,10,0.0,127417.18
BASELINE,2017-02-16,131065.13,10,10,0.0,126052.25
BASELINE,2017-02-17,130940.85,8,8,0.0,100239.68
BASELINE,2017-02-21,132228.47,9,9,0.0,114696.15
BASELINE,2017-02-22,131284.91,10,10,0.0,126925.56
BASELINE,2017-02-23,132081.85,10,10,0.0,127722.5
BASELINE,2017-02-24,131998.97,10,10,0.0,127308.77
BASELINE,2017-02-27,132138.19,10,10,0.0,127447.99
BASELINE,2017-02-28,131285.6,10,10,0.0,126607.28
BASELINE,2017-03-01,132542.44,10,10,0.0,127864.12
BASELINE,2017-03-02,132290.61,10,10,0.0,127612.29
BASELINE,2017-03-03,132046.69,10,10,0.0,127368.36
BASELINE,2017-03-06,131090.44,10,10,0.0,126412.12
BASELINE,2017-03-07,130628.19,10,10,0.0,125949.87
BASELINE,2017-03-08,129842.05,10,10,0.0,125163.72
BASELINE,2017-03-09,130253.21,10,10,0.0,125574.89
BASELINE,2017-03-10,131578.23,10,10,0.0,126899.9
BASELINE,2017-03-13,131920.62,10,10,0.0,127242.3
BASELINE,2017-03-14,131007.15,10,10,0.0,126328.83
BASELINE,2017-03-15,132921.3,10,10,0.0,128242.97
BASELINE,2017-03-16,132258.08,10,10,0.0,127579.75
BASELINE,2017-03-17,131949.93,10,10,0.0,127271.61
BASELINE,2017-03-20,131595.13,10,10,0.0,126916.81
BASELINE,2017-03-21,129705.7,10,10,0.0,125027.37
BASELINE,2017-03-22,129837.47,10,10,0.0,123220.11
BASELINE,2017-03-23,129726.99,10,10,0.0,123109.63
BASELINE,2017-03-24,129982.26,10,10,0.0,123364.9
BASELINE,2017-03-27,129541.76,10,10,0.0,122924.4
BASELINE,2017-03-28,129794.29,10,10,0.0,123176.93
BASELINE,2017-03-29,130269.08,10,10,0.0,123651.72
BASELINE,2017-03-30,129830.16,10,10,0.0,123212.8
BASELINE,2017-03-31,130431.18,10,10,0.0,123813.82
BASELINE,2017-04-03,130580.97,10,10,0.0,123963.61
BASELINE,2017-04-04,130767.67,10,10,0.0,124150.31
BASELINE,2017-04-05,130380.56,10,10,0.0,123763.2
BASELINE,2017-04-06,130544.81,10,10,0.0,123927.45
BASELINE,2017-04-07,130336.85,10,10,0.0,123719.49
BASELINE,2017-04-10,130891.25,10,10,0.0,124273.89
BASELINE,2017-04-11,130379.75,10,10,0.0,123762.39
BASELINE,2017-04-12,129735.35,10,10,0.0,123117.98
BASELINE,2017-04-13,128535.02,10,10,0.0,121917.66
BASELINE,2017-04-17,129153.52,10,10,0.0,122536.16
BASELINE,2017-04-18,128776.94,10,10,0.0,122159.58
BASELINE,2017-04-19,128252.58,10,10,0.0,121635.21
BASELINE,2017-04-20,128895.78,10,10,0.0,122278.42
BASELINE,2017-04-21,128479.74,10,10,0.0,121862.38
BASELINE,2017-04-24,128906.9,10,10,0.0,122289.54
BASELINE,2017-04-25,129460.38,10,10,0.0,122843.02
BASELINE,2017-04-26,131221.46,10,10,0.0,124604.1
BASELINE,2017-04-27,130661.04,10,10,0.0,124043.67
BASELINE,2017-04-28,130495.91,10,10,0.0,123878.54
BASELINE,2017-05-01,129459.29,9,9,0.0,110396.6
BASELINE,2017-05-02,127033.89,10,10,0.0,120918.44
BASELINE,2017-05-03,127483.39,10,10,0.0,121367.94
BASELINE,2017-05-04,125843.3,10,10,0.0,119727.85
BASELINE,2017-05-05,127813.55,10,10,0.0,121698.11
BASELINE,2017-05-08,127653.04,10,10,0.0,121537.59
BASELINE,2017-05-09,127171.74,10,10,0.0,121056.29
BASELINE,2017-05-10,128700.34,10,10,0.0,122584.9
BASELINE,2017-05-11,128702.89,10,10,0.0,122587.45
BASELINE,2017-05-12,128442.29,10,10,0.0,120007.05
BASELINE,2017-05-15,129264.56,10,10,0.0,120829.32
BASELINE,2017-05-16,130477.34,10,10,0.0,122042.11
BASELINE,2017-05-17,127498.03,10,10,0.0,119062.79
BASELINE,2017-05-18,127664.65,10,10,0.0,119229.42
BASELINE,2017-05-19,128871.99,10,10,0.0,120436.76
BASELINE,2017-05-22,129207.01,10,10,0.0,120771.78
BASELINE,2017-05-23,128832.74,10,10,0.0,120397.51
BASELINE,2017-05-24,128679.5,10,10,0.0,120244.26
BASELINE,2017-05-25,127623.96,10,10,0.0,119188.72
BASELINE,2017-05-26,127500.1,10,10,0.0,121285.33
BASELINE,2017-05-30,126536.45,10,10,0.0,120321.68
BASELINE,2017-05-31,126765.39,10,10,0.0,120550.62
BASELINE,2017-06-01,127476.06,10,10,0.0,121261.29
BASELINE,2017-06-02,127707.5,10,10,0.0,121492.73
BASELINE,2017-06-05,127940.54,10,10,0.0,122626.33
BASELINE,2017-06-06,128444.01,10,10,0.0,122896.39
BASELINE,2017-06-07,128127.05,10,10,0.0,122579.42
BASELINE,2017-06-08,128407.49,10,10,0.0,122859.87
BASELINE,2017-06-09,128647.35,10,10,0.0,122104.4
BASELINE,2017-06-12,128545.5,10,10,0.0,121859.02
BASELINE,2017-06-13,128679.96,10,10,0.0,121993.48
BASELINE,2017-06-14,127314.31,10,10,0.0,120627.84
BASELINE,2017-06-15,126477.61,10,10,0.0,119791.14
BASELINE,2017-06-16,127032.45,10,10,0.0,120345.98
BASELINE,2017-06-19,127479.51,10,10,0.0,120793.03
BASELINE,2017-06-20,125621.07,10,10,0.0,118934.6
BASELINE,2017-06-21,124581.57,10,10,0.0,117895.09
BASELINE,2017-06-22,125269.35,10,10,0.0,118582.87
BASELINE,2017-06-23,125593.04,10,10,0.0,118906.56
BASELINE,2017-06-26,126084.85,10,10,0.0,119398.38
BASELINE,2017-06-27,125721.42,10,10,0.0,119034.94
BASELINE,2017-06-28,127181.15,10,10,0.0,120494.67
BASELINE,2017-06-29,127247.91,10,10,0.0,120561.43
BASELINE,2017-06-30,127844.34,10,10,0.0,121157.87
BASELINE,2017-07-03,128800.7,10,10,0.0,121762.77
BASELINE,2017-07-05,128680.01,10,10,0.0,121642.08
BASELINE,2017-07-06,126768.4,10,10,0.0,118246.16
BASELINE,2017-07-07,126780.89,9,9,0.0,104627.8
BASELINE,2017-07-10,126994.46,10,10,0.0,117502.18
BASELINE,2017-07-11,127184.07,10,10,0.0,117691.8
BASELINE,2017-07-12,127945.37,10,10,0.0,117982.95
BASELINE,2017-07-13,128296.43,10,10,0.0,118334.01
BASELINE,2017-07-14,129141.32,10,10,0.0,119178.89
BASELINE,2017-07-17,129217.36,10,10,0.0,119254.94
BASELINE,2017-07-18,129368.04,10,10,0.0,119405.62
BASELINE,2017-07-19,130489.69,10,10,0.0,120527.26
BASELINE,2017-07-20,131261.48,10,10,0.0,121299.06
BASELINE,2017-07-21,131245.32,10,10,0.0,126164.12
BASELINE,2017-07-24,130080.4,10,10,0.0,124999.21
BASELINE,2017-07-25,131016.92,9,9,0.0,112364.18
BASELINE,2017-07-26,131828.49,10,10,0.0,126338.14
BASELINE,2017-07-27,133213.65,10,10,0.0,127723.3
BASELINE,2017-07-28,132508.26,10,10,0.0,127222.16
BASELINE,2017-07-31,132286.71,10,10,0.0,127000.62
BASELINE,2017-08-01,133111.38,10,10,0.0,127825.29
BASELINE,2017-08-02,133005.52,9,9,0.0,116122.71
BASELINE,2017-08-03,132346.13,10,10,0.0,128745.75
BASELINE,2017-08-04,133269.0,10,10,0.0,129668.61
BASELINE,2017-08-07,133498.49,9,9,0.0,116215.37
BASELINE,2017-08-08,133288.49,10,10,0.0,129363.65
BASELINE,2017-08-09,132409.56,10,10,0.0,129601.07
BASELINE,2017-08-10,130522.1,8,8,0.0,101814.09
BASELINE,2017-08-11,130599.79,7,7,0.0,89155.0
BASELINE,2017-08-14,132153.23,7,7,0.0,90708.44
BASELINE,2017-08-15,132231.0,10,10,0.0,130512.84
BASELINE,2017-08-16,132769.49,10,10,0.0,130007.55
BASELINE,2017-08-17,129934.08,10,10,0.0,127172.14
BASELINE,2017-08-18,130224.3,10,10,0.0,127462.36
BASELINE,2017-08-21,129612.33,10,10,0.0,126850.39
BASELINE,2017-08-22,132327.84,10,10,0.0,129565.9
BASELINE,2017-08-23,131672.81,10,10,0.0,128910.87
BASELINE,2017-08-24,131459.66,9,9,0.0,115393.96
BASELINE,2017-08-25,131402.59,10,10,0.0,129365.53
BASELINE,2017-08-28,130887.76,10,10,0.0,128850.71
BASELINE,2017-08-29,130833.41,10,10,0.0,128796.36
BASELINE,2017-08-30,131623.72,10,10,0.0,129586.67
BASELINE,2017-08-31,132282.8,10,10,0.0,130245.75
BASELINE,2017-09-01,132770.16,10,10,0.0,130733.11
BASELINE,2017-09-05,131098.87,10,10,0.0,129114.1
BASELINE,2017-09-06,132885.43,10,10,0.0,130900.66
BASELINE,2017-09-07,132497.14,10,10,0.0,130512.37
BASELINE,2017-09-08,131605.82,10,10,0.0,129621.05
BASELINE,2017-09-11,133185.69,10,10,0.0,131200.92
BASELINE,2017-09-12,134523.11,10,10,0.0,132538.34
BASELINE,2017-09-13,135214.09,10,10,0.0,133341.76
BASELINE,2017-09-14,135100.42,10,10,0.0,133228.09
BASELINE,2017-09-15,136027.82,10,10,0.0,134155.49
BASELINE,2017-09-18,135796.06,10,10,0.0,133923.73
BASELINE,2017-09-19,136129.86,10,10,0.0,134257.53
BASELINE,2017-09-20,136553.0,10,10,0.0,135534.28
BASELINE,2017-09-21,136453.91,10,10,0.0,135435.2
BASELINE,2017-09-22,136732.36,10,10,0.0,135713.65
BASELINE,2017-09-25,136814.09,10,10,0.0,135795.38
BASELINE,2017-09-26,137512.88,10,10,0.0,136953.98
BASELINE,2017-09-27,138186.82,10,10,0.0,137627.92
BASELINE,2017-09-28,137927.28,10,10,0.0,137368.38
BASELINE,2017-09-29,138178.79,10,10,0.0,137619.89
BASELINE,2017-10-02,137950.01,10,10,0.0,137391.11
BASELINE,2017-10-03,137550.79,10,10,0.0,136991.89
BASELINE,2017-10-04,137835.67,10,10,0.0,134813.99
BASELINE,2017-10-05,138644.02,10,10,0.0,135622.34
BASELINE,2017-10-06,138741.34,10,10,0.0,135719.66
BASELINE,2017-10-09,138695.39,10,10,0.0,135673.72
BASELINE,2017-10-10,139410.33,10,10,0.0,135937.72
BASELINE,2017-10-11,140469.95,10,10,0.0,136997.35
BASELINE,2017-10-12,140979.75,10,10,0.0,137507.15
BASELINE,2017-10-13,141735.25,10,10,0.0,138262.65
BASELINE,2017-10-16,141595.02,10,10,0.0,138122.42
BASELINE,2017-10-17,141311.12,10,10,0.0,137838.52
BASELINE,2017-10-18,140505.21,10,10,0.0,137032.61
BASELINE,2017-10-19,140286.53,10,10,0.0,136813.92
BASELINE,2017-10-20,139945.31,10,10,0.0,136582.85
BASELINE,2017-10-23,139593.14,10,10,0.0,136230.68
BASELINE,2017-10-24,140051.1,10,10,0.0,136688.65
BASELINE,2017-10-25,135368.91,10,10,0.0,132006.45
BASELINE,2017-10-26,135147.03,10,10,0.0,131784.58
BASELINE,2017-10-27,135292.2,10,10,0.0,131929.74
BASELINE,2017-10-30,133687.34,10,10,0.0,130324.88
BASELINE,2017-10-31,133634.58,9,9,0.0,115655.6
BASELINE,2017-11-01,132965.49,10,10,0.0,128411.04
BASELINE,2017-11-02,131071.38,10,10,0.0,126516.92
BASELINE,2017-11-03,132781.62,10,10,0.0,128227.16
BASELINE,2017-11-06,133637.12,10,10,0.0,129082.66
BASELINE,2017-11-07,133762.79,10,10,0.0,129208.33
BASELINE,2017-11-08,133406.51,10,10,0.0,128852.06
BASELINE,2017-11-09,131120.0,10,10,0.0,126565.55
BASELINE,2017-11-10,130946.64,10,10,0.0,124179.55
BASELINE,2017-11-13,131197.74,10,10,0.0,124430.66
BASELINE,2017-11-14,130450.02,10,10,0.0,122316.12
BASELINE,2017-11-15,130720.74,10,10,0.0,122586.85
BASELINE,2017-11-16,131627.1,10,10,0.0,123493.2
BASELINE,2017-11-17,132101.02,10,10,0.0,123967.12
BASELINE,2017-11-20,132119.4,10,10,0.0,123985.5
BASELINE,2017-11-21,132006.69,10,10,0.0,123872.79
BASELINE,2017-11-22,132668.26,10,10,0.0,124534.36
BASELINE,2017-11-24,132482.91,10,10,0.0,124349.01
BASELINE,2017-11-27,132957.57,10,10,0.0,124823.67
BASELINE,2017-11-28,134835.58,10,10,0.0,126701.68
BASELINE,2017-11-29,137553.94,10,10,0.0,129420.05
BASELINE,2017-11-30,138642.72,10,10,0.0,130508.82
BASELINE,2017-12-01,139481.92,10,10,0.0,131348.02
BASELINE,2017-12-04,141002.75,10,10,0.0,132868.85
BASELINE,2017-12-05,139220.61,10,10,0.0,131086.71
BASELINE,2017-12-06,138269.73,9,9,0.0,120533.58
BASELINE,2017-12-07,138508.01,9,9,0.0,120774.06
BASELINE,2017-12-08,139410.84,10,10,0.0,135706.63
BASELINE,2017-12-11,140197.67,10,10,0.0,136187.94
BASELINE,2017-12-12,141084.13,10,10,0.0,137074.41
BASELINE,2017-12-13,141776.45,10,10,0.0,137766.73
BASELINE,2017-12-14,141317.04,10,10,0.0,137307.31
BASELINE,2017-12-15,141803.59,9,9,0.0,124839.32
BASELINE,2017-12-18,143830.47,10,10,0.0,141068.2
BASELINE,2017-12-19,143298.53,10,10,0.0,140536.26
BASELINE,2017-12-20,144169.14,10,10,0.0,141406.87
BASELINE,2017-12-21,144166.85,10,10,0.0,141085.65
BASELINE,2017-12-22,143699.89,10,10,0.0,140788.8
BASELINE,2017-12-26,143091.48,10,10,0.0,140180.39
BASELINE,2017-12-27,143252.95,10,10,0.0,140341.86
BASELINE,2017-12-28,144086.57,10,10,0.0,141175.48
BASELINE,2017-12-29,142813.13,10,10,0.0,139902.04
BASELINE,2018-01-02,147112.85,10,10,0.0,144201.75
BASELINE,2018-01-03,149215.27,10,10,0.0,146304.17
BASELINE,2018-01-04,151177.67,10,10,0.0,148266.58
BASELINE,2018-01-05,151340.84,10,10,0.0,148429.74
BASELINE,2018-01-08,152411.29,10,10,0.0,149500.2
BASELINE,2018-01-09,150715.83,9,9,0.0,133452.25
BASELINE,2018-01-10,150343.49,8,8,0.0,117578.46
BASELINE,2018-01-11,152674.48,8,8,0.0,121005.15
BASELINE,2018-01-12,154215.91,8,8,0.0,122546.58
BASELINE,2018-01-16,152381.07,8,8,0.0,120711.75
BASELINE,2018-01-17,153521.72,8,8,0.0,121936.74
BASELINE,2018-01-18,154395.75,10,10,0.0,153793.6
BASELINE,2018-01-19,155417.89,10,10,0.0,154815.74
BASELINE,2018-01-22,156580.1,10,10,0.0,155977.95
BASELINE,2018-01-23,158741.86,10,10,0.0,158139.71
BASELINE,2018-01-24,159621.38,10,10,0.0,159019.23
BASELINE,2018-01-25,158805.23,9,9,0.0,145299.55
BASELINE,2018-01-26,161301.61,8,8,0.0,131705.34
BASELINE,2018-01-29,161964.03,10,10,-0.0,161964.03
BASELINE,2018-01-30,158854.54,10,10,-0.0,158854.54
BASELINE,2018-01-31,158136.37,9,9,0.0,143214.17
BASELINE,2018-02-01,157224.69,9,9,0.0,141677.76
BASELINE,2018-02-02,155415.29,10,10,-0.0,155415.29
BASELINE,2018-02-05,149705.64,9,9,0.0,133335.58
BASELINE,2018-02-06,153096.21,8,8,0.0,121126.03
BASELINE,2018-02-07,152499.6,8,8,0.0,120529.42
BASELINE,2018-02-08,147464.33,9,9,0.0,130781.57
BASELINE,2018-02-09,148613.91,9,9,0.0,131931.16
BASELINE,2018-02-12,150278.93,9,9,0.0,133596.17
BASELINE,2018-02-13,150956.01,10,10,0.0,149249.69
BASELINE,2018-02-14,153614.13,10,10,0.0,151907.81
BASELINE,2018-02-15,157587.01,10,10,0.0,155880.68
BASELINE,2018-02-16,158010.48,10,10,0.0,156304.15
BASELINE,2018-02-20,156713.01,10,10,0.0,155006.68
BASELINE,2018-02-21,155483.12,10,10,0.0,148771.05
BASELINE,2018-02-22,155379.11,10,10,0.0,148631.62
BASELINE,2018-02-23,158196.83,10,10,0.0,151007.56
BASELINE,2018-02-26,161315.85,10,10,0.0,154126.59
BASELINE,2018-02-27,159983.71,10,10,0.0,152794.45
BASELINE,2018-02-28,158238.1,9,9,0.0,135384.52
BASELINE,2018-03-01,157651.3,9,9,0.0,135752.03
BASELINE,2018-03-02,158980.89,10,10,0.0,152845.72
BASELINE,2018-03-05,161306.31,10,10,0.0,155171.15
BASELINE,2018-03-06,161208.8,10,10,0.0,155073.63
BASELINE,2018-03-07,160099.84,10,10,0.0,154372.42
BASELINE,2018-03-08,159882.53,9,9,0.0,138242.71
BASELINE,2018-03-09,161091.31,10,10,0.0,154211.67
BASELINE,2018-03-12,161705.45,10,10,0.0,154825.81
BASELINE,2018-03-13,161214.42,10,10,0.0,154515.99
BASELINE,2018-03-14,160871.45,10,10,0.0,154173.01
BASELINE,2018-03-15,160134.42,10,10,0.0,153569.28
BASELINE,2018-03-16,161061.85,10,10,0.0,153338.25
BASELINE,2018-03-19,158750.99,10,10,0.0,151027.38
BASELINE,2018-03-20,158337.18,9,9,0.0,134965.46
BASELINE,2018-03-21,158229.33,10,10,0.0,150706.15
BASELINE,2018-03-22,155856.43,10,10,0.0,148333.25
BASELINE,2018-03-23,153381.74,10,10,0.0,145858.56
BASELINE,2018-03-26,156874.86,10,10,0.0,149351.67
BASELINE,2018-03-27,154431.85,10,10,0.0,146908.66
BASELINE,2018-03-28,155883.76,10,10,0.0,148360.57
BASELINE,2018-03-29,156937.46,10,10,0.0,149414.28
BASELINE,2018-04-02,152872.27,10,10,0.0,145349.08
BASELINE,2018-04-03,154450.2,10,10,0.0,146927.01
BASELINE,2018-04-04,157590.03,10,10,0.0,150066.85
BASELINE,2018-04-05,157939.66,10,10,0.0,150416.47
BASELINE,2018-04-06,154980.06,10,10,0.0,147456.88
BASELINE,2018-04-09,155033.78,9,9,0.0,130943.98
BASELINE,2018-04-10,157171.63,10,10,0.0,148737.2
BASELINE,2018-04-11,156788.31,10,10,0.0,148353.88
BASELINE,2018-04-12,157379.3,10,10,0.0,148253.7
BASELINE,2018-04-13,156931.18,10,10,0.0,147805.58
BASELINE,2018-04-16,158244.6,10,10,0.0,149119.0
BASELINE,2018-04-17,161321.47,10,10,0.0,152195.87
BASELINE,2018-04-18,161380.11,10,10,0.0,152254.52
BASELINE,2018-04-19,158907.95,10,10,0.0,149719.46
BASELINE,2018-04-20,157414.64,10,10,0.0,148226.14
BASELINE,2018-04-23,156796.97,10,10,0.0,147608.47
BASELINE,2018-04-24,155960.42,10,10,0.0,146358.94
BASELINE,2018-04-25,156716.63,9,9,0.0,130758.06
BASELINE,2018-04-26,160717.49,9,9,0.0,134758.92
BASELINE,2018-04-27,161394.99,10,10,0.0,151374.14
BASELINE,2018-04-30,158491.65,10,10,0.0,148470.8
BASELINE,2018-05-01,160051.63,10,10,0.0,149841.75
BASELINE,2018-05-02,158661.4,10,10,0.0,147880.63
BASELINE,2018-05-03,158692.32,10,10,0.0,147911.55
BASELINE,2018-05-04,161560.21,10,10,0.0,150779.44
BASELINE,2018-05-07,163068.1,10,10,0.0,152287.33
BASELINE,2018-05-08,161995.98,10,10,0.0,151215.21
BASELINE,2018-05-09,162895.16,10,10,0.0,152114.39
BASELINE,2018-05-10,164754.48,10,10,0.0,153973.71
BASELINE,2018-05-11,164792.68,10,10,0.0,154011.91
BASELINE,2018-05-14,165444.0,10,10,0.0,154663.23
BASELINE,2018-05-15,164250.48,10,10,0.0,153469.71
BASELINE,2018-05-16,166022.27,10,10,0.0,156232.68
BASELINE,2018-05-17,165429.45,10,10,0.0,155639.86
BASELINE,2018-05-18,163807.0,10,10,0.0,154017.41
BASELINE,2018-05-21,165024.44,8,8,0.0,120568.97
BASELINE,2018-05-22,166200.62,8,8,0.0,121745.14
BASELINE,2018-05-23,166595.37,8,8,0.0,122139.9
BASELINE,2018-05-24,166948.74,10,10,0.0,155819.46
BASELINE,2018-05-25,166749.9,10,10,0.0,155620.62
BASELINE,2018-05-29,166032.36,10,10,0.0,154903.08
BASELINE,2018-05-30,166932.0,10,10,0.0,155802.72
BASELINE,2018-05-31,164088.56,10,10,0.0,152959.28
BASELINE,2018-06-01,164614.69,9,9,0.0,135203.18
BASELINE,2018-06-04,164822.05,10,10,0.0,151899.43
BASELINE,2018-06-05,164990.42,10,10,0.0,152067.8
BASELINE,2018-06-06,166775.55,10,10,0.0,153852.93
BASELINE,2018-06-07,167099.21,10,10,0.0,154176.58
BASELINE,2018-06-08,168331.54,10,10,0.0,155408.92
BASELINE,2018-06-11,168712.52,10,10,0.0,155789.89
BASELINE,2018-06-12,169615.01,9,9,0.0,139529.28
BASELINE,2018-06-13,170137.25,10,10,0.0,157083.12
BASELINE,2018-06-14,170982.11,10,10,0.0,157927.98
BASELINE,2018-06-15,170261.7,10,10,0.0,157207.57
BASELINE,2018-06-18,169553.97,10,10,0.0,156499.84
BASELINE,2018-06-19,169387.93,10,10,0.0,158240.98
BASELINE,2018-06-20,171169.51,10,10,0.0,160022.56
BASELINE,2018-06-21,169345.95,10,10,0.0,158199.0
BASELINE,2018-06-22,170965.92,10,10,0.0,159818.96
BASELINE,2018-06-25,168279.03,10,10,0.0,157132.08
BASELINE,2018-06-26,168536.39,10,10,0.0,157389.44
BASELINE,2018-06-27,168088.06,10,10,0.0,156941.11
BASELINE,2018-06-28,168558.29,10,10,0.0,157411.34
BASELINE,2018-06-29,169251.86,10,10,0.0,158104.9
BASELINE,2018-07-02,168752.86,10,10,0.0,157605.91
BASELINE,2018-07-03,169244.36,10,10,0.0,158097.41
BASELINE,2018-07-05,170573.0,10,10,0.0,159426.05
BASELINE,2018-07-06,172374.1,10,10,0.0,161227.14
BASELINE,2018-07-09,174187.76,10,10,0.0,163040.8
BASELINE,2018-07-10,174663.27,10,10,0.0,163516.32
BASELINE,2018-07-11,173090.04,10,10,0.0,161943.08
BASELINE,2018-07-12,173546.69,10,10,0.0,165429.86
BASELINE,2018-07-13,174089.32,10,10,0.0,165972.48
BASELINE,2018-07-16,172396.03,10,10,0.0,164279.19
BASELINE,2018-07-17,172686.12,10,10,0.0,164569.28
BASELINE,2018-07-18,172603.76,10,10,0.0,164486.92
BASELINE,2018-07-19,173263.91,10,10,0.0,165147.08
BASELINE,2018-07-20,173453.93,10,10,0.0,166029.13
BASELINE,2018-07-23,174056.56,10,10,0.0,166631.76
BASELINE,2018-07-24,173921.9,10,10,0.0,166497.1
BASELINE,2018-07-25,174939.93,10,10,0.0,167515.13
BASELINE,2018-07-26,175230.93,10,10,0.0,167806.13
BASELINE,2018-07-27,175199.72,10,10,0.0,168426.77
BASELINE,2018-07-30,175077.71,10,10,0.0,168304.76
BASELINE,2018-07-31,174592.19,10,10,0.0,167819.24
BASELINE,2018-08-01,173921.67,10,10,0.0,167013.43
BASELINE,2018-08-02,176498.1,10,10,0.0,169589.86
BASELINE,2018-08-03,176581.89,10,10,0.0,169673.66
BASELINE,2018-08-06,175900.94,9,9,0.0,151585.1
BASELINE,2018-08-07,175800.89,10,10,0.0,169147.25
BASELINE,2018-08-08,175098.77,10,10,0.0,168445.12
BASELINE,2018-08-09,174000.94,10,10,0.0,167347.29
BASELINE,2018-08-10,173482.32,10,10,0.0,166828.67
BASELINE,2018-08-13,170918.88,10,10,0.0,164265.23
BASELINE,2018-08-14,171790.56,9,9,0.0,144904.27
BASELINE,2018-08-15,171895.55,10,10,0.0,162150.39
BASELINE,2018-08-16,171855.03,10,10,0.0,162109.87
BASELINE,2018-08-17,170979.57,10,10,0.0,159282.1
BASELINE,2018-08-20,171412.85,10,10,0.0,159715.38
BASELINE,2018-08-21,172456.56,10,10,0.0,160759.09
BASELINE,2018-08-22,172767.92,10,10,0.0,161070.45
BASELINE,2018-08-23,172867.81,10,10,0.0,161170.34
BASELINE,2018-08-24,172906.13,10,10,0.0,161208.66
BASELINE,2018-08-27,174921.19,10,10,0.0,163223.72
BASELINE,2018-08-28,174424.45,10,10,0.0,162736.58
BASELINE,2018-08-29,175599.65,10,10,0.0,163911.77
BASELINE,2018-08-30,173823.6,10,10,0.0,162135.73
BASELINE,2018-08-31,173253.22,9,9,0.0,144524.34
BASELINE,2018-09-04,172083.43,10,10,0.0,160673.77
BASELINE,2018-09-05,171408.19,10,10,0.0,159998.53
BASELINE,2018-09-06,169717.11,10,10,0.0,158307.44
BASELINE,2018-09-07,168680.25,10,10,0.0,157270.59
BASELINE,2018-09-10,168796.39,10,10,0.0,157386.73
BASELINE,2018-09-11,168168.03,10,10,0.0,156758.37
BASELINE,2018-09-12,168770.96,10,10,0.0,157361.3
BASELINE,2018-09-13,169786.2,10,10,0.0,158376.54
BASELINE,2018-09-14,169834.4,10,10,0.0,158424.74
BASELINE,2018-09-17,169170.54,10,10,0.0,157760.87
BASELINE,2018-09-18,170203.35,10,10,0.0,157843.91
BASELINE,2018-09-19,171716.34,10,10,0.0,159356.9
BASELINE,2018-09-20,172743.24,10,10,0.0,160383.8
BASELINE,2018-09-21,172410.54,10,10,0.0,160051.1
BASELINE,2018-09-24,170119.39,10,10,0.0,157759.95
BASELINE,2018-09-25,168106.28,10,10,0.0,155746.84
BASELINE,2018-09-26,167340.51,10,10,0.0,154981.07
BASELINE,2018-09-27,167288.78,10,10,0.0,154929.34
BASELINE,2018-09-28,167976.13,10,10,0.0,155616.69
BASELINE,2018-10-01,169430.17,10,10,0.0,157070.73
BASELINE,2018-10-02,170560.18,10,10,0.0,158200.74
BASELINE,2018-10-03,171016.97,10,10,0.0,158657.53
BASELINE,2018-10-04,168212.38,10,10,0.0,155852.94
BASELINE,2018-10-05,167292.87,10,10,0.0,153969.77
BASELINE,2018-10-08,169096.26,10,10,0.0,155773.16
BASELINE,2018-10-09,167491.28,10,10,0.0,154168.17
BASELINE,2018-10-10,163305.09,10,10,0.0,149981.99
BASELINE,2018-10-11,159215.76,10,10,0.0,145892.66
BASELINE,2018-10-12,158413.84,9,9,0.0,129003.14
BASELINE,2018-10-15,158304.81,10,10,0.0,144720.06
BASELINE,2018-10-16,160548.17,10,10,0.0,146963.43
BASELINE,2018-10-17,161400.16,10,10,0.0,147815.42
BASELINE,2018-10-18,157809.49,10,10,0.0,144224.75
BASELINE,2018-10-19,157455.71,10,10,0.0,143870.97
BASELINE,2018-10-22,154851.53,10,10,0.0,140495.29
BASELINE,2018-10-23,155010.61,10,10,0.0,140654.37
BASELINE,2018-10-24,149714.88,10,10,0.0,135358.64
BASELINE,2018-10-25,153727.7,10,10,0.0,139371.46
BASELINE,2018-10-26,151924.8,10,10,0.0,137568.56
BASELINE,2018-10-29,152815.46,10,10,0.0,138459.23
BASELINE,2018-10-30,155454.34,10,10,0.0,141098.11
BASELINE,2018-10-31,157593.98,10,10,0.0,143237.74
BASELINE,2018-11-01,159865.44,10,10,0.0,145509.2
BASELINE,2018-11-02,160836.66,10,10,0.0,146480.43
BASELINE,2018-11-05,162191.25,10,10,0.0,147835.01
BASELINE,2018-11-06,163576.64,10,10,0.0,149220.4
BASELINE,2018-11-07,161541.03,10,10,0.0,147184.79
BASELINE,2018-11-08,160619.19,10,10,0.0,146262.96
BASELINE,2018-11-09,160209.08,10,10,0.0,145852.84
BASELINE,2018-11-12,159019.28,8,8,0.0,112779.08
BASELINE,2018-11-13,158142.32,6,6,0.0,81107.88
BASELINE,2018-11-14,158337.83,6,6,0.0,81303.4
BASELINE,2018-11-15,159609.8,6,6,0.0,82575.36
BASELINE,2018-11-16,160538.69,7,7,0.0,99325.96
BASELINE,2018-11-19,159859.3,7,7,0.0,98646.58
BASELINE,2018-11-20,158433.65,7,7,0.0,97245.28
BASELINE,2018-11-21,158448.39,9,9,0.0,129073.1
BASELINE,2018-11-23,157183.51,10,10,0.0,143528.94
BASELINE,2018-11-26,159826.38,10,10,0.0,146171.81
BASELINE,2018-11-27,160286.05,10,10,0.0,146631.48
BASELINE,2018-11-28,162936.7,10,10,0.0,149282.13
BASELINE,2018-11-29,162628.88,10,10,0.0,148974.31
BASELINE,2018-11-30,163484.71,10,10,0.0,152839.56
BASELINE,2018-12-03,165707.57,10,10,0.0,155062.42
BASELINE,2018-12-04,160326.25,10,10,0.0,149681.1
BASELINE,2018-12-06,158730.59,6,6,0.0,88495.91
BASELINE,2018-12-07,155070.55,10,10,0.0,148324.81
BASELINE,2018-12-10,155819.13,10,10,0.0,149073.39
BASELINE,2018-12-11,155830.81,10,10,0.0,149085.08
BASELINE,2018-12-12,157442.97,10,10,0.0,150697.23
BASELINE,2018-12-13,156860.06,10,10,0.0,150114.33
BASELINE,2018-12-14,154078.96,10,10,0.0,147333.22
BASELINE,2018-12-17,150178.67,10,10,0.0,143432.93
BASELINE,2018-12-18,151146.54,10,10,0.0,144400.81
BASELINE,2018-12-19,146943.91,10,10,0.0,140198.17
BASELINE,2018-12-20,144836.24,10,10,0.0,138090.5
BASELINE,2018-12-21,141866.68,10,10,0.0,135120.95
BASELINE,2018-12-24,138430.74,10,10,0.0,131685.0
BASELINE,2018-12-26,145520.89,10,10,0.0,138775.15
BASELINE,2018-12-27,145935.5,10,10,0.0,139189.77
BASELINE,2018-12-28,146167.12,10,10,0.0,139421.38
BASELINE,2018-12-31,147380.66,10,10,0.0,140634.92
BASELINE,2019-01-02,149442.92,10,10,0.0,142697.19
BASELINE,2019-01-03,143598.52,10,10,0.0,136852.78
BASELINE,2019-01-04,148496.59,10,10,0.0,141750.85
BASELINE,2019-01-07,151037.12,10,10,0.0,144291.38
BASELINE,2019-01-08,152486.9,10,10,0.0,145741.17
BASELINE,2019-01-09,152887.09,10,10,0.0,146141.36
BASELINE,2019-01-10,153993.27,10,10,0.0,152450.92
BASELINE,2019-01-11,153898.37,10,10,0.0,152356.02
BASELINE,2019-01-14,153306.62,10,10,0.0,150853.27
BASELINE,2019-01-15,154913.88,10,10,0.0,152059.76
BASELINE,2019-01-16,154709.35,10,10,0.0,151855.23
BASELINE,2019-01-17,155778.25,9,9,0.0,138291.7
BASELINE,2019-01-18,157795.7,10,10,0.0,155994.84
BASELINE,2019-01-22,155521.82,10,10,0.0,153720.96
BASELINE,2019-01-23,154460.12,8,8,0.0,122728.65
BASELINE,2019-01-24,154512.12,8,8,0.0,122607.14
BASELINE,2019-01-25,154188.75,9,9,0.0,137821.42
BASELINE,2019-01-28,154095.2,10,10,0.0,153003.99
BASELINE,2019-01-29,153518.25,10,10,0.0,152427.04
BASELINE,2019-01-30,156326.96,10,10,0.0,155235.75
BASELINE,2019-01-31,156829.74,10,10,0.0,155738.54
BASELINE,2019-02-01,158298.38,10,10,0.0,157207.17
BASELINE,2019-02-04,160017.05,10,10,0.0,158925.84
BASELINE,2019-02-05,160725.54,10,10,0.0,159634.33
BASELINE,2019-02-06,160556.07,10,10,0.0,158372.23
BASELINE,2019-02-07,158787.63,8,8,0.0,122722.56
BASELINE,2019-02-08,158374.87,10,10,0.0,153835.0
BASELINE,2019-02-11,158380.1,10,10,0.0,153840.22
BASELINE,2019-02-12,160578.25,9,9,0.0,139375.74
BASELINE,2019-02-13,161712.37,10,10,0.0,156670.92
BASELINE,2019-02-14,161654.85,10,10,0.0,156613.39
BASELINE,2019-02-15,163617.98,10,10,0.0,158576.52
BASELINE,2019-02-19,164690.43,10,10,0.0,159561.9
BASELINE,2019-02-20,163597.81,10,10,0.0,158469.27
BASELINE,2019-02-21,161624.76,10,10,0.0,156548.98
BASELINE,2019-02-22,162781.32,10,10,0.0,157528.78
BASELINE,2019-02-25,161888.6,10,10,0.0,156636.06
BASELINE,2019-02-26,161676.12,10,10,0.0,156248.07
BASELINE,2019-02-27,161128.15,10,10,0.0,155700.1
BASELINE,2019-02-28,158714.53,10,10,0.0,153286.48
BASELINE,2019-03-01,160348.43,10,10,0.0,154920.39
BASELINE,2019-03-04,159883.7,10,10,0.0,154455.65
BASELINE,2019-03-05,159914.23,10,10,0.0,154486.18
BASELINE,2019-03-06,158835.64,10,10,0.0,153407.6
BASELINE,2019-03-07,157473.3,9,9,0.0,136347.94
BASELINE,2019-03-08,158170.55,10,10,0.0,152636.28
BASELINE,2019-03-11,160767.94,10,10,0.0,155233.68
BASELINE,2019-03-12,161080.12,10,10,0.0,155545.85
BASELINE,2019-03-13,162955.49,10,10,0.0,157421.22
BASELINE,2019-03-14,162249.18,10,10,0.0,156714.91
BASELINE,2019-03-15,163417.04,10,10,0.0,157882.78
BASELINE,2019-03-18,164448.4,10,10,0.0,158914.13
BASELINE,2019-03-19,164907.56,10,10,0.0,159373.29
BASELINE,2019-03-20,163430.51,10,10,0.0,157698.2
BASELINE,2019-03-21,166622.98,10,10,0.0,158645.77
BASELINE,2019-03-22,162041.99,10,10,0.0,154064.78
BASELINE,2019-03-25,162072.97,8,8,0.0,120884.3
BASELINE,2019-03-26,163379.11,8,8,0.0,122190.43
BASELINE,2019-03-27,162040.55,10,10,0.0,153505.56
BASELINE,2019-03-28,161768.63,10,10,0.0,153233.64
BASELINE,2019-03-29,162623.3,10,10,0.0,154088.3
BASELINE,2019-04-01,165474.26,10,10,0.0,156939.26
BASELINE,2019-04-02,160453.34,10,10,0.0,151918.34
BASELINE,2019-04-03,161319.32,10,10,0.0,152784.32
BASELINE,2019-04-04,163080.77,10,10,0.0,154545.78
BASELINE,2019-04-05,163199.45,10,10,0.0,154664.45
BASELINE,2019-04-08,163834.41,10,10,0.0,154312.55
BASELINE,2019-04-09,163123.89,10,10,0.0,153602.02
BASELINE,2019-04-10,163917.05,10,10,0.0,154395.19
BASELINE,2019-04-11,164168.93,10,10,0.0,154647.07
BASELINE,2019-04-12,165529.84,10,10,0.0,156007.98
BASELINE,2019-04-15,165627.0,10,10,0.0,156105.13
BASELINE,2019-04-16,169804.4,10,10,0.0,159486.3
BASELINE,2019-04-17,171901.68,10,10,0.0,164445.57
BASELINE,2019-04-18,172192.63,10,10,0.0,164736.52
BASELINE,2019-04-22,172302.6,10,10,0.0,164846.49
BASELINE,2019-04-23,174257.36,10,10,0.0,167078.78
BASELINE,2019-04-24,173576.26,10,10,0.0,166517.51
BASELINE,2019-04-25,173846.65,10,10,0.0,166787.89
BASELINE,2019-04-26,174998.98,10,10,0.0,167940.23
BASELINE,2019-04-29,175863.33,10,10,0.0,169468.27
BASELINE,2019-04-30,176404.76,10,10,0.0,170009.7
BASELINE,2019-05-01,177095.16,10,10,0.0,170700.11
BASELINE,2019-05-02,176961.88,9,9,0.0,153871.59
BASELINE,2019-05-03,177994.01,10,10,0.0,171685.77
BASELINE,2019-05-06,178051.86,10,10,0.0,175973.83
BASELINE,2019-05-07,174196.15,10,10,0.0,172118.11
BASELINE,2019-05-08,172975.55,9,9,0.0,152488.53
BASELINE,2019-05-09,171117.11,9,9,0.0,144485.5
BASELINE,2019-05-10,171793.2,10,10,0.0,162240.8
BASELINE,2019-05-13,166218.26,10,10,0.0,156665.86
BASELINE,2019-05-14,169617.59,10,10,0.0,160065.19
BASELINE,2019-05-15,173038.85,10,10,0.0,163486.45
BASELINE,2019-05-16,173742.07,10,10,0.0,164189.67
BASELINE,2019-05-17,173131.9,10,10,0.0,163579.51
BASELINE,2019-05-20,169966.43,10,10,0.0,159824.06
BASELINE,2019-05-21,171919.83,10,10,0.0,161777.47
BASELINE,2019-05-22,169799.44,10,10,0.0,159657.08
BASELINE,2019-05-23,165825.84,10,10,0.0,152302.37
BASELINE,2019-05-24,166414.79,10,10,0.0,152891.31
BASELINE,2019-05-28,168384.9,10,10,0.0,154861.42
BASELINE,2019-05-29,168130.56,10,10,0.0,154607.08
BASELINE,2019-05-30,168779.96,10,10,0.0,155256.49
BASELINE,2019-05-31,165446.18,10,10,0.0,151922.71
BASELINE,2019-06-03,164927.3,9,9,0.0,142550.68
BASELINE,2019-06-04,169470.62,9,9,0.0,147094.0
BASELINE,2019-06-05,170531.82,10,10,0.0,165176.35
BASELINE,2019-06-06,173781.28,10,10,0.0,168425.8
BASELINE,2019-06-07,175154.59,10,10,0.0,169799.11
BASELINE,2019-06-10,177016.72,10,10,0.0,171661.25
BASELINE,2019-06-11,177701.71,10,10,0.0,172346.23
BASELINE,2019-06-12,175787.43,10,10,0.0,170431.95
BASELINE,2019-06-13,177236.83,9,9,0.0,152191.04
BASELINE,2019-06-14,176725.05,10,10,0.0,168702.44
BASELINE,2019-06-17,176946.51,10,10,0.0,168923.9
BASELINE,2019-06-18,180112.98,10,10,0.0,172090.37
BASELINE,2019-06-19,179596.6,10,10,0.0,171573.99
BASELINE,2019-06-20,180751.95,10,10,0.0,173383.79
BASELINE,2019-06-21,181140.72,10,10,0.0,173772.56
BASELINE,2019-06-24,182264.22,9,9,0.0,159762.11
BASELINE,2019-06-25,180347.42,9,9,0.0,157845.31
BASELINE,2019-06-26,181851.6,8,8,0.0,142623.52
BASELINE,2019-06-27,183699.79,9,9,0.0,162966.47
BASELINE,2019-06-28,184210.45,10,10,0.0,181921.4
BASELINE,2019-07-01,185803.92,10,10,0.0,183514.87
BASELINE,2019-07-02,186025.2,10,10,0.0,183736.15
BASELINE,2019-07-03,187390.87,10,10,0.0,183785.34
BASELINE,2019-07-05,187682.04,10,10,0.0,184076.52
BASELINE,2019-07-08,186670.98,10,10,0.0,183065.46
BASELINE,2019-07-09,186785.63,9,9,0.0,164396.65
BASELINE,2019-07-10,187826.78,10,10,0.0,184211.53
BASELINE,2019-07-11,188410.57,10,10,0.0,184795.32
BASELINE,2019-07-12,188395.76,10,10,0.0,184780.52
BASELINE,2019-07-15,189013.99,10,10,0.0,185398.74
BASELINE,2019-07-16,187892.18,10,10,0.0,184276.93
BASELINE,2019-07-17,186827.26,10,10,0.0,183212.01
BASELINE,2019-07-18,185008.45,10,10,0.0,181393.2
BASELINE,2019-07-19,183197.49,10,10,0.0,179582.25
BASELINE,2019-07-22,182493.55,10,10,0.0,177848.03
BASELINE,2019-07-23,183757.53,10,10,0.0,179112.01
BASELINE,2019-07-24,188184.9,10,10,0.0,183539.38
BASELINE,2019-07-25,185850.03,10,10,0.0,181204.51
BASELINE,2019-07-26,187477.4,10,10,0.0,182831.88
BASELINE,2019-07-29,187848.99,10,10,0.0,183203.47
BASELINE,2019-07-30,187296.44,10,10,0.0,182650.92
BASELINE,2019-07-31,183305.61,10,10,0.0,178660.09
BASELINE,2019-08-01,182043.99,10,10,0.0,177398.47
BASELINE,2019-08-02,180437.34,10,10,0.0,175791.82
BASELINE,2019-08-05,175988.5,10,10,0.0,171342.98
BASELINE,2019-08-06,177772.95,9,9,0.0,152147.02
BASELINE,2019-08-07,177873.11,10,10,0.0,169830.94
BASELINE,2019-08-08,182968.84,10,10,0.0,174926.67
BASELINE,2019-08-09,181374.68,10,10,0.0,172744.14
BASELINE,2019-08-12,178597.76,10,10,0.0,169967.21
BASELINE,2019-08-13,180302.06,10,10,0.0,171671.52
BASELINE,2019-08-14,174041.8,10,10,0.0,165411.26
BASELINE,2019-08-15,172929.22,9,9,0.0,146463.25
BASELINE,2019-08-16,176031.85,9,9,0.0,149565.88
BASELINE,2019-08-19,178056.63,10,10,0.0,169423.4
BASELINE,2019-08-20,176411.87,10,10,0.0,167778.65
BASELINE,2019-08-21,177663.06,10,10,0.0,169029.83
BASELINE,2019-08-22,177789.44,10,10,0.0,169156.22
BASELINE,2019-08-23,171876.79,10,10,0.0,163243.56
BASELINE,2019-08-26,174146.3,10,10,0.0,165513.08
BASELINE,2019-08-27,174459.67,10,10,0.0,165826.44
BASELINE,2019-08-28,175701.35,10,10,0.0,167068.12
BASELINE,2019-08-29,178062.08,10,10,0.0,169428.85
BASELINE,2019-08-30,178131.46,10,10,0.0,169498.23
BASELINE,2019-09-03,176732.98,10,10,0.0,168099.75
BASELINE,2019-09-04,179093.07,10,10,0.0,170459.84
BASELINE,2019-09-05,181822.7,10,10,0.0,173189.47
BASELINE,2019-09-06,180825.18,10,10,0.0,172191.95
BASELINE,2019-09-09,182318.92,10,10,0.0,173685.7
BASELINE,2019-09-10,183379.95,10,10,0.0,174746.72
BASELINE,2019-09-11,183133.62,10,10,0.0,176446.08
BASELINE,2019-09-12,184224.86,10,10,0.0,177537.32
BASELINE,2019-09-13,185203.85,10,10,0.0,178516.31
BASELINE,2019-09-16,184282.24,9,9,0.0,159178.39
BASELINE,2019-09-17,184133.31,8,8,0.0,138047.33
BASELINE,2019-09-18,182833.61,10,10,0.0,173439.58
BASELINE,2019-09-19,183311.64,10,10,0.0,173917.61
BASELINE,2019-09-20,182890.08,9,9,0.0,155270.84
BASELINE,2019-09-23,182791.13,10,10,0.0,173399.93
BASELINE,2019-09-24,180219.38,9,9,0.0,154502.14
BASELINE,2019-09-25,180342.72,9,9,0.0,154625.48
BASELINE,2019-09-26,179715.32,10,10,0.0,172081.06
BASELINE,2019-09-27,177556.28,10,10,0.0,169922.02
BASELINE,2019-09-30,179076.35,10,10,0.0,171442.09
BASELINE,2019-10-01,178805.27,10,10,0.0,171171.0
BASELINE,2019-10-02,177068.76,10,10,0.0,169434.5
BASELINE,2019-10-03,178566.0,10,10,0.0,170931.74
BASELINE,2019-10-04,180508.16,10,10,0.0,172873.9
BASELINE,2019-10-07,179661.77,10,10,0.0,172027.51
BASELINE,2019-10-08,177805.28,10,10,0.0,170171.02
BASELINE,2019-10-09,178848.67,10,10,0.0,171214.41
BASELINE,2019-10-10,180075.05,10,10,0.0,172440.79
BASELINE,2019-10-11,181502.43,10,10,0.0,173868.17
BASELINE,2019-10-14,182592.29,10,10,0.0,174958.03
BASELINE,2019-10-15,183594.79,10,10,0.0,175960.53
BASELINE,2019-10-16,182849.46,10,10,0.0,175215.2
BASELINE,2019-10-17,184143.64,10,10,0.0,176509.38
BASELINE,2019-10-18,181687.85,10,10,0.0,174053.59
BASELINE,2019-10-21,182884.46,10,10,0.0,180969.35
BASELINE,2019-10-22,180893.91,10,10,0.0,178978.8
BASELINE,2019-10-23,182537.74,10,10,0.0,180622.63
BASELINE,2019-10-24,183774.45,10,10,0.0,181859.35
BASELINE,2019-10-25,183891.37,10,10,0.0,181976.27
BASELINE,2019-10-28,184811.86,10,10,0.0,183850.24
BASELINE,2019-10-29,184392.49,10,10,0.0,183430.87
BASELINE,2019-10-30,186113.47,9,9,0.0,165629.25
BASELINE,2019-10-31,186054.12,10,10,0.0,184182.63
BASELINE,2019-11-01,187594.67,8,8,0.0,146378.71
BASELINE,2019-11-04,187795.04,10,10,0.0,184527.05
BASELINE,2019-11-05,187866.74,10,10,0.0,184598.75
BASELINE,2019-11-06,188240.75,10,10,0.0,184972.75
BASELINE,2019-11-07,187244.12,9,9,0.0,164468.4
BASELINE,2019-11-08,187803.57,10,10,0.0,183678.74
BASELINE,2019-11-11,187302.59,10,10,0.0,183177.77
BASELINE,2019-11-12,187140.54,10,10,0.0,183015.72
BASELINE,2019-11-13,187312.73,10,10,0.0,183187.91
BASELINE,2019-11-14,187790.46,10,10,0.0,183665.64
BASELINE,2019-11-15,189179.82,10,10,0.0,185055.0
BASELINE,2019-11-18,189624.5,10,10,0.0,185499.68
BASELINE,2019-11-19,188450.67,10,10,0.0,185568.69
BASELINE,2019-11-20,188391.09,10,10,0.0,185509.11
BASELINE,2019-11-21,188582.75,10,10,0.0,183620.13
BASELINE,2019-11-22,188163.85,10,10,0.0,183201.22
BASELINE,2019-11-25,189962.01,10,10,0.0,184999.38
BASELINE,2019-11-26,190253.81,10,10,0.0,185291.18
BASELINE,2019-11-27,190835.71,10,10,0.0,185873.08
BASELINE,2019-11-29,190218.88,10,10,0.0,185256.25
BASELINE,2019-12-02,189612.01,10,10,0.0,184649.38
BASELINE,2019-12-03,188721.87,10,10,0.0,183759.25
BASELINE,2019-12-04,189109.86,10,10,0.0,184147.24
BASELINE,2019-12-05,189396.91,10,10,0.0,185395.4
BASELINE,2019-12-06,191707.72,10,10,0.0,188491.24
BASELINE,2019-12-09,191419.86,10,10,0.0,188692.96
BASELINE,2019-12-10,192564.84,10,10,0.0,189837.94
BASELINE,2019-12-11,193988.4,10,10,0.0,191261.5
BASELINE,2019-12-12,198176.66,10,10,0.0,195449.76
BASELINE,2019-12-13,197038.66,10,10,0.0,194311.76
BASELINE,2019-12-16,198766.74,9,9,0.0,175814.73
BASELINE,2019-12-17,199677.47,10,10,0.0,196615.93
BASELINE,2019-12-18,199705.14,10,10,0.0,196891.9
BASELINE,2019-12-19,200858.99,10,10,0.0,198045.75
BASELINE,2019-12-20,201550.73,10,10,0.0,198737.49
BASELINE,2019-12-23,201401.7,10,10,0.0,198588.46
BASELINE,2019-12-24,201784.87,10,10,0.0,198971.63
BASELINE,2019-12-26,202131.52,10,10,0.0,199987.19
BASELINE,2019-12-27,201387.33,10,10,0.0,198016.77
BASELINE,2019-12-30,200284.06,9,9,0.0,175118.17
BASELINE,2019-12-31,200547.48,9,9,0.0,175381.59
BASELINE,2020-01-02,200479.0,10,10,0.0,194644.28
BASELINE,2020-01-03,197879.2,10,10,0.0,192044.47
BASELINE,2020-01-06,198473.43,10,10,0.0,192638.7
BASELINE,2020-01-07,197356.17,10,10,0.0,191521.44
BASELINE,2020-01-08,197892.1,10,10,0.0,192057.37
BASELINE,2020-01-09,197630.06,10,10,0.0,191795.33
BASELINE,2020-01-10,196729.55,10,10,0.0,190894.82
BASELINE,2020-01-13,197775.51,10,10,0.0,191940.78
BASELINE,2020-01-14,198385.46,10,10,0.0,192550.74
BASELINE,2020-01-15,197584.98,10,10,0.0,191750.26
BASELINE,2020-01-16,198593.99,10,10,0.0,192759.26
BASELINE,2020-01-17,198999.3,10,10,0.0,193164.57
BASELINE,2020-01-21,198300.94,10,10,0.0,192466.21
BASELINE,2020-01-22,198498.31,10,10,0.0,192663.58
BASELINE,2020-01-23,197626.16,10,10,0.0,191353.09
BASELINE,2020-01-24,195238.42,10,10,0.0,188965.35
BASELINE,2020-01-27,193556.13,10,10,0.0,187283.06
BASELINE,2020-01-28,194955.44,10,10,0.0,188682.38
BASELINE,2020-01-29,193570.17,10,10,0.0,187297.1
BASELINE,2020-01-30,194416.94,10,10,0.0,188143.88
BASELINE,2020-01-31,191472.09,10,10,0.0,185199.02
BASELINE,2020-02-03,190306.09,10,10,0.0,184033.03
BASELINE,2020-02-04,192244.53,10,10,0.0,185971.46
BASELINE,2020-02-05,196747.06,10,10,0.0,190474.0
BASELINE,2020-02-06,197630.23,10,10,0.0,191357.16
BASELINE,2020-02-07,197691.61,10,10,0.0,191418.54
BASELINE,2020-02-10,199016.43,10,10,0.0,193768.18
BASELINE,2020-02-11,201206.83,10,10,0.0,195958.57
BASELINE,2020-02-12,202081.03,10,10,0.0,196832.77
BASELINE,2020-02-13,202291.87,10,10,0.0,197043.61
BASELINE,2020-02-14,201960.94,10,10,0.0,196712.68
BASELINE,2020-02-18,201971.39,9,9,0.0,180548.97
BASELINE,2020-02-19,202040.67,9,9,0.0,179440.05
BASELINE,2020-02-20,202201.54,10,10,0.0,201384.7
BASELINE,2020-02-21,199101.45,10,10,0.0,198284.61
BASELINE,2020-02-24,189915.0,9,9,0.0,169900.49
BASELINE,2020-02-25,183166.44,9,9,0.0,163151.93
BASELINE,2020-02-26,180167.62,9,9,0.0,160153.11
BASELINE,2020-02-27,173877.86,9,9,0.0,153863.35
BASELINE,2020-02-28,172833.21,9,9,0.0,152818.7
BASELINE,2020-03-02,180040.87,9,9,0.0,160026.36
BASELINE,2020-03-03,174715.84,10,10,0.0,172701.13
BASELINE,2020-03-04,180573.79,10,10,0.0,178559.08
BASELINE,2020-03-05,174170.14,10,10,0.0,172155.43
BASELINE,2020-03-06,169349.01,10,10,0.0,167334.3
BASELINE,2020-03-09,149875.5,10,10,0.0,147860.79
BASELINE,2020-03-10,156767.65,10,10,0.0,154752.94
BASELINE,2020-03-11,148114.44,10,10,0.0,146099.73
BASELINE,2020-03-12,134019.85,10,10,0.0,132005.13
BASELINE,2020-03-13,148175.55,10,10,0.0,146160.84
BASELINE,2020-03-16,131714.61,10,10,0.0,129699.9
BASELINE,2020-03-17,141681.79,10,10,0.0,139667.08
BASELINE,2020-03-18,135491.1,10,10,0.0,133476.39
BASELINE,2020-03-19,135659.31,10,10,0.0,133644.6
BASELINE,2020-03-20,128272.98,10,10,0.0,126258.27
BASELINE,2020-03-23,124089.35,10,10,0.0,122074.64
BASELINE,2020-03-24,131168.23,10,10,0.0,129153.52
BASELINE,2020-03-25,131930.28,10,10,0.0,129915.57
BASELINE,2020-03-26,141170.54,10,10,0.0,139155.83
BASELINE,2020-03-27,136374.03,10,10,0.0,134359.32
BASELINE,2020-03-30,138920.3,10,10,0.0,136905.59
BASELINE,2020-03-31,136802.56,10,10,0.0,134787.85
BASELINE,2020-04-01,130788.97,10,10,0.0,128774.26
BASELINE,2020-04-02,133000.27,9,9,0.0,113803.67
BASELINE,2020-04-03,131245.29,10,10,0.0,125366.16
BASELINE,2020-04-06,138744.63,10,10,0.0,132865.5
BASELINE,2020-04-07,139361.36,10,10,0.0,133482.22
BASELINE,2020-04-08,144464.69,9,9,0.0,120457.95
BASELINE,2020-04-09,146949.78,10,10,0.0,137642.48
BASELINE,2020-04-13,144104.15,10,10,0.0,134796.85
BASELINE,2020-04-14,146218.21,7,7,0.0,93743.56
BASELINE,2020-04-15,143164.05,8,8,0.0,107613.97
BASELINE,2020-04-16,140656.91,7,7,0.0,92497.05
BASELINE,2020-04-17,143987.31,8,8,0.0,110195.24
BASELINE,2020-04-20,141163.6,8,8,0.0,107371.54
BASELINE,2020-04-21,138541.12,8,8,0.0,104749.05
BASELINE,2020-04-22,139458.05,6,6,0.0,72947.18
BASELINE,2020-04-23,140257.95,10,10,0.0,129739.12
BASELINE,2020-04-24,141881.62,10,10,0.0,131362.79
BASELINE,2020-04-27,146611.97,10,10,0.0,136093.15
BASELINE,2020-04-28,151233.39,10,10,0.0,140714.56
BASELINE,2020-04-29,163771.23,9,9,0.0,140187.39
BASELINE,2020-04-30,158548.42,10,10,0.0,151095.71
BASELINE,2020-05-01,149643.41,9,9,0.0,124203.35
BASELINE,2020-05-04,148947.53,6,6,0.0,77729.58
BASELINE,2020-05-05,148567.19,6,6,0.0,77349.24
BASELINE,2020-05-06,147384.62,5,5,0.0,62149.89
BASELINE,2020-05-07,152568.04,5,5,0.0,67333.31
BASELINE,2020-05-08,156325.72,6,6,0.0,86443.65
BASELINE,2020-05-11,155062.37,10,10,0.0,147314.66
BASELINE,2020-05-12,150880.68,10,10,0.0,143132.97
BASELINE,2020-05-13,144887.96,10,10,0.0,137140.25
BASELINE,2020-05-14,149555.71,10,10,0.0,141808.0
BASELINE,2020-05-15,148562.14,10,10,0.0,140814.43
BASELINE,2020-05-18,157840.43,10,10,0.0,150092.72
BASELINE,2020-05-19,156769.75,10,10,0.0,149022.04
BASELINE,2020-05-20,161357.1,10,10,0.0,153609.39
BASELINE,2020-05-21,159293.92,10,10,0.0,151546.21
BASELINE,2020-05-22,158143.82,10,10,0.0,150225.62
BASELINE,2020-05-26,164702.86,10,10,0.0,156784.66
BASELINE,2020-05-27,173213.84,10,10,0.0,161943.97
BASELINE,2020-05-28,164109.05,10,10,0.0,152839.17
BASELINE,2020-05-29,161330.79,10,10,0.0,153674.27
BASELINE,2020-06-01,160956.43,9,9,0.0,134018.85
BASELINE,2020-06-02,161723.1,10,10,0.0,150787.14
BASELINE,2020-06-03,169575.59,10,10,0.0,158639.63
BASELINE,2020-06-04,172053.48,10,10,0.0,161117.52
BASELINE,2020-06-05,180460.87,10,10,0.0,169524.91
BASELINE,2020-06-08,190182.86,10,10,0.0,179246.9
BASELINE,2020-06-09,184604.39,10,10,0.0,173668.43
BASELINE,2020-06-10,177598.33,10,10,0.0,169301.4
BASELINE,2020-06-11,163983.16,7,7,0.0,113871.87
BASELINE,2020-06-12,166363.03,5,5,0.0,81196.25
BASELINE,2020-06-15,167385.48,5,5,0.0,82218.7
BASELINE,2020-06-16,168094.88,5,5,0.0,82928.09
BASELINE,2020-06-17,168585.33,5,5,0.0,83418.55
BASELINE,2020-06-18,169028.8,5,5,0.0,83862.02
BASELINE,2020-06-19,167155.55,10,10,0.0,166771.64
BASELINE,2020-06-22,168498.22,10,10,0.0,168114.32
BASELINE,2020-06-23,166893.41,10,10,0.0,166509.51
BASELINE,2020-06-24,161526.42,9,9,0.0,143352.95
BASELINE,2020-06-25,163166.57,8,8,0.0,125697.28
BASELINE,2020-06-26,158487.59,10,10,0.0,153491.18
BASELINE,2020-06-29,161029.07,10,10,0.0,156032.67
BASELINE,2020-06-30,164536.05,10,10,0.0,159539.64
BASELINE,2020-07-01,163786.87,10,10,0.0,158790.46
BASELINE,2020-07-02,165150.05,10,10,0.0,160153.64
BASELINE,2020-07-06,167405.36,10,10,0.0,162408.95
BASELINE,2020-07-07,163538.73,10,10,0.0,158542.32
BASELINE,2020-07-08,164576.24,10,10,0.0,159579.83
BASELINE,2020-07-09,162912.24,10,10,0.0,157915.83
BASELINE,2020-07-10,165005.58,10,10,0.0,160009.18
BASELINE,2020-07-13,162995.78,10,10,0.0,157999.37
BASELINE,2020-07-14,165504.46,8,8,0.0,125897.07
BASELINE,2020-07-15,169091.07,10,10,0.0,164823.77
BASELINE,2020-07-16,169734.31,10,10,0.0,165467.01
BASELINE,2020-07-17,169315.99,10,10,0.0,165048.69
BASELINE,2020-07-20,170717.23,10,10,0.0,165957.03
BASELINE,2020-07-21,174303.46,10,10,0.0,169543.26
BASELINE,2020-07-22,175792.93,10,10,0.0,171032.73
BASELINE,2020-07-23,173514.08,10,10,0.0,168753.88
BASELINE,2020-07-24,175693.63,9,9,0.0,153344.37
BASELINE,2020-07-27,176215.05,9,9,0.0,153865.78
BASELINE,2020-07-28,173553.0,10,10,0.0,168735.92
BASELINE,2020-07-29,179361.63,10,10,0.0,174544.55
BASELINE,2020-07-30,175903.72,10,10,0.0,171086.64
BASELINE,2020-07-31,174895.28,10,10,0.0,170078.2
BASELINE,2020-08-03,175815.15,10,10,0.0,170998.07
BASELINE,2020-08-04,180936.01,10,10,0.0,176118.93
BASELINE,2020-08-05,183494.24,10,10,0.0,178677.16
BASELINE,2020-08-06,182700.05,10,10,0.0,177882.97
BASELINE,2020-08-07,182954.81,10,10,0.0,178137.73
BASELINE,2020-08-10,184749.41,10,10,0.0,179932.33
BASELINE,2020-08-11,183688.34,10,10,0.0,178871.26
BASELINE,2020-08-12,186808.13,10,10,0.0,181991.05
BASELINE,2020-08-13,184982.06,10,10,0.0,180164.98
BASELINE,2020-08-14,185567.62,10,10,0.0,180750.54
BASELINE,2020-08-17,185618.83,10,10,0.0,180801.75
BASELINE,2020-08-18,185375.16,10,10,0.0,172565.37
BASELINE,2020-08-19,183466.9,10,10,0.0,170657.11
BASELINE,2020-08-20,182434.9,10,10,0.0,169625.11
BASELINE,2020-08-21,181504.97,10,10,0.0,168695.17
BASELINE,2020-08-24,184226.59,10,10,0.0,171416.8
BASELINE,2020-08-25,184776.73,10,10,0.0,171966.93
BASELINE,2020-08-26,183716.11,10,10,0.0,170906.31
BASELINE,2020-08-27,184458.4,10,10,0.0,171648.61
BASELINE,2020-08-28,186780.1,10,10,0.0,173970.3
BASELINE,2020-08-31,185455.18,10,10,0.0,172645.38
BASELINE,2020-09-01,186451.51,10,10,0.0,173622.09
BASELINE,2020-09-02,187164.75,10,10,0.0,174335.33
BASELINE,2020-09-03,183292.08,10,10,0.0,170462.66
BASELINE,2020-09-04,183035.07,9,9,0.0,147187.67
BASELINE,2020-09-08,176976.24,10,10,0.0,159174.4
BASELINE,2020-09-09,177956.0,10,10,0.0,160154.15
BASELINE,2020-09-10,173893.63,10,10,0.0,156091.79
BASELINE,2020-09-11,174764.36,10,10,0.0,156962.52
BASELINE,2020-09-14,177640.6,10,10,0.0,159838.75
BASELINE,2020-09-15,177191.69,10,10,0.0,159389.85
BASELINE,2020-09-16,180303.6,10,10,0.0,162501.76
BASELINE,2020-09-17,179470.36,10,10,0.0,161668.51
BASELINE,2020-09-18,179048.28,10,10,0.0,161246.44
BASELINE,2020-09-21,173392.49,10,10,0.0,154265.92
BASELINE,2020-09-22,173311.2,10,10,0.0,154184.63
BASELINE,2020-09-23,170291.23,10,10,0.0,151164.66
BASELINE,2020-09-24,169461.6,10,10,0.0,150335.02
BASELINE,2020-09-25,169767.1,10,10,0.0,148379.92
BASELINE,2020-09-28,173953.71,10,10,0.0,152566.53
BASELINE,2020-09-29,170879.9,10,10,0.0,149492.72
BASELINE,2020-09-30,171227.71,10,10,0.0,149840.53
BASELINE,2020-10-01,168628.7,10,10,0.0,147241.51
BASELINE,2020-10-02,169203.22,10,10,0.0,147816.04
BASELINE,2020-10-05,173233.58,10,10,0.0,151846.4
BASELINE,2020-10-06,170590.08,10,10,0.0,149202.9
BASELINE,2020-10-07,172830.1,10,10,0.0,151442.92
BASELINE,2020-10-08,176583.14,10,10,0.0,155195.96
BASELINE,2020-10-09,176241.25,10,10,0.0,154854.06
BASELINE,2020-10-12,177968.13,10,10,0.0,156580.94
BASELINE,2020-10-13,176375.84,10,10,0.0,154988.66
BASELINE,2020-10-14,175292.72,10,10,0.0,153905.54
BASELINE,2020-10-15,176544.85,10,10,0.0,155157.66
BASELINE,2020-10-16,173764.6,10,10,0.0,152377.42
BASELINE,2020-10-19,171103.76,10,10,0.0,148070.33
BASELINE,2020-10-20,173204.74,10,10,0.0,150171.31
BASELINE,2020-10-21,171627.76,10,10,0.0,148594.33
BASELINE,2020-10-22,176217.4,10,10,0.0,153183.97
BASELINE,2020-10-23,176510.23,10,10,0.0,153476.8
BASELINE,2020-10-26,172347.35,10,10,0.0,149313.92
BASELINE,2020-10-27,170272.34,10,10,0.0,147238.91
BASELINE,2020-10-28,164742.16,10,10,0.0,141708.73
BASELINE,2020-10-29,166776.03,10,10,0.0,143742.61
BASELINE,2020-10-30,168423.46,10,10,0.0,145390.03
BASELINE,2020-11-02,173173.27,10,10,0.0,150139.84
BASELINE,2020-11-03,175006.53,10,10,0.0,151973.1
BASELINE,2020-11-04,176811.46,10,10,0.0,153778.03
BASELINE,2020-11-05,178349.83,10,10,0.0,155316.4
BASELINE,2020-11-06,175938.1,10,10,0.0,152904.67
BASELINE,2020-11-09,188534.4,10,10,0.0,162547.6
BASELINE,2020-11-10,190366.68,10,10,0.0,164379.88
BASELINE,2020-11-11,189974.0,10,10,0.0,168737.98
BASELINE,2020-11-12,187183.99,10,10,0.0,165947.97
BASELINE,2020-11-13,190437.83,9,9,0.0,150663.95
BASELINE,2020-11-16,194916.2,10,10,0.0,174515.97
BASELINE,2020-11-17,196348.67,9,9,0.0,156626.11
BASELINE,2020-11-18,194491.24,10,10,0.0,174487.52
BASELINE,2020-11-19,197648.96,9,9,0.0,157575.76
BASELINE,2020-11-20,196331.03,10,10,0.0,175985.89
BASELINE,2020-11-23,203619.75,10,10,0.0,183274.62
BASELINE,2020-11-24,208025.63,10,10,0.0,187680.49
BASELINE,2020-11-25,207952.26,10,10,0.0,187607.12
BASELINE,2020-11-27,208474.43,10,10,0.0,194619.76
BASELINE,2020-11-30,207199.8,10,10,0.0,191749.54
BASELINE,2020-12-01,209206.24,10,10,0.0,193755.98
BASELINE,2020-12-02,209005.85,10,10,0.0,194283.21
BASELINE,2020-12-03,207356.37,10,10,0.0,192633.74
BASELINE,2020-12-04,209455.05,10,10,0.0,194732.42
BASELINE,2020-12-07,210073.87,10,10,0.0,195351.24
BASELINE,2020-12-08,212172.56,10,10,0.0,197449.93
BASELINE,2020-12-09,209825.0,9,9,0.0,173412.85
BASELINE,2020-12-10,210625.64,9,9,0.0,174213.49
BASELINE,2020-12-11,210985.45,9,9,0.0,174573.29
BASELINE,2020-12-14,210578.4,10,10,0.0,195345.65
BASELINE,2020-12-15,213769.16,10,10,0.0,198536.42
BASELINE,2020-12-16,215982.63,10,10,0.0,200749.89
BASELINE,2020-12-17,216405.64,10,10,0.0,201172.9
BASELINE,2020-12-18,216353.91,10,10,0.0,201121.17
BASELINE,2020-12-21,214663.65,10,10,0.0,199430.91
BASELINE,2020-12-22,215047.49,10,10,0.0,199814.75
BASELINE,2020-12-23,214916.19,10,10,0.0,199683.45
BASELINE,2020-12-24,214835.12,10,10,0.0,199602.38
BASELINE,2020-12-28,215696.52,10,10,0.0,200463.78
BASELINE,2020-12-29,215716.67,10,10,0.0,200483.93
BASELINE,2020-12-30,216093.28,10,10,0.0,200860.54
BASELINE,2020-12-31,216906.88,10,10,0.0,201674.13
BASELINE,2021-01-04,213482.93,10,10,0.0,198250.18
BASELINE,2021-01-05,215906.33,10,10,0.0,202938.45
BASELINE,2021-01-06,216172.5,10,10,0.0,203204.62
BASELINE,2021-01-07,217113.28,10,10,0.0,204145.4
BASELINE,2021-01-08,219095.6,10,10,0.0,206127.72
BASELINE,2021-01-11,217954.43,10,10,0.0,204986.55
BASELINE,2021-01-12,220458.88,10,10,0.0,207512.55
BASELINE,2021-01-13,219896.03,10,10,0.0,206949.7
BASELINE,2021-01-14,219588.73,10,10,0.0,215521.45
BASELINE,2021-01-15,217613.92,10,10,0.0,213546.64
BASELINE,2021-01-19,218303.09,10,10,0.0,214235.81
BASELINE,2021-01-20,222316.32,10,10,0.0,218249.03
BASELINE,2021-01-21,222501.55,10,10,0.0,218434.26
BASELINE,2021-01-22,222644.74,10,10,0.0,218577.46
BASELINE,2021-01-25,223353.66,10,10,0.0,219286.37
BASELINE,2021-01-26,224334.49,10,10,0.0,220267.21
BASELINE,2021-01-27,222349.32,10,10,0.0,218282.04
BASELINE,2021-01-28,219884.66,10,10,0.0,215101.52
BASELINE,2021-01-29,214795.64,10,10,0.0,209086.25
BASELINE,2021-02-01,216829.96,8,8,0.0,168286.23
BASELINE,2021-02-02,219264.68,9,9,0.0,192597.81
BASELINE,2021-02-03,220522.64,10,10,0.0,215805.41
BASELINE,2021-02-04,223651.53,10,10,0.0,218934.31
BASELINE,2021-02-05,225064.62,10,10,0.0,220347.39
BASELINE,2021-02-08,229846.21,10,10,0.0,225128.98
BASELINE,2021-02-09,229061.04,10,10,0.0,224343.81
BASELINE,2021-02-10,228671.45,7,7,0.0,155968.59
BASELINE,2021-02-11,226121.6,8,8,0.0,176265.76
BASELINE,2021-02-12,229090.11,9,9,0.0,201858.43
BASELINE,2021-02-16,231281.72,10,10,0.0,227005.36
BASELINE,2021-02-17,231593.22,10,10,0.0,227316.85
BASELINE,2021-02-18,228729.84,10,10,0.0,222120.18
BASELINE,2021-02-19,230821.37,10,10,0.0,224211.72
BASELINE,2021-02-22,231861.74,10,10,0.0,225252.09
BASELINE,2021-02-23,231129.45,10,10,0.0,225660.37
BASELINE,2021-02-24,234916.74,10,10,0.0,229447.65
BASELINE,2021-02-25,230350.07,10,10,0.0,224880.99
BASELINE,2021-02-26,228935.3,7,7,0.0,153613.28
BASELINE,2021-03-01,232374.48,7,7,0.0,157052.46
BASELINE,2021-03-02,230161.89,10,10,0.0,224500.86
BASELINE,2021-03-03,226111.46,10,10,0.0,220450.44
BASELINE,2021-03-04,223066.22,10,10,0.0,217405.19
BASELINE,2021-03-05,228372.46,10,10,0.0,221082.82
BASELINE,2021-03-08,226967.27,10,10,0.0,219677.62
BASELINE,2021-03-09,228692.77,10,10,0.0,221403.12
BASELINE,2021-03-10,231446.02,10,10,0.0,224156.38
BASELINE,2021-03-11,233585.8,10,10,0.0,226296.15
BASELINE,2021-03-12,234260.79,10,10,0.0,226971.15
BASELINE,2021-03-15,235879.11,10,10,0.0,228589.46
BASELINE,2021-03-16,234125.34,10,10,0.0,226835.69
BASELINE,2021-03-17,235854.42,10,10,0.0,228564.77
BASELINE,2021-03-18,229737.84,10,10,0.0,222448.2
BASELINE,2021-03-19,230410.01,10,10,0.0,223120.36
BASELINE,2021-03-22,231962.36,10,10,0.0,224672.71
BASELINE,2021-03-23,230690.5,10,10,0.0,223400.85
BASELINE,2021-03-24,230165.53,10,10,0.0,222875.89
BASELINE,2021-03-25,230169.4,10,10,0.0,222879.75
BASELINE,2021-03-26,234174.0,10,10,0.0,226884.36
BASELINE,2021-03-29,233300.04,10,10,0.0,226010.39
BASELINE,2021-03-30,232604.91,10,10,0.0,226557.1
BASELINE,2021-03-31,233540.75,10,10,0.0,231060.35
BASELINE,2021-04-01,237152.44,10,10,0.0,234672.04
BASELINE,2021-04-05,236682.46,10,10,0.0,234202.05
BASELINE,2021-04-06,237771.48,10,10,0.0,233574.95
BASELINE,2021-04-07,239405.5,10,10,0.0,238747.85
BASELINE,2021-04-08,239866.97,10,10,0.0,239209.32
BASELINE,2021-04-09,240294.6,10,10,0.0,239636.94
BASELINE,2021-04-12,240144.95,10,10,0.0,239487.3
BASELINE,2021-04-13,238994.36,10,10,-0.0,238994.36
BASELINE,2021-04-14,240371.11,10,10,-0.0,240371.11
BASELINE,2021-04-15,240652.44,10,10,0.0,239619.79
BASELINE,2021-04-16,241031.37,10,10,0.0,239998.71
BASELINE,2021-04-19,240516.5,10,10,0.0,239483.84
BASELINE,2021-04-20,235945.65,10,10,-0.0,235945.65
BASELINE,2021-04-21,238191.2,10,10,0.0,236529.21
BASELINE,2021-04-22,238180.62,10,10,0.0,236518.63
BASELINE,2021-04-23,241122.05,10,10,0.0,239460.06
BASELINE,2021-04-26,242027.87,10,10,0.0,240365.88
BASELINE,2021-04-27,243198.65,10,10,0.0,241724.4
BASELINE,2021-04-28,245973.22,10,10,0.0,244498.97
BASELINE,2021-04-29,244242.32,10,10,0.0,242768.07
BASELINE,2021-04-30,242694.72,10,10,0.0,241220.47
BASELINE,2021-05-03,245767.55,10,10,0.0,242803.99
BASELINE,2021-05-04,244502.24,10,10,0.0,241538.68
BASELINE,2021-05-05,247617.77,9,9,0.0,220678.27
BASELINE,2021-05-06,249060.26,9,9,0.0,223142.8
BASELINE,2021-05-07,252517.9,10,10,0.0,251393.36
BASELINE,2021-05-10,251265.76,10,10,0.0,250743.78
BASELINE,2021-05-11,249168.85,10,10,0.0,248978.15
BASELINE,2021-05-12,245963.89,7,7,0.0,167726.41
BASELINE,2021-05-13,247801.33,7,7,0.0,169563.85
BASELINE,2021-05-14,251672.04,7,7,0.0,170556.79
BASELINE,2021-05-17,254818.92,8,8,0.0,198865.56
BASELINE,2021-05-18,254886.5,8,8,0.0,198933.13
BASELINE,2021-05-19,253963.11,10,10,0.0,248310.55
BASELINE,2021-05-20,256242.06,10,10,0.0,250589.5
BASELINE,2021-05-21,257784.57,10,10,0.0,252132.01
BASELINE,2021-05-24,259998.32,10,10,0.0,254345.76
BASELINE,2021-05-25,260876.56,10,10,0.0,255224.0
BASELINE,2021-05-26,265902.29,10,10,0.0,261021.82
BASELINE,2021-05-27,269150.38,10,10,0.0,264269.91
BASELINE,2021-05-28,268173.59,10,10,0.0,263293.11
BASELINE,2021-06-01,270949.32,10,10,0.0,266068.84
BASELINE,2021-06-02,275112.65,10,10,0.0,270232.17
BASELINE,2021-06-03,274160.78,10,10,0.0,269280.3
BASELINE,2021-06-04,276499.95,7,7,0.0,187500.61
BASELINE,2021-06-07,276089.56,9,9,0.0,242455.85
BASELINE,2021-06-08,275119.52,9,9,0.0,243602.25
BASELINE,2021-06-09,275415.9,10,10,0.0,271438.8
BASELINE,2021-06-10,277112.92,10,10,0.0,273135.81
BASELINE,2021-06-11,277699.08,10,10,0.0,273721.98
BASELINE,2021-06-14,275491.52,9,9,0.0,242982.36
BASELINE,2021-06-15,273671.6,8,8,0.0,213705.39
BASELINE,2021-06-16,271768.67,10,10,0.0,266616.31
BASELINE,2021-06-17,273013.98,10,10,0.0,267861.63
BASELINE,2021-06-18,270299.46,10,10,0.0,265147.11
BASELINE,2021-06-21,271840.63,10,10,0.0,266688.28
BASELINE,2021-06-22,273556.53,10,10,0.0,268404.18
BASELINE,2021-06-23,274182.13,10,10,0.0,269029.78
BASELINE,2021-06-24,276407.52,10,10,0.0,270832.7
BASELINE,2021-06-25,278368.38,10,10,0.0,271429.15
BASELINE,2021-06-28,278722.59,10,10,0.0,271783.36
BASELINE,2021-06-29,277668.48,10,10,0.0,270729.26
BASELINE,2021-06-30,282194.78,10,10,0.0,275255.56
BASELINE,2021-07-01,281163.63,10,10,0.0,274224.4
BASELINE,2021-07-02,280814.2,10,10,0.0,273874.98
BASELINE,2021-07-06,278148.86,10,10,0.0,271209.63
BASELINE,2021-07-07,274618.17,10,10,0.0,267678.94
BASELINE,2021-07-08,272166.54,9,9,0.0,233443.2
BASELINE,2021-07-09,276030.21,10,10,0.0,264652.1
BASELINE,2021-07-12,276002.76,10,10,0.0,264624.65
BASELINE,2021-07-13,272579.93,10,10,0.0,261201.82
BASELINE,2021-07-14,272420.45,10,10,0.0,261042.34
BASELINE,2021-07-15,271480.06,10,10,0.0,260101.95
BASELINE,2021-07-16,269152.78,10,10,0.0,257774.68
BASELINE,2021-07-19,264858.58,10,10,0.0,253480.47
BASELINE,2021-07-20,268921.31,10,10,0.0,257543.2
BASELINE,2021-07-21,271488.94,10,10,0.0,260110.83
BASELINE,2021-07-22,270178.99,10,10,0.0,258800.88
BASELINE,2021-07-23,271255.84,10,10,0.0,259877.73
BASELINE,2021-07-26,273107.08,10,10,0.0,261728.98
BASELINE,2021-07-27,271436.58,10,10,0.0,260058.47
BASELINE,2021-07-28,273088.0,10,10,0.0,261709.9
BASELINE,2021-07-29,274386.08,10,10,0.0,263007.98
BASELINE,2021-07-30,271885.47,10,10,0.0,260507.36
BASELINE,2021-08-02,271543.36,10,10,0.0,260165.25
BASELINE,2021-08-03,272883.14,10,10,0.0,261505.04
BASELINE,2021-08-04,271931.52,10,10,0.0,260553.41
BASELINE,2021-08-05,276650.57,10,10,0.0,265272.47
BASELINE,2021-08-06,276428.66,10,10,0.0,265880.85
BASELINE,2021-08-09,275318.43,10,10,0.0,264770.62
BASELINE,2021-08-10,277643.97,10,10,0.0,267096.16
BASELINE,2021-08-11,279322.9,10,10,0.0,268775.1
BASELINE,2021-08-12,279082.05,10,10,0.0,268534.24
BASELINE,2021-08-13,278983.23,10,10,0.0,267483.38
BASELINE,2021-08-16,278137.7,10,10,0.0,266637.85
BASELINE,2021-08-17,277249.58,10,10,0.0,265749.74
BASELINE,2021-08-18,276032.14,10,10,0.0,264532.3
BASELINE,2021-08-19,276047.23,9,9,0.0,238041.17
BASELINE,2021-08-20,278299.87,10,10,0.0,266185.24
BASELINE,2021-08-23,281650.12,10,10,0.0,269535.49
BASELINE,2021-08-24,282930.36,10,10,0.0,270815.73
BASELINE,2021-08-25,283083.68,10,10,0.0,270969.05
BASELINE,2021-08-26,281542.14,10,10,0.0,269427.51
BASELINE,2021-08-27,284872.5,10,10,0.0,272757.86
BASELINE,2021-08-30,285641.23,10,10,0.0,273526.6
BASELINE,2021-08-31,286816.58,10,10,0.0,274701.95
BASELINE,2021-09-01,286824.22,10,10,0.0,275611.34
BASELINE,2021-09-02,288552.47,10,10,0.0,279713.95
BASELINE,2021-09-03,288981.26,10,10,0.0,280142.74
BASELINE,2021-09-07,288484.31,10,10,0.0,279645.79
BASELINE,2021-09-08,285522.82,10,10,0.0,277817.82
BASELINE,2021-09-09,284947.73,10,10,0.0,274531.59
BASELINE,2021-09-10,282112.2,10,10,0.0,271696.06
BASELINE,2021-09-13,282035.72,10,10,0.0,271619.57
BASELINE,2021-09-14,278147.85,10,10,0.0,264974.28
BASELINE,2021-09-15,279895.88,10,10,0.0,266722.31
BASELINE,2021-09-16,280039.1,10,10,0.0,266865.53
BASELINE,2021-09-17,279824.32,10,10,0.0,266650.75
BASELINE,2021-09-20,277031.92,10,10,0.0,263858.36
BASELINE,2021-09-21,276697.04,10,10,0.0,263523.48
BASELINE,2021-09-22,280946.03,10,10,0.0,267772.47
BASELINE,2021-09-23,286506.81,10,10,0.0,273333.24
BASELINE,2021-09-24,288483.27,10,10,0.0,275309.7
BASELINE,2021-09-27,290071.7,10,10,0.0,276898.13
BASELINE,2021-09-28,286550.5,10,10,0.0,273376.93
BASELINE,2021-09-29,286076.29,10,10,0.0,271649.99
BASELINE,2021-09-30,279298.42,10,10,0.0,262604.22
BASELINE,2021-10-01,283687.22,10,10,0.0,266993.02
BASELINE,2021-10-04,281344.43,10,10,0.0,264650.22
BASELINE,2021-10-05,283076.85,10,10,0.0,266382.64
BASELINE,2021-10-06,283265.95,10,10,0.0,266571.74
BASELINE,2021-10-07,285125.31,10,10,0.0,268431.11
BASELINE,2021-10-08,283317.19,10,10,0.0,266622.99
BASELINE,2021-10-11,280086.18,10,10,0.0,263391.98
BASELINE,2021-10-12,278957.62,10,10,0.0,262263.42
BASELINE,2021-10-13,279157.53,10,10,0.0,262463.33
BASELINE,2021-10-14,280521.81,10,10,0.0,263827.6
BASELINE,2021-10-15,279488.26,10,10,0.0,262794.05
BASELINE,2021-10-18,280916.4,10,10,0.0,264222.19
BASELINE,2021-10-19,282485.06,10,10,0.0,265790.85
BASELINE,2021-10-20,283376.09,10,10,0.0,266681.89
BASELINE,2021-10-21,281462.31,10,10,0.0,264768.1
BASELINE,2021-10-22,278512.86,10,10,0.0,259234.92
BASELINE,2021-10-25,279398.74,10,10,0.0,260120.81
BASELINE,2021-10-26,279262.8,10,10,0.0,259984.86
BASELINE,2021-10-27,272757.4,10,10,0.0,253479.46
BASELINE,2021-10-28,276170.85,10,10,0.0,256892.92
BASELINE,2021-10-29,272816.63,10,10,0.0,253538.69
BASELINE,2021-11-01,277884.26,9,9,0.0,229007.29
BASELINE,2021-11-02,277187.88,10,10,0.0,256115.5
BASELINE,2021-11-03,280617.82,10,10,0.0,259545.44
BASELINE,2021-11-04,278021.05,10,10,0.0,256948.67
BASELINE,2021-11-05,283984.6,10,10,0.0,262912.22
BASELINE,2021-11-08,282521.53,10,10,0.0,261449.15
BASELINE,2021-11-09,281443.47,9,9,0.0,232882.17
BASELINE,2021-11-10,280448.87,10,10,0.0,259947.25
BASELINE,2021-11-11,279868.1,10,10,0.0,259366.48
BASELINE,2021-11-12,280899.81,10,10,0.0,258639.72
BASELINE,2021-11-15,282567.9,10,10,0.0,260307.8
BASELINE,2021-11-16,279132.09,10,10,0.0,256872.0
BASELINE,2021-11-17,277252.71,10,10,0.0,257565.06
BASELINE,2021-11-18,273264.15,10,10,0.0,253576.5
BASELINE,2021-11-19,270830.54,10,10,0.0,251142.89
BASELINE,2021-11-22,270444.0,10,10,0.0,250756.34
BASELINE,2021-11-23,270150.08,10,10,0.0,250462.43
BASELINE,2021-11-24,269931.68,10,10,0.0,250244.03
BASELINE,2021-11-26,266550.16,10,10,0.0,246862.5
BASELINE,2021-11-29,265786.16,10,10,0.0,246098.5
BASELINE,2021-11-30,258808.88,10,10,0.0,239121.23
BASELINE,2021-12-01,254774.68,10,10,0.0,235087.02
BASELINE,2021-12-02,257706.32,10,10,0.0,238018.66
BASELINE,2021-12-03,258521.67,10,10,0.0,238834.02
BASELINE,2021-12-06,262140.95,10,10,0.0,242453.3
BASELINE,2021-12-07,265797.46,10,10,0.0,246109.81
BASELINE,2021-12-08,265349.97,10,10,0.0,245662.32
BASELINE,2021-12-09,263669.32,10,10,0.0,242391.9
BASELINE,2021-12-10,266853.01,10,10,0.0,245575.59
BASELINE,2021-12-13,265048.29,10,10,0.0,243770.88
BASELINE,2021-12-14,264690.76,10,10,0.0,243413.34
BASELINE,2021-12-15,266392.94,10,10,0.0,245115.53
BASELINE,2021-12-16,270232.83,10,10,0.0,248955.41
BASELINE,2021-12-17,267332.62,10,10,0.0,246055.2
BASELINE,2021-12-20,264598.78,10,10,0.0,242610.19
BASELINE,2021-12-21,268819.77,10,10,0.0,246831.18
BASELINE,2021-12-22,270105.34,10,10,0.0,248116.75
BASELINE,2021-12-23,272059.51,10,10,0.0,250070.92
BASELINE,2021-12-27,272614.87,10,10,0.0,250626.27
BASELINE,2021-12-28,271453.61,10,10,0.0,249465.02
BASELINE,2021-12-29,270002.68,10,10,0.0,247904.78
BASELINE,2021-12-30,272078.45,10,10,0.0,251609.8
BASELINE,2021-12-31,269880.2,10,10,0.0,247940.82
BASELINE,2022-01-03,275049.96,10,10,0.0,253110.57
BASELINE,2022-01-04,277636.44,10,10,0.0,258699.33
BASELINE,2022-01-05,274750.64,10,10,0.0,255813.53
BASELINE,2022-01-06,277379.4,9,9,0.0,229958.53
BASELINE,2022-01-07,281445.73,9,9,0.0,234024.86
BASELINE,2022-01-10,279499.93,10,10,0.0,260185.08
BASELINE,2022-01-11,281944.79,10,10,0.0,262629.95
BASELINE,2022-01-12,281682.38,10,10,0.0,262379.98
BASELINE,2022-01-13,280454.23,10,10,0.0,261151.83
BASELINE,2022-01-14,286790.88,10,10,0.0,267488.47
BASELINE,2022-01-18,281863.93,10,10,0.0,262561.52
BASELINE,2022-01-19,279598.06,10,10,0.0,260295.66
BASELINE,2022-01-20,276819.02,10,10,0.0,257516.62
BASELINE,2022-01-21,269850.37,10,10,0.0,250547.97
BASELINE,2022-01-24,271106.77,8,8,0.0,196344.14
BASELINE,2022-01-25,272751.45,8,8,0.0,197988.83
BASELINE,2022-01-26,271148.85,9,9,0.0,223936.65
BASELINE,2022-01-27,267569.46,9,9,0.0,220357.26
BASELINE,2022-01-28,272192.36,10,10,0.0,248096.26
BASELINE,2022-01-31,276927.82,10,10,0.0,252831.72
BASELINE,2022-02-01,279737.01,10,10,0.0,255640.91
BASELINE,2022-02-02,272433.12,10,10,0.0,247396.23
BASELINE,2022-02-03,267601.49,10,10,0.0,233309.7
BASELINE,2022-02-04,268987.72,10,10,0.0,234695.93
BASELINE,2022-02-07,269331.19,10,10,0.0,235039.4
BASELINE,2022-02-08,271817.36,10,10,0.0,239272.59
BASELINE,2022-02-09,277966.29,10,10,0.0,245421.52
BASELINE,2022-02-10,274166.68,10,10,0.0,241621.91
BASELINE,2022-02-11,269109.32,9,9,0.0,208323.96
BASELINE,2022-02-14,267497.13,10,10,0.0,231626.25
BASELINE,2022-02-15,269444.05,10,10,0.0,233573.17
BASELINE,2022-02-16,265105.74,10,10,0.0,229234.86
BASELINE,2022-02-17,264485.61,10,10,0.0,236219.25
BASELINE,2022-02-18,263620.62,10,10,0.0,235354.26
BASELINE,2022-02-22,262599.77,10,10,0.0,234333.41
BASELINE,2022-02-23,262208.62,10,10,0.0,233942.26
BASELINE,2022-02-24,260729.66,10,10,0.0,232463.3
BASELINE,2022-02-25,267039.01,10,10,0.0,238772.65
BASELINE,2022-02-28,265689.96,10,10,0.0,237423.6
BASELINE,2022-03-01,265255.78,10,10,0.0,235546.23
BASELINE,2022-03-02,269916.79,10,10,0.0,240207.24
BASELINE,2022-03-03,270104.12,10,10,0.0,240394.58
BASELINE,2022-03-04,270742.05,10,10,0.0,241032.5
BASELINE,2022-03-07,268664.41,10,10,0.0,238954.86
BASELINE,2022-03-08,265890.06,10,10,0.0,234963.27
BASELINE,2022-03-09,266971.9,7,7,0.0,152365.4
BASELINE,2022-03-10,267809.65,8,8,0.0,179431.53
BASELINE,2022-03-11,264790.17,9,9,0.0,203256.33
BASELINE,2022-03-14,262073.11,8,8,0.0,173085.83
BASELINE,2022-03-15,266061.73,9,9,0.0,203492.59
BASELINE,2022-03-16,271959.48,10,10,0.0,236312.36
BASELINE,2022-03-17,274069.52,10,10,0.0,238422.41
BASELINE,2022-03-18,276076.7,10,10,0.0,240429.58
BASELINE,2022-03-21,273515.42,10,10,0.0,237868.3
BASELINE,2022-03-22,276618.45,10,10,0.0,242007.68
BASELINE,2022-03-23,274259.29,10,10,0.0,239648.53
BASELINE,2022-03-24,275425.83,7,7,0.0,174545.35
BASELINE,2022-03-25,277584.52,10,10,0.0,259308.57
BASELINE,2022-03-28,277445.01,10,10,0.0,259169.06
BASELINE,2022-03-29,280762.55,9,9,0.0,234118.07
BASELINE,2022-03-30,277408.93,10,10,0.0,258781.39
BASELINE,2022-03-31,274913.8,10,10,0.0,256233.22
BASELINE,2022-04-01,275690.64,8,8,0.0,218370.3
BASELINE,2022-04-04,277346.59,8,8,0.0,220026.25
BASELINE,2022-04-05,273339.37,7,7,0.0,187865.26
BASELINE,2022-04-06,272591.02,7,7,0.0,187116.91
BASELINE,2022-04-07,272439.07,7,7,0.0,186964.96
BASELINE,2022-04-08,276207.43,8,8,0.0,218962.15
BASELINE,2022-04-11,270526.29,10,10,0.0,268141.57
BASELINE,2022-04-12,272705.57,9,9,0.0,241385.38
BASELINE,2022-04-13,276176.95,8,8,0.0,216311.93
BASELINE,2022-04-14,274526.28,10,10,0.0,269757.31
BASELINE,2022-04-18,275321.99,10,10,0.0,270553.02
BASELINE,2022-04-19,278069.21,10,10,0.0,273300.24
BASELINE,2022-04-20,278400.9,10,10,0.0,273631.93
BASELINE,2022-04-21,273806.5,10,10,0.0,269037.53
BASELINE,2022-04-22,268116.09,10,10,0.0,263347.12
BASELINE,2022-04-25,264767.38,10,10,0.0,259998.42
BASELINE,2022-04-26,260193.41,10,10,0.0,255424.44
BASELINE,2022-04-27,261022.12,8,8,0.0,197507.64
BASELINE,2022-04-28,266265.99,8,8,0.0,202751.5
BASELINE,2022-04-29,258699.86,10,10,0.0,248410.6
BASELINE,2022-05-02,261418.55,10,10,0.0,251129.29
BASELINE,2022-05-03,265648.08,10,10,0.0,255358.83
BASELINE,2022-05-04,274696.44,10,10,0.0,264407.18
BASELINE,2022-05-05,267900.4,10,10,0.0,257611.14
BASELINE,2022-05-06,269203.57,9,9,0.0,234320.02
BASELINE,2022-05-09,251591.48,10,10,0.0,243136.26
BASELINE,2022-05-10,254140.33,10,10,0.0,242651.29
BASELINE,2022-05-11,253611.12,10,10,0.0,242122.09
BASELINE,2022-05-12,252063.71,10,10,0.0,240574.67
BASELINE,2022-05-13,262352.7,10,10,0.0,250863.67
BASELINE,2022-05-16,264777.95,10,10,0.0,252307.04
BASELINE,2022-05-17,272182.33,10,10,0.0,259711.42
BASELINE,2022-05-18,261212.67,10,10,0.0,248741.76
BASELINE,2022-05-19,254625.29,6,6,0.0,134372.31
BASELINE,2022-05-20,252563.56,8,8,0.0,183409.25
BASELINE,2022-05-23,258576.3,9,9,0.0,214904.66
BASELINE,2022-05-24,256108.85,10,10,0.0,238037.24
BASELINE,2022-05-25,258157.4,9,9,0.0,213052.87
BASELINE,2022-05-26,265206.02,10,10,0.0,246097.6
BASELINE,2022-05-27,270112.35,10,10,0.0,251003.92
BASELINE,2022-05-31,268456.14,10,10,0.0,249347.71
BASELINE,2022-06-01,265837.17,10,10,0.0,246491.28
BASELINE,2022-06-02,269424.61,7,7,0.0,171864.97
BASELINE,2022-06-03,264233.5,10,10,0.0,246701.59
BASELINE,2022-06-06,265812.56,9,9,0.0,220857.97
BASELINE,2022-06-07,267588.23,9,9,0.0,222633.63
BASELINE,2022-06-08,264381.92,10,10,0.0,245999.79
BASELINE,2022-06-09,256959.82,8,8,0.0,185966.17
BASELINE,2022-06-10,250527.3,8,8,0.0,179533.65
BASELINE,2022-06-13,239499.39,8,8,0.0,168505.74
BASELINE,2022-06-14,238675.37,8,8,0.0,167681.72
BASELINE,2022-06-15,244476.25,8,8,0.0,173482.59
BASELINE,2022-06-16,234330.79,8,8,0.0,163337.14
BASELINE,2022-06-17,238521.21,8,8,0.0,167527.56
BASELINE,2022-06-21,242573.98,8,8,0.0,171580.33
BASELINE,2022-06-22,243532.89,10,10,0.0,220689.59
BASELINE,2022-06-23,244187.43,10,10,0.0,221344.14
BASELINE,2022-06-24,256264.55,10,10,0.0,233421.26
BASELINE,2022-06-27,254400.6,10,10,0.0,231557.31
BASELINE,2022-06-28,248803.79,9,9,0.0,201064.87
BASELINE,2022-06-29,242750.94,9,9,0.0,195012.02
BASELINE,2022-06-30,238626.37,10,10,0.0,214842.71
BASELINE,2022-07-01,240867.67,10,10,0.0,214249.48
BASELINE,2022-07-05,245520.39,10,10,0.0,218902.2
BASELINE,2022-07-06,241676.77,10,10,0.0,215058.59
BASELINE,2022-07-07,247774.92,10,10,0.0,221156.74
BASELINE,2022-07-08,246887.6,10,10,0.0,220269.42
BASELINE,2022-07-11,239769.19,10,10,0.0,213151.0
BASELINE,2022-07-12,241508.47,9,9,0.0,190136.9
BASELINE,2022-07-13,241649.93,9,9,0.0,190278.35
BASELINE,2022-07-14,240448.13,10,10,0.0,212943.3
BASELINE,2022-07-15,247044.96,10,10,0.0,219540.14
BASELINE,2022-07-18,249532.83,10,10,0.0,222028.0
BASELINE,2022-07-19,257414.56,10,10,0.0,229909.74
BASELINE,2022-07-20,262972.77,10,10,0.0,235467.95
BASELINE,2022-07-21,262637.16,10,10,0.0,235132.34
BASELINE,2022-07-22,261386.52,10,10,0.0,251151.84
BASELINE,2022-07-25,262794.47,10,10,0.0,252008.55
BASELINE,2022-07-26,259686.87,10,10,0.0,248900.95
BASELINE,2022-07-27,268234.13,10,10,0.0,260657.6
BASELINE,2022-07-28,271349.31,10,10,0.0,263772.78
BASELINE,2022-07-29,273310.76,10,10,0.0,265734.22
BASELINE,2022-08-01,273338.12,10,10,0.0,265761.59
BASELINE,2022-08-02,270788.91,10,10,0.0,268953.41
BASELINE,2022-08-03,276430.62,9,9,0.0,248856.82
BASELINE,2022-08-04,275429.47,9,9,0.0,247855.67
BASELINE,2022-08-05,274324.59,8,8,0.0,219647.69
BASELINE,2022-08-08,276399.54,9,9,0.0,249312.11
BASELINE,2022-08-09,275412.25,10,10,0.0,274729.79
BASELINE,2022-08-10,282563.74,10,10,0.0,281881.28
BASELINE,2022-08-11,282757.33,10,10,0.0,282074.87
BASELINE,2022-08-12,287877.61,10,10,0.0,287698.69
BASELINE,2022-08-15,288347.83,10,10,0.0,288168.91
BASELINE,2022-08-16,292969.26,10,10,0.0,292790.34
BASELINE,2022-08-17,287916.2,9,9,0.0,257636.13
BASELINE,2022-08-18,287255.21,8,8,0.0,226638.63
BASELINE,2022-08-19,282660.6,10,10,0.0,279085.43
BASELINE,2022-08-22,278241.43,7,7,0.0,186117.46
BASELINE,2022-08-23,282117.93,7,7,0.0,189993.96
BASELINE,2022-08-24,284407.12,7,7,0.0,192283.14
BASELINE,2022-08-25,288041.67,7,7,0.0,195917.69
BASELINE,2022-08-26,280644.91,8,8,0.0,217303.6
BASELINE,2022-08-29,278793.87,7,7,0.0,185371.21
BASELINE,2022-08-30,275505.3,7,7,0.0,182082.64
BASELINE,2022-08-31,273416.16,7,7,0.0,179993.5
BASELINE,2022-09-01,274453.23,6,6,0.0,150576.85
BASELINE,2022-09-02,272364.24,7,7,0.0,176132.65
BASELINE,2022-09-06,272690.59,7,7,0.0,176459.0
BASELINE,2022-09-07,278466.45,7,7,0.0,182234.86
BASELINE,2022-09-08,282431.51,10,10,0.0,269363.54
BASELINE,2022-09-09,286963.11,10,10,0.0,273895.14
BASELINE,2022-09-12,290659.85,10,10,0.0,277591.87
BASELINE,2022-09-13,277913.7,10,10,0.0,264845.73
BASELINE,2022-09-14,279938.72,8,8,0.0,210923.47
BASELINE,2022-09-15,281105.04,10,10,0.0,267945.35
BASELINE,2022-09-16,276937.29,10,10,0.0,263777.6
BASELINE,2022-09-19,277506.27,9,9,0.0,233866.06
BASELINE,2022-09-20,273571.05,9,9,0.0,229930.84
BASELINE,2022-09-21,268390.3,9,9,0.0,224750.09
BASELINE,2022-09-22,263406.57,9,9,0.0,219766.36
BASELINE,2022-09-23,258720.78,10,10,0.0,241122.11
BASELINE,2022-09-26,254251.46,10,10,0.0,236652.8
BASELINE,2022-09-27,256921.98,10,10,0.0,239323.31
BASELINE,2022-09-28,263860.14,10,10,0.0,246261.47
BASELINE,2022-09-29,258954.52,10,10,0.0,241355.86
BASELINE,2022-09-30,255499.07,10,10,0.0,237900.4
BASELINE,2022-10-03,261192.96,10,10,0.0,243594.29
BASELINE,2022-10-04,272119.38,10,10,0.0,254520.71
BASELINE,2022-10-05,271635.51,10,10,0.0,254036.84
BASELINE,2022-10-06,271300.38,10,10,0.0,253701.71
BASELINE,2022-10-07,267557.88,10,10,0.0,249959.21
BASELINE,2022-10-10,263402.25,10,10,0.0,245803.58
BASELINE,2022-10-11,265337.18,10,10,0.0,247738.52
BASELINE,2022-10-12,265510.73,10,10,0.0,247912.07
BASELINE,2022-10-13,271762.21,10,10,0.0,254163.54
BASELINE,2022-10-14,266889.7,10,10,0.0,249291.03
BASELINE,2022-10-17,270671.94,10,10,0.0,247678.98
BASELINE,2022-10-18,273522.95,10,10,0.0,250529.99
BASELINE,2022-10-19,274038.07,10,10,0.0,251045.1
BASELINE,2022-10-20,272340.47,10,10,0.0,249347.5
BASELINE,2022-10-21,277842.52,10,10,0.0,256164.53
BASELINE,2022-10-24,280859.74,10,10,0.0,259181.74
BASELINE,2022-10-25,285154.68,10,10,0.0,263476.68
BASELINE,2022-10-26,286425.29,10,10,0.0,264747.29
BASELINE,2022-10-27,284400.55,10,10,0.0,262722.55
BASELINE,2022-10-28,289542.97,9,9,0.0,244399.99
BASELINE,2022-10-31,288031.88,10,10,0.0,271772.93
BASELINE,2022-11-01,288184.29,10,10,0.0,271925.34
BASELINE,2022-11-02,280784.1,10,10,0.0,264525.15
BASELINE,2022-11-03,276158.05,6,6,0.0,146483.29
BASELINE,2022-11-04,279421.4,6,6,0.0,149746.64
BASELINE,2022-11-07,282888.16,7,7,0.0,181264.18
BASELINE,2022-11-08,285637.24,8,8,0.0,212369.89
BASELINE,2022-11-09,277628.06,10,10,0.0,260880.96
BASELINE,2022-11-10,291165.31,8,8,0.0,215231.94
BASELINE,2022-11-11,295012.19,10,10,0.0,277568.59
BASELINE,2022-11-14,294202.07,10,10,0.0,276758.47
BASELINE,2022-11-15,298293.02,10,10,0.0,280849.43
BASELINE,2022-11-16,290142.97,10,10,0.0,272699.37
BASELINE,2022-11-17,288552.63,6,6,0.0,157219.0
BASELINE,2022-11-18,288697.85,6,6,0.0,157364.22
BASELINE,2022-11-21,287480.19,7,7,0.0,184917.31
BASELINE,2022-11-22,290148.07,6,6,0.0,153044.5
BASELINE,2022-11-23,290368.93,7,7,0.0,182277.72
BASELINE,2022-11-25,289984.21,9,9,0.0,239935.18
BASELINE,2022-11-28,285762.75,9,9,0.0,235713.71
BASELINE,2022-11-29,286182.45,9,9,0.0,236133.41
BASELINE,2022-11-30,290587.4,10,10,0.0,269186.15
BASELINE,2022-12-01,289962.76,10,10,0.0,268561.51
BASELINE,2022-12-02,288799.43,10,10,0.0,267398.18
BASELINE,2022-12-05,282785.97,10,10,0.0,261384.72
BASELINE,2022-12-06,281127.64,8,8,0.0,201129.49
BASELINE,2022-12-07,279517.94,8,8,0.0,199519.8
BASELINE,2022-12-08,279139.21,8,8,0.0,199141.07
BASELINE,2022-12-09,278440.67,8,8,0.0,198442.53
BASELINE,2022-12-12,282521.93,7,7,0.0,171458.4
BASELINE,2022-12-13,278197.34,10,10,0.0,253240.18
BASELINE,2022-12-14,278667.9,10,10,0.0,253710.74
BASELINE,2022-12-15,269656.12,10,10,0.0,244698.96
BASELINE,2022-12-16,267265.31,9,9,0.0,211681.74
BASELINE,2022-12-19,260846.84,9,9,0.0,205263.27
BASELINE,2022-12-20,260274.0,9,9,0.0,204690.43
BASELINE,2022-12-21,264382.76,10,10,0.0,234921.35
BASELINE,2022-12-22,257312.35,10,10,0.0,227850.94
BASELINE,2022-12-23,260183.93,10,10,0.0,230722.51
BASELINE,2022-12-27,258769.44,10,10,0.0,229308.02
BASELINE,2022-12-28,252973.32,10,10,0.0,223511.91
BASELINE,2022-12-29,260730.91,10,10,0.0,231269.49
BASELINE,2022-12-30,260825.67,10,10,0.0,231364.25
BASELINE,2023-01-03,259755.85,10,10,0.0,230294.44
BASELINE,2023-01-04,270007.81,10,10,0.0,240546.4
BASELINE,2023-01-05,271193.6,10,10,0.0,241732.19
BASELINE,2023-01-06,278497.32,10,10,0.0,249035.91
BASELINE,2023-01-09,282608.21,10,10,0.0,253146.8
BASELINE,2023-01-10,288190.74,10,10,0.0,258729.33
BASELINE,2023-01-11,290004.01,10,10,0.0,260542.6
BASELINE,2023-01-12,299670.99,10,10,0.0,270209.58
BASELINE,2023-01-13,300574.4,10,10,0.0,271112.99
BASELINE,2023-01-17,301823.59,10,10,0.0,272362.18
BASELINE,2023-01-18,294526.62,8,8,0.0,225332.68
BASELINE,2023-01-19,291688.24,8,8,0.0,222494.3
BASELINE,2023-01-20,297613.77,9,9,0.0,257097.11
BASELINE,2023-01-23,302251.18,9,9,0.0,261734.52
BASELINE,2023-01-24,299539.84,10,10,0.0,289060.88
BASELINE,2023-01-25,301996.93,9,9,0.0,259364.15
BASELINE,2023-01-26,307664.09,10,10,0.0,295684.77
BASELINE,2023-01-27,312055.91,10,10,0.0,300076.59
BASELINE,2023-01-30,304408.66,10,10,0.0,292429.33
BASELINE,2023-01-31,310121.95,10,10,0.0,298142.62
BASELINE,2023-02-01,312278.11,10,10,0.0,300298.79
BASELINE,2023-02-02,319018.3,10,10,0.0,307038.98
BASELINE,2023-02-03,316511.55,10,10,0.0,304532.23
BASELINE,2023-02-06,315356.07,10,10,0.0,303376.75
BASELINE,2023-02-07,317955.35,10,10,0.0,305789.1
BASELINE,2023-02-08,314109.43,10,10,0.0,296020.59
BASELINE,2023-02-09,312755.89,10,10,0.0,294667.04
BASELINE,2023-02-10,314520.63,10,10,0.0,296431.78
BASELINE,2023-02-13,313880.53,10,10,0.0,295791.68
BASELINE,2023-02-14,315374.52,10,10,0.0,297285.67
BASELINE,2023-02-15,315800.84,10,10,0.0,297711.99
BASELINE,2023-02-16,309957.27,10,10,0.0,291868.43
BASELINE,2023-02-17,307018.57,10,10,0.0,275287.64
BASELINE,2023-02-21,303977.34,10,10,0.0,272246.41
BASELINE,2023-02-22,304295.28,10,10,0.0,272564.35
BASELINE,2023-02-23,305319.41,10,10,0.0,273588.49
BASELINE,2023-02-24,305718.56,10,10,0.0,273987.63
BASELINE,2023-02-27,304097.03,10,10,0.0,272366.1
BASELINE,2023-02-28,302128.9,10,10,0.0,270397.97
BASELINE,2023-03-01,302504.7,10,10,0.0,270773.77
BASELINE,2023-03-02,303531.22,10,10,0.0,271800.29
BASELINE,2023-03-03,307809.58,10,10,0.0,276078.65
BASELINE,2023-03-06,305874.7,10,10,0.0,274143.77
BASELINE,2023-03-07,300805.53,10,10,0.0,269074.6
BASELINE,2023-03-08,301802.55,10,10,0.0,268878.69
BASELINE,2023-03-09,292921.19,10,10,0.0,259997.33
BASELINE,2023-03-10,285703.26,10,10,0.0,252779.4
BASELINE,2023-03-13,280315.47,10,10,0.0,247391.61
BASELINE,2023-03-14,283887.08,10,10,0.0,250963.21
BASELINE,2023-03-15,280638.75,10,10,0.0,247714.88
BASELINE,2023-03-16,283921.32,10,10,0.0,250997.45
BASELINE,2023-03-17,279646.17,10,10,0.0,246722.31
BASELINE,2023-03-20,282594.79,10,10,0.0,249670.92
BASELINE,2023-03-21,287852.34,10,10,0.0,254928.47
BASELINE,2023-03-22,281096.63,10,10,0.0,248172.77
BASELINE,2023-03-23,279089.51,10,10,0.0,246165.65
BASELINE,2023-03-24,280579.43,10,10,0.0,247655.57
BASELINE,2023-03-27,282664.63,10,10,0.0,249740.77
BASELINE,2023-03-28,283478.75,10,10,0.0,250554.89
BASELINE,2023-03-29,287495.39,10,10,0.0,254571.52
BASELINE,2023-03-30,287210.66,10,10,0.0,254286.8
BASELINE,2023-03-31,291198.97,10,10,0.0,258275.11
BASELINE,2023-04-03,292294.96,10,10,0.0,259371.1
BASELINE,2023-04-04,289246.14,10,10,0.0,256322.27
BASELINE,2023-04-05,287066.59,7,7,0.0,171910.11
BASELINE,2023-04-06,287350.81,8,8,0.0,200835.96
BASELINE,2023-04-10,290394.56,8,8,0.0,203879.71
BASELINE,2023-04-11,290923.4,8,8,0.0,204408.55
BASELINE,2023-04-12,286679.04,8,8,0.0,200164.19
BASELINE,2023-04-13,288153.67,7,7,0.0,172490.51
BASELINE,2023-04-14,286985.45,10,10,0.0,257841.0
BASELINE,2023-04-17,289850.48,10,10,0.0,260706.03
BASELINE,2023-04-18,290928.88,10,10,0.0,261784.43
BASELINE,2023-04-19,292210.48,10,10,0.0,263066.04
BASELINE,2023-04-20,290022.24,10,10,0.0,260877.79
BASELINE,2023-04-21,289433.56,10,10,0.0,259204.4
BASELINE,2023-04-24,287503.0,10,10,0.0,257273.84
BASELINE,2023-04-25,280627.97,9,9,0.0,223613.94
BASELINE,2023-04-26,279664.05,9,9,0.0,222650.02
BASELINE,2023-04-27,290693.54,10,10,0.0,262090.52
BASELINE,2023-04-28,296090.38,10,10,0.0,267487.36
BASELINE,2023-05-01,294543.95,10,10,0.0,265940.92
BASELINE,2023-05-02,288239.14,10,10,0.0,259636.11
BASELINE,2023-05-03,284732.35,10,10,0.0,256129.33
BASELINE,2023-05-04,281102.86,10,10,0.0,251398.35
BASELINE,2023-05-05,289433.12,10,10,0.0,257005.52
BASELINE,2023-05-08,288809.89,10,10,0.0,256382.3
BASELINE,2023-05-09,284020.21,10,10,0.0,251592.61
BASELINE,2023-05-10,283294.81,10,10,0.0,250867.22
BASELINE,2023-05-11,281227.37,10,10,0.0,248799.78
BASELINE,2023-05-12,281929.5,10,10,0.0,249501.9
BASELINE,2023-05-15,290527.37,10,10,0.0,258099.78
BASELINE,2023-05-16,288745.95,10,10,0.0,256318.36
BASELINE,2023-05-17,295281.37,10,10,0.0,262853.77
BASELINE,2023-05-18,300380.28,10,10,0.0,267952.68
BASELINE,2023-05-19,297601.7,10,10,0.0,265174.1
BASELINE,2023-05-22,298977.94,10,10,0.0,275276.93
BASELINE,2023-05-23,296353.9,10,10,0.0,272652.88
BASELINE,2023-05-24,292725.51,10,10,0.0,264541.33
BASELINE,2023-05-25,292358.51,10,10,0.0,264174.34
BASELINE,2023-05-26,297527.03,10,10,0.0,269342.86
BASELINE,2023-05-30,300221.05,10,10,0.0,272036.87
BASELINE,2023-05-31,294360.7,10,10,0.0,266176.53
BASELINE,2023-06-01,297484.91,10,10,0.0,269300.74
BASELINE,2023-06-02,303358.29,10,10,0.0,275174.12
BASELINE,2023-06-05,301052.01,10,10,0.0,272867.83
BASELINE,2023-06-06,304477.19,10,10,0.0,276293.01
BASELINE,2023-06-07,312744.35,10,10,0.0,282504.81
BASELINE,2023-06-08,314316.94,10,10,0.0,284077.4
BASELINE,2023-06-09,312841.59,9,9,0.0,257394.26
BASELINE,2023-06-12,313935.37,9,9,0.0,258488.04
BASELINE,2023-06-13,316020.69,10,10,0.0,292215.18
BASELINE,2023-06-14,315072.71,10,10,0.0,291267.2
BASELINE,2023-06-15,317440.62,10,10,0.0,293635.12
BASELINE,2023-06-16,317526.18,10,10,0.0,292608.68
BASELINE,2023-06-20,313472.34,10,10,0.0,288554.85
BASELINE,2023-06-21,311988.95,10,10,0.0,287071.46
BASELINE,2023-06-22,308729.95,8,8,0.0,230032.55
BASELINE,2023-06-23,306914.69,9,9,0.0,258955.85
BASELINE,2023-06-26,308862.25,9,9,0.0,260903.42
BASELINE,2023-06-27,311065.16,9,9,0.0,263106.33
BASELINE,2023-06-28,313016.92,10,10,0.0,296161.78
BASELINE,2023-06-29,315226.65,10,10,0.0,298371.51
BASELINE,2023-06-30,316692.74,10,10,0.0,299837.6
BASELINE,2023-07-03,318327.45,10,10,0.0,301472.31
BASELINE,2023-07-05,318148.6,10,10,0.0,301293.46
BASELINE,2023-07-06,314829.08,10,10,0.0,297973.94
BASELINE,2023-07-07,317474.32,9,9,0.0,268367.88
BASELINE,2023-07-10,317653.18,10,10,0.0,300264.38
BASELINE,2023-07-11,322344.88,10,10,0.0,304956.08
BASELINE,2023-07-12,325611.44,10,10,0.0,308222.64
BASELINE,2023-07-13,327979.87,10,10,0.0,310591.07
BASELINE,2023-07-14,323576.21,10,10,0.0,306187.42
BASELINE,2023-07-17,322132.51,10,10,0.0,309396.48
BASELINE,2023-07-18,326757.85,10,10,0.0,313356.41
BASELINE,2023-07-19,330231.52,10,10,0.0,316830.08
BASELINE,2023-07-20,329345.47,10,10,0.0,315944.03
BASELINE,2023-07-21,328998.07,10,10,0.0,315596.63
BASELINE,2023-07-24,328804.17,10,10,0.0,310602.88
BASELINE,2023-07-25,327484.27,10,10,0.0,309282.98
BASELINE,2023-07-26,327572.94,9,9,0.0,277393.63
BASELINE,2023-07-27,324227.52,9,9,0.0,274048.22
BASELINE,2023-07-28,327906.52,10,10,0.0,316887.21
BASELINE,2023-07-31,329026.57,10,10,0.0,318007.25
BASELINE,2023-08-01,327294.29,10,10,0.0,315249.95
BASELINE,2023-08-02,323089.46,10,10,0.0,311045.13
BASELINE,2023-08-03,322011.41,9,9,0.0,277439.75
BASELINE,2023-08-04,322529.46,10,10,0.0,310236.47
BASELINE,2023-08-07,326541.59,10,10,0.0,314355.62
BASELINE,2023-08-08,323997.91,10,10,0.0,311811.94
BASELINE,2023-08-09,320529.52,9,9,0.0,276232.65
BASELINE,2023-08-10,320348.54,8,8,0.0,240466.0
BASELINE,2023-08-11,319541.94,8,8,0.0,239659.4
BASELINE,2023-08-14,321505.2,10,10,0.0,305420.83
BASELINE,2023-08-15,319475.48,10,10,0.0,303391.11
BASELINE,2023-08-16,316539.65,10,10,0.0,300455.28
BASELINE,2023-08-17,314382.41,10,10,0.0,298298.04
BASELINE,2023-08-18,315533.05,10,10,0.0,299448.68
BASELINE,2023-08-21,316493.94,10,10,0.0,300409.56
BASELINE,2023-08-22,315192.88,10,10,0.0,299108.5
BASELINE,2023-08-23,319482.91,10,10,0.0,303398.54
BASELINE,2023-08-24,314382.7,10,10,0.0,298298.32
BASELINE,2023-08-25,316471.58,9,9,0.0,267494.55
BASELINE,2023-08-28,317295.4,10,10,0.0,300081.71
BASELINE,2023-08-29,323277.66,10,10,0.0,306063.97
BASELINE,2023-08-30,324128.92,10,10,0.0,306915.24
BASELINE,2023-08-31,322847.22,10,10,0.0,305633.53
BASELINE,2023-09-01,322883.24,10,10,0.0,305669.55
BASELINE,2023-09-05,322562.81,10,10,0.0,305349.12
BASELINE,2023-09-06,320687.76,10,10,0.0,302871.01
BASELINE,2023-09-07,320367.11,10,10,0.0,302550.35
BASELINE,2023-09-08,320832.99,10,10,0.0,303016.24
BASELINE,2023-09-11,323114.48,10,10,0.0,305297.73
BASELINE,2023-09-12,318080.68,10,10,0.0,300263.93
BASELINE,2023-09-13,319228.33,10,10,0.0,301411.58
BASELINE,2023-09-14,322696.5,9,9,0.0,276912.89
BASELINE,2023-09-15,318477.47,10,10,0.0,304881.23
BASELINE,2023-09-18,318175.68,10,10,0.0,304579.44
BASELINE,2023-09-19,317399.51,10,10,0.0,305967.86
BASELINE,2023-09-20,314615.04,10,10,0.0,303183.38
BASELINE,2023-09-21,310176.5,10,10,0.0,298744.85
BASELINE,2023-09-22,308767.91,10,10,0.0,297336.25
BASELINE,2023-09-25,308620.04,9,9,0.0,266443.38
BASELINE,2023-09-26,304691.36,9,9,0.0,262514.7
BASELINE,2023-09-27,305896.74,9,9,0.0,263720.08
BASELINE,2023-09-28,310492.53,10,10,0.0,298835.87
BASELINE,2023-09-29,307396.66,10,10,0.0,295740.0
BASELINE,2023-10-02,307912.93,10,10,0.0,296256.27
BASELINE,2023-10-03,301685.55,10,10,0.0,290028.9
BASELINE,2023-10-04,304063.62,10,10,0.0,292406.96
BASELINE,2023-10-05,304666.02,10,10,0.0,293009.36
BASELINE,2023-10-06,309162.64,10,10,0.0,297505.98
BASELINE,2023-10-09,312606.18,10,10,0.0,300949.52
BASELINE,2023-10-10,314191.87,10,10,0.0,302535.21
BASELINE,2023-10-11,314750.82,10,10,0.0,303094.16
BASELINE,2023-10-12,313506.05,10,10,0.0,301849.39
BASELINE,2023-10-13,311697.51,10,10,0.0,300040.85
BASELINE,2023-10-16,315530.99,10,10,0.0,303874.33
BASELINE,2023-10-17,316760.91,10,10,0.0,305104.25
BASELINE,2023-10-18,312305.94,10,10,0.0,300649.29
BASELINE,2023-10-19,310378.5,10,10,0.0,298721.84
BASELINE,2023-10-20,305815.2,10,10,0.0,294619.37
BASELINE,2023-10-23,306100.06,10,10,0.0,294904.23
BASELINE,2023-10-24,309038.74,9,9,0.0,266117.73
BASELINE,2023-10-25,299865.89,9,9,0.0,256944.88
BASELINE,2023-10-26,294409.52,9,9,0.0,250361.0
BASELINE,2023-10-27,296162.62,10,10,0.0,281776.5
BASELINE,2023-10-30,299344.95,10,10,0.0,284958.83
BASELINE,2023-10-31,302183.1,10,10,0.0,287796.98
BASELINE,2023-11-01,307978.75,10,10,0.0,293592.63
BASELINE,2023-11-02,311840.39,10,10,0.0,297454.27
BASELINE,2023-11-03,317014.36,10,10,0.0,302628.24
BASELINE,2023-11-06,317038.76,10,10,0.0,302652.64
BASELINE,2023-11-07,318328.74,10,10,0.0,303942.62
BASELINE,2023-11-08,319848.35,10,10,0.0,305462.23
BASELINE,2023-11-09,319651.5,10,10,0.0,305265.38
BASELINE,2023-11-10,323818.66,9,9,0.0,279011.61
BASELINE,2023-11-13,324542.65,10,10,0.0,312023.77
BASELINE,2023-11-14,330593.36,10,10,0.0,318074.49
BASELINE,2023-11-15,331992.5,10,10,0.0,319473.63
BASELINE,2023-11-16,334985.92,10,10,0.0,322467.04
BASELINE,2023-11-17,334272.32,10,10,0.0,321753.45
BASELINE,2023-11-20,335727.67,10,10,0.0,324578.25
BASELINE,2023-11-21,333678.59,10,10,0.0,322529.17
BASELINE,2023-11-22,336197.3,10,10,0.0,325047.87
BASELINE,2023-11-24,336377.33,10,10,0.0,325227.91
BASELINE,2023-11-27,334954.91,8,8,0.0,261563.51
BASELINE,2023-11-28,333696.99,5,5,0.0,160721.05
BASELINE,2023-11-29,332762.57,4,4,0.0,124846.82
BASELINE,2023-11-30,334053.68,5,5,0.0,159433.02
BASELINE,2023-12-01,335490.15,8,8,0.0,261116.83
BASELINE,2023-12-04,336783.09,9,9,0.0,295897.66
BASELINE,2023-12-05,334876.58,9,9,0.0,295219.07
BASELINE,2023-12-06,338193.67,10,10,0.0,332142.32
BASELINE,2023-12-07,339881.63,10,10,0.0,333830.28
BASELINE,2023-12-08,342926.73,10,10,0.0,340985.29
BASELINE,2023-12-11,344940.13,10,10,0.0,342998.69
BASELINE,2023-12-12,344115.14,10,10,0.0,342173.7
BASELINE,2023-12-13,352262.81,10,10,0.0,350321.37
BASELINE,2023-12-14,353012.47,10,10,0.0,351071.03
BASELINE,2023-12-15,351787.1,10,10,0.0,349845.66
BASELINE,2023-12-18,352270.19,8,8,0.0,280225.24
BASELINE,2023-12-19,356574.79,10,10,0.0,355321.27
BASELINE,2023-12-20,353647.56,10,10,-0.0,353647.56
BASELINE,2023-12-21,358536.31,8,8,0.0,291492.59
BASELINE,2023-12-22,360200.18,10,10,-0.0,360200.18
BASELINE,2023-12-26,362305.06,10,10,-0.0,362305.06
BASELINE,2023-12-27,361589.79,10,10,-0.0,361589.79
BASELINE,2023-12-28,361159.06,8,8,0.0,288768.66
BASELINE,2023-12-29,360242.28,7,7,0.0,252386.49
BASELINE,2024-01-02,365732.06,8,8,0.0,293920.63
BASELINE,2024-01-03,362617.44,10,10,-0.0,362617.44
BASELINE,2024-01-04,358481.21,9,9,0.0,319219.13
BASELINE,2024-01-05,360480.54,9,9,0.0,323621.86
BASELINE,2024-01-08,360688.12,9,9,0.0,323829.43
BASELINE,2024-01-09,357493.84,10,10,0.0,353126.61
BASELINE,2024-01-10,358337.3,10,10,0.0,352251.75
BASELINE,2024-01-11,360182.65,10,10,0.0,354097.1
BASELINE,2024-01-12,354504.05,10,10,0.0,348418.5
BASELINE,2024-01-16,350148.45,10,10,0.0,344062.9
BASELINE,2024-01-17,348357.8,10,10,0.0,342272.25
BASELINE,2024-01-18,354447.31,10,10,0.0,348361.76
BASELINE,2024-01-19,356729.79,10,10,0.0,350644.24
BASELINE,2024-01-22,356193.44,10,10,0.0,350107.89
BASELINE,2024-01-23,361024.06,10,10,0.0,352717.5
BASELINE,2024-01-24,359043.42,10,10,0.0,350736.85
BASELINE,2024-01-25,367028.38,10,10,0.0,357628.18
BASELINE,2024-01-26,367873.46,10,10,0.0,358473.26
BASELINE,2024-01-29,369271.39,10,10,0.0,359871.19
BASELINE,2024-01-30,366968.05,10,10,0.0,357567.85
BASELINE,2024-01-31,360686.5,10,10,0.0,351763.27
BASELINE,2024-02-01,363712.78,9,9,0.0,312725.45
BASELINE,2024-02-02,361424.56,10,10,0.0,346623.58
BASELINE,2024-02-05,354744.59,10,10,0.0,339943.61
BASELINE,2024-02-06,357489.29,10,10,0.0,342688.31
BASELINE,2024-02-07,355737.48,10,10,0.0,339817.33
BASELINE,2024-02-08,356926.79,10,10,0.0,341006.64
BASELINE,2024-02-09,354781.25,10,10,0.0,338861.1
BASELINE,2024-02-12,359258.91,10,10,0.0,343338.76
BASELINE,2024-02-13,352664.82,10,10,0.0,336744.67
BASELINE,2024-02-14,354715.36,10,10,0.0,338795.21
BASELINE,2024-02-15,356524.29,10,10,0.0,337640.74
BASELINE,2024-02-16,352580.8,10,10,0.0,333697.25
BASELINE,2024-02-20,350757.14,10,10,0.0,331873.58
BASELINE,2024-02-21,351410.97,10,10,0.0,332527.41
BASELINE,2024-02-22,355620.11,10,10,0.0,336736.56
BASELINE,2024-02-23,348909.84,10,10,0.0,330026.29
BASELINE,2024-02-26,346915.46,10,10,0.0,328031.91
BASELINE,2024-02-27,349734.51,10,10,0.0,330850.96
BASELINE,2024-02-28,348840.4,10,10,0.0,329956.84
BASELINE,2024-02-29,351961.73,10,10,0.0,333243.02
BASELINE,2024-03-01,352320.35,10,10,0.0,333601.63
BASELINE,2024-03-04,347907.03,10,10,0.0,329188.31
BASELINE,2024-03-05,348731.64,10,10,0.0,330012.92
BASELINE,2024-03-06,353284.72,10,10,0.0,334566.0
BASELINE,2024-03-07,356087.75,10,10,0.0,337369.04
BASELINE,2024-03-08,355850.99,10,10,0.0,337132.27
BASELINE,2024-03-11,357669.82,10,10,0.0,338951.1
BASELINE,2024-03-12,356123.32,10,10,0.0,333784.78
BASELINE,2024-03-13,356850.24,10,10,0.0,330458.51
BASELINE,2024-03-14,353836.85,10,10,0.0,327445.12
BASELINE,2024-03-15,352090.07,10,10,0.0,325698.34
BASELINE,2024-03-18,353290.13,10,10,0.0,326898.4
BASELINE,2024-03-19,355254.36,10,10,0.0,328862.63
BASELINE,2024-03-20,364630.73,10,10,0.0,338239.0
BASELINE,2024-03-21,363053.52,10,10,0.0,336661.79
BASELINE,2024-03-22,360591.32,10,10,0.0,341635.75
BASELINE,2024-03-25,361579.61,9,9,0.0,303332.08
BASELINE,2024-03-26,359911.63,10,10,0.0,337896.95
BASELINE,2024-03-27,364205.37,10,10,0.0,342190.69
BASELINE,2024-03-28,365795.02,10,10,0.0,343780.34
BASELINE,2024-04-01,364352.7,10,10,0.0,342338.02
BASELINE,2024-04-02,360725.59,9,9,0.0,301733.98
BASELINE,2024-04-03,361100.06,9,9,0.0,302108.45
BASELINE,2024-04-04,355240.99,10,10,0.0,332560.23
BASELINE,2024-04-05,356641.08,9,9,0.0,304608.87
BASELINE,2024-04-08,356776.74,10,10,0.0,340379.27
BASELINE,2024-04-09,357731.5,10,10,0.0,341334.03
BASELINE,2024-04-10,353444.01,10,10,0.0,337046.54
BASELINE,2024-04-11,356466.68,10,10,0.0,337694.06
BASELINE,2024-04-12,352066.18,10,10,0.0,333293.55
BASELINE,2024-04-15,349293.39,10,10,0.0,330520.76
BASELINE,2024-04-16,348231.08,10,10,0.0,329458.45
BASELINE,2024-04-17,347438.51,10,10,0.0,328665.88
BASELINE,2024-04-18,346863.84,10,10,0.0,328091.21
BASELINE,2024-04-19,346972.17,10,10,0.0,328199.54
BASELINE,2024-04-22,349377.13,10,10,0.0,330604.5
BASELINE,2024-04-23,350386.54,10,10,0.0,331613.91
BASELINE,2024-04-24,352057.25,10,10,0.0,333284.62
BASELINE,2024-04-25,352779.19,10,10,0.0,334006.56
BASELINE,2024-04-26,354399.66,10,10,0.0,335627.03
BASELINE,2024-04-29,357168.79,10,10,0.0,338396.16
BASELINE,2024-04-30,349729.17,10,10,0.0,330956.54
BASELINE,2024-05-01,344320.12,10,10,0.0,325547.49
BASELINE,2024-05-02,348243.58,10,10,0.0,329470.95
BASELINE,2024-05-03,351872.15,10,10,0.0,333099.52
BASELINE,2024-05-06,352805.05,10,10,0.0,334032.42
BASELINE,2024-05-07,352282.8,10,10,0.0,330888.98
BASELINE,2024-05-08,354581.73,10,10,0.0,333187.91
BASELINE,2024-05-09,354824.81,10,10,0.0,333430.99
BASELINE,2024-05-10,355520.74,10,10,0.0,334126.92
BASELINE,2024-05-13,358006.56,10,10,0.0,336612.74
BASELINE,2024-05-14,358916.4,10,10,0.0,337522.58
BASELINE,2024-05-15,359456.82,10,10,0.0,335901.35
BASELINE,2024-05-16,362193.3,10,10,0.0,338637.84
BASELINE,2024-05-17,362918.91,10,10,0.0,339363.45
BASELINE,2024-05-20,362807.41,10,10,0.0,340332.08
BASELINE,2024-05-21,361670.44,10,10,0.0,339195.11
BASELINE,2024-05-22,359549.03,10,10,0.0,335701.09
BASELINE,2024-05-23,350875.43,10,10,0.0,327027.49
BASELINE,2024-05-24,353529.25,9,9,0.0,293965.99
BASELINE,2024-05-28,353566.83,9,9,0.0,294003.58
BASELINE,2024-05-29,350370.91,9,9,0.0,290807.65
BASELINE,2024-05-30,354366.84,9,9,0.0,294803.58
BASELINE,2024-05-31,361473.27,10,10,0.0,337409.18
BASELINE,2024-06-03,362619.14,10,10,0.0,338555.05
BASELINE,2024-06-04,363997.25,10,10,0.0,339933.16
BASELINE,2024-06-05,365329.36,10,10,0.0,341265.27
BASELINE,2024-06-06,364756.15,10,10,0.0,340600.22
BASELINE,2024-06-07,362792.8,10,10,0.0,338636.87
BASELINE,2024-06-10,365083.6,10,10,0.0,343582.44
BASELINE,2024-06-11,363271.52,10,10,0.0,341770.37
BASELINE,2024-06-12,362285.2,10,10,0.0,340784.04
BASELINE,2024-06-13,361603.22,10,10,0.0,338180.66
BASELINE,2024-06-14,358729.22,10,10,0.0,335306.66
BASELINE,2024-06-17,363331.98,10,10,0.0,339909.42
BASELINE,2024-06-18,361084.69,10,10,0.0,337662.13
BASELINE,2024-06-20,362308.13,10,10,0.0,338885.57
BASELINE,2024-06-21,362034.37,10,10,0.0,338611.81
BASELINE,2024-06-24,364806.01,10,10,0.0,341383.46
BASELINE,2024-06-25,363628.52,10,10,0.0,340205.96
BASELINE,2024-06-26,366276.61,10,10,0.0,338271.42
BASELINE,2024-06-27,369836.1,10,10,0.0,341830.91
BASELINE,2024-06-28,372377.3,10,10,0.0,344372.11
BASELINE,2024-07-01,373245.68,10,10,0.0,345240.49
BASELINE,2024-07-02,377313.5,10,10,0.0,349308.32
BASELINE,2024-07-03,380579.88,10,10,0.0,352574.69
BASELINE,2024-07-05,381060.86,10,10,0.0,353055.68
BASELINE,2024-07-08,380657.73,8,8,0.0,277660.77
BASELINE,2024-07-09,382265.09,7,7,0.0,240827.96
BASELINE,2024-07-10,383425.54,8,8,0.0,280216.88
BASELINE,2024-07-11,382902.76,10,10,0.0,356670.49
BASELINE,2024-07-12,386416.05,10,10,0.0,360183.78
BASELINE,2024-07-15,383100.53,10,10,0.0,356868.27
BASELINE,2024-07-16,393110.14,10,10,0.0,372645.77
BASELINE,2024-07-17,396451.34,10,10,0.0,375986.98
BASELINE,2024-07-18,396122.73,10,10,0.0,375658.36
BASELINE,2024-07-19,393161.0,9,9,0.0,337351.52
BASELINE,2024-07-22,392630.27,7,7,0.0,254101.1
BASELINE,2024-07-23,391717.41,9,9,0.0,331669.32
BASELINE,2024-07-24,386469.48,8,8,0.0,286995.4
BASELINE,2024-07-25,382862.12,7,7,0.0,242869.11
BASELINE,2024-07-26,397163.31,8,8,0.0,309110.36
BASELINE,2024-07-29,397500.28,9,9,0.0,349287.91
BASELINE,2024-07-30,400789.63,10,10,0.0,392672.02
BASELINE,2024-07-31,405188.51,10,10,0.0,397070.89
BASELINE,2024-08-01,399992.68,10,10,0.0,391875.06
BASELINE,2024-08-02,392326.65,10,10,0.0,384209.04
BASELINE,2024-08-05,384150.25,10,10,0.0,375316.9
BASELINE,2024-08-06,383775.54,9,9,0.0,334741.0
BASELINE,2024-08-07,382157.68,10,10,0.0,371730.06
BASELINE,2024-08-08,384857.98,10,10,0.0,374430.35
BASELINE,2024-08-09,385422.59,10,10,0.0,374994.96
BASELINE,2024-08-12,384473.14,10,10,0.0,374559.76
BASELINE,2024-08-13,399394.5,10,10,0.0,389481.12
BASELINE,2024-08-14,399273.0,10,10,0.0,389359.62
BASELINE,2024-08-15,404296.76,10,10,0.0,394383.38
BASELINE,2024-08-16,405520.79,10,10,0.0,395607.4
BASELINE,2024-08-19,407520.02,10,10,0.0,392246.04
BASELINE,2024-08-20,405865.61,10,10,0.0,390591.63
BASELINE,2024-08-21,407386.68,10,10,0.0,388904.52
BASELINE,2024-08-22,401329.68,10,10,0.0,382847.52
BASELINE,2024-08-23,409300.7,10,10,0.0,390818.54
BASELINE,2024-08-26,409576.48,10,10,0.0,391094.31
BASELINE,2024-08-27,410281.18,10,10,0.0,391799.02
BASELINE,2024-08-28,405634.28,9,9,0.0,344883.73
BASELINE,2024-08-29,406292.41,9,9,0.0,344311.12
BASELINE,2024-08-30,409483.67,10,10,0.0,388284.96
BASELINE,2024-09-03,402629.99,10,10,0.0,381431.29
BASELINE,2024-09-04,404213.64,10,10,0.0,376158.18
BASELINE,2024-09-05,406174.1,10,10,0.0,378118.64
BASELINE,2024-09-06,399047.7,10,10,0.0,370992.24
BASELINE,2024-09-09,403984.28,9,9,0.0,335964.94
BASELINE,2024-09-10,404485.62,10,10,0.0,376932.36
BASELINE,2024-09-11,405380.37,10,10,0.0,377827.12
BASELINE,2024-09-12,407833.54,10,10,0.0,380280.28
BASELINE,2024-09-13,408571.49,10,10,0.0,381018.23
BASELINE,2024-09-16,411840.86,10,10,0.0,384287.61
BASELINE,2024-09-17,411518.16,10,10,0.0,383964.91
BASELINE,2024-09-18,412294.84,10,10,0.0,384794.99
BASELINE,2024-09-19,417084.37,10,10,0.0,389584.51
BASELINE,2024-09-20,412825.08,10,10,0.0,385325.22
BASELINE,2024-09-23,414986.39,10,10,0.0,384969.82
BASELINE,2024-09-24,416283.33,10,10,0.0,385035.77
BASELINE,2024-09-25,412654.72,10,10,0.0,381407.17
BASELINE,2024-09-26,423091.93,10,10,0.0,391844.38
BASELINE,2024-09-27,424661.08,10,10,0.0,393413.52
BASELINE,2024-09-30,421706.61,10,10,0.0,390459.05
BASELINE,2024-10-01,421911.23,10,10,0.0,390663.67
BASELINE,2024-10-02,418909.03,8,8,0.0,302252.99
BASELINE,2024-10-03,417510.92,8,8,0.0,300854.89
BASELINE,2024-10-04,419950.47,8,8,0.0,303294.43
BASELINE,2024-10-07,416967.2,10,10,0.0,384238.75
BASELINE,2024-10-08,414939.67,10,10,0.0,382211.23
BASELINE,2024-10-09,417474.94,10,10,0.0,382598.76
BASELINE,2024-10-10,416369.59,10,10,0.0,381493.41
BASELINE,2024-10-11,420598.93,10,10,0.0,385722.75
BASELINE,2024-10-14,421206.71,10,10,0.0,386330.53
BASELINE,2024-10-15,421025.45,10,10,0.0,386149.26
BASELINE,2024-10-16,424287.09,10,10,0.0,389467.8
BASELINE,2024-10-17,421208.62,10,10,0.0,386389.33
BASELINE,2024-10-18,425363.02,10,10,0.0,389876.57
BASELINE,2024-10-21,421803.64,10,10,0.0,386317.18
BASELINE,2024-10-22,423315.65,10,10,0.0,386483.26
BASELINE,2024-10-23,419139.52,10,10,0.0,382307.14
BASELINE,2024-10-24,419067.62,10,10,0.0,381015.25
BASELINE,2024-10-25,418010.28,10,10,0.0,379957.92
BASELINE,2024-10-28,421031.66,10,10,0.0,382979.29
BASELINE,2024-10-29,417553.91,10,10,0.0,379501.55
BASELINE,2024-10-30,417623.64,10,10,0.0,379571.27
BASELINE,2024-10-31,412663.13,10,10,0.0,374610.77
BASELINE,2024-11-01,415968.02,10,10,0.0,377915.66
BASELINE,2024-11-04,415405.31,10,10,0.0,377352.95
BASELINE,2024-11-05,418734.92,10,10,0.0,380682.56
BASELINE,2024-11-06,422316.13,10,10,0.0,384263.77
BASELINE,2024-11-07,430277.35,10,10,0.0,392224.98
BASELINE,2024-11-08,429343.87,10,10,0.0,391291.5
BASELINE,2024-11-11,429104.53,10,10,0.0,391052.17
BASELINE,2024-11-12,425304.65,10,10,0.0,387252.28
BASELINE,2024-11-13,425460.8,10,10,0.0,386169.13
BASELINE,2024-11-14,421554.45,10,10,0.0,382262.79
BASELINE,2024-11-15,415811.98,10,10,0.0,376520.31
BASELINE,2024-11-18,419218.16,10,10,0.0,375385.37
BASELINE,2024-11-19,418442.95,10,10,0.0,374610.17
BASELINE,2024-11-20,419179.87,10,10,0.0,375347.08
BASELINE,2024-11-21,422556.92,10,10,0.0,378724.14
BASELINE,2024-11-22,427470.42,10,10,0.0,383637.63
BASELINE,2024-11-25,432770.05,10,10,0.0,388937.27
BASELINE,2024-11-26,428109.05,10,10,0.0,378001.33
BASELINE,2024-11-27,428628.16,10,10,0.0,376382.3
BASELINE,2024-11-29,430357.75,10,10,0.0,378111.89
BASELINE,2024-12-02,432305.66,10,10,0.0,380059.8
BASELINE,2024-12-03,430574.0,10,10,0.0,378328.15
BASELINE,2024-12-04,428077.01,10,10,0.0,375831.16
BASELINE,2024-12-05,426062.17,10,10,0.0,374033.29
BASELINE,2024-12-06,427343.11,10,10,0.0,391305.69
BASELINE,2024-12-09,427351.84,10,10,0.0,391314.42
BASELINE,2024-12-10,425092.91,10,10,0.0,389055.49
BASELINE,2024-12-11,427569.79,9,9,0.0,358867.11
BASELINE,2024-12-12,428219.62,10,10,0.0,402189.18
BASELINE,2024-12-13,422380.17,10,10,0.0,396349.74
BASELINE,2024-12-16,419084.17,10,10,0.0,393053.74
BASELINE,2024-12-17,419598.1,10,10,0.0,393567.67
BASELINE,2024-12-18,410579.01,10,10,0.0,380350.25
BASELINE,2024-12-19,410445.29,9,9,0.0,335773.59
BASELINE,2024-12-20,415065.0,9,9,0.0,340393.3
BASELINE,2024-12-23,415708.5,10,10,0.0,382530.01
BASELINE,2024-12-24,417754.02,10,10,0.0,384575.53
BASELINE,2024-12-26,417312.47,10,10,0.0,384133.98
BASELINE,2024-12-27,414541.58,10,10,0.0,385029.49
BASELINE,2024-12-30,410272.79,10,10,0.0,380760.69
BASELINE,2024-12-31,411620.45,10,10,0.0,382108.36
BASELINE,2025-01-02,412318.67,10,10,0.0,382806.57
BASELINE,2025-01-03,414591.56,10,10,0.0,385079.46
BASELINE,2025-01-06,415641.24,10,10,0.0,386129.14
BASELINE,2025-01-07,412178.86,10,10,0.0,382666.76
BASELINE,2025-01-08,410861.6,10,10,0.0,380470.16
BASELINE,2025-01-10,420453.46,10,10,0.0,390062.02
BASELINE,2025-01-13,424031.42,10,10,0.0,393639.98
BASELINE,2025-01-14,427759.27,10,10,0.0,397367.82
BASELINE,2025-01-15,431659.37,10,10,0.0,401267.93
BASELINE,2025-01-16,432303.58,10,10,0.0,401912.13
BASELINE,2025-01-17,433610.77,10,10,0.0,403219.33
BASELINE,2025-01-21,431155.51,10,10,0.0,400764.07
BASELINE,2025-01-22,429303.42,10,10,0.0,398611.41
BASELINE,2025-01-23,433508.66,10,10,0.0,403089.26
BASELINE,2025-01-24,432845.24,10,10,0.0,402425.85
BASELINE,2025-01-27,428660.21,10,10,0.0,398240.82
BASELINE,2025-01-28,428903.62,10,10,0.0,392496.99
BASELINE,2025-01-29,431576.74,10,10,0.0,396353.53
BASELINE,2025-01-30,433850.42,10,10,0.0,397029.96
BASELINE,2025-01-31,430022.71,10,10,0.0,393202.25
BASELINE,2025-02-03,422703.93,10,10,0.0,391727.53
BASELINE,2025-02-04,427006.83,9,9,0.0,353547.09
BASELINE,2025-02-05,430648.09,10,10,0.0,400107.36
BASELINE,2025-02-06,428576.74,10,10,0.0,398036.0
BASELINE,2025-02-07,427762.11,10,10,0.0,397221.38
BASELINE,2025-02-10,437909.22,10,10,0.0,406669.03
BASELINE,2025-02-11,433054.79,10,10,0.0,401814.6
BASELINE,2025-02-12,437925.32,10,10,0.0,397001.34
BASELINE,2025-02-13,446666.74,10,10,0.0,405742.76
BASELINE,2025-02-14,447582.99,10,10,0.0,406659.01
BASELINE,2025-02-18,459064.74,10,10,0.0,419365.12
BASELINE,2025-02-19,458345.71,10,10,0.0,418646.1
BASELINE,2025-02-20,461137.82,10,10,0.0,421755.67
BASELINE,2025-02-21,456268.35,10,10,0.0,416886.21
BASELINE,2025-02-24,457367.82,10,10,0.0,417985.67
BASELINE,2025-02-25,457494.32,10,10,0.0,416010.43
BASELINE,2025-02-26,453330.11,10,10,0.0,412726.7
BASELINE,2025-02-27,453227.81,10,10,0.0,409061.97
BASELINE,2025-02-28,459955.72,10,10,0.0,436734.72
BASELINE,2025-03-03,455656.21,10,10,0.0,432435.22
BASELINE,2025-03-04,449276.48,10,10,0.0,426055.49
BASELINE,2025-03-05,452578.45,10,10,0.0,429357.46
BASELINE,2025-03-06,452327.03,10,10,0.0,429106.04
BASELINE,2025-03-07,460343.22,10,10,0.0,437122.23
BASELINE,2025-03-10,460881.27,10,10,0.0,437660.28
BASELINE,2025-03-11,455757.8,10,10,0.0,432578.81
BASELINE,2025-03-12,452613.57,10,10,0.0,429434.57
BASELINE,2025-03-13,451732.67,9,9,0.0,383087.6
BASELINE,2025-03-14,462693.66,10,10,0.0,439713.61
BASELINE,2025-03-17,470901.06,10,10,0.0,447921.01
BASELINE,2025-03-18,470813.05,10,10,0.0,447833.0
BASELINE,2025-03-19,471980.8,10,10,0.0,449000.76
BASELINE,2025-03-20,471590.59,10,10,0.0,448610.55
BASELINE,2025-03-21,468715.01,10,10,0.0,445734.97
BASELINE,2025-03-24,474152.38,10,10,0.0,451172.34
BASELINE,2025-03-25,473693.22,10,10,0.0,450713.18
BASELINE,2025-03-26,469499.43,10,10,0.0,446519.38
BASELINE,2025-03-27,462708.73,10,10,0.0,440704.46
BASELINE,2025-03-28,457415.47,10,10,0.0,435411.19
BASELINE,2025-03-31,459195.67,10,10,0.0,437191.4
BASELINE,2025-04-01,453860.53,10,10,0.0,431856.26
BASELINE,2025-04-02,454467.62,10,10,0.0,432463.35
BASELINE,2025-04-03,431394.86,10,10,0.0,409390.59
BASELINE,2025-04-04,400423.19,10,10,0.0,378418.92
BASELINE,2025-04-07,396593.21,10,10,0.0,374588.94
BASELINE,2025-04-08,383691.72,10,10,0.0,361687.45
BASELINE,2025-04-09,418267.47,10,10,0.0,396263.2
BASELINE,2025-04-10,394986.77,10,10,0.0,372982.5
BASELINE,2025-04-11,399719.6,10,10,0.0,377715.33
BASELINE,2025-04-14,404163.46,10,10,0.0,382159.18
BASELINE,2025-04-15,403370.37,10,10,0.0,381366.1
BASELINE,2025-04-16,397702.46,10,10,0.0,375698.19
BASELINE,2025-04-17,401466.2,10,10,0.0,379461.93
BASELINE,2025-04-21,395212.05,10,10,0.0,373207.78
BASELINE,2025-04-22,403764.22,10,10,0.0,381759.95
BASELINE,2025-04-23,407587.5,10,10,0.0,385583.23
BASELINE,2025-04-24,417189.62,10,10,0.0,395185.35
BASELINE,2025-04-25,412244.65,10,10,0.0,390240.38
BASELINE,2025-04-28,412768.26,10,10,0.0,390763.99
BASELINE,2025-04-29,415132.43,10,10,0.0,393128.16
BASELINE,2025-04-30,415476.73,10,10,0.0,393472.46
BASELINE,2025-05-01,416013.21,10,10,0.0,394008.94
BASELINE,2025-05-02,423766.6,10,10,0.0,401762.33
BASELINE,2025-05-05,419294.96,10,10,0.0,397290.69
BASELINE,2025-05-06,417783.17,9,9,0.0,357853.92
BASELINE,2025-05-07,422073.92,7,7,0.0,283326.58
BASELINE,2025-05-08,426228.21,6,6,0.0,248471.96
BASELINE,2025-05-09,429579.65,8,8,0.0,337354.09
BASELINE,2025-05-12,439866.42,9,9,0.0,391567.05
BASELINE,2025-05-13,450536.15,10,10,0.0,446941.79
BASELINE,2025-05-14,446325.24,9,9,0.0,398842.42
BASELINE,2025-05-15,448141.99,10,10,0.0,445085.57
BASELINE,2025-05-16,449299.81,10,10,0.0,446243.39
BASELINE,2025-05-19,443534.13,10,10,0.0,440477.71
BASELINE,2025-05-20,442236.98,10,10,0.0,439180.56
BASELINE,2025-05-21,434609.49,10,10,0.0,431553.07
BASELINE,2025-05-22,431839.76,8,8,0.0,331200.26
BASELINE,2025-05-23,430544.28,8,8,0.0,329904.78
BASELINE,2025-05-27,435272.6,10,10,0.0,421108.7
BASELINE,2025-05-28,432117.18,10,10,0.0,417953.29
BASELINE,2025-05-29,432643.03,10,10,0.0,418479.13
BASELINE,2025-05-30,430874.53,10,10,0.0,416710.63
BASELINE,2025-06-02,435940.22,10,10,0.0,421776.33
BASELINE,2025-06-03,437564.58,10,10,0.0,423400.68
BASELINE,2025-06-04,435529.6,10,10,0.0,421365.7
BASELINE,2025-06-05,434495.12,10,10,0.0,420331.23
BASELINE,2025-06-06,437172.64,10,10,0.0,423008.74
BASELINE,2025-06-09,440815.5,10,10,0.0,426651.6
BASELINE,2025-06-10,448222.49,10,10,0.0,434058.6
BASELINE,2025-06-11,445130.68,10,10,0.0,430066.75
BASELINE,2025-06-12,446829.9,10,10,0.0,429405.59
BASELINE,2025-06-13,446424.42,10,10,0.0,429000.11
BASELINE,2025-06-16,447946.01,10,10,0.0,430521.7
BASELINE,2025-06-17,444826.36,10,10,0.0,434567.06
BASELINE,2025-06-18,447383.52,10,10,0.0,437124.21
BASELINE,2025-06-20,450706.51,10,10,0.0,440447.21
BASELINE,2025-06-23,448524.31,10,10,0.0,433027.57
BASELINE,2025-06-24,453673.29,10,10,0.0,438176.55
BASELINE,2025-06-25,453609.66,10,10,0.0,441336.31
BASELINE,2025-06-26,459419.22,10,10,0.0,447145.87
BASELINE,2025-06-27,461148.91,10,10,0.0,448547.78
BASELINE,2025-06-30,463954.98,10,10,0.0,451353.85
BASELINE,2025-07-01,469142.19,10,10,0.0,456541.06
BASELINE,2025-07-02,475754.02,10,10,0.0,464916.24
BASELINE,2025-07-03,479265.73,10,10,0.0,468427.94
BASELINE,2025-07-07,472542.73,10,10,0.0,461704.95
BASELINE,2025-07-08,475771.46,8,8,0.0,380204.84
BASELINE,2025-07-09,487157.49,10,10,-0.0,487157.49
BASELINE,2025-07-10,484519.12,10,10,-0.0,484519.12
BASELINE,2025-07-11,480890.26,10,10,-0.0,480890.26
BASELINE,2025-07-14,478906.38,9,9,0.0,430366.19
BASELINE,2025-07-15,480311.64,10,10,-0.0,480311.64
BASELINE,2025-07-16,482318.75,10,10,-0.0,482318.75
BASELINE,2025-07-17,484794.73,10,10,-0.0,484794.73
BASELINE,2025-07-18,485027.1,10,10,-0.0,485027.1
BASELINE,2025-07-21,483132.96,10,10,-0.0,483132.96
BASELINE,2025-07-22,485214.36,10,10,-0.0,485214.36
BASELINE,2025-07-23,489983.0,10,10,-0.0,489983.0
BASELINE,2025-07-24,489988.8,10,10,-0.0,489988.8
BASELINE,2025-07-25,486263.09,10,10,-0.0,486263.09
BASELINE,2025-07-28,487485.34,10,10,-0.0,487485.34
BASELINE,2025-07-29,483120.46,10,10,0.0,474996.13
BASELINE,2025-07-30,483516.51,10,10,0.0,475392.18
BASELINE,2025-07-31,483434.02,10,10,0.0,475309.69
BASELINE,2025-08-01,473908.45,10,10,0.0,465784.12
BASELINE,2025-08-04,478954.41,9,9,0.0,419393.94
BASELINE,2025-08-05,481804.99,10,10,0.0,470673.94
BASELINE,2025-08-06,472621.33,10,10,0.0,461490.28
BASELINE,2025-08-07,471359.15,10,10,0.0,460228.1
BASELINE,2025-08-08,473673.31,10,10,0.0,462542.26
BASELINE,2025-08-11,471765.1,10,10,0.0,460634.06
BASELINE,2025-08-12,478193.81,10,10,0.0,464655.34
BASELINE,2025-08-13,481914.67,10,10,0.0,468376.2
BASELINE,2025-08-14,483081.15,10,10,0.0,469542.67
BASELINE,2025-08-15,488058.21,10,10,0.0,462026.82
BASELINE,2025-08-18,485940.31,10,10,0.0,459908.92
BASELINE,2025-08-19,488405.44,10,10,0.0,462374.05
BASELINE,2025-08-20,483086.69,10,10,0.0,457055.3
BASELINE,2025-08-21,483918.1,10,10,0.0,457886.71
BASELINE,2025-08-22,491664.34,10,10,0.0,465632.95
BASELINE,2025-08-25,490424.52,10,10,0.0,467159.56
BASELINE,2025-08-26,490631.71,9,9,0.0,418046.87
BASELINE,2025-08-27,492946.79,9,9,0.0,424020.86
BASELINE,2025-08-28,493252.28,10,10,0.0,473696.23
BASELINE,2025-08-29,486337.72,10,10,0.0,466781.68
BASELINE,2025-09-02,484024.59,9,9,0.0,418454.15
BASELINE,2025-09-03,482757.41,10,10,0.0,465636.43
BASELINE,2025-09-04,483843.17,10,10,0.0,466122.58
BASELINE,2025-09-05,488016.79,10,10,0.0,470296.2
BASELINE,2025-09-08,489978.95,10,10,0.0,472258.36
BASELINE,2025-09-09,492661.14,10,10,0.0,474940.54
BASELINE,2025-09-10,498867.98,10,10,0.0,481147.38
BASELINE,2025-09-11,516475.17,10,10,0.0,498754.58
BASELINE,2025-09-12,530366.29,10,10,0.0,512645.69
BASELINE,2025-09-15,534399.99,10,10,0.0,516679.4
BASELINE,2025-09-16,530955.07,10,10,0.0,513234.48
BASELINE,2025-09-17,527684.0,10,10,0.0,509963.41
BASELINE,2025-09-18,530270.29,10,10,0.0,510238.56
BASELINE,2025-09-19,531985.22,10,10,0.0,511953.49
BASELINE,2025-09-22,534238.76,10,10,0.0,514207.02
BASELINE,2025-09-23,532822.45,10,10,0.0,512790.72
BASELINE,2025-09-24,536825.97,10,10,0.0,516794.23
BASELINE,2025-09-25,532009.04,10,10,0.0,511977.3
BASELINE,2025-09-26,534466.3,10,10,0.0,505505.33
BASELINE,2025-09-29,537788.4,10,10,0.0,508827.43
BASELINE,2025-09-30,538423.21,10,10,0.0,509462.24
BASELINE,2025-10-01,543769.09,10,10,0.0,517079.73
BASELINE,2025-10-02,542058.5,10,10,0.0,515369.14
BASELINE,2025-10-03,545222.31,10,10,0.0,494310.83
BASELINE,2025-10-06,549515.5,10,10,0.0,498604.02
BASELINE,2025-10-07,551728.51,10,10,0.0,500390.8
BASELINE,2025-10-08,555619.73,10,10,0.0,504282.02
BASELINE,2025-10-09,552461.68,10,10,0.0,501123.98
BASELINE,2025-10-10,531258.98,10,10,0.0,490100.72
BASELINE,2025-10-13,540234.82,10,10,0.0,499279.86
BASELINE,2025-10-14,540746.87,10,10,0.0,499791.92
BASELINE,2025-10-15,542296.46,10,10,0.0,501341.51
BASELINE,2025-10-16,540816.9,10,10,0.0,499861.95
BASELINE,2025-10-17,540044.78,10,10,0.0,499089.83
BASELINE,2025-10-20,550247.35,10,10,0.0,509292.4
BASELINE,2025-10-21,553953.73,10,10,0.0,511100.3
BASELINE,2025-10-22,545558.82,10,10,0.0,502705.4
BASELINE,2025-10-23,539402.76,10,10,0.0,496549.33
BASELINE,2025-10-24,545539.78,10,10,0.0,514094.7
BASELINE,2025-10-27,554280.49,10,10,0.0,522835.41
BASELINE,2025-10-28,551335.97,10,10,0.0,519890.89
BASELINE,2025-10-29,558396.33,10,10,0.0,526951.25
BASELINE,2025-10-30,555134.05,10,10,0.0,523688.97
BASELINE,2025-10-31,564961.21,10,10,0.0,533516.14
BASELINE,2025-11-03,568986.12,10,10,0.0,537648.51
BASELINE,2025-11-04,554344.5,9,9,0.0,476556.35
BASELINE,2025-11-05,556475.65,9,9,0.0,477827.41
BASELINE,2025-11-06,548442.94,10,10,0.0,525407.83
BASELINE,2025-11-07,551618.9,10,10,0.0,528583.79
BASELINE,2025-11-10,551889.9,10,10,0.0,528854.79
BASELINE,2025-11-11,552592.26,10,10,0.0,529557.15
BASELINE,2025-11-12,554223.43,10,10,0.0,531188.31
BASELINE,2025-11-13,542264.77,10,10,0.0,523562.21
BASELINE,2025-11-14,540333.55,10,10,0.0,514770.3
BASELINE,2025-11-17,530023.98,10,10,0.0,504460.73
BASELINE,2025-11-18,530283.24,8,8,0.0,401984.33
BASELINE,2025-11-19,526120.85,10,10,0.0,503959.39
BASELINE,2025-11-20,516256.16,10,10,0.0,494094.7
BASELINE,2025-11-21,525431.42,10,10,0.0,503269.96
BASELINE,2025-11-24,532750.63,10,10,0.0,510589.17
BASELINE,2025-11-25,536953.67,10,10,0.0,514792.21
BASELINE,2025-11-26,547347.08,10,10,0.0,525185.62
BASELINE,2025-11-28,549975.98,10,10,0.0,527814.53
BASELINE,2025-12-01,544710.81,10,10,0.0,522549.35
BASELINE,2025-12-02,544474.36,10,10,0.0,522933.36
BASELINE,2025-12-03,553478.91,10,10,0.0,531937.9
BASELINE,2025-12-04,557641.77,10,10,0.0,536100.76
BASELINE,2025-12-05,554617.84,10,10,0.0,533076.83
BASELINE,2025-12-08,553365.76,10,10,0.0,531824.75
BASELINE,2025-12-09,552639.1,10,10,0.0,531098.09
BASELINE,2025-12-10,562086.63,10,10,0.0,540545.63
BASELINE,2025-12-11,561578.69,10,10,0.0,540037.68
BASELINE,2025-12-12,558263.57,10,10,0.0,536722.56
BASELINE,2025-12-15,555371.29,9,9,0.0,479858.9
BASELINE,2025-12-16,552585.7,8,8,0.0,417569.2
BASELINE,2025-12-17,548844.37,8,8,0.0,413827.88
BASELINE,2025-12-18,549073.74,9,9,0.0,459481.42
BASELINE,2025-12-19,544186.52,10,10,0.0,509056.51
BASELINE,2025-12-22,547732.3,10,10,0.0,512602.29
BASELINE,2025-12-23,546174.83,10,10,0.0,511044.82
BASELINE,2025-12-24,551155.68,10,10,0.0,516025.67
BASELINE,2025-12-26,552717.21,10,10,0.0,517587.2
BASELINE,2025-12-29,553742.87,10,10,0.0,518612.86
BASELINE,2025-12-30,553406.81,10,10,0.0,518276.8
BASELINE,2025-12-31,552887.57,10,10,0.0,515837.95
ADDS_ONLY,2016-01-04,100000.0,0,0,0.0,0.0
ADDS_ONLY,2016-01-05,100000.0,0,0,0.0,0.0
ADDS_ONLY,2016-01-06,100000.0,0,0,0.0,0.0
ADDS_ONLY,2016-01-07,100000.0,0,0,0.0,0.0
ADDS_ONLY,2016-01-08,100000.0,0,0,0.0,0.0
ADDS_ONLY,2016-01-11,100000.0,0,0,0.0,0.0
ADDS_ONLY,2016-01-12,100000.0,0,0,0.0,0.0
ADDS_ONLY,2016-01-13,100000.0,0,0,0.0,0.0
ADDS_ONLY,2016-01-14,100000.0,0,0,0.0,0.0
ADDS_ONLY,2016-01-15,100000.0,0,0,0.0,0.0
ADDS_ONLY,2016-01-19,100000.0,0,0,0.0,0.0
ADDS_ONLY,2016-01-20,100000.0,0,0,0.0,0.0
ADDS_ONLY,2016-01-21,100000.0,0,0,0.0,0.0
ADDS_ONLY,2016-01-22,100000.0,0,0,0.0,0.0
ADDS_ONLY,2016-01-25,100000.0,0,0,0.0,0.0
ADDS_ONLY,2016-01-26,100000.0,0,0,0.0,0.0
ADDS_ONLY,2016-01-27,100000.0,0,0,0.0,0.0
ADDS_ONLY,2016-01-28,100000.0,0,0,0.0,0.0
ADDS_ONLY,2016-01-29,100000.0,0,0,0.0,0.0
ADDS_ONLY,2016-02-01,100682.42,10,10,0.0,100659.94
ADDS_ONLY,2016-02-02,97832.08,10,10,0.0,97809.59
ADDS_ONLY,2016-02-03,99059.36,9,10,0.0,98556.5
ADDS_ONLY,2016-02-04,99152.03,9,10,0.0,98649.17
ADDS_ONLY,2016-02-05,96924.25,9,10,0.0,96421.39
ADDS_ONLY,2016-02-08,94097.72,8,8,0.0,73993.81
ADDS_ONLY,2016-02-09,93345.04,9,9,0.0,82518.12
ADDS_ONLY,2016-02-10,93675.92,9,10,0.0,92224.36
ADDS_ONLY,2016-02-11,92476.88,9,10,0.0,91025.32
ADDS_ONLY,2016-02-12,94590.1,9,10,0.0,93138.54
ADDS_ONLY,2016-02-16,96281.36,9,10,0.0,94829.8
ADDS_ONLY,2016-02-17,98561.09,9,10,0.0,97109.52
ADDS_ONLY,2016-02-18,97746.0,9,10,0.0,96294.44
ADDS_ONLY,2016-02-19,98947.91,8,10,0.0,98020.78
ADDS_ONLY,2016-02-22,100115.67,8,10,0.0,99188.54
ADDS_ONLY,2016-02-23,98913.42,8,10,0.0,97986.28
ADDS_ONLY,2016-02-24,100102.62,7,10,0.0,99144.94
ADDS_ONLY,2016-02-25,101696.43,7,10,0.0,100738.75
ADDS_ONLY,2016-02-26,101955.86,7,10,0.0,100998.18
ADDS_ONLY,2016-02-29,101447.37,7,10,0.0,101207.33
ADDS_ONLY,2016-03-01,104332.73,7,10,0.0,104092.7
ADDS_ONLY,2016-03-02,104408.03,7,10,0.0,104168.0
ADDS_ONLY,2016-03-03,105937.1,8,10,-0.0,105937.1
ADDS_ONLY,2016-03-04,106911.12,8,10,-0.0,106911.12
ADDS_ONLY,2016-03-07,107461.63,8,10,-0.0,107461.63
ADDS_ONLY,2016-03-08,104358.35,8,10,-0.0,104358.35
ADDS_ONLY,2016-03-09,104601.46,3,3,0.0,32496.19
ADDS_ONLY,2016-03-10,104890.4,3,3,0.0,32785.13
ADDS_ONLY,2016-03-11,105486.17,3,3,0.0,33380.9
ADDS_ONLY,2016-03-14,105414.7,7,7,0.0,75314.98
ADDS_ONLY,2016-03-15,105639.57,7,8,0.0,86022.09
ADDS_ONLY,2016-03-16,106262.56,7,9,0.0,97184.22
ADDS_ONLY,2016-03-17,106759.02,8,10,-0.0,106759.02
ADDS_ONLY,2016-03-18,107541.52,8,10,-0.0,107541.52
ADDS_ONLY,2016-03-21,107716.08,8,10,-0.0,107716.08
ADDS_ONLY,2016-03-22,107823.86,8,10,-0.0,107823.86
ADDS_ONLY,2016-03-23,106765.89,7,9,0.0,95054.71
ADDS_ONLY,2016-03-24,106824.71,6,8,0.0,84667.83
ADDS_ONLY,2016-03-28,106930.14,6,8,0.0,84773.26
ADDS_ONLY,2016-03-29,107442.87,6,8,0.0,85285.99
ADDS_ONLY,2016-03-30,107752.9,8,10,0.0,107144.01
ADDS_ONLY,2016-03-31,107388.77,8,10,0.0,106779.88
ADDS_ONLY,2016-04-01,108084.22,8,10,0.0,107475.32
ADDS_ONLY,2016-04-04,108611.61,8,10,0.0,108002.72
ADDS_ONLY,2016-04-05,108314.05,7,10,0.0,105943.58
ADDS_ONLY,2016-04-06,110305.79,7,10,0.0,107935.33
ADDS_ONLY,2016-04-07,108624.38,7,10,0.0,106253.91
ADDS_ONLY,2016-04-08,108655.37,6,9,0.0,95135.88
ADDS_ONLY,2016-04-11,108310.19,7,10,0.0,105676.72
ADDS_ONLY,2016-04-12,109251.75,7,10,0.0,106618.28
ADDS_ONLY,2016-04-13,111582.99,7,10,0.0,108949.53
ADDS_ONLY,2016-04-14,110932.09,7,10,0.0,108298.62
ADDS_ONLY,2016-04-15,110735.59,7,10,0.0,108102.13
ADDS_ONLY,2016-04-18,110764.03,7,10,0.0,108130.57
ADDS_ONLY,2016-04-19,111719.22,7,10,0.0,109085.75
ADDS_ONLY,2016-04-20,112947.13,7,10,0.0,110313.67
ADDS_ONLY,2016-04-21,112238.87,7,10,0.0,109605.41
ADDS_ONLY,2016-04-22,112224.24,7,10,0.0,109590.77
ADDS_ONLY,2016-04-25,112539.74,5,7,0.0,77404.39
ADDS_ONLY,2016-04-26,112082.35,4,6,0.0,64158.57
ADDS_ONLY,2016-04-27,112245.63,4,5,0.0,52336.75
ADDS_ONLY,2016-04-28,111831.21,9,10,0.0,107921.95
ADDS_ONLY,2016-04-29,110355.59,9,10,0.0,106446.34
ADDS_ONLY,2016-05-02,110787.24,9,10,0.0,106877.98
ADDS_ONLY,2016-05-03,110329.0,9,10,0.0,106419.75
ADDS_ONLY,2016-05-04,109852.98,9,10,0.0,105943.72
ADDS_ONLY,2016-05-05,109978.27,9,10,0.0,106069.01
ADDS_ONLY,2016-05-06,109913.48,9,10,0.0,106004.22
ADDS_ONLY,2016-05-09,110854.01,9,10,0.0,106944.76
ADDS_ONLY,2016-05-10,111315.86,9,10,0.0,107406.61
ADDS_ONLY,2016-05-11,109947.56,9,10,0.0,106038.31
ADDS_ONLY,2016-05-12,109475.83,9,10,0.0,105566.57
ADDS_ONLY,2016-05-13,108588.16,9,10,0.0,104678.91
ADDS_ONLY,2016-05-16,108861.15,8,9,0.0,93325.67
ADDS_ONLY,2016-05-17,107568.85,9,10,0.0,102897.84
ADDS_ONLY,2016-05-18,107154.8,9,10,0.0,102483.79
ADDS_ONLY,2016-05-19,107814.46,9,10,0.0,103143.44
ADDS_ONLY,2016-05-20,108674.02,9,10,0.0,104003.0
ADDS_ONLY,2016-05-23,108931.78,9,10,0.0,104260.76
ADDS_ONLY,2016-05-24,110885.52,9,10,0.0,106236.46
ADDS_ONLY,2016-05-25,111367.69,9,10,0.0,106718.63
ADDS_ONLY,2016-05-26,111836.09,9,10,0.0,107187.03
ADDS_ONLY,2016-05-27,112691.19,9,10,0.0,108042.13
ADDS_ONLY,2016-05-31,113450.58,9,10,0.0,108801.52
ADDS_ONLY,2016-06-01,114324.03,9,10,0.0,109674.97
ADDS_ONLY,2016-06-02,115084.26,8,10,0.0,110783.14
ADDS_ONLY,2016-06-03,114153.52,9,10,0.0,112876.73
ADDS_ONLY,2016-06-06,114261.07,9,10,0.0,112984.29
ADDS_ONLY,2016-06-07,114586.42,9,10,0.0,113309.64
ADDS_ONLY,2016-06-08,114256.87,9,10,0.0,112980.09
ADDS_ONLY,2016-06-09,113804.11,9,10,0.0,112527.33
ADDS_ONLY,2016-06-10,112273.34,9,10,0.0,110093.33
ADDS_ONLY,2016-06-13,110933.53,8,10,0.0,108392.05
ADDS_ONLY,2016-06-14,111513.54,8,10,0.0,108972.06
ADDS_ONLY,2016-06-15,112289.61,8,10,0.0,109748.13
ADDS_ONLY,2016-06-16,112927.41,8,10,0.0,110385.93
ADDS_ONLY,2016-06-17,113602.89,8,10,0.0,111061.41
ADDS_ONLY,2016-06-20,114553.88,8,10,0.0,112012.4
ADDS_ONLY,2016-06-21,114851.3,8,10,0.0,112309.82
ADDS_ONLY,2016-06-22,114743.28,8,10,0.0,112201.8
ADDS_ONLY,2016-06-23,116366.03,8,10,0.0,113824.55
ADDS_ONLY,2016-06-24,110640.11,8,10,0.0,108098.63
ADDS_ONLY,2016-06-27,107521.17,8,10,0.0,104979.69
ADDS_ONLY,2016-06-28,109516.25,8,10,0.0,106974.77
ADDS_ONLY,2016-06-29,112667.94,8,10,0.0,110126.46
ADDS_ONLY,2016-06-30,113977.74,8,10,0.0,111436.26
ADDS_ONLY,2016-07-01,114923.56,8,10,0.0,112382.08
ADDS_ONLY,2016-07-05,113283.72,7,10,0.0,110470.65
ADDS_ONLY,2016-07-06,113822.89,7,10,0.0,111009.83
ADDS_ONLY,2016-07-07,114275.12,7,10,0.0,111462.06
ADDS_ONLY,2016-07-08,116070.16,7,10,0.0,113257.1
ADDS_ONLY,2016-07-11,117007.11,7,10,0.0,114194.05
ADDS_ONLY,2016-07-12,117818.3,7,10,0.0,115005.23
ADDS_ONLY,2016-07-13,116326.49,7,10,0.0,113513.43
ADDS_ONLY,2016-07-14,117716.2,7,9,0.0,102404.32
ADDS_ONLY,2016-07-15,117342.22,8,10,0.0,113870.98
ADDS_ONLY,2016-07-18,117561.97,8,10,0.0,114090.74
ADDS_ONLY,2016-07-19,117515.87,8,10,0.0,114044.63
ADDS_ONLY,2016-07-20,118167.22,8,10,0.0,114695.98
ADDS_ONLY,2016-07-21,119209.43,8,10,0.0,115738.19
ADDS_ONLY,2016-07-22,120078.41,8,10,0.0,116607.17
ADDS_ONLY,2016-07-25,119317.91,8,10,0.0,115846.68
ADDS_ONLY,2016-07-26,120103.73,8,10,0.0,116632.49
ADDS_ONLY,2016-07-27,119926.88,8,10,0.0,116455.65
ADDS_ONLY,2016-07-28,119827.68,8,10,0.0,116356.44
ADDS_ONLY,2016-07-29,119422.51,8,10,0.0,115951.27
ADDS_ONLY,2016-08-01,119636.45,7,10,0.0,115720.27
ADDS_ONLY,2016-08-02,118687.49,7,10,0.0,114771.31
ADDS_ONLY,2016-08-03,119292.96,7,10,0.0,115376.79
ADDS_ONLY,2016-08-04,120601.82,7,10,0.0,116685.64
ADDS_ONLY,2016-08-05,122097.74,7,10,0.0,118181.57
ADDS_ONLY,2016-08-08,122331.19,7,10,0.0,118415.02
ADDS_ONLY,2016-08-09,122127.9,7,10,0.0,118211.73
ADDS_ONLY,2016-08-10,122464.72,7,10,0.0,116894.21
ADDS_ONLY,2016-08-11,124262.33,7,10,0.0,118691.81
ADDS_ONLY,2016-08-12,125160.63,7,10,0.0,119590.11
ADDS_ONLY,2016-08-15,125493.63,7,10,0.0,119923.11
ADDS_ONLY,2016-08-16,124983.63,7,10,0.0,119413.11
ADDS_ONLY,2016-08-17,125242.68,7,10,0.0,119672.16
ADDS_ONLY,2016-08-18,125565.8,7,10,0.0,119995.28
ADDS_ONLY,2016-08-19,125527.9,7,10,0.0,119957.38
ADDS_ONLY,2016-08-22,125302.39,7,10,0.0,119731.87
ADDS_ONLY,2016-08-23,125072.5,7,10,0.0,119501.98
ADDS_ONLY,2016-08-24,124575.91,8,10,0.0,117967.47
ADDS_ONLY,2016-08-25,124560.21,8,10,0.0,117315.96
ADDS_ONLY,2016-08-26,124476.88,8,10,0.0,117232.63
ADDS_ONLY,2016-08-29,124824.19,8,10,0.0,117579.93
ADDS_ONLY,2016-08-30,124998.45,8,10,0.0,117754.19
ADDS_ONLY,2016-08-31,124697.67,8,10,0.0,117453.42
ADDS_ONLY,2016-09-01,124561.61,8,10,0.0,117317.36
ADDS_ONLY,2016-09-02,124737.53,8,10,0.0,117493.27
ADDS_ONLY,2016-09-06,124490.35,8,10,0.0,117246.1
ADDS_ONLY,2016-09-07,124235.09,8,10,0.0,116990.84
ADDS_ONLY,2016-09-08,124181.77,8,10,0.0,116937.52
ADDS_ONLY,2016-09-09,121081.93,8,10,0.0,113837.67
ADDS_ONLY,2016-09-12,122575.13,8,10,0.0,115330.88
ADDS_ONLY,2016-09-13,121046.0,8,10,0.0,113801.74
ADDS_ONLY,2016-09-14,120843.18,8,10,0.0,113598.93
ADDS_ONLY,2016-09-15,121805.63,8,10,0.0,114561.37
ADDS_ONLY,2016-09-16,120773.9,8,10,0.0,113529.65
ADDS_ONLY,2016-09-19,120980.24,8,10,0.0,113735.98
ADDS_ONLY,2016-09-20,120256.62,8,10,0.0,113012.37
ADDS_ONLY,2016-09-21,121053.38,8,10,0.0,113809.12
ADDS_ONLY,2016-09-22,122081.52,8,10,0.0,114837.27
ADDS_ONLY,2016-09-23,121645.13,8,10,0.0,114400.88
ADDS_ONLY,2016-09-26,120433.72,8,10,0.0,113189.46
ADDS_ONLY,2016-09-27,121342.54,8,10,0.0,114098.28
ADDS_ONLY,2016-09-28,122004.89,8,10,0.0,114760.63
ADDS_ONLY,2016-09-29,120868.47,8,10,0.0,113624.22
ADDS_ONLY,2016-09-30,123113.48,8,10,0.0,115869.22
ADDS_ONLY,2016-10-03,123057.65,8,10,0.0,115813.4
ADDS_ONLY,2016-10-04,122919.02,8,10,0.0,116846.93
ADDS_ONLY,2016-10-05,123736.36,8,10,0.0,117664.27
ADDS_ONLY,2016-10-06,123924.41,8,10,0.0,117852.32
ADDS_ONLY,2016-10-07,123417.58,8,10,0.0,117345.49
ADDS_ONLY,2016-10-10,123662.91,8,9,0.0,108028.52
ADDS_ONLY,2016-10-11,122484.04,9,10,0.0,119190.33
ADDS_ONLY,2016-10-12,122919.05,9,10,0.0,119234.52
ADDS_ONLY,2016-10-13,122605.78,9,10,0.0,118921.26
ADDS_ONLY,2016-10-14,122845.75,9,10,0.0,118897.33
ADDS_ONLY,2016-10-17,122531.87,9,10,0.0,118583.46
ADDS_ONLY,2016-10-18,123490.63,9,10,0.0,119542.21
ADDS_ONLY,2016-10-19,124364.5,9,10,0.0,120416.08
ADDS_ONLY,2016-10-20,122612.48,9,10,0.0,118664.06
ADDS_ONLY,2016-10-21,122748.9,9,10,0.0,118800.48
ADDS_ONLY,2016-10-24,123137.05,9,10,0.0,119188.63
ADDS_ONLY,2016-10-25,122765.56,8,10,0.0,120450.78
ADDS_ONLY,2016-10-26,122884.19,8,10,0.0,120287.36
ADDS_ONLY,2016-10-27,122404.85,8,10,0.0,119808.02
ADDS_ONLY,2016-10-28,122864.11,8,10,0.0,120267.29
ADDS_ONLY,2016-10-31,122889.49,8,10,0.0,120292.66
ADDS_ONLY,2016-11-01,122302.78,8,10,0.0,119705.95
ADDS_ONLY,2016-11-02,121277.66,8,10,0.0,118680.84
ADDS_ONLY,2016-11-03,120645.74,8,10,0.0,118048.92
ADDS_ONLY,2016-11-04,121317.04,8,10,0.0,118720.21
ADDS_ONLY,2016-11-07,123688.72,8,10,0.0,121091.89
ADDS_ONLY,2016-11-08,124584.66,8,10,0.0,121987.83
ADDS_ONLY,2016-11-09,127959.2,8,10,0.0,125362.37
ADDS_ONLY,2016-11-10,130612.81,8,10,0.0,128980.51
ADDS_ONLY,2016-11-11,130516.43,8,10,0.0,128884.13
ADDS_ONLY,2016-11-14,131256.8,8,10,0.0,129624.5
ADDS_ONLY,2016-11-15,132508.43,8,9,0.0,119602.13
ADDS_ONLY,2016-11-16,131252.61,9,10,-0.0,131252.61
ADDS_ONLY,2016-11-17,132527.46,9,10,-0.0,132527.46
ADDS_ONLY,2016-11-18,132243.73,9,10,0.0,129338.92
ADDS_ONLY,2016-11-21,133046.67,9,10,0.0,130141.86
ADDS_ONLY,2016-11-22,133705.18,9,10,0.0,130800.38
ADDS_ONLY,2016-11-23,133762.69,9,10,0.0,130555.04
ADDS_ONLY,2016-11-25,134193.33,9,10,0.0,130985.68
ADDS_ONLY,2016-11-28,132316.06,9,10,0.0,129108.41
ADDS_ONLY,2016-11-29,132170.09,10,10,0.0,126750.44
ADDS_ONLY,2016-11-30,132073.23,10,10,0.0,126653.57
ADDS_ONLY,2016-12-01,130292.69,10,10,0.0,126030.96
ADDS_ONLY,2016-12-02,130968.03,10,10,0.0,126706.3
ADDS_ONLY,2016-12-05,132681.7,9,10,0.0,127530.7
ADDS_ONLY,2016-12-06,133027.1,9,10,0.0,127876.1
ADDS_ONLY,2016-12-07,135134.05,9,10,0.0,129983.05
ADDS_ONLY,2016-12-08,136188.87,9,10,0.0,131037.87
ADDS_ONLY,2016-12-09,137869.48,8,10,0.0,132794.68
ADDS_ONLY,2016-12-12,137522.94,8,10,0.0,135140.32
ADDS_ONLY,2016-12-13,138505.32,8,10,0.0,136122.7
ADDS_ONLY,2016-12-14,136685.59,8,10,-0.0,136685.59
ADDS_ONLY,2016-12-15,136732.94,7,8,0.0,108096.05
ADDS_ONLY,2016-12-16,136456.94,9,10,0.0,135261.1
ADDS_ONLY,2016-12-19,136511.9,9,10,0.0,135316.06
ADDS_ONLY,2016-12-20,136171.0,9,10,0.0,135209.74
ADDS_ONLY,2016-12-21,136679.8,9,10,0.0,135718.54
ADDS_ONLY,2016-12-22,136271.13,9,10,0.0,135309.87
ADDS_ONLY,2016-12-23,136638.81,9,10,0.0,135677.55
ADDS_ONLY,2016-12-27,137058.28,9,10,0.0,136097.02
ADDS_ONLY,2016-12-28,135521.48,9,10,0.0,134560.21
ADDS_ONLY,2016-12-29,135467.43,9,10,0.0,134506.17
ADDS_ONLY,2016-12-30,134362.28,9,10,0.0,133401.02
ADDS_ONLY,2017-01-03,136868.71,9,10,0.0,135907.45
ADDS_ONLY,2017-01-04,137480.33,9,10,0.0,136519.07
ADDS_ONLY,2017-01-05,138347.71,9,10,0.0,137386.45
ADDS_ONLY,2017-01-06,139463.35,9,10,0.0,138502.09
ADDS_ONLY,2017-01-09,139621.59,9,10,0.0,138660.33
ADDS_ONLY,2017-01-10,139377.0,8,10,0.0,138627.75
ADDS_ONLY,2017-01-11,139554.19,8,10,0.0,138804.93
ADDS_ONLY,2017-01-12,139841.72,8,10,0.0,138920.42
ADDS_ONLY,2017-01-13,141179.74,8,10,0.0,140258.44
ADDS_ONLY,2017-01-17,139455.14,8,10,0.0,138533.84
ADDS_ONLY,2017-01-18,140295.14,8,10,0.0,139319.46
ADDS_ONLY,2017-01-19,139776.72,8,10,0.0,138801.03
ADDS_ONLY,2017-01-20,138394.56,8,10,0.0,137418.88
ADDS_ONLY,2017-01-23,135273.55,8,10,0.0,134297.86
ADDS_ONLY,2017-01-24,136272.98,8,10,0.0,135297.29
ADDS_ONLY,2017-01-25,137943.1,8,10,0.0,136967.41
ADDS_ONLY,2017-01-26,135353.84,8,10,0.0,134378.15
ADDS_ONLY,2017-01-27,136587.81,8,10,0.0,135612.12
ADDS_ONLY,2017-01-30,135712.68,8,10,0.0,134736.99
ADDS_ONLY,2017-01-31,135906.55,8,10,0.0,134930.86
ADDS_ONLY,2017-02-01,136096.17,7,9,0.0,118935.34
ADDS_ONLY,2017-02-02,137310.72,7,10,0.0,133772.17
ADDS_ONLY,2017-02-03,137834.0,7,10,0.0,134295.45
ADDS_ONLY,2017-02-06,137181.05,7,10,0.0,133642.49
ADDS_ONLY,2017-02-07,137194.46,6,10,0.0,132131.02
ADDS_ONLY,2017-02-08,136735.61,6,10,0.0,131672.16
ADDS_ONLY,2017-02-09,136306.08,6,10,0.0,131242.64
ADDS_ONLY,2017-02-10,136939.54,6,10,0.0,130582.9
ADDS_ONLY,2017-02-13,138135.03,6,10,0.0,131778.4
ADDS_ONLY,2017-02-14,139719.96,6,10,0.0,133363.32
ADDS_ONLY,2017-02-15,140710.92,6,10,0.0,134354.28
ADDS_ONLY,2017-02-16,139561.32,6,10,0.0,133204.69
ADDS_ONLY,2017-02-17,139709.89,6,10,0.0,133353.26
ADDS_ONLY,2017-02-21,140933.8,6,10,0.0,134577.16
ADDS_ONLY,2017-02-22,140178.99,6,10,0.0,133822.35
ADDS_ONLY,2017-02-23,140673.67,6,10,0.0,134317.04
ADDS_ONLY,2017-02-24,140920.77,6,10,0.0,134384.23
ADDS_ONLY,2017-02-27,141013.08,6,10,0.0,134476.54
ADDS_ONLY,2017-02-28,140429.72,7,10,0.0,134083.88
ADDS_ONLY,2017-03-01,142029.04,7,10,0.0,135683.21
ADDS_ONLY,2017-03-02,141708.75,7,10,0.0,135362.92
ADDS_ONLY,2017-03-03,141476.0,7,9,0.0,120392.68
ADDS_ONLY,2017-03-06,140583.31,7,10,0.0,133605.53
ADDS_ONLY,2017-03-07,139645.33,7,10,0.0,132667.54
ADDS_ONLY,2017-03-08,139556.25,7,10,0.0,132578.47
ADDS_ONLY,2017-03-09,138763.99,7,10,0.0,131786.2
ADDS_ONLY,2017-03-10,139834.9,7,10,0.0,132857.12
ADDS_ONLY,2017-03-13,139768.75,7,10,0.0,132790.96
ADDS_ONLY,2017-03-14,138487.94,7,10,0.0,131510.16
ADDS_ONLY,2017-03-15,140763.22,7,10,0.0,133785.44
ADDS_ONLY,2017-03-16,139950.13,7,10,0.0,132972.35
ADDS_ONLY,2017-03-17,138831.05,7,10,0.0,131853.27
ADDS_ONLY,2017-03-20,138185.6,7,10,0.0,131207.82
ADDS_ONLY,2017-03-21,135378.52,7,10,0.0,128400.73
ADDS_ONLY,2017-03-22,135946.57,7,10,0.0,128968.79
ADDS_ONLY,2017-03-23,136061.93,7,10,0.0,129084.15
ADDS_ONLY,2017-03-24,136073.42,7,10,0.0,129095.63
ADDS_ONLY,2017-03-27,135177.3,7,10,0.0,128199.52
ADDS_ONLY,2017-03-28,136065.07,7,10,0.0,129087.29
ADDS_ONLY,2017-03-29,136831.22,7,10,0.0,129853.44
ADDS_ONLY,2017-03-30,136732.4,7,10,0.0,129754.61
ADDS_ONLY,2017-03-31,137690.1,7,10,0.0,130712.32
ADDS_ONLY,2017-04-03,136592.94,7,10,0.0,129615.16
ADDS_ONLY,2017-04-04,137061.84,7,10,0.0,130084.05
ADDS_ONLY,2017-04-05,136025.35,7,10,0.0,129047.57
ADDS_ONLY,2017-04-06,137375.88,7,10,0.0,130398.1
ADDS_ONLY,2017-04-07,137043.46,7,10,0.0,130065.67
ADDS_ONLY,2017-04-10,137939.6,7,10,0.0,130961.82
ADDS_ONLY,2017-04-11,136966.98,7,10,0.0,129989.2
ADDS_ONLY,2017-04-12,133476.33,7,10,0.0,126498.55
ADDS_ONLY,2017-04-13,131895.62,7,10,0.0,124917.84
ADDS_ONLY,2017-04-17,132259.22,7,10,0.0,125281.44
ADDS_ONLY,2017-04-18,131657.51,7,10,0.0,124679.73
ADDS_ONLY,2017-04-19,131177.46,7,10,0.0,124199.67
ADDS_ONLY,2017-04-20,131685.91,7,10,0.0,124708.13
ADDS_ONLY,2017-04-21,130865.86,7,10,0.0,123888.08
ADDS_ONLY,2017-04-24,131650.07,7,10,0.0,124672.28
ADDS_ONLY,2017-04-25,132546.89,7,10,0.0,125569.1
ADDS_ONLY,2017-04-26,133049.96,7,10,0.0,126072.18
ADDS_ONLY,2017-04-27,131041.34,7,10,0.0,124063.55
ADDS_ONLY,2017-04-28,131075.35,7,10,0.0,124097.56
ADDS_ONLY,2017-05-01,130272.1,7,10,0.0,123294.32
ADDS_ONLY,2017-05-02,129592.45,7,10,0.0,122614.66
ADDS_ONLY,2017-05-03,130264.1,7,10,0.0,123286.32
ADDS_ONLY,2017-05-04,128480.96,7,10,0.0,121503.18
ADDS_ONLY,2017-05-05,130474.6,7,10,0.0,123496.82
ADDS_ONLY,2017-05-08,130196.02,7,10,0.0,123218.24
ADDS_ONLY,2017-05-09,129829.5,7,10,0.0,122851.72
ADDS_ONLY,2017-05-10,130192.26,7,10,0.0,123214.48
ADDS_ONLY,2017-05-11,129159.18,7,10,0.0,122181.4
ADDS_ONLY,2017-05-12,128426.46,7,10,0.0,121448.68
ADDS_ONLY,2017-05-15,128525.38,7,10,0.0,121547.6
ADDS_ONLY,2017-05-16,128172.71,7,10,0.0,121194.93
ADDS_ONLY,2017-05-17,126185.46,7,10,0.0,119207.68
ADDS_ONLY,2017-05-18,126523.2,7,10,0.0,119545.42
ADDS_ONLY,2017-05-19,127338.34,7,10,0.0,120360.56
ADDS_ONLY,2017-05-22,127766.63,7,10,0.0,120788.85
ADDS_ONLY,2017-05-23,127209.27,7,10,0.0,120231.48
ADDS_ONLY,2017-05-24,125881.12,7,10,0.0,118903.34
ADDS_ONLY,2017-05-25,125305.97,7,10,0.0,118328.19
ADDS_ONLY,2017-05-26,124849.68,8,10,0.0,119394.14
ADDS_ONLY,2017-05-30,123186.68,8,10,0.0,117731.13
ADDS_ONLY,2017-05-31,123622.69,8,10,0.0,118167.15
ADDS_ONLY,2017-06-01,124909.97,8,10,0.0,119454.43
ADDS_ONLY,2017-06-02,124619.07,8,10,0.0,119163.53
ADDS_ONLY,2017-06-05,124909.63,7,10,0.0,119272.79
ADDS_ONLY,2017-06-06,124114.62,7,10,0.0,118477.78
ADDS_ONLY,2017-06-07,122778.84,7,10,0.0,117142.0
ADDS_ONLY,2017-06-08,122788.08,7,10,0.0,117151.23
ADDS_ONLY,2017-06-09,124660.49,7,10,0.0,119023.65
ADDS_ONLY,2017-06-12,125366.34,7,10,0.0,119729.5
ADDS_ONLY,2017-06-13,125547.02,7,10,0.0,119910.18
ADDS_ONLY,2017-06-14,123742.96,7,10,0.0,118106.11
ADDS_ONLY,2017-06-15,122896.04,7,10,0.0,117259.2
ADDS_ONLY,2017-06-16,123493.79,7,10,0.0,117856.95
ADDS_ONLY,2017-06-19,123766.47,7,10,0.0,118129.63
ADDS_ONLY,2017-06-20,121845.71,7,10,0.0,116208.86
ADDS_ONLY,2017-06-21,121609.3,7,10,0.0,115972.46
ADDS_ONLY,2017-06-22,123998.04,7,10,0.0,118361.2
ADDS_ONLY,2017-06-23,124941.93,7,10,0.0,119305.09
ADDS_ONLY,2017-06-26,125512.09,7,10,0.0,119875.25
ADDS_ONLY,2017-06-27,125515.01,7,10,0.0,119878.17
ADDS_ONLY,2017-06-28,126530.44,7,10,0.0,120893.6
ADDS_ONLY,2017-06-29,125844.8,7,10,0.0,120207.95
ADDS_ONLY,2017-06-30,126605.94,7,10,0.0,120969.1
ADDS_ONLY,2017-07-03,127711.25,7,10,0.0,122074.41
ADDS_ONLY,2017-07-05,126455.87,7,10,0.0,120819.03
ADDS_ONLY,2017-07-06,124328.51,6,10,0.0,116863.17
ADDS_ONLY,2017-07-07,124431.83,5,8,0.0,89845.09
ADDS_ONLY,2017-07-10,124395.43,7,10,0.0,114571.08
ADDS_ONLY,2017-07-11,124647.43,7,10,0.0,114823.08
ADDS_ONLY,2017-07-12,125620.41,7,10,0.0,115796.06
ADDS_ONLY,2017-07-13,126054.89,7,10,0.0,116230.54
ADDS_ONLY,2017-07-14,127410.29,7,10,0.0,117585.94
ADDS_ONLY,2017-07-17,127567.09,7,10,0.0,117742.74
ADDS_ONLY,2017-07-18,127459.81,7,10,0.0,116484.84
ADDS_ONLY,2017-07-19,128675.99,7,10,0.0,117701.02
ADDS_ONLY,2017-07-20,129657.71,7,10,0.0,118682.74
ADDS_ONLY,2017-07-21,129860.71,6,9,0.0,110290.81
ADDS_ONLY,2017-07-24,128669.4,6,9,0.0,109099.5
ADDS_ONLY,2017-07-25,129724.52,6,9,0.0,110154.63
ADDS_ONLY,2017-07-26,129670.85,7,10,0.0,123103.77
ADDS_ONLY,2017-07-27,132198.55,7,10,0.0,125631.47
ADDS_ONLY,2017-07-28,131562.61,7,10,0.0,125383.49
ADDS_ONLY,2017-07-31,131668.08,7,10,0.0,125488.96
ADDS_ONLY,2017-08-01,132800.76,7,10,0.0,126621.64
ADDS_ONLY,2017-08-02,132596.85,6,8,0.0,100979.93
ADDS_ONLY,2017-08-03,132537.96,7,9,0.0,114162.87
ADDS_ONLY,2017-08-04,133837.92,9,10,0.0,133592.78
ADDS_ONLY,2017-08-07,133805.21,9,10,0.0,133560.07
ADDS_ONLY,2017-08-08,133477.87,9,10,0.0,133232.73
ADDS_ONLY,2017-08-09,132863.5,9,10,0.0,132474.2
ADDS_ONLY,2017-08-10,131572.5,8,9,0.0,117759.74
ADDS_ONLY,2017-08-11,131378.34,7,7,0.0,91657.25
ADDS_ONLY,2017-08-14,132291.3,7,7,0.0,92570.22
ADDS_ONLY,2017-08-15,132353.73,10,10,0.0,132351.3
ADDS_ONLY,2017-08-16,132558.43,10,10,0.0,131681.41
ADDS_ONLY,2017-08-17,129984.97,10,10,0.0,129107.96
ADDS_ONLY,2017-08-18,129808.73,10,10,0.0,128931.71
ADDS_ONLY,2017-08-21,129746.05,10,10,0.0,128869.03
ADDS_ONLY,2017-08-22,131976.69,10,10,0.0,131099.67
ADDS_ONLY,2017-08-23,131414.74,10,10,0.0,130537.73
ADDS_ONLY,2017-08-24,131457.96,10,10,0.0,130580.94
ADDS_ONLY,2017-08-25,131888.67,9,10,0.0,130849.95
ADDS_ONLY,2017-08-28,131859.05,9,10,0.0,130820.33
ADDS_ONLY,2017-08-29,131780.04,9,10,0.0,130741.32
ADDS_ONLY,2017-08-30,132713.36,9,10,0.0,131674.64
ADDS_ONLY,2017-08-31,133406.58,9,10,0.0,132367.86
ADDS_ONLY,2017-09-01,133393.54,9,10,0.0,132354.82
ADDS_ONLY,2017-09-05,131223.04,9,10,0.0,129345.98
ADDS_ONLY,2017-09-06,132075.77,8,10,0.0,130494.37
ADDS_ONLY,2017-09-07,130782.64,8,10,0.0,129201.25
ADDS_ONLY,2017-09-08,129813.57,8,10,0.0,128232.18
ADDS_ONLY,2017-09-11,131091.29,8,10,0.0,129509.89
ADDS_ONLY,2017-09-12,132182.72,8,10,0.0,130601.32
ADDS_ONLY,2017-09-13,133008.02,8,10,0.0,131346.15
ADDS_ONLY,2017-09-14,133343.89,8,10,0.0,131682.01
ADDS_ONLY,2017-09-15,133439.94,8,10,0.0,131778.07
ADDS_ONLY,2017-09-18,133972.73,8,10,0.0,132310.85
ADDS_ONLY,2017-09-19,134096.16,8,10,0.0,132434.28
ADDS_ONLY,2017-09-20,135462.5,8,10,0.0,133800.62
ADDS_ONLY,2017-09-21,135934.89,8,10,0.0,134273.02
ADDS_ONLY,2017-09-22,136062.1,8,10,0.0,134400.23
ADDS_ONLY,2017-09-25,136214.89,8,10,0.0,134553.02
ADDS_ONLY,2017-09-26,136159.03,9,10,0.0,134587.36
ADDS_ONLY,2017-09-27,136108.71,8,8,0.0,108077.38
ADDS_ONLY,2017-09-28,135900.57,10,10,0.0,135074.24
ADDS_ONLY,2017-09-29,135850.88,10,10,0.0,135024.55
ADDS_ONLY,2017-10-02,135298.9,10,10,0.0,134472.57
ADDS_ONLY,2017-10-03,135358.16,10,10,0.0,134071.72
ADDS_ONLY,2017-10-04,135415.99,9,10,0.0,134085.84
ADDS_ONLY,2017-10-05,136325.11,9,10,0.0,134994.95
ADDS_ONLY,2017-10-06,135469.79,9,10,0.0,134139.63
ADDS_ONLY,2017-10-09,135307.04,9,10,0.0,133976.89
ADDS_ONLY,2017-10-10,136500.3,8,10,0.0,134527.55
ADDS_ONLY,2017-10-11,136961.66,8,10,0.0,134988.91
ADDS_ONLY,2017-10-12,137350.83,8,10,0.0,135378.09
ADDS_ONLY,2017-10-13,138397.89,8,10,0.0,136425.14
ADDS_ONLY,2017-10-16,138049.37,7,10,0.0,136401.3
ADDS_ONLY,2017-10-17,139005.33,7,10,0.0,137357.26
ADDS_ONLY,2017-10-18,137598.86,7,10,0.0,135950.8
ADDS_ONLY,2017-10-19,138653.74,7,10,0.0,137005.68
ADDS_ONLY,2017-10-20,137918.1,7,10,0.0,136270.04
ADDS_ONLY,2017-10-23,137125.64,7,10,0.0,135477.58
ADDS_ONLY,2017-10-24,137499.05,7,10,0.0,135850.98
ADDS_ONLY,2017-10-25,131873.61,7,10,0.0,130225.55
ADDS_ONLY,2017-10-26,132140.12,7,10,0.0,130492.06
ADDS_ONLY,2017-10-27,130812.03,7,10,0.0,129163.97
ADDS_ONLY,2017-10-30,129143.25,7,10,0.0,127495.19
ADDS_ONLY,2017-10-31,128598.49,7,10,0.0,126950.43
ADDS_ONLY,2017-11-01,128675.02,7,10,0.0,127026.96
ADDS_ONLY,2017-11-02,130594.27,7,10,0.0,128946.2
ADDS_ONLY,2017-11-03,129125.34,7,10,0.0,127477.27
ADDS_ONLY,2017-11-06,129343.96,7,10,0.0,127695.9
ADDS_ONLY,2017-11-07,130186.66,7,10,0.0,128538.6
ADDS_ONLY,2017-11-08,130448.47,7,10,0.0,128800.4
ADDS_ONLY,2017-11-09,129387.51,7,10,0.0,127739.45
ADDS_ONLY,2017-11-10,129394.79,7,10,0.0,127746.73
ADDS_ONLY,2017-11-13,130601.61,7,10,0.0,128953.55
ADDS_ONLY,2017-11-14,129397.8,7,10,0.0,127248.37
ADDS_ONLY,2017-11-15,129440.19,7,10,0.0,127290.75
ADDS_ONLY,2017-11-16,130247.0,7,10,0.0,128097.56
ADDS_ONLY,2017-11-17,130751.84,7,10,0.0,128602.4
ADDS_ONLY,2017-11-20,130083.58,7,10,0.0,127802.72
ADDS_ONLY,2017-11-21,130715.13,7,10,0.0,128434.27
ADDS_ONLY,2017-11-22,131279.4,7,10,0.0,128998.53
ADDS_ONLY,2017-11-24,131019.66,7,10,0.0,128738.79
ADDS_ONLY,2017-11-27,129952.05,7,10,0.0,127800.35
ADDS_ONLY,2017-11-28,132069.52,7,10,0.0,129917.82
ADDS_ONLY,2017-11-29,135536.22,7,10,0.0,133384.51
ADDS_ONLY,2017-11-30,136455.41,7,10,0.0,134303.71
ADDS_ONLY,2017-12-01,137546.81,7,10,0.0,135395.11
ADDS_ONLY,2017-12-04,139534.3,7,10,0.0,137382.6
ADDS_ONLY,2017-12-05,138058.31,7,10,0.0,135906.61
ADDS_ONLY,2017-12-06,137392.29,7,10,0.0,135240.59
ADDS_ONLY,2017-12-07,138110.84,6,9,0.0,122265.97
ADDS_ONLY,2017-12-08,139055.36,7,10,0.0,137063.41
ADDS_ONLY,2017-12-11,139457.22,7,10,0.0,137796.87
ADDS_ONLY,2017-12-12,140221.84,7,10,0.0,138561.48
ADDS_ONLY,2017-12-13,141014.93,7,10,0.0,139354.58
ADDS_ONLY,2017-12-14,139961.05,7,10,0.0,138300.69
ADDS_ONLY,2017-12-15,138893.82,6,8,0.0,110286.52
ADDS_ONLY,2017-12-18,140869.46,8,10,0.0,139946.81
ADDS_ONLY,2017-12-19,141214.85,8,10,0.0,140292.19
ADDS_ONLY,2017-12-20,142191.66,8,10,0.0,141269.0
ADDS_ONLY,2017-12-21,142484.82,8,10,0.0,141685.54
ADDS_ONLY,2017-12-22,142571.38,8,10,0.0,141772.1
ADDS_ONLY,2017-12-26,142255.63,8,10,0.0,141456.35
ADDS_ONLY,2017-12-27,142217.85,7,9,0.0,127296.42
ADDS_ONLY,2017-12-28,143142.31,8,10,0.0,142499.31
ADDS_ONLY,2017-12-29,142394.81,8,10,0.0,141751.81
ADDS_ONLY,2018-01-02,146143.4,8,10,0.0,145500.4
ADDS_ONLY,2018-01-03,147430.15,8,10,0.0,146787.14
ADDS_ONLY,2018-01-04,148766.05,8,10,0.0,148123.04
ADDS_ONLY,2018-01-05,149322.95,8,10,0.0,148679.95
ADDS_ONLY,2018-01-08,149634.55,8,10,0.0,148991.55
ADDS_ONLY,2018-01-09,148761.0,7,9,0.0,133947.2
ADDS_ONLY,2018-01-10,148600.8,7,9,0.0,130764.34
ADDS_ONLY,2018-01-11,151290.35,8,9,0.0,133175.72
ADDS_ONLY,2018-01-12,152879.99,8,9,0.0,134765.37
ADDS_ONLY,2018-01-16,150421.63,8,9,0.0,132307.0
ADDS_ONLY,2018-01-17,151408.36,7,8,0.0,117229.35
ADDS_ONLY,2018-01-18,153298.54,9,10,0.0,149957.3
ADDS_ONLY,2018-01-19,154584.28,9,10,0.0,151243.04
ADDS_ONLY,2018-01-22,155010.2,9,10,0.0,151668.96
ADDS_ONLY,2018-01-23,157231.79,9,10,0.0,153890.55
ADDS_ONLY,2018-01-24,157759.48,9,10,0.0,154418.23
ADDS_ONLY,2018-01-25,157211.19,8,8,0.0,127437.48
ADDS_ONLY,2018-01-26,159624.28,8,8,0.0,129931.83
ADDS_ONLY,2018-01-29,160239.91,10,10,-0.0,160239.91
ADDS_ONLY,2018-01-30,157169.73,10,10,-0.0,157169.73
ADDS_ONLY,2018-01-31,156487.46,9,9,0.0,141046.0
ADDS_ONLY,2018-02-01,155585.32,9,9,0.0,140310.18
ADDS_ONLY,2018-02-02,153790.17,10,10,-0.0,153790.17
ADDS_ONLY,2018-02-05,148135.97,9,9,0.0,131936.02
ADDS_ONLY,2018-02-06,151493.07,8,8,0.0,119855.11
ADDS_ONLY,2018-02-07,150896.56,8,8,0.0,119258.6
ADDS_ONLY,2018-02-08,145917.58,9,9,0.0,129406.22
ADDS_ONLY,2018-02-09,147059.57,9,9,0.0,130548.2
ADDS_ONLY,2018-02-12,148695.44,9,9,0.0,132184.08
ADDS_ONLY,2018-02-13,149702.43,9,10,0.0,148009.87
ADDS_ONLY,2018-02-14,152724.01,9,10,0.0,151031.45
ADDS_ONLY,2018-02-15,156642.1,9,10,0.0,154949.53
ADDS_ONLY,2018-02-16,157000.37,9,10,0.0,155307.81
ADDS_ONLY,2018-02-20,155412.69,9,10,0.0,153720.12
ADDS_ONLY,2018-02-21,154606.16,8,10,0.0,148099.37
ADDS_ONLY,2018-02-22,155066.11,7,10,0.0,148490.8
ADDS_ONLY,2018-02-23,157786.4,6,10,0.0,150916.33
ADDS_ONLY,2018-02-26,160226.1,6,10,0.0,153356.03
ADDS_ONLY,2018-02-27,159836.88,6,10,0.0,152966.81
ADDS_ONLY,2018-02-28,157024.58,6,10,0.0,150154.51
ADDS_ONLY,2018-03-01,157089.24,7,10,0.0,151404.84
ADDS_ONLY,2018-03-02,159237.31,7,10,0.0,153552.91
ADDS_ONLY,2018-03-05,161062.28,7,10,0.0,155377.88
ADDS_ONLY,2018-03-06,160892.85,7,10,0.0,155208.46
ADDS_ONLY,2018-03-07,159996.14,7,10,0.0,154311.74
ADDS_ONLY,2018-03-08,160114.37,6,10,0.0,154661.59
ADDS_ONLY,2018-03-09,160436.31,7,10,0.0,151995.83
ADDS_ONLY,2018-03-12,162285.31,7,10,0.0,153844.82
ADDS_ONLY,2018-03-13,161299.64,7,10,0.0,153063.16
ADDS_ONLY,2018-03-14,160945.63,7,10,0.0,152709.15
ADDS_ONLY,2018-03-15,160592.0,7,10,0.0,152758.72
ADDS_ONLY,2018-03-16,161086.13,7,10,0.0,153252.86
ADDS_ONLY,2018-03-19,157900.65,7,10,0.0,150067.37
ADDS_ONLY,2018-03-20,157881.32,6,8,0.0,118602.3
ADDS_ONLY,2018-03-21,158514.9,8,10,0.0,150843.13
ADDS_ONLY,2018-03-22,155427.4,8,10,0.0,147755.63
ADDS_ONLY,2018-03-23,152938.88,7,9,0.0,128966.43
ADDS_ONLY,2018-03-26,156456.13,8,10,0.0,147993.61
ADDS_ONLY,2018-03-27,153415.19,8,10,0.0,144952.67
ADDS_ONLY,2018-03-28,154423.86,8,10,0.0,145961.34
ADDS_ONLY,2018-03-29,155891.31,8,10,0.0,147428.79
ADDS_ONLY,2018-04-02,151975.41,8,10,0.0,143512.89
ADDS_ONLY,2018-04-03,153519.38,8,10,0.0,145056.86
ADDS_ONLY,2018-04-04,157096.88,8,10,0.0,148634.36
ADDS_ONLY,2018-04-05,157598.63,8,10,0.0,149136.11
ADDS_ONLY,2018-04-06,154686.57,8,10,0.0,146224.05
ADDS_ONLY,2018-04-09,153943.75,7,9,0.0,128882.5
ADDS_ONLY,2018-04-10,157027.37,7,10,0.0,147541.88
ADDS_ONLY,2018-04-11,157070.58,7,10,0.0,147585.09
ADDS_ONLY,2018-04-12,157936.25,7,10,0.0,148450.76
ADDS_ONLY,2018-04-13,157637.25,7,10,0.0,148151.75
ADDS_ONLY,2018-04-16,158968.15,7,10,0.0,149482.66
ADDS_ONLY,2018-04-17,161281.42,7,10,0.0,151795.93
ADDS_ONLY,2018-04-18,161290.2,7,10,0.0,151804.71
ADDS_ONLY,2018-04-19,158695.11,7,10,0.0,149209.61
ADDS_ONLY,2018-04-20,157407.69,7,10,0.0,147922.2
ADDS_ONLY,2018-04-23,157669.58,7,10,0.0,148184.09
ADDS_ONLY,2018-04-24,157589.71,7,10,0.0,148104.22
ADDS_ONLY,2018-04-25,157597.39,5,8,0.0,114954.81
ADDS_ONLY,2018-04-26,159964.28,6,9,0.0,133180.72
ADDS_ONLY,2018-04-27,161729.45,7,10,0.0,150597.96
ADDS_ONLY,2018-04-30,159014.88,7,10,0.0,147883.38
ADDS_ONLY,2018-05-01,159991.46,7,10,0.0,148842.88
ADDS_ONLY,2018-05-02,158703.29,7,10,0.0,147554.7
ADDS_ONLY,2018-05-03,158344.09,7,10,0.0,147195.51
ADDS_ONLY,2018-05-04,161692.53,7,10,0.0,150543.95
ADDS_ONLY,2018-05-07,162107.08,7,10,0.0,150958.5
ADDS_ONLY,2018-05-08,160391.61,7,10,0.0,149243.03
ADDS_ONLY,2018-05-09,159792.89,7,10,0.0,148644.31
ADDS_ONLY,2018-05-10,161449.49,7,10,0.0,150300.91
ADDS_ONLY,2018-05-11,161625.06,7,10,0.0,150476.48
ADDS_ONLY,2018-05-14,161853.63,7,10,0.0,150705.05
ADDS_ONLY,2018-05-15,159431.97,7,10,0.0,148283.39
ADDS_ONLY,2018-05-16,160306.78,6,10,0.0,149652.73
ADDS_ONLY,2018-05-17,160405.47,6,10,0.0,149751.43
ADDS_ONLY,2018-05-18,158949.88,6,10,0.0,148295.83
ADDS_ONLY,2018-05-21,158243.33,6,10,0.0,147589.28
ADDS_ONLY,2018-05-22,158961.62,6,10,0.0,148307.58
ADDS_ONLY,2018-05-23,158437.71,6,10,0.0,147783.67
ADDS_ONLY,2018-05-24,158527.12,6,10,0.0,147873.07
ADDS_ONLY,2018-05-25,158249.7,6,10,0.0,147595.66
ADDS_ONLY,2018-05-29,156908.7,6,10,0.0,146254.65
ADDS_ONLY,2018-05-30,157293.08,6,10,0.0,146639.04
ADDS_ONLY,2018-05-31,155559.71,6,10,0.0,144905.66
ADDS_ONLY,2018-06-01,155756.6,6,10,0.0,145102.56
ADDS_ONLY,2018-06-04,155955.92,6,10,0.0,145301.87
ADDS_ONLY,2018-06-05,156363.33,6,10,0.0,145709.28
ADDS_ONLY,2018-06-06,158859.44,6,10,0.0,148205.39
ADDS_ONLY,2018-06-07,159466.63,6,10,0.0,148812.58
ADDS_ONLY,2018-06-08,160241.33,6,10,0.0,149587.28
ADDS_ONLY,2018-06-11,160909.41,6,10,0.0,150255.37
ADDS_ONLY,2018-06-12,162107.14,7,10,0.0,149590.41
ADDS_ONLY,2018-06-13,162976.34,7,10,0.0,150459.61
ADDS_ONLY,2018-06-14,165382.46,7,10,0.0,152865.73
ADDS_ONLY,2018-06-15,164312.49,7,10,0.0,151795.76
ADDS_ONLY,2018-06-18,162660.28,7,10,0.0,150143.55
ADDS_ONLY,2018-06-19,163875.6,8,10,0.0,152838.67
ADDS_ONLY,2018-06-20,166485.53,8,10,0.0,155448.6
ADDS_ONLY,2018-06-21,164499.48,7,9,0.0,137135.04
ADDS_ONLY,2018-06-22,166251.59,8,10,0.0,155471.46
ADDS_ONLY,2018-06-25,164569.97,8,10,0.0,153789.84
ADDS_ONLY,2018-06-26,164881.27,8,10,0.0,154101.14
ADDS_ONLY,2018-06-27,165332.01,8,10,0.0,154551.88
ADDS_ONLY,2018-06-28,165086.44,8,10,0.0,154306.31
ADDS_ONLY,2018-06-29,165761.54,8,10,0.0,154981.41
ADDS_ONLY,2018-07-02,165250.31,8,10,0.0,154470.18
ADDS_ONLY,2018-07-03,165724.42,8,10,0.0,154944.29
ADDS_ONLY,2018-07-05,167356.22,8,10,0.0,156576.09
ADDS_ONLY,2018-07-06,168984.14,8,10,0.0,158204.01
ADDS_ONLY,2018-07-09,171052.75,8,10,0.0,160272.61
ADDS_ONLY,2018-07-10,171573.17,8,10,0.0,160793.04
ADDS_ONLY,2018-07-11,169422.89,8,10,0.0,158642.76
ADDS_ONLY,2018-07-12,169498.75,8,9,0.0,146769.83
ADDS_ONLY,2018-07-13,170031.61,9,10,0.0,164255.51
ADDS_ONLY,2018-07-16,168351.34,9,10,0.0,162575.24
ADDS_ONLY,2018-07-17,168731.85,9,10,0.0,162955.75
ADDS_ONLY,2018-07-18,168277.03,9,10,0.0,162500.93
ADDS_ONLY,2018-07-19,169091.12,9,10,0.0,163315.02
ADDS_ONLY,2018-07-20,169057.13,9,10,0.0,163281.04
ADDS_ONLY,2018-07-23,169467.5,9,10,0.0,163691.41
ADDS_ONLY,2018-07-24,169454.66,9,10,0.0,163678.57
ADDS_ONLY,2018-07-25,169986.16,9,10,0.0,164210.07
ADDS_ONLY,2018-07-26,170591.69,9,10,0.0,164815.59
ADDS_ONLY,2018-07-27,170551.54,9,10,0.0,164775.44
ADDS_ONLY,2018-07-30,170796.47,9,10,0.0,165020.37
ADDS_ONLY,2018-07-31,169983.92,9,10,0.0,164207.82
ADDS_ONLY,2018-08-01,169073.37,9,10,0.0,162995.42
ADDS_ONLY,2018-08-02,171696.46,9,10,0.0,165618.51
ADDS_ONLY,2018-08-03,172090.64,9,10,0.0,166012.69
ADDS_ONLY,2018-08-06,168794.14,9,10,0.0,162716.19
ADDS_ONLY,2018-08-07,168272.19,9,10,0.0,162194.24
ADDS_ONLY,2018-08-08,167335.47,9,10,0.0,161257.52
ADDS_ONLY,2018-08-09,167102.07,9,10,0.0,161024.12
ADDS_ONLY,2018-08-10,167156.02,9,10,0.0,161078.07
ADDS_ONLY,2018-08-13,165032.19,9,10,0.0,158954.24
ADDS_ONLY,2018-08-14,166601.12,8,9,0.0,140875.13
ADDS_ONLY,2018-08-15,166881.86,9,10,0.0,157808.4
ADDS_ONLY,2018-08-16,168861.37,9,10,0.0,159787.92
ADDS_ONLY,2018-08-17,168158.1,9,10,0.0,157299.66
ADDS_ONLY,2018-08-20,168560.13,9,10,0.0,157701.69
ADDS_ONLY,2018-08-21,169560.93,9,10,0.0,158702.49
ADDS_ONLY,2018-08-22,170143.78,9,10,0.0,159285.34
ADDS_ONLY,2018-08-23,170975.92,9,10,0.0,160117.48
ADDS_ONLY,2018-08-24,171283.94,9,10,0.0,160425.49
ADDS_ONLY,2018-08-27,173716.21,8,10,0.0,161360.21
ADDS_ONLY,2018-08-28,173503.44,8,10,0.0,160967.23
ADDS_ONLY,2018-08-29,175158.3,8,10,0.0,162622.09
ADDS_ONLY,2018-08-30,172800.46,8,10,0.0,160264.25
ADDS_ONLY,2018-08-31,172348.05,7,10,0.0,161170.05
ADDS_ONLY,2018-09-04,171379.76,7,10,0.0,160201.76
ADDS_ONLY,2018-09-05,170770.36,7,10,0.0,159592.36
ADDS_ONLY,2018-09-06,169126.45,7,10,0.0,157948.44
ADDS_ONLY,2018-09-07,167435.13,7,10,0.0,155021.78
ADDS_ONLY,2018-09-10,168515.49,7,10,0.0,156102.13
ADDS_ONLY,2018-09-11,167648.08,7,10,0.0,155234.72
ADDS_ONLY,2018-09-12,168993.36,7,10,0.0,156580.01
ADDS_ONLY,2018-09-13,169802.84,7,10,0.0,157389.49
ADDS_ONLY,2018-09-14,169550.63,7,10,0.0,157137.27
ADDS_ONLY,2018-09-17,169480.79,7,10,0.0,157067.43
ADDS_ONLY,2018-09-18,170105.94,7,10,0.0,157338.24
ADDS_ONLY,2018-09-19,171679.34,7,10,0.0,158911.64
ADDS_ONLY,2018-09-20,171825.96,7,10,0.0,159058.26
ADDS_ONLY,2018-09-21,171367.55,7,10,0.0,158599.85
ADDS_ONLY,2018-09-24,167420.26,7,10,0.0,154652.56
ADDS_ONLY,2018-09-25,164675.28,7,10,0.0,151907.59
ADDS_ONLY,2018-09-26,164169.78,7,10,0.0,151402.08
ADDS_ONLY,2018-09-27,164338.29,7,10,0.0,151570.59
ADDS_ONLY,2018-09-28,163891.35,7,10,0.0,151123.65
ADDS_ONLY,2018-10-01,166394.57,7,10,0.0,153626.87
ADDS_ONLY,2018-10-02,167101.71,7,10,0.0,154334.01
ADDS_ONLY,2018-10-03,167042.77,7,10,0.0,154275.07
ADDS_ONLY,2018-10-04,165202.15,7,10,0.0,152434.45
ADDS_ONLY,2018-10-05,165466.64,6,10,0.0,151976.49
ADDS_ONLY,2018-10-08,168589.05,6,10,0.0,155098.9
ADDS_ONLY,2018-10-09,166389.14,6,10,0.0,152898.99
ADDS_ONLY,2018-10-10,163373.61,6,10,0.0,149883.46
ADDS_ONLY,2018-10-11,159974.19,6,10,0.0,146484.04
ADDS_ONLY,2018-10-12,158152.36,5,9,0.0,127867.21
ADDS_ONLY,2018-10-15,159170.02,6,10,0.0,144695.74
ADDS_ONLY,2018-10-16,160588.69,6,10,0.0,146114.41
ADDS_ONLY,2018-10-17,160590.56,6,10,0.0,146116.28
ADDS_ONLY,2018-10-18,157101.55,6,10,0.0,142627.27
ADDS_ONLY,2018-10-19,157500.02,6,10,0.0,143025.74
ADDS_ONLY,2018-10-22,155388.2,6,10,0.0,140137.14
ADDS_ONLY,2018-10-23,156606.77,6,10,0.0,141355.71
ADDS_ONLY,2018-10-24,151987.6,6,10,0.0,134813.04
ADDS_ONLY,2018-10-25,157087.86,6,10,0.0,139913.3
ADDS_ONLY,2018-10-26,154821.9,6,10,0.0,137647.34
ADDS_ONLY,2018-10-29,157107.21,6,10,0.0,139932.65
ADDS_ONLY,2018-10-30,159927.84,6,10,0.0,142753.28
ADDS_ONLY,2018-10-31,160737.46,6,10,0.0,143562.9
ADDS_ONLY,2018-11-01,161420.28,6,10,0.0,144245.72
ADDS_ONLY,2018-11-02,164051.72,6,10,0.0,147098.04
ADDS_ONLY,2018-11-05,165997.08,6,10,0.0,149043.4
ADDS_ONLY,2018-11-06,166759.95,6,10,0.0,149806.27
ADDS_ONLY,2018-11-07,164450.57,6,10,0.0,147496.9
ADDS_ONLY,2018-11-08,163093.63,6,10,0.0,146139.95
ADDS_ONLY,2018-11-09,162880.3,6,10,0.0,145926.62
ADDS_ONLY,2018-11-12,162440.81,5,8,0.0,112568.14
ADDS_ONLY,2018-11-13,161706.13,4,6,0.0,80193.3
ADDS_ONLY,2018-11-14,161971.69,4,6,0.0,80458.87
ADDS_ONLY,2018-11-15,163438.94,4,6,0.0,81926.11
ADDS_ONLY,2018-11-16,164840.74,5,7,0.0,99596.27
ADDS_ONLY,2018-11-19,164183.09,5,8,0.0,115456.23
ADDS_ONLY,2018-11-20,162227.35,5,9,0.0,129756.68
ADDS_ONLY,2018-11-21,162873.75,6,10,0.0,146710.02
ADDS_ONLY,2018-11-23,161754.03,6,10,0.0,145590.31
ADDS_ONLY,2018-11-26,165242.04,6,10,0.0,149078.31
ADDS_ONLY,2018-11-27,165629.54,6,10,0.0,149465.81
ADDS_ONLY,2018-11-28,168324.7,6,10,0.0,152160.97
ADDS_ONLY,2018-11-29,168552.71,6,10,0.0,152388.98
ADDS_ONLY,2018-11-30,169162.93,6,10,0.0,152999.2
ADDS_ONLY,2018-12-03,171840.59,6,10,0.0,155676.86
ADDS_ONLY,2018-12-04,165010.91,6,10,0.0,148847.19
ADDS_ONLY,2018-12-06,161784.48,2,3,0.0,39910.91
ADDS_ONLY,2018-12-07,158705.09,8,9,0.0,133972.3
ADDS_ONLY,2018-12-10,159182.13,8,9,0.0,134449.34
ADDS_ONLY,2018-12-11,159229.66,9,10,0.0,150547.5
ADDS_ONLY,2018-12-12,161380.56,9,10,0.0,152698.4
ADDS_ONLY,2018-12-13,160253.75,9,10,0.0,151571.59
ADDS_ONLY,2018-12-14,156887.68,9,10,0.0,148205.52
ADDS_ONLY,2018-12-17,153185.27,9,10,0.0,144503.11
ADDS_ONLY,2018-12-18,153538.43,9,10,0.0,144856.26
ADDS_ONLY,2018-12-19,149719.04,8,9,0.0,124637.42
ADDS_ONLY,2018-12-20,146503.9,9,10,0.0,136309.78
ADDS_ONLY,2018-12-21,142273.24,9,10,0.0,132079.12
ADDS_ONLY,2018-12-24,139367.47,9,10,0.0,129173.35
ADDS_ONLY,2018-12-26,146261.47,9,10,0.0,136067.35
ADDS_ONLY,2018-12-27,146247.23,9,10,0.0,136053.12
ADDS_ONLY,2018-12-28,146977.42,9,10,0.0,136783.3
ADDS_ONLY,2018-12-31,148382.92,9,10,0.0,138188.8
ADDS_ONLY,2019-01-02,151753.27,9,10,0.0,141559.15
ADDS_ONLY,2019-01-03,147408.42,9,10,0.0,137214.3
ADDS_ONLY,2019-01-04,152663.82,9,10,0.0,142469.7
ADDS_ONLY,2019-01-07,156424.04,9,10,0.0,146229.92
ADDS_ONLY,2019-01-08,156986.56,9,10,0.0,146792.44
ADDS_ONLY,2019-01-09,156323.57,9,10,0.0,146129.45
ADDS_ONLY,2019-01-10,157967.45,10,10,0.0,156054.94
ADDS_ONLY,2019-01-11,157580.84,10,10,0.0,155668.33
ADDS_ONLY,2019-01-14,157131.76,10,10,0.0,154358.61
ADDS_ONLY,2019-01-15,158692.59,9,9,0.0,140347.75
ADDS_ONLY,2019-01-16,158939.29,9,9,0.0,140594.45
ADDS_ONLY,2019-01-17,160400.16,8,9,0.0,142942.5
ADDS_ONLY,2019-01-18,162064.92,9,10,0.0,160748.73
ADDS_ONLY,2019-01-22,159457.86,9,10,0.0,158141.67
ADDS_ONLY,2019-01-23,159630.97,6,7,0.0,110840.13
ADDS_ONLY,2019-01-24,159455.92,6,7,0.0,110584.18
ADDS_ONLY,2019-01-25,158658.1,7,9,0.0,141860.58
ADDS_ONLY,2019-01-28,158364.08,8,10,0.0,157310.12
ADDS_ONLY,2019-01-29,158031.19,8,10,0.0,156977.24
ADDS_ONLY,2019-01-30,160940.21,8,10,0.0,159886.26
ADDS_ONLY,2019-01-31,161707.79,8,10,0.0,160653.84
ADDS_ONLY,2019-02-01,163029.2,8,10,0.0,161975.24
ADDS_ONLY,2019-02-04,165251.71,8,10,0.0,164197.76
ADDS_ONLY,2019-02-05,165315.9,8,10,0.0,164261.95
ADDS_ONLY,2019-02-06,165858.96,8,10,0.0,163728.24
ADDS_ONLY,2019-02-07,163802.92,7,9,0.0,145156.07
ADDS_ONLY,2019-02-08,163458.62,8,10,0.0,161065.46
ADDS_ONLY,2019-02-11,163183.58,8,10,0.0,160790.42
ADDS_ONLY,2019-02-12,165443.07,7,9,0.0,145877.41
ADDS_ONLY,2019-02-13,167079.66,8,10,0.0,164161.96
ADDS_ONLY,2019-02-14,166844.88,8,10,0.0,163927.17
ADDS_ONLY,2019-02-15,169240.18,8,10,0.0,166322.47
ADDS_ONLY,2019-02-19,170117.22,7,10,0.0,167121.93
ADDS_ONLY,2019-02-20,167624.69,7,10,0.0,164629.4
ADDS_ONLY,2019-02-21,165178.41,7,10,0.0,162183.12
ADDS_ONLY,2019-02-22,166659.69,7,10,0.0,163336.27
ADDS_ONLY,2019-02-25,165059.67,7,10,0.0,161736.25
ADDS_ONLY,2019-02-26,164639.22,7,10,0.0,160989.02
ADDS_ONLY,2019-02-27,164041.79,7,10,0.0,160391.6
ADDS_ONLY,2019-02-28,162073.34,7,10,0.0,158423.15
ADDS_ONLY,2019-03-01,164274.99,7,10,0.0,160624.79
ADDS_ONLY,2019-03-04,163478.86,7,10,0.0,159828.66
ADDS_ONLY,2019-03-05,163586.11,7,10,0.0,159935.91
ADDS_ONLY,2019-03-06,161364.95,7,10,0.0,157714.75
ADDS_ONLY,2019-03-07,159392.01,6,8,0.0,122794.11
ADDS_ONLY,2019-03-08,160221.68,7,9,0.0,139426.07
ADDS_ONLY,2019-03-11,162943.06,7,9,0.0,142147.45
ADDS_ONLY,2019-03-12,163243.82,8,10,0.0,158774.32
ADDS_ONLY,2019-03-13,165613.54,8,10,0.0,161144.04
ADDS_ONLY,2019-03-14,164706.19,8,10,0.0,160236.7
ADDS_ONLY,2019-03-15,165915.51,8,10,0.0,161446.01
ADDS_ONLY,2019-03-18,167296.83,8,10,0.0,162827.34
ADDS_ONLY,2019-03-19,167979.73,8,10,0.0,163510.24
ADDS_ONLY,2019-03-20,168075.19,7,10,0.0,163388.94
ADDS_ONLY,2019-03-21,170730.79,7,10,0.0,163713.09
ADDS_ONLY,2019-03-22,166755.08,7,10,0.0,159737.38
ADDS_ONLY,2019-03-25,166948.61,6,8,0.0,123977.8
ADDS_ONLY,2019-03-26,167803.92,6,8,0.0,124833.11
ADDS_ONLY,2019-03-27,166441.33,8,10,0.0,157215.05
ADDS_ONLY,2019-03-28,165737.21,8,10,0.0,156510.94
ADDS_ONLY,2019-03-29,166272.82,8,10,0.0,157046.55
ADDS_ONLY,2019-04-01,168907.1,8,10,0.0,159680.83
ADDS_ONLY,2019-04-02,168429.89,8,10,0.0,159203.61
ADDS_ONLY,2019-04-03,169432.14,8,10,0.0,160205.87
ADDS_ONLY,2019-04-04,171197.92,8,10,0.0,161971.64
ADDS_ONLY,2019-04-05,171449.8,8,10,0.0,162223.52
ADDS_ONLY,2019-04-08,172055.17,8,10,0.0,162183.31
ADDS_ONLY,2019-04-09,171347.99,8,10,0.0,161476.13
ADDS_ONLY,2019-04-10,172497.0,8,10,0.0,162625.14
ADDS_ONLY,2019-04-11,172765.88,8,10,0.0,162894.02
ADDS_ONLY,2019-04-12,172726.75,8,10,0.0,162854.89
ADDS_ONLY,2019-04-15,173564.17,8,10,0.0,163692.32
ADDS_ONLY,2019-04-16,174650.59,8,10,0.0,164383.25
ADDS_ONLY,2019-04-17,173771.84,8,10,0.0,165001.53
ADDS_ONLY,2019-04-18,174444.24,8,10,0.0,165673.94
ADDS_ONLY,2019-04-22,174674.08,8,10,0.0,165903.77
ADDS_ONLY,2019-04-23,175141.84,8,10,0.0,166371.54
ADDS_ONLY,2019-04-24,174476.68,9,10,0.0,164828.65
ADDS_ONLY,2019-04-25,175431.1,9,10,0.0,165783.06
ADDS_ONLY,2019-04-26,176237.13,9,10,0.0,166589.09
ADDS_ONLY,2019-04-29,177370.27,9,10,0.0,167638.21
ADDS_ONLY,2019-04-30,177923.82,9,10,0.0,168191.76
ADDS_ONLY,2019-05-01,179475.91,9,10,0.0,169743.85
ADDS_ONLY,2019-05-02,179998.32,8,9,0.0,152697.96
ADDS_ONLY,2019-05-03,180552.99,9,10,0.0,170138.13
ADDS_ONLY,2019-05-06,181165.88,10,10,0.0,178929.89
ADDS_ONLY,2019-05-07,177839.15,10,10,0.0,175603.16
ADDS_ONLY,2019-05-08,176939.61,9,9,0.0,156165.99
ADDS_ONLY,2019-05-09,176177.03,9,10,0.0,172911.28
ADDS_ONLY,2019-05-10,177256.16,9,10,0.0,173990.41
ADDS_ONLY,2019-05-13,171125.75,9,10,0.0,167860.0
ADDS_ONLY,2019-05-14,175033.49,9,10,0.0,171767.74
ADDS_ONLY,2019-05-15,178090.25,9,10,0.0,174824.5
ADDS_ONLY,2019-05-16,179048.0,9,10,0.0,175782.25
ADDS_ONLY,2019-05-17,178102.42,9,10,0.0,174836.67
ADDS_ONLY,2019-05-20,174352.64,8,10,0.0,170688.43
ADDS_ONLY,2019-05-21,175758.94,8,10,0.0,172094.73
ADDS_ONLY,2019-05-22,174337.77,8,10,0.0,170673.56
ADDS_ONLY,2019-05-23,169606.2,7,10,0.0,162672.98
ADDS_ONLY,2019-05-24,170704.86,7,10,0.0,163771.65
ADDS_ONLY,2019-05-28,175182.25,7,10,0.0,168249.04
ADDS_ONLY,2019-05-29,173741.98,7,10,0.0,166808.77
ADDS_ONLY,2019-05-30,173787.9,7,10,0.0,166854.68
ADDS_ONLY,2019-05-31,170645.53,7,10,0.0,163712.31
ADDS_ONLY,2019-06-03,169301.44,7,10,0.0,162368.22
ADDS_ONLY,2019-06-04,175922.65,7,10,0.0,168989.43
ADDS_ONLY,2019-06-05,176760.29,7,10,0.0,169827.08
ADDS_ONLY,2019-06-06,180286.73,7,10,0.0,173353.51
ADDS_ONLY,2019-06-07,183169.31,7,10,0.0,176236.09
ADDS_ONLY,2019-06-10,184049.61,7,10,0.0,177116.39
ADDS_ONLY,2019-06-11,184491.91,7,10,0.0,177558.7
ADDS_ONLY,2019-06-12,182481.11,7,10,0.0,175547.9
ADDS_ONLY,2019-06-13,184168.52,7,9,0.0,153771.41
ADDS_ONLY,2019-06-14,183247.75,8,10,0.0,170940.09
ADDS_ONLY,2019-06-17,183843.55,8,10,0.0,171535.88
ADDS_ONLY,2019-06-18,186885.03,8,10,0.0,174577.37
ADDS_ONLY,2019-06-19,186509.53,8,10,0.0,174201.86
ADDS_ONLY,2019-06-20,187357.6,8,10,0.0,175049.93
ADDS_ONLY,2019-06-21,187612.29,8,10,0.0,175304.62
ADDS_ONLY,2019-06-24,188682.84,7,9,0.0,160835.61
ADDS_ONLY,2019-06-25,187043.12,7,9,0.0,159195.88
ADDS_ONLY,2019-06-26,188635.09,7,9,0.0,160787.85
ADDS_ONLY,2019-06-27,191752.13,8,10,0.0,182924.66
ADDS_ONLY,2019-06-28,192332.19,8,10,0.0,183504.72
ADDS_ONLY,2019-07-01,193894.24,8,10,0.0,185066.77
ADDS_ONLY,2019-07-02,193738.13,8,10,0.0,184910.66
ADDS_ONLY,2019-07-03,195928.2,8,10,0.0,185791.19
ADDS_ONLY,2019-07-05,195720.04,8,10,0.0,185583.03
ADDS_ONLY,2019-07-08,193656.92,8,10,0.0,183519.91
ADDS_ONLY,2019-07-09,193564.37,7,9,0.0,163900.98
ADDS_ONLY,2019-07-10,194184.59,8,10,0.0,183983.37
ADDS_ONLY,2019-07-11,195173.55,8,10,0.0,184972.33
ADDS_ONLY,2019-07-12,194454.32,8,10,0.0,184253.1
ADDS_ONLY,2019-07-15,193927.73,8,10,0.0,183726.5
ADDS_ONLY,2019-07-16,192723.01,8,10,0.0,182521.79
ADDS_ONLY,2019-07-17,191138.51,8,10,0.0,180937.29
ADDS_ONLY,2019-07-18,187637.75,8,10,0.0,177436.53
ADDS_ONLY,2019-07-19,185434.01,8,10,0.0,175232.79
ADDS_ONLY,2019-07-22,184428.74,8,10,0.0,172592.14
ADDS_ONLY,2019-07-23,185418.46,8,10,0.0,173581.85
ADDS_ONLY,2019-07-24,190526.7,8,10,0.0,178690.09
ADDS_ONLY,2019-07-25,189009.83,8,10,0.0,177173.23
ADDS_ONLY,2019-07-26,191053.37,8,10,0.0,179216.76
ADDS_ONLY,2019-07-29,191704.5,8,10,0.0,179867.9
ADDS_ONLY,2019-07-30,190758.76,8,10,0.0,178922.15
ADDS_ONLY,2019-07-31,188941.29,8,10,0.0,177104.69
ADDS_ONLY,2019-08-01,187964.45,8,10,0.0,176127.85
ADDS_ONLY,2019-08-02,186052.0,8,10,0.0,174215.4
ADDS_ONLY,2019-08-05,180738.6,8,10,0.0,168901.99
ADDS_ONLY,2019-08-06,182170.37,7,9,0.0,148584.0
ADDS_ONLY,2019-08-07,182991.33,8,10,0.0,167416.91
ADDS_ONLY,2019-08-08,186023.36,8,10,0.0,170448.94
ADDS_ONLY,2019-08-09,183624.56,8,10,0.0,168050.13
ADDS_ONLY,2019-08-12,181509.56,8,10,0.0,165935.13
ADDS_ONLY,2019-08-13,183657.81,8,10,0.0,168083.38
ADDS_ONLY,2019-08-14,177091.54,8,10,0.0,161517.11
ADDS_ONLY,2019-08-15,175526.34,7,9,0.0,141682.17
ADDS_ONLY,2019-08-16,178302.37,8,10,0.0,162131.85
ADDS_ONLY,2019-08-19,180848.43,8,10,0.0,164677.91
ADDS_ONLY,2019-08-20,179512.65,8,10,0.0,163342.13
ADDS_ONLY,2019-08-21,180016.02,8,10,0.0,163845.5
ADDS_ONLY,2019-08-22,180069.91,8,10,0.0,163899.38
ADDS_ONLY,2019-08-23,175412.6,8,10,0.0,159242.08
ADDS_ONLY,2019-08-26,177425.84,8,10,0.0,161255.32
ADDS_ONLY,2019-08-27,178610.93,8,10,0.0,162440.41
ADDS_ONLY,2019-08-28,179291.01,8,10,0.0,163120.49
ADDS_ONLY,2019-08-29,181155.85,8,10,0.0,164985.33
ADDS_ONLY,2019-08-30,181156.37,8,10,0.0,164985.85
ADDS_ONLY,2019-09-03,180420.51,8,10,0.0,164249.99
ADDS_ONLY,2019-09-04,183673.65,8,10,0.0,167503.13
ADDS_ONLY,2019-09-05,185994.42,8,10,0.0,169823.9
ADDS_ONLY,2019-09-06,185660.83,8,10,0.0,169490.31
ADDS_ONLY,2019-09-09,188676.59,8,10,0.0,172506.07
ADDS_ONLY,2019-09-10,190610.07,8,10,0.0,174439.55
ADDS_ONLY,2019-09-11,190689.64,7,10,0.0,176561.57
ADDS_ONLY,2019-09-12,190733.11,7,10,0.0,176605.04
ADDS_ONLY,2019-09-13,192594.78,7,10,0.0,178466.71
ADDS_ONLY,2019-09-16,191283.45,7,10,0.0,177155.38
ADDS_ONLY,2019-09-17,190675.52,8,10,0.0,172823.75
ADDS_ONLY,2019-09-18,189064.9,8,10,0.0,172183.86
ADDS_ONLY,2019-09-19,188519.88,8,10,0.0,171638.85
ADDS_ONLY,2019-09-20,187451.59,8,10,0.0,170570.55
ADDS_ONLY,2019-09-23,187328.41,8,10,0.0,170447.38
ADDS_ONLY,2019-09-24,184357.76,6,8,0.0,134685.44
ADDS_ONLY,2019-09-25,185059.5,6,8,0.0,135387.18
ADDS_ONLY,2019-09-26,183925.72,8,10,0.0,171356.9
ADDS_ONLY,2019-09-27,182328.43,8,10,0.0,169759.61
ADDS_ONLY,2019-09-30,184168.9,8,10,0.0,171600.08
ADDS_ONLY,2019-10-01,184369.86,8,10,0.0,171801.03
ADDS_ONLY,2019-10-02,183100.1,8,10,0.0,170531.28
ADDS_ONLY,2019-10-03,184165.82,8,10,0.0,171596.99
ADDS_ONLY,2019-10-04,186149.65,8,10,0.0,173580.83
ADDS_ONLY,2019-10-07,185440.52,8,10,0.0,172871.69
ADDS_ONLY,2019-10-08,183082.09,8,10,0.0,170513.27
ADDS_ONLY,2019-10-09,183485.23,8,10,0.0,170916.41
ADDS_ONLY,2019-10-10,185349.81,8,10,0.0,172780.99
ADDS_ONLY,2019-10-11,187779.2,8,10,0.0,175210.37
ADDS_ONLY,2019-10-14,188681.58,8,10,0.0,176112.76
ADDS_ONLY,2019-10-15,190045.2,8,10,0.0,177476.38
ADDS_ONLY,2019-10-16,189764.55,8,10,0.0,177195.73
ADDS_ONLY,2019-10-17,191493.04,8,10,0.0,178924.22
ADDS_ONLY,2019-10-18,186612.07,8,10,0.0,174043.24
ADDS_ONLY,2019-10-21,187901.26,9,10,0.0,187266.06
ADDS_ONLY,2019-10-22,187413.04,9,10,0.0,186777.84
ADDS_ONLY,2019-10-23,189022.31,9,10,0.0,188387.11
ADDS_ONLY,2019-10-24,189178.47,9,10,0.0,188543.27
ADDS_ONLY,2019-10-25,189634.05,9,10,0.0,188998.85
ADDS_ONLY,2019-10-28,190929.02,9,10,-0.0,190929.02
ADDS_ONLY,2019-10-29,189718.59,9,10,-0.0,189718.59
ADDS_ONLY,2019-10-30,192037.25,9,10,0.0,190954.12
ADDS_ONLY,2019-10-31,191476.06,9,10,0.0,190299.93
ADDS_ONLY,2019-11-01,192994.18,7,8,0.0,151511.22
ADDS_ONLY,2019-11-04,193401.26,9,10,0.0,190666.9
ADDS_ONLY,2019-11-05,194141.85,9,10,0.0,191407.49
ADDS_ONLY,2019-11-06,194559.26,9,10,0.0,191824.9
ADDS_ONLY,2019-11-07,193947.32,8,9,0.0,171231.15
ADDS_ONLY,2019-11-08,195105.64,8,10,0.0,191739.47
ADDS_ONLY,2019-11-11,194629.58,8,10,0.0,191263.42
ADDS_ONLY,2019-11-12,194428.48,8,10,0.0,191062.31
ADDS_ONLY,2019-11-13,194059.38,8,10,0.0,190693.22
ADDS_ONLY,2019-11-14,194322.18,8,10,0.0,190956.01
ADDS_ONLY,2019-11-15,196585.22,8,10,0.0,193219.05
ADDS_ONLY,2019-11-18,196857.76,8,10,0.0,193491.6
ADDS_ONLY,2019-11-19,196162.88,8,10,0.0,193987.96
ADDS_ONLY,2019-11-20,195744.96,8,10,0.0,193570.03
ADDS_ONLY,2019-11-21,195305.52,7,10,0.0,191181.3
ADDS_ONLY,2019-11-22,195375.22,7,10,0.0,191251.01
ADDS_ONLY,2019-11-25,197683.94,7,10,0.0,193559.72
ADDS_ONLY,2019-11-26,198824.23,7,10,0.0,194700.01
ADDS_ONLY,2019-11-27,199587.47,7,10,0.0,195463.25
ADDS_ONLY,2019-11-29,199227.89,7,10,0.0,195103.67
ADDS_ONLY,2019-12-02,198084.73,7,10,0.0,193960.51
ADDS_ONLY,2019-12-03,197723.51,7,10,0.0,193599.29
ADDS_ONLY,2019-12-04,197658.6,7,10,0.0,193534.39
ADDS_ONLY,2019-12-05,198091.54,7,10,0.0,195167.64
ADDS_ONLY,2019-12-06,200234.2,8,10,0.0,198264.15
ADDS_ONLY,2019-12-09,199884.48,8,10,0.0,197914.43
ADDS_ONLY,2019-12-10,201489.29,8,10,0.0,199519.23
ADDS_ONLY,2019-12-11,202840.23,8,10,0.0,200870.18
ADDS_ONLY,2019-12-12,206828.93,8,10,0.0,204858.87
ADDS_ONLY,2019-12-13,205646.31,8,10,0.0,203676.25
ADDS_ONLY,2019-12-16,207325.15,8,10,0.0,205355.09
ADDS_ONLY,2019-12-17,207798.4,8,10,0.0,205828.34
ADDS_ONLY,2019-12-18,208230.64,9,10,0.0,207112.98
ADDS_ONLY,2019-12-19,209327.31,9,10,0.0,208209.64
ADDS_ONLY,2019-12-20,210140.68,9,10,0.0,209023.02
ADDS_ONLY,2019-12-23,209660.3,9,10,0.0,208542.63
ADDS_ONLY,2019-12-24,210120.73,9,10,0.0,209003.07
ADDS_ONLY,2019-12-26,209477.75,9,9,0.0,187904.92
ADDS_ONLY,2019-12-27,208770.63,9,9,0.0,185715.91
ADDS_ONLY,2019-12-30,208221.76,8,8,0.0,162407.68
ADDS_ONLY,2019-12-31,208403.85,8,8,0.0,162589.77
ADDS_ONLY,2020-01-02,207641.94,9,10,0.0,203597.18
ADDS_ONLY,2020-01-03,206398.96,9,10,0.0,202354.21
ADDS_ONLY,2020-01-06,206560.4,9,10,0.0,202515.64
ADDS_ONLY,2020-01-07,204783.47,9,10,0.0,200738.72
ADDS_ONLY,2020-01-08,205690.03,9,10,0.0,201645.28
ADDS_ONLY,2020-01-09,205478.29,9,10,0.0,201433.53
ADDS_ONLY,2020-01-10,204652.82,9,10,0.0,200608.06
ADDS_ONLY,2020-01-13,205116.55,9,10,0.0,201071.8
ADDS_ONLY,2020-01-14,205480.95,9,10,0.0,201436.2
ADDS_ONLY,2020-01-15,205751.27,9,10,0.0,201706.52
ADDS_ONLY,2020-01-16,207185.63,9,10,0.0,203140.87
ADDS_ONLY,2020-01-17,208400.56,9,10,0.0,204355.81
ADDS_ONLY,2020-01-21,208229.88,9,10,0.0,204185.13
ADDS_ONLY,2020-01-22,208209.25,9,10,0.0,204164.5
ADDS_ONLY,2020-01-23,208213.77,9,10,0.0,204169.01
ADDS_ONLY,2020-01-24,206032.38,9,10,0.0,201987.63
ADDS_ONLY,2020-01-27,205060.67,9,10,0.0,201015.92
ADDS_ONLY,2020-01-28,206308.97,8,9,0.0,181324.57
ADDS_ONLY,2020-01-29,205219.69,9,10,0.0,200895.1
ADDS_ONLY,2020-01-30,204779.7,9,10,0.0,200455.11
ADDS_ONLY,2020-01-31,200481.72,9,10,0.0,196157.13
ADDS_ONLY,2020-02-03,200589.89,9,10,0.0,196265.3
ADDS_ONLY,2020-02-04,201201.6,9,10,0.0,196877.0
ADDS_ONLY,2020-02-05,206061.79,9,10,0.0,201737.2
ADDS_ONLY,2020-02-06,206439.47,9,10,0.0,202114.88
ADDS_ONLY,2020-02-07,205971.88,9,10,0.0,201647.29
ADDS_ONLY,2020-02-10,206649.43,8,10,0.0,202403.01
ADDS_ONLY,2020-02-11,208421.14,8,10,0.0,204174.72
ADDS_ONLY,2020-02-12,208982.3,8,10,0.0,204735.89
ADDS_ONLY,2020-02-13,208224.76,8,10,0.0,203978.34
ADDS_ONLY,2020-02-14,207283.34,8,10,0.0,203036.92
ADDS_ONLY,2020-02-18,207034.93,8,10,0.0,202788.52
ADDS_ONLY,2020-02-19,206122.27,8,10,0.0,200412.51
ADDS_ONLY,2020-02-20,206467.57,8,10,0.0,202169.34
ADDS_ONLY,2020-02-21,204950.25,8,10,0.0,200652.02
ADDS_ONLY,2020-02-24,197505.95,8,10,0.0,193207.72
ADDS_ONLY,2020-02-25,190493.67,8,10,0.0,186195.45
ADDS_ONLY,2020-02-26,188081.42,8,10,0.0,183783.19
ADDS_ONLY,2020-02-27,181508.43,8,10,0.0,177210.2
ADDS_ONLY,2020-02-28,180005.68,8,10,0.0,175707.45
ADDS_ONLY,2020-03-02,189073.07,8,10,0.0,184774.84
ADDS_ONLY,2020-03-03,183014.48,8,10,0.0,178716.25
ADDS_ONLY,2020-03-04,189537.19,8,10,0.0,185238.96
ADDS_ONLY,2020-03-05,182602.24,8,10,0.0,178304.01
ADDS_ONLY,2020-03-06,180228.56,8,10,0.0,175930.33
ADDS_ONLY,2020-03-09,167407.01,8,10,0.0,163108.78
ADDS_ONLY,2020-03-10,174314.4,8,10,0.0,170016.17
ADDS_ONLY,2020-03-11,165297.53,8,10,0.0,160999.31
ADDS_ONLY,2020-03-12,147882.57,8,10,0.0,143584.35
ADDS_ONLY,2020-03-13,162137.04,8,10,0.0,157838.82
ADDS_ONLY,2020-03-16,142282.0,8,10,0.0,137983.77
ADDS_ONLY,2020-03-17,154101.03,8,10,0.0,149802.8
ADDS_ONLY,2020-03-18,145366.09,8,10,0.0,141067.86
ADDS_ONLY,2020-03-19,146358.68,8,10,0.0,142060.45
ADDS_ONLY,2020-03-20,139500.07,8,10,0.0,135201.84
ADDS_ONLY,2020-03-23,134042.12,8,10,0.0,129743.89
ADDS_ONLY,2020-03-24,141758.95,8,10,0.0,137460.72
ADDS_ONLY,2020-03-25,143878.71,8,10,0.0,139580.49
ADDS_ONLY,2020-03-26,155748.68,8,10,0.0,151450.45
ADDS_ONLY,2020-03-27,151248.08,8,10,0.0,146949.85
ADDS_ONLY,2020-03-30,154196.34,8,10,0.0,149898.11
ADDS_ONLY,2020-03-31,150924.78,8,10,0.0,146626.55
ADDS_ONLY,2020-04-01,144380.12,8,10,0.0,140081.89
ADDS_ONLY,2020-04-02,145888.94,8,10,0.0,141590.72
ADDS_ONLY,2020-04-03,143521.5,8,10,0.0,139223.27
ADDS_ONLY,2020-04-06,153097.75,8,10,0.0,148799.52
ADDS_ONLY,2020-04-07,153579.23,8,10,0.0,149281.0
ADDS_ONLY,2020-04-08,158786.17,7,9,0.0,135890.88
ADDS_ONLY,2020-04-09,160704.62,7,10,0.0,153920.52
ADDS_ONLY,2020-04-13,158333.4,7,10,0.0,151549.3
ADDS_ONLY,2020-04-14,160479.31,5,7,0.0,106273.65
ADDS_ONLY,2020-04-15,157659.52,6,7,0.0,109614.36
ADDS_ONLY,2020-04-16,156449.72,6,7,0.0,108404.56
ADDS_ONLY,2020-04-17,159895.08,7,8,0.0,127893.48
ADDS_ONLY,2020-04-20,157326.38,7,8,0.0,125324.78
ADDS_ONLY,2020-04-21,154202.55,6,7,0.0,105824.46
ADDS_ONLY,2020-04-22,154589.07,5,6,0.0,88798.92
ADDS_ONLY,2020-04-23,154884.01,9,10,0.0,151422.74
ADDS_ONLY,2020-04-24,156947.08,9,10,0.0,153485.8
ADDS_ONLY,2020-04-27,162604.81,9,10,0.0,159143.54
ADDS_ONLY,2020-04-28,167613.56,9,10,0.0,164152.29
ADDS_ONLY,2020-04-29,181825.11,8,9,0.0,163711.23
ADDS_ONLY,2020-04-30,176103.96,9,10,0.0,175882.23
ADDS_ONLY,2020-05-01,166105.46,8,9,0.0,146085.8
ADDS_ONLY,2020-05-04,166094.17,5,7,0.0,110896.64
ADDS_ONLY,2020-05-05,164924.4,5,7,0.0,109726.87
ADDS_ONLY,2020-05-06,164299.95,4,5,0.0,77854.7
ADDS_ONLY,2020-05-07,170299.01,4,5,0.0,83853.76
ADDS_ONLY,2020-05-08,174908.19,5,6,0.0,105617.99
ADDS_ONLY,2020-05-11,173426.34,9,10,-0.0,173426.34
ADDS_ONLY,2020-05-12,168236.11,9,10,-0.0,168236.11
ADDS_ONLY,2020-05-13,161237.12,9,10,-0.0,161237.12
ADDS_ONLY,2020-05-14,166342.06,9,10,-0.0,166342.06
ADDS_ONLY,2020-05-15,165004.65,9,10,-0.0,165004.65
ADDS_ONLY,2020-05-18,176099.76,9,10,-0.0,176099.76
ADDS_ONLY,2020-05-19,174881.15,9,10,-0.0,174881.15
ADDS_ONLY,2020-05-20,180059.75,9,10,-0.0,180059.75
ADDS_ONLY,2020-05-21,178184.86,9,10,-0.0,178184.86
ADDS_ONLY,2020-05-22,176644.3,9,10,0.0,176499.9
ADDS_ONLY,2020-05-26,186283.06,9,10,0.0,186138.65
ADDS_ONLY,2020-05-27,197212.86,9,10,0.0,193919.49
ADDS_ONLY,2020-05-28,185754.06,9,10,0.0,182460.69
ADDS_ONLY,2020-05-29,182108.67,10,10,-0.0,182108.67
ADDS_ONLY,2020-06-01,181420.21,9,9,0.0,160017.58
ADDS_ONLY,2020-06-02,181571.24,9,10,0.0,178178.68
ADDS_ONLY,2020-06-03,188679.04,9,10,0.0,185286.48
ADDS_ONLY,2020-06-04,191604.16,9,10,0.0,188211.6
ADDS_ONLY,2020-06-05,196567.39,9,10,0.0,196527.21
ADDS_ONLY,2020-06-08,205138.13,9,10,0.0,205097.95
ADDS_ONLY,2020-06-09,200720.54,9,10,0.0,200680.36
ADDS_ONLY,2020-06-10,194405.02,9,10,-0.0,194405.02
ADDS_ONLY,2020-06-11,181527.15,8,9,0.0,162265.18
ADDS_ONLY,2020-06-12,183482.95,6,9,0.0,162044.66
ADDS_ONLY,2020-06-15,186063.79,6,10,0.0,182893.51
ADDS_ONLY,2020-06-16,187810.74,6,10,0.0,184640.47
ADDS_ONLY,2020-06-17,188882.01,6,10,0.0,185711.74
ADDS_ONLY,2020-06-18,189407.69,6,10,0.0,186237.42
ADDS_ONLY,2020-06-19,191723.34,6,10,0.0,188553.07
ADDS_ONLY,2020-06-22,193176.4,6,10,0.0,190006.13
ADDS_ONLY,2020-06-23,191497.9,6,10,0.0,188327.62
ADDS_ONLY,2020-06-24,189905.97,5,8,0.0,147188.6
ADDS_ONLY,2020-06-25,189476.0,4,6,0.0,107878.99
ADDS_ONLY,2020-06-26,186126.86,6,8,0.0,142384.11
ADDS_ONLY,2020-06-29,187288.0,8,10,0.0,181064.4
ADDS_ONLY,2020-06-30,190975.36,8,10,0.0,184751.75
ADDS_ONLY,2020-07-01,189925.01,8,10,0.0,182536.16
ADDS_ONLY,2020-07-02,190301.99,8,10,0.0,182913.14
ADDS_ONLY,2020-07-06,193095.38,8,10,0.0,185706.53
ADDS_ONLY,2020-07-07,189939.01,8,10,0.0,182550.17
ADDS_ONLY,2020-07-08,191311.23,8,10,0.0,183922.38
ADDS_ONLY,2020-07-09,192714.74,8,10,0.0,185325.89
ADDS_ONLY,2020-07-10,193955.33,8,10,0.0,186566.48
ADDS_ONLY,2020-07-13,191560.4,8,10,0.0,184171.55
ADDS_ONLY,2020-07-14,192630.92,7,9,0.0,165539.36
ADDS_ONLY,2020-07-15,196601.14,7,10,0.0,191435.21
ADDS_ONLY,2020-07-16,197331.32,7,10,0.0,192165.39
ADDS_ONLY,2020-07-17,197218.96,7,10,0.0,192053.03
ADDS_ONLY,2020-07-20,200038.44,7,10,0.0,194290.36
ADDS_ONLY,2020-07-21,199869.88,7,10,0.0,194121.8
ADDS_ONLY,2020-07-22,202790.17,7,10,0.0,197042.09
ADDS_ONLY,2020-07-23,201856.06,7,10,0.0,196107.98
ADDS_ONLY,2020-07-24,204386.71,7,10,0.0,198638.63
ADDS_ONLY,2020-07-27,207025.16,7,10,0.0,201277.08
ADDS_ONLY,2020-07-28,204019.2,7,10,0.0,198271.12
ADDS_ONLY,2020-07-29,211885.28,7,10,0.0,206137.2
ADDS_ONLY,2020-07-30,211328.09,7,10,0.0,205580.0
ADDS_ONLY,2020-07-31,208404.5,7,10,0.0,202656.42
ADDS_ONLY,2020-08-03,209795.51,7,10,0.0,204047.43
ADDS_ONLY,2020-08-04,215998.28,7,10,0.0,210250.2
ADDS_ONLY,2020-08-05,216157.95,7,10,0.0,210409.87
ADDS_ONLY,2020-08-06,215271.36,7,10,0.0,209523.27
ADDS_ONLY,2020-08-07,214842.11,7,10,0.0,209094.03
ADDS_ONLY,2020-08-10,213989.17,7,10,0.0,208241.09
ADDS_ONLY,2020-08-11,209899.56,7,10,0.0,204151.47
ADDS_ONLY,2020-08-12,215691.09,7,10,0.0,209943.01
ADDS_ONLY,2020-08-13,210216.43,7,10,0.0,204468.34
ADDS_ONLY,2020-08-14,209810.9,7,10,0.0,204062.82
ADDS_ONLY,2020-08-17,210785.3,7,10,0.0,205037.22
ADDS_ONLY,2020-08-18,210333.72,8,10,0.0,188909.22
ADDS_ONLY,2020-08-19,208348.42,8,10,0.0,186923.91
ADDS_ONLY,2020-08-20,208451.95,8,10,0.0,187027.45
ADDS_ONLY,2020-08-21,208268.17,8,10,0.0,186843.67
ADDS_ONLY,2020-08-24,211396.3,8,10,0.0,189971.8
ADDS_ONLY,2020-08-25,215259.92,8,10,0.0,193835.41
ADDS_ONLY,2020-08-26,216155.83,8,10,0.0,194731.32
ADDS_ONLY,2020-08-27,216365.44,8,10,0.0,194940.93
ADDS_ONLY,2020-08-28,218106.72,8,10,0.0,196682.22
ADDS_ONLY,2020-08-31,217582.1,8,10,0.0,196157.6
ADDS_ONLY,2020-09-01,217834.12,8,10,0.0,195923.33
ADDS_ONLY,2020-09-02,222951.43,8,10,0.0,201040.64
ADDS_ONLY,2020-09-03,217403.45,8,10,0.0,195492.66
ADDS_ONLY,2020-09-04,217154.93,8,10,0.0,194686.51
ADDS_ONLY,2020-09-08,213224.75,8,10,0.0,190756.32
ADDS_ONLY,2020-09-09,214390.85,8,10,0.0,191922.43
ADDS_ONLY,2020-09-10,211679.65,8,10,0.0,189211.22
ADDS_ONLY,2020-09-11,212832.88,8,10,0.0,190364.45
ADDS_ONLY,2020-09-14,219278.53,8,10,0.0,196810.1
ADDS_ONLY,2020-09-15,218206.65,8,10,0.0,195738.22
ADDS_ONLY,2020-09-16,219662.62,8,10,0.0,197194.2
ADDS_ONLY,2020-09-17,218381.0,8,10,0.0,195912.57
ADDS_ONLY,2020-09-18,217835.4,8,10,0.0,195366.97
ADDS_ONLY,2020-09-21,213347.71,8,10,0.0,190069.16
ADDS_ONLY,2020-09-22,216037.85,7,9,0.0,176694.26
ADDS_ONLY,2020-09-23,216903.19,7,9,0.0,177559.61
ADDS_ONLY,2020-09-24,213217.42,7,9,0.0,173873.83
ADDS_ONLY,2020-09-25,214095.12,7,8,0.0,149685.5
ADDS_ONLY,2020-09-28,218307.18,9,10,0.0,197142.69
ADDS_ONLY,2020-09-29,216878.36,9,10,0.0,195713.86
ADDS_ONLY,2020-09-30,219121.52,9,10,0.0,197957.03
ADDS_ONLY,2020-10-01,220977.9,9,10,0.0,199813.41
ADDS_ONLY,2020-10-02,218300.24,9,10,0.0,197135.74
ADDS_ONLY,2020-10-05,222428.14,8,10,0.0,201237.53
ADDS_ONLY,2020-10-06,217753.2,8,10,0.0,196562.58
ADDS_ONLY,2020-10-07,221814.64,8,10,0.0,200624.03
ADDS_ONLY,2020-10-08,224026.17,8,10,0.0,202835.56
ADDS_ONLY,2020-10-09,224465.42,8,10,0.0,203274.81
ADDS_ONLY,2020-10-12,226004.36,8,10,0.0,204813.74
ADDS_ONLY,2020-10-13,225735.85,8,10,0.0,204545.23
ADDS_ONLY,2020-10-14,225414.12,8,10,0.0,204223.51
ADDS_ONLY,2020-10-15,225680.22,8,10,0.0,204489.6
ADDS_ONLY,2020-10-16,224409.09,8,10,0.0,203218.48
ADDS_ONLY,2020-10-19,221650.74,8,10,0.0,198998.18
ADDS_ONLY,2020-10-20,222644.11,8,10,0.0,199991.54
ADDS_ONLY,2020-10-21,221154.53,8,10,0.0,198501.97
ADDS_ONLY,2020-10-22,225366.02,8,10,0.0,202713.46
ADDS_ONLY,2020-10-23,225888.51,8,10,0.0,203235.95
ADDS_ONLY,2020-10-26,220640.51,8,10,0.0,197987.95
ADDS_ONLY,2020-10-27,217653.16,8,10,0.0,195000.6
ADDS_ONLY,2020-10-28,212484.54,8,10,0.0,189831.98
ADDS_ONLY,2020-10-29,212489.63,8,10,0.0,189837.07
ADDS_ONLY,2020-10-30,212785.05,8,10,0.0,190132.49
ADDS_ONLY,2020-11-02,216664.46,8,10,0.0,194011.9
ADDS_ONLY,2020-11-03,218717.75,8,10,0.0,196065.19
ADDS_ONLY,2020-11-04,221304.93,8,10,0.0,198652.37
ADDS_ONLY,2020-11-05,223291.15,8,10,0.0,200638.59
ADDS_ONLY,2020-11-06,222192.32,8,10,0.0,199539.76
ADDS_ONLY,2020-11-09,229644.39,8,10,0.0,206991.83
ADDS_ONLY,2020-11-10,230454.36,8,10,0.0,207801.8
ADDS_ONLY,2020-11-11,229942.55,8,10,0.0,208552.74
ADDS_ONLY,2020-11-12,226290.16,8,10,0.0,204900.34
ADDS_ONLY,2020-11-13,230780.28,8,10,0.0,209390.47
ADDS_ONLY,2020-11-16,236184.59,8,10,0.0,214794.78
ADDS_ONLY,2020-11-17,236001.6,8,10,0.0,214611.79
ADDS_ONLY,2020-11-18,233878.84,8,10,0.0,212489.02
ADDS_ONLY,2020-11-19,234752.45,7,9,0.0,189109.21
ADDS_ONLY,2020-11-20,233617.86,8,10,0.0,211395.29
ADDS_ONLY,2020-11-23,238020.0,8,10,0.0,215797.44
ADDS_ONLY,2020-11-24,243052.75,8,10,0.0,220830.19
ADDS_ONLY,2020-11-25,235086.34,8,10,0.0,212863.78
ADDS_ONLY,2020-11-27,236638.44,8,10,0.0,214415.88
ADDS_ONLY,2020-11-30,235635.93,8,10,0.0,211922.85
ADDS_ONLY,2020-12-01,238828.59,8,10,0.0,215115.52
ADDS_ONLY,2020-12-02,237001.24,8,10,0.0,213488.61
ADDS_ONLY,2020-12-03,236748.26,8,10,0.0,213235.63
ADDS_ONLY,2020-12-04,238863.94,8,10,0.0,215351.31
ADDS_ONLY,2020-12-07,238849.78,8,10,0.0,215337.15
ADDS_ONLY,2020-12-08,238876.95,8,10,0.0,215364.32
ADDS_ONLY,2020-12-09,238531.13,6,8,0.0,172463.03
ADDS_ONLY,2020-12-10,238348.53,6,9,0.0,196066.05
ADDS_ONLY,2020-12-11,236927.56,6,9,0.0,194645.08
ADDS_ONLY,2020-12-14,236220.23,7,10,0.0,217687.54
ADDS_ONLY,2020-12-15,239121.34,7,10,0.0,220588.65
ADDS_ONLY,2020-12-16,240096.39,7,10,0.0,221563.7
ADDS_ONLY,2020-12-17,240888.32,7,10,0.0,222355.63
ADDS_ONLY,2020-12-18,240023.3,7,10,0.0,221490.61
ADDS_ONLY,2020-12-21,239661.15,7,10,0.0,221128.46
ADDS_ONLY,2020-12-22,238660.95,7,10,0.0,220128.26
ADDS_ONLY,2020-12-23,240608.98,7,10,0.0,222076.29
ADDS_ONLY,2020-12-24,240125.3,7,10,0.0,221592.61
ADDS_ONLY,2020-12-28,240326.23,7,10,0.0,221793.54
ADDS_ONLY,2020-12-29,239310.44,7,10,0.0,220777.75
ADDS_ONLY,2020-12-30,239935.38,7,10,0.0,221402.69
ADDS_ONLY,2020-12-31,240480.01,7,10,0.0,221947.32
ADDS_ONLY,2021-01-04,236951.47,7,10,0.0,218418.78
ADDS_ONLY,2021-01-05,238119.63,7,10,0.0,218510.15
ADDS_ONLY,2021-01-06,244227.9,7,10,0.0,224618.43
ADDS_ONLY,2021-01-07,246391.6,7,10,0.0,226782.12
ADDS_ONLY,2021-01-08,248271.88,7,10,0.0,228662.4
ADDS_ONLY,2021-01-11,250398.71,7,10,0.0,230789.23
ADDS_ONLY,2021-01-12,254780.78,7,10,0.0,235171.3
ADDS_ONLY,2021-01-13,249801.1,7,10,0.0,230191.63
ADDS_ONLY,2021-01-14,247937.25,7,10,-0.0,247937.25
ADDS_ONLY,2021-01-15,245590.58,7,10,-0.0,245590.58
ADDS_ONLY,2021-01-19,247342.3,7,10,-0.0,247342.3
ADDS_ONLY,2021-01-20,253976.89,7,10,-0.0,253976.89
ADDS_ONLY,2021-01-21,255761.22,7,10,-0.0,255761.22
ADDS_ONLY,2021-01-22,256373.14,7,10,-0.0,256373.14
ADDS_ONLY,2021-01-25,256261.69,7,10,-0.0,256261.69
ADDS_ONLY,2021-01-26,255459.24,7,10,-0.0,255459.24
ADDS_ONLY,2021-01-27,245808.52,7,10,-0.0,245808.52
ADDS_ONLY,2021-01-28,246718.43,7,10,-0.0,246718.43
ADDS_ONLY,2021-01-29,241537.88,7,10,0.0,240153.88
ADDS_ONLY,2021-02-01,242610.55,6,9,0.0,212300.97
ADDS_ONLY,2021-02-02,246867.25,7,10,0.0,241039.97
ADDS_ONLY,2021-02-03,248160.95,7,10,0.0,242333.67
ADDS_ONLY,2021-02-04,253266.21,7,10,0.0,247438.93
ADDS_ONLY,2021-02-05,256876.87,7,10,0.0,251049.58
ADDS_ONLY,2021-02-08,258292.21,7,10,0.0,252464.93
ADDS_ONLY,2021-02-09,258045.98,7,10,0.0,252218.7
ADDS_ONLY,2021-02-10,256571.13,6,9,0.0,225947.51
ADDS_ONLY,2021-02-11,257395.68,6,10,0.0,252492.07
ADDS_ONLY,2021-02-12,258997.03,6,10,0.0,254093.42
ADDS_ONLY,2021-02-16,260211.2,7,10,0.0,255735.81
ADDS_ONLY,2021-02-17,260353.46,7,10,0.0,255878.08
ADDS_ONLY,2021-02-18,257294.14,7,10,0.0,252818.75
ADDS_ONLY,2021-02-19,260484.01,7,10,0.0,256008.63
ADDS_ONLY,2021-02-22,263996.5,7,10,0.0,259521.12
ADDS_ONLY,2021-02-23,262966.88,7,10,0.0,258491.5
ADDS_ONLY,2021-02-24,268267.09,7,10,0.0,263791.71
ADDS_ONLY,2021-02-25,262221.84,7,10,0.0,257746.46
ADDS_ONLY,2021-02-26,260006.55,5,8,0.0,202648.18
ADDS_ONLY,2021-03-01,263621.35,5,8,0.0,206262.99
ADDS_ONLY,2021-03-02,262900.85,7,10,0.0,258247.88
ADDS_ONLY,2021-03-03,259045.5,7,10,0.0,254392.53
ADDS_ONLY,2021-03-04,255797.64,7,10,0.0,251144.67
ADDS_ONLY,2021-03-05,264279.41,7,10,0.0,260258.45
ADDS_ONLY,2021-03-08,265168.54,7,10,0.0,261147.59
ADDS_ONLY,2021-03-09,267308.88,7,10,0.0,263287.92
ADDS_ONLY,2021-03-10,273248.6,7,10,0.0,269227.64
ADDS_ONLY,2021-03-11,274417.68,7,10,0.0,270396.72
ADDS_ONLY,2021-03-12,277520.99,7,10,0.0,273500.03
ADDS_ONLY,2021-03-15,282564.92,7,10,0.0,278543.96
ADDS_ONLY,2021-03-16,278944.33,7,10,0.0,274923.37
ADDS_ONLY,2021-03-17,280275.88,7,10,0.0,252356.56
ADDS_ONLY,2021-03-18,273985.99,7,10,0.0,246066.67
ADDS_ONLY,2021-03-19,274808.74,7,10,0.0,246889.42
ADDS_ONLY,2021-03-22,278210.99,7,10,0.0,250291.67
ADDS_ONLY,2021-03-23,278007.15,7,10,0.0,250087.83
ADDS_ONLY,2021-03-24,275629.94,7,10,0.0,247710.62
ADDS_ONLY,2021-03-25,274689.77,7,10,0.0,246770.45
ADDS_ONLY,2021-03-26,278582.14,7,10,0.0,250662.82
ADDS_ONLY,2021-03-29,278833.37,7,10,0.0,250914.05
ADDS_ONLY,2021-03-30,277595.12,7,10,0.0,252491.9
ADDS_ONLY,2021-03-31,279766.92,8,10,0.0,264266.02
ADDS_ONLY,2021-04-01,285287.89,8,10,0.0,269786.98
ADDS_ONLY,2021-04-05,286921.47,8,10,0.0,271420.56
ADDS_ONLY,2021-04-06,287254.6,8,10,0.0,271753.7
ADDS_ONLY,2021-04-07,289735.52,9,10,0.0,285306.24
ADDS_ONLY,2021-04-08,291122.02,9,10,0.0,286692.73
ADDS_ONLY,2021-04-09,292664.54,9,10,0.0,288235.26
ADDS_ONLY,2021-04-12,292096.82,9,10,0.0,287667.53
ADDS_ONLY,2021-04-13,292045.4,9,9,0.0,260753.04
ADDS_ONLY,2021-04-14,292453.11,10,10,0.0,290334.64
ADDS_ONLY,2021-04-15,294576.96,9,10,0.0,291480.06
ADDS_ONLY,2021-04-16,296563.25,9,10,0.0,293466.35
ADDS_ONLY,2021-04-19,295991.19,9,10,0.0,292894.29
ADDS_ONLY,2021-04-20,292063.22,9,10,0.0,288966.32
ADDS_ONLY,2021-04-21,295745.25,8,10,0.0,291454.43
ADDS_ONLY,2021-04-22,295705.12,8,10,0.0,291414.3
ADDS_ONLY,2021-04-23,299466.28,7,9,0.0,264505.56
ADDS_ONLY,2021-04-26,300047.85,8,10,0.0,295107.72
ADDS_ONLY,2021-04-27,301356.51,9,10,0.0,298690.32
ADDS_ONLY,2021-04-28,303781.95,9,10,0.0,301115.76
ADDS_ONLY,2021-04-29,304200.99,9,10,0.0,301534.8
ADDS_ONLY,2021-04-30,301963.09,9,10,0.0,299296.89
ADDS_ONLY,2021-05-03,304344.9,8,10,0.0,299842.5
ADDS_ONLY,2021-05-04,301342.21,8,10,0.0,296839.81
ADDS_ONLY,2021-05-05,304090.83,7,9,0.0,269684.86
ADDS_ONLY,2021-05-06,306022.51,8,10,0.0,302030.64
ADDS_ONLY,2021-05-07,309844.57,8,10,0.0,305852.7
ADDS_ONLY,2021-05-10,306734.81,8,10,0.0,303000.69
ADDS_ONLY,2021-05-11,305505.28,8,10,0.0,301166.41
ADDS_ONLY,2021-05-12,299462.74,6,8,0.0,232602.32
ADDS_ONLY,2021-05-13,302720.99,6,8,0.0,235860.56
ADDS_ONLY,2021-05-14,308972.68,6,8,0.0,241187.72
ADDS_ONLY,2021-05-17,312362.32,7,10,0.0,306230.8
ADDS_ONLY,2021-05-18,311638.07,7,10,0.0,305506.54
ADDS_ONLY,2021-05-19,309986.54,7,10,0.0,303574.77
ADDS_ONLY,2021-05-20,312196.76,7,10,0.0,305785.0
ADDS_ONLY,2021-05-21,312432.83,7,10,0.0,306021.06
ADDS_ONLY,2021-05-24,315594.91,7,10,0.0,309183.14
ADDS_ONLY,2021-05-25,316762.44,7,10,0.0,310350.67
ADDS_ONLY,2021-05-26,319423.12,8,10,0.0,313553.81
ADDS_ONLY,2021-05-27,320187.6,8,10,0.0,314318.29
ADDS_ONLY,2021-05-28,321587.4,8,10,0.0,315718.09
ADDS_ONLY,2021-06-01,323990.09,8,10,0.0,318120.78
ADDS_ONLY,2021-06-02,329464.75,8,10,0.0,323595.44
ADDS_ONLY,2021-06-03,329342.53,8,10,0.0,323473.22
ADDS_ONLY,2021-06-04,333498.4,6,8,0.0,259393.97
ADDS_ONLY,2021-06-07,332573.47,8,10,0.0,325201.34
ADDS_ONLY,2021-06-08,332063.23,8,10,0.0,328501.95
ADDS_ONLY,2021-06-09,332158.01,8,10,0.0,328596.73
ADDS_ONLY,2021-06-10,334575.9,8,10,0.0,331014.62
ADDS_ONLY,2021-06-11,334958.09,8,10,0.0,330750.67
ADDS_ONLY,2021-06-14,333171.25,7,9,0.0,294574.09
ADDS_ONLY,2021-06-15,331291.93,7,8,0.0,259168.98
ADDS_ONLY,2021-06-16,328456.64,9,10,0.0,322725.56
ADDS_ONLY,2021-06-17,332035.44,9,10,0.0,326304.37
ADDS_ONLY,2021-06-18,328171.48,9,10,0.0,322440.41
ADDS_ONLY,2021-06-21,329731.57,9,10,0.0,324000.5
ADDS_ONLY,2021-06-22,332170.5,9,10,0.0,326439.43
ADDS_ONLY,2021-06-23,332587.33,9,10,0.0,326856.26
ADDS_ONLY,2021-06-24,335918.2,9,10,0.0,329782.14
ADDS_ONLY,2021-06-25,337249.1,9,10,0.0,331113.04
ADDS_ONLY,2021-06-28,338339.95,9,10,0.0,332203.9
ADDS_ONLY,2021-06-29,339484.61,9,10,0.0,333348.55
ADDS_ONLY,2021-06-30,343754.56,9,10,0.0,337618.51
ADDS_ONLY,2021-07-01,341441.72,9,10,0.0,335305.66
ADDS_ONLY,2021-07-02,341980.49,9,10,0.0,332661.03
ADDS_ONLY,2021-07-06,338365.2,9,10,0.0,329045.74
ADDS_ONLY,2021-07-07,333895.64,9,10,0.0,324576.18
ADDS_ONLY,2021-07-08,329815.13,8,9,0.0,282239.89
ADDS_ONLY,2021-07-09,334451.87,9,10,0.0,320047.71
ADDS_ONLY,2021-07-12,335361.85,9,10,0.0,320957.69
ADDS_ONLY,2021-07-13,332478.75,9,10,0.0,318074.59
ADDS_ONLY,2021-07-14,331698.54,9,10,0.0,317294.38
ADDS_ONLY,2021-07-15,331327.87,9,10,0.0,316923.71
ADDS_ONLY,2021-07-16,328302.52,9,10,0.0,313898.36
ADDS_ONLY,2021-07-19,324352.29,9,10,0.0,309948.12
ADDS_ONLY,2021-07-20,329023.97,9,10,0.0,314619.81
ADDS_ONLY,2021-07-21,332203.77,9,10,0.0,317799.6
ADDS_ONLY,2021-07-22,330438.04,9,10,0.0,316033.88
ADDS_ONLY,2021-07-23,331335.21,9,10,0.0,316931.05
ADDS_ONLY,2021-07-26,332185.66,9,10,0.0,317781.5
ADDS_ONLY,2021-07-27,330523.11,9,10,0.0,316118.95
ADDS_ONLY,2021-07-28,332583.19,9,10,0.0,318179.03
ADDS_ONLY,2021-07-29,333573.77,9,10,0.0,319169.61
ADDS_ONLY,2021-07-30,331450.54,9,10,0.0,317046.38
ADDS_ONLY,2021-08-02,331114.41,9,10,0.0,316710.24
ADDS_ONLY,2021-08-03,334998.6,9,10,0.0,320594.44
ADDS_ONLY,2021-08-04,333924.04,9,10,0.0,319519.88
ADDS_ONLY,2021-08-05,337492.71,9,10,0.0,323088.55
ADDS_ONLY,2021-08-06,337957.89,9,10,0.0,324793.45
ADDS_ONLY,2021-08-09,337416.9,9,10,0.0,324252.46
ADDS_ONLY,2021-08-10,339263.64,9,10,0.0,326099.2
ADDS_ONLY,2021-08-11,340930.81,9,10,0.0,327766.37
ADDS_ONLY,2021-08-12,340693.92,9,10,0.0,327529.48
ADDS_ONLY,2021-08-13,341285.32,8,10,0.0,327152.05
ADDS_ONLY,2021-08-16,341577.84,8,10,0.0,327444.58
ADDS_ONLY,2021-08-17,341536.06,8,10,0.0,327402.8
ADDS_ONLY,2021-08-18,339061.64,7,9,0.0,291210.46
ADDS_ONLY,2021-08-19,339503.35,6,8,0.0,259336.62
ADDS_ONLY,2021-08-20,341355.29,8,9,0.0,292342.38
ADDS_ONLY,2021-08-23,344355.53,9,10,0.0,329556.18
ADDS_ONLY,2021-08-24,345014.79,9,10,0.0,330215.43
ADDS_ONLY,2021-08-25,345856.19,9,10,0.0,331056.83
ADDS_ONLY,2021-08-26,344813.62,9,10,0.0,330014.26
ADDS_ONLY,2021-08-27,347943.52,9,10,0.0,333144.17
ADDS_ONLY,2021-08-30,349115.84,9,10,0.0,334316.48
ADDS_ONLY,2021-08-31,349489.3,9,10,0.0,334689.94
ADDS_ONLY,2021-09-01,349204.52,9,10,0.0,334446.77
ADDS_ONLY,2021-09-02,350131.2,9,10,0.0,338266.44
ADDS_ONLY,2021-09-03,351896.06,9,10,0.0,340031.3
ADDS_ONLY,2021-09-07,349582.42,9,10,0.0,337717.66
ADDS_ONLY,2021-09-08,347491.71,9,10,0.0,337137.56
ADDS_ONLY,2021-09-09,347072.73,9,10,0.0,333773.24
ADDS_ONLY,2021-09-10,344690.15,9,10,0.0,331390.65
ADDS_ONLY,2021-09-13,344228.05,9,10,0.0,330928.56
ADDS_ONLY,2021-09-14,342488.83,8,10,0.0,325914.03
ADDS_ONLY,2021-09-15,343781.15,8,10,0.0,327206.36
ADDS_ONLY,2021-09-16,345123.68,8,10,0.0,328548.89
ADDS_ONLY,2021-09-17,343581.11,8,10,0.0,327006.32
ADDS_ONLY,2021-09-20,341183.82,8,10,0.0,324609.03
ADDS_ONLY,2021-09-21,341821.05,8,10,0.0,325246.26
ADDS_ONLY,2021-09-22,346086.67,8,10,0.0,329511.87
ADDS_ONLY,2021-09-23,351103.23,8,10,0.0,334528.44
ADDS_ONLY,2021-09-24,352084.62,8,10,0.0,335509.82
ADDS_ONLY,2021-09-27,351521.9,8,10,0.0,334947.11
ADDS_ONLY,2021-09-28,345867.47,8,10,0.0,329292.68
ADDS_ONLY,2021-09-29,344553.85,7,8,0.0,255442.4
ADDS_ONLY,2021-09-30,338894.6,9,10,0.0,318610.35
ADDS_ONLY,2021-10-01,345155.96,9,10,0.0,324871.71
ADDS_ONLY,2021-10-04,343382.61,9,10,0.0,323098.36
ADDS_ONLY,2021-10-05,343777.07,9,10,0.0,323492.82
ADDS_ONLY,2021-10-06,343700.13,9,10,0.0,323415.88
ADDS_ONLY,2021-10-07,345245.74,9,10,0.0,324961.49
ADDS_ONLY,2021-10-08,341016.53,9,10,0.0,320732.28
ADDS_ONLY,2021-10-11,336240.86,9,10,0.0,315956.61
ADDS_ONLY,2021-10-12,334375.86,9,10,0.0,314091.61
ADDS_ONLY,2021-10-13,333983.08,9,10,0.0,313698.83
ADDS_ONLY,2021-10-14,337733.58,9,10,0.0,317449.33
ADDS_ONLY,2021-10-15,336992.04,9,10,0.0,315016.25
ADDS_ONLY,2021-10-18,339095.55,9,10,0.0,317119.76
ADDS_ONLY,2021-10-19,340982.7,9,10,0.0,319006.91
ADDS_ONLY,2021-10-20,342590.58,9,10,0.0,320614.79
ADDS_ONLY,2021-10-21,341801.94,9,10,0.0,319826.15
ADDS_ONLY,2021-10-22,338720.47,9,10,0.0,316744.68
ADDS_ONLY,2021-10-25,338868.67,9,10,0.0,316892.87
ADDS_ONLY,2021-10-26,341791.02,9,10,0.0,319815.23
ADDS_ONLY,2021-10-27,334542.2,9,10,0.0,312566.41
ADDS_ONLY,2021-10-28,338344.21,9,10,0.0,316368.42
ADDS_ONLY,2021-10-29,336264.67,9,10,0.0,314288.87
ADDS_ONLY,2021-11-01,341354.21,9,10,0.0,319378.41
ADDS_ONLY,2021-11-02,341365.41,9,10,0.0,319389.62
ADDS_ONLY,2021-11-03,345406.28,9,10,0.0,323430.48
ADDS_ONLY,2021-11-04,348623.24,9,10,0.0,326647.45
ADDS_ONLY,2021-11-05,352192.79,9,10,0.0,330216.99
ADDS_ONLY,2021-11-08,352376.78,9,10,0.0,330400.98
ADDS_ONLY,2021-11-09,352098.83,8,9,0.0,298207.49
ADDS_ONLY,2021-11-10,349127.42,8,10,0.0,330201.92
ADDS_ONLY,2021-11-11,349080.16,8,10,0.0,336938.93
ADDS_ONLY,2021-11-12,348798.99,8,10,0.0,336657.76
ADDS_ONLY,2021-11-15,348487.13,8,10,0.0,336345.9
ADDS_ONLY,2021-11-16,347448.35,8,10,0.0,335307.11
ADDS_ONLY,2021-11-17,343942.8,8,10,0.0,331801.57
ADDS_ONLY,2021-11-18,343580.86,8,10,0.0,331439.63
ADDS_ONLY,2021-11-19,343751.87,8,10,0.0,331610.64
ADDS_ONLY,2021-11-22,343168.45,8,10,0.0,331027.22
ADDS_ONLY,2021-11-23,341600.34,8,10,0.0,329459.11
ADDS_ONLY,2021-11-24,343074.39,8,10,0.0,330933.15
ADDS_ONLY,2021-11-26,338076.81,8,10,0.0,325935.58
ADDS_ONLY,2021-11-29,338599.01,7,9,0.0,276232.35
ADDS_ONLY,2021-11-30,330713.01,8,10,0.0,301986.67
ADDS_ONLY,2021-12-01,327328.25,8,10,0.0,298601.91
ADDS_ONLY,2021-12-02,332648.67,8,10,0.0,303922.34
ADDS_ONLY,2021-12-03,333821.18,8,10,0.0,305094.85
ADDS_ONLY,2021-12-06,339180.86,8,10,0.0,310454.52
ADDS_ONLY,2021-12-07,342225.05,8,10,0.0,313498.71
ADDS_ONLY,2021-12-08,340674.97,8,10,0.0,311948.64
ADDS_ONLY,2021-12-09,340112.75,7,10,0.0,308967.33
ADDS_ONLY,2021-12-10,339289.01,7,10,0.0,308143.59
ADDS_ONLY,2021-12-13,338960.82,7,10,0.0,307815.4
ADDS_ONLY,2021-12-14,338782.14,7,10,0.0,307636.71
ADDS_ONLY,2021-12-15,334640.91,7,10,0.0,303495.48
ADDS_ONLY,2021-12-16,341513.74,7,10,0.0,310368.31
ADDS_ONLY,2021-12-17,339581.11,7,10,0.0,308435.69
ADDS_ONLY,2021-12-20,339731.16,7,10,0.0,309289.53
ADDS_ONLY,2021-12-21,343054.74,7,10,0.0,312613.11
ADDS_ONLY,2021-12-22,344194.26,7,10,0.0,313752.63
ADDS_ONLY,2021-12-23,345666.0,7,10,0.0,315224.37
ADDS_ONLY,2021-12-27,347184.34,7,10,0.0,316742.71
ADDS_ONLY,2021-12-28,346721.87,7,10,0.0,316280.24
ADDS_ONLY,2021-12-29,344565.16,7,10,0.0,314123.53
ADDS_ONLY,2021-12-30,346194.18,7,9,0.0,287354.0
ADDS_ONLY,2021-12-31,342563.69,8,10,0.0,318308.35
ADDS_ONLY,2022-01-03,348712.26,8,10,0.0,324456.92
ADDS_ONLY,2022-01-04,351369.43,8,10,0.0,331760.29
ADDS_ONLY,2022-01-05,350555.89,8,10,0.0,330946.75
ADDS_ONLY,2022-01-06,351309.31,8,10,0.0,331700.17
ADDS_ONLY,2022-01-07,357387.21,8,10,0.0,337778.07
ADDS_ONLY,2022-01-10,356504.84,8,10,0.0,336895.7
ADDS_ONLY,2022-01-11,358401.46,8,10,0.0,338792.32
ADDS_ONLY,2022-01-12,359161.54,8,10,0.0,339430.24
ADDS_ONLY,2022-01-13,358402.86,8,10,0.0,338671.57
ADDS_ONLY,2022-01-14,366486.87,8,10,0.0,346755.58
ADDS_ONLY,2022-01-18,362867.0,8,10,0.0,343135.71
ADDS_ONLY,2022-01-19,362039.36,7,8,0.0,278905.69
ADDS_ONLY,2022-01-20,358512.31,7,8,0.0,275378.65
ADDS_ONLY,2022-01-21,352150.28,7,8,0.0,269016.61
ADDS_ONLY,2022-01-24,352802.66,4,4,0.0,125656.1
ADDS_ONLY,2022-01-25,352549.65,4,4,0.0,125403.1
ADDS_ONLY,2022-01-26,349295.2,5,5,0.0,157560.99
ADDS_ONLY,2022-01-27,346429.7,5,6,0.0,189790.43
ADDS_ONLY,2022-01-28,354562.59,9,10,0.0,332520.37
ADDS_ONLY,2022-01-31,358353.87,9,10,0.0,336311.65
ADDS_ONLY,2022-02-01,359912.23,9,10,0.0,337870.01
ADDS_ONLY,2022-02-02,361258.41,8,10,0.0,338511.96
ADDS_ONLY,2022-02-03,360094.44,8,10,0.0,337348.0
ADDS_ONLY,2022-02-04,362522.91,8,10,0.0,339776.47
ADDS_ONLY,2022-02-07,363629.32,8,10,0.0,340882.88
ADDS_ONLY,2022-02-08,363947.62,8,10,0.0,341201.17
ADDS_ONLY,2022-02-09,369889.44,8,10,0.0,347142.99
ADDS_ONLY,2022-02-10,366674.28,8,10,0.0,343927.84
ADDS_ONLY,2022-02-11,365457.05,8,10,0.0,342710.61
ADDS_ONLY,2022-02-14,360455.95,8,10,0.0,337856.54
ADDS_ONLY,2022-02-15,363673.81,8,10,0.0,341074.4
ADDS_ONLY,2022-02-16,349710.44,8,10,0.0,327111.02
ADDS_ONLY,2022-02-17,348513.82,8,9,0.0,296233.45
ADDS_ONLY,2022-02-18,347086.89,9,10,0.0,329578.99
ADDS_ONLY,2022-02-22,344532.93,8,10,0.0,325825.96
ADDS_ONLY,2022-02-23,343610.93,8,10,0.0,324903.96
ADDS_ONLY,2022-02-24,340436.75,8,10,0.0,321729.78
ADDS_ONLY,2022-02-25,349176.43,8,10,0.0,330469.46
ADDS_ONLY,2022-02-28,348817.37,8,10,0.0,330110.4
ADDS_ONLY,2022-03-01,346896.84,8,10,0.0,328189.87
ADDS_ONLY,2022-03-02,353231.95,8,10,0.0,334524.98
ADDS_ONLY,2022-03-03,355229.51,8,10,0.0,336522.54
ADDS_ONLY,2022-03-04,358341.43,8,10,0.0,339634.46
ADDS_ONLY,2022-03-07,356648.72,8,10,0.0,337941.75
ADDS_ONLY,2022-03-08,348736.86,8,10,0.0,330029.89
ADDS_ONLY,2022-03-09,351619.49,5,7,0.0,219297.73
ADDS_ONLY,2022-03-10,351586.61,7,9,0.0,289116.19
ADDS_ONLY,2022-03-11,346695.76,8,10,0.0,319551.39
ADDS_ONLY,2022-03-14,341377.39,7,10,0.0,311618.02
ADDS_ONLY,2022-03-15,347062.05,7,9,0.0,278266.8
ADDS_ONLY,2022-03-16,356337.72,7,10,0.0,322782.49
ADDS_ONLY,2022-03-17,358591.42,7,10,0.0,325036.19
ADDS_ONLY,2022-03-18,362012.35,7,10,0.0,328457.12
ADDS_ONLY,2022-03-21,358356.41,7,10,0.0,324801.18
ADDS_ONLY,2022-03-22,362432.43,8,10,0.0,331777.59
ADDS_ONLY,2022-03-23,361723.69,8,10,0.0,331068.85
ADDS_ONLY,2022-03-24,363051.44,7,9,0.0,296795.28
ADDS_ONLY,2022-03-25,367462.98,8,10,0.0,337542.77
ADDS_ONLY,2022-03-28,366963.12,8,10,0.0,337042.91
ADDS_ONLY,2022-03-29,371370.77,6,8,0.0,267085.13
ADDS_ONLY,2022-03-30,367727.27,8,10,0.0,337374.11
ADDS_ONLY,2022-03-31,363397.75,8,10,0.0,333450.7
ADDS_ONLY,2022-04-01,365090.42,5,5,0.0,184574.43
ADDS_ONLY,2022-04-04,365504.68,5,5,0.0,184988.69
ADDS_ONLY,2022-04-05,362408.67,4,4,0.0,144608.33
ADDS_ONLY,2022-04-06,362416.11,4,4,0.0,144615.78
ADDS_ONLY,2022-04-07,362210.95,4,4,0.0,144410.61
ADDS_ONLY,2022-04-08,367751.51,6,6,0.0,222423.53
ADDS_ONLY,2022-04-11,360376.81,10,10,-0.0,360376.81
ADDS_ONLY,2022-04-12,364041.98,9,10,0.0,362318.6
ADDS_ONLY,2022-04-13,368188.05,8,10,0.0,365411.42
ADDS_ONLY,2022-04-14,366409.16,8,10,0.0,363632.53
ADDS_ONLY,2022-04-18,369055.78,8,10,0.0,366279.15
ADDS_ONLY,2022-04-19,369570.46,8,10,0.0,366793.83
ADDS_ONLY,2022-04-20,370201.81,8,10,0.0,367425.18
ADDS_ONLY,2022-04-21,357889.81,8,10,0.0,355113.18
ADDS_ONLY,2022-04-22,348221.21,8,10,0.0,345444.58
ADDS_ONLY,2022-04-25,340254.49,7,9,0.0,301781.87
ADDS_ONLY,2022-04-26,339974.33,8,10,0.0,335644.09
ADDS_ONLY,2022-04-27,341533.28,8,10,0.0,337203.04
ADDS_ONLY,2022-04-28,344927.08,8,10,0.0,340596.84
ADDS_ONLY,2022-04-29,334081.21,8,10,0.0,329750.97
ADDS_ONLY,2022-05-02,338238.32,8,10,0.0,333908.08
ADDS_ONLY,2022-05-03,345835.09,8,10,0.0,341504.85
ADDS_ONLY,2022-05-04,359241.33,8,10,0.0,354911.09
ADDS_ONLY,2022-05-05,353139.97,8,10,0.0,348809.73
ADDS_ONLY,2022-05-06,357768.45,8,10,0.0,353438.21
ADDS_ONLY,2022-05-09,336015.58,8,10,0.0,331685.34
ADDS_ONLY,2022-05-10,338479.82,8,10,0.0,330112.98
ADDS_ONLY,2022-05-11,340018.46,8,10,0.0,331651.62
ADDS_ONLY,2022-05-12,337937.13,8,10,0.0,329570.28
ADDS_ONLY,2022-05-13,349558.78,8,10,0.0,341191.94
ADDS_ONLY,2022-05-16,354346.27,8,10,0.0,345979.42
ADDS_ONLY,2022-05-17,360630.27,8,10,0.0,352263.42
ADDS_ONLY,2022-05-18,346884.45,8,10,0.0,338517.61
ADDS_ONLY,2022-05-19,343092.97,6,9,0.0,295005.87
ADDS_ONLY,2022-05-20,338597.48,7,10,0.0,324884.64
ADDS_ONLY,2022-05-23,346468.82,7,10,0.0,332755.98
ADDS_ONLY,2022-05-24,346936.99,7,10,0.0,333224.15
ADDS_ONLY,2022-05-25,349967.55,7,10,0.0,336254.71
ADDS_ONLY,2022-05-26,356615.91,7,10,0.0,342903.07
ADDS_ONLY,2022-05-27,361305.19,7,10,0.0,347592.35
ADDS_ONLY,2022-05-31,357345.7,7,10,0.0,343632.85
ADDS_ONLY,2022-06-01,356491.43,8,10,0.0,342257.11
ADDS_ONLY,2022-06-02,356880.95,6,9,0.0,307805.7
ADDS_ONLY,2022-06-03,351383.75,7,10,0.0,337705.27
ADDS_ONLY,2022-06-06,354254.7,5,8,0.0,267418.56
ADDS_ONLY,2022-06-07,355830.04,5,8,0.0,268993.91
ADDS_ONLY,2022-06-08,351721.32,7,10,0.0,335886.61
ADDS_ONLY,2022-06-09,347240.98,7,10,0.0,331406.27
ADDS_ONLY,2022-06-10,341701.2,7,10,0.0,325866.49
ADDS_ONLY,2022-06-13,330183.45,7,10,0.0,314348.74
ADDS_ONLY,2022-06-14,330904.7,7,10,0.0,315069.99
ADDS_ONLY,2022-06-15,335924.78,7,10,0.0,320090.07
ADDS_ONLY,2022-06-16,324688.31,7,10,0.0,308853.6
ADDS_ONLY,2022-06-17,325771.14,7,10,0.0,309936.43
ADDS_ONLY,2022-06-21,335525.48,7,10,0.0,319690.77
ADDS_ONLY,2022-06-22,334378.34,7,10,0.0,318543.63
ADDS_ONLY,2022-06-23,335792.17,7,10,0.0,319957.46
ADDS_ONLY,2022-06-24,344577.58,7,10,0.0,328742.87
ADDS_ONLY,2022-06-27,345108.55,7,10,0.0,329273.84
ADDS_ONLY,2022-06-28,338677.98,7,10,0.0,322843.27
ADDS_ONLY,2022-06-29,336363.7,7,10,0.0,320528.99
ADDS_ONLY,2022-06-30,333269.57,7,10,0.0,317434.86
ADDS_ONLY,2022-07-01,334703.23,7,10,0.0,316550.03
ADDS_ONLY,2022-07-05,334538.09,7,10,0.0,316384.89
ADDS_ONLY,2022-07-06,333675.9,7,10,0.0,315522.7
ADDS_ONLY,2022-07-07,339199.73,7,10,0.0,321046.53
ADDS_ONLY,2022-07-08,339983.82,7,10,0.0,321830.63
ADDS_ONLY,2022-07-11,334957.1,7,10,0.0,316803.9
ADDS_ONLY,2022-07-12,333457.84,7,10,0.0,315304.64
ADDS_ONLY,2022-07-13,331967.67,7,10,0.0,313814.47
ADDS_ONLY,2022-07-14,331458.14,7,10,0.0,313304.94
ADDS_ONLY,2022-07-15,338339.23,7,10,0.0,320186.03
ADDS_ONLY,2022-07-18,337448.61,7,10,0.0,319295.41
ADDS_ONLY,2022-07-19,347043.52,7,10,0.0,328890.32
ADDS_ONLY,2022-07-20,348514.45,7,10,0.0,330361.25
ADDS_ONLY,2022-07-21,353956.03,8,10,0.0,341252.08
ADDS_ONLY,2022-07-22,349503.34,8,10,0.0,336799.39
ADDS_ONLY,2022-07-25,349707.88,7,10,0.0,346972.22
ADDS_ONLY,2022-07-26,344221.05,7,10,0.0,341485.39
ADDS_ONLY,2022-07-27,359256.85,7,10,-0.0,359256.85
ADDS_ONLY,2022-07-28,362780.96,7,10,-0.0,362780.96
ADDS_ONLY,2022-07-29,369817.09,7,10,-0.0,369817.09
ADDS_ONLY,2022-08-01,365736.62,7,10,-0.0,365736.62
ADDS_ONLY,2022-08-02,361517.26,8,10,-0.0,361517.26
ADDS_ONLY,2022-08-03,369950.22,7,10,-0.0,369950.22
ADDS_ONLY,2022-08-04,371845.66,7,10,-0.0,371845.66
ADDS_ONLY,2022-08-05,370442.08,7,10,-0.0,370442.08
ADDS_ONLY,2022-08-08,372856.84,7,10,-0.0,372856.84
ADDS_ONLY,2022-08-09,370567.21,7,10,-0.0,370567.21
ADDS_ONLY,2022-08-10,377983.98,7,10,-0.0,377983.98
ADDS_ONLY,2022-08-11,374957.08,7,10,-0.0,374957.08
ADDS_ONLY,2022-08-12,380720.21,7,10,-0.0,380720.21
ADDS_ONLY,2022-08-15,382257.64,7,10,-0.0,382257.64
ADDS_ONLY,2022-08-16,384490.57,7,10,-0.0,384490.57
ADDS_ONLY,2022-08-17,379149.81,7,10,-0.0,379149.81
ADDS_ONLY,2022-08-18,377790.43,7,10,-0.0,377790.43
ADDS_ONLY,2022-08-19,370547.03,8,10,0.0,367855.89
ADDS_ONLY,2022-08-22,364706.98,7,9,0.0,320039.1
ADDS_ONLY,2022-08-23,369218.75,7,9,0.0,324550.87
ADDS_ONLY,2022-08-24,372529.65,7,9,0.0,327861.77
ADDS_ONLY,2022-08-25,377791.52,7,9,0.0,333123.64
ADDS_ONLY,2022-08-26,366804.46,8,10,0.0,359911.78
ADDS_ONLY,2022-08-29,365271.7,7,9,0.0,318941.52
ADDS_ONLY,2022-08-30,361087.01,7,9,0.0,314756.83
ADDS_ONLY,2022-08-31,357627.14,7,9,0.0,311296.95
ADDS_ONLY,2022-09-01,358540.87,6,8,0.0,272285.0
ADDS_ONLY,2022-09-02,355685.58,7,9,0.0,305563.73
ADDS_ONLY,2022-09-06,356606.02,7,9,0.0,306484.17
ADDS_ONLY,2022-09-07,366996.47,7,10,0.0,352629.85
ADDS_ONLY,2022-09-08,369905.63,7,10,0.0,355539.0
ADDS_ONLY,2022-09-09,374960.07,7,10,0.0,360593.44
ADDS_ONLY,2022-09-12,379852.43,7,10,0.0,365485.81
ADDS_ONLY,2022-09-13,364159.18,7,10,0.0,349792.56
ADDS_ONLY,2022-09-14,365876.49,6,8,0.0,279626.99
ADDS_ONLY,2022-09-15,367485.46,8,10,0.0,354168.84
ADDS_ONLY,2022-09-16,360960.14,8,10,0.0,347643.53
ADDS_ONLY,2022-09-19,363041.73,8,10,0.0,349725.12
ADDS_ONLY,2022-09-20,357427.89,8,10,0.0,344111.28
ADDS_ONLY,2022-09-21,348966.09,8,10,0.0,335649.48
ADDS_ONLY,2022-09-22,343416.51,8,10,0.0,330099.9
ADDS_ONLY,2022-09-23,335362.82,8,10,0.0,322046.21
ADDS_ONLY,2022-09-26,329137.64,8,10,0.0,315821.02
ADDS_ONLY,2022-09-27,334739.24,8,10,0.0,321422.63
ADDS_ONLY,2022-09-28,344025.51,8,10,0.0,330708.9
ADDS_ONLY,2022-09-29,337727.81,8,10,0.0,324411.2
ADDS_ONLY,2022-09-30,333403.81,8,10,0.0,320087.19
ADDS_ONLY,2022-10-03,338392.16,8,10,0.0,325075.55
ADDS_ONLY,2022-10-04,354222.22,8,10,0.0,340905.61
ADDS_ONLY,2022-10-05,355239.89,8,10,0.0,341923.28
ADDS_ONLY,2022-10-06,356209.47,8,10,0.0,342892.86
ADDS_ONLY,2022-10-07,351335.93,8,10,0.0,338019.32
ADDS_ONLY,2022-10-10,346254.54,8,10,0.0,332937.93
ADDS_ONLY,2022-10-11,347298.71,8,10,0.0,333982.1
ADDS_ONLY,2022-10-12,349126.31,8,10,0.0,335809.7
ADDS_ONLY,2022-10-13,356441.44,8,10,0.0,343124.83
ADDS_ONLY,2022-10-14,350299.67,8,10,0.0,336983.06
ADDS_ONLY,2022-10-17,353972.77,8,10,0.0,333675.24
ADDS_ONLY,2022-10-18,358239.55,8,10,0.0,337942.02
ADDS_ONLY,2022-10-19,360685.03,8,10,0.0,340387.5
ADDS_ONLY,2022-10-20,358374.49,8,10,0.0,338076.96
ADDS_ONLY,2022-10-21,364779.94,9,10,0.0,347991.29
ADDS_ONLY,2022-10-24,367285.99,9,10,0.0,350497.33
ADDS_ONLY,2022-10-25,372541.1,9,10,0.0,355752.44
ADDS_ONLY,2022-10-26,371638.72,9,10,0.0,354850.06
ADDS_ONLY,2022-10-27,367905.45,9,10,0.0,351116.8
ADDS_ONLY,2022-10-28,370546.74,8,9,0.0,324018.49
ADDS_ONLY,2022-10-31,367985.74,8,10,0.0,358443.95
ADDS_ONLY,2022-11-01,367085.39,8,10,0.0,357543.6
ADDS_ONLY,2022-11-02,356283.37,8,10,0.0,346741.58
ADDS_ONLY,2022-11-03,350587.45,6,8,0.0,264141.23
ADDS_ONLY,2022-11-04,353766.96,6,9,0.0,302556.39
ADDS_ONLY,2022-11-07,357761.16,7,10,0.0,342094.39
ADDS_ONLY,2022-11-08,362855.31,7,10,0.0,347188.54
ADDS_ONLY,2022-11-09,352187.27,7,10,0.0,336520.5
ADDS_ONLY,2022-11-10,371992.32,5,8,0.0,278762.59
ADDS_ONLY,2022-11-11,381609.64,6,10,0.0,363051.92
ADDS_ONLY,2022-11-14,377287.92,6,10,0.0,358730.21
ADDS_ONLY,2022-11-15,382248.66,6,10,0.0,363690.94
ADDS_ONLY,2022-11-16,370309.96,6,10,0.0,351752.24
ADDS_ONLY,2022-11-17,364707.59,4,7,0.0,237717.23
ADDS_ONLY,2022-11-18,363343.01,4,7,0.0,236352.65
ADDS_ONLY,2022-11-21,359289.17,5,8,0.0,268523.29
ADDS_ONLY,2022-11-22,362557.84,6,9,0.0,307798.08
ADDS_ONLY,2022-11-23,364459.59,7,10,0.0,345952.94
ADDS_ONLY,2022-11-25,360144.01,7,10,0.0,341637.35
ADDS_ONLY,2022-11-28,360319.01,7,10,0.0,341812.35
ADDS_ONLY,2022-11-29,358199.77,7,10,0.0,339693.11
ADDS_ONLY,2022-11-30,363530.24,7,10,0.0,345023.58
ADDS_ONLY,2022-12-01,363488.54,7,10,0.0,344981.88
ADDS_ONLY,2022-12-02,359198.69,7,10,0.0,340692.03
ADDS_ONLY,2022-12-05,352424.04,7,10,0.0,333917.39
ADDS_ONLY,2022-12-06,349283.15,5,8,0.0,257321.21
ADDS_ONLY,2022-12-07,349525.96,6,9,0.0,292505.68
ADDS_ONLY,2022-12-08,348497.45,6,9,0.0,291477.17
ADDS_ONLY,2022-12-09,347559.87,6,9,0.0,290539.59
ADDS_ONLY,2022-12-12,354572.68,6,9,0.0,297552.4
ADDS_ONLY,2022-12-13,351232.84,7,10,0.0,330401.78
ADDS_ONLY,2022-12-14,351542.38,7,10,0.0,330711.32
ADDS_ONLY,2022-12-15,342205.34,7,10,0.0,321374.28
ADDS_ONLY,2022-12-16,339440.08,6,10,0.0,314088.43
ADDS_ONLY,2022-12-19,332235.97,6,10,0.0,306884.32
ADDS_ONLY,2022-12-20,331659.44,6,10,0.0,306307.79
ADDS_ONLY,2022-12-21,335260.69,6,10,0.0,309909.04
ADDS_ONLY,2022-12-22,329072.59,6,10,0.0,303720.94
ADDS_ONLY,2022-12-23,332983.62,6,10,0.0,307631.97
ADDS_ONLY,2022-12-27,330708.84,6,10,0.0,305357.2
ADDS_ONLY,2022-12-28,322868.15,6,10,0.0,297516.51
ADDS_ONLY,2022-12-29,330922.72,6,10,0.0,305571.07
ADDS_ONLY,2022-12-30,331278.94,6,10,0.0,305927.29
ADDS_ONLY,2023-01-03,332302.11,6,10,0.0,306950.47
ADDS_ONLY,2023-01-04,341453.95,6,10,0.0,316102.3
ADDS_ONLY,2023-01-05,339503.07,6,10,0.0,314151.42
ADDS_ONLY,2023-01-06,346395.67,6,10,0.0,321044.02
ADDS_ONLY,2023-01-09,351713.12,6,10,0.0,326361.47
ADDS_ONLY,2023-01-10,357835.72,6,10,0.0,332484.08
ADDS_ONLY,2023-01-11,360697.76,6,10,0.0,335346.11
ADDS_ONLY,2023-01-12,369831.39,6,10,0.0,344479.74
ADDS_ONLY,2023-01-13,371513.03,6,10,0.0,346161.38
ADDS_ONLY,2023-01-17,369823.66,6,10,0.0,344472.01
ADDS_ONLY,2023-01-18,361243.11,6,10,0.0,335891.46
ADDS_ONLY,2023-01-19,358831.49,5,8,0.0,267931.38
ADDS_ONLY,2023-01-20,362972.67,7,10,0.0,343983.0
ADDS_ONLY,2023-01-23,367710.65,7,10,0.0,348720.98
ADDS_ONLY,2023-01-24,363614.51,7,10,0.0,344624.83
ADDS_ONLY,2023-01-25,364919.03,6,9,0.0,306781.85
ADDS_ONLY,2023-01-26,369098.79,7,10,0.0,347655.49
ADDS_ONLY,2023-01-27,370793.02,7,10,0.0,349349.71
ADDS_ONLY,2023-01-30,363459.53,7,10,0.0,342016.22
ADDS_ONLY,2023-01-31,368353.31,7,10,0.0,346910.0
ADDS_ONLY,2023-02-01,367455.66,7,10,0.0,346012.36
ADDS_ONLY,2023-02-02,373131.89,7,10,0.0,351688.58
ADDS_ONLY,2023-02-03,368059.77,7,10,0.0,346616.47
ADDS_ONLY,2023-02-06,360090.76,7,10,0.0,338647.45
ADDS_ONLY,2023-02-07,366755.26,7,10,0.0,345311.95
ADDS_ONLY,2023-02-08,356813.38,7,10,0.0,324302.56
ADDS_ONLY,2023-02-09,357169.39,7,10,0.0,324658.57
ADDS_ONLY,2023-02-10,363161.31,7,10,0.0,330650.49
ADDS_ONLY,2023-02-13,362208.5,7,10,0.0,329697.68
ADDS_ONLY,2023-02-14,360284.76,7,10,0.0,327773.94
ADDS_ONLY,2023-02-15,360304.1,7,10,0.0,327793.28
ADDS_ONLY,2023-02-16,358379.82,7,10,0.0,325869.0
ADDS_ONLY,2023-02-17,353831.42,7,10,0.0,321320.6
ADDS_ONLY,2023-02-21,351280.11,7,10,0.0,318769.29
ADDS_ONLY,2023-02-22,354381.07,6,8,0.0,251313.59
ADDS_ONLY,2023-02-23,357085.45,8,10,0.0,325736.01
ADDS_ONLY,2023-02-24,358931.27,8,10,0.0,327581.82
ADDS_ONLY,2023-02-27,357668.09,8,10,0.0,326318.64
ADDS_ONLY,2023-02-28,354315.37,8,10,0.0,322965.92
ADDS_ONLY,2023-03-01,354417.96,8,10,0.0,323068.51
ADDS_ONLY,2023-03-02,356821.31,8,10,0.0,325471.86
ADDS_ONLY,2023-03-03,363323.27,8,10,0.0,331973.82
ADDS_ONLY,2023-03-06,360069.61,8,10,0.0,328720.16
ADDS_ONLY,2023-03-07,354539.36,8,10,0.0,323189.91
ADDS_ONLY,2023-03-08,354911.63,7,10,0.0,321549.75
ADDS_ONLY,2023-03-09,348269.7,7,10,0.0,314907.83
ADDS_ONLY,2023-03-10,340620.48,7,10,0.0,307258.6
ADDS_ONLY,2023-03-13,336655.95,7,10,0.0,303294.07
ADDS_ONLY,2023-03-14,340399.94,7,10,0.0,307038.06
ADDS_ONLY,2023-03-15,332050.06,7,10,0.0,298688.18
ADDS_ONLY,2023-03-16,339143.0,7,10,0.0,305781.12
ADDS_ONLY,2023-03-17,334852.15,7,10,0.0,301490.28
ADDS_ONLY,2023-03-20,339233.0,7,10,0.0,305871.13
ADDS_ONLY,2023-03-21,348672.92,7,10,0.0,315311.04
ADDS_ONLY,2023-03-22,339715.13,7,10,0.0,304406.52
ADDS_ONLY,2023-03-23,338433.37,7,10,0.0,303124.76
ADDS_ONLY,2023-03-24,339753.25,7,10,0.0,304444.64
ADDS_ONLY,2023-03-27,341692.61,7,10,0.0,306384.0
ADDS_ONLY,2023-03-28,342564.33,7,10,0.0,307255.72
ADDS_ONLY,2023-03-29,347219.9,7,10,0.0,311911.3
ADDS_ONLY,2023-03-30,347854.89,7,10,0.0,312546.28
ADDS_ONLY,2023-03-31,354892.68,7,10,0.0,319584.07
ADDS_ONLY,2023-04-03,356826.49,7,10,0.0,321517.88
ADDS_ONLY,2023-04-04,355594.98,7,10,0.0,320286.37
ADDS_ONLY,2023-04-05,351260.2,5,7,0.0,217317.92
ADDS_ONLY,2023-04-06,351420.31,6,8,0.0,252392.81
ADDS_ONLY,2023-04-10,354720.56,6,8,0.0,255693.06
ADDS_ONLY,2023-04-11,353442.61,6,8,0.0,254415.11
ADDS_ONLY,2023-04-12,348140.9,6,8,0.0,249113.4
ADDS_ONLY,2023-04-13,351597.76,5,7,0.0,217037.83
ADDS_ONLY,2023-04-14,350877.96,8,10,0.0,321695.46
ADDS_ONLY,2023-04-17,354742.28,8,10,0.0,325559.78
ADDS_ONLY,2023-04-18,353905.44,8,10,0.0,324722.94
ADDS_ONLY,2023-04-19,352677.33,8,10,0.0,323494.83
ADDS_ONLY,2023-04-20,346201.41,8,10,0.0,317018.91
ADDS_ONLY,2023-04-21,344290.73,8,10,0.0,312952.02
ADDS_ONLY,2023-04-24,342652.45,8,10,0.0,311313.74
ADDS_ONLY,2023-04-25,333382.84,8,10,0.0,302044.13
ADDS_ONLY,2023-04-26,331058.96,8,10,0.0,299720.25
ADDS_ONLY,2023-04-27,344275.25,8,10,0.0,312936.54
ADDS_ONLY,2023-04-28,351511.93,8,10,0.0,320173.22
ADDS_ONLY,2023-05-01,347110.35,8,10,0.0,315771.64
ADDS_ONLY,2023-05-02,336679.57,8,10,0.0,305340.86
ADDS_ONLY,2023-05-03,332521.95,8,10,0.0,301183.24
ADDS_ONLY,2023-05-04,328393.57,8,10,0.0,297054.86
ADDS_ONLY,2023-05-05,341310.33,8,10,0.0,309971.62
ADDS_ONLY,2023-05-08,342414.77,8,10,0.0,311076.06
ADDS_ONLY,2023-05-09,332618.62,8,10,0.0,301279.91
ADDS_ONLY,2023-05-10,329569.33,8,10,0.0,298230.62
ADDS_ONLY,2023-05-11,327955.41,8,10,0.0,296616.7
ADDS_ONLY,2023-05-12,327952.64,8,10,0.0,296613.93
ADDS_ONLY,2023-05-15,336532.74,8,10,0.0,305194.03
ADDS_ONLY,2023-05-16,333141.97,8,10,0.0,301803.26
ADDS_ONLY,2023-05-17,339964.68,8,10,0.0,308625.97
ADDS_ONLY,2023-05-18,345713.84,8,10,0.0,314375.13
ADDS_ONLY,2023-05-19,342916.46,8,10,0.0,311577.75
ADDS_ONLY,2023-05-22,346889.48,8,10,0.0,321868.84
ADDS_ONLY,2023-05-23,343357.46,8,10,0.0,318336.83
ADDS_ONLY,2023-05-24,337754.96,7,10,0.0,307858.16
ADDS_ONLY,2023-05-25,330406.89,7,10,0.0,300510.09
ADDS_ONLY,2023-05-26,337770.15,7,10,0.0,307873.35
ADDS_ONLY,2023-05-30,344096.07,7,10,0.0,314199.27
ADDS_ONLY,2023-05-31,342498.74,7,10,0.0,312601.95
ADDS_ONLY,2023-06-01,345631.53,7,10,0.0,315734.74
ADDS_ONLY,2023-06-02,354361.58,7,10,0.0,324464.78
ADDS_ONLY,2023-06-05,350940.95,7,10,0.0,321044.15
ADDS_ONLY,2023-06-06,359691.7,7,10,0.0,329794.9
ADDS_ONLY,2023-06-07,367331.44,7,10,0.0,337434.64
ADDS_ONLY,2023-06-08,372550.18,7,10,0.0,342653.38
ADDS_ONLY,2023-06-09,372406.48,6,8,0.0,274057.95
ADDS_ONLY,2023-06-12,378193.65,6,8,0.0,279845.12
ADDS_ONLY,2023-06-13,382953.66,8,10,0.0,360803.25
ADDS_ONLY,2023-06-14,385356.58,8,10,0.0,363206.16
ADDS_ONLY,2023-06-15,388169.25,8,10,0.0,366018.83
ADDS_ONLY,2023-06-16,390382.26,8,10,0.0,376879.58
ADDS_ONLY,2023-06-20,388604.19,8,10,0.0,375101.51
ADDS_ONLY,2023-06-21,380108.79,8,10,0.0,366606.11
ADDS_ONLY,2023-06-22,379293.66,6,6,0.0,232701.09
ADDS_ONLY,2023-06-23,376397.24,7,7,0.0,267600.03
ADDS_ONLY,2023-06-26,376046.43,6,6,0.0,223567.52
ADDS_ONLY,2023-06-27,377475.73,6,6,0.0,224996.82
ADDS_ONLY,2023-06-28,379540.0,9,10,0.0,377842.61
ADDS_ONLY,2023-06-29,382327.51,9,10,0.0,380630.12
ADDS_ONLY,2023-06-30,384023.88,9,10,0.0,382326.49
ADDS_ONLY,2023-07-03,386376.53,9,10,0.0,384679.14
ADDS_ONLY,2023-07-05,386025.69,9,10,0.0,384328.29
ADDS_ONLY,2023-07-06,383185.6,9,10,0.0,381488.21
ADDS_ONLY,2023-07-07,381115.77,8,10,0.0,378660.09
ADDS_ONLY,2023-07-10,380207.45,8,10,0.0,377751.77
ADDS_ONLY,2023-07-11,385174.44,8,10,0.0,382718.76
ADDS_ONLY,2023-07-12,387430.01,8,10,0.0,384974.33
ADDS_ONLY,2023-07-13,389949.97,8,10,0.0,387494.29
ADDS_ONLY,2023-07-14,386169.57,8,10,0.0,383713.89
ADDS_ONLY,2023-07-17,384813.14,8,10,0.0,382352.69
ADDS_ONLY,2023-07-18,390407.68,8,10,0.0,386152.38
ADDS_ONLY,2023-07-19,394173.66,8,10,0.0,387936.37
ADDS_ONLY,2023-07-20,393987.51,8,10,0.0,387750.22
ADDS_ONLY,2023-07-21,394284.12,8,10,0.0,388046.83
ADDS_ONLY,2023-07-24,394731.46,8,10,0.0,388494.17
ADDS_ONLY,2023-07-25,393306.75,8,10,0.0,387069.46
ADDS_ONLY,2023-07-26,393637.26,7,9,0.0,348500.92
ADDS_ONLY,2023-07-27,388351.08,7,9,0.0,343214.74
ADDS_ONLY,2023-07-28,390634.31,7,10,0.0,379077.3
ADDS_ONLY,2023-07-31,392350.04,7,10,0.0,380793.03
ADDS_ONLY,2023-08-01,390020.48,7,10,0.0,376909.0
ADDS_ONLY,2023-08-02,383460.37,7,10,0.0,370348.9
ADDS_ONLY,2023-08-03,381570.24,7,10,0.0,368458.76
ADDS_ONLY,2023-08-04,379607.65,7,10,0.0,366496.18
ADDS_ONLY,2023-08-07,383255.23,7,10,0.0,370143.75
ADDS_ONLY,2023-08-08,381165.74,7,10,0.0,368054.26
ADDS_ONLY,2023-08-09,376836.18,7,10,0.0,363724.71
ADDS_ONLY,2023-08-10,375922.39,7,10,0.0,362810.92
ADDS_ONLY,2023-08-11,374743.64,7,10,0.0,361632.17
ADDS_ONLY,2023-08-14,376784.98,7,10,0.0,363673.5
ADDS_ONLY,2023-08-15,375101.34,7,10,0.0,361989.86
ADDS_ONLY,2023-08-16,370615.92,7,10,0.0,357504.45
ADDS_ONLY,2023-08-17,367330.5,7,10,0.0,354219.02
ADDS_ONLY,2023-08-18,368860.92,7,10,0.0,355749.45
ADDS_ONLY,2023-08-21,370265.0,7,10,0.0,357153.52
ADDS_ONLY,2023-08-22,369345.61,7,10,0.0,356234.13
ADDS_ONLY,2023-08-23,373288.2,7,10,0.0,360176.73
ADDS_ONLY,2023-08-24,366269.24,7,10,0.0,353157.76
ADDS_ONLY,2023-08-25,369361.72,7,10,0.0,356250.24
ADDS_ONLY,2023-08-28,371061.7,7,10,0.0,357950.23
ADDS_ONLY,2023-08-29,379032.76,7,10,0.0,365921.28
ADDS_ONLY,2023-08-30,379851.3,7,10,0.0,366739.83
ADDS_ONLY,2023-08-31,378492.69,7,10,0.0,365381.21
ADDS_ONLY,2023-09-01,379520.02,7,10,0.0,366408.54
ADDS_ONLY,2023-09-05,380374.73,7,10,0.0,367263.26
ADDS_ONLY,2023-09-06,380015.97,7,10,0.0,366904.49
ADDS_ONLY,2023-09-07,379325.45,7,10,0.0,366213.98
ADDS_ONLY,2023-09-08,378985.86,7,10,0.0,365874.38
ADDS_ONLY,2023-09-11,380654.25,7,10,0.0,367542.77
ADDS_ONLY,2023-09-12,370320.77,7,10,0.0,357209.29
ADDS_ONLY,2023-09-13,372858.68,7,10,0.0,359747.2
ADDS_ONLY,2023-09-14,376264.79,7,9,0.0,329249.79
ADDS_ONLY,2023-09-15,373415.17,8,10,0.0,363922.8
ADDS_ONLY,2023-09-18,371630.35,8,10,0.0,362137.98
ADDS_ONLY,2023-09-19,369552.09,8,10,0.0,358798.59
ADDS_ONLY,2023-09-20,367632.11,8,10,0.0,356878.61
ADDS_ONLY,2023-09-21,360940.93,8,10,0.0,350187.43
ADDS_ONLY,2023-09-22,358562.42,8,10,0.0,347808.92
ADDS_ONLY,2023-09-25,358151.85,8,10,0.0,347398.35
ADDS_ONLY,2023-09-26,352073.27,8,10,0.0,341319.77
ADDS_ONLY,2023-09-27,353586.31,8,10,0.0,342832.81
ADDS_ONLY,2023-09-28,358752.87,8,10,0.0,347999.36
ADDS_ONLY,2023-09-29,356491.85,8,10,0.0,345738.35
ADDS_ONLY,2023-10-02,355688.27,8,10,0.0,344934.77
ADDS_ONLY,2023-10-03,348105.32,8,10,0.0,337351.82
ADDS_ONLY,2023-10-04,351859.16,8,10,0.0,341105.66
ADDS_ONLY,2023-10-05,353724.91,8,10,0.0,342971.41
ADDS_ONLY,2023-10-06,357780.23,8,10,0.0,347026.73
ADDS_ONLY,2023-10-09,360490.83,8,10,0.0,349737.33
ADDS_ONLY,2023-10-10,362501.51,8,10,0.0,351748.01
ADDS_ONLY,2023-10-11,361481.16,8,10,0.0,350727.66
ADDS_ONLY,2023-10-12,360408.47,8,10,0.0,349654.97
ADDS_ONLY,2023-10-13,358336.61,8,10,0.0,347583.11
ADDS_ONLY,2023-10-16,361140.63,8,10,0.0,350387.13
ADDS_ONLY,2023-10-17,362284.62,8,10,0.0,351531.12
ADDS_ONLY,2023-10-18,356843.15,8,10,0.0,346089.65
ADDS_ONLY,2023-10-19,354157.19,8,10,0.0,343403.69
ADDS_ONLY,2023-10-20,348369.94,8,9,0.0,299146.24
ADDS_ONLY,2023-10-23,348058.04,8,10,0.0,333605.31
ADDS_ONLY,2023-10-24,351359.2,8,10,0.0,336906.47
ADDS_ONLY,2023-10-25,344891.91,8,10,0.0,330439.18
ADDS_ONLY,2023-10-26,340347.76,8,10,0.0,325047.04
ADDS_ONLY,2023-10-27,342566.28,8,10,0.0,327265.56
ADDS_ONLY,2023-10-30,346088.25,8,10,0.0,330787.53
ADDS_ONLY,2023-10-31,350952.33,8,10,0.0,335651.62
ADDS_ONLY,2023-11-01,357426.17,8,10,0.0,342125.45
ADDS_ONLY,2023-11-02,364190.32,8,10,0.0,348889.6
ADDS_ONLY,2023-11-03,370336.33,8,10,0.0,355035.62
ADDS_ONLY,2023-11-06,370396.82,8,10,0.0,355096.1
ADDS_ONLY,2023-11-07,370496.81,7,10,0.0,357342.8
ADDS_ONLY,2023-11-08,373172.47,7,10,0.0,360018.46
ADDS_ONLY,2023-11-09,373247.08,7,10,0.0,360093.07
ADDS_ONLY,2023-11-10,377986.59,7,10,0.0,364832.58
ADDS_ONLY,2023-11-13,379406.19,7,10,0.0,366252.18
ADDS_ONLY,2023-11-14,385959.28,7,10,0.0,372805.28
ADDS_ONLY,2023-11-15,387140.79,7,10,0.0,373986.79
ADDS_ONLY,2023-11-16,389592.41,7,10,0.0,376438.4
ADDS_ONLY,2023-11-17,389647.42,7,10,0.0,376493.41
ADDS_ONLY,2023-11-20,393005.45,7,10,0.0,379851.44
ADDS_ONLY,2023-11-21,390274.46,7,10,0.0,377120.45
ADDS_ONLY,2023-11-22,392790.42,7,10,0.0,379636.41
ADDS_ONLY,2023-11-24,393295.81,7,10,0.0,380141.8
ADDS_ONLY,2023-11-27,391721.72,6,9,0.0,347882.33
ADDS_ONLY,2023-11-28,389150.19,3,4,0.0,144699.8
ADDS_ONLY,2023-11-29,388023.91,3,4,0.0,141779.8
ADDS_ONLY,2023-11-30,389648.37,4,5,0.0,182233.62
ADDS_ONLY,2023-12-01,391149.81,7,8,0.0,300750.6
ADDS_ONLY,2023-12-04,393755.1,8,9,0.0,342442.53
ADDS_ONLY,2023-12-05,390534.77,8,9,0.0,340739.36
ADDS_ONLY,2023-12-06,394996.9,8,10,0.0,384380.6
ADDS_ONLY,2023-12-07,400327.76,8,10,0.0,389711.46
ADDS_ONLY,2023-12-08,404278.96,8,10,0.0,399189.66
ADDS_ONLY,2023-12-11,406216.45,8,10,0.0,401127.15
ADDS_ONLY,2023-12-12,405719.1,8,10,0.0,400629.8
ADDS_ONLY,2023-12-13,416248.8,8,10,0.0,411159.5
ADDS_ONLY,2023-12-14,419064.16,8,10,0.0,413974.86
ADDS_ONLY,2023-12-15,418936.45,8,10,0.0,413847.15
ADDS_ONLY,2023-12-18,419042.07,8,10,0.0,413952.77
ADDS_ONLY,2023-12-19,425259.96,8,10,0.0,422153.02
ADDS_ONLY,2023-12-20,419800.0,8,10,-0.0,419800.0
ADDS_ONLY,2023-12-21,426628.07,6,8,0.0,351617.02
ADDS_ONLY,2023-12-22,428450.63,8,10,-0.0,428450.63
ADDS_ONLY,2023-12-26,431186.77,8,10,-0.0,431186.77
ADDS_ONLY,2023-12-27,431386.94,8,10,-0.0,431386.94
ADDS_ONLY,2023-12-28,431695.66,7,9,0.0,388607.15
ADDS_ONLY,2023-12-29,429697.09,7,9,0.0,387074.71
ADDS_ONLY,2024-01-02,438628.2,8,10,-0.0,438628.2
ADDS_ONLY,2024-01-03,434132.37,8,10,-0.0,434132.37
ADDS_ONLY,2024-01-04,425277.17,7,8,0.0,333384.14
ADDS_ONLY,2024-01-05,427280.66,7,7,0.0,294933.52
ADDS_ONLY,2024-01-08,426899.6,7,7,0.0,294552.46
ADDS_ONLY,2024-01-09,424757.3,10,10,0.0,416095.66
ADDS_ONLY,2024-01-10,424830.82,9,10,0.0,412977.07
ADDS_ONLY,2024-01-11,425416.6,9,10,0.0,413562.84
ADDS_ONLY,2024-01-12,417161.54,9,10,0.0,405307.78
ADDS_ONLY,2024-01-16,409844.08,9,10,0.0,397990.32
ADDS_ONLY,2024-01-17,407368.66,9,10,0.0,395514.9
ADDS_ONLY,2024-01-18,411908.39,9,10,0.0,400054.63
ADDS_ONLY,2024-01-19,414890.14,9,10,0.0,403036.38
ADDS_ONLY,2024-01-22,412513.73,9,10,0.0,400659.98
ADDS_ONLY,2024-01-23,418276.99,8,10,0.0,402662.53
ADDS_ONLY,2024-01-24,416718.89,8,10,0.0,401104.43
ADDS_ONLY,2024-01-25,431424.97,7,10,0.0,413743.76
ADDS_ONLY,2024-01-26,430757.48,7,10,0.0,413076.26
ADDS_ONLY,2024-01-29,429407.75,7,10,0.0,411726.54
ADDS_ONLY,2024-01-30,425025.76,7,10,0.0,407344.55
ADDS_ONLY,2024-01-31,418473.47,7,10,0.0,398907.53
ADDS_ONLY,2024-02-01,422282.38,7,10,0.0,402716.44
ADDS_ONLY,2024-02-02,419417.23,7,10,0.0,399851.3
ADDS_ONLY,2024-02-05,411727.81,7,10,0.0,392161.88
ADDS_ONLY,2024-02-06,416824.91,7,10,0.0,397258.98
ADDS_ONLY,2024-02-07,419665.67,7,10,0.0,400099.74
ADDS_ONLY,2024-02-08,421513.34,7,10,0.0,401947.41
ADDS_ONLY,2024-02-09,420316.02,7,10,0.0,400750.08
ADDS_ONLY,2024-02-12,424724.81,7,10,0.0,405158.88
ADDS_ONLY,2024-02-13,419178.07,7,10,0.0,399612.13
ADDS_ONLY,2024-02-14,421781.78,7,10,0.0,402215.85
ADDS_ONLY,2024-02-15,426539.58,7,10,0.0,404768.53
ADDS_ONLY,2024-02-16,423251.11,7,10,0.0,401480.05
ADDS_ONLY,2024-02-20,421898.28,7,10,0.0,400127.22
ADDS_ONLY,2024-02-21,426728.71,7,10,0.0,404957.65
ADDS_ONLY,2024-02-22,433968.92,7,10,0.0,412197.86
ADDS_ONLY,2024-02-23,432386.94,7,10,0.0,410615.88
ADDS_ONLY,2024-02-26,429819.59,7,10,0.0,408048.53
ADDS_ONLY,2024-02-27,431679.41,7,9,0.0,368210.81
ADDS_ONLY,2024-02-28,430536.44,8,10,0.0,410009.83
ADDS_ONLY,2024-02-29,436514.95,7,10,0.0,417420.94
ADDS_ONLY,2024-03-01,443754.02,7,10,0.0,424660.01
ADDS_ONLY,2024-03-04,442391.87,7,10,0.0,423297.85
ADDS_ONLY,2024-03-05,441537.46,7,10,0.0,422443.44
ADDS_ONLY,2024-03-06,448268.7,7,10,0.0,429089.92
ADDS_ONLY,2024-03-07,448897.63,7,10,0.0,429718.86
ADDS_ONLY,2024-03-08,452061.41,7,10,0.0,432882.64
ADDS_ONLY,2024-03-11,451432.15,7,10,0.0,432253.37
ADDS_ONLY,2024-03-12,448418.38,7,10,0.0,427055.23
ADDS_ONLY,2024-03-13,454267.85,7,10,0.0,431801.14
ADDS_ONLY,2024-03-14,448250.24,7,10,0.0,425783.54
ADDS_ONLY,2024-03-15,446870.84,7,10,0.0,424404.14
ADDS_ONLY,2024-03-18,448192.45,7,9,0.0,385767.78
ADDS_ONLY,2024-03-19,449173.94,7,10,0.0,431475.06
ADDS_ONLY,2024-03-20,464859.63,7,10,0.0,447160.74
ADDS_ONLY,2024-03-21,464921.07,7,10,0.0,447222.18
ADDS_ONLY,2024-03-22,464257.38,7,10,0.0,449395.03
ADDS_ONLY,2024-03-25,466085.55,6,8,0.0,355368.54
ADDS_ONLY,2024-03-26,465129.37,8,10,0.0,448164.41
ADDS_ONLY,2024-03-27,470773.89,8,10,0.0,453808.93
ADDS_ONLY,2024-03-28,468604.42,8,10,0.0,451639.45
ADDS_ONLY,2024-04-01,468205.42,8,10,0.0,451240.45
ADDS_ONLY,2024-04-02,461455.32,8,10,0.0,443332.63
ADDS_ONLY,2024-04-03,462566.72,8,10,0.0,444444.03
ADDS_ONLY,2024-04-04,454770.99,8,10,0.0,436648.3
ADDS_ONLY,2024-04-05,457666.45,5,7,0.0,313657.0
ADDS_ONLY,2024-04-08,460260.62,7,9,0.0,408074.54
ADDS_ONLY,2024-04-09,458388.5,7,9,0.0,406202.42
ADDS_ONLY,2024-04-10,452229.9,8,10,0.0,445310.63
ADDS_ONLY,2024-04-11,455672.67,8,10,0.0,443802.93
ADDS_ONLY,2024-04-12,443778.08,8,10,0.0,431908.34
ADDS_ONLY,2024-04-15,438178.95,8,10,0.0,426309.21
ADDS_ONLY,2024-04-16,437048.03,8,10,0.0,425178.29
ADDS_ONLY,2024-04-17,435924.98,8,10,0.0,424055.24
ADDS_ONLY,2024-04-18,435622.9,8,10,0.0,423753.16
ADDS_ONLY,2024-04-19,432442.41,8,10,0.0,420572.67
ADDS_ONLY,2024-04-22,433998.1,8,10,0.0,422128.36
ADDS_ONLY,2024-04-23,439134.95,8,10,0.0,427265.21
ADDS_ONLY,2024-04-24,443216.04,8,10,0.0,431346.3
ADDS_ONLY,2024-04-25,444640.92,8,10,0.0,432771.18
ADDS_ONLY,2024-04-26,446752.89,8,10,0.0,434883.15
ADDS_ONLY,2024-04-29,446900.96,8,10,0.0,435031.22
ADDS_ONLY,2024-04-30,438998.47,8,10,0.0,427128.73
ADDS_ONLY,2024-05-01,427806.21,8,10,0.0,415936.47
ADDS_ONLY,2024-05-02,429481.49,8,10,0.0,417611.75
ADDS_ONLY,2024-05-03,433461.19,8,10,0.0,421591.45
ADDS_ONLY,2024-05-06,437153.08,8,10,0.0,425283.34
ADDS_ONLY,2024-05-07,433967.53,8,10,0.0,422097.79
ADDS_ONLY,2024-05-08,440248.95,8,10,0.0,428379.21
ADDS_ONLY,2024-05-09,442883.33,8,10,0.0,431013.59
ADDS_ONLY,2024-05-10,446854.09,8,10,0.0,434984.35
ADDS_ONLY,2024-05-13,448330.29,8,10,0.0,436460.55
ADDS_ONLY,2024-05-14,450374.8,8,10,0.0,438505.06
ADDS_ONLY,2024-05-15,458200.15,8,10,0.0,446330.42
ADDS_ONLY,2024-05-16,456842.47,8,10,0.0,444972.73
ADDS_ONLY,2024-05-17,457084.11,9,10,0.0,448704.58
ADDS_ONLY,2024-05-20,463289.12,9,10,0.0,455493.92
ADDS_ONLY,2024-05-21,462248.64,9,10,0.0,454453.44
ADDS_ONLY,2024-05-22,458166.85,9,10,0.0,448541.22
ADDS_ONLY,2024-05-23,444257.82,9,10,0.0,434632.2
ADDS_ONLY,2024-05-24,449809.49,8,9,0.0,393173.41
ADDS_ONLY,2024-05-28,453358.97,8,9,0.0,396722.89
ADDS_ONLY,2024-05-29,447294.05,8,9,0.0,390657.96
ADDS_ONLY,2024-05-30,449585.64,8,9,0.0,392949.56
ADDS_ONLY,2024-05-31,455914.09,9,10,0.0,444303.24
ADDS_ONLY,2024-06-03,461521.46,9,10,0.0,449910.62
ADDS_ONLY,2024-06-04,469577.89,9,10,0.0,457967.04
ADDS_ONLY,2024-06-05,471821.8,9,10,0.0,460210.95
ADDS_ONLY,2024-06-06,468718.4,8,10,0.0,457867.68
ADDS_ONLY,2024-06-07,464899.31,8,10,0.0,456812.39
ADDS_ONLY,2024-06-10,467653.03,7,9,0.0,415936.69
ADDS_ONLY,2024-06-11,465509.97,7,10,0.0,460442.44
ADDS_ONLY,2024-06-12,466235.77,7,10,0.0,461168.24
ADDS_ONLY,2024-06-13,462083.09,7,10,0.0,454120.83
ADDS_ONLY,2024-06-14,457148.39,7,10,0.0,449186.13
ADDS_ONLY,2024-06-17,460178.96,7,10,0.0,452216.7
ADDS_ONLY,2024-06-18,458366.93,7,10,0.0,450404.67
ADDS_ONLY,2024-06-20,460742.71,7,10,0.0,452780.46
ADDS_ONLY,2024-06-21,466205.27,7,10,0.0,458243.02
ADDS_ONLY,2024-06-24,463433.24,7,10,0.0,455470.98
ADDS_ONLY,2024-06-25,463908.53,7,10,0.0,455450.33
ADDS_ONLY,2024-06-26,463845.38,7,10,0.0,455387.18
ADDS_ONLY,2024-06-27,465696.37,7,10,0.0,457238.17
ADDS_ONLY,2024-06-28,466859.48,7,10,0.0,458401.29
ADDS_ONLY,2024-07-01,465941.16,7,10,0.0,457482.97
ADDS_ONLY,2024-07-02,472872.29,7,10,0.0,464414.09
ADDS_ONLY,2024-07-03,477230.84,7,10,0.0,468772.64
ADDS_ONLY,2024-07-05,479539.04,7,10,0.0,471080.84
ADDS_ONLY,2024-07-08,485848.03,6,9,0.0,427877.47
ADDS_ONLY,2024-07-09,488107.87,6,9,0.0,430137.3
ADDS_ONLY,2024-07-10,491862.46,7,10,0.0,482730.52
ADDS_ONLY,2024-07-11,485665.21,7,10,0.0,476533.26
ADDS_ONLY,2024-07-12,492366.78,8,10,0.0,480422.84
ADDS_ONLY,2024-07-15,493064.14,8,10,0.0,481120.2
ADDS_ONLY,2024-07-16,502596.34,8,10,0.0,490652.41
ADDS_ONLY,2024-07-17,504958.27,8,10,0.0,493014.33
ADDS_ONLY,2024-07-18,498136.17,8,10,0.0,486192.23
ADDS_ONLY,2024-07-19,493954.53,5,5,0.0,251288.86
ADDS_ONLY,2024-07-22,494009.47,4,4,0.0,196504.74
ADDS_ONLY,2024-07-23,491255.98,7,7,0.0,342071.06
ADDS_ONLY,2024-07-24,487521.3,7,8,0.0,387425.46
ADDS_ONLY,2024-07-25,482346.5,6,7,0.0,330485.87
ADDS_ONLY,2024-07-26,499228.77,8,9,0.0,445293.87
ADDS_ONLY,2024-07-29,499571.92,9,10,0.0,495764.3
ADDS_ONLY,2024-07-30,506314.82,9,10,0.0,502507.2
ADDS_ONLY,2024-07-31,514323.86,9,10,0.0,510516.23
ADDS_ONLY,2024-08-01,509199.63,9,10,0.0,505392.01
ADDS_ONLY,2024-08-02,499952.85,9,10,0.0,496145.23
ADDS_ONLY,2024-08-05,489353.26,9,10,0.0,485097.7
ADDS_ONLY,2024-08-06,494181.89,8,8,0.0,385701.13
ADDS_ONLY,2024-08-07,490999.57,10,10,0.0,481897.39
ADDS_ONLY,2024-08-08,497028.34,10,10,0.0,487926.16
ADDS_ONLY,2024-08-09,498172.53,10,10,0.0,489070.35
ADDS_ONLY,2024-08-12,498515.5,10,10,0.0,490862.51
ADDS_ONLY,2024-08-13,518392.0,10,10,0.0,510739.02
ADDS_ONLY,2024-08-14,519083.22,10,10,0.0,511430.23
ADDS_ONLY,2024-08-15,525386.89,10,10,0.0,517733.9
ADDS_ONLY,2024-08-16,524605.36,10,10,0.0,516952.38
ADDS_ONLY,2024-08-19,528202.32,9,10,0.0,514259.22
ADDS_ONLY,2024-08-20,525860.98,9,10,0.0,511917.89
ADDS_ONLY,2024-08-21,529187.65,9,10,0.0,512674.41
ADDS_ONLY,2024-08-22,521997.65,9,10,0.0,505484.41
ADDS_ONLY,2024-08-23,530971.11,9,10,0.0,514457.87
ADDS_ONLY,2024-08-26,529928.69,9,10,0.0,514506.9
ADDS_ONLY,2024-08-27,530475.79,9,10,0.0,518981.58
ADDS_ONLY,2024-08-28,523210.12,8,9,0.0,456920.98
ADDS_ONLY,2024-08-29,525828.68,8,10,0.0,510736.88
ADDS_ONLY,2024-08-30,529333.38,8,10,0.0,514241.58
ADDS_ONLY,2024-09-03,519304.43,8,10,0.0,504212.63
ADDS_ONLY,2024-09-04,520890.89,8,10,0.0,498615.03
ADDS_ONLY,2024-09-05,522034.11,8,10,0.0,499758.25
ADDS_ONLY,2024-09-06,512174.78,8,10,0.0,489898.92
ADDS_ONLY,2024-09-09,520232.93,7,10,0.0,497983.91
ADDS_ONLY,2024-09-10,521378.52,7,10,0.0,499129.49
ADDS_ONLY,2024-09-11,524084.37,7,10,0.0,501835.35
ADDS_ONLY,2024-09-12,527770.66,7,10,0.0,505521.63
ADDS_ONLY,2024-09-13,530622.52,7,10,0.0,508373.49
ADDS_ONLY,2024-09-16,532252.57,7,10,0.0,510003.54
ADDS_ONLY,2024-09-17,532856.95,7,10,0.0,510607.93
ADDS_ONLY,2024-09-18,533091.31,7,10,0.0,510842.28
ADDS_ONLY,2024-09-19,546442.84,7,10,0.0,524193.82
ADDS_ONLY,2024-09-20,538617.1,7,10,0.0,516368.07
ADDS_ONLY,2024-09-23,544146.53,8,10,0.0,517121.75
ADDS_ONLY,2024-09-24,546307.79,8,10,0.0,518790.51
ADDS_ONLY,2024-09-25,542537.55,8,10,0.0,514933.42
ADDS_ONLY,2024-09-26,557201.94,8,10,0.0,529597.81
ADDS_ONLY,2024-09-27,561806.85,8,10,0.0,534202.72
ADDS_ONLY,2024-09-30,561859.9,8,10,0.0,534255.78
ADDS_ONLY,2024-10-01,558402.36,8,10,0.0,530798.23
ADDS_ONLY,2024-10-02,559708.05,5,7,0.0,363737.97
ADDS_ONLY,2024-10-03,559435.69,5,8,0.0,419300.58
ADDS_ONLY,2024-10-04,563191.52,5,8,0.0,423056.41
ADDS_ONLY,2024-10-07,558183.68,7,10,0.0,530570.53
ADDS_ONLY,2024-10-08,554873.2,7,10,0.0,527260.05
ADDS_ONLY,2024-10-09,559024.99,7,10,0.0,529869.43
ADDS_ONLY,2024-10-10,557796.69,7,10,0.0,528641.13
ADDS_ONLY,2024-10-11,562948.73,7,10,0.0,533793.17
ADDS_ONLY,2024-10-14,564112.77,7,10,0.0,534957.22
ADDS_ONLY,2024-10-15,560919.79,7,10,0.0,531764.23
ADDS_ONLY,2024-10-16,565925.57,7,10,0.0,541444.91
ADDS_ONLY,2024-10-17,561342.99,7,10,0.0,536862.33
ADDS_ONLY,2024-10-18,567654.96,7,10,0.0,541901.87
ADDS_ONLY,2024-10-21,560730.63,7,10,0.0,534977.54
ADDS_ONLY,2024-10-22,562028.02,7,10,0.0,533916.79
ADDS_ONLY,2024-10-23,555871.94,7,10,0.0,527760.71
ADDS_ONLY,2024-10-24,554859.91,7,10,0.0,524764.01
ADDS_ONLY,2024-10-25,555118.31,7,10,0.0,525022.41
ADDS_ONLY,2024-10-28,560632.64,7,10,0.0,530536.74
ADDS_ONLY,2024-10-29,561231.54,7,10,0.0,531135.64
ADDS_ONLY,2024-10-30,557496.89,7,10,0.0,527400.99
ADDS_ONLY,2024-10-31,551714.48,7,10,0.0,521618.58
ADDS_ONLY,2024-11-01,557077.26,7,10,0.0,526981.36
ADDS_ONLY,2024-11-04,553908.58,7,10,0.0,523812.68
ADDS_ONLY,2024-11-05,559830.55,7,10,0.0,529734.65
ADDS_ONLY,2024-11-06,560268.99,7,10,0.0,530173.09
ADDS_ONLY,2024-11-07,579207.84,7,10,0.0,549111.94
ADDS_ONLY,2024-11-08,575005.51,7,10,0.0,544909.61
ADDS_ONLY,2024-11-11,574187.01,7,10,0.0,544091.11
ADDS_ONLY,2024-11-12,569250.07,7,10,0.0,539154.16
ADDS_ONLY,2024-11-13,570477.15,7,10,0.0,539104.03
ADDS_ONLY,2024-11-14,562909.96,7,10,0.0,531536.84
ADDS_ONLY,2024-11-15,555936.2,7,10,0.0,524563.08
ADDS_ONLY,2024-11-18,559624.47,7,10,0.0,522349.31
ADDS_ONLY,2024-11-19,558362.33,7,10,0.0,521087.17
ADDS_ONLY,2024-11-20,560608.24,7,10,0.0,523333.07
ADDS_ONLY,2024-11-21,566917.61,7,10,0.0,529642.45
ADDS_ONLY,2024-11-22,572753.77,7,10,0.0,535478.6
ADDS_ONLY,2024-11-25,580159.82,7,10,0.0,542884.65
ADDS_ONLY,2024-11-26,574026.14,6,10,0.0,529039.76
ADDS_ONLY,2024-11-27,573277.82,6,9,0.0,463611.68
ADDS_ONLY,2024-11-29,575883.63,7,10,0.0,523577.36
ADDS_ONLY,2024-12-02,579190.46,7,10,0.0,526884.2
ADDS_ONLY,2024-12-03,573853.33,7,10,0.0,521547.06
ADDS_ONLY,2024-12-04,565159.75,7,10,0.0,512853.49
ADDS_ONLY,2024-12-05,561874.99,7,10,0.0,509274.04
ADDS_ONLY,2024-12-06,564799.64,7,10,0.0,512198.7
ADDS_ONLY,2024-12-09,567476.27,7,10,0.0,514875.33
ADDS_ONLY,2024-12-10,572827.94,7,10,0.0,520227.0
ADDS_ONLY,2024-12-11,573814.14,7,10,0.0,521213.2
ADDS_ONLY,2024-12-12,571621.12,7,10,0.0,519020.18
ADDS_ONLY,2024-12-13,571299.4,7,10,0.0,518698.46
ADDS_ONLY,2024-12-16,567626.73,7,10,0.0,515025.79
ADDS_ONLY,2024-12-17,570569.14,7,10,0.0,517968.2
ADDS_ONLY,2024-12-18,559886.87,7,10,0.0,502451.66
ADDS_ONLY,2024-12-19,559492.54,5,9,0.0,438046.23
ADDS_ONLY,2024-12-20,562893.42,5,9,0.0,441447.12
ADDS_ONLY,2024-12-23,566832.85,6,10,0.0,501697.29
ADDS_ONLY,2024-12-24,568986.9,6,10,0.0,503851.33
ADDS_ONLY,2024-12-26,567459.18,6,10,0.0,502323.61
ADDS_ONLY,2024-12-27,563074.94,6,10,0.0,501804.8
ADDS_ONLY,2024-12-30,558473.52,6,10,0.0,497203.38
ADDS_ONLY,2024-12-31,559807.36,6,10,0.0,498537.22
ADDS_ONLY,2025-01-02,558280.39,6,10,0.0,497010.26
ADDS_ONLY,2025-01-03,559065.99,6,10,0.0,497795.85
ADDS_ONLY,2025-01-06,557533.66,6,10,0.0,496263.52
ADDS_ONLY,2025-01-07,552765.81,6,10,0.0,491495.67
ADDS_ONLY,2025-01-08,552309.13,6,10,0.0,490625.74
ADDS_ONLY,2025-01-10,564868.82,6,10,0.0,503185.43
ADDS_ONLY,2025-01-13,568707.09,6,10,0.0,507023.7
ADDS_ONLY,2025-01-14,573324.79,6,10,0.0,511641.4
ADDS_ONLY,2025-01-15,577124.54,6,10,0.0,515441.15
ADDS_ONLY,2025-01-16,579407.21,6,10,0.0,517723.82
ADDS_ONLY,2025-01-17,582707.75,6,10,0.0,521024.36
ADDS_ONLY,2025-01-21,576483.44,6,10,0.0,514800.05
ADDS_ONLY,2025-01-22,575933.95,6,10,0.0,512872.0
ADDS_ONLY,2025-01-23,578606.25,6,10,0.0,515544.3
ADDS_ONLY,2025-01-24,574269.29,6,10,0.0,511207.34
ADDS_ONLY,2025-01-27,572369.63,6,10,0.0,509307.67
ADDS_ONLY,2025-01-28,573990.36,6,10,0.0,502740.92
ADDS_ONLY,2025-01-29,577829.67,6,9,0.0,451474.84
ADDS_ONLY,2025-01-30,582644.46,7,10,0.0,514301.21
ADDS_ONLY,2025-01-31,574958.59,7,10,0.0,506615.34
ADDS_ONLY,2025-02-03,561915.01,7,10,0.0,506997.07
ADDS_ONLY,2025-02-04,565335.1,6,8,0.0,392412.25
ADDS_ONLY,2025-02-05,572042.41,7,10,0.0,512685.22
ADDS_ONLY,2025-02-06,573374.97,7,10,0.0,514017.78
ADDS_ONLY,2025-02-07,577870.32,7,10,0.0,518513.12
ADDS_ONLY,2025-02-10,603489.3,7,10,0.0,544132.1
ADDS_ONLY,2025-02-11,590005.31,7,10,0.0,530648.11
ADDS_ONLY,2025-02-12,605235.42,7,10,0.0,519337.89
ADDS_ONLY,2025-02-13,612539.74,7,10,0.0,526642.22
ADDS_ONLY,2025-02-14,612508.73,7,10,0.0,526611.2
ADDS_ONLY,2025-02-18,626420.76,7,10,0.0,540523.24
ADDS_ONLY,2025-02-19,630716.78,7,10,0.0,544819.26
ADDS_ONLY,2025-02-20,635540.1,7,10,0.0,549642.57
ADDS_ONLY,2025-02-21,630555.32,7,10,0.0,544657.8
ADDS_ONLY,2025-02-24,629289.02,7,10,0.0,543391.49
ADDS_ONLY,2025-02-25,631800.73,7,10,0.0,542883.09
ADDS_ONLY,2025-02-26,625882.96,7,10,0.0,540077.43
ADDS_ONLY,2025-02-27,621863.31,7,10,0.0,531356.11
ADDS_ONLY,2025-02-28,629895.49,7,9,0.0,533698.97
ADDS_ONLY,2025-03-03,624209.75,8,10,0.0,590964.84
ADDS_ONLY,2025-03-04,612263.28,8,10,0.0,579018.37
ADDS_ONLY,2025-03-05,622004.32,8,10,0.0,588759.41
ADDS_ONLY,2025-03-06,619936.56,8,10,0.0,586691.66
ADDS_ONLY,2025-03-07,631945.03,8,10,0.0,598700.12
ADDS_ONLY,2025-03-10,636756.62,8,10,0.0,603511.71
ADDS_ONLY,2025-03-11,630984.61,8,10,0.0,597739.71
ADDS_ONLY,2025-03-12,624660.48,8,10,0.0,591415.58
ADDS_ONLY,2025-03-13,624519.64,7,9,0.0,530193.45
ADDS_ONLY,2025-03-14,639266.67,7,10,0.0,608101.81
ADDS_ONLY,2025-03-17,647519.24,7,10,0.0,616354.38
ADDS_ONLY,2025-03-18,646070.67,7,10,0.0,614905.81
ADDS_ONLY,2025-03-19,650912.6,7,10,0.0,619747.74
ADDS_ONLY,2025-03-20,652188.43,7,10,0.0,621023.57
ADDS_ONLY,2025-03-21,641692.79,7,10,0.0,610527.93
ADDS_ONLY,2025-03-24,650939.43,7,10,0.0,619774.57
ADDS_ONLY,2025-03-25,646966.94,7,10,0.0,615802.07
ADDS_ONLY,2025-03-26,641156.33,7,10,0.0,609991.46
ADDS_ONLY,2025-03-27,630265.14,7,10,0.0,603441.62
ADDS_ONLY,2025-03-28,625078.37,7,10,0.0,598254.85
ADDS_ONLY,2025-03-31,625790.23,7,10,0.0,598966.71
ADDS_ONLY,2025-04-01,620808.43,7,10,0.0,593984.91
ADDS_ONLY,2025-04-02,622251.3,7,10,0.0,595427.78
ADDS_ONLY,2025-04-03,582837.33,7,10,0.0,556013.81
ADDS_ONLY,2025-04-04,538594.16,7,10,0.0,511770.64
ADDS_ONLY,2025-04-07,533896.8,7,10,0.0,507073.28
ADDS_ONLY,2025-04-08,516491.25,7,10,0.0,489667.73
ADDS_ONLY,2025-04-09,562751.48,7,10,0.0,535927.97
ADDS_ONLY,2025-04-10,529336.36,7,10,0.0,502512.84
ADDS_ONLY,2025-04-11,537316.08,7,10,0.0,510492.56
ADDS_ONLY,2025-04-14,543375.78,7,10,0.0,516552.26
ADDS_ONLY,2025-04-15,543784.98,7,10,0.0,516961.46
ADDS_ONLY,2025-04-16,536978.8,7,10,0.0,510155.28
ADDS_ONLY,2025-04-17,541783.98,7,10,0.0,514960.46
ADDS_ONLY,2025-04-21,532364.19,7,10,0.0,505540.67
ADDS_ONLY,2025-04-22,542887.93,7,10,0.0,516064.42
ADDS_ONLY,2025-04-23,545717.21,7,10,0.0,518893.7
ADDS_ONLY,2025-04-24,559538.0,7,10,0.0,532714.48
ADDS_ONLY,2025-04-25,557587.84,7,10,0.0,530764.33
ADDS_ONLY,2025-04-28,555938.53,7,10,0.0,529115.01
ADDS_ONLY,2025-04-29,559730.49,7,10,0.0,532906.97
ADDS_ONLY,2025-04-30,562353.97,7,10,0.0,535530.45
ADDS_ONLY,2025-05-01,563789.07,7,10,0.0,536965.55
ADDS_ONLY,2025-05-02,575623.1,7,10,0.0,548799.59
ADDS_ONLY,2025-05-05,569760.79,7,10,0.0,542937.27
ADDS_ONLY,2025-05-06,564603.16,6,8,0.0,434827.88
ADDS_ONLY,2025-05-07,563820.6,5,6,0.0,336093.65
ADDS_ONLY,2025-05-08,568180.54,5,6,0.0,339369.16
ADDS_ONLY,2025-05-09,572503.54,8,9,0.0,514767.56
ADDS_ONLY,2025-05-12,588424.8,9,10,-0.0,588424.8
ADDS_ONLY,2025-05-13,602411.4,9,10,-0.0,602411.4
ADDS_ONLY,2025-05-14,596654.85,8,9,0.0,538133.57
ADDS_ONLY,2025-05-15,598941.22,9,10,-0.0,598941.22
ADDS_ONLY,2025-05-16,600734.05,9,10,-0.0,600734.05
ADDS_ONLY,2025-05-19,592622.32,9,10,-0.0,592622.32
ADDS_ONLY,2025-05-20,590491.82,9,10,-0.0,590491.82
ADDS_ONLY,2025-05-21,580319.31,9,10,-0.0,580319.31
ADDS_ONLY,2025-05-22,576585.74,7,8,0.0,444259.28
ADDS_ONLY,2025-05-23,576369.74,7,8,0.0,444043.28
ADDS_ONLY,2025-05-27,581839.46,9,10,0.0,565218.89
ADDS_ONLY,2025-05-28,576959.21,9,10,0.0,560338.64
ADDS_ONLY,2025-05-29,577977.54,9,10,0.0,561356.97
ADDS_ONLY,2025-05-30,574260.83,9,10,0.0,557640.26
ADDS_ONLY,2025-06-02,581246.87,9,10,0.0,564626.3
ADDS_ONLY,2025-06-03,584244.83,9,10,0.0,567624.25
ADDS_ONLY,2025-06-04,580222.59,9,10,0.0,563602.01
ADDS_ONLY,2025-06-05,579174.7,9,10,0.0,562554.13
ADDS_ONLY,2025-06-06,583179.03,9,10,0.0,566558.46
ADDS_ONLY,2025-06-09,589187.08,9,10,0.0,572566.51
ADDS_ONLY,2025-06-10,601248.81,9,10,0.0,584628.24
ADDS_ONLY,2025-06-11,598313.78,9,10,0.0,580635.24
ADDS_ONLY,2025-06-12,600316.58,9,10,0.0,580641.04
ADDS_ONLY,2025-06-13,601518.98,9,10,0.0,581843.44
ADDS_ONLY,2025-06-16,602404.29,9,10,0.0,582728.75
ADDS_ONLY,2025-06-17,598564.93,10,10,0.0,591500.57
ADDS_ONLY,2025-06-18,601709.37,10,10,0.0,594645.01
ADDS_ONLY,2025-06-20,604889.68,10,10,0.0,597825.32
ADDS_ONLY,2025-06-23,601848.59,10,10,0.0,589138.98
ADDS_ONLY,2025-06-24,610142.15,10,10,0.0,597432.54
ADDS_ONLY,2025-06-25,608256.04,10,10,0.0,599132.07
ADDS_ONLY,2025-06-26,616360.58,10,10,0.0,607236.62
ADDS_ONLY,2025-06-27,618203.37,9,10,0.0,608387.28
ADDS_ONLY,2025-06-30,623568.71,9,10,0.0,613752.62
ADDS_ONLY,2025-07-01,629838.34,9,10,0.0,620022.25
ADDS_ONLY,2025-07-02,635121.9,9,10,0.0,627706.01
ADDS_ONLY,2025-07-03,639011.46,9,10,0.0,631595.57
ADDS_ONLY,2025-07-07,629264.46,9,10,0.0,621848.57
ADDS_ONLY,2025-07-08,635947.66,7,8,0.0,511255.77
ADDS_ONLY,2025-07-09,650806.17,9,10,-0.0,650806.17
ADDS_ONLY,2025-07-10,645457.44,9,10,-0.0,645457.44
ADDS_ONLY,2025-07-11,641756.84,9,10,-0.0,641756.84
ADDS_ONLY,2025-07-14,639395.0,8,9,0.0,577208.17
ADDS_ONLY,2025-07-15,640958.08,9,10,-0.0,640958.08
ADDS_ONLY,2025-07-16,642522.97,9,10,-0.0,642522.97
ADDS_ONLY,2025-07-17,645823.49,9,10,-0.0,645823.49
ADDS_ONLY,2025-07-18,645551.6,9,10,-0.0,645551.6
ADDS_ONLY,2025-07-21,651760.66,9,10,-0.0,651760.66
ADDS_ONLY,2025-07-22,654291.51,9,10,-0.0,654291.51
ADDS_ONLY,2025-07-23,663104.29,9,10,-0.0,663104.29
ADDS_ONLY,2025-07-24,661100.67,9,10,-0.0,661100.67
ADDS_ONLY,2025-07-25,657958.49,9,10,-0.0,657958.49
ADDS_ONLY,2025-07-28,658918.72,9,10,-0.0,658918.72
ADDS_ONLY,2025-07-29,652269.98,9,10,0.0,642502.05
ADDS_ONLY,2025-07-30,652386.22,9,10,0.0,642618.3
ADDS_ONLY,2025-07-31,652193.14,9,10,0.0,642425.21
ADDS_ONLY,2025-08-01,641032.88,9,10,0.0,631264.96
ADDS_ONLY,2025-08-04,648368.89,8,9,0.0,569130.97
ADDS_ONLY,2025-08-05,651965.51,9,10,0.0,638263.79
ADDS_ONLY,2025-08-06,639436.93,9,10,0.0,625735.21
ADDS_ONLY,2025-08-07,638779.39,9,10,0.0,625077.66
ADDS_ONLY,2025-08-08,642107.34,9,10,0.0,628405.62
ADDS_ONLY,2025-08-11,639088.89,9,10,0.0,625387.16
ADDS_ONLY,2025-08-12,648770.27,8,10,0.0,631946.4
ADDS_ONLY,2025-08-13,656642.19,8,10,0.0,639818.32
ADDS_ONLY,2025-08-14,656998.02,8,10,0.0,640174.15
ADDS_ONLY,2025-08-15,665241.94,7,10,0.0,633225.02
ADDS_ONLY,2025-08-18,663657.89,7,10,0.0,631640.97
ADDS_ONLY,2025-08-19,669065.83,7,10,0.0,637048.9
ADDS_ONLY,2025-08-20,662018.79,7,10,0.0,630001.87
ADDS_ONLY,2025-08-21,663319.52,7,10,0.0,631302.6
ADDS_ONLY,2025-08-22,669772.63,7,10,0.0,637755.71
ADDS_ONLY,2025-08-25,668584.78,8,10,0.0,642297.87
ADDS_ONLY,2025-08-26,668650.51,8,10,0.0,642363.61
ADDS_ONLY,2025-08-27,674571.68,8,9,0.0,587381.11
ADDS_ONLY,2025-08-28,672478.06,9,10,0.0,652875.49
ADDS_ONLY,2025-08-29,663457.35,9,10,0.0,643854.78
ADDS_ONLY,2025-09-02,658432.78,7,8,0.0,508367.48
ADDS_ONLY,2025-09-03,657595.36,8,9,0.0,573424.26
ADDS_ONLY,2025-09-04,654006.93,9,10,0.0,634961.46
ADDS_ONLY,2025-09-05,662612.53,9,10,0.0,643567.06
ADDS_ONLY,2025-09-08,665286.33,9,10,0.0,646240.86
ADDS_ONLY,2025-09-09,669322.44,9,10,0.0,650276.97
ADDS_ONLY,2025-09-10,678689.09,9,10,0.0,659643.62
ADDS_ONLY,2025-09-11,703905.46,9,10,0.0,684859.99
ADDS_ONLY,2025-09-12,720748.54,9,10,0.0,701703.06
ADDS_ONLY,2025-09-15,724898.48,9,10,0.0,705853.0
ADDS_ONLY,2025-09-16,720392.23,9,10,0.0,701346.76
ADDS_ONLY,2025-09-17,716153.37,9,10,0.0,697107.9
ADDS_ONLY,2025-09-18,719249.52,9,10,0.0,696901.99
ADDS_ONLY,2025-09-19,720271.66,9,10,0.0,697924.13
ADDS_ONLY,2025-09-22,722748.37,9,10,0.0,700400.84
ADDS_ONLY,2025-09-23,721195.07,9,10,0.0,698847.53
ADDS_ONLY,2025-09-24,724557.21,9,10,0.0,702209.67
ADDS_ONLY,2025-09-25,715113.18,9,10,0.0,692765.65
ADDS_ONLY,2025-09-26,719117.59,9,10,0.0,683572.14
ADDS_ONLY,2025-09-29,722017.55,9,10,0.0,686472.1
ADDS_ONLY,2025-09-30,725875.05,9,10,0.0,690329.61
ADDS_ONLY,2025-10-01,739339.25,8,10,0.0,706624.31
ADDS_ONLY,2025-10-02,732460.6,8,10,0.0,699745.67
ADDS_ONLY,2025-10-03,736669.58,8,10,0.0,669748.78
ADDS_ONLY,2025-10-06,744403.85,8,10,0.0,677483.06
ADDS_ONLY,2025-10-07,750746.39,7,10,0.0,683498.83
ADDS_ONLY,2025-10-08,753751.95,7,10,0.0,686504.38
ADDS_ONLY,2025-10-09,748886.74,7,10,0.0,681639.18
ADDS_ONLY,2025-10-10,726832.03,7,10,0.0,659584.46
ADDS_ONLY,2025-10-13,733245.74,6,10,0.0,666643.0
ADDS_ONLY,2025-10-14,729404.65,6,10,0.0,662801.92
ADDS_ONLY,2025-10-15,727835.21,6,10,0.0,661232.48
ADDS_ONLY,2025-10-16,727177.26,6,10,0.0,660574.53
ADDS_ONLY,2025-10-17,727972.82,6,10,0.0,661370.09
ADDS_ONLY,2025-10-20,741554.58,6,10,0.0,674951.84
ADDS_ONLY,2025-10-21,749022.54,6,10,0.0,682419.81
ADDS_ONLY,2025-10-22,742305.67,6,10,0.0,675702.94
ADDS_ONLY,2025-10-23,734083.29,6,10,0.0,667480.56
ADDS_ONLY,2025-10-24,734564.81,7,10,0.0,680532.57
ADDS_ONLY,2025-10-27,743275.39,7,10,0.0,689243.15
ADDS_ONLY,2025-10-28,738195.0,7,10,0.0,684162.75
ADDS_ONLY,2025-10-29,737278.53,7,10,0.0,683246.29
ADDS_ONLY,2025-10-30,738547.94,7,10,0.0,684515.7
ADDS_ONLY,2025-10-31,751389.83,7,10,0.0,697357.58
ADDS_ONLY,2025-11-03,759541.52,7,10,0.0,705509.28
ADDS_ONLY,2025-11-04,752979.77,6,8,0.0,575537.5
ADDS_ONLY,2025-11-05,746287.26,6,8,0.0,567430.04
ADDS_ONLY,2025-11-06,742665.77,7,9,0.0,638606.05
ADDS_ONLY,2025-11-07,749444.48,8,10,0.0,719536.87
ADDS_ONLY,2025-11-10,742363.7,8,10,0.0,712456.09
ADDS_ONLY,2025-11-11,749849.71,8,10,0.0,719942.09
ADDS_ONLY,2025-11-12,747488.13,8,10,0.0,717580.52
ADDS_ONLY,2025-11-13,740193.63,8,10,0.0,704015.92
ADDS_ONLY,2025-11-14,743738.2,8,10,0.0,707560.48
ADDS_ONLY,2025-11-17,734307.89,8,10,0.0,698130.18
ADDS_ONLY,2025-11-18,735437.91,6,7,0.0,471396.59
ADDS_ONLY,2025-11-19,728102.37,8,9,0.0,611018.4
ADDS_ONLY,2025-11-20,723312.97,8,9,0.0,606229.01
ADDS_ONLY,2025-11-21,733335.93,8,9,0.0,616251.96
ADDS_ONLY,2025-11-24,735785.08,9,10,0.0,692642.24
ADDS_ONLY,2025-11-25,740254.43,9,10,0.0,697111.6
ADDS_ONLY,2025-11-26,745455.52,9,10,0.0,702312.68
ADDS_ONLY,2025-11-28,749094.92,9,10,0.0,705952.08
ADDS_ONLY,2025-12-01,743582.57,9,10,0.0,700439.73
ADDS_ONLY,2025-12-02,735057.78,8,10,0.0,691594.91
ADDS_ONLY,2025-12-03,738476.64,8,10,0.0,695013.77
ADDS_ONLY,2025-12-04,740631.96,8,10,0.0,697169.09
ADDS_ONLY,2025-12-05,737518.41,8,10,0.0,694055.54
ADDS_ONLY,2025-12-08,736010.52,8,10,0.0,692547.64
ADDS_ONLY,2025-12-09,735821.14,8,10,0.0,692358.26
ADDS_ONLY,2025-12-10,744890.63,8,10,0.0,701427.76
ADDS_ONLY,2025-12-11,748415.28,8,10,0.0,704952.4
ADDS_ONLY,2025-12-12,751226.88,8,10,0.0,707764.0
ADDS_ONLY,2025-12-15,750417.97,7,9,0.0,634309.75
ADDS_ONLY,2025-12-16,743647.59,7,9,0.0,623647.57
ADDS_ONLY,2025-12-17,748891.11,7,10,0.0,703243.23
ADDS_ONLY,2025-12-18,746802.53,7,10,0.0,701154.65
ADDS_ONLY,2025-12-19,742318.46,7,10,0.0,689823.38
ADDS_ONLY,2025-12-22,749819.97,7,10,0.0,697324.9
ADDS_ONLY,2025-12-23,745652.01,7,10,0.0,693156.93
ADDS_ONLY,2025-12-24,749019.92,7,10,0.0,696524.85
ADDS_ONLY,2025-12-26,752276.9,7,10,0.0,699781.83
ADDS_ONLY,2025-12-29,756906.78,7,10,0.0,704411.71
ADDS_ONLY,2025-12-30,757661.78,7,10,0.0,705166.71
ADDS_ONLY,2025-12-31,754818.05,7,10,0.0,699376.47
BRIDGE_ONLY,2016-01-04,100000.0,0,0,0.0,0.0
BRIDGE_ONLY,2016-01-05,100000.0,0,0,0.0,0.0
BRIDGE_ONLY,2016-01-06,100000.0,0,0,0.0,0.0
BRIDGE_ONLY,2016-01-07,100000.0,0,0,0.0,0.0
BRIDGE_ONLY,2016-01-08,100000.0,0,0,0.0,0.0
BRIDGE_ONLY,2016-01-11,100000.0,0,0,0.0,0.0
BRIDGE_ONLY,2016-01-12,100000.0,0,0,0.0,0.0
BRIDGE_ONLY,2016-01-13,100000.0,0,0,0.0,0.0
BRIDGE_ONLY,2016-01-14,100000.0,0,0,0.0,0.0
BRIDGE_ONLY,2016-01-15,100000.0,0,0,0.0,0.0
BRIDGE_ONLY,2016-01-19,100000.0,0,0,0.0,0.0
BRIDGE_ONLY,2016-01-20,100000.0,0,0,0.0,0.0
BRIDGE_ONLY,2016-01-21,100000.0,0,0,0.0,0.0
BRIDGE_ONLY,2016-01-22,100000.0,0,0,0.0,0.0
BRIDGE_ONLY,2016-01-25,100000.0,0,0,0.0,0.0
BRIDGE_ONLY,2016-01-26,100000.0,0,0,0.0,0.0
BRIDGE_ONLY,2016-01-27,100000.0,0,0,0.0,0.0
BRIDGE_ONLY,2016-01-28,100000.0,0,0,0.0,0.0
BRIDGE_ONLY,2016-01-29,100000.0,0,0,0.0,0.0
BRIDGE_ONLY,2016-02-01,100413.68,12,12,19968.5,120382.19
BRIDGE_ONLY,2016-02-02,96637.22,12,12,19969.99,116607.21
BRIDGE_ONLY,2016-02-03,98319.4,12,12,19386.6,117706.0
BRIDGE_ONLY,2016-02-04,98699.79,13,13,29246.16,127945.95
BRIDGE_ONLY,2016-02-05,95689.37,13,13,29248.33,124937.7
BRIDGE_ONLY,2016-02-08,92584.46,12,12,19438.31,112022.77
BRIDGE_ONLY,2016-02-09,91717.71,12,12,19439.75,111157.46
BRIDGE_ONLY,2016-02-10,91700.8,12,12,19441.2,111142.0
BRIDGE_ONLY,2016-02-11,89854.82,12,12,19442.64,109297.46
BRIDGE_ONLY,2016-02-12,91817.78,11,11,9850.28,101668.06
BRIDGE_ONLY,2016-02-16,93982.74,12,12,19151.39,113134.13
BRIDGE_ONLY,2016-02-17,95329.08,12,12,19152.81,114481.89
BRIDGE_ONLY,2016-02-18,94529.0,12,12,19154.23,113683.23
BRIDGE_ONLY,2016-02-19,95347.06,13,13,28075.95,123423.01
BRIDGE_ONLY,2016-02-22,97761.53,13,13,28078.03,125839.56
BRIDGE_ONLY,2016-02-23,95382.62,13,13,28080.12,123462.74
BRIDGE_ONLY,2016-02-24,96874.8,12,12,17858.28,114733.08
BRIDGE_ONLY,2016-02-25,98461.41,13,13,27563.52,126024.92
BRIDGE_ONLY,2016-02-26,98420.14,13,13,27565.56,125985.7
BRIDGE_ONLY,2016-02-29,97532.45,13,13,27997.04,125529.49
BRIDGE_ONLY,2016-03-01,100991.26,13,13,27999.11,128990.37
BRIDGE_ONLY,2016-03-02,102127.82,13,13,28001.18,130128.99
BRIDGE_ONLY,2016-03-03,102691.07,13,13,27920.88,130611.95
BRIDGE_ONLY,2016-03-04,103299.37,13,13,27922.94,131222.32
BRIDGE_ONLY,2016-03-07,103955.22,13,13,27925.0,131880.22
BRIDGE_ONLY,2016-03-08,100591.4,13,13,27927.06,128518.47
BRIDGE_ONLY,2016-03-09,101290.65,5,5,0.0,49286.07
BRIDGE_ONLY,2016-03-10,101706.14,5,5,0.0,49701.56
BRIDGE_ONLY,2016-03-11,102280.77,5,5,0.0,50276.19
BRIDGE_ONLY,2016-03-14,102725.59,8,8,0.0,81397.23
BRIDGE_ONLY,2016-03-15,102500.99,8,8,0.0,81172.63
BRIDGE_ONLY,2016-03-16,102775.22,8,8,0.0,81446.86
BRIDGE_ONLY,2016-03-17,103221.41,10,10,0.0,102430.28
BRIDGE_ONLY,2016-03-18,103884.86,10,10,0.0,103093.73
BRIDGE_ONLY,2016-03-21,104317.81,10,10,0.0,103526.68
BRIDGE_ONLY,2016-03-22,104365.56,10,10,0.0,103540.07
BRIDGE_ONLY,2016-03-23,103650.88,10,10,0.0,102825.39
BRIDGE_ONLY,2016-03-24,103362.87,9,9,0.0,93360.66
BRIDGE_ONLY,2016-03-28,103486.88,9,9,0.0,93484.67
BRIDGE_ONLY,2016-03-29,104611.33,9,9,0.0,94609.12
BRIDGE_ONLY,2016-03-30,105262.97,12,12,21540.65,126803.62
BRIDGE_ONLY,2016-03-31,104649.92,12,12,21542.24,126192.16
BRIDGE_ONLY,2016-04-01,105057.75,12,12,21543.84,126601.59
BRIDGE_ONLY,2016-04-04,105308.1,12,12,21545.44,126853.54
BRIDGE_ONLY,2016-04-05,104524.73,11,11,9446.63,113971.36
BRIDGE_ONLY,2016-04-06,106007.08,10,10,0.0,105181.27
BRIDGE_ONLY,2016-04-07,104845.81,13,13,30819.47,135665.28
BRIDGE_ONLY,2016-04-08,106001.43,12,12,19940.95,125942.38
BRIDGE_ONLY,2016-04-11,105785.82,13,13,30597.07,136382.88
BRIDGE_ONLY,2016-04-12,108901.03,13,13,30599.34,139500.36
BRIDGE_ONLY,2016-04-13,110792.31,13,13,30601.61,141393.92
BRIDGE_ONLY,2016-04-14,110804.97,13,13,30603.88,141408.85
BRIDGE_ONLY,2016-04-15,110270.38,13,13,30606.15,140876.53
BRIDGE_ONLY,2016-04-18,110176.26,13,13,30477.03,140653.29
BRIDGE_ONLY,2016-04-19,111717.01,13,13,30479.29,142196.3
BRIDGE_ONLY,2016-04-20,112684.32,13,13,30481.55,143165.88
BRIDGE_ONLY,2016-04-21,111507.71,13,13,30483.82,141991.52
BRIDGE_ONLY,2016-04-22,111401.2,13,13,30486.08,141887.28
BRIDGE_ONLY,2016-04-25,110706.36,11,11,8445.25,119151.6
BRIDGE_ONLY,2016-04-26,110407.3,9,9,0.0,92690.23
BRIDGE_ONLY,2016-04-27,110249.66,9,9,0.0,92397.87
BRIDGE_ONLY,2016-04-28,109545.45,13,13,26168.1,135713.54
BRIDGE_ONLY,2016-04-29,107813.99,13,13,26170.04,133984.03
BRIDGE_ONLY,2016-05-02,108973.11,13,13,26171.98,135145.09
BRIDGE_ONLY,2016-05-03,108211.42,13,13,26173.92,134385.34
BRIDGE_ONLY,2016-05-04,107209.1,12,12,14419.23,121628.33
BRIDGE_ONLY,2016-05-05,107702.87,12,12,14420.3,122123.17
BRIDGE_ONLY,2016-05-06,108129.19,13,13,25173.79,133302.97
BRIDGE_ONLY,2016-05-09,109151.78,13,13,25175.66,134327.44
BRIDGE_ONLY,2016-05-10,110136.85,13,13,25177.52,135314.37
BRIDGE_ONLY,2016-05-11,108831.3,13,13,25179.39,134010.69
BRIDGE_ONLY,2016-05-12,107956.13,13,13,25181.26,133137.39
BRIDGE_ONLY,2016-05-13,107039.65,13,13,25183.13,132222.77
BRIDGE_ONLY,2016-05-16,107682.7,13,13,25185.0,132867.7
BRIDGE_ONLY,2016-05-17,106512.76,13,13,25186.87,131699.63
BRIDGE_ONLY,2016-05-18,106194.09,13,13,25188.74,131382.83
BRIDGE_ONLY,2016-05-19,106660.41,13,13,25190.6,131851.02
BRIDGE_ONLY,2016-05-20,107958.13,13,13,25192.47,133150.61
BRIDGE_ONLY,2016-05-23,108093.81,13,13,25194.34,133288.16
BRIDGE_ONLY,2016-05-24,110296.9,13,13,25463.86,135760.77
BRIDGE_ONLY,2016-05-25,111024.72,13,13,25465.75,136490.47
BRIDGE_ONLY,2016-05-26,111191.9,13,13,25467.64,136659.55
BRIDGE_ONLY,2016-05-27,111906.04,13,13,25469.53,137375.57
BRIDGE_ONLY,2016-05-31,112476.41,13,13,25244.57,137720.98
BRIDGE_ONLY,2016-06-01,112888.21,13,13,25246.45,138134.66
BRIDGE_ONLY,2016-06-02,113486.28,13,13,25248.34,138734.62
BRIDGE_ONLY,2016-06-03,112411.76,13,13,26907.05,139318.81
BRIDGE_ONLY,2016-06-06,112526.35,13,13,26909.06,139435.41
BRIDGE_ONLY,2016-06-07,112938.6,13,13,26911.07,139849.67
BRIDGE_ONLY,2016-06-08,112871.95,13,13,26913.08,139785.03
BRIDGE_ONLY,2016-06-09,112271.9,13,13,26915.08,139186.99
BRIDGE_ONLY,2016-06-10,110519.46,13,13,26080.04,136599.51
BRIDGE_ONLY,2016-06-13,108839.87,11,11,3901.71,112741.59
BRIDGE_ONLY,2016-06-14,108773.88,11,11,3902.0,112675.89
BRIDGE_ONLY,2016-06-15,108976.75,12,12,14821.66,123798.41
BRIDGE_ONLY,2016-06-16,109316.61,12,12,14822.76,124139.37
BRIDGE_ONLY,2016-06-17,109444.09,13,13,25753.74,135197.83
BRIDGE_ONLY,2016-06-20,110415.28,13,13,25755.66,136170.94
BRIDGE_ONLY,2016-06-21,110712.08,13,13,25757.58,136469.66
BRIDGE_ONLY,2016-06-22,110496.05,13,13,25759.5,136255.55
BRIDGE_ONLY,2016-06-23,112571.39,13,13,25761.42,138332.81
BRIDGE_ONLY,2016-06-24,106432.74,13,13,25763.35,132196.09
BRIDGE_ONLY,2016-06-27,103486.33,13,13,25765.27,129251.6
BRIDGE_ONLY,2016-06-28,105739.44,13,13,25767.19,131506.63
BRIDGE_ONLY,2016-06-29,109120.22,13,13,25769.11,134889.33
BRIDGE_ONLY,2016-06-30,110720.4,13,13,25771.03,136491.43
BRIDGE_ONLY,2016-07-01,111378.34,13,13,25772.98,137151.32
BRIDGE_ONLY,2016-07-05,110514.66,13,13,25692.02,136206.68
BRIDGE_ONLY,2016-07-06,110633.0,13,13,25693.96,136326.95
BRIDGE_ONLY,2016-07-07,110590.85,13,13,25695.89,136286.74
BRIDGE_ONLY,2016-07-08,112682.46,13,13,24346.81,137029.26
BRIDGE_ONLY,2016-07-11,113481.47,13,13,24348.64,137830.12
BRIDGE_ONLY,2016-07-12,115184.7,13,13,24350.48,139535.18
BRIDGE_ONLY,2016-07-13,114386.44,13,13,24352.32,138738.75
BRIDGE_ONLY,2016-07-14,116071.07,13,13,24138.09,140209.16
BRIDGE_ONLY,2016-07-15,115447.0,13,13,24139.91,139586.91
BRIDGE_ONLY,2016-07-18,116058.02,13,13,24141.73,140199.75
BRIDGE_ONLY,2016-07-19,114717.74,13,13,24143.55,138861.29
BRIDGE_ONLY,2016-07-20,115352.95,13,13,24145.37,139498.32
BRIDGE_ONLY,2016-07-21,115656.61,13,13,24147.19,139803.8
BRIDGE_ONLY,2016-07-22,117050.58,13,13,27470.22,144520.8
BRIDGE_ONLY,2016-07-25,116659.54,13,13,27472.29,144131.83
BRIDGE_ONLY,2016-07-26,117114.37,13,13,27474.36,144588.73
BRIDGE_ONLY,2016-07-27,117441.75,11,11,7156.68,124598.43
BRIDGE_ONLY,2016-07-28,117537.18,11,11,7157.22,124694.4
BRIDGE_ONLY,2016-07-29,117479.9,12,12,18883.6,136363.51
BRIDGE_ONLY,2016-08-01,118429.93,13,13,30655.93,149085.86
BRIDGE_ONLY,2016-08-02,117279.41,13,13,30658.24,147937.65
BRIDGE_ONLY,2016-08-03,117805.32,13,13,30660.55,148465.87
BRIDGE_ONLY,2016-08-04,118832.93,13,13,30662.86,149495.79
BRIDGE_ONLY,2016-08-05,120249.56,13,13,30665.18,150914.74
BRIDGE_ONLY,2016-08-08,120017.48,13,13,30667.49,150684.97
BRIDGE_ONLY,2016-08-09,120023.36,13,13,30669.8,150693.16
BRIDGE_ONLY,2016-08-10,120045.38,13,13,29055.4,149100.78
BRIDGE_ONLY,2016-08-11,121477.97,13,13,29057.59,150535.56
BRIDGE_ONLY,2016-08-12,121854.96,13,13,28755.41,150610.37
BRIDGE_ONLY,2016-08-15,121935.37,13,13,28757.58,150692.95
BRIDGE_ONLY,2016-08-16,120977.2,13,13,28759.75,149736.95
BRIDGE_ONLY,2016-08-17,121543.19,13,13,28761.92,150305.1
BRIDGE_ONLY,2016-08-18,121728.29,13,13,28764.09,150492.38
BRIDGE_ONLY,2016-08-19,121359.49,13,13,28766.25,150125.75
BRIDGE_ONLY,2016-08-22,121034.63,13,13,28768.42,149803.06
BRIDGE_ONLY,2016-08-23,120939.72,13,13,28770.59,149710.31
BRIDGE_ONLY,2016-08-24,120317.68,13,13,28122.61,148440.29
BRIDGE_ONLY,2016-08-25,120586.65,13,13,27226.26,147812.91
BRIDGE_ONLY,2016-08-26,120415.29,13,13,27228.31,147643.6
BRIDGE_ONLY,2016-08-29,121229.4,13,13,27230.36,148459.77
BRIDGE_ONLY,2016-08-30,121260.9,13,13,27232.42,148493.32
BRIDGE_ONLY,2016-08-31,120994.93,13,13,27234.47,148229.4
BRIDGE_ONLY,2016-09-01,121474.06,13,13,27236.51,148710.57
BRIDGE_ONLY,2016-09-02,121767.65,13,13,27238.56,149006.2
BRIDGE_ONLY,2016-09-06,122313.66,13,13,27240.6,149554.26
BRIDGE_ONLY,2016-09-07,121961.1,13,13,26904.15,148865.25
BRIDGE_ONLY,2016-09-08,121933.32,13,13,26906.17,148839.48
BRIDGE_ONLY,2016-09-09,117631.67,13,13,26908.18,144539.85
BRIDGE_ONLY,2016-09-12,120207.91,13,13,26910.2,147118.12
BRIDGE_ONLY,2016-09-13,117875.27,13,13,26912.22,144787.49
BRIDGE_ONLY,2016-09-14,117903.14,13,13,26914.24,144817.38
BRIDGE_ONLY,2016-09-15,119400.82,13,13,26916.26,146317.08
BRIDGE_ONLY,2016-09-16,119158.71,13,13,26918.28,146076.99
BRIDGE_ONLY,2016-09-19,118926.04,13,13,26920.3,145846.34
BRIDGE_ONLY,2016-09-20,118708.44,13,13,26922.31,145630.76
BRIDGE_ONLY,2016-09-21,119921.88,13,13,26924.33,146846.22
BRIDGE_ONLY,2016-09-22,121082.37,13,13,26926.35,148008.72
BRIDGE_ONLY,2016-09-23,120594.3,13,13,26928.37,147522.67
BRIDGE_ONLY,2016-09-26,119351.15,13,13,26930.39,146281.55
BRIDGE_ONLY,2016-09-27,120810.4,13,13,27402.77,148213.17
BRIDGE_ONLY,2016-09-28,121049.53,13,13,27404.82,148454.36
BRIDGE_ONLY,2016-09-29,119937.63,13,13,27406.88,147344.51
BRIDGE_ONLY,2016-09-30,122009.23,13,13,27408.93,149418.16
BRIDGE_ONLY,2016-10-03,122535.51,13,13,27411.0,149946.51
BRIDGE_ONLY,2016-10-04,121681.88,13,13,28798.83,150480.72
BRIDGE_ONLY,2016-10-05,122470.64,13,13,28801.01,151271.64
BRIDGE_ONLY,2016-10-06,122156.06,13,13,28803.18,150959.24
BRIDGE_ONLY,2016-10-07,121954.21,13,13,28805.35,150759.56
BRIDGE_ONLY,2016-10-10,122505.37,12,12,19165.51,141670.88
BRIDGE_ONLY,2016-10-11,120721.98,13,13,31396.32,152118.3
BRIDGE_ONLY,2016-10-12,121019.28,13,13,30873.39,151892.67
BRIDGE_ONLY,2016-10-13,120391.89,13,13,30875.72,151267.61
BRIDGE_ONLY,2016-10-14,119686.33,13,13,30503.57,150189.89
BRIDGE_ONLY,2016-10-17,118629.16,13,13,30505.87,149135.03
BRIDGE_ONLY,2016-10-18,119672.39,13,13,30508.17,150180.56
BRIDGE_ONLY,2016-10-19,120562.68,13,13,30510.47,151073.14
BRIDGE_ONLY,2016-10-20,118980.3,13,13,30512.77,149493.07
BRIDGE_ONLY,2016-10-21,118767.12,13,13,30515.07,149282.18
BRIDGE_ONLY,2016-10-24,119325.26,13,13,30517.37,149842.63
BRIDGE_ONLY,2016-10-25,118604.79,13,13,31941.63,150546.42
BRIDGE_ONLY,2016-10-26,117190.31,13,13,31222.03,148412.34
BRIDGE_ONLY,2016-10-27,116751.49,13,13,31224.38,147975.87
BRIDGE_ONLY,2016-10-28,116853.84,13,13,31226.74,148080.58
BRIDGE_ONLY,2016-10-31,117168.34,13,13,31229.09,148397.43
BRIDGE_ONLY,2016-11-01,116344.82,13,13,31231.45,147576.26
BRIDGE_ONLY,2016-11-02,115554.01,13,13,31233.8,146787.81
BRIDGE_ONLY,2016-11-03,115303.94,13,13,31236.16,146540.09
BRIDGE_ONLY,2016-11-04,115541.17,13,13,31238.51,146779.68
BRIDGE_ONLY,2016-11-07,118691.68,13,13,31240.87,149932.54
BRIDGE_ONLY,2016-11-08,120000.49,13,13,31243.22,151243.71
BRIDGE_ONLY,2016-11-09,123106.99,13,13,31245.58,154352.57
BRIDGE_ONLY,2016-11-10,125635.55,13,13,32142.64,157778.2
BRIDGE_ONLY,2016-11-11,126181.38,13,13,32145.07,158326.44
BRIDGE_ONLY,2016-11-14,126759.14,13,13,32147.49,158906.63
BRIDGE_ONLY,2016-11-15,127629.86,13,13,33225.63,160855.48
BRIDGE_ONLY,2016-11-16,126664.4,13,13,34530.77,161195.17
BRIDGE_ONLY,2016-11-17,128030.46,13,13,34533.37,162563.83
BRIDGE_ONLY,2016-11-18,127839.85,13,13,31802.76,159642.61
BRIDGE_ONLY,2016-11-21,128870.25,13,13,31805.16,160675.41
BRIDGE_ONLY,2016-11-22,129391.24,13,13,31807.56,161198.8
BRIDGE_ONLY,2016-11-23,128300.31,13,13,31172.74,159473.06
BRIDGE_ONLY,2016-11-25,129140.38,13,13,31175.09,160315.48
BRIDGE_ONLY,2016-11-28,127098.87,13,13,31177.44,158276.31
BRIDGE_ONLY,2016-11-29,127156.58,13,13,30609.36,157765.94
BRIDGE_ONLY,2016-11-30,127214.59,13,13,30611.67,157826.26
BRIDGE_ONLY,2016-12-01,125889.36,13,13,31575.32,157464.68
BRIDGE_ONLY,2016-12-02,126288.96,13,13,31577.88,157866.84
BRIDGE_ONLY,2016-12-05,127878.55,13,13,32890.47,160769.01
BRIDGE_ONLY,2016-12-06,128858.51,13,13,32893.13,161751.64
BRIDGE_ONLY,2016-12-07,131302.55,13,13,32895.79,164198.34
BRIDGE_ONLY,2016-12-08,130495.38,13,13,32898.46,163393.83
BRIDGE_ONLY,2016-12-09,130857.11,13,13,32891.51,163748.62
BRIDGE_ONLY,2016-12-12,130934.05,13,13,32894.17,163828.22
BRIDGE_ONLY,2016-12-13,131928.82,13,13,31353.36,163282.18
BRIDGE_ONLY,2016-12-14,130341.15,13,13,33421.59,163762.74
BRIDGE_ONLY,2016-12-15,130560.49,13,13,33424.3,163984.78
BRIDGE_ONLY,2016-12-16,129671.98,13,13,33427.0,163098.98
BRIDGE_ONLY,2016-12-19,129886.78,13,13,33429.71,163316.49
BRIDGE_ONLY,2016-12-20,129910.47,13,13,33259.14,163169.61
BRIDGE_ONLY,2016-12-21,130095.31,13,13,33261.83,163357.15
BRIDGE_ONLY,2016-12-22,129400.52,13,13,33367.56,162768.09
BRIDGE_ONLY,2016-12-23,129475.25,13,13,33370.26,162845.51
BRIDGE_ONLY,2016-12-27,130353.98,13,13,33372.96,163726.94
BRIDGE_ONLY,2016-12-28,128742.11,13,13,33375.67,162117.77
BRIDGE_ONLY,2016-12-29,128516.04,12,12,22954.52,151470.56
BRIDGE_ONLY,2016-12-30,127301.7,12,12,22956.38,150258.08
BRIDGE_ONLY,2017-01-03,128930.68,13,13,35822.75,164753.43
BRIDGE_ONLY,2017-01-04,129913.25,13,13,35825.82,165739.07
BRIDGE_ONLY,2017-01-05,130829.6,13,13,35828.89,166658.49
BRIDGE_ONLY,2017-01-06,131859.1,13,13,35831.96,167691.07
BRIDGE_ONLY,2017-01-09,131404.58,13,13,35835.04,167239.62
BRIDGE_ONLY,2017-01-10,131005.47,13,13,35696.09,166701.56
BRIDGE_ONLY,2017-01-11,132219.11,13,13,35699.15,167918.26
BRIDGE_ONLY,2017-01-12,132050.2,13,13,35702.21,167752.41
BRIDGE_ONLY,2017-01-13,133282.19,13,13,35491.84,168774.03
BRIDGE_ONLY,2017-01-17,132092.31,13,13,35494.88,167587.2
BRIDGE_ONLY,2017-01-18,133739.33,13,13,37240.8,170980.13
BRIDGE_ONLY,2017-01-19,134419.37,13,13,37243.99,171663.37
BRIDGE_ONLY,2017-01-20,134717.06,13,13,37247.19,171964.25
BRIDGE_ONLY,2017-01-23,132945.25,13,13,36104.76,169050.01
BRIDGE_ONLY,2017-01-24,135291.87,13,13,36107.86,171399.72
BRIDGE_ONLY,2017-01-25,137267.51,13,13,36110.95,173378.46
BRIDGE_ONLY,2017-01-26,135706.1,13,13,36114.05,171820.15
BRIDGE_ONLY,2017-01-27,136289.83,13,13,35924.39,172214.22
BRIDGE_ONLY,2017-01-30,134389.4,13,13,35927.47,170316.86
BRIDGE_ONLY,2017-01-31,134269.03,13,13,35930.55,170199.57
BRIDGE_ONLY,2017-02-01,133801.52,11,11,7369.41,141170.93
BRIDGE_ONLY,2017-02-02,134468.77,12,12,20724.29,155193.06
BRIDGE_ONLY,2017-02-03,135162.14,13,13,34216.84,169378.98
BRIDGE_ONLY,2017-02-06,135865.93,13,13,34219.77,170085.7
BRIDGE_ONLY,2017-02-07,136010.31,13,13,33835.74,169846.06
BRIDGE_ONLY,2017-02-08,134664.57,13,13,33838.64,168503.21
BRIDGE_ONLY,2017-02-09,134827.86,13,13,33841.54,168669.4
BRIDGE_ONLY,2017-02-10,134902.74,13,13,33012.53,167915.28
BRIDGE_ONLY,2017-02-13,136488.82,13,13,34008.1,170496.92
BRIDGE_ONLY,2017-02-14,137264.95,13,13,34011.01,171275.96
BRIDGE_ONLY,2017-02-15,137969.15,13,13,34013.93,171983.08
BRIDGE_ONLY,2017-02-16,137329.47,13,13,34188.36,171517.83
BRIDGE_ONLY,2017-02-17,137226.04,11,11,7499.82,144725.86
BRIDGE_ONLY,2017-02-21,138651.42,12,12,21304.42,159955.84
BRIDGE_ONLY,2017-02-22,137718.08,13,13,35118.73,172836.81
BRIDGE_ONLY,2017-02-23,138860.04,13,13,35121.74,173981.78
BRIDGE_ONLY,2017-02-24,139054.51,13,13,34922.62,173977.12
BRIDGE_ONLY,2017-02-27,139372.1,13,13,34925.61,174297.71
BRIDGE_ONLY,2017-02-28,138422.63,13,13,35031.54,173454.17
BRIDGE_ONLY,2017-03-01,139606.95,13,13,35034.72,174641.67
BRIDGE_ONLY,2017-03-02,139152.14,13,13,34839.76,173991.9
BRIDGE_ONLY,2017-03-03,139405.36,13,13,34842.93,174248.29
BRIDGE_ONLY,2017-03-06,138330.43,13,13,34846.1,173176.53
BRIDGE_ONLY,2017-03-07,137659.83,13,13,34849.26,172509.09
BRIDGE_ONLY,2017-03-08,136856.24,13,13,34852.43,171708.67
BRIDGE_ONLY,2017-03-09,136890.52,13,13,34434.54,171325.05
BRIDGE_ONLY,2017-03-10,138391.85,13,13,34437.67,172829.52
BRIDGE_ONLY,2017-03-13,138631.14,13,13,34440.8,173071.94
BRIDGE_ONLY,2017-03-14,137645.04,13,13,34443.92,172088.97
BRIDGE_ONLY,2017-03-15,139908.23,13,13,34447.05,174355.28
BRIDGE_ONLY,2017-03-16,139185.23,13,13,34450.19,173635.41
BRIDGE_ONLY,2017-03-17,138898.88,13,13,34453.32,173352.19
BRIDGE_ONLY,2017-03-20,138300.61,13,13,34456.45,172757.06
BRIDGE_ONLY,2017-03-21,135336.7,13,13,34459.58,169796.28
BRIDGE_ONLY,2017-03-22,135597.36,13,13,32340.82,167938.18
BRIDGE_ONLY,2017-03-23,135346.9,13,13,32343.76,167690.66
BRIDGE_ONLY,2017-03-24,135489.22,13,13,32346.7,167835.92
BRIDGE_ONLY,2017-03-27,134965.63,13,13,32349.64,167315.26
BRIDGE_ONLY,2017-03-28,135097.18,13,13,32352.58,167449.76
BRIDGE_ONLY,2017-03-29,135865.52,13,13,32355.52,168221.04
BRIDGE_ONLY,2017-03-30,135482.38,13,13,32358.46,167840.84
BRIDGE_ONLY,2017-03-31,136210.28,13,13,32361.4,168571.68
BRIDGE_ONLY,2017-04-03,136208.45,13,13,32364.49,168572.94
BRIDGE_ONLY,2017-04-04,136460.72,13,13,32367.59,168828.31
BRIDGE_ONLY,2017-04-05,135760.0,13,13,32370.68,168130.68
BRIDGE_ONLY,2017-04-06,136106.42,13,13,32373.78,168480.2
BRIDGE_ONLY,2017-04-07,135935.7,13,13,32376.87,168312.57
BRIDGE_ONLY,2017-04-10,136561.97,13,13,32379.97,168941.94
BRIDGE_ONLY,2017-04-11,135934.57,13,13,32383.07,168317.63
BRIDGE_ONLY,2017-04-12,134223.68,13,13,32386.16,166609.84
BRIDGE_ONLY,2017-04-13,132800.77,13,13,32389.26,165190.03
BRIDGE_ONLY,2017-04-17,133725.24,13,13,32392.36,166117.6
BRIDGE_ONLY,2017-04-18,133221.94,13,13,32395.46,165617.39
BRIDGE_ONLY,2017-04-19,132818.74,13,13,32398.55,165217.29
BRIDGE_ONLY,2017-04-20,133755.64,13,13,32401.65,166157.3
BRIDGE_ONLY,2017-04-21,133325.3,13,13,32404.75,165730.06
BRIDGE_ONLY,2017-04-24,134139.53,13,13,32407.85,166547.38
BRIDGE_ONLY,2017-04-25,134924.15,13,13,32410.95,167335.1
BRIDGE_ONLY,2017-04-26,137041.09,13,13,32414.05,169455.14
BRIDGE_ONLY,2017-04-27,135970.0,13,13,32417.15,168387.15
BRIDGE_ONLY,2017-04-28,136268.54,13,13,32420.25,168688.79
BRIDGE_ONLY,2017-05-01,135138.71,12,12,19373.14,154511.85
BRIDGE_ONLY,2017-05-02,132988.52,13,13,32894.53,165883.04
BRIDGE_ONLY,2017-05-03,133374.29,13,13,32897.67,166271.96
BRIDGE_ONLY,2017-05-04,131723.62,13,13,32900.82,164624.44
BRIDGE_ONLY,2017-05-05,133733.7,13,13,32903.96,166637.66
BRIDGE_ONLY,2017-05-08,133534.89,13,13,32907.11,166442.0
BRIDGE_ONLY,2017-05-09,133105.55,13,13,32910.26,166015.81
BRIDGE_ONLY,2017-05-10,134369.73,13,13,32913.41,167283.13
BRIDGE_ONLY,2017-05-11,134217.83,13,13,32916.55,167134.38
BRIDGE_ONLY,2017-05-12,133770.4,13,13,30431.42,164201.83
BRIDGE_ONLY,2017-05-15,134519.42,13,13,30434.33,164953.76
BRIDGE_ONLY,2017-05-16,135719.74,13,13,30437.25,166156.99
BRIDGE_ONLY,2017-05-17,131837.35,13,13,30440.16,162277.5
BRIDGE_ONLY,2017-05-18,132048.63,12,12,15252.5,147301.13
BRIDGE_ONLY,2017-05-19,133192.1,12,12,15253.96,148446.06
BRIDGE_ONLY,2017-05-22,133360.63,13,13,28663.19,162023.81
BRIDGE_ONLY,2017-05-23,132635.46,13,13,28665.93,161301.39
BRIDGE_ONLY,2017-05-24,132344.9,13,13,28668.67,161013.57
BRIDGE_ONLY,2017-05-25,131738.42,13,13,28671.41,160409.83
BRIDGE_ONLY,2017-05-26,131780.45,13,13,30996.34,162776.79
BRIDGE_ONLY,2017-05-30,130758.77,13,13,30999.3,161758.08
BRIDGE_ONLY,2017-05-31,131203.6,13,13,31002.27,162205.87
BRIDGE_ONLY,2017-06-01,132104.31,13,13,31005.39,163109.71
BRIDGE_ONLY,2017-06-02,132572.85,13,13,31008.52,163581.37
BRIDGE_ONLY,2017-06-05,132816.51,13,13,31765.4,164581.91
BRIDGE_ONLY,2017-06-06,132945.27,13,13,31449.88,164395.15
BRIDGE_ONLY,2017-06-07,132346.08,13,13,31453.05,163799.14
BRIDGE_ONLY,2017-06-08,132388.37,13,13,31456.22,163844.59
BRIDGE_ONLY,2017-06-09,133892.09,13,13,29856.79,163748.88
BRIDGE_ONLY,2017-06-12,134137.27,13,13,29678.7,163815.96
BRIDGE_ONLY,2017-06-13,134099.63,13,13,29681.69,163781.32
BRIDGE_ONLY,2017-06-14,132118.7,13,13,29328.81,161447.52
BRIDGE_ONLY,2017-06-15,131067.17,13,13,29331.77,160398.94
BRIDGE_ONLY,2017-06-16,131682.06,13,13,29334.73,161016.79
BRIDGE_ONLY,2017-06-19,131784.3,13,13,29337.68,161121.98
BRIDGE_ONLY,2017-06-20,129329.97,13,13,29340.64,158670.61
BRIDGE_ONLY,2017-06-21,127722.37,13,13,28708.58,156430.95
BRIDGE_ONLY,2017-06-22,128565.69,13,13,28711.48,157277.17
BRIDGE_ONLY,2017-06-23,129421.06,13,13,28714.37,158135.43
BRIDGE_ONLY,2017-06-26,130273.67,13,13,28717.26,158990.93
BRIDGE_ONLY,2017-06-27,129742.42,13,13,28556.35,158298.77
BRIDGE_ONLY,2017-06-28,131420.96,13,13,28559.23,159980.18
BRIDGE_ONLY,2017-06-29,131576.53,13,13,28562.1,160138.64
BRIDGE_ONLY,2017-06-30,132105.31,13,13,28564.98,160670.29
BRIDGE_ONLY,2017-07-03,133480.07,13,13,28116.1,161596.17
BRIDGE_ONLY,2017-07-05,132298.95,13,13,28119.07,160418.02
BRIDGE_ONLY,2017-07-06,129451.78,13,13,26254.31,155706.09
BRIDGE_ONLY,2017-07-07,129284.88,12,12,13196.75,142481.62
BRIDGE_ONLY,2017-07-10,130052.47,13,13,26119.63,156172.1
BRIDGE_ONLY,2017-07-11,130390.79,13,13,26122.38,156513.17
BRIDGE_ONLY,2017-07-12,131017.4,14,14,38892.46,169909.86
BRIDGE_ONLY,2017-07-13,131712.89,14,14,38896.56,170609.45
BRIDGE_ONLY,2017-07-14,133364.76,14,14,38900.67,172265.43
BRIDGE_ONLY,2017-07-17,133653.04,14,14,38904.78,172557.82
BRIDGE_ONLY,2017-07-18,133479.48,14,14,38854.94,172334.42
BRIDGE_ONLY,2017-07-19,135281.27,14,14,38859.05,174140.32
BRIDGE_ONLY,2017-07-20,135731.1,14,14,38863.15,174594.25
BRIDGE_ONLY,2017-07-21,135614.51,13,13,30244.7,165859.2
BRIDGE_ONLY,2017-07-24,134104.76,13,13,30247.89,164352.64
BRIDGE_ONLY,2017-07-25,136402.12,12,12,16299.46,152701.58
BRIDGE_ONLY,2017-07-26,136810.05,13,13,29995.13,166805.19
BRIDGE_ONLY,2017-07-27,138105.49,13,13,29998.3,168103.79
BRIDGE_ONLY,2017-07-28,136919.07,13,13,30406.75,167325.83
BRIDGE_ONLY,2017-07-31,135947.0,13,13,30409.96,166356.97
BRIDGE_ONLY,2017-08-01,136313.13,13,13,30238.44,166551.56
BRIDGE_ONLY,2017-08-02,135035.41,12,12,18389.93,153425.34
BRIDGE_ONLY,2017-08-03,134209.84,13,13,31881.74,166091.58
BRIDGE_ONLY,2017-08-04,135310.23,13,13,34918.22,170228.45
BRIDGE_ONLY,2017-08-07,135079.24,12,12,20645.0,155724.24
BRIDGE_ONLY,2017-08-08,134625.24,13,13,34158.03,168783.27
BRIDGE_ONLY,2017-08-09,133641.41,13,13,34813.26,168454.67
BRIDGE_ONLY,2017-08-10,131180.05,11,11,8271.01,139451.06
BRIDGE_ONLY,2017-08-11,131106.23,10,10,0.0,126226.98
BRIDGE_ONLY,2017-08-14,133042.68,10,10,0.0,128163.43
BRIDGE_ONLY,2017-08-15,133795.3,13,13,35181.0,168976.3
BRIDGE_ONLY,2017-08-16,134166.16,13,13,35184.71,169350.88
BRIDGE_ONLY,2017-08-17,130580.04,13,13,35188.43,165768.47
BRIDGE_ONLY,2017-08-18,130634.28,13,13,35192.14,165826.42
BRIDGE_ONLY,2017-08-21,130130.96,13,13,35195.86,165326.82
BRIDGE_ONLY,2017-08-22,133250.34,13,13,35199.57,168449.91
BRIDGE_ONLY,2017-08-23,132943.92,13,13,35203.29,168147.21
BRIDGE_ONLY,2017-08-24,133074.32,13,13,35207.0,168281.33
BRIDGE_ONLY,2017-08-25,132713.76,13,13,35919.96,168633.72
BRIDGE_ONLY,2017-08-28,132005.26,13,13,35923.75,167929.01
BRIDGE_ONLY,2017-08-29,131585.93,13,13,35927.55,167513.48
BRIDGE_ONLY,2017-08-30,132704.12,13,13,35931.34,168635.46
BRIDGE_ONLY,2017-08-31,133455.36,13,13,35935.13,169390.49
BRIDGE_ONLY,2017-09-01,134030.73,13,13,35938.91,169969.64
BRIDGE_ONLY,2017-09-05,131603.84,13,13,35997.73,167601.56
BRIDGE_ONLY,2017-09-06,132727.03,13,13,35737.55,168464.58
BRIDGE_ONLY,2017-09-07,131620.71,13,13,35741.31,167362.01
BRIDGE_ONLY,2017-09-08,130015.37,13,13,35745.06,165760.44
BRIDGE_ONLY,2017-09-11,132066.41,13,13,35748.82,167815.24
BRIDGE_ONLY,2017-09-12,133687.58,13,13,35752.58,169440.16
BRIDGE_ONLY,2017-09-13,134184.92,13,13,35703.26,169888.18
BRIDGE_ONLY,2017-09-14,134797.02,13,13,35707.02,170504.03
BRIDGE_ONLY,2017-09-15,135514.89,13,13,35710.77,171225.66
BRIDGE_ONLY,2017-09-18,135934.35,13,13,35714.53,171648.88
BRIDGE_ONLY,2017-09-19,136277.92,13,13,35718.28,171996.2
BRIDGE_ONLY,2017-09-20,137150.2,12,12,25361.35,162511.55
BRIDGE_ONLY,2017-09-21,137180.28,13,13,39050.62,176230.9
BRIDGE_ONLY,2017-09-22,137362.1,13,13,39054.72,176416.82
BRIDGE_ONLY,2017-09-25,136844.21,13,13,39058.83,175903.04
BRIDGE_ONLY,2017-09-26,137571.3,13,13,38453.67,176024.96
BRIDGE_ONLY,2017-09-27,138344.77,12,12,24567.76,162912.53
BRIDGE_ONLY,2017-09-28,138184.72,13,13,38382.9,176567.62
BRIDGE_ONLY,2017-09-29,138423.88,13,13,38386.93,176810.81
BRIDGE_ONLY,2017-10-02,138054.27,13,13,38390.99,176445.26
BRIDGE_ONLY,2017-10-03,137998.31,13,13,38246.54,176244.84
BRIDGE_ONLY,2017-10-04,138139.97,13,13,38400.83,176540.8
BRIDGE_ONLY,2017-10-05,139099.76,13,13,38404.88,177504.64
BRIDGE_ONLY,2017-10-06,138783.99,13,13,38408.94,177192.93
BRIDGE_ONLY,2017-10-09,139200.15,13,13,38412.99,177613.14
BRIDGE_ONLY,2017-10-10,140981.84,12,12,24093.71,165075.55
BRIDGE_ONLY,2017-10-11,142083.98,13,13,38152.46,180236.43
BRIDGE_ONLY,2017-10-12,142935.2,13,13,38156.48,181091.69
BRIDGE_ONLY,2017-10-13,143484.5,13,13,38160.51,181645.02
BRIDGE_ONLY,2017-10-16,143667.43,12,12,24733.43,168400.87
BRIDGE_ONLY,2017-10-17,143663.39,12,12,24736.04,168399.44
BRIDGE_ONLY,2017-10-18,143068.32,13,13,39060.11,182128.42
BRIDGE_ONLY,2017-10-19,142799.74,13,13,39064.23,181863.98
BRIDGE_ONLY,2017-10-20,141732.27,13,13,39304.06,181036.33
BRIDGE_ONLY,2017-10-23,141271.54,13,13,39308.2,180579.74
BRIDGE_ONLY,2017-10-24,141617.72,13,13,39312.47,180930.19
BRIDGE_ONLY,2017-10-25,136732.38,13,13,39316.62,176049.0
BRIDGE_ONLY,2017-10-26,137276.56,13,13,39320.77,176597.33
BRIDGE_ONLY,2017-10-27,137813.9,13,13,38502.17,176316.08
BRIDGE_ONLY,2017-10-30,135637.52,13,13,38506.24,174143.75
BRIDGE_ONLY,2017-10-31,134344.82,12,12,24123.39,158468.21
BRIDGE_ONLY,2017-11-01,134125.37,13,13,37639.83,171765.2
BRIDGE_ONLY,2017-11-02,136638.71,13,13,37643.8,174282.51
BRIDGE_ONLY,2017-11-03,139889.71,13,13,37647.78,177537.49
BRIDGE_ONLY,2017-11-06,140638.77,13,13,37651.75,178290.52
BRIDGE_ONLY,2017-11-07,140973.8,13,13,37655.72,178629.53
BRIDGE_ONLY,2017-11-08,140811.83,13,13,37659.7,178471.53
BRIDGE_ONLY,2017-11-09,138755.19,13,13,37663.67,176418.86
BRIDGE_ONLY,2017-11-10,138956.9,13,13,36178.55,175135.45
BRIDGE_ONLY,2017-11-13,140307.46,13,13,36182.37,176489.83
BRIDGE_ONLY,2017-11-14,139881.81,13,13,36043.3,175925.11
BRIDGE_ONLY,2017-11-15,139890.21,13,13,36047.11,175937.31
BRIDGE_ONLY,2017-11-16,141305.75,13,13,36050.91,177356.66
BRIDGE_ONLY,2017-11-17,141889.79,13,13,36054.72,177944.5
BRIDGE_ONLY,2017-11-20,141716.56,13,13,36606.32,178322.88
BRIDGE_ONLY,2017-11-21,142064.71,13,13,36610.18,178674.89
BRIDGE_ONLY,2017-11-22,142846.39,13,13,36614.05,179460.44
BRIDGE_ONLY,2017-11-24,142414.11,13,13,36617.91,179032.02
BRIDGE_ONLY,2017-11-27,141725.77,13,13,36762.37,178488.14
BRIDGE_ONLY,2017-11-28,144658.55,13,13,36766.25,181424.8
BRIDGE_ONLY,2017-11-29,148166.5,13,13,36770.13,184936.63
BRIDGE_ONLY,2017-11-30,149506.47,13,13,34004.37,183510.84
BRIDGE_ONLY,2017-12-01,150375.94,13,13,34008.15,184384.08
BRIDGE_ONLY,2017-12-04,153388.19,13,13,34011.93,187400.12
BRIDGE_ONLY,2017-12-05,150952.43,13,13,34015.7,184968.14
BRIDGE_ONLY,2017-12-06,149260.02,12,12,20635.66,169895.68
BRIDGE_ONLY,2017-12-07,149995.34,12,12,20747.63,170742.97
BRIDGE_ONLY,2017-12-08,151863.14,13,13,36339.96,188203.1
BRIDGE_ONLY,2017-12-11,152291.88,13,13,36261.03,188552.91
BRIDGE_ONLY,2017-12-12,153440.81,13,13,36265.06,189705.87
BRIDGE_ONLY,2017-12-13,153892.95,13,13,36269.09,190162.04
BRIDGE_ONLY,2017-12-14,152915.14,13,13,36273.12,189188.25
BRIDGE_ONLY,2017-12-15,153616.81,10,10,0.0,145829.98
BRIDGE_ONLY,2017-12-18,156462.47,13,13,38392.13,194854.6
BRIDGE_ONLY,2017-12-19,156612.41,13,13,38396.4,195008.81
BRIDGE_ONLY,2017-12-20,157870.45,13,13,38400.66,196271.11
BRIDGE_ONLY,2017-12-21,158255.47,13,13,39386.82,197642.29
BRIDGE_ONLY,2017-12-22,157577.72,13,13,39736.73,197314.45
BRIDGE_ONLY,2017-12-26,156945.5,13,13,39741.15,196686.64
BRIDGE_ONLY,2017-12-27,157008.62,12,12,24040.7,181049.32
BRIDGE_ONLY,2017-12-28,157924.7,13,13,39806.73,197731.43
BRIDGE_ONLY,2017-12-29,156181.22,13,13,39811.15,195992.37
BRIDGE_ONLY,2018-01-02,161668.31,13,13,39815.77,201484.08
BRIDGE_ONLY,2018-01-03,164362.43,13,13,39820.38,204182.81
BRIDGE_ONLY,2018-01-04,167011.04,13,13,39824.99,206836.04
BRIDGE_ONLY,2018-01-05,167278.69,13,13,39829.61,207108.3
BRIDGE_ONLY,2018-01-08,168211.67,13,13,39834.22,208045.9
BRIDGE_ONLY,2018-01-09,166699.7,12,12,24121.26,190820.95
BRIDGE_ONLY,2018-01-10,166084.56,10,10,0.0,158173.06
BRIDGE_ONLY,2018-01-11,169249.62,10,10,0.0,164429.32
BRIDGE_ONLY,2018-01-12,170429.91,10,10,0.0,165609.62
BRIDGE_ONLY,2018-01-16,167779.85,10,10,0.0,162959.56
BRIDGE_ONLY,2018-01-17,169049.88,9,9,0.0,146714.6
BRIDGE_ONLY,2018-01-18,170122.39,11,11,11768.74,181891.13
BRIDGE_ONLY,2018-01-19,171190.85,12,12,28866.9,200057.75
BRIDGE_ONLY,2018-01-22,173327.1,13,13,46013.51,219340.62
BRIDGE_ONLY,2018-01-23,177874.02,13,13,46018.85,223892.86
BRIDGE_ONLY,2018-01-24,178095.08,13,13,46024.18,224119.25
BRIDGE_ONLY,2018-01-25,176705.48,12,12,33007.76,209713.24
BRIDGE_ONLY,2018-01-26,180099.67,10,10,0.0,178105.57
BRIDGE_ONLY,2018-01-29,180356.52,12,12,33896.66,214253.18
BRIDGE_ONLY,2018-01-30,176475.6,11,11,18353.49,194829.09
BRIDGE_ONLY,2018-01-31,175782.26,10,10,1996.52,177778.78
BRIDGE_ONLY,2018-02-01,177233.84,10,10,2699.98,179933.82
BRIDGE_ONLY,2018-02-02,174365.21,11,11,20290.61,194655.81
BRIDGE_ONLY,2018-02-05,167029.85,10,10,2036.62,169066.47
BRIDGE_ONLY,2018-02-06,171014.32,9,9,0.0,155673.63
BRIDGE_ONLY,2018-02-07,170117.43,9,9,0.0,154776.74
BRIDGE_ONLY,2018-02-08,163850.22,10,10,1719.99,165570.21
BRIDGE_ONLY,2018-02-09,165380.45,9,9,0.0,148810.75
BRIDGE_ONLY,2018-02-12,167181.86,9,9,0.0,150612.15
BRIDGE_ONLY,2018-02-13,167939.48,10,10,91.59,168031.06
BRIDGE_ONLY,2018-02-14,171360.0,11,11,16809.66,188169.66
BRIDGE_ONLY,2018-02-15,177029.0,13,13,51707.27,228736.26
BRIDGE_ONLY,2018-02-16,177325.34,13,13,51713.26,229038.6
BRIDGE_ONLY,2018-02-20,176042.66,13,13,51719.25,227761.91
BRIDGE_ONLY,2018-02-21,173732.64,13,13,47155.91,220888.55
BRIDGE_ONLY,2018-02-22,173405.2,13,13,47271.93,220677.13
BRIDGE_ONLY,2018-02-23,177620.42,13,13,46998.42,224618.84
BRIDGE_ONLY,2018-02-26,181990.95,13,13,47003.87,228994.82
BRIDGE_ONLY,2018-02-27,179904.09,13,13,47009.32,226913.4
BRIDGE_ONLY,2018-02-28,177378.57,11,11,11895.21,189273.78
BRIDGE_ONLY,2018-03-01,175619.05,11,11,13244.72,188863.76
BRIDGE_ONLY,2018-03-02,177568.53,12,12,30527.9,208096.44
BRIDGE_ONLY,2018-03-05,180282.11,13,13,48175.18,228457.29
BRIDGE_ONLY,2018-03-06,180434.6,13,13,48180.94,228615.54
BRIDGE_ONLY,2018-03-07,178806.11,13,13,48725.15,227531.26
BRIDGE_ONLY,2018-03-08,178615.75,11,11,12888.23,191503.98
BRIDGE_ONLY,2018-03-09,180245.05,13,13,47604.95,227850.0
BRIDGE_ONLY,2018-03-12,181379.05,13,13,47610.64,228989.69
BRIDGE_ONLY,2018-03-13,180384.59,13,13,47896.25,228280.84
BRIDGE_ONLY,2018-03-14,179848.86,13,13,47901.97,227750.83
BRIDGE_ONLY,2018-03-15,178323.85,13,13,47828.03,226151.88
BRIDGE_ONLY,2018-03-16,179326.18,13,13,46357.29,225683.47
BRIDGE_ONLY,2018-03-19,175434.82,13,13,46362.83,221797.64
BRIDGE_ONLY,2018-03-20,174859.56,12,12,28756.93,203616.49
BRIDGE_ONLY,2018-03-21,175802.44,13,13,46230.23,222032.67
BRIDGE_ONLY,2018-03-22,171689.59,13,13,46235.75,217925.35
BRIDGE_ONLY,2018-03-23,168333.67,12,12,28221.5,196555.18
BRIDGE_ONLY,2018-03-26,173050.11,13,13,45343.37,218393.48
BRIDGE_ONLY,2018-03-27,169858.56,13,13,45348.78,215207.34
BRIDGE_ONLY,2018-03-28,170759.3,13,13,45354.2,216113.5
BRIDGE_ONLY,2018-03-29,172932.4,13,13,45359.62,218292.02
BRIDGE_ONLY,2018-04-02,167639.64,13,13,45365.36,213005.0
BRIDGE_ONLY,2018-04-03,170300.77,13,13,45371.1,215671.87
BRIDGE_ONLY,2018-04-04,174634.91,13,13,45376.85,220011.76
BRIDGE_ONLY,2018-04-05,175409.46,13,13,45382.59,220792.05
BRIDGE_ONLY,2018-04-06,171503.95,13,13,45388.34,216892.28
BRIDGE_ONLY,2018-04-09,171433.56,12,12,26772.9,198206.46
BRIDGE_ONLY,2018-04-10,174742.12,13,13,44156.99,218899.11
BRIDGE_ONLY,2018-04-11,174504.15,13,13,44162.58,218666.73
BRIDGE_ONLY,2018-04-12,176109.87,13,13,43402.25,219512.13
BRIDGE_ONLY,2018-04-13,175586.81,13,13,43407.75,218994.56
BRIDGE_ONLY,2018-04-16,177470.91,13,13,43413.24,220884.15
BRIDGE_ONLY,2018-04-17,181191.95,13,13,43418.74,224610.69
BRIDGE_ONLY,2018-04-18,181548.03,13,13,43424.24,224972.26
BRIDGE_ONLY,2018-04-19,178405.47,13,13,45016.46,223421.93
BRIDGE_ONLY,2018-04-20,176671.26,13,13,45022.16,221693.42
BRIDGE_ONLY,2018-04-23,176424.65,13,13,45027.86,221452.51
BRIDGE_ONLY,2018-04-24,175011.2,13,13,44751.06,219762.27
BRIDGE_ONLY,2018-04-25,175815.58,11,11,7930.57,183746.16
BRIDGE_ONLY,2018-04-26,181037.91,11,11,7931.58,188969.49
BRIDGE_ONLY,2018-04-27,182221.35,13,13,44174.21,226395.56
BRIDGE_ONLY,2018-04-30,177979.06,13,13,44179.8,222158.87
BRIDGE_ONLY,2018-05-01,179326.04,12,12,24869.44,204195.49
BRIDGE_ONLY,2018-05-02,177011.79,13,13,42284.91,219296.7
BRIDGE_ONLY,2018-05-03,176641.36,13,13,42290.28,218931.64
BRIDGE_ONLY,2018-05-04,180838.55,13,13,42295.65,223134.2
BRIDGE_ONLY,2018-05-07,182384.86,13,13,42301.02,224685.88
BRIDGE_ONLY,2018-05-08,180844.29,13,13,42306.39,223150.68
BRIDGE_ONLY,2018-05-09,182241.88,13,13,42311.77,224553.64
BRIDGE_ONLY,2018-05-10,184801.89,13,13,42317.14,227119.03
BRIDGE_ONLY,2018-05-11,184973.33,13,13,42322.51,227295.85
BRIDGE_ONLY,2018-05-14,185540.6,13,13,42327.89,227868.49
BRIDGE_ONLY,2018-05-15,183702.58,13,13,42535.33,226237.9
BRIDGE_ONLY,2018-05-16,185607.52,13,13,43616.02,229223.54
BRIDGE_ONLY,2018-05-17,184710.5,13,13,43621.55,228332.05
BRIDGE_ONLY,2018-05-18,182667.06,13,13,43627.09,226294.15
BRIDGE_ONLY,2018-05-21,184390.79,11,11,4890.21,189280.99
BRIDGE_ONLY,2018-05-22,185746.16,11,11,4890.83,190636.99
BRIDGE_ONLY,2018-05-23,186305.46,11,11,4891.45,191196.9
BRIDGE_ONLY,2018-05-24,186773.34,13,13,42165.58,228938.91
BRIDGE_ONLY,2018-05-25,186917.2,13,13,42170.93,229088.13
BRIDGE_ONLY,2018-05-29,185791.78,13,13,42176.29,227968.06
BRIDGE_ONLY,2018-05-30,187441.99,13,13,42181.64,229623.63
BRIDGE_ONLY,2018-05-31,183439.0,13,13,42187.0,225626.0
BRIDGE_ONLY,2018-06-01,184040.68,12,12,21645.57,205686.25
BRIDGE_ONLY,2018-06-04,184304.92,13,13,40374.33,224679.25
BRIDGE_ONLY,2018-06-05,184597.94,13,13,40379.65,224977.58
BRIDGE_ONLY,2018-06-06,187268.78,13,13,40384.97,227653.75
BRIDGE_ONLY,2018-06-07,187572.61,13,13,40390.29,227962.9
BRIDGE_ONLY,2018-06-08,189550.48,13,13,40395.61,229946.08
BRIDGE_ONLY,2018-06-11,190627.56,13,13,40400.93,231028.49
BRIDGE_ONLY,2018-06-12,191212.03,12,12,21287.1,212499.14
BRIDGE_ONLY,2018-06-13,192179.52,13,13,40534.04,232713.55
BRIDGE_ONLY,2018-06-14,193431.43,13,13,40650.82,234082.25
BRIDGE_ONLY,2018-06-15,193333.09,13,13,40656.17,233989.26
BRIDGE_ONLY,2018-06-18,191397.2,13,13,40661.53,232058.73
BRIDGE_ONLY,2018-06-19,191047.9,13,13,45799.65,236847.55
BRIDGE_ONLY,2018-06-20,192996.0,12,12,26699.24,219695.23
BRIDGE_ONLY,2018-06-21,190838.65,11,11,7534.97,198373.63
BRIDGE_ONLY,2018-06-22,192639.57,13,13,46087.16,238726.73
BRIDGE_ONLY,2018-06-25,189471.0,13,13,46093.23,235564.23
BRIDGE_ONLY,2018-06-26,189494.91,13,13,46099.3,235594.22
BRIDGE_ONLY,2018-06-27,188575.6,13,13,46105.38,234680.97
BRIDGE_ONLY,2018-06-28,189564.32,13,13,46111.45,235675.77
BRIDGE_ONLY,2018-06-29,190374.93,13,13,46117.53,236492.45
BRIDGE_ONLY,2018-07-02,189284.9,13,13,46123.77,235408.66
BRIDGE_ONLY,2018-07-03,189495.93,13,13,46130.01,235625.93
BRIDGE_ONLY,2018-07-05,191288.49,13,13,46136.25,237424.74
BRIDGE_ONLY,2018-07-06,193650.15,13,13,46142.49,239792.64
BRIDGE_ONLY,2018-07-09,196564.23,13,13,46148.74,242712.97
BRIDGE_ONLY,2018-07-10,197454.88,13,13,46154.98,243609.86
BRIDGE_ONLY,2018-07-11,195108.21,13,13,46515.24,241623.45
BRIDGE_ONLY,2018-07-12,196032.41,13,13,47943.08,243975.49
BRIDGE_ONLY,2018-07-13,196975.71,13,13,47949.56,244925.28
BRIDGE_ONLY,2018-07-16,194815.84,13,13,47956.05,242771.89
BRIDGE_ONLY,2018-07-17,195830.65,13,13,47962.54,243793.19
BRIDGE_ONLY,2018-07-18,195533.71,13,13,47969.03,243502.74
BRIDGE_ONLY,2018-07-19,196406.68,13,13,47975.52,244382.2
BRIDGE_ONLY,2018-07-20,196370.19,13,13,48816.95,245187.14
BRIDGE_ONLY,2018-07-23,197165.27,13,13,48823.56,245988.83
BRIDGE_ONLY,2018-07-24,197086.94,13,13,48830.16,245917.1
BRIDGE_ONLY,2018-07-25,198703.12,13,13,48836.77,247539.89
BRIDGE_ONLY,2018-07-26,199289.55,13,13,48843.38,248132.93
BRIDGE_ONLY,2018-07-27,198734.85,13,13,49898.32,248633.17
BRIDGE_ONLY,2018-07-30,198580.44,13,13,49905.07,248485.52
BRIDGE_ONLY,2018-07-31,198437.83,13,13,49911.83,248349.66
BRIDGE_ONLY,2018-08-01,197271.38,13,13,50082.15,247353.53
BRIDGE_ONLY,2018-08-02,200845.38,13,13,50307.58,251152.96
BRIDGE_ONLY,2018-08-03,201535.74,13,13,50314.39,251850.13
BRIDGE_ONLY,2018-08-06,201064.39,12,12,30598.8,231663.19
BRIDGE_ONLY,2018-08-07,200576.6,13,13,50817.66,251394.26
BRIDGE_ONLY,2018-08-08,199895.75,13,13,50824.53,250720.28
BRIDGE_ONLY,2018-08-09,198624.73,13,13,50831.41,249456.14
BRIDGE_ONLY,2018-08-10,198240.21,13,13,50838.29,249078.5
BRIDGE_ONLY,2018-08-13,195525.26,13,13,50845.17,246370.42
BRIDGE_ONLY,2018-08-14,197019.92,12,12,28322.56,225342.49
BRIDGE_ONLY,2018-08-15,197118.03,13,13,47980.79,245098.83
BRIDGE_ONLY,2018-08-16,199026.87,13,13,47987.29,247014.15
BRIDGE_ONLY,2018-08-17,196967.04,13,13,46230.81,243197.85
BRIDGE_ONLY,2018-08-20,197013.5,13,13,46237.07,243250.56
BRIDGE_ONLY,2018-08-21,198659.12,13,13,46243.32,244902.44
BRIDGE_ONLY,2018-08-22,199632.78,13,13,46249.58,245882.37
BRIDGE_ONLY,2018-08-23,199843.19,13,13,46255.84,246099.03
BRIDGE_ONLY,2018-08-24,200300.87,13,13,46262.1,246562.97
BRIDGE_ONLY,2018-08-27,202904.46,13,13,44679.63,247584.08
BRIDGE_ONLY,2018-08-28,202265.72,13,13,45373.71,247639.43
BRIDGE_ONLY,2018-08-29,203950.61,13,13,45379.85,249330.45
BRIDGE_ONLY,2018-08-30,201857.86,13,13,45385.99,247243.85
BRIDGE_ONLY,2018-08-31,201069.31,12,12,26366.74,227436.05
BRIDGE_ONLY,2018-09-04,199068.43,13,13,46478.2,245546.63
BRIDGE_ONLY,2018-09-05,197796.24,13,13,46484.56,244280.8
BRIDGE_ONLY,2018-09-06,194642.11,13,13,46490.92,241133.03
BRIDGE_ONLY,2018-09-07,192612.16,13,13,44737.51,237349.68
BRIDGE_ONLY,2018-09-10,192822.47,13,13,44743.64,237566.11
BRIDGE_ONLY,2018-09-11,191861.89,13,13,44749.76,236611.66
BRIDGE_ONLY,2018-09-12,192767.64,13,13,44755.89,237523.53
BRIDGE_ONLY,2018-09-13,194793.04,13,13,44762.02,239555.06
BRIDGE_ONLY,2018-09-14,194678.18,13,13,44768.15,239446.33
BRIDGE_ONLY,2018-09-17,193880.11,13,13,44774.27,238654.38
BRIDGE_ONLY,2018-09-18,194773.7,13,13,43703.19,238476.89
BRIDGE_ONLY,2018-09-19,196252.25,13,13,43709.17,239961.43
BRIDGE_ONLY,2018-09-20,197712.19,13,13,43715.16,241427.35
BRIDGE_ONLY,2018-09-21,197518.67,13,13,43721.14,241239.81
BRIDGE_ONLY,2018-09-24,194667.81,13,13,43727.13,238394.94
BRIDGE_ONLY,2018-09-25,191926.76,13,13,43733.11,235659.88
BRIDGE_ONLY,2018-09-26,190901.15,13,13,43739.1,234640.25
BRIDGE_ONLY,2018-09-27,191158.08,13,13,43745.09,234903.17
BRIDGE_ONLY,2018-09-28,192328.75,13,13,43751.08,236079.83
BRIDGE_ONLY,2018-10-01,193198.34,13,13,43757.49,236955.83
BRIDGE_ONLY,2018-10-02,194362.68,13,13,43763.89,238126.58
BRIDGE_ONLY,2018-10-03,195479.37,13,13,43770.3,239249.67
BRIDGE_ONLY,2018-10-04,191457.23,13,13,43776.71,235233.94
BRIDGE_ONLY,2018-10-05,190374.56,13,13,41958.9,232333.46
BRIDGE_ONLY,2018-10-08,192768.8,13,13,41965.04,234733.84
BRIDGE_ONLY,2018-10-09,191577.77,13,13,41971.19,233548.95
BRIDGE_ONLY,2018-10-10,185644.25,13,13,41977.33,227621.58
BRIDGE_ONLY,2018-10-11,180110.71,13,13,41983.48,222094.19
BRIDGE_ONLY,2018-10-12,179546.53,12,12,23705.3,203251.83
BRIDGE_ONLY,2018-10-15,179617.12,13,13,41643.47,221260.59
BRIDGE_ONLY,2018-10-16,183426.55,13,13,41649.56,225076.11
BRIDGE_ONLY,2018-10-17,184595.74,13,13,41655.66,226251.41
BRIDGE_ONLY,2018-10-18,179589.15,13,13,41661.76,221250.91
BRIDGE_ONLY,2018-10-19,178621.96,13,13,41667.86,220289.83
BRIDGE_ONLY,2018-10-22,174438.21,13,13,40847.9,215286.11
BRIDGE_ONLY,2018-10-23,173700.64,13,13,40853.88,214554.52
BRIDGE_ONLY,2018-10-24,165958.64,13,13,39054.21,205012.85
BRIDGE_ONLY,2018-10-25,171826.06,13,13,39059.93,210885.99
BRIDGE_ONLY,2018-10-26,169072.46,13,13,39065.65,208138.11
BRIDGE_ONLY,2018-10-29,170116.59,13,13,39071.37,209187.96
BRIDGE_ONLY,2018-10-30,174973.64,13,13,39077.09,214050.73
BRIDGE_ONLY,2018-10-31,177468.22,13,13,39082.81,216551.03
BRIDGE_ONLY,2018-11-01,181117.47,13,13,39088.55,220206.02
BRIDGE_ONLY,2018-11-02,182012.5,13,13,39631.04,221643.54
BRIDGE_ONLY,2018-11-05,183325.45,13,13,39636.86,222962.31
BRIDGE_ONLY,2018-11-06,185486.91,13,13,39642.68,225129.59
BRIDGE_ONLY,2018-11-07,184110.6,13,13,38803.04,222913.64
BRIDGE_ONLY,2018-11-08,183674.7,13,13,38808.74,222483.44
BRIDGE_ONLY,2018-11-09,182872.75,13,13,38814.44,221687.19
BRIDGE_ONLY,2018-11-12,180465.7,10,10,0.0,164244.74
BRIDGE_ONLY,2018-11-13,179274.07,8,8,0.0,127724.19
BRIDGE_ONLY,2018-11-14,179522.64,7,7,0.0,109369.12
BRIDGE_ONLY,2018-11-15,181403.37,7,7,0.0,111249.85
BRIDGE_ONLY,2018-11-16,182658.79,8,8,0.0,130441.0
BRIDGE_ONLY,2018-11-19,181388.33,8,8,0.0,129170.54
BRIDGE_ONLY,2018-11-20,179727.48,8,8,0.0,127512.03
BRIDGE_ONLY,2018-11-21,179871.92,10,10,0.0,163804.28
BRIDGE_ONLY,2018-11-23,178358.29,11,11,1759.3,180117.59
BRIDGE_ONLY,2018-11-26,181683.33,11,11,1759.55,183442.88
BRIDGE_ONLY,2018-11-27,182110.0,13,13,37906.14,220016.14
BRIDGE_ONLY,2018-11-28,186845.55,13,13,37911.71,224757.26
BRIDGE_ONLY,2018-11-29,186127.68,13,13,37917.27,224044.95
BRIDGE_ONLY,2018-11-30,187886.17,13,13,41442.98,229329.15
BRIDGE_ONLY,2018-12-03,191474.06,13,13,41449.18,232923.24
BRIDGE_ONLY,2018-12-04,182587.87,13,13,41455.38,224043.25
BRIDGE_ONLY,2018-12-06,180021.51,8,8,0.0,136614.53
BRIDGE_ONLY,2018-12-07,174786.83,13,13,46592.09,221378.92
BRIDGE_ONLY,2018-12-10,174833.83,13,13,46599.06,221432.88
BRIDGE_ONLY,2018-12-11,174980.53,13,13,46606.03,221586.55
BRIDGE_ONLY,2018-12-12,177101.23,13,13,46613.0,223714.23
BRIDGE_ONLY,2018-12-13,175950.57,13,13,46619.97,222570.54
BRIDGE_ONLY,2018-12-14,172294.25,13,13,46626.95,218921.2
BRIDGE_ONLY,2018-12-17,167436.49,13,13,46633.92,214070.41
BRIDGE_ONLY,2018-12-18,168407.51,13,13,46640.9,215048.42
BRIDGE_ONLY,2018-12-19,163051.6,13,13,46647.88,209699.48
BRIDGE_ONLY,2018-12-20,160363.55,13,13,46654.86,207018.4
BRIDGE_ONLY,2018-12-21,155259.1,13,13,46661.84,201920.94
BRIDGE_ONLY,2018-12-24,149731.27,12,12,32071.64,181802.92
BRIDGE_ONLY,2018-12-26,159258.7,12,12,32076.44,191335.14
BRIDGE_ONLY,2018-12-27,159724.9,12,12,32081.24,191806.14
BRIDGE_ONLY,2018-12-28,159595.67,13,13,48135.72,207731.39
BRIDGE_ONLY,2018-12-31,160816.52,13,13,48142.92,208959.44
BRIDGE_ONLY,2019-01-02,164148.85,13,13,48150.37,212299.22
BRIDGE_ONLY,2019-01-03,157322.66,13,13,48157.82,205480.48
BRIDGE_ONLY,2019-01-04,164375.77,12,12,32504.87,196880.64
BRIDGE_ONLY,2019-01-07,168158.62,13,13,49010.47,217169.09
BRIDGE_ONLY,2019-01-08,170251.54,13,13,49018.06,219269.6
BRIDGE_ONLY,2019-01-09,171551.41,13,13,49025.64,220577.05
BRIDGE_ONLY,2019-01-10,172446.32,12,12,37569.36,210015.68
BRIDGE_ONLY,2019-01-11,172474.68,12,12,37575.17,210049.86
BRIDGE_ONLY,2019-01-14,171793.85,12,12,36314.96,208108.82
BRIDGE_ONLY,2019-01-15,173601.9,10,10,1543.95,175145.85
BRIDGE_ONLY,2019-01-16,171970.41,10,10,1544.19,173514.6
BRIDGE_ONLY,2019-01-17,173126.57,8,8,0.0,142144.23
BRIDGE_ONLY,2019-01-18,174802.04,9,9,0.0,161251.1
BRIDGE_ONLY,2019-01-22,174115.76,10,10,4041.24,178157.0
BRIDGE_ONLY,2019-01-23,172556.41,10,10,4041.87,176598.28
BRIDGE_ONLY,2019-01-24,172130.26,10,10,3826.93,175957.19
BRIDGE_ONLY,2019-01-25,171401.81,11,11,21092.94,192494.75
BRIDGE_ONLY,2019-01-28,170801.6,12,12,38052.99,208854.59
BRIDGE_ONLY,2019-01-29,170008.55,12,12,38058.87,208067.42
BRIDGE_ONLY,2019-01-30,173704.26,12,12,38064.76,211769.02
BRIDGE_ONLY,2019-01-31,174224.81,12,12,38070.66,212295.47
BRIDGE_ONLY,2019-02-01,176329.22,12,12,38076.55,214405.77
BRIDGE_ONLY,2019-02-04,178324.12,12,12,38082.44,216406.56
BRIDGE_ONLY,2019-02-05,179522.97,12,12,38088.33,217611.3
BRIDGE_ONLY,2019-02-06,179294.22,12,12,36599.77,215893.99
BRIDGE_ONLY,2019-02-07,177188.48,10,10,0.0,175378.06
BRIDGE_ONLY,2019-02-08,176825.45,12,12,33336.01,210161.45
BRIDGE_ONLY,2019-02-11,177132.26,13,13,51105.79,228238.06
BRIDGE_ONLY,2019-02-12,180318.63,12,12,32617.87,212936.51
BRIDGE_ONLY,2019-02-13,181725.86,13,13,50786.28,232512.13
BRIDGE_ONLY,2019-02-14,181716.26,13,13,50794.14,232510.4
BRIDGE_ONLY,2019-02-15,184233.31,13,13,50802.0,235035.3
BRIDGE_ONLY,2019-02-19,185672.2,13,13,50940.48,236612.68
BRIDGE_ONLY,2019-02-20,184092.36,13,13,50948.36,235040.72
BRIDGE_ONLY,2019-02-21,181820.02,13,13,51175.82,232995.84
BRIDGE_ONLY,2019-02-22,183886.03,13,13,51167.11,235053.14
BRIDGE_ONLY,2019-02-25,182974.76,13,13,51175.03,234149.79
BRIDGE_ONLY,2019-02-26,182225.53,13,13,45947.19,228172.72
BRIDGE_ONLY,2019-02-27,181292.58,13,13,45954.3,227246.88
BRIDGE_ONLY,2019-02-28,178803.76,13,13,45961.41,224765.17
BRIDGE_ONLY,2019-03-01,180858.29,13,13,45968.52,226826.81
BRIDGE_ONLY,2019-03-04,179703.14,13,13,45975.64,225678.78
BRIDGE_ONLY,2019-03-05,180342.51,13,13,45371.96,225714.47
BRIDGE_ONLY,2019-03-06,178968.45,13,13,45378.98,224347.43
BRIDGE_ONLY,2019-03-07,176713.08,12,12,27582.73,204295.81
BRIDGE_ONLY,2019-03-08,177362.05,13,13,45015.04,222377.09
BRIDGE_ONLY,2019-03-11,181111.3,13,13,45022.01,226133.31
BRIDGE_ONLY,2019-03-12,181733.87,13,13,45028.98,226762.85
BRIDGE_ONLY,2019-03-13,184107.71,13,13,45035.95,229143.66
BRIDGE_ONLY,2019-03-14,183014.07,13,13,45042.92,228056.99
BRIDGE_ONLY,2019-03-15,184259.18,13,13,45049.89,229309.07
BRIDGE_ONLY,2019-03-18,184603.36,13,13,45056.86,229660.22
BRIDGE_ONLY,2019-03-19,185372.36,13,13,45063.83,230436.2
BRIDGE_ONLY,2019-03-20,184786.1,13,13,44750.9,229537.0
BRIDGE_ONLY,2019-03-21,188617.78,13,13,42316.71,230934.49
BRIDGE_ONLY,2019-03-22,183213.67,13,13,42323.26,225536.94
BRIDGE_ONLY,2019-03-25,183160.01,11,11,5132.42,188292.43
BRIDGE_ONLY,2019-03-26,185302.61,11,11,5133.21,190435.82
BRIDGE_ONLY,2019-03-27,183307.51,13,13,42441.86,225749.37
BRIDGE_ONLY,2019-03-28,183609.99,13,13,42448.43,226058.42
BRIDGE_ONLY,2019-03-29,184792.86,13,13,42455.0,227247.86
BRIDGE_ONLY,2019-04-01,188836.46,13,13,42461.6,231298.06
BRIDGE_ONLY,2019-04-02,183674.68,13,13,42468.21,226142.89
BRIDGE_ONLY,2019-04-03,184779.14,13,13,41650.91,226430.06
BRIDGE_ONLY,2019-04-04,186778.43,13,13,41657.39,228435.82
BRIDGE_ONLY,2019-04-05,187327.64,13,13,41663.87,228991.51
BRIDGE_ONLY,2019-04-08,188157.04,13,13,40868.24,229025.28
BRIDGE_ONLY,2019-04-09,186944.48,13,13,40874.6,227819.07
BRIDGE_ONLY,2019-04-10,187803.54,13,13,40880.96,228684.5
BRIDGE_ONLY,2019-04-11,187811.26,13,13,40887.32,228698.58
BRIDGE_ONLY,2019-04-12,189509.05,13,13,40893.68,230402.73
BRIDGE_ONLY,2019-04-15,189608.13,13,13,40900.04,230508.17
BRIDGE_ONLY,2019-04-16,194428.6,13,13,40193.53,234622.13
BRIDGE_ONLY,2019-04-17,196609.82,13,13,43872.45,240482.26
BRIDGE_ONLY,2019-04-18,196383.81,13,13,43879.27,240263.08
BRIDGE_ONLY,2019-04-22,196465.48,13,13,44914.59,241380.07
BRIDGE_ONLY,2019-04-23,201809.58,13,13,45646.81,247456.38
BRIDGE_ONLY,2019-04-24,200833.74,13,13,46387.9,247221.63
BRIDGE_ONLY,2019-04-25,201154.47,13,13,46395.12,247549.58
BRIDGE_ONLY,2019-04-26,202545.92,13,13,46402.33,248948.26
BRIDGE_ONLY,2019-04-29,203627.64,13,13,45503.19,249130.84
BRIDGE_ONLY,2019-04-30,204061.13,13,13,45510.27,249571.4
BRIDGE_ONLY,2019-05-01,204615.06,13,13,45517.3,250132.36
BRIDGE_ONLY,2019-05-02,204382.19,12,12,26394.81,230777.0
BRIDGE_ONLY,2019-05-03,205768.21,13,13,46908.87,252677.08
BRIDGE_ONLY,2019-05-06,205612.75,13,13,52228.23,257840.98
BRIDGE_ONLY,2019-05-07,199633.66,13,13,52236.29,251869.95
BRIDGE_ONLY,2019-05-08,198298.36,12,12,30933.98,229232.34
BRIDGE_ONLY,2019-05-09,195758.48,12,12,23859.93,219618.41
BRIDGE_ONLY,2019-05-10,196635.65,13,13,43370.5,240006.15
BRIDGE_ONLY,2019-05-13,188866.31,13,13,43377.19,232243.51
BRIDGE_ONLY,2019-05-14,193436.97,13,13,43383.89,236820.86
BRIDGE_ONLY,2019-05-15,197305.56,13,13,43390.59,240696.15
BRIDGE_ONLY,2019-05-16,198710.03,13,13,43397.28,242107.31
BRIDGE_ONLY,2019-05-17,197970.0,13,13,43403.98,241373.99
BRIDGE_ONLY,2019-05-20,194174.71,13,13,42494.62,236669.33
BRIDGE_ONLY,2019-05-21,197290.14,13,13,42501.18,239791.32
BRIDGE_ONLY,2019-05-22,194588.85,13,13,42507.74,237096.59
BRIDGE_ONLY,2019-05-23,189590.15,13,13,38467.93,228058.07
BRIDGE_ONLY,2019-05-24,190520.12,13,13,38473.86,228993.98
BRIDGE_ONLY,2019-05-28,192154.65,13,13,38479.8,230634.45
BRIDGE_ONLY,2019-05-29,191486.11,13,13,38485.74,229971.86
BRIDGE_ONLY,2019-05-30,192004.28,13,13,38491.68,230495.96
BRIDGE_ONLY,2019-05-31,187286.44,13,13,38497.63,225784.07
BRIDGE_ONLY,2019-06-03,186398.75,12,12,28546.3,214945.05
BRIDGE_ONLY,2019-06-04,192616.05,12,12,28550.7,221166.75
BRIDGE_ONLY,2019-06-05,194186.77,13,13,47934.19,242120.96
BRIDGE_ONLY,2019-06-06,198033.83,13,13,47941.57,245975.4
BRIDGE_ONLY,2019-06-07,199724.35,13,13,47948.95,247673.3
BRIDGE_ONLY,2019-06-10,202036.83,13,13,47956.34,249993.16
BRIDGE_ONLY,2019-06-11,202812.24,13,13,47963.72,250775.96
BRIDGE_ONLY,2019-06-12,199996.57,13,13,47971.1,247967.68
BRIDGE_ONLY,2019-06-13,201979.56,12,12,25150.18,227129.74
BRIDGE_ONLY,2019-06-14,201371.95,13,13,44252.82,245624.77
BRIDGE_ONLY,2019-06-17,201877.84,13,13,44259.63,246137.47
BRIDGE_ONLY,2019-06-18,206750.88,13,13,44266.45,251017.32
BRIDGE_ONLY,2019-06-19,205558.27,13,13,44273.26,249831.53
BRIDGE_ONLY,2019-06-20,207099.69,13,13,46523.19,253622.88
BRIDGE_ONLY,2019-06-21,208186.68,13,13,46530.35,254717.03
BRIDGE_ONLY,2019-06-24,208740.38,12,12,29370.02,238110.41
BRIDGE_ONLY,2019-06-25,204741.1,12,12,29374.54,234115.64
BRIDGE_ONLY,2019-06-26,206779.37,11,11,10277.56,217056.93
BRIDGE_ONLY,2019-06-27,209841.48,12,12,31293.86,241135.34
BRIDGE_ONLY,2019-06-28,211461.95,13,13,52418.98,263880.92
BRIDGE_ONLY,2019-07-01,214019.15,13,13,52427.09,266446.24
BRIDGE_ONLY,2019-07-02,214139.24,13,13,52435.2,266574.44
BRIDGE_ONLY,2019-07-03,216063.43,13,13,52709.57,268773.0
BRIDGE_ONLY,2019-07-05,215914.93,13,13,52717.73,268632.66
BRIDGE_ONLY,2019-07-08,214377.02,13,13,52286.84,266663.86
BRIDGE_ONLY,2019-07-09,214780.58,12,12,31064.29,245844.87
BRIDGE_ONLY,2019-07-10,215896.31,13,13,52693.29,268589.6
BRIDGE_ONLY,2019-07-11,216543.06,13,13,52701.45,269244.51
BRIDGE_ONLY,2019-07-12,217197.9,13,13,52709.6,269907.5
BRIDGE_ONLY,2019-07-15,218523.95,13,13,52717.76,271241.71
BRIDGE_ONLY,2019-07-16,216587.42,13,13,52725.92,269313.34
BRIDGE_ONLY,2019-07-17,214515.99,13,13,52734.08,267250.07
BRIDGE_ONLY,2019-07-18,212408.46,13,13,52742.24,265150.7
BRIDGE_ONLY,2019-07-19,210396.94,13,13,52750.4,263147.34
BRIDGE_ONLY,2019-07-22,209946.39,13,13,51519.31,261465.69
BRIDGE_ONLY,2019-07-23,212027.48,13,13,51527.28,263554.76
BRIDGE_ONLY,2019-07-24,218189.71,13,13,51535.26,269724.96
BRIDGE_ONLY,2019-07-25,214523.11,13,13,51543.23,266066.34
BRIDGE_ONLY,2019-07-26,218923.65,13,13,50609.63,269533.27
BRIDGE_ONLY,2019-07-29,219343.39,13,13,50617.46,269960.85
BRIDGE_ONLY,2019-07-30,218300.3,13,13,50625.29,268925.59
BRIDGE_ONLY,2019-07-31,213573.98,13,13,48027.05,261601.03
BRIDGE_ONLY,2019-08-01,212200.88,13,13,48033.94,260234.83
BRIDGE_ONLY,2019-08-02,210494.21,13,13,48040.84,258535.06
BRIDGE_ONLY,2019-08-05,204561.91,13,13,48047.75,252609.65
BRIDGE_ONLY,2019-08-06,207135.2,12,12,23889.0,231024.2
BRIDGE_ONLY,2019-08-07,207231.74,13,13,44352.61,251584.34
BRIDGE_ONLY,2019-08-08,213699.26,13,13,44358.98,258058.24
BRIDGE_ONLY,2019-08-09,212090.21,13,13,44227.67,256317.89
BRIDGE_ONLY,2019-08-12,208517.86,13,13,44234.03,252751.89
BRIDGE_ONLY,2019-08-13,210926.72,12,12,21912.75,232839.47
BRIDGE_ONLY,2019-08-14,202876.89,13,13,42638.94,245515.83
BRIDGE_ONLY,2019-08-15,201481.22,11,11,0.0,201387.02
BRIDGE_ONLY,2019-08-16,205817.5,11,11,0.0,205723.31
BRIDGE_ONLY,2019-08-19,209072.67,14,14,62610.55,271683.23
BRIDGE_ONLY,2019-08-20,206968.28,14,14,62619.55,269587.83
BRIDGE_ONLY,2019-08-21,208990.2,14,14,62628.54,271618.74
BRIDGE_ONLY,2019-08-22,209706.17,14,14,62637.54,272343.71
BRIDGE_ONLY,2019-08-23,199678.93,14,14,62646.54,262325.47
BRIDGE_ONLY,2019-08-26,202631.71,13,13,42199.82,244831.52
BRIDGE_ONLY,2019-08-27,202973.39,13,13,42205.88,245179.27
BRIDGE_ONLY,2019-08-28,204923.43,13,13,42211.94,247135.37
BRIDGE_ONLY,2019-08-29,208701.52,13,13,42218.01,250919.52
BRIDGE_ONLY,2019-08-30,209327.77,13,13,42224.07,251551.84
BRIDGE_ONLY,2019-09-03,207135.36,13,13,42230.02,249365.38
BRIDGE_ONLY,2019-09-04,211474.67,13,13,42235.97,253710.64
BRIDGE_ONLY,2019-09-05,216004.99,14,14,63738.03,279743.02
BRIDGE_ONLY,2019-09-06,214957.53,14,14,63747.01,278704.54
BRIDGE_ONLY,2019-09-09,216514.05,14,14,63755.99,280270.04
BRIDGE_ONLY,2019-09-10,218202.0,14,14,63764.97,281966.97
BRIDGE_ONLY,2019-09-11,218967.18,13,13,45085.18,264052.37
BRIDGE_ONLY,2019-09-12,220702.15,13,13,45091.54,265793.69
BRIDGE_ONLY,2019-09-13,221731.02,13,13,45097.89,266828.91
BRIDGE_ONLY,2019-09-16,219920.47,12,12,22917.26,242837.74
BRIDGE_ONLY,2019-09-17,220401.49,12,12,21351.81,241753.3
BRIDGE_ONLY,2019-09-18,218866.68,14,14,65239.57,284106.25
BRIDGE_ONLY,2019-09-19,219302.24,14,14,65248.76,284550.99
BRIDGE_ONLY,2019-09-20,217988.42,13,13,44508.26,262496.67
BRIDGE_ONLY,2019-09-23,218047.92,13,13,42859.47,260907.39
BRIDGE_ONLY,2019-09-24,213955.46,12,12,24098.44,238053.9
BRIDGE_ONLY,2019-09-25,214787.36,12,12,24101.83,238889.19
BRIDGE_ONLY,2019-09-26,213825.57,13,13,52767.33,266592.89
BRIDGE_ONLY,2019-09-27,210949.8,13,13,52774.76,263724.56
BRIDGE_ONLY,2019-09-30,213129.44,13,13,52782.2,265911.64
BRIDGE_ONLY,2019-10-01,212082.88,13,13,52789.17,264872.05
BRIDGE_ONLY,2019-10-02,209078.77,13,13,52796.15,261874.92
BRIDGE_ONLY,2019-10-03,211752.25,13,13,52803.12,264555.37
BRIDGE_ONLY,2019-10-04,215200.98,13,13,52810.1,268011.08
BRIDGE_ONLY,2019-10-07,213647.91,13,13,52817.08,266465.0
BRIDGE_ONLY,2019-10-08,209868.15,13,13,52824.06,262692.21
BRIDGE_ONLY,2019-10-09,211916.25,13,13,52831.04,264747.29
BRIDGE_ONLY,2019-10-10,213890.33,13,13,52838.02,266728.35
BRIDGE_ONLY,2019-10-11,216705.62,13,13,52845.0,269550.63
BRIDGE_ONLY,2019-10-14,217750.5,13,13,52851.99,270602.49
BRIDGE_ONLY,2019-10-15,219671.91,13,13,52858.97,272530.88
BRIDGE_ONLY,2019-10-16,218792.82,13,13,52865.96,271658.78
BRIDGE_ONLY,2019-10-17,220369.05,13,13,52752.68,273121.73
BRIDGE_ONLY,2019-10-18,217540.51,13,13,52759.65,270300.16
BRIDGE_ONLY,2019-10-21,219575.96,13,13,60268.36,279844.32
BRIDGE_ONLY,2019-10-22,217551.67,13,13,60276.32,277827.99
BRIDGE_ONLY,2019-10-23,219639.89,13,13,60284.28,279924.18
BRIDGE_ONLY,2019-10-24,221231.04,13,13,60292.25,281523.29
BRIDGE_ONLY,2019-10-25,221641.06,13,13,60300.22,281941.28
BRIDGE_ONLY,2019-10-28,223752.22,13,13,61425.94,285178.16
BRIDGE_ONLY,2019-10-29,222542.06,13,13,61434.06,283976.11
BRIDGE_ONLY,2019-10-30,224800.0,12,12,39087.57,263887.58
BRIDGE_ONLY,2019-10-31,224346.74,12,12,38231.69,262578.43
BRIDGE_ONLY,2019-11-01,227241.46,10,10,0.0,219028.76
BRIDGE_ONLY,2019-11-04,228083.99,13,13,61018.61,289102.6
BRIDGE_ONLY,2019-11-05,228197.88,13,13,61026.0,289223.88
BRIDGE_ONLY,2019-11-06,227980.88,13,13,61033.38,289014.26
BRIDGE_ONLY,2019-11-07,228007.75,12,12,37494.86,265502.61
BRIDGE_ONLY,2019-11-08,229758.73,13,13,60209.9,289968.63
BRIDGE_ONLY,2019-11-11,228268.5,13,13,60217.19,288485.69
BRIDGE_ONLY,2019-11-12,228036.33,13,13,60224.47,288260.8
BRIDGE_ONLY,2019-11-13,228108.89,13,13,60231.76,288340.65
BRIDGE_ONLY,2019-11-14,228564.27,13,13,57907.23,286471.5
BRIDGE_ONLY,2019-11-15,230215.39,13,13,57914.24,288129.63
BRIDGE_ONLY,2019-11-18,230510.79,13,13,57921.25,288432.04
BRIDGE_ONLY,2019-11-19,228839.12,13,13,60652.94,289492.05
BRIDGE_ONLY,2019-11-20,228709.35,13,13,60660.28,289369.63
BRIDGE_ONLY,2019-11-21,228570.14,13,13,58327.21,286897.35
BRIDGE_ONLY,2019-11-22,228166.03,13,13,58334.27,286500.3
BRIDGE_ONLY,2019-11-25,230868.8,13,13,58341.33,289210.13
BRIDGE_ONLY,2019-11-26,231401.09,13,13,58348.39,289749.48
BRIDGE_ONLY,2019-11-27,232714.82,13,13,58355.45,291070.27
BRIDGE_ONLY,2019-11-29,231522.28,13,13,58362.52,289884.8
BRIDGE_ONLY,2019-12-02,230082.67,13,13,58369.58,288452.25
BRIDGE_ONLY,2019-12-03,228638.27,13,13,58376.64,287014.91
BRIDGE_ONLY,2019-12-04,229326.07,13,13,58383.71,287709.78
BRIDGE_ONLY,2019-12-05,229580.21,13,13,59866.14,289446.35
BRIDGE_ONLY,2019-12-06,233094.18,13,13,61084.58,294178.75
BRIDGE_ONLY,2019-12-09,232907.32,13,13,62043.46,294950.79
BRIDGE_ONLY,2019-12-10,234297.32,13,13,62050.97,296348.3
BRIDGE_ONLY,2019-12-11,236361.08,13,13,62058.48,298419.56
BRIDGE_ONLY,2019-12-12,241964.57,13,13,62065.99,304030.56
BRIDGE_ONLY,2019-12-13,240760.42,13,13,62073.51,302833.92
BRIDGE_ONLY,2019-12-16,243396.04,12,12,37518.62,280914.66
BRIDGE_ONLY,2019-12-17,244428.03,13,13,61895.59,306323.62
BRIDGE_ONLY,2019-12-18,244271.44,13,13,62778.71,307050.14
BRIDGE_ONLY,2019-12-19,245888.35,13,13,62786.31,308674.66
BRIDGE_ONLY,2019-12-20,246666.02,13,13,62793.91,309459.93
BRIDGE_ONLY,2019-12-23,246721.97,13,13,62801.51,309523.47
BRIDGE_ONLY,2019-12-24,247246.97,13,13,62809.11,310056.07
BRIDGE_ONLY,2019-12-26,247702.92,13,13,64008.51,311711.43
BRIDGE_ONLY,2019-12-27,246442.59,13,13,62792.55,309235.14
BRIDGE_ONLY,2019-12-30,244954.24,12,12,36284.9,281239.14
BRIDGE_ONLY,2019-12-31,245560.03,12,12,36289.29,281849.32
BRIDGE_ONLY,2020-01-02,245205.3,13,13,63541.73,308747.03
BRIDGE_ONLY,2020-01-03,242188.07,13,13,64497.5,306685.56
BRIDGE_ONLY,2020-01-06,243135.76,13,13,64505.3,307641.06
BRIDGE_ONLY,2020-01-07,241221.9,13,13,64513.11,305735.01
BRIDGE_ONLY,2020-01-08,242294.86,13,13,64520.92,306815.78
BRIDGE_ONLY,2020-01-09,242503.18,13,13,64528.73,307031.9
BRIDGE_ONLY,2020-01-10,241444.31,13,13,64536.54,305980.85
BRIDGE_ONLY,2020-01-13,242637.7,13,13,64544.35,307182.05
BRIDGE_ONLY,2020-01-14,242128.1,13,13,64552.16,306680.26
BRIDGE_ONLY,2020-01-15,240829.83,13,13,64559.97,305389.8
BRIDGE_ONLY,2020-01-16,242859.82,13,13,64567.79,307427.61
BRIDGE_ONLY,2020-01-17,243809.41,13,13,64575.6,308385.01
BRIDGE_ONLY,2020-01-21,242905.18,13,13,64583.42,307488.59
BRIDGE_ONLY,2020-01-22,242726.81,13,13,64591.23,307318.04
BRIDGE_ONLY,2020-01-23,241545.98,13,13,64002.61,305548.59
BRIDGE_ONLY,2020-01-24,237684.04,13,13,64010.36,301694.39
BRIDGE_ONLY,2020-01-27,234612.65,13,13,64018.1,298630.75
BRIDGE_ONLY,2020-01-28,236657.99,12,12,38052.94,274710.93
BRIDGE_ONLY,2020-01-29,234443.47,13,13,61819.74,296263.21
BRIDGE_ONLY,2020-01-30,235350.29,13,13,61827.23,297177.52
BRIDGE_ONLY,2020-01-31,229815.79,13,13,61834.71,291650.5
BRIDGE_ONLY,2020-02-03,228473.24,13,13,61842.27,290315.5
BRIDGE_ONLY,2020-02-04,231443.96,13,13,61849.83,293293.79
BRIDGE_ONLY,2020-02-05,238472.06,13,13,61857.38,300329.45
BRIDGE_ONLY,2020-02-06,238383.88,13,13,61864.95,300248.82
BRIDGE_ONLY,2020-02-07,237475.2,13,13,61872.51,299347.7
BRIDGE_ONLY,2020-02-10,239144.33,13,13,62833.02,301977.35
BRIDGE_ONLY,2020-02-11,242249.52,13,13,62840.7,305090.22
BRIDGE_ONLY,2020-02-12,243713.81,13,13,62848.38,306562.19
BRIDGE_ONLY,2020-02-13,244048.71,13,13,62856.07,306904.78
BRIDGE_ONLY,2020-02-14,243124.4,13,13,62863.75,305988.15
BRIDGE_ONLY,2020-02-18,242336.2,12,12,43176.73,285512.93
BRIDGE_ONLY,2020-02-19,242604.64,12,12,41264.92,283869.55
BRIDGE_ONLY,2020-02-20,242610.63,13,13,67028.24,309638.87
BRIDGE_ONLY,2020-02-21,238469.82,13,13,67036.44,305506.25
BRIDGE_ONLY,2020-02-24,225629.37,12,12,44021.92,269651.29
BRIDGE_ONLY,2020-02-25,215631.21,12,12,44027.3,259658.51
BRIDGE_ONLY,2020-02-26,211785.66,12,12,44032.68,255818.34
BRIDGE_ONLY,2020-02-27,202143.52,12,12,44038.07,246181.59
BRIDGE_ONLY,2020-02-28,199953.45,12,12,44043.45,243996.89
BRIDGE_ONLY,2020-03-02,210757.1,12,12,44047.17,254804.27
BRIDGE_ONLY,2020-03-03,202630.4,12,12,44050.89,246681.3
BRIDGE_ONLY,2020-03-04,210803.11,12,12,44054.62,254857.72
BRIDGE_ONLY,2020-03-05,200821.1,12,12,44058.34,244879.44
BRIDGE_ONLY,2020-03-06,194430.08,12,12,44062.06,238492.14
BRIDGE_ONLY,2020-03-09,168809.24,12,12,44065.79,212875.03
BRIDGE_ONLY,2020-03-10,179518.01,12,12,44069.51,223587.52
BRIDGE_ONLY,2020-03-11,166306.6,12,12,44073.24,210379.84
BRIDGE_ONLY,2020-03-12,144449.27,12,12,44076.96,188526.23
BRIDGE_ONLY,2020-03-13,164513.6,12,12,44080.69,208594.29
BRIDGE_ONLY,2020-03-16,138265.53,12,12,44084.42,182349.95
BRIDGE_ONLY,2020-03-17,153576.39,11,11,37089.91,190666.29
BRIDGE_ONLY,2020-03-18,141918.83,11,11,37093.04,179011.87
BRIDGE_ONLY,2020-03-19,142856.44,11,11,37096.18,179952.62
BRIDGE_ONLY,2020-03-20,131788.45,11,11,37099.31,168887.76
BRIDGE_ONLY,2020-03-23,124814.33,11,11,37102.45,161916.78
BRIDGE_ONLY,2020-03-24,136925.07,11,11,37105.58,174030.65
BRIDGE_ONLY,2020-03-25,139533.91,11,11,37108.72,176642.63
BRIDGE_ONLY,2020-03-26,153378.5,11,11,37111.86,190490.36
BRIDGE_ONLY,2020-03-27,146664.97,11,11,37114.99,183779.97
BRIDGE_ONLY,2020-03-30,150075.31,11,11,37118.13,187193.45
BRIDGE_ONLY,2020-03-31,145193.45,11,11,37121.27,182314.72
BRIDGE_ONLY,2020-04-01,136314.8,11,11,37123.55,173438.35
BRIDGE_ONLY,2020-04-02,139998.06,11,11,37125.84,177123.9
BRIDGE_ONLY,2020-04-03,136142.86,11,11,37128.12,173270.98
BRIDGE_ONLY,2020-04-06,149047.51,11,11,37130.4,186177.91
BRIDGE_ONLY,2020-04-07,150341.49,11,11,37132.69,187474.18
BRIDGE_ONLY,2020-04-08,156538.67,10,10,15537.19,172075.86
BRIDGE_ONLY,2020-04-09,160444.9,12,12,47467.63,207912.53
BRIDGE_ONLY,2020-04-13,156859.47,12,12,47470.55,204330.02
BRIDGE_ONLY,2020-04-14,159025.4,9,9,0.0,155550.02
BRIDGE_ONLY,2020-04-15,154012.71,8,8,0.0,139248.44
BRIDGE_ONLY,2020-04-16,152924.94,7,7,0.0,122839.4
BRIDGE_ONLY,2020-04-17,156346.12,8,8,0.0,141945.94
BRIDGE_ONLY,2020-04-20,153570.38,8,8,0.0,139170.2
BRIDGE_ONLY,2020-04-21,149763.3,7,7,0.0,116529.74
BRIDGE_ONLY,2020-04-22,150815.13,5,5,0.0,77984.4
BRIDGE_ONLY,2020-04-23,151364.74,9,9,0.0,139400.91
BRIDGE_ONLY,2020-04-24,152491.66,12,12,33922.1,186413.75
BRIDGE_ONLY,2020-04-27,159516.1,12,12,33924.18,193440.28
BRIDGE_ONLY,2020-04-28,167563.1,12,12,33926.27,201489.36
BRIDGE_ONLY,2020-04-29,187487.52,11,11,20297.67,207785.19
BRIDGE_ONLY,2020-04-30,180496.31,12,12,38683.76,219180.07
BRIDGE_ONLY,2020-05-01,165719.44,10,10,3403.25,169122.7
BRIDGE_ONLY,2020-05-04,165910.91,7,7,0.0,115589.26
BRIDGE_ONLY,2020-05-05,160992.08,7,7,0.0,110670.43
BRIDGE_ONLY,2020-05-06,158573.69,6,6,0.0,91418.25
BRIDGE_ONLY,2020-05-07,165856.16,6,6,0.0,98700.71
BRIDGE_ONLY,2020-05-08,171200.69,7,7,0.0,120871.02
BRIDGE_ONLY,2020-05-11,169110.11,12,12,34506.09,203616.21
BRIDGE_ONLY,2020-05-12,163361.81,12,12,34508.22,197870.03
BRIDGE_ONLY,2020-05-13,154598.77,12,12,34510.34,189109.11
BRIDGE_ONLY,2020-05-14,161256.76,12,12,34512.46,195769.22
BRIDGE_ONLY,2020-05-15,160635.35,12,12,34514.58,195149.93
BRIDGE_ONLY,2020-05-18,174448.95,12,12,34516.71,208965.66
BRIDGE_ONLY,2020-05-19,171524.18,13,13,51942.56,223466.74
BRIDGE_ONLY,2020-05-20,177996.26,13,13,51744.82,229741.08
BRIDGE_ONLY,2020-05-21,177798.0,13,13,51748.0,229546.0
BRIDGE_ONLY,2020-05-22,175670.19,13,13,52021.61,227691.79
BRIDGE_ONLY,2020-05-26,190255.25,13,13,52024.81,242280.05
BRIDGE_ONLY,2020-05-27,203598.12,13,13,49055.23,252653.35
BRIDGE_ONLY,2020-05-28,188761.26,13,13,49058.25,237819.51
BRIDGE_ONLY,2020-05-29,183959.93,12,12,36937.4,220897.33
BRIDGE_ONLY,2020-06-01,188682.73,11,11,16141.04,204823.77
BRIDGE_ONLY,2020-06-02,190645.15,13,13,55172.73,245817.88
BRIDGE_ONLY,2020-06-03,203999.78,13,13,55176.19,259175.97
BRIDGE_ONLY,2020-06-04,211249.25,13,13,55179.65,266428.9
BRIDGE_ONLY,2020-06-05,233220.94,13,13,55183.11,288404.05
BRIDGE_ONLY,2020-06-08,259080.77,13,13,55186.57,314267.35
BRIDGE_ONLY,2020-06-09,242683.39,13,13,55190.03,297873.42
BRIDGE_ONLY,2020-06-10,227546.89,13,13,54198.38,281745.27
BRIDGE_ONLY,2020-06-11,202289.83,9,9,0.0,179539.52
BRIDGE_ONLY,2020-06-12,207245.37,6,6,0.0,122189.24
BRIDGE_ONLY,2020-06-15,208809.66,6,6,0.0,123753.52
BRIDGE_ONLY,2020-06-16,209902.91,6,6,0.0,124846.77
BRIDGE_ONLY,2020-06-17,210561.63,6,6,0.0,125505.5
BRIDGE_ONLY,2020-06-18,211297.08,6,6,0.0,126240.95
BRIDGE_ONLY,2020-06-19,208607.76,11,11,21058.09,229665.85
BRIDGE_ONLY,2020-06-22,210324.33,11,11,21059.41,231383.74
BRIDGE_ONLY,2020-06-23,208252.87,13,13,63398.86,271651.73
BRIDGE_ONLY,2020-06-24,200605.45,12,12,41347.68,241953.13
BRIDGE_ONLY,2020-06-25,203005.06,11,11,16513.03,219518.09
BRIDGE_ONLY,2020-06-26,196344.09,12,12,36707.63,233051.72
BRIDGE_ONLY,2020-06-29,199422.95,13,13,56489.65,255912.6
BRIDGE_ONLY,2020-06-30,204285.64,13,13,56493.19,260778.83
BRIDGE_ONLY,2020-07-01,203096.04,13,13,56496.76,259592.8
BRIDGE_ONLY,2020-07-02,204474.5,13,13,56500.32,260974.82
BRIDGE_ONLY,2020-07-06,207682.67,13,13,56503.89,264186.56
BRIDGE_ONLY,2020-07-07,203474.31,13,13,56507.45,259981.76
BRIDGE_ONLY,2020-07-08,205028.01,13,13,56511.02,261539.02
BRIDGE_ONLY,2020-07-09,202489.2,13,13,56514.58,259003.78
BRIDGE_ONLY,2020-07-10,205668.18,13,13,56518.15,262186.33
BRIDGE_ONLY,2020-07-13,202194.1,13,13,56521.71,258715.82
BRIDGE_ONLY,2020-07-14,205816.01,11,11,12616.76,218432.76
BRIDGE_ONLY,2020-07-15,212132.92,13,13,58573.3,270706.21
BRIDGE_ONLY,2020-07-16,213760.93,13,13,58576.99,272337.93
BRIDGE_ONLY,2020-07-17,212998.39,13,13,58580.69,271579.07
BRIDGE_ONLY,2020-07-20,213709.19,13,13,58059.28,271768.47
BRIDGE_ONLY,2020-07-21,219149.55,13,13,58062.94,277212.5
BRIDGE_ONLY,2020-07-22,221509.27,13,13,58066.61,279575.87
BRIDGE_ONLY,2020-07-23,218980.71,13,13,58070.27,277050.98
BRIDGE_ONLY,2020-07-24,220968.16,12,12,36077.26,257045.42
BRIDGE_ONLY,2020-07-27,222254.22,12,12,36079.54,258333.76
BRIDGE_ONLY,2020-07-28,219203.29,12,12,35545.68,254748.97
BRIDGE_ONLY,2020-07-29,228184.22,13,13,57856.38,286040.6
BRIDGE_ONLY,2020-07-30,222821.65,13,13,57860.03,280681.69
BRIDGE_ONLY,2020-07-31,221003.25,13,13,57863.68,278866.93
BRIDGE_ONLY,2020-08-03,221872.03,13,13,57867.34,279739.36
BRIDGE_ONLY,2020-08-04,229224.43,13,13,57870.99,287095.42
BRIDGE_ONLY,2020-08-05,232822.99,13,13,57874.64,290697.63
BRIDGE_ONLY,2020-08-06,233075.13,13,13,57878.29,290953.42
BRIDGE_ONLY,2020-08-07,233979.86,13,13,57881.94,291861.8
BRIDGE_ONLY,2020-08-10,237771.72,13,13,57885.59,295657.31
BRIDGE_ONLY,2020-08-11,237222.41,13,13,57889.25,295111.66
BRIDGE_ONLY,2020-08-12,241278.92,13,13,57892.9,299171.81
BRIDGE_ONLY,2020-08-13,238512.13,13,13,57720.19,296232.32
BRIDGE_ONLY,2020-08-14,239652.6,13,13,57723.83,297376.43
BRIDGE_ONLY,2020-08-17,240799.02,13,13,57727.47,298526.49
BRIDGE_ONLY,2020-08-18,240177.62,14,14,71560.92,311738.54
BRIDGE_ONLY,2020-08-19,236690.49,14,14,70997.81,307688.3
BRIDGE_ONLY,2020-08-20,236135.93,14,14,71002.29,307138.22
BRIDGE_ONLY,2020-08-21,234377.72,14,14,70542.78,304920.49
BRIDGE_ONLY,2020-08-24,239629.78,14,14,70547.23,310177.01
BRIDGE_ONLY,2020-08-25,243138.89,14,14,70551.68,313690.57
BRIDGE_ONLY,2020-08-26,245223.48,14,14,70556.13,315779.61
BRIDGE_ONLY,2020-08-27,245408.01,14,14,70560.58,315968.59
BRIDGE_ONLY,2020-08-28,248902.44,14,14,70565.03,319467.47
BRIDGE_ONLY,2020-08-31,247102.64,14,14,70569.49,317672.13
BRIDGE_ONLY,2020-09-01,250356.53,14,14,70966.49,321323.03
BRIDGE_ONLY,2020-09-02,253279.3,14,14,70970.97,324250.27
BRIDGE_ONLY,2020-09-03,244743.05,14,14,70975.45,315718.49
BRIDGE_ONLY,2020-09-04,243742.69,12,12,18252.67,261995.36
BRIDGE_ONLY,2020-09-08,234792.33,14,14,66226.18,301018.51
BRIDGE_ONLY,2020-09-09,237013.89,14,14,66230.36,303244.25
BRIDGE_ONLY,2020-09-10,230150.36,14,14,66234.54,296384.89
BRIDGE_ONLY,2020-09-11,231130.36,14,14,66238.72,297369.08
BRIDGE_ONLY,2020-09-14,234921.94,14,14,66242.9,301164.84
BRIDGE_ONLY,2020-09-15,231883.33,14,14,66247.07,298130.41
BRIDGE_ONLY,2020-09-16,236457.01,14,14,66251.25,302708.26
BRIDGE_ONLY,2020-09-17,234174.49,14,14,66255.43,300429.93
BRIDGE_ONLY,2020-09-18,232681.34,14,14,66259.62,298940.96
BRIDGE_ONLY,2020-09-21,223917.62,14,14,63685.84,287603.46
BRIDGE_ONLY,2020-09-22,224257.48,14,14,63689.86,287947.34
BRIDGE_ONLY,2020-09-23,218993.51,14,14,63693.88,282687.39
BRIDGE_ONLY,2020-09-24,217579.14,14,14,63697.9,281277.04
BRIDGE_ONLY,2020-09-25,218241.03,14,14,60615.04,278856.07
BRIDGE_ONLY,2020-09-28,226975.21,14,14,60618.86,287594.07
BRIDGE_ONLY,2020-09-29,221587.44,14,14,60622.69,282210.13
BRIDGE_ONLY,2020-09-30,223484.19,14,14,60626.51,284110.7
BRIDGE_ONLY,2020-10-01,222188.16,14,14,60630.34,282818.5
BRIDGE_ONLY,2020-10-02,222973.54,14,14,60634.16,283607.7
BRIDGE_ONLY,2020-10-05,230022.61,14,14,60637.99,290660.6
BRIDGE_ONLY,2020-10-06,224358.59,14,14,60641.81,285000.4
BRIDGE_ONLY,2020-10-07,229410.76,14,14,60645.64,290056.4
BRIDGE_ONLY,2020-10-08,234753.26,14,14,60649.47,295402.72
BRIDGE_ONLY,2020-10-09,234291.8,14,14,60653.29,294945.09
BRIDGE_ONLY,2020-10-12,237223.52,14,14,60657.12,297880.64
BRIDGE_ONLY,2020-10-13,235091.22,14,14,60660.95,295752.17
BRIDGE_ONLY,2020-10-14,233321.16,14,14,60664.78,293985.94
BRIDGE_ONLY,2020-10-15,235890.64,14,14,58612.43,294503.07
BRIDGE_ONLY,2020-10-16,231046.15,14,14,58616.13,289662.29
BRIDGE_ONLY,2020-10-19,226739.13,14,14,57449.97,284189.1
BRIDGE_ONLY,2020-10-20,229811.51,14,14,57453.6,287265.1
BRIDGE_ONLY,2020-10-21,226519.87,14,14,57457.22,283977.09
BRIDGE_ONLY,2020-10-22,236929.81,14,14,57460.85,294390.66
BRIDGE_ONLY,2020-10-23,237875.77,14,14,57464.47,295340.24
BRIDGE_ONLY,2020-10-26,229803.2,14,14,57468.1,287271.3
BRIDGE_ONLY,2020-10-27,225457.61,14,14,57471.72,282929.33
BRIDGE_ONLY,2020-10-28,215600.77,14,14,57475.35,273076.12
BRIDGE_ONLY,2020-10-29,218902.07,14,14,57478.98,276381.05
BRIDGE_ONLY,2020-10-30,220320.05,14,14,57482.6,277802.66
BRIDGE_ONLY,2020-11-02,229054.69,14,14,57486.23,286540.92
BRIDGE_ONLY,2020-11-03,232729.08,14,14,57489.86,290218.94
BRIDGE_ONLY,2020-11-04,234149.53,14,14,57493.49,291643.01
BRIDGE_ONLY,2020-11-05,237255.66,14,14,57497.11,294752.77
BRIDGE_ONLY,2020-11-06,233391.19,14,14,57500.74,290891.93
BRIDGE_ONLY,2020-11-09,255841.9,14,14,55915.11,311757.01
BRIDGE_ONLY,2020-11-10,259775.21,14,14,55918.64,315693.85
BRIDGE_ONLY,2020-11-11,259536.56,14,14,66319.21,325855.77
BRIDGE_ONLY,2020-11-12,253100.97,14,14,66323.4,319424.37
BRIDGE_ONLY,2020-11-13,258669.82,13,13,41686.41,300356.23
BRIDGE_ONLY,2020-11-16,268582.33,14,14,68194.25,336776.58
BRIDGE_ONLY,2020-11-17,270368.87,13,13,41769.4,312138.27
BRIDGE_ONLY,2020-11-18,266810.5,14,14,68940.92,335751.42
BRIDGE_ONLY,2020-11-19,272170.61,12,12,20624.45,292795.06
BRIDGE_ONLY,2020-11-20,270131.24,13,13,47810.14,317941.38
BRIDGE_ONLY,2020-11-23,283462.91,14,14,75345.24,358808.16
BRIDGE_ONLY,2020-11-24,292475.71,14,14,75350.0,367825.71
BRIDGE_ONLY,2020-11-25,285244.42,14,14,75354.75,360599.17
BRIDGE_ONLY,2020-11-27,285703.81,13,13,61059.79,346763.6
BRIDGE_ONLY,2020-11-30,283188.58,13,13,58941.94,342130.52
BRIDGE_ONLY,2020-12-01,287831.95,13,13,58945.66,346777.61
BRIDGE_ONLY,2020-12-02,285213.78,13,13,60766.58,345980.36
BRIDGE_ONLY,2020-12-03,283830.65,13,13,60770.41,344601.07
BRIDGE_ONLY,2020-12-04,287504.34,13,13,60774.25,348278.58
BRIDGE_ONLY,2020-12-07,288082.02,13,13,60778.08,348860.1
BRIDGE_ONLY,2020-12-08,290557.05,13,13,60781.92,351338.97
BRIDGE_ONLY,2020-12-09,287225.78,12,12,31048.47,318274.25
BRIDGE_ONLY,2020-12-10,287737.05,11,11,1590.43,289327.48
BRIDGE_ONLY,2020-12-11,287139.68,11,11,1590.53,288730.21
BRIDGE_ONLY,2020-12-14,285930.83,12,12,30446.94,316377.77
BRIDGE_ONLY,2020-12-15,290772.24,12,12,30448.86,321221.1
BRIDGE_ONLY,2020-12-16,293488.38,13,13,59592.12,353080.5
BRIDGE_ONLY,2020-12-17,294636.45,13,13,59595.88,354232.34
BRIDGE_ONLY,2020-12-18,294012.41,13,13,59599.64,353612.05
BRIDGE_ONLY,2020-12-21,291621.63,13,13,59603.4,351225.03
BRIDGE_ONLY,2020-12-22,291514.58,13,13,59607.16,351121.74
BRIDGE_ONLY,2020-12-23,292250.12,13,13,59610.93,351861.05
BRIDGE_ONLY,2020-12-24,292039.16,13,13,59614.69,351653.84
BRIDGE_ONLY,2020-12-28,292819.39,13,13,59618.45,352437.83
BRIDGE_ONLY,2020-12-29,292437.96,13,13,59622.21,352060.17
BRIDGE_ONLY,2020-12-30,293689.8,13,13,59625.97,353315.77
BRIDGE_ONLY,2020-12-31,294392.03,13,13,59629.73,354021.77
BRIDGE_ONLY,2021-01-04,287923.19,13,13,59633.5,347556.69
BRIDGE_ONLY,2021-01-05,291771.07,13,13,62959.06,354730.12
BRIDGE_ONLY,2021-01-06,295322.57,13,13,62963.03,358285.6
BRIDGE_ONLY,2021-01-07,297344.42,13,13,62967.0,360311.42
BRIDGE_ONLY,2021-01-08,300437.08,13,13,62970.98,363408.05
BRIDGE_ONLY,2021-01-11,301775.65,13,13,62974.95,364750.6
BRIDGE_ONLY,2021-01-12,307215.29,13,13,63237.03,370452.32
BRIDGE_ONLY,2021-01-13,303927.81,13,13,63241.02,367168.83
BRIDGE_ONLY,2021-01-14,303550.81,12,12,53544.55,357095.36
BRIDGE_ONLY,2021-01-15,299635.24,13,13,83798.93,383434.17
BRIDGE_ONLY,2021-01-19,301574.22,13,13,83804.21,385378.43
BRIDGE_ONLY,2021-01-20,309838.53,13,13,83809.5,393648.03
BRIDGE_ONLY,2021-01-21,310236.21,13,13,83814.79,394051.0
BRIDGE_ONLY,2021-01-22,310570.12,13,13,83820.08,394390.19
BRIDGE_ONLY,2021-01-25,310311.6,13,13,83825.37,394136.97
BRIDGE_ONLY,2021-01-26,311586.89,13,13,83830.66,395417.54
BRIDGE_ONLY,2021-01-27,305929.98,13,13,83835.95,389765.93
BRIDGE_ONLY,2021-01-28,309839.98,12,12,51477.32,361317.3
BRIDGE_ONLY,2021-01-29,301324.87,13,13,81683.71,383008.57
BRIDGE_ONLY,2021-02-01,305644.35,11,11,23058.76,328703.11
BRIDGE_ONLY,2021-02-02,311064.35,12,12,53992.13,365056.48
BRIDGE_ONLY,2021-02-03,314206.64,13,13,85195.68,399402.32
BRIDGE_ONLY,2021-02-04,321408.11,13,13,85201.02,406609.14
BRIDGE_ONLY,2021-02-05,324335.52,13,13,85206.37,409541.89
BRIDGE_ONLY,2021-02-08,331073.36,13,13,85211.71,416285.07
BRIDGE_ONLY,2021-02-09,330637.99,13,13,85217.05,415855.04
BRIDGE_ONLY,2021-02-10,335483.1,10,10,0.0,325220.07
BRIDGE_ONLY,2021-02-11,333246.93,11,11,23295.26,356542.19
BRIDGE_ONLY,2021-02-12,339304.3,12,12,56577.43,395881.73
BRIDGE_ONLY,2021-02-16,343632.35,13,13,92337.97,435970.32
BRIDGE_ONLY,2021-02-17,342311.56,13,13,92343.76,434655.32
BRIDGE_ONLY,2021-02-18,339038.0,13,13,91203.81,430241.81
BRIDGE_ONLY,2021-02-19,343314.6,13,13,91209.52,434524.12
BRIDGE_ONLY,2021-02-22,346606.49,13,13,91215.24,437821.73
BRIDGE_ONLY,2021-02-23,347008.17,13,13,93331.4,440339.57
BRIDGE_ONLY,2021-02-24,354614.09,13,13,93337.25,447951.35
BRIDGE_ONLY,2021-02-25,347913.62,13,13,93343.11,441256.72
BRIDGE_ONLY,2021-02-26,346997.19,10,10,0.0,331949.55
BRIDGE_ONLY,2021-03-01,353171.76,10,10,0.0,338124.12
BRIDGE_ONLY,2021-03-02,347745.78,13,13,90654.6,438400.38
BRIDGE_ONLY,2021-03-03,340455.04,13,13,80526.76,420981.8
BRIDGE_ONLY,2021-03-04,334597.03,13,13,80531.78,415128.81
BRIDGE_ONLY,2021-03-05,346342.02,13,13,80731.19,427073.2
BRIDGE_ONLY,2021-03-08,347139.22,13,13,80736.22,427875.43
BRIDGE_ONLY,2021-03-09,350079.06,13,13,80741.25,430820.31
BRIDGE_ONLY,2021-03-10,357392.11,13,13,80746.28,438138.39
BRIDGE_ONLY,2021-03-11,359818.73,13,13,80751.31,440570.03
BRIDGE_ONLY,2021-03-12,364180.93,13,13,80756.34,444937.27
BRIDGE_ONLY,2021-03-15,368671.51,13,13,80761.37,449432.88
BRIDGE_ONLY,2021-03-16,364423.39,13,13,80766.4,445189.79
BRIDGE_ONLY,2021-03-17,367128.13,14,14,105186.92,472315.04
BRIDGE_ONLY,2021-03-18,355256.46,14,14,105193.47,460449.93
BRIDGE_ONLY,2021-03-19,356531.32,14,14,105200.02,461731.34
BRIDGE_ONLY,2021-03-22,359583.22,14,14,105206.58,464789.79
BRIDGE_ONLY,2021-03-23,356270.35,14,14,105213.13,461483.48
BRIDGE_ONLY,2021-03-24,353718.38,14,14,105219.69,458938.07
BRIDGE_ONLY,2021-03-25,354658.87,14,14,105226.24,459885.11
BRIDGE_ONLY,2021-03-26,361073.65,14,14,105232.8,466306.45
BRIDGE_ONLY,2021-03-29,360187.9,14,14,105239.35,465427.25
BRIDGE_ONLY,2021-03-30,360357.92,13,13,71948.21,432306.13
BRIDGE_ONLY,2021-03-31,361948.77,13,13,81502.63,443451.4
BRIDGE_ONLY,2021-04-01,368731.33,13,13,81507.71,450239.04
BRIDGE_ONLY,2021-04-05,372588.72,13,13,81512.79,454101.5
BRIDGE_ONLY,2021-04-06,374811.55,13,13,81459.59,456271.15
BRIDGE_ONLY,2021-04-07,377514.31,13,13,91366.76,468881.07
BRIDGE_ONLY,2021-04-08,379094.17,13,13,90774.29,469868.45
BRIDGE_ONLY,2021-04-09,381178.93,13,13,90779.94,471958.87
BRIDGE_ONLY,2021-04-12,379894.06,13,13,90785.6,470679.65
BRIDGE_ONLY,2021-04-13,378848.32,13,13,93424.38,472272.7
BRIDGE_ONLY,2021-04-14,379078.31,13,13,95081.76,474160.07
BRIDGE_ONLY,2021-04-15,381361.5,13,13,93569.27,474930.77
BRIDGE_ONLY,2021-04-16,382189.61,13,13,93575.1,475764.71
BRIDGE_ONLY,2021-04-19,381543.53,13,13,93580.93,475124.46
BRIDGE_ONLY,2021-04-20,373232.2,13,13,101397.5,474629.69
BRIDGE_ONLY,2021-04-21,377069.27,12,12,61086.42,438155.69
BRIDGE_ONLY,2021-04-22,374543.49,13,13,99003.74,473547.23
BRIDGE_ONLY,2021-04-23,381807.79,12,12,59528.62,441336.41
BRIDGE_ONLY,2021-04-26,384518.78,13,13,97847.64,482366.42
BRIDGE_ONLY,2021-04-27,387527.24,13,13,100109.25,487636.49
BRIDGE_ONLY,2021-04-28,391301.99,13,13,100115.49,491417.48
BRIDGE_ONLY,2021-04-29,390274.55,13,13,100121.73,490396.28
BRIDGE_ONLY,2021-04-30,386007.61,13,13,100127.97,486135.58
BRIDGE_ONLY,2021-05-03,388559.02,13,13,96673.67,485232.69
BRIDGE_ONLY,2021-05-04,386766.75,13,13,96679.66,483446.41
BRIDGE_ONLY,2021-05-05,390737.78,12,12,58775.73,449513.51
BRIDGE_ONLY,2021-05-06,393773.86,12,12,58652.51,452426.37
BRIDGE_ONLY,2021-05-07,400096.21,13,13,97836.5,497932.7
BRIDGE_ONLY,2021-05-10,396695.87,13,13,98594.72,495290.59
BRIDGE_ONLY,2021-05-11,392682.9,13,13,98820.08,491502.98
BRIDGE_ONLY,2021-05-12,386028.07,9,9,0.0,333838.43
BRIDGE_ONLY,2021-05-13,388325.47,9,9,0.0,336135.83
BRIDGE_ONLY,2021-05-14,394160.27,9,9,0.0,339730.0
BRIDGE_ONLY,2021-05-17,398385.31,10,10,0.0,383324.63
BRIDGE_ONLY,2021-05-18,398312.1,10,10,0.0,383251.43
BRIDGE_ONLY,2021-05-19,397586.39,12,12,62812.3,460398.68
BRIDGE_ONLY,2021-05-20,403050.41,13,13,102819.42,505869.84
BRIDGE_ONLY,2021-05-21,404961.46,13,13,102825.79,507787.24
BRIDGE_ONLY,2021-05-24,410030.86,13,13,102832.15,512863.01
BRIDGE_ONLY,2021-05-25,412389.87,13,13,102838.52,515228.38
BRIDGE_ONLY,2021-05-26,421079.1,13,13,104498.72,525577.82
BRIDGE_ONLY,2021-05-27,428580.15,13,13,104505.19,533085.34
BRIDGE_ONLY,2021-05-28,426006.06,13,13,104511.66,530517.72
BRIDGE_ONLY,2021-06-01,430394.62,13,13,105621.69,536016.3
BRIDGE_ONLY,2021-06-02,436524.55,13,13,105628.31,542152.86
BRIDGE_ONLY,2021-06-03,436849.44,13,13,105634.93,542484.37
BRIDGE_ONLY,2021-06-04,440366.07,10,10,0.0,413845.27
BRIDGE_ONLY,2021-06-07,439498.28,12,12,61768.53,501266.8
BRIDGE_ONLY,2021-06-08,438782.03,12,12,65347.75,504129.78
BRIDGE_ONLY,2021-06-09,438161.41,13,13,109302.02,547463.43
BRIDGE_ONLY,2021-06-10,440330.58,13,13,109308.87,549639.45
BRIDGE_ONLY,2021-06-11,442799.14,13,13,108788.87,551588.02
BRIDGE_ONLY,2021-06-14,441245.09,12,12,63295.94,504541.03
BRIDGE_ONLY,2021-06-15,436960.41,11,11,20901.01,457861.41
BRIDGE_ONLY,2021-06-16,434532.17,13,13,108510.05,543042.22
BRIDGE_ONLY,2021-06-17,438393.64,13,13,108516.86,546910.5
BRIDGE_ONLY,2021-06-18,434084.94,13,13,108523.66,542608.6
BRIDGE_ONLY,2021-06-21,437909.97,13,13,108530.47,546440.44
BRIDGE_ONLY,2021-06-22,442154.02,13,13,108537.27,550691.29
BRIDGE_ONLY,2021-06-23,444113.52,13,13,108544.08,552657.6
BRIDGE_ONLY,2021-06-24,449229.67,13,13,108534.69,557764.36
BRIDGE_ONLY,2021-06-25,452721.82,13,13,107238.61,559960.43
BRIDGE_ONLY,2021-06-28,453007.95,13,13,107245.33,560253.28
BRIDGE_ONLY,2021-06-29,452023.09,13,13,107252.06,559275.15
BRIDGE_ONLY,2021-06-30,458963.63,13,13,107258.78,566222.41
BRIDGE_ONLY,2021-07-01,456916.73,13,13,107265.59,564182.32
BRIDGE_ONLY,2021-07-02,457088.6,13,13,103696.75,560785.35
BRIDGE_ONLY,2021-07-06,450949.64,13,13,103703.33,554652.97
BRIDGE_ONLY,2021-07-07,445585.8,13,13,103709.92,549295.72
BRIDGE_ONLY,2021-07-08,440591.28,12,12,59829.39,500420.67
BRIDGE_ONLY,2021-07-09,449529.08,13,13,104231.6,553760.68
BRIDGE_ONLY,2021-07-12,452363.07,13,13,104238.21,556601.29
BRIDGE_ONLY,2021-07-13,445581.7,13,13,104244.83,549826.54
BRIDGE_ONLY,2021-07-14,444900.9,12,12,65889.78,510790.68
BRIDGE_ONLY,2021-07-15,442561.63,13,13,110217.84,552779.47
BRIDGE_ONLY,2021-07-16,437927.11,13,13,104662.36,542589.48
BRIDGE_ONLY,2021-07-19,430637.86,13,13,104669.01,535306.87
BRIDGE_ONLY,2021-07-20,439213.9,13,13,104675.66,543889.55
BRIDGE_ONLY,2021-07-21,444610.87,13,13,104682.3,549293.17
BRIDGE_ONLY,2021-07-22,440744.66,13,13,104688.95,545433.61
BRIDGE_ONLY,2021-07-23,442260.8,13,13,103547.15,545807.95
BRIDGE_ONLY,2021-07-26,446206.41,13,13,103553.72,549760.13
BRIDGE_ONLY,2021-07-27,442801.6,13,13,103560.3,546361.9
BRIDGE_ONLY,2021-07-28,445708.19,13,13,104121.21,549829.39
BRIDGE_ONLY,2021-07-29,449905.78,13,13,104127.82,554033.59
BRIDGE_ONLY,2021-07-30,443821.34,13,13,104134.43,547955.77
BRIDGE_ONLY,2021-08-02,441406.15,13,13,104141.0,545547.15
BRIDGE_ONLY,2021-08-03,446323.02,13,13,104147.57,550470.59
BRIDGE_ONLY,2021-08-04,443743.18,13,13,104154.14,547897.32
BRIDGE_ONLY,2021-08-05,452959.78,13,13,104160.71,557120.5
BRIDGE_ONLY,2021-08-06,456262.2,13,13,106691.73,562953.93
BRIDGE_ONLY,2021-08-09,454616.94,13,13,106698.47,561315.41
BRIDGE_ONLY,2021-08-10,461121.97,13,13,106705.2,567827.17
BRIDGE_ONLY,2021-08-11,465388.34,13,13,106711.93,572100.27
BRIDGE_ONLY,2021-08-12,465923.95,13,13,106718.66,572642.61
BRIDGE_ONLY,2021-08-13,463745.96,13,13,106459.17,570205.13
BRIDGE_ONLY,2021-08-16,460402.01,13,13,106465.88,566867.89
BRIDGE_ONLY,2021-08-17,457568.44,13,13,103568.63,561137.07
BRIDGE_ONLY,2021-08-18,454404.8,12,12,58478.18,512882.98
BRIDGE_ONLY,2021-08-19,453996.17,11,11,17168.74,471164.91
BRIDGE_ONLY,2021-08-20,458078.69,11,11,15842.74,473921.42
BRIDGE_ONLY,2021-08-23,463713.48,12,12,61825.21,525538.69
BRIDGE_ONLY,2021-08-24,466322.09,13,13,108251.44,574573.53
BRIDGE_ONLY,2021-08-25,467881.15,13,13,108258.27,576139.42
BRIDGE_ONLY,2021-08-26,463674.99,13,13,108265.1,571940.09
BRIDGE_ONLY,2021-08-27,470263.06,13,13,108271.93,578534.99
BRIDGE_ONLY,2021-08-30,472806.37,13,13,108278.76,581085.13
BRIDGE_ONLY,2021-08-31,474851.47,13,13,108285.59,583137.07
BRIDGE_ONLY,2021-09-01,473904.72,13,13,111885.15,585789.86
BRIDGE_ONLY,2021-09-02,476639.62,13,13,116631.91,593271.53
BRIDGE_ONLY,2021-09-03,477249.67,13,13,116639.22,593888.89
BRIDGE_ONLY,2021-09-07,476761.68,13,13,116646.54,593408.22
BRIDGE_ONLY,2021-09-08,472488.78,13,13,120263.44,592752.22
BRIDGE_ONLY,2021-09-09,471996.1,13,13,115633.77,587629.87
BRIDGE_ONLY,2021-09-10,465609.76,13,13,115641.02,581250.78
BRIDGE_ONLY,2021-09-13,466522.89,13,13,115648.27,582171.16
BRIDGE_ONLY,2021-09-14,458820.13,13,13,111491.35,570311.48
BRIDGE_ONLY,2021-09-15,463862.7,13,13,111498.34,575361.03
BRIDGE_ONLY,2021-09-16,464275.47,13,13,111505.33,575780.8
BRIDGE_ONLY,2021-09-17,463164.07,13,13,111512.32,574676.39
BRIDGE_ONLY,2021-09-20,456400.37,13,13,111519.31,567919.68
BRIDGE_ONLY,2021-09-21,455816.06,13,13,111526.3,567342.36
BRIDGE_ONLY,2021-09-22,465318.64,13,13,111533.3,576851.94
BRIDGE_ONLY,2021-09-23,476883.03,13,13,111540.29,588423.32
BRIDGE_ONLY,2021-09-24,481800.79,13,13,111547.28,593348.07
BRIDGE_ONLY,2021-09-27,486008.34,13,13,111554.28,597562.62
BRIDGE_ONLY,2021-09-28,478666.55,13,13,111561.27,590227.82
BRIDGE_ONLY,2021-09-29,478421.45,12,12,63303.01,541724.47
BRIDGE_ONLY,2021-09-30,465136.0,13,13,107822.71,572958.71
BRIDGE_ONLY,2021-10-01,477498.63,13,13,107829.47,585328.09
BRIDGE_ONLY,2021-10-04,474772.47,13,13,107836.23,582608.7
BRIDGE_ONLY,2021-10-05,476591.02,13,13,107842.99,584434.01
BRIDGE_ONLY,2021-10-06,476213.97,13,13,107849.75,584063.73
BRIDGE_ONLY,2021-10-07,481269.73,13,13,107856.51,589126.25
BRIDGE_ONLY,2021-10-08,476580.73,13,13,107863.28,584444.0
BRIDGE_ONLY,2021-10-11,470949.5,13,13,107870.04,578819.54
BRIDGE_ONLY,2021-10-12,469224.17,13,13,107876.8,577100.97
BRIDGE_ONLY,2021-10-13,469327.09,13,13,107883.57,577210.66
BRIDGE_ONLY,2021-10-14,471824.66,13,13,107890.33,579714.99
BRIDGE_ONLY,2021-10-15,472429.32,13,13,105956.66,578385.97
BRIDGE_ONLY,2021-10-18,477255.92,13,13,105963.3,583219.22
BRIDGE_ONLY,2021-10-19,479832.86,13,13,105969.94,585802.8
BRIDGE_ONLY,2021-10-20,481071.07,13,13,97503.32,578574.39
BRIDGE_ONLY,2021-10-21,478197.14,13,13,97509.43,575706.57
BRIDGE_ONLY,2021-10-22,471365.92,13,13,94296.87,565662.79
BRIDGE_ONLY,2021-10-25,474919.54,13,13,94302.79,569222.33
BRIDGE_ONLY,2021-10-26,477207.36,13,13,94308.7,571516.06
BRIDGE_ONLY,2021-10-27,463458.53,14,14,142054.15,605512.69
BRIDGE_ONLY,2021-10-28,471388.23,13,13,94787.71,566175.94
BRIDGE_ONLY,2021-10-29,467983.22,13,13,94793.66,562776.88
BRIDGE_ONLY,2021-11-01,478338.07,12,12,44707.45,523045.52
BRIDGE_ONLY,2021-11-02,478168.4,14,14,140483.71,618652.1
BRIDGE_ONLY,2021-11-03,485367.87,14,14,140492.51,625860.39
BRIDGE_ONLY,2021-11-04,487523.82,14,14,140501.32,628025.14
BRIDGE_ONLY,2021-11-05,503325.86,14,14,140510.13,643835.99
BRIDGE_ONLY,2021-11-08,501524.07,14,14,140518.94,642043.01
BRIDGE_ONLY,2021-11-09,500536.93,11,11,1112.05,501648.98
BRIDGE_ONLY,2021-11-10,494462.24,13,13,100470.5,594932.75
BRIDGE_ONLY,2021-11-11,494472.85,13,13,104231.13,598703.98
BRIDGE_ONLY,2021-11-12,496044.53,13,13,102360.14,598404.68
BRIDGE_ONLY,2021-11-15,497394.94,13,13,102366.56,599761.51
BRIDGE_ONLY,2021-11-16,491274.37,13,13,102372.98,593647.35
BRIDGE_ONLY,2021-11-17,484969.52,13,13,110226.26,595195.77
BRIDGE_ONLY,2021-11-18,482828.06,13,13,110233.17,593061.22
BRIDGE_ONLY,2021-11-19,479575.84,13,13,110240.08,589815.92
BRIDGE_ONLY,2021-11-22,477559.09,13,13,110246.99,587806.08
BRIDGE_ONLY,2021-11-23,476768.52,13,13,110253.9,587022.42
BRIDGE_ONLY,2021-11-24,479414.99,13,13,110260.81,589675.81
BRIDGE_ONLY,2021-11-26,467279.46,13,13,110267.73,577547.19
BRIDGE_ONLY,2021-11-29,468031.57,12,12,39978.8,508010.37
BRIDGE_ONLY,2021-11-30,453611.71,14,14,132860.37,586472.08
BRIDGE_ONLY,2021-12-01,445916.98,14,14,132868.7,578785.67
BRIDGE_ONLY,2021-12-02,456197.17,14,14,132877.03,589074.2
BRIDGE_ONLY,2021-12-03,455720.73,14,14,132885.36,588606.1
BRIDGE_ONLY,2021-12-06,465123.68,14,14,132893.69,598017.37
BRIDGE_ONLY,2021-12-07,474942.94,14,14,132902.03,607844.96
BRIDGE_ONLY,2021-12-08,474411.99,14,14,132910.36,607322.35
BRIDGE_ONLY,2021-12-09,470802.15,14,14,129750.71,600552.86
BRIDGE_ONLY,2021-12-10,477342.26,14,14,129758.85,607101.11
BRIDGE_ONLY,2021-12-13,471191.6,14,14,129766.98,600958.58
BRIDGE_ONLY,2021-12-14,471273.75,14,14,127977.24,599250.99
BRIDGE_ONLY,2021-12-15,471537.7,14,14,127985.26,599522.96
BRIDGE_ONLY,2021-12-16,476604.35,14,14,127993.29,604597.64
BRIDGE_ONLY,2021-12-17,467522.39,14,14,128666.59,596188.98
BRIDGE_ONLY,2021-12-20,460167.89,14,14,129709.16,589877.05
BRIDGE_ONLY,2021-12-21,471858.51,14,14,129717.29,601575.8
BRIDGE_ONLY,2021-12-22,474226.4,14,14,129725.43,603951.82
BRIDGE_ONLY,2021-12-23,478482.86,14,14,129733.56,608216.42
BRIDGE_ONLY,2021-12-27,482267.38,14,14,129741.69,612009.07
BRIDGE_ONLY,2021-12-28,480073.79,14,14,129749.83,609823.62
BRIDGE_ONLY,2021-12-29,476837.14,14,14,129507.66,606344.8
BRIDGE_ONLY,2021-12-30,479516.03,14,14,136266.47,615782.5
BRIDGE_ONLY,2021-12-31,475696.94,14,14,133639.25,609336.19
BRIDGE_ONLY,2022-01-03,490228.7,14,14,133647.63,623876.33
BRIDGE_ONLY,2022-01-04,497799.02,14,14,142312.33,640111.35
BRIDGE_ONLY,2022-01-05,492663.28,14,14,142321.25,634984.53
BRIDGE_ONLY,2022-01-06,499768.72,12,12,42404.35,542173.07
BRIDGE_ONLY,2022-01-07,507896.01,12,12,42407.01,550303.01
BRIDGE_ONLY,2022-01-10,504304.49,13,13,93117.18,597421.66
BRIDGE_ONLY,2022-01-11,512401.31,13,13,93123.02,605524.32
BRIDGE_ONLY,2022-01-12,510405.35,14,14,146758.09,657163.45
BRIDGE_ONLY,2022-01-13,507034.36,14,14,146767.29,653801.65
BRIDGE_ONLY,2022-01-14,520421.01,14,14,146776.5,667197.51
BRIDGE_ONLY,2022-01-18,510103.34,14,14,146785.7,656889.04
BRIDGE_ONLY,2022-01-19,505491.84,13,13,103203.52,608695.36
BRIDGE_ONLY,2022-01-20,498339.52,13,13,103209.99,601549.51
BRIDGE_ONLY,2022-01-21,484497.89,12,12,49942.09,534439.98
BRIDGE_ONLY,2022-01-24,485666.48,9,9,0.0,389194.55
BRIDGE_ONLY,2022-01-25,487454.39,9,9,0.0,390982.46
BRIDGE_ONLY,2022-01-26,484418.73,10,10,0.0,437204.74
BRIDGE_ONLY,2022-01-27,477221.51,10,10,0.0,430007.52
BRIDGE_ONLY,2022-01-28,489759.17,14,14,136256.26,626015.43
BRIDGE_ONLY,2022-01-31,500094.63,14,14,136264.8,636359.43
BRIDGE_ONLY,2022-02-01,505203.7,14,14,136273.34,641477.05
BRIDGE_ONLY,2022-02-02,493876.14,14,14,135119.48,628995.62
BRIDGE_ONLY,2022-02-03,484969.49,14,14,120240.01,605209.5
BRIDGE_ONLY,2022-02-04,489380.66,14,14,120247.55,609628.21
BRIDGE_ONLY,2022-02-07,489675.1,14,14,120255.09,609930.19
BRIDGE_ONLY,2022-02-08,493470.83,14,14,123691.0,617161.83
BRIDGE_ONLY,2022-02-09,505762.26,14,14,123698.75,629461.01
BRIDGE_ONLY,2022-02-10,496498.97,14,14,123706.51,620205.48
BRIDGE_ONLY,2022-02-11,489358.57,13,13,72763.97,562122.54
BRIDGE_ONLY,2022-02-14,484427.13,14,14,119162.08,603589.21
BRIDGE_ONLY,2022-02-15,488706.27,14,14,119169.55,607875.83
BRIDGE_ONLY,2022-02-16,480350.68,14,14,119177.03,599527.71
BRIDGE_ONLY,2022-02-17,477561.96,14,14,137683.23,615245.19
BRIDGE_ONLY,2022-02-18,475012.07,14,14,137691.86,612703.93
BRIDGE_ONLY,2022-02-22,471950.3,13,13,88141.71,560092.01
BRIDGE_ONLY,2022-02-23,471030.42,14,14,135581.56,606611.97
BRIDGE_ONLY,2022-02-24,466667.1,14,14,135590.06,602257.16
BRIDGE_ONLY,2022-02-25,481270.9,14,14,135598.56,616869.46
BRIDGE_ONLY,2022-02-28,479895.14,14,14,135607.06,615502.21
BRIDGE_ONLY,2022-03-01,478742.87,13,13,84649.45,563392.32
BRIDGE_ONLY,2022-03-02,489963.69,14,14,132952.82,622916.51
BRIDGE_ONLY,2022-03-03,491860.18,14,14,132961.79,624821.98
BRIDGE_ONLY,2022-03-04,497809.46,14,14,132970.76,630780.22
BRIDGE_ONLY,2022-03-07,495028.33,14,14,132979.73,628008.07
BRIDGE_ONLY,2022-03-08,487923.81,13,13,83211.42,571135.24
BRIDGE_ONLY,2022-03-09,486081.89,10,10,0.0,412917.17
BRIDGE_ONLY,2022-03-10,488872.11,11,11,0.0,462820.45
BRIDGE_ONLY,2022-03-11,481591.96,12,12,22972.47,504564.42
BRIDGE_ONLY,2022-03-14,475817.94,11,11,0.0,448845.33
BRIDGE_ONLY,2022-03-15,482889.65,10,10,0.0,406227.85
BRIDGE_ONLY,2022-03-16,495135.89,13,13,69858.4,564994.28
BRIDGE_ONLY,2022-03-17,501427.03,14,14,118981.99,620409.02
BRIDGE_ONLY,2022-03-18,509427.95,14,14,118990.01,628417.97
BRIDGE_ONLY,2022-03-21,503875.92,14,14,118998.04,622873.96
BRIDGE_ONLY,2022-03-22,510152.97,14,14,123368.26,633521.23
BRIDGE_ONLY,2022-03-23,504868.79,14,14,123376.58,628245.37
BRIDGE_ONLY,2022-03-24,508902.54,10,10,0.0,460391.19
BRIDGE_ONLY,2022-03-25,515568.4,13,13,104233.44,619801.85
BRIDGE_ONLY,2022-03-28,513857.59,13,13,104240.48,618098.07
BRIDGE_ONLY,2022-03-29,519844.4,11,11,227.9,520072.3
BRIDGE_ONLY,2022-03-30,513381.45,13,13,103919.32,617300.77
BRIDGE_ONLY,2022-03-31,507280.22,13,13,104905.4,612185.62
BRIDGE_ONLY,2022-04-01,510003.69,10,10,0.0,504194.89
BRIDGE_ONLY,2022-04-04,513008.26,10,10,0.0,507199.45
BRIDGE_ONLY,2022-04-05,505307.35,9,9,0.0,447414.56
BRIDGE_ONLY,2022-04-06,504886.65,9,9,0.0,446993.85
BRIDGE_ONLY,2022-04-07,504513.3,9,9,0.0,446620.5
BRIDGE_ONLY,2022-04-08,511472.79,9,9,0.0,455574.03
BRIDGE_ONLY,2022-04-11,499521.33,13,13,147261.16,646782.49
BRIDGE_ONLY,2022-04-12,504487.07,12,12,93882.22,598369.29
BRIDGE_ONLY,2022-04-13,511494.57,11,11,41064.88,552559.45
BRIDGE_ONLY,2022-04-14,506905.68,13,13,143155.38,650061.06
BRIDGE_ONLY,2022-04-18,508105.38,13,13,143165.77,651271.16
BRIDGE_ONLY,2022-04-19,515807.32,13,13,143176.17,658983.49
BRIDGE_ONLY,2022-04-20,518744.47,13,13,143186.57,661931.03
BRIDGE_ONLY,2022-04-21,508846.09,13,13,143196.97,652043.05
BRIDGE_ONLY,2022-04-22,493826.9,13,13,143207.36,637034.26
BRIDGE_ONLY,2022-04-25,486919.5,12,12,92227.57,579147.07
BRIDGE_ONLY,2022-04-26,476861.22,13,13,140908.39,617769.61
BRIDGE_ONLY,2022-04-27,478095.29,11,11,32178.49,510273.78
BRIDGE_ONLY,2022-04-28,488320.16,11,11,32180.82,520500.99
BRIDGE_ONLY,2022-04-29,469977.02,13,13,129670.43,599647.46
BRIDGE_ONLY,2022-05-02,477525.01,13,13,129682.06,607207.07
BRIDGE_ONLY,2022-05-03,486685.1,13,13,129693.69,616378.79
BRIDGE_ONLY,2022-05-04,506996.3,13,13,129705.32,636701.62
BRIDGE_ONLY,2022-05-05,491434.92,13,13,129716.96,621151.87
BRIDGE_ONLY,2022-05-06,493918.69,12,12,84249.07,578167.76
BRIDGE_ONLY,2022-05-09,458787.6,13,13,132593.08,591380.68
BRIDGE_ONLY,2022-05-10,462116.98,13,13,126378.31,588495.29
BRIDGE_ONLY,2022-05-11,461037.07,13,13,126389.64,587426.71
BRIDGE_ONLY,2022-05-12,457777.02,13,13,126400.98,584178.0
BRIDGE_ONLY,2022-05-13,476759.37,13,13,126412.31,603171.68
BRIDGE_ONLY,2022-05-16,481557.82,13,13,124253.57,605811.39
BRIDGE_ONLY,2022-05-17,497959.68,13,13,124264.71,622224.39
BRIDGE_ONLY,2022-05-18,473209.24,13,13,124275.85,597485.09
BRIDGE_ONLY,2022-05-19,460848.61,9,9,0.0,387044.26
BRIDGE_ONLY,2022-05-20,457966.09,11,11,18834.31,476800.4
BRIDGE_ONLY,2022-05-23,470413.55,12,12,65244.82,535658.37
BRIDGE_ONLY,2022-05-24,465489.89,13,13,111829.11,577318.99
BRIDGE_ONLY,2022-05-25,471695.85,12,12,62826.64,534522.49
BRIDGE_ONLY,2022-05-26,486113.72,13,13,110382.46,596496.19
BRIDGE_ONLY,2022-05-27,495983.37,13,13,110392.36,606375.73
BRIDGE_ONLY,2022-05-31,492582.17,13,13,110402.26,602984.43
BRIDGE_ONLY,2022-06-01,486288.74,13,13,109577.38,595866.12
BRIDGE_ONLY,2022-06-02,493394.86,9,9,0.0,411617.73
BRIDGE_ONLY,2022-06-03,482080.36,13,13,113469.65,595550.01
BRIDGE_ONLY,2022-06-06,485340.7,12,12,63103.35,548444.05
BRIDGE_ONLY,2022-06-07,489476.73,12,12,63110.08,552586.81
BRIDGE_ONLY,2022-06-08,481213.95,13,13,111646.81,592860.76
BRIDGE_ONLY,2022-06-09,465538.9,11,11,15656.49,481195.4
BRIDGE_ONLY,2022-06-10,452439.87,11,11,15658.17,468098.04
BRIDGE_ONLY,2022-06-13,428740.11,11,11,15659.84,444399.95
BRIDGE_ONLY,2022-06-14,426856.94,11,11,15661.51,442518.45
BRIDGE_ONLY,2022-06-15,438436.48,11,11,15663.18,454099.66
BRIDGE_ONLY,2022-06-16,417576.08,11,11,15664.85,433240.93
BRIDGE_ONLY,2022-06-17,425019.42,11,11,15666.52,440685.95
BRIDGE_ONLY,2022-06-21,434537.39,11,11,15668.2,450205.59
BRIDGE_ONLY,2022-06-22,435905.48,13,13,101728.28,537633.76
BRIDGE_ONLY,2022-06-23,437929.29,13,13,101739.14,539668.42
BRIDGE_ONLY,2022-06-24,463203.87,13,13,101750.0,564953.87
BRIDGE_ONLY,2022-06-27,459490.59,13,13,101760.86,561251.45
BRIDGE_ONLY,2022-06-28,447795.73,12,12,57862.57,505658.3
BRIDGE_ONLY,2022-06-29,437218.18,12,12,57868.75,495086.93
BRIDGE_ONLY,2022-06-30,429176.51,13,13,100938.39,530114.9
BRIDGE_ONLY,2022-07-01,434746.8,13,13,95134.16,529880.95
BRIDGE_ONLY,2022-07-05,441498.66,13,13,95146.05,536644.71
BRIDGE_ONLY,2022-07-06,435000.14,13,13,95157.94,530158.08
BRIDGE_ONLY,2022-07-07,447102.45,13,13,95169.84,542272.29
BRIDGE_ONLY,2022-07-08,444998.59,13,13,95181.73,540180.32
BRIDGE_ONLY,2022-07-11,431802.52,13,13,95193.63,526996.14
BRIDGE_ONLY,2022-07-12,433692.89,12,12,50706.48,484399.37
BRIDGE_ONLY,2022-07-13,432546.92,12,12,50712.82,483259.73
BRIDGE_ONLY,2022-07-14,430111.8,13,13,93269.93,523381.73
BRIDGE_ONLY,2022-07-15,445136.2,13,13,93281.59,538417.79
BRIDGE_ONLY,2022-07-18,448849.1,13,13,93293.25,542142.35
BRIDGE_ONLY,2022-07-19,466836.37,13,13,93304.91,560141.28
BRIDGE_ONLY,2022-07-20,476835.02,14,14,140136.33,616971.35
BRIDGE_ONLY,2022-07-21,477491.57,13,13,96014.93,573506.5
BRIDGE_ONLY,2022-07-22,474406.01,13,13,126675.74,601081.74
BRIDGE_ONLY,2022-07-25,477938.87,13,13,125005.24,602944.11
BRIDGE_ONLY,2022-07-26,471654.02,13,13,125020.87,596674.89
BRIDGE_ONLY,2022-07-27,489866.84,13,13,129931.05,619797.88
BRIDGE_ONLY,2022-07-28,495677.27,13,13,129947.29,625624.56
BRIDGE_ONLY,2022-07-29,500595.96,13,13,129963.53,630559.5
BRIDGE_ONLY,2022-08-01,501201.05,13,13,129983.28,631184.33
BRIDGE_ONLY,2022-08-02,494942.26,13,13,141385.14,636327.39
BRIDGE_ONLY,2022-08-03,506896.82,11,11,46695.91,553592.73
BRIDGE_ONLY,2022-08-04,505623.45,11,11,46703.01,552326.46
BRIDGE_ONLY,2022-08-05,503914.44,10,10,0.0,501408.96
BRIDGE_ONLY,2022-08-08,507572.45,11,11,48228.71,555801.17
BRIDGE_ONLY,2022-08-09,505261.24,12,12,97325.32,602586.56
BRIDGE_ONLY,2022-08-10,520760.04,13,13,148953.68,669713.71
BRIDGE_ONLY,2022-08-11,521137.46,13,13,148976.32,670113.78
BRIDGE_ONLY,2022-08-12,530851.43,13,13,150132.44,680983.87
BRIDGE_ONLY,2022-08-15,531184.48,13,13,150155.26,681339.74
BRIDGE_ONLY,2022-08-16,540555.35,13,13,150178.08,690733.42
BRIDGE_ONLY,2022-08-17,530268.27,12,12,94884.09,625152.37
BRIDGE_ONLY,2022-08-18,528875.67,11,11,39381.0,568256.66
BRIDGE_ONLY,2022-08-19,519662.1,13,13,145466.61,665128.71
BRIDGE_ONLY,2022-08-22,509006.71,10,10,0.0,493265.62
BRIDGE_ONLY,2022-08-23,515961.4,10,10,0.0,500220.32
BRIDGE_ONLY,2022-08-24,520593.71,10,10,0.0,504852.62
BRIDGE_ONLY,2022-08-25,528453.01,10,10,0.0,512711.92
BRIDGE_ONLY,2022-08-26,511176.8,11,11,37092.53,548269.33
BRIDGE_ONLY,2022-08-29,507409.06,10,10,0.0,489187.96
BRIDGE_ONLY,2022-08-30,499451.69,10,10,0.0,481230.59
BRIDGE_ONLY,2022-08-31,494782.05,10,10,0.0,476560.95
BRIDGE_ONLY,2022-09-01,496281.45,9,9,0.0,422062.02
BRIDGE_ONLY,2022-09-02,490793.25,10,10,0.0,466651.13
BRIDGE_ONLY,2022-09-06,490481.21,10,10,0.0,466339.09
BRIDGE_ONLY,2022-09-07,502147.79,10,10,0.0,478005.66
BRIDGE_ONLY,2022-09-08,507516.64,13,13,125604.49,633121.12
BRIDGE_ONLY,2022-09-09,518125.26,13,13,125624.82,643750.08
BRIDGE_ONLY,2022-09-12,525265.8,13,13,125645.16,650910.96
BRIDGE_ONLY,2022-09-13,496077.79,13,13,125665.5,621743.29
BRIDGE_ONLY,2022-09-14,500432.19,11,11,24640.15,525072.34
BRIDGE_ONLY,2022-09-15,501317.28,13,13,124438.96,625756.24
BRIDGE_ONLY,2022-09-16,493336.26,13,13,124459.1,617795.36
BRIDGE_ONLY,2022-09-19,494771.43,12,12,69593.79,564365.23
BRIDGE_ONLY,2022-09-20,485486.1,12,12,69605.06,555091.16
BRIDGE_ONLY,2022-09-21,476802.09,12,12,69616.33,546418.42
BRIDGE_ONLY,2022-09-22,468246.68,12,12,69627.6,537874.28
BRIDGE_ONLY,2022-09-23,457073.24,13,13,115830.83,572904.07
BRIDGE_ONLY,2022-09-26,448223.62,13,13,115849.58,564073.21
BRIDGE_ONLY,2022-09-27,452137.52,13,13,115868.34,568005.86
BRIDGE_ONLY,2022-09-28,465425.78,13,13,115887.1,581312.88
BRIDGE_ONLY,2022-09-29,454642.5,13,13,115905.86,570548.37
BRIDGE_ONLY,2022-09-30,447103.64,13,13,115924.63,563028.27
BRIDGE_ONLY,2022-10-03,459724.13,13,13,115945.7,575669.83
BRIDGE_ONLY,2022-10-04,482285.83,13,13,115966.77,598252.6
BRIDGE_ONLY,2022-10-05,481091.66,13,13,115987.85,597079.51
BRIDGE_ONLY,2022-10-06,479802.31,13,13,116008.93,595811.23
BRIDGE_ONLY,2022-10-07,470682.1,13,13,116030.01,586712.11
BRIDGE_ONLY,2022-10-10,462584.87,13,13,116051.1,578635.97
BRIDGE_ONLY,2022-10-11,465524.49,13,13,116072.19,581596.68
BRIDGE_ONLY,2022-10-12,465774.93,13,13,116093.29,581868.22
BRIDGE_ONLY,2022-10-13,479004.17,13,13,116114.39,595118.56
BRIDGE_ONLY,2022-10-14,468426.73,13,13,116135.49,584562.22
BRIDGE_ONLY,2022-10-17,475298.21,13,13,104304.22,579602.43
BRIDGE_ONLY,2022-10-18,479103.79,13,13,105070.95,584174.73
BRIDGE_ONLY,2022-10-19,486760.63,13,13,105090.04,591850.68
BRIDGE_ONLY,2022-10-20,483265.78,13,13,105109.14,588374.93
BRIDGE_ONLY,2022-10-21,498273.22,13,13,105939.92,604213.14
BRIDGE_ONLY,2022-10-24,502419.45,13,13,105959.17,608378.63
BRIDGE_ONLY,2022-10-25,512094.55,13,13,100733.6,612828.15
BRIDGE_ONLY,2022-10-26,514074.69,14,14,151941.27,666015.96
BRIDGE_ONLY,2022-10-27,507574.08,14,14,151968.89,659542.96
BRIDGE_ONLY,2022-10-28,523466.75,13,13,109307.95,632774.7
BRIDGE_ONLY,2022-10-31,518787.96,13,13,109327.81,628115.78
BRIDGE_ONLY,2022-11-01,519004.41,13,13,109350.63,628355.04
BRIDGE_ONLY,2022-11-02,502259.83,13,13,109373.46,611633.29
BRIDGE_ONLY,2022-11-03,489111.97,9,9,0.0,394814.17
BRIDGE_ONLY,2022-11-04,498367.07,9,9,0.0,404069.27
BRIDGE_ONLY,2022-11-07,506303.67,10,10,0.0,462052.57
BRIDGE_ONLY,2022-11-08,513446.55,11,11,6664.86,520111.41
BRIDGE_ONLY,2022-11-09,496709.19,13,13,108110.67,604819.86
BRIDGE_ONLY,2022-11-10,528284.77,10,10,0.0,477291.52
BRIDGE_ONLY,2022-11-11,540475.04,13,13,108051.06,648526.11
BRIDGE_ONLY,2022-11-14,537493.46,14,14,162233.07,699726.53
BRIDGE_ONLY,2022-11-15,547817.35,14,14,162266.93,710084.29
BRIDGE_ONLY,2022-11-16,531032.71,14,14,162300.8,693333.52
BRIDGE_ONLY,2022-11-17,527261.77,10,10,0.0,494115.15
BRIDGE_ONLY,2022-11-18,529347.43,10,10,0.0,496200.81
BRIDGE_ONLY,2022-11-21,525759.68,10,10,0.0,489910.06
BRIDGE_ONLY,2022-11-22,534585.76,9,9,0.0,436446.08
BRIDGE_ONLY,2022-11-23,534852.12,10,10,0.0,490109.5
BRIDGE_ONLY,2022-11-25,533714.54,12,12,61778.02,595492.56
BRIDGE_ONLY,2022-11-28,522716.58,12,12,61790.92,584507.49
BRIDGE_ONLY,2022-11-29,524575.5,11,11,5043.09,529618.58
BRIDGE_ONLY,2022-11-30,533664.48,13,13,109960.91,643625.39
BRIDGE_ONLY,2022-12-01,532968.34,13,13,109985.3,642953.64
BRIDGE_ONLY,2022-12-02,530484.43,13,13,110009.7,640494.13
BRIDGE_ONLY,2022-12-05,515438.32,13,13,110034.1,625472.42
BRIDGE_ONLY,2022-12-06,510777.43,11,11,3492.77,514270.2
BRIDGE_ONLY,2022-12-07,508125.02,11,11,3493.54,511618.57
BRIDGE_ONLY,2022-12-08,506856.67,11,11,3494.32,510350.99
BRIDGE_ONLY,2022-12-09,505619.77,11,11,3495.09,509114.87
BRIDGE_ONLY,2022-12-12,515853.08,10,10,0.0,463570.02
BRIDGE_ONLY,2022-12-13,506032.67,13,13,105461.97,611494.63
BRIDGE_ONLY,2022-12-14,504689.27,13,13,105485.36,610174.62
BRIDGE_ONLY,2022-12-15,485791.64,13,13,105508.76,591300.39
BRIDGE_ONLY,2022-12-16,480600.27,12,12,49481.84,530082.12
BRIDGE_ONLY,2022-12-19,468318.89,12,12,49492.82,517811.71
BRIDGE_ONLY,2022-12-20,467873.08,12,12,49503.8,517376.88
BRIDGE_ONLY,2022-12-21,473140.72,13,13,96505.0,569645.72
BRIDGE_ONLY,2022-12-22,460315.13,13,13,96526.4,556841.54
BRIDGE_ONLY,2022-12-23,466947.82,13,13,96547.82,563495.64
BRIDGE_ONLY,2022-12-27,463677.63,13,13,96569.23,560246.87
BRIDGE_ONLY,2022-12-28,452213.66,13,13,96590.66,548804.32
BRIDGE_ONLY,2022-12-29,467244.65,13,13,96612.08,563856.73
BRIDGE_ONLY,2022-12-30,467799.92,13,13,96633.51,564433.43
BRIDGE_ONLY,2023-01-03,465737.5,13,13,96655.87,562393.37
BRIDGE_ONLY,2023-01-04,485948.22,13,13,96678.23,582626.45
BRIDGE_ONLY,2023-01-05,486784.05,13,13,96700.6,583484.65
BRIDGE_ONLY,2023-01-06,504559.94,14,14,145811.89,650371.84
BRIDGE_ONLY,2023-01-09,511649.34,14,14,145845.63,657494.97
BRIDGE_ONLY,2023-01-10,523665.87,14,14,145879.37,669545.24
BRIDGE_ONLY,2023-01-11,530719.48,14,14,145913.12,676632.6
BRIDGE_ONLY,2023-01-12,549763.88,14,14,145946.88,695710.75
BRIDGE_ONLY,2023-01-13,547000.66,14,14,145980.64,692981.3
BRIDGE_ONLY,2023-01-17,548721.87,13,13,94587.3,643309.16
BRIDGE_ONLY,2023-01-18,533151.66,11,11,22607.46,555759.13
BRIDGE_ONLY,2023-01-19,527142.91,11,11,22612.69,549755.61
BRIDGE_ONLY,2023-01-20,539809.38,12,12,73871.35,613680.73
BRIDGE_ONLY,2023-01-23,552261.21,12,12,73888.44,626149.65
BRIDGE_ONLY,2023-01-24,547873.12,12,12,73905.54,621778.65
BRIDGE_ONLY,2023-01-25,552420.98,11,11,14906.51,567327.5
BRIDGE_ONLY,2023-01-26,563523.12,12,12,71005.7,634528.82
BRIDGE_ONLY,2023-01-27,572373.78,13,13,127434.01,699807.79
BRIDGE_ONLY,2023-01-30,557551.38,13,13,127463.49,685014.87
BRIDGE_ONLY,2023-01-31,570341.81,13,13,127492.98,697834.79
BRIDGE_ONLY,2023-02-01,573676.03,13,13,127523.69,701199.72
BRIDGE_ONLY,2023-02-02,584185.67,13,13,127554.4,711740.07
BRIDGE_ONLY,2023-02-03,577948.13,13,13,127585.13,705533.25
BRIDGE_ONLY,2023-02-06,571598.21,13,13,127615.86,699214.07
BRIDGE_ONLY,2023-02-07,579830.3,12,12,77929.65,657759.96
BRIDGE_ONLY,2023-02-08,571472.71,12,12,66685.43,638158.14
BRIDGE_ONLY,2023-02-09,568721.06,13,13,124398.77,693119.83
BRIDGE_ONLY,2023-02-10,573578.17,13,13,124428.73,698006.91
BRIDGE_ONLY,2023-02-13,573636.58,13,13,124458.71,698095.29
BRIDGE_ONLY,2023-02-14,575155.59,13,13,124488.68,699644.28
BRIDGE_ONLY,2023-02-15,575010.54,13,13,124518.67,699529.21
BRIDGE_ONLY,2023-02-16,564838.94,13,13,124548.66,689387.6
BRIDGE_ONLY,2023-02-17,557083.82,13,13,99840.52,656924.34
BRIDGE_ONLY,2023-02-21,550186.88,14,14,155224.01,705410.89
BRIDGE_ONLY,2023-02-22,549235.93,13,13,105538.07,654774.01
BRIDGE_ONLY,2023-02-23,552828.77,14,14,161166.76,713995.54
BRIDGE_ONLY,2023-02-24,552991.83,14,14,161205.58,714197.42
BRIDGE_ONLY,2023-02-27,551162.64,14,14,161244.41,712407.05
BRIDGE_ONLY,2023-02-28,543260.56,14,14,161283.25,704543.82
BRIDGE_ONLY,2023-03-01,542060.05,14,14,161322.61,703382.67
BRIDGE_ONLY,2023-03-02,545582.42,14,14,161361.98,706944.4
BRIDGE_ONLY,2023-03-03,555573.89,14,14,161401.36,716975.25
BRIDGE_ONLY,2023-03-06,551465.02,14,14,161440.75,712905.77
BRIDGE_ONLY,2023-03-07,537595.3,14,14,161480.15,699075.46
BRIDGE_ONLY,2023-03-08,539448.91,14,14,158077.93,697526.84
BRIDGE_ONLY,2023-03-09,516523.94,14,14,158116.51,674640.45
BRIDGE_ONLY,2023-03-10,502446.43,13,13,105756.1,608202.53
BRIDGE_ONLY,2023-03-13,491612.24,13,13,105781.91,597394.15
BRIDGE_ONLY,2023-03-14,498429.09,13,13,105807.73,604236.82
BRIDGE_ONLY,2023-03-15,489190.97,13,13,105833.55,595024.52
BRIDGE_ONLY,2023-03-16,497545.67,13,13,105859.38,603405.04
BRIDGE_ONLY,2023-03-17,487741.1,13,13,105885.21,593626.32
BRIDGE_ONLY,2023-03-20,494601.28,13,13,105911.05,600512.33
BRIDGE_ONLY,2023-03-21,508002.52,13,13,105936.9,613939.42
BRIDGE_ONLY,2023-03-22,492051.83,13,13,105962.75,598014.59
BRIDGE_ONLY,2023-03-23,486139.53,13,13,105988.61,592128.14
BRIDGE_ONLY,2023-03-24,488449.52,13,13,106014.48,594464.0
BRIDGE_ONLY,2023-03-27,494845.68,13,13,106040.35,600886.03
BRIDGE_ONLY,2023-03-28,497064.58,13,13,106066.23,603130.81
BRIDGE_ONLY,2023-03-29,504833.23,13,13,106092.12,610925.34
BRIDGE_ONLY,2023-03-30,504804.29,13,13,106118.01,610922.3
BRIDGE_ONLY,2023-03-31,512279.03,13,13,106143.9,618422.94
BRIDGE_ONLY,2023-04-03,519077.28,13,13,106170.57,625247.85
BRIDGE_ONLY,2023-04-04,514158.66,13,13,106197.24,620355.9
BRIDGE_ONLY,2023-04-05,511109.28,10,10,0.0,468186.98
BRIDGE_ONLY,2023-04-06,511935.75,11,11,8056.74,519992.5
BRIDGE_ONLY,2023-04-10,517518.29,11,11,8058.77,525577.05
BRIDGE_ONLY,2023-04-11,517463.62,11,11,8060.79,525524.41
BRIDGE_ONLY,2023-04-12,509998.14,11,11,8062.82,518060.96
BRIDGE_ONLY,2023-04-13,513221.83,10,10,0.0,469405.82
BRIDGE_ONLY,2023-04-14,509880.36,13,13,110456.73,620337.09
BRIDGE_ONLY,2023-04-17,517729.4,13,13,110484.47,628213.87
BRIDGE_ONLY,2023-04-18,518800.56,13,13,110512.23,629312.79
BRIDGE_ONLY,2023-04-19,519103.28,13,13,110539.99,629643.27
BRIDGE_ONLY,2023-04-20,513508.87,13,13,110567.75,624076.62
BRIDGE_ONLY,2023-04-21,510129.99,13,13,108318.57,618448.56
BRIDGE_ONLY,2023-04-24,507896.77,13,13,108345.78,616242.54
BRIDGE_ONLY,2023-04-25,493436.64,12,12,59298.64,552735.28
BRIDGE_ONLY,2023-04-26,488572.56,12,12,59313.54,547886.09
BRIDGE_ONLY,2023-04-27,511085.03,13,13,108891.82,619976.85
BRIDGE_ONLY,2023-04-28,520727.66,13,13,108919.17,629646.83
BRIDGE_ONLY,2023-05-01,516748.97,13,13,108947.48,625696.45
BRIDGE_ONLY,2023-05-02,498790.21,13,13,108975.8,607766.01
BRIDGE_ONLY,2023-05-03,491312.9,13,13,109004.12,600317.02
BRIDGE_ONLY,2023-05-04,483697.78,13,13,106418.66,590116.44
BRIDGE_ONLY,2023-05-05,502524.85,14,14,148244.43,650769.28
BRIDGE_ONLY,2023-05-08,500496.26,14,14,148282.96,648779.22
BRIDGE_ONLY,2023-05-09,491608.68,14,14,140837.93,632446.62
BRIDGE_ONLY,2023-05-10,487931.58,14,14,140874.54,628806.12
BRIDGE_ONLY,2023-05-11,479894.72,14,14,140911.16,620805.88
BRIDGE_ONLY,2023-05-12,480525.72,14,14,140947.78,621473.5
BRIDGE_ONLY,2023-05-15,497528.82,14,14,140984.42,638513.24
BRIDGE_ONLY,2023-05-16,487465.05,14,14,141021.06,628486.11
BRIDGE_ONLY,2023-05-17,502762.24,14,14,141057.72,643819.95
BRIDGE_ONLY,2023-05-18,511449.4,14,14,141094.38,652543.78
BRIDGE_ONLY,2023-05-19,508316.98,14,14,141131.05,649448.03
BRIDGE_ONLY,2023-05-22,511929.53,14,14,150284.0,662213.53
BRIDGE_ONLY,2023-05-23,504090.64,14,14,150323.06,654413.7
BRIDGE_ONLY,2023-05-24,494985.7,14,14,135849.26,630834.96
BRIDGE_ONLY,2023-05-25,491621.78,14,14,135884.57,627506.35
BRIDGE_ONLY,2023-05-26,504177.26,14,14,135919.89,640097.15
BRIDGE_ONLY,2023-05-30,510283.0,14,14,135955.22,646238.21
BRIDGE_ONLY,2023-05-31,501601.16,14,14,135990.55,637591.71
BRIDGE_ONLY,2023-06-01,511934.7,14,14,136026.06,647960.76
BRIDGE_ONLY,2023-06-02,526322.54,14,14,136061.58,662384.12
BRIDGE_ONLY,2023-06-05,523262.52,14,14,136097.11,659359.63
BRIDGE_ONLY,2023-06-06,531444.36,14,14,136132.65,667577.01
BRIDGE_ONLY,2023-06-07,546150.68,14,14,133997.98,680148.66
BRIDGE_ONLY,2023-06-08,551245.07,14,14,134032.97,685278.04
BRIDGE_ONLY,2023-06-09,551749.4,13,13,89115.94,640865.34
BRIDGE_ONLY,2023-06-12,555513.33,13,13,89139.21,644652.55
BRIDGE_ONLY,2023-06-13,563885.69,14,14,145232.22,709117.91
BRIDGE_ONLY,2023-06-14,558872.76,14,14,145270.14,704142.9
BRIDGE_ONLY,2023-06-15,565483.62,14,14,145308.07,710791.69
BRIDGE_ONLY,2023-06-16,566779.08,14,14,155150.12,721929.2
BRIDGE_ONLY,2023-06-20,561995.96,14,14,155190.63,717186.59
BRIDGE_ONLY,2023-06-21,555992.93,14,14,155231.15,711224.08
BRIDGE_ONLY,2023-06-22,552705.81,12,12,63879.99,616585.79
BRIDGE_ONLY,2023-06-23,545590.52,13,13,118711.13,664301.65
BRIDGE_ONLY,2023-06-26,548868.35,12,12,45935.93,594804.28
BRIDGE_ONLY,2023-06-27,553113.06,12,12,45947.92,599060.98
BRIDGE_ONLY,2023-06-28,554833.19,14,14,156425.94,711259.13
BRIDGE_ONLY,2023-06-29,560532.58,14,14,156466.78,716999.37
BRIDGE_ONLY,2023-06-30,564250.12,14,14,156507.64,720757.76
BRIDGE_ONLY,2023-07-03,568926.53,14,14,156548.75,725475.28
BRIDGE_ONLY,2023-07-05,568330.05,14,14,156589.88,724919.93
BRIDGE_ONLY,2023-07-06,560712.46,14,14,156631.01,717343.47
BRIDGE_ONLY,2023-07-07,566728.61,12,12,44821.4,611550.0
BRIDGE_ONLY,2023-07-10,568675.18,14,14,157951.77,726626.95
BRIDGE_ONLY,2023-07-11,581877.73,14,14,157993.27,739871.0
BRIDGE_ONLY,2023-07-12,590580.99,14,14,158034.77,748615.77
BRIDGE_ONLY,2023-07-13,595498.63,14,14,158076.29,753574.92
BRIDGE_ONLY,2023-07-14,584700.9,14,14,158117.81,742818.72
BRIDGE_ONLY,2023-07-17,582090.85,14,14,168951.11,751041.97
BRIDGE_ONLY,2023-07-18,592635.41,14,14,168653.1,761288.51
BRIDGE_ONLY,2023-07-19,599168.22,14,14,168697.41,767865.63
BRIDGE_ONLY,2023-07-20,595440.15,14,14,177305.18,772745.33
BRIDGE_ONLY,2023-07-21,596735.58,14,14,177351.76,774087.34
BRIDGE_ONLY,2023-07-24,597380.89,14,14,174029.35,771410.24
BRIDGE_ONLY,2023-07-25,595350.02,14,14,174075.07,769425.08
BRIDGE_ONLY,2023-07-26,594435.95,13,13,117008.76,711444.72
BRIDGE_ONLY,2023-07-27,585587.3,13,13,117039.5,702626.8
BRIDGE_ONLY,2023-07-28,596185.87,13,13,128749.03,724934.9
BRIDGE_ONLY,2023-07-31,598202.2,13,13,140279.78,738481.97
BRIDGE_ONLY,2023-08-01,592646.34,13,13,137897.13,730543.47
BRIDGE_ONLY,2023-08-02,581952.91,13,13,137934.5,719887.41
BRIDGE_ONLY,2023-08-03,580781.53,12,12,78757.19,659538.72
BRIDGE_ONLY,2023-08-04,587291.85,13,13,137619.53,724911.38
BRIDGE_ONLY,2023-08-07,595030.47,13,13,137656.83,732687.3
BRIDGE_ONLY,2023-08-08,589258.13,13,13,137694.14,726952.27
BRIDGE_ONLY,2023-08-09,584359.24,12,12,74953.41,659312.64
BRIDGE_ONLY,2023-08-10,584222.93,11,11,10104.35,594327.28
BRIDGE_ONLY,2023-08-11,584253.95,11,11,10107.09,594361.04
BRIDGE_ONLY,2023-08-14,586484.2,13,13,126726.83,713211.03
BRIDGE_ONLY,2023-08-15,578918.5,13,13,126761.18,705679.68
BRIDGE_ONLY,2023-08-16,572855.02,13,13,124190.76,697045.78
BRIDGE_ONLY,2023-08-17,568109.88,13,13,124224.42,692334.3
BRIDGE_ONLY,2023-08-18,568790.79,13,13,124258.09,693048.88
BRIDGE_ONLY,2023-08-21,570472.65,13,13,124291.76,694764.42
BRIDGE_ONLY,2023-08-22,567985.8,13,13,124325.45,692311.25
BRIDGE_ONLY,2023-08-23,577280.78,13,13,124359.15,701639.93
BRIDGE_ONLY,2023-08-24,567458.59,13,13,124392.85,691851.45
BRIDGE_ONLY,2023-08-25,571350.01,12,12,64744.66,636094.68
BRIDGE_ONLY,2023-08-28,576951.8,13,13,122448.41,699400.22
BRIDGE_ONLY,2023-08-29,589158.18,13,13,122481.6,711639.78
BRIDGE_ONLY,2023-08-30,590504.09,13,13,122514.8,713018.88
BRIDGE_ONLY,2023-08-31,587193.96,13,13,122548.0,709741.96
BRIDGE_ONLY,2023-09-01,585503.14,13,13,122581.22,708084.36
BRIDGE_ONLY,2023-09-05,583928.78,13,13,122614.44,706543.22
BRIDGE_ONLY,2023-09-06,580864.97,13,13,120922.04,701787.01
BRIDGE_ONLY,2023-09-07,580376.53,13,13,120954.81,701331.35
BRIDGE_ONLY,2023-09-08,581419.33,13,13,120987.6,702406.93
BRIDGE_ONLY,2023-09-11,587699.11,13,13,121020.39,708719.5
BRIDGE_ONLY,2023-09-12,576979.76,13,13,121053.19,698032.95
BRIDGE_ONLY,2023-09-13,578935.51,13,13,119079.98,698015.49
BRIDGE_ONLY,2023-09-14,587407.01,12,12,69239.62,656646.63
BRIDGE_ONLY,2023-09-15,580053.2,13,13,127847.27,707900.47
BRIDGE_ONLY,2023-09-18,580191.92,13,13,127881.92,708073.83
BRIDGE_ONLY,2023-09-19,577994.0,13,13,133303.83,711297.83
BRIDGE_ONLY,2023-09-20,573212.38,13,13,133339.96,706552.34
BRIDGE_ONLY,2023-09-21,563222.94,13,13,133376.1,696599.05
BRIDGE_ONLY,2023-09-22,559150.72,13,13,133412.25,692562.98
BRIDGE_ONLY,2023-09-25,558470.41,12,12,77925.59,636395.99
BRIDGE_ONLY,2023-09-26,549695.71,12,12,77946.71,627642.42
BRIDGE_ONLY,2023-09-27,549553.46,12,12,77967.83,627521.29
BRIDGE_ONLY,2023-09-28,557158.27,13,13,132796.74,689955.01
BRIDGE_ONLY,2023-09-29,551382.41,13,13,132832.73,684215.14
BRIDGE_ONLY,2023-10-02,548419.12,13,13,132868.73,681287.85
BRIDGE_ONLY,2023-10-03,534772.49,13,13,132904.74,667677.23
BRIDGE_ONLY,2023-10-04,540560.12,13,13,132940.76,673500.88
BRIDGE_ONLY,2023-10-05,540075.04,13,13,132976.79,673051.83
BRIDGE_ONLY,2023-10-06,548831.07,13,13,133012.84,681843.91
BRIDGE_ONLY,2023-10-09,555191.29,13,13,133048.89,688240.18
BRIDGE_ONLY,2023-10-10,558909.24,13,13,133084.95,691994.18
BRIDGE_ONLY,2023-10-11,559797.62,13,13,133121.02,692918.64
BRIDGE_ONLY,2023-10-12,555741.76,13,13,133157.1,688898.86
BRIDGE_ONLY,2023-10-13,555116.23,13,13,133193.19,688309.41
BRIDGE_ONLY,2023-10-16,564458.29,13,13,133229.29,697687.57
BRIDGE_ONLY,2023-10-17,568254.58,13,13,133265.4,701519.97
BRIDGE_ONLY,2023-10-18,559447.62,13,13,133301.51,692749.13
BRIDGE_ONLY,2023-10-19,554992.64,13,13,133337.64,688330.29
BRIDGE_ONLY,2023-10-20,544731.47,13,13,132990.34,677721.81
BRIDGE_ONLY,2023-10-23,543722.17,13,13,133026.38,676748.56
BRIDGE_ONLY,2023-10-24,549986.79,12,12,76090.41,626077.2
BRIDGE_ONLY,2023-10-25,531400.41,12,12,76111.03,607511.44
BRIDGE_ONLY,2023-10-26,522996.35,12,12,73694.71,596691.06
BRIDGE_ONLY,2023-10-27,525930.64,13,13,126399.7,652330.34
BRIDGE_ONLY,2023-10-30,533074.51,13,13,126433.96,659508.47
BRIDGE_ONLY,2023-10-31,537552.44,13,13,126468.22,664020.67
BRIDGE_ONLY,2023-11-01,548070.16,13,13,126502.5,674572.66
BRIDGE_ONLY,2023-11-02,557852.44,13,13,126536.79,684389.23
BRIDGE_ONLY,2023-11-03,570456.44,13,13,126571.08,697027.53
BRIDGE_ONLY,2023-11-06,568413.19,13,13,126605.39,695018.58
BRIDGE_ONLY,2023-11-07,569282.21,13,13,126639.7,695921.91
BRIDGE_ONLY,2023-11-08,570419.36,13,13,126674.03,697093.39
BRIDGE_ONLY,2023-11-09,568373.13,13,13,126708.36,695081.49
BRIDGE_ONLY,2023-11-10,576963.08,12,12,72710.43,649673.51
BRIDGE_ONLY,2023-11-13,578188.32,13,13,130225.9,708414.22
BRIDGE_ONLY,2023-11-14,593445.34,13,13,130261.19,723706.54
BRIDGE_ONLY,2023-11-15,597191.87,13,13,130296.5,727488.37
BRIDGE_ONLY,2023-11-16,602835.71,13,13,130331.81,733167.52
BRIDGE_ONLY,2023-11-17,601353.62,13,13,132999.16,734352.78
BRIDGE_ONLY,2023-11-20,604430.83,13,13,135288.82,739719.65
BRIDGE_ONLY,2023-11-21,602076.81,13,13,135325.49,737402.3
BRIDGE_ONLY,2023-11-22,607173.51,13,13,135362.16,742535.67
BRIDGE_ONLY,2023-11-24,608138.14,13,13,135398.85,743536.99
BRIDGE_ONLY,2023-11-27,605563.14,11,11,22713.16,628276.3
BRIDGE_ONLY,2023-11-28,605875.87,7,7,0.0,391532.26
BRIDGE_ONLY,2023-11-29,604187.61,6,6,0.0,326262.23
BRIDGE_ONLY,2023-11-30,607332.03,7,7,0.0,389842.31
BRIDGE_ONLY,2023-12-01,612434.69,10,10,0.0,577432.62
BRIDGE_ONLY,2023-12-04,614303.18,11,11,26063.75,640366.92
BRIDGE_ONLY,2023-12-05,609982.76,11,11,28578.96,638561.72
BRIDGE_ONLY,2023-12-06,614972.77,12,12,89833.51,704806.28
BRIDGE_ONLY,2023-12-07,617530.36,12,12,110977.52,728507.88
BRIDGE_ONLY,2023-12-08,623544.76,13,13,181251.82,804796.58
BRIDGE_ONLY,2023-12-11,625991.28,13,13,181300.95,807292.23
BRIDGE_ONLY,2023-12-12,623477.39,13,13,181350.09,804827.48
BRIDGE_ONLY,2023-12-13,640821.71,13,13,181399.24,822220.94
BRIDGE_ONLY,2023-12-14,636669.96,13,13,181448.4,818118.37
BRIDGE_ONLY,2023-12-15,631237.22,13,13,181497.58,812734.8
BRIDGE_ONLY,2023-12-18,633467.49,11,11,54764.6,688232.09
BRIDGE_ONLY,2023-12-19,644066.32,12,12,117334.96,761401.28
BRIDGE_ONLY,2023-12-20,634905.17,13,13,185265.86,820171.03
BRIDGE_ONLY,2023-12-21,646102.44,11,11,63252.06,709354.51
BRIDGE_ONLY,2023-12-22,649507.69,13,13,193099.32,842607.01
BRIDGE_ONLY,2023-12-26,654251.06,13,13,193151.66,847402.72
BRIDGE_ONLY,2023-12-27,652405.73,13,13,193204.01,845609.74
BRIDGE_ONLY,2023-12-28,651200.54,11,11,63846.0,715046.53
BRIDGE_ONLY,2023-12-29,648882.05,10,10,41.74,648923.79
BRIDGE_ONLY,2024-01-02,661654.19,11,11,65095.35,726749.55
BRIDGE_ONLY,2024-01-03,655477.23,13,13,197374.69,852851.92
BRIDGE_ONLY,2024-01-04,646191.15,12,12,125817.35,772008.5
BRIDGE_ONLY,2024-01-05,651213.18,12,12,129605.99,780819.16
BRIDGE_ONLY,2024-01-08,650198.22,12,12,129641.12,779839.34
BRIDGE_ONLY,2024-01-09,642925.13,13,13,186975.49,829900.63
BRIDGE_ONLY,2024-01-10,643438.65,13,13,180869.25,824307.9
BRIDGE_ONLY,2024-01-11,644980.88,13,13,180918.27,825899.16
BRIDGE_ONLY,2024-01-12,636526.29,13,13,180967.31,817493.6
BRIDGE_ONLY,2024-01-16,624106.79,13,13,181016.36,805123.14
BRIDGE_ONLY,2024-01-17,619630.36,13,13,181065.42,800695.78
BRIDGE_ONLY,2024-01-18,628771.44,13,13,181114.49,809885.93
BRIDGE_ONLY,2024-01-19,632744.32,13,13,181163.58,813907.9
BRIDGE_ONLY,2024-01-22,631338.02,13,13,181212.68,812550.71
BRIDGE_ONLY,2024-01-23,640370.67,13,13,176169.71,816540.38
BRIDGE_ONLY,2024-01-24,637280.98,13,13,176217.46,813498.44
BRIDGE_ONLY,2024-01-25,655254.13,13,13,173391.99,828646.12
BRIDGE_ONLY,2024-01-26,657238.17,13,13,173438.99,830677.16
BRIDGE_ONLY,2024-01-29,660125.3,13,13,173485.99,833611.3
BRIDGE_ONLY,2024-01-30,657084.85,13,13,173533.01,830617.87
BRIDGE_ONLY,2024-01-31,642771.44,13,13,173778.64,816550.08
BRIDGE_ONLY,2024-02-01,648573.09,11,11,33116.79,681689.89
BRIDGE_ONLY,2024-02-02,642925.68,13,13,162081.49,805007.17
BRIDGE_ONLY,2024-02-05,627662.31,13,13,162125.42,789787.73
BRIDGE_ONLY,2024-02-06,633002.64,13,13,162169.36,795172.0
BRIDGE_ONLY,2024-02-07,630230.74,13,13,160219.18,790449.92
BRIDGE_ONLY,2024-02-08,632536.02,13,13,160262.6,792798.62
BRIDGE_ONLY,2024-02-09,627699.44,13,13,160306.04,788005.48
BRIDGE_ONLY,2024-02-12,637716.74,13,13,160349.49,798066.23
BRIDGE_ONLY,2024-02-13,623709.72,13,13,160392.95,784102.67
BRIDGE_ONLY,2024-02-14,625356.74,13,13,160436.42,785793.16
BRIDGE_ONLY,2024-02-15,632394.86,13,13,154281.89,786676.75
BRIDGE_ONLY,2024-02-16,625676.47,13,13,154323.71,780000.18
BRIDGE_ONLY,2024-02-20,622007.25,13,13,154365.54,776372.79
BRIDGE_ONLY,2024-02-21,631990.26,13,13,154407.37,786397.63
BRIDGE_ONLY,2024-02-22,638720.5,13,13,154449.22,793169.72
BRIDGE_ONLY,2024-02-23,625304.69,13,13,152753.48,778058.17
BRIDGE_ONLY,2024-02-26,619870.95,13,13,152794.88,772665.82
BRIDGE_ONLY,2024-02-27,624334.96,13,13,159106.91,783441.87
BRIDGE_ONLY,2024-02-28,622374.66,13,13,160936.55,783311.21
BRIDGE_ONLY,2024-02-29,631249.42,13,13,160653.3,791902.73
BRIDGE_ONLY,2024-03-01,634768.23,13,13,160696.85,795465.08
BRIDGE_ONLY,2024-03-04,626977.87,13,13,160740.4,787718.27
BRIDGE_ONLY,2024-03-05,624156.4,13,13,160783.97,784940.36
BRIDGE_ONLY,2024-03-06,633766.3,13,13,159517.42,793283.72
BRIDGE_ONLY,2024-03-07,637900.64,13,13,159560.66,797461.3
BRIDGE_ONLY,2024-03-08,640397.97,13,13,159603.9,800001.88
BRIDGE_ONLY,2024-03-11,643378.14,13,13,159647.16,803025.3
BRIDGE_ONLY,2024-03-12,641736.92,13,13,154495.68,796232.6
BRIDGE_ONLY,2024-03-13,644467.52,13,13,147782.28,792249.8
BRIDGE_ONLY,2024-03-14,638136.21,13,13,147822.33,785958.54
BRIDGE_ONLY,2024-03-15,633977.28,13,13,147862.4,781839.68
BRIDGE_ONLY,2024-03-18,636407.34,13,13,148831.97,785239.31
BRIDGE_ONLY,2024-03-19,639977.02,13,13,148872.31,788849.33
BRIDGE_ONLY,2024-03-20,662102.54,13,13,148912.66,811015.2
BRIDGE_ONLY,2024-03-21,660597.74,13,13,148953.02,809550.76
BRIDGE_ONLY,2024-03-22,655218.78,13,13,163560.77,818779.55
BRIDGE_ONLY,2024-03-25,658556.51,12,12,92725.81,751282.33
BRIDGE_ONLY,2024-03-26,656190.9,13,13,158918.59,815109.49
BRIDGE_ONLY,2024-03-27,666711.22,13,13,158961.66,825672.88
BRIDGE_ONLY,2024-03-28,667589.03,13,13,159004.75,826593.77
BRIDGE_ONLY,2024-04-01,664524.47,13,13,159047.84,823572.31
BRIDGE_ONLY,2024-04-02,654082.81,12,12,92946.32,747029.13
BRIDGE_ONLY,2024-04-03,655006.09,12,12,92971.51,747977.61
BRIDGE_ONLY,2024-04-04,640709.06,13,13,159069.93,799778.99
BRIDGE_ONLY,2024-04-05,642938.8,11,11,29843.61,672782.41
BRIDGE_ONLY,2024-04-08,644696.87,13,13,158454.11,803150.99
BRIDGE_ONLY,2024-04-09,643886.23,13,13,158497.06,802383.3
BRIDGE_ONLY,2024-04-10,631909.03,13,13,158540.02,790449.04
BRIDGE_ONLY,2024-04-11,638056.61,13,13,153661.95,791718.55
BRIDGE_ONLY,2024-04-12,621754.14,13,13,153703.6,775457.73
BRIDGE_ONLY,2024-04-15,613552.33,13,13,153745.25,767297.58
BRIDGE_ONLY,2024-04-16,610326.78,13,13,153786.92,764113.71
BRIDGE_ONLY,2024-04-17,609066.53,13,13,153828.61,762895.13
BRIDGE_ONLY,2024-04-18,608552.22,13,13,153870.3,762422.52
BRIDGE_ONLY,2024-04-19,606711.74,13,13,153912.0,760623.75
BRIDGE_ONLY,2024-04-22,610755.77,13,13,153953.72,764709.49
BRIDGE_ONLY,2024-04-23,616499.03,13,13,153995.44,770494.47
BRIDGE_ONLY,2024-04-24,622268.87,13,13,154037.18,776306.05
BRIDGE_ONLY,2024-04-25,625488.93,13,13,154078.93,779567.86
BRIDGE_ONLY,2024-04-26,628622.76,13,13,154120.69,782743.45
BRIDGE_ONLY,2024-04-29,634503.44,13,13,154162.46,788665.9
BRIDGE_ONLY,2024-04-30,617808.08,13,13,154204.24,772012.32
BRIDGE_ONLY,2024-05-01,606352.67,13,13,154246.04,760598.71
BRIDGE_ONLY,2024-05-02,614366.82,13,13,154287.84,768654.66
BRIDGE_ONLY,2024-05-03,623574.1,13,13,154329.66,777903.76
BRIDGE_ONLY,2024-05-06,627349.45,13,13,154371.49,781720.94
BRIDGE_ONLY,2024-05-07,623725.09,13,13,149569.9,773294.99
BRIDGE_ONLY,2024-05-08,632480.44,13,13,149610.44,782090.88
BRIDGE_ONLY,2024-05-09,635075.24,13,13,149650.99,784726.23
BRIDGE_ONLY,2024-05-10,639656.08,13,13,149691.55,789347.63
BRIDGE_ONLY,2024-05-13,644031.91,13,13,149732.12,793764.03
BRIDGE_ONLY,2024-05-14,646447.8,13,13,149772.7,796220.5
BRIDGE_ONLY,2024-05-15,651518.06,13,13,147033.75,798551.81
BRIDGE_ONLY,2024-05-16,655104.46,13,13,147073.6,802178.06
BRIDGE_ONLY,2024-05-17,657084.35,13,13,147113.46,804197.82
BRIDGE_ONLY,2024-05-20,661477.71,13,13,149499.93,810977.65
BRIDGE_ONLY,2024-05-21,658349.75,13,13,149540.45,807890.2
BRIDGE_ONLY,2024-05-22,653042.27,13,13,147109.35,800151.62
BRIDGE_ONLY,2024-05-23,630555.82,13,13,147149.22,777705.04
BRIDGE_ONLY,2024-05-24,637437.72,11,11,18005.53,655443.25
BRIDGE_ONLY,2024-05-28,638722.21,11,11,18010.41,656732.62
BRIDGE_ONLY,2024-05-29,630697.04,11,11,18015.29,648712.33
BRIDGE_ONLY,2024-05-30,639689.59,11,11,18020.17,657709.76
BRIDGE_ONLY,2024-05-31,654240.56,12,12,82131.09,736371.65
BRIDGE_ONLY,2024-06-03,660265.71,13,13,147791.42,808057.13
BRIDGE_ONLY,2024-06-04,666936.92,13,13,147831.48,814768.4
BRIDGE_ONLY,2024-06-05,669683.18,13,13,147871.54,817554.73
BRIDGE_ONLY,2024-06-06,667190.13,13,13,148725.97,815916.11
BRIDGE_ONLY,2024-06-07,662114.41,13,13,150366.07,812480.48
BRIDGE_ONLY,2024-06-10,669515.83,12,12,89035.68,758551.51
BRIDGE_ONLY,2024-06-11,667519.15,13,13,155860.39,823379.55
BRIDGE_ONLY,2024-06-12,666207.96,13,13,155902.64,822110.6
BRIDGE_ONLY,2024-06-13,661501.49,13,13,154231.43,815732.92
BRIDGE_ONLY,2024-06-14,655189.9,13,13,151434.1,806624.0
BRIDGE_ONLY,2024-06-17,668181.27,13,13,151475.14,819656.42
BRIDGE_ONLY,2024-06-18,665387.0,13,13,151516.2,816903.2
BRIDGE_ONLY,2024-06-20,668481.92,13,13,151557.26,820039.18
BRIDGE_ONLY,2024-06-21,669053.03,13,13,151598.34,820651.37
BRIDGE_ONLY,2024-06-24,665489.02,13,13,151639.43,817128.45
BRIDGE_ONLY,2024-06-25,664376.68,13,13,151353.85,815730.53
BRIDGE_ONLY,2024-06-26,666472.63,13,13,142771.15,809243.78
BRIDGE_ONLY,2024-06-27,678496.56,13,13,142809.84,821306.4
BRIDGE_ONLY,2024-06-28,678781.51,13,13,142848.55,821630.05
BRIDGE_ONLY,2024-07-01,680067.29,13,13,142887.26,822954.55
BRIDGE_ONLY,2024-07-02,689015.84,13,13,142925.99,831941.83
BRIDGE_ONLY,2024-07-03,695784.57,13,13,142964.73,838749.29
BRIDGE_ONLY,2024-07-05,699147.18,13,13,143003.48,842150.66
BRIDGE_ONLY,2024-07-08,706497.86,11,11,7764.14,714262.0
BRIDGE_ONLY,2024-07-09,709973.77,10,10,0.0,647543.09
BRIDGE_ONLY,2024-07-10,714497.12,11,11,8512.15,723009.27
BRIDGE_ONLY,2024-07-11,710509.47,13,13,152419.15,862928.62
BRIDGE_ONLY,2024-07-12,720629.26,13,13,150438.56,871067.83
BRIDGE_ONLY,2024-07-15,714541.89,13,13,150479.34,865021.23
BRIDGE_ONLY,2024-07-16,734515.68,13,13,162949.84,897465.52
BRIDGE_ONLY,2024-07-17,730409.48,13,13,162994.0,893403.49
BRIDGE_ONLY,2024-07-18,724900.3,13,13,163038.18,887938.48
BRIDGE_ONLY,2024-07-19,720092.55,11,11,24330.87,744423.42
BRIDGE_ONLY,2024-07-22,718790.58,9,9,0.0,590631.09
BRIDGE_ONLY,2024-07-23,716601.36,11,11,15461.0,732062.36
BRIDGE_ONLY,2024-07-24,700147.16,10,10,0.0,646365.56
BRIDGE_ONLY,2024-07-25,691870.42,9,9,0.0,562897.89
BRIDGE_ONLY,2024-07-26,717894.55,10,10,0.0,683077.42
BRIDGE_ONLY,2024-07-29,716768.44,11,11,37319.28,754087.73
BRIDGE_ONLY,2024-07-30,719664.27,12,12,109751.04,829415.31
BRIDGE_ONLY,2024-07-31,730631.69,13,13,182889.41,913521.09
BRIDGE_ONLY,2024-08-01,713739.41,13,13,182938.97,896678.38
BRIDGE_ONLY,2024-08-02,689040.17,13,13,182988.56,872028.72
BRIDGE_ONLY,2024-08-05,669573.66,13,13,177293.3,846866.96
BRIDGE_ONLY,2024-08-06,676230.54,12,12,102182.86,778413.4
BRIDGE_ONLY,2024-08-07,663683.37,13,13,169856.95,833540.32
BRIDGE_ONLY,2024-08-08,675386.72,13,13,169902.99,845289.71
BRIDGE_ONLY,2024-08-09,675607.72,13,13,169949.04,845556.76
BRIDGE_ONLY,2024-08-12,677124.07,13,13,172436.66,849560.73
BRIDGE_ONLY,2024-08-13,708443.92,13,13,172483.39,880927.32
BRIDGE_ONLY,2024-08-14,710954.29,13,13,172530.14,883484.43
BRIDGE_ONLY,2024-08-15,726094.45,13,13,172576.9,898671.35
BRIDGE_ONLY,2024-08-16,728635.43,13,13,172623.68,901259.1
BRIDGE_ONLY,2024-08-19,734517.07,13,13,161761.51,896278.58
BRIDGE_ONLY,2024-08-20,728826.9,13,13,161805.35,890632.26
BRIDGE_ONLY,2024-08-21,731855.47,13,13,155470.14,887325.61
BRIDGE_ONLY,2024-08-22,719134.07,13,13,155512.28,874646.35
BRIDGE_ONLY,2024-08-23,737005.73,13,13,155554.43,892560.16
BRIDGE_ONLY,2024-08-26,731473.97,13,13,155596.59,887070.55
BRIDGE_ONLY,2024-08-27,730507.51,13,13,156724.7,887232.21
BRIDGE_ONLY,2024-08-28,713140.84,12,12,80775.16,793916.0
BRIDGE_ONLY,2024-08-29,716031.59,12,12,78807.51,794839.1
BRIDGE_ONLY,2024-08-30,720886.56,12,12,78828.87,799715.44
BRIDGE_ONLY,2024-09-03,707491.76,12,12,78849.61,786341.37
BRIDGE_ONLY,2024-09-04,709023.43,11,11,0.0,703836.93
BRIDGE_ONLY,2024-09-05,710112.39,12,12,65860.55,775972.94
BRIDGE_ONLY,2024-09-06,692346.47,13,13,136925.45,829271.91
BRIDGE_ONLY,2024-09-09,703058.1,12,12,66882.61,769940.71
BRIDGE_ONLY,2024-09-10,704979.87,14,14,207994.76,912974.63
BRIDGE_ONLY,2024-09-11,710269.41,14,14,208049.49,918318.89
BRIDGE_ONLY,2024-09-12,717079.61,14,14,208104.22,925183.84
BRIDGE_ONLY,2024-09-13,720972.69,14,14,208158.97,929131.66
BRIDGE_ONLY,2024-09-16,726254.47,14,14,208213.74,934468.21
BRIDGE_ONLY,2024-09-17,726165.93,14,14,206444.91,932610.83
BRIDGE_ONLY,2024-09-18,724563.28,14,14,207511.86,932075.14
BRIDGE_ONLY,2024-09-19,736732.87,14,14,207566.46,944299.33
BRIDGE_ONLY,2024-09-20,731703.92,14,14,207621.07,939324.99
BRIDGE_ONLY,2024-09-23,738887.9,14,14,201026.41,939914.31
BRIDGE_ONLY,2024-09-24,746410.35,14,14,200519.49,946929.84
BRIDGE_ONLY,2024-09-25,743424.59,14,14,200572.25,943996.84
BRIDGE_ONLY,2024-09-26,765763.38,14,14,200625.01,966388.4
BRIDGE_ONLY,2024-09-27,777403.24,14,14,200677.8,978081.04
BRIDGE_ONLY,2024-09-30,770685.66,14,14,200730.6,971416.25
BRIDGE_ONLY,2024-10-01,771043.28,13,13,121974.99,893018.28
BRIDGE_ONLY,2024-10-02,768536.29,10,10,0.0,661609.8
BRIDGE_ONLY,2024-10-03,765917.15,10,10,0.0,658990.66
BRIDGE_ONLY,2024-10-04,771049.93,10,10,0.0,664123.44
BRIDGE_ONLY,2024-10-07,771802.89,13,13,124970.1,896772.99
BRIDGE_ONLY,2024-10-08,764461.68,13,13,125001.49,889463.17
BRIDGE_ONLY,2024-10-09,772011.19,14,14,200052.71,972063.91
BRIDGE_ONLY,2024-10-10,769656.33,14,14,200102.96,969759.3
BRIDGE_ONLY,2024-10-11,780942.58,14,14,200153.23,981095.81
BRIDGE_ONLY,2024-10-14,782423.13,14,14,200203.5,982626.64
BRIDGE_ONLY,2024-10-15,784122.46,14,14,200253.79,984376.25
BRIDGE_ONLY,2024-10-16,790988.17,14,14,193877.34,984865.51
BRIDGE_ONLY,2024-10-17,784463.57,14,14,193926.04,978389.61
BRIDGE_ONLY,2024-10-18,793467.64,14,14,193790.29,987257.92
BRIDGE_ONLY,2024-10-21,785497.59,14,14,193838.96,979336.55
BRIDGE_ONLY,2024-10-22,786175.23,14,14,192219.61,978394.84
BRIDGE_ONLY,2024-10-23,781684.95,14,14,192267.89,973952.84
BRIDGE_ONLY,2024-10-24,781914.71,14,14,191141.95,973056.67
BRIDGE_ONLY,2024-10-25,777488.51,14,14,191189.97,968678.48
BRIDGE_ONLY,2024-10-28,782888.46,14,14,191237.99,974126.45
BRIDGE_ONLY,2024-10-29,777821.96,14,14,191286.03,969107.99
BRIDGE_ONLY,2024-10-30,762427.42,14,14,181771.09,944198.52
BRIDGE_ONLY,2024-10-31,745926.59,14,14,181816.75,927743.35
BRIDGE_ONLY,2024-11-01,749181.43,14,14,181861.12,931042.55
BRIDGE_ONLY,2024-11-04,745446.58,14,14,181905.51,927352.09
BRIDGE_ONLY,2024-11-05,753548.98,14,14,181949.9,935498.88
BRIDGE_ONLY,2024-11-06,756735.44,14,14,181994.3,938729.74
BRIDGE_ONLY,2024-11-07,775022.02,14,14,182038.72,957060.74
BRIDGE_ONLY,2024-11-08,771433.9,14,14,182083.15,953517.04
BRIDGE_ONLY,2024-11-11,769901.62,14,14,182127.58,952029.2
BRIDGE_ONLY,2024-11-12,757822.56,14,14,182172.03,939994.59
BRIDGE_ONLY,2024-11-13,755958.04,14,14,176441.5,932399.54
BRIDGE_ONLY,2024-11-14,745749.65,14,14,176484.56,922234.21
BRIDGE_ONLY,2024-11-15,736325.25,14,14,176527.63,912852.88
BRIDGE_ONLY,2024-11-18,749472.12,14,14,164311.39,913783.52
BRIDGE_ONLY,2024-11-19,753019.97,14,14,164351.49,917371.46
BRIDGE_ONLY,2024-11-20,750945.1,14,14,164391.6,915336.7
BRIDGE_ONLY,2024-11-21,762082.71,14,14,164431.72,926514.43
BRIDGE_ONLY,2024-11-22,773823.91,14,14,164471.85,938295.76
BRIDGE_ONLY,2024-11-25,789928.57,14,14,164511.99,954440.56
BRIDGE_ONLY,2024-11-26,776631.51,15,15,230011.43,1006642.93
BRIDGE_ONLY,2024-11-27,778127.96,15,15,228720.73,1006848.69
BRIDGE_ONLY,2024-11-29,778383.19,15,15,228776.55,1007159.74
BRIDGE_ONLY,2024-12-02,786756.44,14,14,199461.97,986218.41
BRIDGE_ONLY,2024-12-03,781815.22,14,14,199509.31,981324.53
BRIDGE_ONLY,2024-12-04,780150.93,14,14,199556.65,979707.58
BRIDGE_ONLY,2024-12-05,773624.62,14,14,201894.89,975519.5
BRIDGE_ONLY,2024-12-06,772926.45,14,14,231790.83,1004717.28
BRIDGE_ONLY,2024-12-09,768603.28,14,14,231845.84,1000449.12
BRIDGE_ONLY,2024-12-10,765008.14,13,13,156188.4,921196.54
BRIDGE_ONLY,2024-12-11,769489.16,12,12,97225.43,866714.59
BRIDGE_ONLY,2024-12-12,772352.7,13,13,174126.47,946479.17
BRIDGE_ONLY,2024-12-13,758910.21,13,13,174167.79,933078.0
BRIDGE_ONLY,2024-12-16,751259.3,13,13,174209.12,925468.42
BRIDGE_ONLY,2024-12-17,753256.18,13,13,174250.46,927506.64
BRIDGE_ONLY,2024-12-18,733982.2,12,12,90421.81,824404.01
BRIDGE_ONLY,2024-12-19,732787.41,11,11,11338.82,744126.23
BRIDGE_ONLY,2024-12-20,741520.69,11,11,11341.51,752862.2
BRIDGE_ONLY,2024-12-23,745122.63,12,12,85531.3,830653.93
BRIDGE_ONLY,2024-12-24,751379.81,13,13,160289.24,911669.05
BRIDGE_ONLY,2024-12-26,750158.96,13,13,160327.28,910486.24
BRIDGE_ONLY,2024-12-27,744401.01,13,13,164239.84,908640.86
BRIDGE_ONLY,2024-12-30,734125.53,13,13,164278.82,898404.35
BRIDGE_ONLY,2024-12-31,735774.29,13,13,164317.8,900092.09
BRIDGE_ONLY,2025-01-02,735377.82,13,13,164355.82,899733.64
BRIDGE_ONLY,2025-01-03,743457.32,13,13,164393.84,907851.16
BRIDGE_ONLY,2025-01-06,746816.22,13,13,164431.87,911248.1
BRIDGE_ONLY,2025-01-07,741433.54,13,13,164469.91,905903.45
BRIDGE_ONLY,2025-01-08,736527.78,13,13,161837.67,898365.45
BRIDGE_ONLY,2025-01-10,748662.53,13,13,161875.11,910537.64
BRIDGE_ONLY,2025-01-13,754282.78,13,13,161912.56,916195.34
BRIDGE_ONLY,2025-01-14,760275.08,13,13,161950.02,922225.1
BRIDGE_ONLY,2025-01-15,768077.42,13,13,161987.48,930064.9
BRIDGE_ONLY,2025-01-16,769672.6,13,13,162024.96,931697.56
BRIDGE_ONLY,2025-01-17,773436.07,13,13,162062.44,935498.52
BRIDGE_ONLY,2025-01-21,770234.85,13,13,162099.94,932334.79
BRIDGE_ONLY,2025-01-22,765913.33,13,13,161044.44,926957.76
BRIDGE_ONLY,2025-01-23,774483.01,13,13,160756.68,935239.69
BRIDGE_ONLY,2025-01-24,773187.01,13,13,160793.87,933980.89
BRIDGE_ONLY,2025-01-27,759134.48,13,13,160831.07,919965.55
BRIDGE_ONLY,2025-01-28,763046.48,14,14,224946.71,987993.19
BRIDGE_ONLY,2025-01-29,766685.14,14,14,224872.36,991557.51
BRIDGE_ONLY,2025-01-30,776054.77,14,14,222254.75,998309.51
BRIDGE_ONLY,2025-01-31,764945.9,14,14,222306.17,987252.07
BRIDGE_ONLY,2025-02-03,747856.55,13,13,157967.52,905824.07
BRIDGE_ONLY,2025-02-04,758405.67,12,12,82047.13,840452.8
BRIDGE_ONLY,2025-02-05,762576.86,13,13,157807.64,920384.51
BRIDGE_ONLY,2025-02-06,753705.19,13,13,157844.15,911549.34
BRIDGE_ONLY,2025-02-07,752902.83,13,13,157880.67,910783.5
BRIDGE_ONLY,2025-02-10,775058.91,13,13,157917.2,932976.1
BRIDGE_ONLY,2025-02-11,769785.7,13,13,157953.73,927739.43
BRIDGE_ONLY,2025-02-12,785509.01,14,14,216786.91,1002295.92
BRIDGE_ONLY,2025-02-13,801277.56,14,14,216837.06,1018114.62
BRIDGE_ONLY,2025-02-14,805550.17,14,14,216887.23,1022437.4
BRIDGE_ONLY,2025-02-18,823609.83,14,14,216937.4,1040547.23
BRIDGE_ONLY,2025-02-19,825577.04,14,14,224531.63,1050108.67
BRIDGE_ONLY,2025-02-20,833115.46,14,14,224583.57,1057699.03
BRIDGE_ONLY,2025-02-21,827751.8,14,14,224635.53,1052387.33
BRIDGE_ONLY,2025-02-24,830457.51,14,14,224687.5,1055145.01
BRIDGE_ONLY,2025-02-25,830457.97,14,14,222788.75,1053246.72
BRIDGE_ONLY,2025-02-26,818634.1,14,14,226009.94,1044644.04
BRIDGE_ONLY,2025-02-27,814183.17,14,14,219008.92,1033192.08
BRIDGE_ONLY,2025-02-28,826146.75,12,12,84690.64,910837.39
BRIDGE_ONLY,2025-03-03,814478.35,13,13,167452.89,981931.24
BRIDGE_ONLY,2025-03-04,802211.33,13,13,167491.63,969702.97
BRIDGE_ONLY,2025-03-05,813987.26,13,13,167530.38,981517.64
BRIDGE_ONLY,2025-03-06,811806.61,12,12,85889.07,897695.68
BRIDGE_ONLY,2025-03-07,825561.45,12,12,85908.94,911470.39
BRIDGE_ONLY,2025-03-10,825460.67,12,12,85928.81,911389.48
BRIDGE_ONLY,2025-03-11,813912.39,13,13,168192.61,982105.0
BRIDGE_ONLY,2025-03-12,803383.48,13,13,168231.52,971615.0
BRIDGE_ONLY,2025-03-13,800539.69,12,12,86033.49,886573.18
BRIDGE_ONLY,2025-03-14,822560.61,13,13,167216.84,989777.44
BRIDGE_ONLY,2025-03-17,848651.37,13,13,167255.52,1015906.89
BRIDGE_ONLY,2025-03-18,844366.74,14,14,252014.08,1096380.82
BRIDGE_ONLY,2025-03-19,848713.93,14,14,252072.38,1100786.31
BRIDGE_ONLY,2025-03-20,847935.26,14,14,252130.7,1100065.96
BRIDGE_ONLY,2025-03-21,838861.83,14,14,252189.03,1091050.86
BRIDGE_ONLY,2025-03-24,857395.65,14,14,252247.37,1109643.03
BRIDGE_ONLY,2025-03-25,854301.23,14,14,252305.73,1106606.96
BRIDGE_ONLY,2025-03-26,840051.91,14,14,252364.1,1092416.01
BRIDGE_ONLY,2025-03-27,825637.33,13,13,174707.57,1000344.9
BRIDGE_ONLY,2025-03-28,813764.2,13,13,204452.25,1018216.45
BRIDGE_ONLY,2025-03-31,818956.43,13,13,204499.55,1023455.98
BRIDGE_ONLY,2025-04-01,813172.46,13,13,204546.86,1017719.32
BRIDGE_ONLY,2025-04-02,816838.18,13,13,204594.18,1021432.36
BRIDGE_ONLY,2025-04-03,762860.72,13,13,204641.52,967502.23
BRIDGE_ONLY,2025-04-04,699247.41,13,13,204688.86,903936.27
BRIDGE_ONLY,2025-04-07,692049.57,13,13,204736.21,896785.79
BRIDGE_ONLY,2025-04-08,657081.1,13,13,204783.58,861864.68
BRIDGE_ONLY,2025-04-09,735399.37,12,12,129666.93,865066.29
BRIDGE_ONLY,2025-04-10,682008.08,13,13,200618.48,882626.56
BRIDGE_ONLY,2025-04-11,697824.71,13,13,200664.89,898489.6
BRIDGE_ONLY,2025-04-14,710208.27,13,13,200711.32,910919.58
BRIDGE_ONLY,2025-04-15,709206.48,13,13,200757.75,909964.23
BRIDGE_ONLY,2025-04-16,693404.36,13,13,200804.2,894208.55
BRIDGE_ONLY,2025-04-17,699012.54,13,13,200850.65,899863.2
BRIDGE_ONLY,2025-04-21,680740.34,13,13,200897.12,881637.46
BRIDGE_ONLY,2025-04-22,702422.38,13,13,200943.6,903365.97
BRIDGE_ONLY,2025-04-23,704892.21,13,13,200990.08,905882.3
BRIDGE_ONLY,2025-04-24,735893.42,13,13,201036.58,936930.0
BRIDGE_ONLY,2025-04-25,732397.52,13,13,201083.09,933480.62
BRIDGE_ONLY,2025-04-28,731441.01,13,13,201129.61,932570.62
BRIDGE_ONLY,2025-04-29,738238.57,13,13,192681.72,930920.29
BRIDGE_ONLY,2025-04-30,729398.87,13,13,192726.3,922125.16
BRIDGE_ONLY,2025-05-01,729432.02,13,13,192770.88,922202.9
BRIDGE_ONLY,2025-05-02,746540.44,13,13,192815.48,939355.92
BRIDGE_ONLY,2025-05-05,737650.69,13,13,192860.09,930510.78
BRIDGE_ONLY,2025-05-06,732869.51,12,12,125581.23,858450.74
BRIDGE_ONLY,2025-05-07,731471.48,10,10,0.0,710411.49
BRIDGE_ONLY,2025-05-08,752325.57,9,9,0.0,662406.08
BRIDGE_ONLY,2025-05-09,759707.11,11,11,61203.32,820910.43
BRIDGE_ONLY,2025-05-12,779885.58,12,12,140146.72,920032.3
BRIDGE_ONLY,2025-05-13,796675.92,13,13,219136.62,1015812.54
BRIDGE_ONLY,2025-05-14,793505.08,11,11,64928.83,858433.91
BRIDGE_ONLY,2025-05-15,798374.98,12,12,143815.71,942190.69
BRIDGE_ONLY,2025-05-16,804112.42,13,13,223709.93,1027822.36
BRIDGE_ONLY,2025-05-19,790370.1,13,13,223761.69,1014131.79
BRIDGE_ONLY,2025-05-20,789724.25,13,13,223813.46,1013537.71
BRIDGE_ONLY,2025-05-21,769994.86,13,13,223865.24,993860.09
BRIDGE_ONLY,2025-05-22,749958.88,11,11,49750.85,799709.73
BRIDGE_ONLY,2025-05-23,749147.98,10,10,0.0,720559.6
BRIDGE_ONLY,2025-05-27,759310.08,12,12,122354.28,881664.36
BRIDGE_ONLY,2025-05-28,752073.55,13,13,198656.47,950730.01
BRIDGE_ONLY,2025-05-29,755872.78,13,13,198702.43,954575.2
BRIDGE_ONLY,2025-05-30,754056.67,13,13,198748.4,952805.06
BRIDGE_ONLY,2025-06-02,761484.51,13,13,198794.38,960278.89
BRIDGE_ONLY,2025-06-03,766539.79,13,13,198840.37,965380.15
BRIDGE_ONLY,2025-06-04,760656.2,13,13,198886.37,959542.57
BRIDGE_ONLY,2025-06-05,755207.16,13,13,198932.38,954139.54
BRIDGE_ONLY,2025-06-06,756932.47,13,13,198978.4,955910.87
BRIDGE_ONLY,2025-06-09,760825.93,13,13,199024.44,959850.37
BRIDGE_ONLY,2025-06-10,776394.45,13,13,199070.48,975464.93
BRIDGE_ONLY,2025-06-11,769336.9,13,13,196984.97,966321.87
BRIDGE_ONLY,2025-06-12,774055.26,13,13,190722.39,964777.64
BRIDGE_ONLY,2025-06-13,769651.27,13,13,190766.51,960417.78
BRIDGE_ONLY,2025-06-16,773382.85,13,13,190810.64,964193.5
BRIDGE_ONLY,2025-06-17,751716.32,13,13,197602.86,949319.19
BRIDGE_ONLY,2025-06-18,761498.65,13,13,197648.58,959147.22
BRIDGE_ONLY,2025-06-20,767563.56,13,13,197694.3,965257.87
BRIDGE_ONLY,2025-06-23,762635.3,13,13,184086.81,946722.11
BRIDGE_ONLY,2025-06-24,778113.21,13,13,184129.4,962242.61
BRIDGE_ONLY,2025-06-25,776572.74,13,13,187573.32,964146.05
BRIDGE_ONLY,2025-06-26,795075.6,13,13,187616.71,982692.32
BRIDGE_ONLY,2025-06-27,795693.52,13,13,188686.22,984379.73
BRIDGE_ONLY,2025-06-30,796499.96,13,13,188729.87,985229.82
BRIDGE_ONLY,2025-07-01,808054.22,13,13,188773.53,996827.75
BRIDGE_ONLY,2025-07-02,819528.09,13,13,192698.65,1012226.74
BRIDGE_ONLY,2025-07-03,826501.2,13,13,192743.23,1019244.43
BRIDGE_ONLY,2025-07-07,814437.48,13,13,192787.82,1007225.3
BRIDGE_ONLY,2025-07-08,816693.43,11,11,40548.5,857241.93
BRIDGE_ONLY,2025-07-09,838227.24,13,13,206147.47,1044374.7
BRIDGE_ONLY,2025-07-10,837123.87,13,13,206195.16,1043319.03
BRIDGE_ONLY,2025-07-11,828687.2,13,13,206242.86,1034930.06
BRIDGE_ONLY,2025-07-14,826073.76,12,12,120880.54,946954.3
BRIDGE_ONLY,2025-07-15,822161.38,13,13,205146.81,1027308.19
BRIDGE_ONLY,2025-07-16,824776.59,13,13,205194.27,1029970.86
BRIDGE_ONLY,2025-07-17,832316.54,13,13,205241.74,1037558.28
BRIDGE_ONLY,2025-07-18,835256.52,13,13,205289.22,1040545.74
BRIDGE_ONLY,2025-07-21,828385.13,13,13,205336.72,1033721.85
BRIDGE_ONLY,2025-07-22,837385.21,13,13,205384.22,1042769.43
BRIDGE_ONLY,2025-07-23,838105.61,13,13,205431.74,1043537.35
BRIDGE_ONLY,2025-07-24,836104.95,13,13,209708.98,1045813.93
BRIDGE_ONLY,2025-07-25,835471.53,13,13,209757.5,1045229.03
BRIDGE_ONLY,2025-07-28,837193.36,13,13,209806.02,1046999.39
BRIDGE_ONLY,2025-07-29,828443.71,13,13,195532.1,1023975.81
BRIDGE_ONLY,2025-07-30,826504.54,13,13,195577.34,1022081.88
BRIDGE_ONLY,2025-07-31,821701.7,13,13,195622.59,1017324.28
BRIDGE_ONLY,2025-08-01,802522.43,13,13,195667.84,998190.27
BRIDGE_ONLY,2025-08-04,816005.01,12,12,107307.27,923312.27
BRIDGE_ONLY,2025-08-05,822898.73,13,13,189904.14,1012802.86
BRIDGE_ONLY,2025-08-06,803106.02,13,13,189948.07,993054.09
BRIDGE_ONLY,2025-08-07,800669.2,13,13,189992.02,990661.21
BRIDGE_ONLY,2025-08-08,805581.78,13,13,190035.97,995617.75
BRIDGE_ONLY,2025-08-11,801556.91,13,13,190079.93,991636.84
BRIDGE_ONLY,2025-08-12,815441.81,13,13,185816.17,1001257.98
BRIDGE_ONLY,2025-08-13,823250.37,13,13,185859.15,1009109.53
BRIDGE_ONLY,2025-08-14,823192.82,13,13,185902.15,1009094.97
BRIDGE_ONLY,2025-08-15,830850.18,14,14,246747.04,1077597.21
BRIDGE_ONLY,2025-08-18,829383.56,13,13,177767.15,1007150.71
BRIDGE_ONLY,2025-08-19,833999.73,13,13,177808.28,1011808.01
BRIDGE_ONLY,2025-08-20,826941.03,13,13,177849.41,1004790.45
BRIDGE_ONLY,2025-08-21,827555.48,13,13,177890.56,1005446.04
BRIDGE_ONLY,2025-08-22,852716.1,12,12,87632.62,940348.73
BRIDGE_ONLY,2025-08-25,850365.51,13,13,172861.12,1023226.63
BRIDGE_ONLY,2025-08-26,850574.58,12,12,89021.96,939596.54
BRIDGE_ONLY,2025-08-27,854088.5,11,11,11104.42,865192.92
BRIDGE_ONLY,2025-08-28,857346.51,12,12,132180.15,989526.67
BRIDGE_ONLY,2025-08-29,838169.39,13,13,217722.65,1055892.04
BRIDGE_ONLY,2025-09-02,831943.44,12,12,135988.08,967931.52
BRIDGE_ONLY,2025-09-03,830793.08,13,13,219442.14,1050235.22
BRIDGE_ONLY,2025-09-04,833205.58,13,13,218675.57,1051881.15
BRIDGE_ONLY,2025-09-05,840498.2,13,13,218725.29,1059223.49
BRIDGE_ONLY,2025-09-08,846299.05,13,13,218775.03,1065074.07
BRIDGE_ONLY,2025-09-09,851016.54,13,13,218824.77,1069841.31
BRIDGE_ONLY,2025-09-10,862800.81,13,13,218874.53,1081675.33
BRIDGE_ONLY,2025-09-11,896565.63,13,13,218924.3,1115489.93
BRIDGE_ONLY,2025-09-12,920330.67,13,13,218974.08,1139304.75
BRIDGE_ONLY,2025-09-15,927354.73,13,13,219023.87,1146378.6
BRIDGE_ONLY,2025-09-16,922591.0,13,13,219073.67,1141664.67
BRIDGE_ONLY,2025-09-17,917361.61,13,13,219123.48,1136485.09
BRIDGE_ONLY,2025-09-18,932537.33,13,13,212841.33,1145378.66
BRIDGE_ONLY,2025-09-19,934975.41,13,13,212889.73,1147865.13
BRIDGE_ONLY,2025-09-22,935392.96,13,13,212938.13,1148331.09
BRIDGE_ONLY,2025-09-23,930754.62,13,13,212986.55,1143741.17
BRIDGE_ONLY,2025-09-24,937816.93,13,13,213034.98,1150851.91
BRIDGE_ONLY,2025-09-25,926878.2,13,13,213083.42,1139961.62
BRIDGE_ONLY,2025-09-26,932536.96,13,13,200185.7,1132722.66
BRIDGE_ONLY,2025-09-29,938494.26,13,13,200231.22,1138725.48
BRIDGE_ONLY,2025-09-30,942550.12,13,13,200276.75,1142826.87
BRIDGE_ONLY,2025-10-01,954825.83,13,13,206015.97,1160841.8
BRIDGE_ONLY,2025-10-02,950381.76,13,13,206061.59,1156443.35
BRIDGE_ONLY,2025-10-03,956814.69,14,14,260279.83,1217094.52
BRIDGE_ONLY,2025-10-06,961776.63,14,14,260337.47,1222114.1
BRIDGE_ONLY,2025-10-07,966682.77,14,14,259208.29,1225891.06
BRIDGE_ONLY,2025-10-08,972912.92,14,14,259265.68,1232178.6
BRIDGE_ONLY,2025-10-09,966237.63,14,14,259323.09,1225560.72
BRIDGE_ONLY,2025-10-10,924647.69,14,14,278133.48,1202781.17
BRIDGE_ONLY,2025-10-13,942398.43,14,14,278418.98,1220817.4
BRIDGE_ONLY,2025-10-14,944786.18,14,14,278480.63,1223266.81
BRIDGE_ONLY,2025-10-15,949965.99,14,14,278542.29,1228508.28
BRIDGE_ONLY,2025-10-16,944597.9,14,14,278603.97,1223201.86
BRIDGE_ONLY,2025-10-17,945651.73,14,14,278665.66,1224317.39
BRIDGE_ONLY,2025-10-20,965233.77,14,14,278727.36,1243961.13
BRIDGE_ONLY,2025-10-21,972658.07,14,14,276056.93,1248715.0
BRIDGE_ONLY,2025-10-22,956828.33,14,14,273792.51,1230620.84
BRIDGE_ONLY,2025-10-23,949314.15,14,14,270603.79,1219917.94
BRIDGE_ONLY,2025-10-24,959016.99,13,13,196972.89,1155989.88
BRIDGE_ONLY,2025-10-27,974016.99,13,13,197016.5,1171033.49
BRIDGE_ONLY,2025-10-28,966044.34,13,13,197060.13,1163104.47
BRIDGE_ONLY,2025-10-29,971644.35,13,13,196080.76,1167725.11
BRIDGE_ONLY,2025-10-30,968670.96,13,13,196124.18,1164795.14
BRIDGE_ONLY,2025-10-31,978832.45,14,14,294400.06,1273232.51
BRIDGE_ONLY,2025-11-03,972511.95,14,14,294035.84,1266547.79
BRIDGE_ONLY,2025-11-04,946661.77,13,13,213997.28,1160659.05
BRIDGE_ONLY,2025-11-05,948895.83,13,13,214042.96,1162938.79
BRIDGE_ONLY,2025-11-06,935597.8,13,13,214088.66,1149686.46
BRIDGE_ONLY,2025-11-07,943149.08,13,13,214134.37,1157283.45
BRIDGE_ONLY,2025-11-10,955034.8,13,13,214180.08,1169214.88
BRIDGE_ONLY,2025-11-11,956437.2,13,13,214225.81,1170663.01
BRIDGE_ONLY,2025-11-12,958876.5,13,13,214271.54,1173148.05
BRIDGE_ONLY,2025-11-13,929830.22,13,13,223020.94,1152851.16
BRIDGE_ONLY,2025-11-14,925482.0,13,13,214369.94,1139851.94
BRIDGE_ONLY,2025-11-17,895857.17,13,13,214415.71,1110272.88
BRIDGE_ONLY,2025-11-18,899147.12,11,11,35365.17,934512.29
BRIDGE_ONLY,2025-11-19,892048.67,12,12,125138.35,1017187.02
BRIDGE_ONLY,2025-11-20,867633.27,12,12,125165.07,992798.34
BRIDGE_ONLY,2025-11-21,888222.0,12,12,125191.79,1013413.79
BRIDGE_ONLY,2025-11-24,897393.8,13,13,214412.87,1111806.67
BRIDGE_ONLY,2025-11-25,906861.82,13,13,214458.65,1121320.46
BRIDGE_ONLY,2025-11-26,926700.6,13,13,214504.43,1141205.03
BRIDGE_ONLY,2025-11-28,936902.39,13,13,214550.23,1151452.62
BRIDGE_ONLY,2025-12-01,928557.9,13,13,214594.75,1143152.65
BRIDGE_ONLY,2025-12-02,925033.45,13,13,215117.97,1140151.42
BRIDGE_ONLY,2025-12-03,949610.64,13,13,215162.61,1164773.26
BRIDGE_ONLY,2025-12-04,959486.72,13,13,215207.27,1174693.99
BRIDGE_ONLY,2025-12-05,963917.71,13,13,215251.93,1179169.64
BRIDGE_ONLY,2025-12-08,966948.44,13,13,215296.61,1182245.05
BRIDGE_ONLY,2025-12-09,969573.34,13,13,215341.29,1184914.63
BRIDGE_ONLY,2025-12-10,994830.33,13,13,215385.98,1210216.31
BRIDGE_ONLY,2025-12-11,992110.1,13,13,215430.68,1207540.78
BRIDGE_ONLY,2025-12-12,979879.93,13,13,215475.39,1195355.33
BRIDGE_ONLY,2025-12-15,977218.87,11,11,26512.36,1003731.23
BRIDGE_ONLY,2025-12-16,973364.0,10,10,0.0,902169.91
BRIDGE_ONLY,2025-12-17,970202.99,10,10,0.0,899008.89
BRIDGE_ONLY,2025-12-18,968499.76,12,12,107914.33,1076414.09
BRIDGE_ONLY,2025-12-19,968389.39,12,12,105737.93,1074127.32
BRIDGE_ONLY,2025-12-22,976784.8,13,13,202546.19,1179330.99
BRIDGE_ONLY,2025-12-23,967882.99,13,13,202588.23,1170471.22
BRIDGE_ONLY,2025-12-24,977439.92,13,13,202630.27,1180070.19
BRIDGE_ONLY,2025-12-26,974370.14,13,13,202672.32,1177042.46
BRIDGE_ONLY,2025-12-29,975474.94,14,14,287714.32,1263189.26
BRIDGE_ONLY,2025-12-30,973825.53,14,14,287774.03,1261599.57
BRIDGE_ONLY,2025-12-31,971305.16,14,14,284156.17,1255461.33
ONE_BOOK,2016-01-04,100000.0,0,0,0.0,0.0
ONE_BOOK,2016-01-05,100000.0,0,0,0.0,0.0
ONE_BOOK,2016-01-06,100000.0,0,0,0.0,0.0
ONE_BOOK,2016-01-07,100000.0,0,0,0.0,0.0
ONE_BOOK,2016-01-08,100000.0,0,0,0.0,0.0
ONE_BOOK,2016-01-11,100000.0,0,0,0.0,0.0
ONE_BOOK,2016-01-12,100000.0,0,0,0.0,0.0
ONE_BOOK,2016-01-13,100000.0,0,0,0.0,0.0
ONE_BOOK,2016-01-14,100000.0,0,0,0.0,0.0
ONE_BOOK,2016-01-15,100000.0,0,0,0.0,0.0
ONE_BOOK,2016-01-19,100000.0,0,0,0.0,0.0
ONE_BOOK,2016-01-20,100000.0,0,0,0.0,0.0
ONE_BOOK,2016-01-21,100000.0,0,0,0.0,0.0
ONE_BOOK,2016-01-22,100000.0,0,0,0.0,0.0
ONE_BOOK,2016-01-25,100000.0,0,0,0.0,0.0
ONE_BOOK,2016-01-26,100000.0,0,0,0.0,0.0
ONE_BOOK,2016-01-27,100000.0,0,0,0.0,0.0
ONE_BOOK,2016-01-28,100000.0,0,0,0.0,0.0
ONE_BOOK,2016-01-29,100000.0,0,0,0.0,0.0
ONE_BOOK,2016-02-01,100413.68,12,12,19968.5,120382.19
ONE_BOOK,2016-02-02,96637.22,12,12,19969.99,116607.21
ONE_BOOK,2016-02-03,98695.25,12,13,29084.96,127780.21
ONE_BOOK,2016-02-04,99103.76,12,13,29087.12,128190.87
ONE_BOOK,2016-02-05,95833.53,12,13,29089.28,124922.81
ONE_BOOK,2016-02-08,92673.32,11,11,9593.25,102266.57
ONE_BOOK,2016-02-09,91583.74,12,12,18675.99,110259.72
ONE_BOOK,2016-02-10,91426.5,12,12,18677.37,110103.88
ONE_BOOK,2016-02-11,89732.48,12,12,18678.76,108411.24
ONE_BOOK,2016-02-12,91967.9,11,11,9086.82,101054.72
ONE_BOOK,2016-02-16,93877.33,12,12,18394.71,112272.04
ONE_BOOK,2016-02-17,95577.97,12,13,27831.7,123409.66
ONE_BOOK,2016-02-18,94568.97,12,13,27833.76,122402.73
ONE_BOOK,2016-02-19,95898.52,10,13,27705.79,123604.3
ONE_BOOK,2016-02-22,97957.47,10,13,27707.84,125665.31
ONE_BOOK,2016-02-23,96124.01,10,13,27709.9,123833.91
ONE_BOOK,2016-02-24,97675.92,9,13,27046.1,124722.01
ONE_BOOK,2016-02-25,99498.22,9,13,27048.1,126546.32
ONE_BOOK,2016-02-26,99870.52,9,13,27050.11,126920.63
ONE_BOOK,2016-02-29,98755.49,8,13,27562.82,126318.32
ONE_BOOK,2016-03-01,101209.99,8,13,27564.86,128774.85
ONE_BOOK,2016-03-02,103055.15,8,13,27566.89,130622.04
ONE_BOOK,2016-03-03,104783.99,9,13,27881.83,132665.83
ONE_BOOK,2016-03-04,106738.93,9,13,27883.89,134622.82
ONE_BOOK,2016-03-07,108323.7,9,13,27885.95,136209.65
ONE_BOOK,2016-03-08,102812.69,9,13,27888.01,130700.7
ONE_BOOK,2016-03-09,103514.59,4,4,0.0,40927.82
ONE_BOOK,2016-03-10,103880.28,4,4,0.0,41293.52
ONE_BOOK,2016-03-11,104527.2,4,5,0.0,52379.58
ONE_BOOK,2016-03-14,104581.78,7,8,0.0,83675.87
ONE_BOOK,2016-03-15,104698.38,7,9,0.0,94186.57
ONE_BOOK,2016-03-16,105403.03,7,10,0.0,105331.68
ONE_BOOK,2016-03-17,105830.5,9,12,21018.88,126849.38
ONE_BOOK,2016-03-18,107004.77,9,12,21020.43,128025.21
ONE_BOOK,2016-03-21,107435.09,9,12,21021.98,128457.08
ONE_BOOK,2016-03-22,107469.62,9,12,21094.81,128564.43
ONE_BOOK,2016-03-23,105963.99,8,11,9452.55,115416.54
ONE_BOOK,2016-03-24,105741.72,7,9,0.0,95623.83
ONE_BOOK,2016-03-28,105920.77,7,9,0.0,95802.87
ONE_BOOK,2016-03-29,106654.34,7,9,0.0,96536.44
ONE_BOOK,2016-03-30,107006.33,10,12,21997.13,129003.46
ONE_BOOK,2016-03-31,106423.05,10,12,21998.75,128421.8
ONE_BOOK,2016-04-01,106746.12,10,12,22000.39,128746.51
ONE_BOOK,2016-04-04,107287.49,10,12,22002.02,129289.51
ONE_BOOK,2016-04-05,106851.97,9,12,20508.16,127360.12
ONE_BOOK,2016-04-06,108919.24,9,12,20509.68,129428.92
ONE_BOOK,2016-04-07,107125.98,10,13,31332.09,138458.07
ONE_BOOK,2016-04-08,107744.81,9,12,20256.24,128001.05
ONE_BOOK,2016-04-11,107305.57,10,13,31081.73,138387.3
ONE_BOOK,2016-04-12,109748.95,10,13,31084.04,140832.99
ONE_BOOK,2016-04-13,112206.48,10,13,31086.34,143292.82
ONE_BOOK,2016-04-14,111896.71,10,13,31088.65,142985.36
ONE_BOOK,2016-04-15,111389.97,10,13,31090.96,142480.93
ONE_BOOK,2016-04-18,111721.31,10,13,31093.27,142814.58
ONE_BOOK,2016-04-19,113334.48,10,13,31095.57,144430.06
ONE_BOOK,2016-04-20,114651.89,10,13,31097.88,145749.77
ONE_BOOK,2016-04-21,113262.44,10,13,31100.19,144362.63
ONE_BOOK,2016-04-22,113642.3,10,13,31102.5,144744.79
ONE_BOOK,2016-04-25,113355.64,8,10,0.0,110583.63
ONE_BOOK,2016-04-26,112990.07,6,8,0.0,83505.06
ONE_BOOK,2016-04-27,113240.8,6,7,0.0,72070.24
ONE_BOOK,2016-04-28,112433.78,12,13,26571.91,139005.69
ONE_BOOK,2016-04-29,110481.79,12,13,26573.88,137055.67
ONE_BOOK,2016-05-02,111529.76,12,13,26575.86,138105.62
ONE_BOOK,2016-05-03,111012.18,12,13,26577.83,137590.01
ONE_BOOK,2016-05-04,110170.94,12,13,26579.8,136750.74
ONE_BOOK,2016-05-05,110638.89,12,13,26581.77,137220.67
ONE_BOOK,2016-05-06,110670.47,12,13,26583.75,137254.22
ONE_BOOK,2016-05-09,111565.27,12,13,26585.72,138150.99
ONE_BOOK,2016-05-10,112579.85,12,13,26587.69,139167.54
ONE_BOOK,2016-05-11,111101.53,12,13,26589.66,137691.19
ONE_BOOK,2016-05-12,110314.77,12,13,26591.64,136906.41
ONE_BOOK,2016-05-13,109132.27,12,13,26593.61,135725.88
ONE_BOOK,2016-05-16,109878.51,11,12,14874.6,124753.11
ONE_BOOK,2016-05-17,108504.83,12,13,25843.53,134348.36
ONE_BOOK,2016-05-18,107864.52,12,13,25845.45,133709.97
ONE_BOOK,2016-05-19,108227.0,12,13,25847.36,134074.37
ONE_BOOK,2016-05-20,109195.59,12,13,25849.28,135044.87
ONE_BOOK,2016-05-23,109396.74,12,13,25851.2,135247.94
ONE_BOOK,2016-05-24,111720.03,12,13,25950.49,137670.52
ONE_BOOK,2016-05-25,112513.36,12,13,25952.42,138465.78
ONE_BOOK,2016-05-26,112667.67,12,13,25954.34,138622.01
ONE_BOOK,2016-05-27,113695.17,12,13,25956.27,139651.44
ONE_BOOK,2016-05-31,114650.89,12,13,25958.19,140609.09
ONE_BOOK,2016-06-01,115919.12,12,13,25960.13,141879.25
ONE_BOOK,2016-06-02,116576.34,11,13,26329.75,142906.09
ONE_BOOK,2016-06-03,115144.34,12,13,29809.87,144954.2
ONE_BOOK,2016-06-06,115337.16,12,13,29812.09,145149.26
ONE_BOOK,2016-06-07,116285.2,12,13,29814.32,146099.51
ONE_BOOK,2016-06-08,115972.54,12,13,29816.54,145789.08
ONE_BOOK,2016-06-09,116059.54,12,13,29818.76,145878.31
ONE_BOOK,2016-06-10,113890.64,12,13,29011.49,142902.13
ONE_BOOK,2016-06-13,111966.41,9,12,17184.83,129151.24
ONE_BOOK,2016-06-14,111837.2,9,12,17186.11,129023.31
ONE_BOOK,2016-06-15,112469.35,10,13,28419.98,140889.33
ONE_BOOK,2016-06-16,112890.89,10,13,28422.1,141312.99
ONE_BOOK,2016-06-17,113288.9,10,13,28424.22,141713.12
ONE_BOOK,2016-06-20,114464.29,10,13,28426.34,142890.62
ONE_BOOK,2016-06-21,115036.38,10,13,28428.46,143464.84
ONE_BOOK,2016-06-22,114766.77,10,13,28430.58,143197.35
ONE_BOOK,2016-06-23,116458.43,10,13,28432.7,144891.13
ONE_BOOK,2016-06-24,108584.88,10,13,28434.82,137019.7
ONE_BOOK,2016-06-27,104304.09,10,13,28436.94,132741.03
ONE_BOOK,2016-06-28,107253.83,10,13,28439.07,135692.9
ONE_BOOK,2016-06-29,111444.15,10,13,28441.19,139885.34
ONE_BOOK,2016-06-30,113327.08,10,13,28443.31,141770.39
ONE_BOOK,2016-07-01,114440.52,10,13,28445.45,142885.97
ONE_BOOK,2016-07-05,112379.24,9,13,27880.14,140259.39
ONE_BOOK,2016-07-06,113007.04,9,13,27882.25,140889.29
ONE_BOOK,2016-07-07,113811.95,9,13,27884.35,141696.3
ONE_BOOK,2016-07-08,116188.88,9,13,27529.02,143717.9
ONE_BOOK,2016-07-11,117534.31,9,13,27531.1,145065.41
ONE_BOOK,2016-07-12,119420.13,9,13,27533.18,146953.3
ONE_BOOK,2016-07-13,117527.85,9,13,27535.25,145063.1
ONE_BOOK,2016-07-14,119846.57,9,12,14987.41,134833.99
ONE_BOOK,2016-07-15,118974.5,10,13,27019.55,145994.05
ONE_BOOK,2016-07-18,119377.59,10,13,27021.59,146399.18
ONE_BOOK,2016-07-19,119545.82,10,13,27023.62,146569.45
ONE_BOOK,2016-07-20,120059.04,10,13,27025.66,147084.7
ONE_BOOK,2016-07-21,120220.2,10,13,27027.7,147247.9
ONE_BOOK,2016-07-22,121426.0,10,12,19972.91,141398.91
ONE_BOOK,2016-07-25,120468.24,10,12,19974.42,140442.66
ONE_BOOK,2016-07-26,121152.09,11,13,31980.28,153132.37
ONE_BOOK,2016-07-27,121419.53,11,13,31982.69,153402.23
ONE_BOOK,2016-07-28,121983.87,11,13,31985.11,153968.98
ONE_BOOK,2016-07-29,121719.94,11,13,31987.52,153707.46
ONE_BOOK,2016-08-01,122103.77,10,13,31577.94,153681.7
ONE_BOOK,2016-08-02,120788.64,10,13,31580.32,152368.96
ONE_BOOK,2016-08-03,121580.02,10,13,31582.7,153162.71
ONE_BOOK,2016-08-04,122654.77,9,13,31507.67,154162.43
ONE_BOOK,2016-08-05,124231.84,9,13,31510.04,155741.89
ONE_BOOK,2016-08-08,124462.89,9,13,31512.42,155975.3
ONE_BOOK,2016-08-09,124346.91,9,13,31514.79,155861.7
ONE_BOOK,2016-08-10,124667.36,9,13,29974.95,154642.3
ONE_BOOK,2016-08-11,126808.34,9,13,29977.21,156785.55
ONE_BOOK,2016-08-12,127558.95,9,13,29800.6,157359.56
ONE_BOOK,2016-08-15,127766.9,9,13,29802.85,157569.75
ONE_BOOK,2016-08-16,126983.6,9,13,29805.1,156788.7
ONE_BOOK,2016-08-17,127466.9,9,13,29807.34,157274.25
ONE_BOOK,2016-08-18,127692.94,9,13,29809.59,157502.53
ONE_BOOK,2016-08-19,127538.97,9,13,29811.84,157350.8
ONE_BOOK,2016-08-22,127285.68,9,13,29814.09,157099.77
ONE_BOOK,2016-08-23,126810.14,9,13,29816.33,156626.47
ONE_BOOK,2016-08-24,126308.79,10,13,28784.67,155093.46
ONE_BOOK,2016-08-25,126147.56,10,13,28139.01,154286.57
ONE_BOOK,2016-08-26,125807.17,10,13,28141.13,153948.3
ONE_BOOK,2016-08-29,126591.56,10,13,28143.25,154734.81
ONE_BOOK,2016-08-30,126847.95,10,13,28145.37,154993.32
ONE_BOOK,2016-08-31,126559.31,10,13,28147.5,154706.81
ONE_BOOK,2016-09-01,126328.08,10,13,28149.61,154477.69
ONE_BOOK,2016-09-02,126739.91,10,13,28151.72,154891.63
ONE_BOOK,2016-09-06,126482.49,10,13,28153.83,154636.32
ONE_BOOK,2016-09-07,126116.74,10,13,27671.73,153788.47
ONE_BOOK,2016-09-08,126181.83,10,13,27673.81,153855.64
ONE_BOOK,2016-09-09,121843.07,10,13,27675.89,149518.96
ONE_BOOK,2016-09-12,123912.23,10,13,27677.96,151590.2
ONE_BOOK,2016-09-13,121935.91,10,13,27680.04,149615.94
ONE_BOOK,2016-09-14,121804.88,10,13,27682.11,149487.0
ONE_BOOK,2016-09-15,123065.96,10,13,27684.19,150750.15
ONE_BOOK,2016-09-16,122056.35,10,13,27686.27,149742.61
ONE_BOOK,2016-09-19,122367.76,10,13,27688.34,150056.1
ONE_BOOK,2016-09-20,121712.28,10,13,27690.42,149402.69
ONE_BOOK,2016-09-21,122912.08,10,13,27692.5,150604.57
ONE_BOOK,2016-09-22,124275.67,10,13,27694.57,151970.24
ONE_BOOK,2016-09-23,123525.74,10,13,27696.65,151222.39
ONE_BOOK,2016-09-26,121998.12,10,13,27698.73,149696.85
ONE_BOOK,2016-09-27,123342.48,9,13,27946.35,151288.83
ONE_BOOK,2016-09-28,123997.43,9,13,27948.45,151945.88
ONE_BOOK,2016-09-29,122493.27,9,13,27950.55,150443.81
ONE_BOOK,2016-09-30,125013.83,9,13,27952.64,152966.47
ONE_BOOK,2016-10-03,125074.78,9,13,27954.75,153029.53
ONE_BOOK,2016-10-04,124899.57,9,13,29500.29,154399.86
ONE_BOOK,2016-10-05,125616.81,9,13,29502.52,155119.32
ONE_BOOK,2016-10-06,125721.07,9,13,29504.74,155225.81
ONE_BOOK,2016-10-07,125154.05,9,13,29506.97,154661.02
ONE_BOOK,2016-10-10,125741.73,9,12,19819.68,145561.4
ONE_BOOK,2016-10-11,124331.84,10,13,32367.64,156699.48
ONE_BOOK,2016-10-12,124750.37,10,13,31946.9,156697.27
ONE_BOOK,2016-10-13,124232.16,10,13,31949.31,156181.47
ONE_BOOK,2016-10-14,124570.23,10,13,31674.84,156245.07
ONE_BOOK,2016-10-17,124096.75,10,13,31677.23,155773.97
ONE_BOOK,2016-10-18,125288.25,10,13,31679.61,156967.86
ONE_BOOK,2016-10-19,126450.99,10,13,31682.0,158132.99
ONE_BOOK,2016-10-20,124749.49,10,13,31684.39,156433.88
ONE_BOOK,2016-10-21,125201.39,10,13,31686.78,156888.17
ONE_BOOK,2016-10-24,125715.71,10,13,31689.17,157404.88
ONE_BOOK,2016-10-25,125210.48,10,13,33982.37,159192.85
ONE_BOOK,2016-10-26,125245.87,10,13,33558.66,158804.54
ONE_BOOK,2016-10-27,124757.86,10,13,33561.19,158319.05
ONE_BOOK,2016-10-28,124534.61,10,13,33563.72,158098.33
ONE_BOOK,2016-10-31,124600.46,10,13,33566.25,158166.71
ONE_BOOK,2016-11-01,123803.13,10,13,33568.78,157371.92
ONE_BOOK,2016-11-02,122367.82,10,13,33571.32,155939.14
ONE_BOOK,2016-11-03,121504.62,10,13,33573.85,155078.46
ONE_BOOK,2016-11-04,122023.51,10,13,33576.38,155599.89
ONE_BOOK,2016-11-07,125473.49,10,13,33578.91,159052.4
ONE_BOOK,2016-11-08,126493.32,10,13,33581.44,160074.77
ONE_BOOK,2016-11-09,130332.29,10,13,33583.97,163916.27
ONE_BOOK,2016-11-10,133591.81,11,13,35535.07,169126.89
ONE_BOOK,2016-11-11,132937.04,11,13,35537.75,168474.79
ONE_BOOK,2016-11-14,133975.96,11,13,35540.43,169516.39
ONE_BOOK,2016-11-15,135758.61,10,11,10714.7,146473.3
ONE_BOOK,2016-11-16,134286.48,11,12,24141.6,158428.08
ONE_BOOK,2016-11-17,136141.45,11,13,37613.42,173754.88
ONE_BOOK,2016-11-18,135923.35,11,13,34771.71,170695.05
ONE_BOOK,2016-11-21,136894.03,11,13,34774.33,171668.36
ONE_BOOK,2016-11-22,137600.57,11,13,34776.95,172377.52
ONE_BOOK,2016-11-23,137678.81,11,13,34665.23,172344.03
ONE_BOOK,2016-11-25,138446.1,11,13,34667.84,173113.94
ONE_BOOK,2016-11-28,135931.71,11,13,34670.46,170602.16
ONE_BOOK,2016-11-29,135924.68,12,13,33244.28,169168.96
ONE_BOOK,2016-11-30,135626.84,12,13,33246.78,168873.62
ONE_BOOK,2016-12-01,133752.75,12,13,34595.31,168348.06
ONE_BOOK,2016-12-02,134126.5,12,13,34598.11,168724.61
ONE_BOOK,2016-12-05,136357.82,11,13,33754.17,170111.99
ONE_BOOK,2016-12-06,137409.03,11,13,33756.91,171165.93
ONE_BOOK,2016-12-07,140575.41,11,13,33759.64,174335.05
ONE_BOOK,2016-12-08,141996.47,11,13,33762.37,175758.84
ONE_BOOK,2016-12-09,143521.87,10,13,34032.6,177554.47
ONE_BOOK,2016-12-12,142583.81,11,13,37393.54,179977.35
ONE_BOOK,2016-12-13,144076.33,10,13,36443.79,180520.11
ONE_BOOK,2016-12-14,141937.85,10,13,39495.79,181433.63
ONE_BOOK,2016-12-15,142028.07,9,12,24268.72,166296.79
ONE_BOOK,2016-12-16,140790.41,10,13,38531.47,179321.88
ONE_BOOK,2016-12-19,141082.28,10,13,38534.59,179616.87
ONE_BOOK,2016-12-20,140751.76,10,13,38699.38,179451.14
ONE_BOOK,2016-12-21,141281.62,10,13,38702.52,179984.14
ONE_BOOK,2016-12-22,140782.24,10,13,38705.65,179487.89
ONE_BOOK,2016-12-23,141108.34,10,13,38708.78,179817.12
ONE_BOOK,2016-12-27,141870.58,10,13,38711.92,180582.5
ONE_BOOK,2016-12-28,140151.71,10,13,38715.05,178866.76
ONE_BOOK,2016-12-29,139958.34,10,13,38718.18,178676.53
ONE_BOOK,2016-12-30,138596.16,10,13,38721.32,177317.47
ONE_BOOK,2017-01-03,141768.55,10,13,38724.64,180493.18
ONE_BOOK,2017-01-04,142771.74,10,13,38727.96,181499.7
ONE_BOOK,2017-01-05,144275.04,10,13,38731.28,183006.31
ONE_BOOK,2017-01-06,146642.69,10,13,38734.6,185377.28
ONE_BOOK,2017-01-09,146592.35,10,13,38737.92,185330.26
ONE_BOOK,2017-01-10,146641.6,9,13,39270.33,185911.93
ONE_BOOK,2017-01-11,146997.94,9,13,39273.7,186271.64
ONE_BOOK,2017-01-12,147339.85,9,13,39277.06,186616.91
ONE_BOOK,2017-01-13,148650.27,8,11,9519.34,158169.62
ONE_BOOK,2017-01-17,145998.45,10,13,39210.36,185208.8
ONE_BOOK,2017-01-18,148072.61,11,13,41249.14,189321.75
ONE_BOOK,2017-01-19,147210.93,11,13,41252.68,188463.6
ONE_BOOK,2017-01-20,146110.87,11,13,41256.21,187367.08
ONE_BOOK,2017-01-23,142662.86,11,13,41259.75,183922.61
ONE_BOOK,2017-01-24,144152.65,11,13,41263.29,185415.93
ONE_BOOK,2017-01-25,146496.49,11,13,41266.82,187763.32
ONE_BOOK,2017-01-26,143885.09,11,13,41270.36,185155.45
ONE_BOOK,2017-01-27,145281.03,11,13,40335.01,185616.04
ONE_BOOK,2017-01-30,143972.19,11,13,40338.47,184310.66
ONE_BOOK,2017-01-31,143725.81,11,13,40341.92,184067.73
ONE_BOOK,2017-02-01,144054.28,9,11,9332.65,153386.93
ONE_BOOK,2017-02-02,144647.96,10,13,38116.13,182764.09
ONE_BOOK,2017-02-03,146129.07,10,13,38119.4,184248.47
ONE_BOOK,2017-02-06,145299.52,10,13,38122.66,183422.19
ONE_BOOK,2017-02-07,145388.05,9,13,36889.66,182277.72
ONE_BOOK,2017-02-08,144685.33,9,13,36892.82,181578.15
ONE_BOOK,2017-02-09,144958.04,9,13,36895.99,181854.03
ONE_BOOK,2017-02-10,145501.3,9,13,35890.44,181391.74
ONE_BOOK,2017-02-13,147058.97,9,13,35893.52,182952.48
ONE_BOOK,2017-02-14,149245.14,9,13,35896.59,185141.74
ONE_BOOK,2017-02-15,150670.07,9,13,35899.67,186569.74
ONE_BOOK,2017-02-16,149429.91,9,13,35902.75,185332.66
ONE_BOOK,2017-02-17,149289.92,9,13,35905.82,185195.74
ONE_BOOK,2017-02-21,151398.11,9,13,35093.05,186491.15
ONE_BOOK,2017-02-22,150496.14,9,13,35096.05,185592.19
ONE_BOOK,2017-02-23,151700.47,9,13,35099.06,186799.53
ONE_BOOK,2017-02-24,151823.61,9,13,35090.0,186913.61
ONE_BOOK,2017-02-27,151434.23,9,13,34488.51,185922.74
ONE_BOOK,2017-02-28,150241.79,10,13,35127.01,185368.79
ONE_BOOK,2017-03-01,152053.14,10,13,35130.2,187183.33
ONE_BOOK,2017-03-02,151812.61,10,13,35133.39,186946.0
ONE_BOOK,2017-03-03,151534.56,10,12,19950.34,171484.9
ONE_BOOK,2017-03-06,150084.48,10,13,35036.61,185121.09
ONE_BOOK,2017-03-07,148818.88,10,13,35039.79,183858.67
ONE_BOOK,2017-03-08,148704.33,10,13,35042.97,183747.31
ONE_BOOK,2017-03-09,148293.63,10,13,35046.16,183339.79
ONE_BOOK,2017-03-10,149501.26,10,13,35049.34,184550.61
ONE_BOOK,2017-03-13,149702.86,10,13,35052.53,184755.39
ONE_BOOK,2017-03-14,148378.33,10,13,35055.71,183434.05
ONE_BOOK,2017-03-15,151019.07,10,13,35058.9,186077.97
ONE_BOOK,2017-03-16,150071.06,10,13,35062.09,185133.14
ONE_BOOK,2017-03-17,149017.14,10,13,35065.27,184082.41
ONE_BOOK,2017-03-20,148137.83,10,13,35068.46,183206.29
ONE_BOOK,2017-03-21,144791.6,10,13,35071.65,179863.24
ONE_BOOK,2017-03-22,145395.6,10,13,35074.83,180470.43
ONE_BOOK,2017-03-23,145717.6,10,13,35078.02,180795.62
ONE_BOOK,2017-03-24,146008.15,10,13,35081.21,181089.35
ONE_BOOK,2017-03-27,145057.67,10,13,35084.4,180142.07
ONE_BOOK,2017-03-28,146044.54,10,13,35087.58,181132.12
ONE_BOOK,2017-03-29,147000.37,10,13,35090.77,182091.14
ONE_BOOK,2017-03-30,146649.06,10,13,35093.96,181743.02
ONE_BOOK,2017-03-31,147536.63,9,13,34795.85,182332.47
ONE_BOOK,2017-04-03,146448.97,9,13,34799.17,181248.14
ONE_BOOK,2017-04-04,146817.17,9,13,34802.5,181619.67
ONE_BOOK,2017-04-05,145586.49,9,13,34805.83,180392.32
ONE_BOOK,2017-04-06,146409.65,9,13,34809.16,181218.81
ONE_BOOK,2017-04-07,146220.25,9,13,34812.49,181032.73
ONE_BOOK,2017-04-10,147008.04,9,13,34815.82,181823.86
ONE_BOOK,2017-04-11,145807.24,9,13,34819.15,180626.38
ONE_BOOK,2017-04-12,142288.5,9,13,34822.48,177110.97
ONE_BOOK,2017-04-13,140500.94,9,13,34825.81,175326.74
ONE_BOOK,2017-04-17,141116.84,9,13,34829.14,175945.97
ONE_BOOK,2017-04-18,140301.75,9,13,34832.47,175134.22
ONE_BOOK,2017-04-19,140095.43,9,13,34835.8,174931.23
ONE_BOOK,2017-04-20,141014.33,9,13,34839.13,175853.46
ONE_BOOK,2017-04-21,139737.79,9,13,34842.46,174580.25
ONE_BOOK,2017-04-24,140644.88,9,13,34845.79,175490.67
ONE_BOOK,2017-04-25,141674.26,9,13,34849.13,176523.39
ONE_BOOK,2017-04-26,144185.64,9,13,34852.46,179038.1
ONE_BOOK,2017-04-27,141724.41,9,13,34855.79,176580.2
ONE_BOOK,2017-04-28,141550.96,9,13,34859.13,176410.09
ONE_BOOK,2017-05-01,140348.8,9,13,34862.46,175211.26
ONE_BOOK,2017-05-02,139551.69,9,13,34865.79,174417.49
ONE_BOOK,2017-05-03,139830.48,9,13,34869.13,174699.61
ONE_BOOK,2017-05-04,137759.51,9,13,34872.46,172631.97
ONE_BOOK,2017-05-05,140280.7,9,13,34875.8,175156.5
ONE_BOOK,2017-05-08,139896.34,9,13,34879.13,174775.47
ONE_BOOK,2017-05-09,139261.79,9,13,34882.47,174144.26
ONE_BOOK,2017-05-10,139886.48,9,13,34885.8,174772.29
ONE_BOOK,2017-05-11,138728.12,9,13,34889.14,173617.26
ONE_BOOK,2017-05-12,137372.31,8,13,31581.02,168953.32
ONE_BOOK,2017-05-15,137770.42,8,13,31584.04,169354.45
ONE_BOOK,2017-05-16,136965.6,8,13,31587.06,168552.66
ONE_BOOK,2017-05-17,133962.5,8,13,31590.08,165552.58
ONE_BOOK,2017-05-18,134752.99,8,13,31593.1,166346.08
ONE_BOOK,2017-05-19,135880.59,8,13,31596.12,167476.71
ONE_BOOK,2017-05-22,136299.5,8,13,31599.14,167898.64
ONE_BOOK,2017-05-23,135880.32,8,13,31602.16,167482.49
ONE_BOOK,2017-05-24,134143.81,8,13,31605.19,165749.0
ONE_BOOK,2017-05-25,132589.85,8,13,31608.21,164198.06
ONE_BOOK,2017-05-26,131927.09,9,13,33678.92,165606.0
ONE_BOOK,2017-05-30,130124.7,9,13,33682.14,163806.84
ONE_BOOK,2017-05-31,130342.26,9,13,33685.36,164027.62
ONE_BOOK,2017-06-01,132121.09,9,13,33688.76,165809.85
ONE_BOOK,2017-06-02,131556.66,9,13,33692.15,165248.81
ONE_BOOK,2017-06-05,131870.33,8,13,33265.43,165135.77
ONE_BOOK,2017-06-06,131007.7,8,13,33268.78,164276.48
ONE_BOOK,2017-06-07,128965.13,8,13,33272.14,162237.26
ONE_BOOK,2017-06-08,128566.51,8,13,33275.49,161842.0
ONE_BOOK,2017-06-09,131247.18,8,13,33278.85,164526.03
ONE_BOOK,2017-06-12,132307.85,8,13,33282.2,165590.05
ONE_BOOK,2017-06-13,132540.42,8,13,33285.55,165825.97
ONE_BOOK,2017-06-14,130064.42,8,13,33288.91,163353.33
ONE_BOOK,2017-06-15,129089.02,8,13,33292.26,162381.29
ONE_BOOK,2017-06-16,129862.32,8,13,33295.62,163157.94
ONE_BOOK,2017-06-19,130043.39,8,13,33298.98,163342.36
ONE_BOOK,2017-06-20,127385.67,8,13,33302.33,160688.0
ONE_BOOK,2017-06-21,126248.16,8,13,33305.69,159553.84
ONE_BOOK,2017-06-22,128843.01,8,13,33309.05,162152.05
ONE_BOOK,2017-06-23,130003.75,8,13,33312.4,163316.15
ONE_BOOK,2017-06-26,130821.8,8,13,33315.76,164137.56
ONE_BOOK,2017-06-27,130400.45,8,13,33319.12,163719.57
ONE_BOOK,2017-06-28,131804.52,8,13,33322.48,165127.0
ONE_BOOK,2017-06-29,130982.94,8,13,33325.84,164308.78
ONE_BOOK,2017-06-30,131762.71,8,13,33329.19,165091.9
ONE_BOOK,2017-07-03,133747.67,8,13,33332.71,167080.38
ONE_BOOK,2017-07-05,131927.25,8,13,33336.23,165263.49
ONE_BOOK,2017-07-06,128697.25,7,13,31149.59,159846.84
ONE_BOOK,2017-07-07,128455.86,6,11,2283.68,130739.53
ONE_BOOK,2017-07-10,128509.56,8,13,27840.04,156349.6
ONE_BOOK,2017-07-11,128662.65,8,13,27842.98,156505.63
ONE_BOOK,2017-07-12,129808.18,8,13,27845.92,157654.09
ONE_BOOK,2017-07-13,130127.36,8,13,27848.86,157976.22
ONE_BOOK,2017-07-14,131636.31,8,13,27851.79,159488.1
ONE_BOOK,2017-07-17,131905.95,8,13,27854.73,159760.68
ONE_BOOK,2017-07-18,131295.79,9,14,39532.6,170828.39
ONE_BOOK,2017-07-19,133427.47,8,13,26443.71,159871.18
ONE_BOOK,2017-07-20,134553.2,9,14,39927.98,174481.17
ONE_BOOK,2017-07-21,134713.93,8,13,33193.07,167907.0
ONE_BOOK,2017-07-24,133135.68,8,13,33196.57,166332.25
ONE_BOOK,2017-07-25,134070.72,8,13,33200.08,167270.8
ONE_BOOK,2017-07-26,135390.02,8,13,33203.58,168593.61
ONE_BOOK,2017-07-27,139190.32,8,13,33207.09,172397.4
ONE_BOOK,2017-07-28,138386.97,8,13,33884.37,172271.34
ONE_BOOK,2017-07-31,138446.16,8,13,33887.94,172334.1
ONE_BOOK,2017-08-01,139299.68,8,13,33891.52,173191.2
ONE_BOOK,2017-08-02,138448.28,7,11,7791.25,146239.52
ONE_BOOK,2017-08-03,138919.1,8,12,21621.12,160540.22
ONE_BOOK,2017-08-04,140203.25,9,12,26235.61,166438.85
ONE_BOOK,2017-08-07,140107.28,9,13,40267.97,180375.25
ONE_BOOK,2017-08-08,139387.14,9,13,40272.22,179659.36
ONE_BOOK,2017-08-09,138574.05,8,11,12823.58,151397.63
ONE_BOOK,2017-08-10,137385.17,7,10,0.0,136191.5
ONE_BOOK,2017-08-11,137285.82,6,8,0.0,108896.28
ONE_BOOK,2017-08-14,137962.66,6,8,0.0,109573.11
ONE_BOOK,2017-08-15,137036.99,11,13,40586.5,177623.49
ONE_BOOK,2017-08-16,137422.17,10,13,39671.64,177093.81
ONE_BOOK,2017-08-17,134397.15,10,13,39675.83,174072.99
ONE_BOOK,2017-08-18,132883.92,10,13,39680.02,172563.94
ONE_BOOK,2017-08-21,133181.15,10,13,39684.21,172865.35
ONE_BOOK,2017-08-22,136272.8,10,13,39688.4,175961.19
ONE_BOOK,2017-08-23,135500.57,10,13,39692.59,175193.15
ONE_BOOK,2017-08-24,135675.07,10,13,39696.78,175371.85
ONE_BOOK,2017-08-25,136750.63,10,13,39700.97,176451.6
ONE_BOOK,2017-08-28,136895.67,10,13,39705.16,176600.83
ONE_BOOK,2017-08-29,136732.88,10,13,39709.35,176442.23
ONE_BOOK,2017-08-30,137714.77,10,13,39713.54,177428.31
ONE_BOOK,2017-08-31,139231.51,10,13,39717.73,178949.24
ONE_BOOK,2017-09-01,138986.21,10,13,39721.91,178708.12
ONE_BOOK,2017-09-05,136976.1,10,13,38798.92,175775.02
ONE_BOOK,2017-09-06,137860.41,10,13,39237.29,177097.71
ONE_BOOK,2017-09-07,136977.32,10,13,39241.42,176218.74
ONE_BOOK,2017-09-08,136473.7,10,13,39245.55,175719.25
ONE_BOOK,2017-09-11,138203.51,10,13,39249.67,177453.18
ONE_BOOK,2017-09-12,139716.62,10,13,39253.8,178970.42
ONE_BOOK,2017-09-13,140521.03,10,13,39361.2,179882.24
ONE_BOOK,2017-09-14,140897.4,10,13,39365.34,180262.74
ONE_BOOK,2017-09-15,141458.35,10,13,39369.48,180827.83
ONE_BOOK,2017-09-18,141079.45,10,13,39373.62,180453.07
ONE_BOOK,2017-09-19,141384.07,10,13,39377.76,180761.83
ONE_BOOK,2017-09-20,142525.99,10,12,25170.64,167696.62
ONE_BOOK,2017-09-21,142576.43,10,13,39412.27,181988.7
ONE_BOOK,2017-09-22,142398.96,10,13,39416.41,181815.37
ONE_BOOK,2017-09-25,141254.51,10,13,39420.56,180675.07
ONE_BOOK,2017-09-26,142437.79,11,13,38908.24,181346.03
ONE_BOOK,2017-09-27,143380.59,11,13,38912.33,182292.92
ONE_BOOK,2017-09-28,142704.74,11,13,38916.42,181621.16
ONE_BOOK,2017-09-29,142892.6,11,13,38920.51,181813.11
ONE_BOOK,2017-10-02,142686.18,11,13,38924.62,181610.8
ONE_BOOK,2017-10-03,142938.4,11,13,38928.73,181867.13
ONE_BOOK,2017-10-04,142861.63,10,13,39155.53,182017.16
ONE_BOOK,2017-10-05,143584.59,10,13,39159.67,182744.26
ONE_BOOK,2017-10-06,143076.84,10,13,39163.8,182240.64
ONE_BOOK,2017-10-09,143489.75,10,13,39167.93,182657.68
ONE_BOOK,2017-10-10,145196.08,9,13,38596.29,183792.37
ONE_BOOK,2017-10-11,145278.78,9,13,38600.36,183879.14
ONE_BOOK,2017-10-12,146138.94,9,13,38604.44,184743.37
ONE_BOOK,2017-10-13,147567.32,9,13,38608.51,186175.83
ONE_BOOK,2017-10-16,146905.85,8,13,39039.33,185945.17
ONE_BOOK,2017-10-17,147613.62,8,13,39043.45,186657.07
ONE_BOOK,2017-10-18,146338.2,8,13,39047.57,185385.77
ONE_BOOK,2017-10-19,147248.56,8,13,39051.69,186300.26
ONE_BOOK,2017-10-20,147060.78,8,13,39055.81,186116.59
ONE_BOOK,2017-10-23,145751.35,8,13,39059.94,184811.29
ONE_BOOK,2017-10-24,146069.69,8,13,39064.06,185133.75
ONE_BOOK,2017-10-25,140516.09,8,13,39068.18,179584.27
ONE_BOOK,2017-10-26,140781.99,8,13,39072.31,179854.29
ONE_BOOK,2017-10-27,140553.86,8,13,39076.43,179630.29
ONE_BOOK,2017-10-30,138460.38,8,13,39080.56,177540.94
ONE_BOOK,2017-10-31,138051.35,7,12,24128.29,162179.64
ONE_BOOK,2017-11-01,137384.0,8,13,37991.21,175375.21
ONE_BOOK,2017-11-02,141154.49,8,13,37995.22,179149.71
ONE_BOOK,2017-11-03,141769.3,8,13,37999.23,179768.53
ONE_BOOK,2017-11-06,142541.97,8,13,38003.24,180545.2
ONE_BOOK,2017-11-07,143683.03,8,13,38007.25,181690.28
ONE_BOOK,2017-11-08,142558.82,8,13,38011.26,180570.08
ONE_BOOK,2017-11-09,141173.17,8,13,38015.28,179188.45
ONE_BOOK,2017-11-10,141484.99,9,13,33753.08,175238.08
ONE_BOOK,2017-11-13,142897.21,9,13,33756.64,176653.86
ONE_BOOK,2017-11-14,142288.0,10,13,33722.78,176010.79
ONE_BOOK,2017-11-15,142319.69,10,13,33726.34,176046.03
ONE_BOOK,2017-11-16,143475.25,9,13,33335.47,176810.72
ONE_BOOK,2017-11-17,143885.99,9,13,33338.99,177224.97
ONE_BOOK,2017-11-20,143246.7,9,13,33342.51,176589.21
ONE_BOOK,2017-11-21,143543.17,9,13,33346.03,176889.2
ONE_BOOK,2017-11-22,144218.58,9,13,33349.55,177568.12
ONE_BOOK,2017-11-24,143430.38,9,13,33353.07,176783.45
ONE_BOOK,2017-11-27,142688.67,9,13,33356.59,176045.26
ONE_BOOK,2017-11-28,146056.57,9,13,33360.11,179416.68
ONE_BOOK,2017-11-29,151044.9,9,13,33363.63,184408.53
ONE_BOOK,2017-11-30,153446.67,9,13,33367.15,186813.82
ONE_BOOK,2017-12-01,153950.67,9,13,33370.86,187321.52
ONE_BOOK,2017-12-04,155464.98,9,13,33374.57,188839.55
ONE_BOOK,2017-12-05,153853.33,10,13,35600.07,189453.39
ONE_BOOK,2017-12-06,153055.41,10,13,37179.09,190234.5
ONE_BOOK,2017-12-07,153232.72,9,12,22202.17,175434.89
ONE_BOOK,2017-12-08,154312.97,10,13,38126.56,192439.53
ONE_BOOK,2017-12-11,154568.55,10,13,39482.08,194050.63
ONE_BOOK,2017-12-12,155529.61,10,13,39486.47,195016.08
ONE_BOOK,2017-12-13,156781.09,10,13,39490.85,196271.94
ONE_BOOK,2017-12-14,156253.09,10,13,39495.24,195748.33
ONE_BOOK,2017-12-15,155589.45,9,11,11095.7,166685.15
ONE_BOOK,2017-12-18,157724.05,11,13,42112.65,199836.7
ONE_BOOK,2017-12-19,157599.41,11,13,42117.33,199716.74
ONE_BOOK,2017-12-20,158715.29,11,13,42122.01,200837.3
ONE_BOOK,2017-12-21,158416.66,11,13,44357.69,202774.35
ONE_BOOK,2017-12-22,158407.37,11,13,44459.61,202866.98
ONE_BOOK,2017-12-26,157594.57,11,13,44464.55,202059.12
ONE_BOOK,2017-12-27,157841.27,10,12,28648.13,186489.4
ONE_BOOK,2017-12-28,158700.96,11,13,44504.15,203205.12
ONE_BOOK,2017-12-29,157614.03,11,13,44509.1,202123.12
ONE_BOOK,2018-01-02,161937.52,11,13,44514.25,206451.77
ONE_BOOK,2018-01-03,163642.82,11,13,44519.41,208162.23
ONE_BOOK,2018-01-04,165415.96,11,13,44524.57,209940.53
ONE_BOOK,2018-01-05,166268.54,11,13,44529.73,210798.27
ONE_BOOK,2018-01-08,166857.63,11,13,44534.89,211392.52
ONE_BOOK,2018-01-09,165798.59,10,12,28712.28,194510.86
ONE_BOOK,2018-01-10,165285.03,9,11,7389.81,172674.83
ONE_BOOK,2018-01-11,168058.78,9,10,0.0,161065.22
ONE_BOOK,2018-01-12,169889.78,9,10,0.0,162896.22
ONE_BOOK,2018-01-16,167533.9,9,10,0.0,160540.33
ONE_BOOK,2018-01-17,168926.81,9,10,0.0,162031.9
ONE_BOOK,2018-01-18,170900.41,11,12,27461.09,198361.5
ONE_BOOK,2018-01-19,172225.52,12,13,44641.73,216867.25
ONE_BOOK,2018-01-22,173610.3,12,13,44646.9,218257.21
ONE_BOOK,2018-01-23,176132.06,12,13,44652.08,220784.14
ONE_BOOK,2018-01-24,176904.66,12,13,44657.25,221561.91
ONE_BOOK,2018-01-25,176086.85,11,11,16887.24,192974.09
ONE_BOOK,2018-01-26,179446.57,10,10,0.0,178528.7
ONE_BOOK,2018-01-29,179774.45,12,12,34841.85,214616.3
ONE_BOOK,2018-01-30,175902.06,12,13,52611.26,228513.32
ONE_BOOK,2018-01-31,176133.78,11,12,36215.76,212349.54
ONE_BOOK,2018-02-01,177018.75,11,12,36827.43,213846.17
ONE_BOOK,2018-02-02,173398.38,11,12,38437.68,211836.06
ONE_BOOK,2018-02-05,165461.18,10,11,20252.51,185713.69
ONE_BOOK,2018-02-06,171355.47,9,10,2945.42,174300.9
ONE_BOOK,2018-02-07,169657.79,9,10,2945.77,172603.55
ONE_BOOK,2018-02-08,162531.53,10,11,19984.49,182516.02
ONE_BOOK,2018-02-09,164234.04,9,10,1608.69,165842.73
ONE_BOOK,2018-02-12,166797.01,9,10,1608.88,168405.89
ONE_BOOK,2018-02-13,167832.68,9,12,34845.91,202678.59
ONE_BOOK,2018-02-14,171986.49,9,12,34849.95,206836.43
ONE_BOOK,2018-02-15,176700.57,9,12,34853.98,211554.55
ONE_BOOK,2018-02-16,177591.47,9,13,52490.71,230082.18
ONE_BOOK,2018-02-20,175292.81,9,13,52496.79,227789.61
ONE_BOOK,2018-02-21,173791.76,8,13,47250.74,221042.5
ONE_BOOK,2018-02-22,173995.96,8,13,45909.74,219905.69
ONE_BOOK,2018-02-23,177663.98,7,13,45759.55,223423.54
ONE_BOOK,2018-02-26,181616.6,7,13,45764.86,227381.45
ONE_BOOK,2018-02-27,180233.93,7,13,45770.16,226004.09
ONE_BOOK,2018-02-28,175904.32,6,12,28267.56,204171.88
ONE_BOOK,2018-03-01,176147.19,7,12,29764.89,205912.09
ONE_BOOK,2018-03-02,178792.17,8,13,47275.5,226067.67
ONE_BOOK,2018-03-05,182340.1,8,13,47281.14,229621.24
ONE_BOOK,2018-03-06,182198.61,8,13,47286.79,229485.4
ONE_BOOK,2018-03-07,180468.93,8,13,47898.43,228367.36
ONE_BOOK,2018-03-08,180813.52,7,12,30096.14,210909.66
ONE_BOOK,2018-03-09,182326.08,9,13,45376.39,227702.47
ONE_BOOK,2018-03-12,184287.8,9,13,45381.81,229669.61
ONE_BOOK,2018-03-13,182791.9,9,13,45710.91,228502.81
ONE_BOOK,2018-03-14,181959.4,9,13,45716.37,227675.77
ONE_BOOK,2018-03-15,181356.61,10,13,45455.66,226812.27
ONE_BOOK,2018-03-16,182110.54,10,13,45461.09,227571.63
ONE_BOOK,2018-03-19,178051.56,10,13,45466.52,223518.08
ONE_BOOK,2018-03-20,177790.72,9,11,9911.69,187702.41
ONE_BOOK,2018-03-21,178369.32,11,13,45458.84,223828.16
ONE_BOOK,2018-03-22,174037.35,11,13,45464.27,219501.62
ONE_BOOK,2018-03-23,170579.52,10,12,27137.72,197717.24
ONE_BOOK,2018-03-26,175611.27,11,13,44495.8,220107.07
ONE_BOOK,2018-03-27,171852.04,11,13,44501.12,216353.15
ONE_BOOK,2018-03-28,173217.8,11,13,44506.43,217724.23
ONE_BOOK,2018-03-29,175681.13,11,13,44511.75,220192.87
ONE_BOOK,2018-04-02,169833.13,11,13,44517.38,214350.51
ONE_BOOK,2018-04-03,171853.79,11,13,44523.02,216376.81
ONE_BOOK,2018-04-04,176852.29,11,13,44528.65,221380.94
ONE_BOOK,2018-04-05,177633.69,11,13,44534.29,222167.98
ONE_BOOK,2018-04-06,173459.02,11,13,44539.93,217998.94
ONE_BOOK,2018-04-09,172349.5,10,12,25668.78,198018.28
ONE_BOOK,2018-04-10,175995.28,10,13,43151.46,219146.74
ONE_BOOK,2018-04-11,175843.25,10,13,43156.92,219000.17
ONE_BOOK,2018-04-12,176442.42,10,13,43162.39,219604.81
ONE_BOOK,2018-04-13,175808.0,10,13,43167.85,218975.85
ONE_BOOK,2018-04-16,177963.57,10,13,43173.31,221136.88
ONE_BOOK,2018-04-17,180502.24,10,13,43178.78,223681.02
ONE_BOOK,2018-04-18,180577.01,10,13,43184.25,223761.26
ONE_BOOK,2018-04-19,176420.12,10,13,42427.95,218848.07
ONE_BOOK,2018-04-20,174217.23,10,13,42433.32,216650.56
ONE_BOOK,2018-04-23,174151.2,10,13,42438.7,216589.9
ONE_BOOK,2018-04-24,173300.34,10,13,42444.07,215744.41
ONE_BOOK,2018-04-25,173642.31,8,11,5145.15,178787.46
ONE_BOOK,2018-04-26,179420.45,9,12,22884.83,202305.28
ONE_BOOK,2018-04-27,180953.67,10,13,40381.09,221334.77
ONE_BOOK,2018-04-30,176599.74,10,13,40386.21,216985.95
ONE_BOOK,2018-05-01,177995.48,10,13,39614.48,217609.96
ONE_BOOK,2018-05-02,175835.28,10,13,39619.51,215454.79
ONE_BOOK,2018-05-03,175481.72,10,13,39624.54,215106.26
ONE_BOOK,2018-05-04,180124.15,10,13,39629.57,219753.73
ONE_BOOK,2018-05-07,181019.72,10,13,39634.61,220654.33
ONE_BOOK,2018-05-08,179248.4,10,13,39639.64,218888.04
ONE_BOOK,2018-05-09,179465.56,10,13,39644.67,219110.23
ONE_BOOK,2018-05-10,181966.22,10,13,39649.71,221615.93
ONE_BOOK,2018-05-11,182301.46,10,13,39654.74,221956.2
ONE_BOOK,2018-05-14,183199.62,10,13,39659.78,222859.4
ONE_BOOK,2018-05-15,180831.65,10,13,39664.81,220496.46
ONE_BOOK,2018-05-16,182592.84,9,13,40446.55,223039.4
ONE_BOOK,2018-05-17,182153.73,9,13,40451.69,222605.42
ONE_BOOK,2018-05-18,180067.4,9,13,40456.82,220524.22
ONE_BOOK,2018-05-21,179887.27,8,12,20663.31,200550.58
ONE_BOOK,2018-05-22,181979.49,8,12,20665.93,202645.42
ONE_BOOK,2018-05-23,181745.21,8,12,20668.56,202413.77
ONE_BOOK,2018-05-24,182424.1,9,13,38871.41,221295.5
ONE_BOOK,2018-05-25,182079.89,9,13,38876.35,220956.24
ONE_BOOK,2018-05-29,181023.86,9,13,38881.28,219905.14
ONE_BOOK,2018-05-30,181770.83,9,13,38886.22,220657.05
ONE_BOOK,2018-05-31,177972.59,9,13,38891.16,216863.74
ONE_BOOK,2018-06-01,178830.08,8,12,18359.64,197189.72
ONE_BOOK,2018-06-04,179148.48,9,13,36291.49,215439.97
ONE_BOOK,2018-06-05,179494.51,9,13,36296.27,215790.78
ONE_BOOK,2018-06-06,182855.93,9,13,36301.05,219156.98
ONE_BOOK,2018-06-07,182966.24,10,14,54587.35,237553.59
ONE_BOOK,2018-06-08,184131.22,10,14,54594.54,238725.76
ONE_BOOK,2018-06-11,184832.8,10,14,54601.73,239434.53
ONE_BOOK,2018-06-12,186489.55,10,13,35146.32,221635.87
ONE_BOOK,2018-06-13,186828.17,11,14,53828.8,240656.98
ONE_BOOK,2018-06-14,190340.95,11,14,53835.9,244176.85
ONE_BOOK,2018-06-15,189150.94,11,14,53842.99,242993.93
ONE_BOOK,2018-06-18,187084.3,11,14,53850.08,240934.39
ONE_BOOK,2018-06-19,187354.09,11,13,39733.5,227087.59
ONE_BOOK,2018-06-20,190679.05,11,13,39738.74,230417.79
ONE_BOOK,2018-06-21,187846.12,10,12,21036.77,208882.89
ONE_BOOK,2018-06-22,189526.21,11,13,40013.19,229539.39
ONE_BOOK,2018-06-25,186320.05,11,13,40018.46,226338.51
ONE_BOOK,2018-06-26,186619.37,11,13,40023.73,226643.1
ONE_BOOK,2018-06-27,186227.02,11,13,40029.01,226256.02
ONE_BOOK,2018-06-28,186345.54,11,13,40034.28,226379.82
ONE_BOOK,2018-06-29,187635.73,11,13,40039.55,227675.28
ONE_BOOK,2018-07-02,186591.09,11,13,40044.97,226636.06
ONE_BOOK,2018-07-03,187066.16,11,13,40050.39,227116.55
ONE_BOOK,2018-07-05,189172.48,11,13,40055.81,229228.29
ONE_BOOK,2018-07-06,191576.07,11,13,40061.23,231637.3
ONE_BOOK,2018-07-09,194150.71,11,13,40066.65,234217.36
ONE_BOOK,2018-07-10,194967.34,11,13,40072.07,235039.41
ONE_BOOK,2018-07-11,192291.7,11,13,40077.5,232369.19
ONE_BOOK,2018-07-12,193190.77,11,12,25752.76,218943.53
ONE_BOOK,2018-07-13,193081.0,12,13,45080.23,238161.24
ONE_BOOK,2018-07-16,191453.6,12,13,45086.33,236539.94
ONE_BOOK,2018-07-17,191992.34,12,13,45092.43,237084.78
ONE_BOOK,2018-07-18,191280.42,12,13,45098.54,236378.96
ONE_BOOK,2018-07-19,192047.46,12,13,45104.64,237152.1
ONE_BOOK,2018-07-20,191681.82,12,13,46055.71,237737.53
ONE_BOOK,2018-07-23,192287.99,12,13,46061.94,238349.93
ONE_BOOK,2018-07-24,192270.93,12,13,46068.17,238339.1
ONE_BOOK,2018-07-25,193478.77,12,13,46074.41,239553.18
ONE_BOOK,2018-07-26,194463.75,12,13,46080.64,240544.39
ONE_BOOK,2018-07-27,193807.73,12,13,46086.88,239894.6
ONE_BOOK,2018-07-30,193340.84,12,13,46093.11,239433.96
ONE_BOOK,2018-07-31,192671.85,12,13,46099.35,238771.2
ONE_BOOK,2018-08-01,191913.39,12,13,45474.74,237388.13
ONE_BOOK,2018-08-02,195621.86,12,13,45480.9,241102.76
ONE_BOOK,2018-08-03,195876.0,12,13,45487.05,241363.05
ONE_BOOK,2018-08-06,192817.73,11,13,45684.94,238502.68
ONE_BOOK,2018-08-07,192507.69,11,13,45691.12,238198.81
ONE_BOOK,2018-08-08,191151.74,11,13,45697.31,236849.05
ONE_BOOK,2018-08-09,189819.14,11,13,45703.49,235522.63
ONE_BOOK,2018-08-10,189255.06,11,13,45709.68,234964.73
ONE_BOOK,2018-08-13,185998.97,11,13,45715.86,231714.83
ONE_BOOK,2018-08-14,187549.67,10,12,23062.68,210612.35
ONE_BOOK,2018-08-15,187833.52,11,13,41777.33,229610.85
ONE_BOOK,2018-08-16,190389.68,11,13,41782.98,232172.66
ONE_BOOK,2018-08-17,190007.19,11,13,39579.07,229586.27
ONE_BOOK,2018-08-20,190734.9,11,13,39584.43,230319.33
ONE_BOOK,2018-08-21,192507.54,11,13,39589.78,232097.33
ONE_BOOK,2018-08-22,193192.64,11,13,39595.14,232787.78
ONE_BOOK,2018-08-23,194048.76,11,13,39600.5,233649.26
ONE_BOOK,2018-08-24,194527.03,11,13,39605.86,234132.89
ONE_BOOK,2018-08-27,197648.52,11,14,57304.48,254952.99
ONE_BOOK,2018-08-28,197662.6,11,14,57653.4,255316.0
ONE_BOOK,2018-08-29,199959.82,11,14,57661.2,257621.02
ONE_BOOK,2018-08-30,197349.21,11,14,57669.0,255018.21
ONE_BOOK,2018-08-31,197203.0,9,13,39730.58,236933.58
ONE_BOOK,2018-09-04,195747.72,9,13,39979.02,235726.74
ONE_BOOK,2018-09-05,194066.71,9,13,39984.5,234051.21
ONE_BOOK,2018-09-06,192791.86,9,13,39989.97,232781.83
ONE_BOOK,2018-09-07,190466.97,9,13,38544.35,229011.31
ONE_BOOK,2018-09-10,190994.31,8,13,38155.1,229149.42
ONE_BOOK,2018-09-11,189615.92,8,13,38160.33,227776.25
ONE_BOOK,2018-09-12,190229.92,8,13,38165.55,228395.47
ONE_BOOK,2018-09-13,191466.35,9,14,57329.47,248795.82
ONE_BOOK,2018-09-14,191988.6,9,14,57337.32,249325.92
ONE_BOOK,2018-09-17,191147.82,9,14,57345.17,248492.99
ONE_BOOK,2018-09-18,191420.77,8,14,56952.19,248372.96
ONE_BOOK,2018-09-19,193511.33,8,14,56959.98,250471.31
ONE_BOOK,2018-09-20,194330.11,8,14,56967.78,251297.89
ONE_BOOK,2018-09-21,193036.85,8,14,56975.58,250012.44
ONE_BOOK,2018-09-24,188125.51,8,14,56983.38,245108.9
ONE_BOOK,2018-09-25,185276.78,8,13,38791.26,224068.04
ONE_BOOK,2018-09-26,184721.19,8,13,38796.57,223517.76
ONE_BOOK,2018-09-27,184622.99,8,13,38801.88,223424.87
ONE_BOOK,2018-09-28,185001.82,8,13,38807.19,223809.01
ONE_BOOK,2018-10-01,187123.26,8,13,38812.88,225936.14
ONE_BOOK,2018-10-02,188131.32,8,13,38818.56,226949.88
ONE_BOOK,2018-10-03,189085.19,8,13,38824.24,227909.44
ONE_BOOK,2018-10-04,188152.74,8,13,38829.93,226982.67
ONE_BOOK,2018-10-05,187207.98,8,13,38088.81,225296.79
ONE_BOOK,2018-10-08,190002.67,8,13,38094.39,228097.06
ONE_BOOK,2018-10-09,186854.93,8,13,38099.96,224954.9
ONE_BOOK,2018-10-10,181705.05,8,13,38105.54,219810.6
ONE_BOOK,2018-10-11,177983.32,8,13,38111.12,216094.44
ONE_BOOK,2018-10-12,176737.79,7,12,19810.42,196548.21
ONE_BOOK,2018-10-15,177595.0,8,13,37484.71,215079.72
ONE_BOOK,2018-10-16,179880.14,8,13,37490.2,217370.34
ONE_BOOK,2018-10-17,180452.48,8,13,37495.69,217948.17
ONE_BOOK,2018-10-18,176004.24,8,13,37501.18,213505.42
ONE_BOOK,2018-10-19,176856.17,8,13,37506.67,214362.84
ONE_BOOK,2018-10-22,174246.57,8,13,36736.6,210983.17
ONE_BOOK,2018-10-23,175371.47,8,13,36741.98,212113.45
ONE_BOOK,2018-10-24,168270.28,9,14,51838.44,220108.72
ONE_BOOK,2018-10-25,175173.84,8,13,34473.78,209647.62
ONE_BOOK,2018-10-26,172358.81,8,14,51807.12,224165.93
ONE_BOOK,2018-10-29,176145.09,8,14,51814.7,227959.79
ONE_BOOK,2018-10-30,180973.01,8,14,51822.29,232795.3
ONE_BOOK,2018-10-31,182219.8,8,14,51829.88,234049.68
ONE_BOOK,2018-11-01,183082.44,8,14,51837.49,234919.93
ONE_BOOK,2018-11-02,185358.97,8,14,52728.08,238087.04
ONE_BOOK,2018-11-05,187670.57,8,14,52735.82,240406.39
ONE_BOOK,2018-11-06,190114.21,8,14,52743.56,242857.77
ONE_BOOK,2018-11-07,192883.48,8,14,52751.3,245634.78
ONE_BOOK,2018-11-08,192057.5,8,14,52759.05,244816.55
ONE_BOOK,2018-11-09,190458.87,8,14,52766.8,243225.67
ONE_BOOK,2018-11-12,188879.58,6,10,0.0,167776.05
ONE_BOOK,2018-11-13,188910.57,4,7,0.0,112341.86
ONE_BOOK,2018-11-14,187967.53,4,7,0.0,111398.82
ONE_BOOK,2018-11-15,189580.24,4,7,0.0,113011.53
ONE_BOOK,2018-11-16,189937.54,5,8,0.0,132196.47
ONE_BOOK,2018-11-19,188168.47,5,8,0.0,130427.41
ONE_BOOK,2018-11-20,187241.02,5,9,0.0,147992.73
ONE_BOOK,2018-11-21,187336.96,7,11,0.0,185806.5
ONE_BOOK,2018-11-23,186409.89,9,13,35624.67,222034.56
ONE_BOOK,2018-11-26,191146.33,9,13,35629.9,226776.23
ONE_BOOK,2018-11-27,192037.01,10,14,54618.83,246655.84
ONE_BOOK,2018-11-28,197710.51,10,14,54626.85,252337.36
ONE_BOOK,2018-11-29,197539.55,10,14,54634.87,252174.42
ONE_BOOK,2018-11-30,200307.86,10,14,54642.89,254950.75
ONE_BOOK,2018-12-03,204450.55,10,14,54651.07,259101.61
ONE_BOOK,2018-12-04,194497.15,10,14,54659.24,249156.39
ONE_BOOK,2018-12-06,191517.35,5,6,0.0,108440.39
ONE_BOOK,2018-12-07,186480.15,10,11,12688.76,199168.92
ONE_BOOK,2018-12-10,185972.73,10,11,12690.66,198663.4
ONE_BOOK,2018-12-11,186359.24,12,13,50374.79,236734.03
ONE_BOOK,2018-12-12,188814.33,12,13,50382.33,239196.66
ONE_BOOK,2018-12-13,187817.51,12,13,50389.87,238207.38
ONE_BOOK,2018-12-14,183580.45,12,13,50397.41,233977.85
ONE_BOOK,2018-12-17,178105.94,12,13,50404.95,228510.88
ONE_BOOK,2018-12-18,178787.42,12,13,50412.49,229199.9
ONE_BOOK,2018-12-19,172816.6,11,12,31168.96,203985.56
ONE_BOOK,2018-12-20,169277.85,12,13,48360.93,217638.78
ONE_BOOK,2018-12-21,164274.18,12,13,48368.17,212642.35
ONE_BOOK,2018-12-24,158279.03,12,13,48375.41,206654.43
ONE_BOOK,2018-12-26,168374.09,11,12,32693.55,201067.64
ONE_BOOK,2018-12-27,169540.76,12,13,49277.47,218818.23
ONE_BOOK,2018-12-28,169883.73,12,13,49284.85,219168.58
ONE_BOOK,2018-12-31,171530.23,12,13,49292.22,220822.45
ONE_BOOK,2019-01-02,175467.69,12,13,49299.85,224767.54
ONE_BOOK,2019-01-03,168846.73,12,13,49307.48,218154.21
ONE_BOOK,2019-01-04,176700.23,12,13,49315.11,226015.34
ONE_BOOK,2019-01-07,181945.39,12,13,49322.74,231268.14
ONE_BOOK,2019-01-08,183712.94,12,13,49330.37,233043.31
ONE_BOOK,2019-01-09,184435.71,12,13,49338.01,233773.72
ONE_BOOK,2019-01-10,187203.49,12,13,49345.64,236549.13
ONE_BOOK,2019-01-11,186838.25,12,13,49353.28,236191.53
ONE_BOOK,2019-01-14,186218.95,12,13,48324.61,234543.56
ONE_BOOK,2019-01-15,188541.15,11,12,29889.78,218430.93
ONE_BOOK,2019-01-16,187658.1,11,12,29894.41,217552.51
ONE_BOOK,2019-01-17,190170.7,9,11,14160.68,204331.38
ONE_BOOK,2019-01-18,191919.15,10,12,33344.91,225264.07
ONE_BOOK,2019-01-22,188636.63,11,13,52387.78,241024.41
ONE_BOOK,2019-01-23,188660.56,9,11,15206.69,203867.25
ONE_BOOK,2019-01-24,189050.73,9,11,15112.79,204163.52
ONE_BOOK,2019-01-25,187683.06,10,13,53100.67,240783.73
ONE_BOOK,2019-01-28,186360.47,10,13,53108.89,239469.36
ONE_BOOK,2019-01-29,186281.02,10,13,53117.11,239398.13
ONE_BOOK,2019-01-30,188776.55,10,13,50804.34,239580.89
ONE_BOOK,2019-01-31,190523.28,10,13,50812.2,241335.49
ONE_BOOK,2019-02-01,192528.2,10,13,50820.07,243348.26
ONE_BOOK,2019-02-04,194371.19,10,13,50827.93,245199.12
ONE_BOOK,2019-02-05,195005.44,10,13,50835.8,245841.23
ONE_BOOK,2019-02-06,195105.14,10,13,50108.58,245213.71
ONE_BOOK,2019-02-07,193052.53,8,11,10554.36,203606.89
ONE_BOOK,2019-02-08,192557.19,10,13,48919.67,241476.87
ONE_BOOK,2019-02-11,192578.88,9,13,48618.31,241197.2
ONE_BOOK,2019-02-12,195770.15,9,13,48625.84,244395.99
ONE_BOOK,2019-02-13,198420.99,9,13,48633.36,247054.36
ONE_BOOK,2019-02-14,197950.99,9,13,48640.89,246591.88
ONE_BOOK,2019-02-15,201335.93,9,13,48648.42,249984.35
ONE_BOOK,2019-02-19,203290.24,8,13,48746.61,252036.85
ONE_BOOK,2019-02-20,198964.61,8,13,48754.15,247718.76
ONE_BOOK,2019-02-21,195442.8,9,13,48510.86,243953.66
ONE_BOOK,2019-02-22,197099.84,8,13,48198.01,245297.85
ONE_BOOK,2019-02-25,195848.33,8,13,48205.47,244053.8
ONE_BOOK,2019-02-26,195268.15,8,13,47803.81,243071.97
ONE_BOOK,2019-02-27,194449.5,8,13,47811.21,242260.72
ONE_BOOK,2019-02-28,188613.39,8,13,47818.61,236432.0
ONE_BOOK,2019-03-01,191485.59,8,13,47826.01,239311.6
ONE_BOOK,2019-03-04,190702.46,8,13,47833.41,238535.88
ONE_BOOK,2019-03-05,190337.24,8,13,47840.82,238178.05
ONE_BOOK,2019-03-06,188761.19,8,13,47848.22,236609.41
ONE_BOOK,2019-03-07,185696.33,7,11,8926.81,194623.14
ONE_BOOK,2019-03-08,186178.51,8,12,27345.46,213523.96
ONE_BOOK,2019-03-11,190277.24,8,12,27349.69,217626.93
ONE_BOOK,2019-03-12,191480.86,9,13,46423.83,237904.69
ONE_BOOK,2019-03-13,194719.38,9,13,46431.02,241150.4
ONE_BOOK,2019-03-14,192733.15,9,13,46438.2,239171.35
ONE_BOOK,2019-03-15,194312.71,9,13,46445.39,240758.1
ONE_BOOK,2019-03-18,195842.4,9,13,46452.58,242294.98
ONE_BOOK,2019-03-19,196894.72,9,13,46459.77,243354.48
ONE_BOOK,2019-03-20,195990.51,9,13,45949.22,241939.73
ONE_BOOK,2019-03-21,201624.42,9,13,44934.08,246558.5
ONE_BOOK,2019-03-22,194758.01,9,13,44941.03,239699.04
ONE_BOOK,2019-03-25,194526.63,7,10,0.0,177280.32
ONE_BOOK,2019-03-26,195616.26,7,10,0.0,178369.95
ONE_BOOK,2019-03-27,193958.05,10,13,41619.02,235577.07
ONE_BOOK,2019-03-28,195207.97,10,13,41625.46,236833.43
ONE_BOOK,2019-03-29,196168.61,10,13,41631.9,237800.52
ONE_BOOK,2019-04-01,199396.67,10,13,41638.38,241035.05
ONE_BOOK,2019-04-02,192762.71,10,13,41644.86,234407.57
ONE_BOOK,2019-04-03,194202.65,10,13,40663.69,234866.33
ONE_BOOK,2019-04-04,196230.75,10,13,40670.01,236900.76
ONE_BOOK,2019-04-05,197433.31,10,13,40676.34,238109.65
ONE_BOOK,2019-04-08,197816.21,10,13,39704.42,237520.63
ONE_BOOK,2019-04-09,197435.46,12,14,57593.63,255029.09
ONE_BOOK,2019-04-10,199123.69,12,14,57602.59,256726.28
ONE_BOOK,2019-04-11,198396.91,12,14,57611.55,256008.46
ONE_BOOK,2019-04-12,197681.51,11,14,56815.6,254497.11
ONE_BOOK,2019-04-15,198140.28,11,14,56824.44,254964.72
ONE_BOOK,2019-04-16,196318.89,11,14,55971.14,252290.03
ONE_BOOK,2019-04-17,193133.34,11,13,41149.16,234282.5
ONE_BOOK,2019-04-18,193458.93,11,13,41155.56,234614.49
ONE_BOOK,2019-04-22,192922.9,11,13,41006.49,233929.39
ONE_BOOK,2019-04-23,195662.41,11,13,41012.87,236675.28
ONE_BOOK,2019-04-24,195072.21,11,13,41019.25,236091.46
ONE_BOOK,2019-04-25,196692.55,11,13,41025.63,237718.18
ONE_BOOK,2019-04-26,198807.49,11,13,41032.01,239839.5
ONE_BOOK,2019-04-29,199475.59,10,13,40538.18,240013.77
ONE_BOOK,2019-04-30,198934.86,10,13,40544.48,239479.35
ONE_BOOK,2019-05-01,198413.47,10,13,40550.74,238964.22
ONE_BOOK,2019-05-02,198149.81,9,13,40280.67,238430.48
ONE_BOOK,2019-05-03,199825.08,10,14,57414.62,257239.7
ONE_BOOK,2019-05-06,202120.49,10,13,44672.25,246792.74
ONE_BOOK,2019-05-07,197849.82,10,13,44679.14,242528.96
ONE_BOOK,2019-05-08,197763.78,9,12,23894.47,221658.25
ONE_BOOK,2019-05-09,194805.16,9,13,43399.65,238204.82
ONE_BOOK,2019-05-10,196543.84,9,12,23807.64,220351.48
ONE_BOOK,2019-05-13,190315.72,10,13,43013.29,233329.0
ONE_BOOK,2019-05-14,195311.84,10,13,43019.93,238331.77
ONE_BOOK,2019-05-15,198222.4,10,13,43026.57,241248.96
ONE_BOOK,2019-05-16,199891.8,10,13,43033.21,242925.01
ONE_BOOK,2019-05-17,199814.03,10,13,43039.85,242853.89
ONE_BOOK,2019-05-20,197134.76,10,13,42947.15,240081.91
ONE_BOOK,2019-05-21,200116.24,10,13,42953.78,243070.02
ONE_BOOK,2019-05-22,198134.77,10,13,42960.41,241095.18
ONE_BOOK,2019-05-23,193536.64,10,13,39885.64,233422.28
ONE_BOOK,2019-05-24,194347.9,10,13,39891.8,234239.69
ONE_BOOK,2019-05-28,196744.79,10,13,39897.95,236642.74
ONE_BOOK,2019-05-29,194533.04,10,13,39904.11,234437.15
ONE_BOOK,2019-05-30,195194.71,10,13,39910.27,235104.98
ONE_BOOK,2019-05-31,191206.98,10,13,39916.43,231123.42
ONE_BOOK,2019-06-03,190537.04,9,13,48471.3,239008.34
ONE_BOOK,2019-06-04,196138.7,9,13,48478.76,244617.46
ONE_BOOK,2019-06-05,197255.55,9,13,48486.22,245741.77
ONE_BOOK,2019-06-06,203263.89,9,13,48493.69,251757.58
ONE_BOOK,2019-06-07,205605.55,9,13,48501.16,254106.7
ONE_BOOK,2019-06-10,207236.94,9,13,48508.62,255745.56
ONE_BOOK,2019-06-11,207587.61,9,13,48516.09,256103.7
ONE_BOOK,2019-06-12,206968.75,9,13,48523.56,255492.32
ONE_BOOK,2019-06-13,209083.15,8,11,3227.94,212311.09
ONE_BOOK,2019-06-14,208226.49,10,13,45342.42,253568.9
ONE_BOOK,2019-06-17,210159.98,10,13,45349.4,255509.38
ONE_BOOK,2019-06-18,214478.99,10,13,45356.38,259835.37
ONE_BOOK,2019-06-19,212564.02,10,13,47082.85,259646.88
ONE_BOOK,2019-06-20,214713.94,11,13,53012.74,267726.69
ONE_BOOK,2019-06-21,215890.58,11,13,53020.91,268911.49
ONE_BOOK,2019-06-24,216381.37,10,11,13834.55,230215.92
ONE_BOOK,2019-06-25,210143.57,10,11,13836.68,223980.25
ONE_BOOK,2019-06-26,214004.28,10,11,13838.81,227843.09
ONE_BOOK,2019-06-27,217271.67,11,12,35843.65,253115.32
ONE_BOOK,2019-06-28,220619.83,12,13,57716.61,278336.45
ONE_BOOK,2019-07-01,223852.94,12,13,57725.55,281578.49
ONE_BOOK,2019-07-02,223538.9,12,13,57582.23,281121.13
ONE_BOOK,2019-07-03,225375.09,12,13,56436.04,281811.13
ONE_BOOK,2019-07-05,224864.63,12,13,56444.78,281309.4
ONE_BOOK,2019-07-08,224185.07,12,13,56140.0,280325.07
ONE_BOOK,2019-07-09,225721.11,11,12,34479.45,260200.56
ONE_BOOK,2019-07-10,228307.57,12,13,57236.94,285544.51
ONE_BOOK,2019-07-11,228580.75,12,13,57245.8,285826.55
ONE_BOOK,2019-07-12,229405.87,12,13,57254.66,286660.52
ONE_BOOK,2019-07-15,230051.12,12,13,57263.52,287314.64
ONE_BOOK,2019-07-16,226774.75,12,13,57272.38,284047.13
ONE_BOOK,2019-07-17,222891.17,12,13,57281.24,280172.42
ONE_BOOK,2019-07-18,220660.68,11,13,51558.54,272219.22
ONE_BOOK,2019-07-19,217888.24,11,13,51566.52,269454.76
ONE_BOOK,2019-07-22,216780.26,11,13,50082.03,266862.29
ONE_BOOK,2019-07-23,217620.52,11,13,50089.78,267710.3
ONE_BOOK,2019-07-24,222607.89,11,13,50097.53,272705.42
ONE_BOOK,2019-07-25,219706.47,11,13,50105.29,269811.75
ONE_BOOK,2019-07-26,223821.35,11,13,50113.04,273934.39
ONE_BOOK,2019-07-29,224191.64,11,13,50120.8,274312.44
ONE_BOOK,2019-07-30,223152.95,11,13,50128.55,273281.5
ONE_BOOK,2019-07-31,217415.19,10,13,46793.04,264208.23
ONE_BOOK,2019-08-01,215006.65,10,13,46799.76,261806.41
ONE_BOOK,2019-08-02,213702.19,10,13,46806.48,260508.67
ONE_BOOK,2019-08-05,209479.52,10,13,46813.2,256292.73
ONE_BOOK,2019-08-06,211279.09,9,12,21393.75,232672.84
ONE_BOOK,2019-08-07,210642.03,10,13,42276.42,252918.45
ONE_BOOK,2019-08-08,217022.42,11,14,63654.63,280677.06
ONE_BOOK,2019-08-09,215950.84,10,14,63166.03,279116.87
ONE_BOOK,2019-08-12,212703.23,10,14,63175.11,275878.33
ONE_BOOK,2019-08-13,214795.34,10,14,63184.18,277979.52
ONE_BOOK,2019-08-14,207305.33,10,14,63193.26,270498.59
ONE_BOOK,2019-08-15,205006.03,8,13,41451.8,246457.84
ONE_BOOK,2019-08-16,209540.54,8,13,41457.76,250998.3
ONE_BOOK,2019-08-19,212479.16,9,14,62752.34,275231.51
ONE_BOOK,2019-08-20,209085.77,9,14,62761.36,271847.13
ONE_BOOK,2019-08-21,212067.05,9,14,62770.37,274837.43
ONE_BOOK,2019-08-22,212521.97,9,14,62779.39,275301.36
ONE_BOOK,2019-08-23,203243.8,9,14,62788.41,266032.21
ONE_BOOK,2019-08-26,205983.92,8,13,42010.72,247994.64
ONE_BOOK,2019-08-27,205541.21,8,13,42016.75,247557.96
ONE_BOOK,2019-08-28,208608.78,8,13,42022.79,250631.57
ONE_BOOK,2019-08-29,210947.54,9,14,63160.5,274108.04
ONE_BOOK,2019-08-30,211367.94,9,14,63169.58,274537.52
ONE_BOOK,2019-09-03,209751.67,9,14,63178.48,272930.15
ONE_BOOK,2019-09-04,211979.21,9,14,63187.38,275166.58
ONE_BOOK,2019-09-05,214946.14,9,14,63196.28,278142.42
ONE_BOOK,2019-09-06,213488.67,9,14,63205.18,276693.85
ONE_BOOK,2019-09-09,214639.59,9,14,63214.08,277853.67
ONE_BOOK,2019-09-10,218136.24,9,14,63222.99,281359.23
ONE_BOOK,2019-09-11,219490.25,9,13,44639.21,264129.46
ONE_BOOK,2019-09-12,221740.0,9,13,44645.49,266385.49
ONE_BOOK,2019-09-13,221968.83,9,13,44651.78,266620.61
ONE_BOOK,2019-09-16,221064.54,9,13,44658.07,265722.61
ONE_BOOK,2019-09-17,221028.59,9,12,21965.44,242994.03
ONE_BOOK,2019-09-18,219087.48,11,14,65946.2,285033.69
ONE_BOOK,2019-09-19,218998.61,10,14,65476.09,284474.69
ONE_BOOK,2019-09-20,216969.68,9,13,45408.21,262377.89
ONE_BOOK,2019-09-23,217045.64,9,13,43688.38,260734.02
ONE_BOOK,2019-09-24,212068.9,8,13,46018.24,258087.14
ONE_BOOK,2019-09-25,212501.97,8,13,46024.72,258526.69
ONE_BOOK,2019-09-26,211886.58,9,13,55188.13,267074.71
ONE_BOOK,2019-09-27,209028.89,9,13,55195.9,264224.79
ONE_BOOK,2019-09-30,212097.19,9,13,55203.68,267300.87
ONE_BOOK,2019-10-01,211925.63,9,13,55210.97,267136.6
ONE_BOOK,2019-10-02,209087.19,9,13,55218.27,264305.46
ONE_BOOK,2019-10-03,211132.21,9,13,55225.57,266357.78
ONE_BOOK,2019-10-04,214915.76,9,13,55232.86,270148.63
ONE_BOOK,2019-10-07,213771.41,9,13,55240.16,269011.57
ONE_BOOK,2019-10-08,209914.37,9,13,55247.46,265161.84
ONE_BOOK,2019-10-09,210908.04,9,13,55254.76,266162.81
ONE_BOOK,2019-10-10,213113.1,9,13,55262.07,268375.16
ONE_BOOK,2019-10-11,217190.32,9,13,55269.37,272459.68
ONE_BOOK,2019-10-14,218991.14,9,13,55276.67,274267.81
ONE_BOOK,2019-10-15,220814.33,9,13,55283.98,276098.3
ONE_BOOK,2019-10-16,220310.28,9,13,55291.28,275601.56
ONE_BOOK,2019-10-17,222373.69,9,13,55298.59,277672.28
ONE_BOOK,2019-10-18,216606.71,9,13,55305.89,271912.61
ONE_BOOK,2019-10-21,218641.36,10,13,62218.17,280859.53
ONE_BOOK,2019-10-22,216080.4,10,13,62226.39,278306.79
ONE_BOOK,2019-10-23,218605.88,10,13,62234.61,280840.49
ONE_BOOK,2019-10-24,218877.1,10,13,62242.84,281119.93
ONE_BOOK,2019-10-25,219897.54,10,13,62251.06,282148.6
ONE_BOOK,2019-10-28,222014.03,10,13,63595.79,285609.82
ONE_BOOK,2019-10-29,221642.8,10,13,63604.19,285246.99
ONE_BOOK,2019-10-30,224506.46,9,11,18119.58,242626.03
ONE_BOOK,2019-10-31,223965.53,9,11,18127.45,242092.98
ONE_BOOK,2019-11-01,225294.63,7,9,0.0,196828.89
ONE_BOOK,2019-11-04,226082.32,12,13,63225.65,289307.98
ONE_BOOK,2019-11-05,227022.19,12,13,63233.31,290255.5
ONE_BOOK,2019-11-06,227153.63,12,13,63240.96,290394.59
ONE_BOOK,2019-11-07,225542.04,11,13,62865.43,288407.47
ONE_BOOK,2019-11-08,227615.44,10,13,62869.37,290484.81
ONE_BOOK,2019-11-11,226648.35,10,13,62876.98,289525.33
ONE_BOOK,2019-11-12,227002.42,10,13,62884.59,289887.01
ONE_BOOK,2019-11-13,228891.23,10,13,62892.2,291783.43
ONE_BOOK,2019-11-14,228642.36,10,13,62899.81,291542.17
ONE_BOOK,2019-11-15,231324.19,10,13,62907.43,294231.62
ONE_BOOK,2019-11-18,231465.36,10,13,62915.04,294380.4
ONE_BOOK,2019-11-19,230481.84,10,13,65342.73,295824.57
ONE_BOOK,2019-11-20,229854.67,10,13,65350.64,295205.31
ONE_BOOK,2019-11-21,229549.77,9,13,63256.01,292805.78
ONE_BOOK,2019-11-22,229415.45,9,13,63263.67,292679.12
ONE_BOOK,2019-11-25,232347.25,9,13,63271.32,295618.58
ONE_BOOK,2019-11-26,233414.08,9,13,63278.98,296693.06
ONE_BOOK,2019-11-27,234338.66,9,13,63286.64,297625.3
ONE_BOOK,2019-11-29,233658.73,9,13,63294.3,296953.03
ONE_BOOK,2019-12-02,231681.35,9,13,63301.96,294983.31
ONE_BOOK,2019-12-03,230350.34,9,13,63309.62,293659.96
ONE_BOOK,2019-12-04,230601.4,8,13,61378.8,291980.2
ONE_BOOK,2019-12-05,232025.36,8,13,62935.23,294960.59
ONE_BOOK,2019-12-06,234919.62,9,13,64170.25,299089.87
ONE_BOOK,2019-12-09,235017.85,9,13,64178.02,299195.87
ONE_BOOK,2019-12-10,237375.7,9,13,64185.79,301561.48
ONE_BOOK,2019-12-11,239386.42,9,13,64193.56,303579.97
ONE_BOOK,2019-12-12,243719.1,9,13,64201.33,307920.42
ONE_BOOK,2019-12-13,242609.62,9,13,64209.1,306818.72
ONE_BOOK,2019-12-16,245847.09,9,13,64216.87,310063.95
ONE_BOOK,2019-12-17,246154.87,9,13,64224.64,310379.51
ONE_BOOK,2019-12-18,247055.21,10,13,65830.09,312885.31
ONE_BOOK,2019-12-19,248690.94,10,13,65838.06,314529.0
ONE_BOOK,2019-12-20,249731.13,10,13,65846.03,315577.16
ONE_BOOK,2019-12-23,249872.71,10,13,65854.0,315726.71
ONE_BOOK,2019-12-24,250274.79,10,13,65861.97,316136.76
ONE_BOOK,2019-12-26,249649.12,10,12,42312.18,291961.3
ONE_BOOK,2019-12-27,248616.1,10,12,41120.69,289736.79
ONE_BOOK,2019-12-30,247683.56,9,11,14521.11,262204.67
ONE_BOOK,2019-12-31,248043.01,9,11,14522.87,262565.88
ONE_BOOK,2020-01-02,246867.71,10,13,64302.61,311170.33
ONE_BOOK,2020-01-03,245838.98,11,13,66497.71,312336.69
ONE_BOOK,2020-01-06,247564.66,11,13,66505.76,314070.42
ONE_BOOK,2020-01-07,245489.62,11,13,66513.8,312003.43
ONE_BOOK,2020-01-08,247377.26,11,13,66521.86,313899.12
ONE_BOOK,2020-01-09,247727.85,11,13,66529.91,314257.75
ONE_BOOK,2020-01-10,246861.71,11,13,66537.96,313399.67
ONE_BOOK,2020-01-13,247884.17,11,13,66546.01,314430.18
ONE_BOOK,2020-01-14,247923.45,11,13,66554.07,314477.51
ONE_BOOK,2020-01-15,248741.9,11,13,66562.12,315304.03
ONE_BOOK,2020-01-16,250927.03,11,13,66570.18,317497.2
ONE_BOOK,2020-01-17,253449.14,11,13,66578.23,320027.37
ONE_BOOK,2020-01-21,253401.52,11,13,66586.29,319987.81
ONE_BOOK,2020-01-22,253464.24,11,13,66594.35,320058.59
ONE_BOOK,2020-01-23,252964.24,11,13,66602.41,319566.65
ONE_BOOK,2020-01-24,249414.64,11,13,66610.47,316025.12
ONE_BOOK,2020-01-27,246633.85,11,13,66618.53,313252.39
ONE_BOOK,2020-01-28,248427.83,8,10,0.0,238055.48
ONE_BOOK,2020-01-29,246026.78,11,13,64278.89,310305.68
ONE_BOOK,2020-01-30,245867.9,11,13,64286.67,310154.58
ONE_BOOK,2020-01-31,239273.73,11,13,64294.45,303568.18
ONE_BOOK,2020-02-03,239491.98,11,13,64302.31,303794.3
ONE_BOOK,2020-02-04,242629.98,11,13,64310.17,306940.16
ONE_BOOK,2020-02-05,248630.45,11,13,64318.03,312948.48
ONE_BOOK,2020-02-06,250429.39,11,13,64325.89,314755.28
ONE_BOOK,2020-02-07,249136.21,11,13,64333.76,313469.96
ONE_BOOK,2020-02-10,250296.24,10,13,65535.73,315831.98
ONE_BOOK,2020-02-11,252257.41,10,13,65543.74,317801.16
ONE_BOOK,2020-02-12,252819.58,10,13,65551.75,318371.33
ONE_BOOK,2020-02-13,252345.24,10,13,65559.76,317905.0
ONE_BOOK,2020-02-14,251735.59,10,13,65567.78,317303.36
ONE_BOOK,2020-02-18,250691.86,10,13,65575.79,316267.65
ONE_BOOK,2020-02-19,249601.98,10,13,64279.21,313881.19
ONE_BOOK,2020-02-20,249945.02,10,13,66766.88,316711.9
ONE_BOOK,2020-02-21,249109.38,10,13,66775.05,315884.43
ONE_BOOK,2020-02-24,238303.46,10,13,66783.21,305086.66
ONE_BOOK,2020-02-25,229395.24,9,12,40334.23,269729.47
ONE_BOOK,2020-02-26,226845.04,9,12,40339.16,267184.2
ONE_BOOK,2020-02-27,217228.96,9,12,40344.09,257573.05
ONE_BOOK,2020-02-28,214717.02,9,12,40349.02,255066.04
ONE_BOOK,2020-03-02,227748.4,9,12,40352.43,268100.83
ONE_BOOK,2020-03-03,218686.48,10,13,63062.46,281748.94
ONE_BOOK,2020-03-04,229798.92,10,13,63067.79,292866.71
ONE_BOOK,2020-03-05,220179.33,10,13,63073.12,283252.45
ONE_BOOK,2020-03-06,216810.92,10,13,63078.45,279889.37
ONE_BOOK,2020-03-09,198096.09,10,13,63083.79,261179.88
ONE_BOOK,2020-03-10,208086.17,9,12,41870.01,249956.18
ONE_BOOK,2020-03-11,195259.19,9,12,41873.55,237132.73
ONE_BOOK,2020-03-12,170828.0,9,12,41877.09,212705.09
ONE_BOOK,2020-03-13,191111.98,9,12,41880.62,232992.6
ONE_BOOK,2020-03-16,163334.68,9,12,41884.16,205218.85
ONE_BOOK,2020-03-17,180048.62,9,12,41887.7,221936.33
ONE_BOOK,2020-03-18,167145.75,9,12,41891.25,209036.99
ONE_BOOK,2020-03-19,168457.89,9,12,41894.79,210352.68
ONE_BOOK,2020-03-20,158032.66,9,12,41898.33,199930.99
ONE_BOOK,2020-03-23,150552.29,9,12,41901.87,192454.16
ONE_BOOK,2020-03-24,160672.32,9,12,41905.41,202577.73
ONE_BOOK,2020-03-25,163842.82,9,12,41908.95,205751.77
ONE_BOOK,2020-03-26,180935.14,9,12,41912.49,222847.63
ONE_BOOK,2020-03-27,174676.67,9,12,41916.04,216592.71
ONE_BOOK,2020-03-30,179951.93,9,12,41919.58,221871.51
ONE_BOOK,2020-03-31,175710.82,9,12,41923.12,217633.94
ONE_BOOK,2020-04-01,167022.95,9,12,41925.7,208948.66
ONE_BOOK,2020-04-02,170645.28,9,12,41928.28,212573.57
ONE_BOOK,2020-04-03,167339.34,9,12,41930.86,209270.2
ONE_BOOK,2020-04-06,180233.55,9,12,41933.44,222166.99
ONE_BOOK,2020-04-07,180600.22,9,12,41936.02,222536.24
ONE_BOOK,2020-04-08,187351.66,8,10,0.0,186767.11
ONE_BOOK,2020-04-09,189193.56,10,13,56348.28,245541.84
ONE_BOOK,2020-04-13,185021.15,10,13,56351.75,241372.9
ONE_BOOK,2020-04-14,188056.66,7,9,0.0,169458.76
ONE_BOOK,2020-04-15,183336.51,7,8,0.0,153468.15
ONE_BOOK,2020-04-16,182251.67,7,8,0.0,152383.31
ONE_BOOK,2020-04-17,186650.25,8,9,0.0,175492.56
ONE_BOOK,2020-04-20,183483.81,8,9,0.0,172326.13
ONE_BOOK,2020-04-21,179247.08,7,8,0.0,148365.77
ONE_BOOK,2020-04-22,179958.0,5,6,0.0,104564.34
ONE_BOOK,2020-04-23,180292.03,9,10,0.0,177462.88
ONE_BOOK,2020-04-24,181518.57,11,13,51847.09,233365.65
ONE_BOOK,2020-04-27,191206.23,11,13,51850.28,243056.5
ONE_BOOK,2020-04-28,201530.3,11,13,51853.47,253383.77
ONE_BOOK,2020-04-29,226674.0,10,12,35801.8,262475.79
ONE_BOOK,2020-04-30,218821.59,11,13,58056.51,276878.1
ONE_BOOK,2020-05-01,199676.14,10,12,35000.96,234677.1
ONE_BOOK,2020-05-04,200511.83,7,9,0.0,175746.43
ONE_BOOK,2020-05-05,193674.92,7,9,0.0,168909.52
ONE_BOOK,2020-05-06,190414.16,6,7,0.0,128347.96
ONE_BOOK,2020-05-07,199762.84,6,7,0.0,137696.64
ONE_BOOK,2020-05-08,207376.83,7,8,0.0,165622.08
ONE_BOOK,2020-05-11,204797.23,12,13,60796.31,265593.54
ONE_BOOK,2020-05-12,196971.1,12,13,60800.05,257771.16
ONE_BOOK,2020-05-13,185949.86,11,12,40821.78,226771.64
ONE_BOOK,2020-05-14,192429.19,11,12,40824.29,233253.49
ONE_BOOK,2020-05-15,192794.66,11,12,40826.8,233621.47
ONE_BOOK,2020-05-18,210632.2,12,13,61270.35,271902.55
ONE_BOOK,2020-05-19,206635.28,12,13,61274.11,267909.39
ONE_BOOK,2020-05-20,213867.31,11,13,60918.51,274785.82
ONE_BOOK,2020-05-21,213409.86,11,13,60922.25,274332.11
ONE_BOOK,2020-05-22,210802.64,10,13,61089.22,271891.85
ONE_BOOK,2020-05-26,225454.93,10,13,61092.97,286547.9
ONE_BOOK,2020-05-27,237303.89,10,13,56855.24,294159.13
ONE_BOOK,2020-05-28,221427.57,10,13,56858.74,278286.3
ONE_BOOK,2020-05-29,215394.47,11,12,40135.91,255530.38
ONE_BOOK,2020-06-01,218612.41,11,12,38842.57,257454.98
ONE_BOOK,2020-06-02,221538.05,11,13,61256.32,282794.36
ONE_BOOK,2020-06-03,231728.37,11,13,61260.16,292988.53
ONE_BOOK,2020-06-04,237439.49,11,13,61264.0,298703.49
ONE_BOOK,2020-06-05,261456.25,11,13,65664.01,327120.26
ONE_BOOK,2020-06-08,289549.96,11,13,65668.13,355218.08
ONE_BOOK,2020-06-09,276075.13,11,13,65672.24,341747.37
ONE_BOOK,2020-06-10,259573.93,11,13,64505.96,324079.89
ONE_BOOK,2020-06-11,235597.16,9,10,0.0,229085.7
ONE_BOOK,2020-06-12,236900.59,8,11,17313.72,254214.31
ONE_BOOK,2020-06-15,240658.43,8,12,40901.6,281560.03
ONE_BOOK,2020-06-16,243463.65,8,12,40904.17,284367.82
ONE_BOOK,2020-06-17,244898.53,8,12,40906.73,285805.26
ONE_BOOK,2020-06-18,245624.89,8,12,40909.3,286534.19
ONE_BOOK,2020-06-19,247208.53,9,13,65666.19,312874.72
ONE_BOOK,2020-06-22,249230.19,9,13,65670.31,314900.5
ONE_BOOK,2020-06-23,247258.03,9,13,65674.42,312932.46
ONE_BOOK,2020-06-24,242506.2,8,12,38986.93,281493.13
ONE_BOOK,2020-06-25,242823.2,7,10,0.0,227730.58
ONE_BOOK,2020-06-26,236638.28,9,12,33347.2,269985.48
ONE_BOOK,2020-06-29,239751.86,10,13,57244.05,296995.92
ONE_BOOK,2020-06-30,245265.77,10,13,57247.64,302513.41
ONE_BOOK,2020-07-01,243563.13,10,13,55331.1,298894.23
ONE_BOOK,2020-07-02,244764.94,10,13,55334.59,300099.53
ONE_BOOK,2020-07-06,246954.72,10,13,55338.08,302292.8
ONE_BOOK,2020-07-07,245262.33,10,13,55341.57,300603.91
ONE_BOOK,2020-07-08,246566.89,10,13,55345.06,301911.95
ONE_BOOK,2020-07-09,247483.25,10,13,55348.56,302831.8
ONE_BOOK,2020-07-10,250685.39,10,13,55352.05,306037.44
ONE_BOOK,2020-07-13,246711.07,10,13,55355.54,302066.61
ONE_BOOK,2020-07-14,249835.08,9,12,30146.16,279981.23
ONE_BOOK,2020-07-15,255655.28,9,13,60663.9,316319.18
ONE_BOOK,2020-07-16,257116.41,9,13,60667.73,317784.14
ONE_BOOK,2020-07-17,255641.33,9,13,60671.56,316312.89
ONE_BOOK,2020-07-20,258717.99,9,13,59847.2,318565.19
ONE_BOOK,2020-07-21,260455.58,9,13,59850.98,320306.56
ONE_BOOK,2020-07-22,264593.79,9,13,59854.75,324448.55
ONE_BOOK,2020-07-23,262836.35,9,13,59858.53,322694.88
ONE_BOOK,2020-07-24,266422.74,9,13,59862.31,326285.05
ONE_BOOK,2020-07-27,269336.7,9,13,59866.08,329202.78
ONE_BOOK,2020-07-28,265293.91,9,13,65616.04,330909.95
ONE_BOOK,2020-07-29,277592.1,9,13,65620.18,343212.29
ONE_BOOK,2020-07-30,273775.39,9,13,65624.33,339399.72
ONE_BOOK,2020-07-31,269721.09,9,13,65628.47,335349.56
ONE_BOOK,2020-08-03,271554.37,9,13,65632.61,337186.98
ONE_BOOK,2020-08-04,282591.0,9,13,65636.75,348227.75
ONE_BOOK,2020-08-05,284741.27,9,13,65640.89,350382.16
ONE_BOOK,2020-08-06,280640.33,9,13,65645.03,346285.36
ONE_BOOK,2020-08-07,280749.19,9,13,65649.17,346398.37
ONE_BOOK,2020-08-10,282514.97,9,13,65653.31,348168.29
ONE_BOOK,2020-08-11,276661.17,9,13,65657.46,342318.63
ONE_BOOK,2020-08-12,284083.15,9,13,65661.6,349744.75
ONE_BOOK,2020-08-13,278476.61,9,13,65665.74,344142.35
ONE_BOOK,2020-08-14,279400.74,9,13,65669.89,345070.62
ONE_BOOK,2020-08-17,279482.32,9,13,65674.03,345156.35
ONE_BOOK,2020-08-18,278874.66,11,14,72921.95,351796.61
ONE_BOOK,2020-08-19,274141.18,11,14,72926.55,347067.72
ONE_BOOK,2020-08-20,271594.02,11,14,72931.15,344525.17
ONE_BOOK,2020-08-21,268978.2,11,14,72935.75,341913.95
ONE_BOOK,2020-08-24,275456.44,11,14,72940.35,348396.79
ONE_BOOK,2020-08-25,279863.18,11,14,72944.95,352808.13
ONE_BOOK,2020-08-26,279095.62,11,14,72949.56,352045.18
ONE_BOOK,2020-08-27,279633.59,11,14,72954.16,352587.75
ONE_BOOK,2020-08-28,283054.98,11,14,72958.76,356013.74
ONE_BOOK,2020-08-31,281378.52,11,14,72963.37,354341.88
ONE_BOOK,2020-09-01,281659.32,10,13,43508.2,325167.52
ONE_BOOK,2020-09-02,287659.57,11,14,71706.23,359365.8
ONE_BOOK,2020-09-03,278725.27,11,14,71710.76,350436.03
ONE_BOOK,2020-09-04,277632.04,11,14,70145.71,347777.75
ONE_BOOK,2020-09-08,268287.78,11,14,70150.13,338437.92
ONE_BOOK,2020-09-09,269932.35,11,14,70154.56,340086.91
ONE_BOOK,2020-09-10,263860.46,11,14,70158.99,334019.45
ONE_BOOK,2020-09-11,266222.77,11,14,70163.41,336386.19
ONE_BOOK,2020-09-14,274318.23,11,14,70167.84,344486.08
ONE_BOOK,2020-09-15,272574.88,11,14,70172.27,342747.15
ONE_BOOK,2020-09-16,277479.09,11,14,70176.7,347655.78
ONE_BOOK,2020-09-17,275846.39,11,14,70181.12,346027.51
ONE_BOOK,2020-09-18,275941.14,11,14,70185.55,346126.7
ONE_BOOK,2020-09-21,266933.38,11,14,68510.66,335444.03
ONE_BOOK,2020-09-22,268910.31,10,13,46877.18,315787.48
ONE_BOOK,2020-09-23,266836.5,10,13,46880.13,313716.63
ONE_BOOK,2020-09-24,263344.8,10,13,46883.09,310227.89
ONE_BOOK,2020-09-25,263459.8,10,12,14946.64,278406.43
ONE_BOOK,2020-09-28,271887.79,11,14,68474.75,340362.54
ONE_BOOK,2020-09-29,267304.0,11,14,68479.07,335783.07
ONE_BOOK,2020-09-30,270659.12,11,14,68483.39,339142.51
ONE_BOOK,2020-10-01,272205.88,11,14,68487.71,340693.59
ONE_BOOK,2020-10-02,270740.38,11,14,68492.03,339232.42
ONE_BOOK,2020-10-05,276800.48,10,14,68793.02,345593.51
ONE_BOOK,2020-10-06,268974.01,10,14,68797.36,337771.37
ONE_BOOK,2020-10-07,274778.82,10,14,68801.7,343580.52
ONE_BOOK,2020-10-08,280667.19,10,14,68806.04,349473.23
ONE_BOOK,2020-10-09,279894.77,10,14,68810.38,348705.16
ONE_BOOK,2020-10-12,283688.13,10,14,68814.73,352502.86
ONE_BOOK,2020-10-13,284616.9,10,14,68819.07,353435.97
ONE_BOOK,2020-10-14,283188.36,10,14,68823.41,352011.77
ONE_BOOK,2020-10-15,284995.81,10,14,68311.87,353307.68
ONE_BOOK,2020-10-16,279971.14,10,14,68316.18,348287.32
ONE_BOOK,2020-10-19,273903.61,10,14,66946.81,340850.42
ONE_BOOK,2020-10-20,276385.07,10,14,66951.03,343336.11
ONE_BOOK,2020-10-21,273171.92,10,14,66955.26,340127.18
ONE_BOOK,2020-10-22,283994.1,10,14,66959.48,350953.58
ONE_BOOK,2020-10-23,285530.73,10,14,66963.71,352494.43
ONE_BOOK,2020-10-26,275482.31,10,14,66967.93,342450.24
ONE_BOOK,2020-10-27,271641.84,10,14,66972.16,338614.0
ONE_BOOK,2020-10-28,259982.07,10,14,66976.38,326958.46
ONE_BOOK,2020-10-29,263464.39,10,14,66980.61,330445.0
ONE_BOOK,2020-10-30,261911.95,10,14,66984.84,328896.79
ONE_BOOK,2020-11-02,271063.36,10,14,66989.06,338052.42
ONE_BOOK,2020-11-03,273577.18,10,14,66993.29,340570.47
ONE_BOOK,2020-11-04,277503.33,10,14,66997.52,344500.85
ONE_BOOK,2020-11-05,279348.55,10,14,67001.74,346350.29
ONE_BOOK,2020-11-06,274941.91,10,14,67005.97,341947.88
ONE_BOOK,2020-11-09,299856.11,10,14,67010.2,366866.31
ONE_BOOK,2020-11-10,304013.75,10,14,67014.43,371028.17
ONE_BOOK,2020-11-11,303117.62,10,13,46992.32,350109.93
ONE_BOOK,2020-11-12,295649.55,11,14,77021.07,372670.62
ONE_BOOK,2020-11-13,301874.27,10,13,46636.97,348511.24
ONE_BOOK,2020-11-16,311386.68,11,14,77343.9,388730.58
ONE_BOOK,2020-11-17,310873.42,10,14,77186.23,388059.65
ONE_BOOK,2020-11-18,307065.56,10,14,77191.1,384256.66
ONE_BOOK,2020-11-19,310444.16,9,13,47385.47,357829.63
ONE_BOOK,2020-11-20,308268.31,10,14,78357.46,386625.77
ONE_BOOK,2020-11-23,319093.28,10,14,78362.4,397455.68
ONE_BOOK,2020-11-24,329055.05,10,14,78367.35,407422.4
ONE_BOOK,2020-11-25,319290.18,10,14,78372.29,397662.47
ONE_BOOK,2020-11-27,321622.45,10,13,55632.81,377255.27
ONE_BOOK,2020-11-30,319839.92,11,14,84316.65,404156.57
ONE_BOOK,2020-12-01,325831.87,11,14,84321.97,410153.84
ONE_BOOK,2020-12-02,323989.64,11,14,86987.73,410977.37
ONE_BOOK,2020-12-03,322384.24,11,14,86993.22,409377.46
ONE_BOOK,2020-12-04,325634.89,11,14,86998.71,412633.6
ONE_BOOK,2020-12-07,327003.4,11,14,87004.2,414007.6
ONE_BOOK,2020-12-08,329565.49,11,14,87009.69,416575.18
ONE_BOOK,2020-12-09,327679.81,10,13,53587.79,381267.6
ONE_BOOK,2020-12-10,327188.03,10,14,86245.16,413433.19
ONE_BOOK,2020-12-11,325486.6,10,14,86250.6,411737.2
ONE_BOOK,2020-12-14,323090.06,10,14,86256.04,409346.11
ONE_BOOK,2020-12-15,327328.44,9,13,53236.17,380564.61
ONE_BOOK,2020-12-16,329445.03,10,14,86017.21,415462.23
ONE_BOOK,2020-12-17,331562.48,10,14,86022.63,417585.12
ONE_BOOK,2020-12-18,330888.83,10,14,86028.06,416916.89
ONE_BOOK,2020-12-21,328945.13,10,14,86033.49,414978.62
ONE_BOOK,2020-12-22,327465.67,10,14,86038.92,413504.58
ONE_BOOK,2020-12-23,329446.9,10,14,86044.35,415491.24
ONE_BOOK,2020-12-24,329321.42,10,14,86049.77,415371.2
ONE_BOOK,2020-12-28,330448.64,10,14,86055.2,416503.84
ONE_BOOK,2020-12-29,330008.28,10,14,86060.63,416068.92
ONE_BOOK,2020-12-30,331337.25,10,14,86066.06,417403.32
ONE_BOOK,2020-12-31,332821.07,10,14,86071.49,418892.57
ONE_BOOK,2021-01-04,326255.51,10,14,86076.92,412332.44
ONE_BOOK,2021-01-05,329342.71,10,14,84616.29,413959.0
ONE_BOOK,2021-01-06,339108.68,10,14,84621.63,423730.31
ONE_BOOK,2021-01-07,342453.78,10,14,84626.97,427080.75
ONE_BOOK,2021-01-08,345552.65,10,14,84632.31,430184.95
ONE_BOOK,2021-01-11,349897.81,10,14,84637.65,434535.46
ONE_BOOK,2021-01-12,355938.84,10,14,85939.99,441878.83
ONE_BOOK,2021-01-13,349913.48,10,14,85945.41,435858.89
ONE_BOOK,2021-01-14,349157.83,9,12,64766.41,413924.24
ONE_BOOK,2021-01-15,345498.1,10,13,99603.16,445101.26
ONE_BOOK,2021-01-19,348611.04,10,13,99609.44,448220.48
ONE_BOOK,2021-01-20,361241.28,10,13,99615.73,460857.01
ONE_BOOK,2021-01-21,363870.77,10,13,99622.01,463492.78
ONE_BOOK,2021-01-22,365094.65,10,13,99628.3,464722.95
ONE_BOOK,2021-01-25,366124.18,10,13,99634.58,465758.76
ONE_BOOK,2021-01-26,368253.21,10,13,99640.87,467894.08
ONE_BOOK,2021-01-27,358263.06,10,13,99647.16,457910.21
ONE_BOOK,2021-01-28,364237.37,9,12,62941.16,427178.53
ONE_BOOK,2021-01-29,353794.31,10,13,98940.09,452734.4
ONE_BOOK,2021-02-01,359557.78,8,11,27665.87,387223.65
ONE_BOOK,2021-02-02,365263.71,9,12,64010.58,429274.29
ONE_BOOK,2021-02-03,368154.17,10,13,100738.57,468892.74
ONE_BOOK,2021-02-04,376771.87,10,13,100744.89,477516.75
ONE_BOOK,2021-02-05,379688.03,10,13,100751.2,480439.23
ONE_BOOK,2021-02-08,384980.54,10,13,100757.52,485738.06
ONE_BOOK,2021-02-09,385083.57,10,13,100763.84,485847.41
ONE_BOOK,2021-02-10,391285.25,8,11,25047.92,416333.18
ONE_BOOK,2021-02-11,392024.71,9,13,103410.72,495435.44
ONE_BOOK,2021-02-12,395703.76,9,13,103417.21,499120.97
ONE_BOOK,2021-02-16,400273.87,10,13,106822.78,507096.66
ONE_BOOK,2021-02-17,399589.59,10,13,106829.48,506419.07
ONE_BOOK,2021-02-18,395887.5,10,13,105675.83,501563.32
ONE_BOOK,2021-02-19,399698.3,10,13,105682.45,505380.76
ONE_BOOK,2021-02-22,405136.88,10,13,105689.08,510825.96
ONE_BOOK,2021-02-23,406889.52,10,13,105695.7,512585.23
ONE_BOOK,2021-02-24,413680.37,10,13,105702.33,519382.7
ONE_BOOK,2021-02-25,405327.54,10,13,105708.96,511036.5
ONE_BOOK,2021-02-26,403243.82,7,10,0.0,383314.85
ONE_BOOK,2021-03-01,409851.16,7,10,0.0,389922.18
ONE_BOOK,2021-03-02,404447.73,10,13,102688.85,507136.58
ONE_BOOK,2021-03-03,395290.35,9,13,90519.75,485810.1
ONE_BOOK,2021-03-04,388223.9,9,13,90525.39,478749.29
ONE_BOOK,2021-03-05,399476.74,9,13,90410.19,489886.93
ONE_BOOK,2021-03-08,401187.28,9,13,90415.83,491603.1
ONE_BOOK,2021-03-09,409686.87,9,13,90421.46,500108.33
ONE_BOOK,2021-03-10,416608.3,9,13,90427.09,507035.39
ONE_BOOK,2021-03-11,421267.04,9,13,90432.73,511699.76
ONE_BOOK,2021-03-12,425374.69,9,13,90438.36,515813.05
ONE_BOOK,2021-03-15,433532.94,9,13,90443.99,523976.93
ONE_BOOK,2021-03-16,429760.15,9,13,90449.63,520209.78
ONE_BOOK,2021-03-17,431793.44,10,14,114094.5,545887.95
ONE_BOOK,2021-03-18,416824.85,10,14,114101.61,530926.46
ONE_BOOK,2021-03-19,420746.08,10,14,114108.72,534854.8
ONE_BOOK,2021-03-22,426274.81,10,14,114115.83,540390.64
ONE_BOOK,2021-03-23,428118.13,10,14,114122.94,542241.07
ONE_BOOK,2021-03-24,422905.36,10,14,114130.05,537035.41
ONE_BOOK,2021-03-25,421980.52,10,14,114137.16,536117.67
ONE_BOOK,2021-03-26,428264.73,10,14,114144.27,542409.0
ONE_BOOK,2021-03-29,429325.73,10,14,114151.38,543477.11
ONE_BOOK,2021-03-30,425918.51,9,14,118172.76,544091.27
ONE_BOOK,2021-03-31,429177.56,9,13,94044.89,523222.45
ONE_BOOK,2021-04-01,438827.88,9,13,94050.75,532878.63
ONE_BOOK,2021-04-05,445644.7,9,13,94056.61,539701.3
ONE_BOOK,2021-04-06,449291.88,9,13,95120.44,544412.32
ONE_BOOK,2021-04-07,453368.14,9,13,95126.37,548494.5
ONE_BOOK,2021-04-08,455340.8,9,13,95132.29,550473.1
ONE_BOOK,2021-04-09,458913.96,9,13,95138.22,554052.18
ONE_BOOK,2021-04-12,457074.71,9,13,95144.15,552218.86
ONE_BOOK,2021-04-13,456633.44,9,12,54354.19,510987.63
ONE_BOOK,2021-04-14,457625.02,9,11,15941.33,473566.35
ONE_BOOK,2021-04-15,461006.71,11,13,108082.87,569089.58
ONE_BOOK,2021-04-16,462632.98,11,13,108089.61,570722.59
ONE_BOOK,2021-04-19,461006.01,11,13,108096.34,569102.35
ONE_BOOK,2021-04-20,451313.28,11,12,82733.38,534046.65
ONE_BOOK,2021-04-21,457559.51,10,12,80995.15,538554.66
ONE_BOOK,2021-04-22,456242.62,11,13,127188.37,583430.99
ONE_BOOK,2021-04-23,464996.56,10,11,33346.62,498343.18
ONE_BOOK,2021-04-26,467801.61,11,12,80022.34,547823.95
ONE_BOOK,2021-04-27,472084.52,12,13,132301.79,604386.31
ONE_BOOK,2021-04-28,474268.5,12,13,132310.03,606578.53
ONE_BOOK,2021-04-29,469125.75,12,13,132318.28,601444.03
ONE_BOOK,2021-04-30,464892.41,12,13,132326.52,597218.93
ONE_BOOK,2021-05-03,465326.15,11,13,127356.99,592683.15
ONE_BOOK,2021-05-04,461570.96,11,13,127364.88,588935.84
ONE_BOOK,2021-05-05,465437.31,10,12,81323.43,546760.75
ONE_BOOK,2021-05-06,469452.88,10,12,80453.28,549906.16
ONE_BOOK,2021-05-07,478042.59,11,13,127317.96,605360.55
ONE_BOOK,2021-05-10,469619.36,11,13,127780.35,597399.71
ONE_BOOK,2021-05-11,467618.42,10,12,76139.26,543757.67
ONE_BOOK,2021-05-12,454206.18,9,12,74129.27,528335.46
ONE_BOOK,2021-05-13,461072.53,9,13,119829.86,580902.39
ONE_BOOK,2021-05-14,474409.72,9,13,118535.28,592945.0
ONE_BOOK,2021-05-17,479373.44,9,13,118542.62,597916.06
ONE_BOOK,2021-05-18,477510.79,9,13,118549.96,596060.75
ONE_BOOK,2021-05-19,476263.08,9,13,117958.93,594222.01
ONE_BOOK,2021-05-20,483887.5,9,13,117966.23,601853.73
ONE_BOOK,2021-05-21,489129.44,9,13,117973.53,607102.97
ONE_BOOK,2021-05-24,492829.34,9,13,117980.83,610810.18
ONE_BOOK,2021-05-25,492823.7,9,13,117988.14,610811.83
ONE_BOOK,2021-05-26,502776.06,9,13,119795.29,622571.34
ONE_BOOK,2021-05-27,510085.14,9,13,119802.7,629887.84
ONE_BOOK,2021-05-28,509899.25,9,13,119810.12,629709.37
ONE_BOOK,2021-06-01,514194.53,9,13,119817.63,634012.16
ONE_BOOK,2021-06-02,521426.17,9,13,119825.14,641251.31
ONE_BOOK,2021-06-03,531791.97,9,13,119832.65,651624.63
ONE_BOOK,2021-06-04,538865.43,8,12,67416.7,606282.13
ONE_BOOK,2021-06-07,536727.53,9,13,121412.12,658139.65
ONE_BOOK,2021-06-08,534355.79,9,12,78852.92,613208.72
ONE_BOOK,2021-06-09,531626.34,10,13,132410.2,664036.54
ONE_BOOK,2021-06-10,534489.18,10,13,132418.5,666907.68
ONE_BOOK,2021-06-11,536628.55,10,13,132788.87,669417.42
ONE_BOOK,2021-06-14,531342.25,9,12,77151.1,608493.35
ONE_BOOK,2021-06-15,528093.71,8,9,0.0,447487.22
ONE_BOOK,2021-06-16,524673.53,11,12,78150.61,602824.14
ONE_BOOK,2021-06-17,531178.9,11,13,130457.25,661636.15
ONE_BOOK,2021-06-18,522456.76,11,13,130465.43,652922.19
ONE_BOOK,2021-06-21,527298.59,11,13,130473.61,657772.2
ONE_BOOK,2021-06-22,533546.0,11,13,130481.79,664027.79
ONE_BOOK,2021-06-23,532868.75,11,13,130489.97,663358.72
ONE_BOOK,2021-06-24,535922.88,11,13,130143.47,666066.35
ONE_BOOK,2021-06-25,536994.65,11,13,127386.75,664381.39
ONE_BOOK,2021-06-28,535871.0,11,13,127394.73,663265.73
ONE_BOOK,2021-06-29,536807.84,11,13,127402.72,664210.56
ONE_BOOK,2021-06-30,542356.16,11,13,127410.71,669766.87
ONE_BOOK,2021-07-01,540844.2,11,13,127418.8,668263.0
ONE_BOOK,2021-07-02,541412.9,11,13,121569.43,662982.33
ONE_BOOK,2021-07-06,536079.42,11,13,121577.15,657656.57
ONE_BOOK,2021-07-07,529577.59,11,13,121584.87,651162.47
ONE_BOOK,2021-07-08,525189.67,10,12,67643.07,592832.74
ONE_BOOK,2021-07-09,533791.65,11,13,120563.48,654355.13
ONE_BOOK,2021-07-12,534293.24,11,13,120571.13,654864.38
ONE_BOOK,2021-07-13,527091.21,11,13,120578.79,647670.0
ONE_BOOK,2021-07-14,526818.08,11,13,120586.44,647404.53
ONE_BOOK,2021-07-15,522493.73,11,13,120594.1,643087.83
ONE_BOOK,2021-07-16,516560.22,11,13,120601.76,637161.98
ONE_BOOK,2021-07-19,504874.94,11,13,120609.41,625484.35
ONE_BOOK,2021-07-20,516253.87,11,13,120617.07,636870.94
ONE_BOOK,2021-07-21,525447.04,11,13,120624.73,646071.77
ONE_BOOK,2021-07-22,523103.9,11,13,120632.39,643736.29
ONE_BOOK,2021-07-23,526490.92,11,13,120640.05,647130.96
ONE_BOOK,2021-07-26,529219.33,11,13,120647.71,649867.04
ONE_BOOK,2021-07-27,527005.29,11,13,120655.37,647660.66
ONE_BOOK,2021-07-28,529841.36,11,13,120663.03,650504.39
ONE_BOOK,2021-07-29,532475.89,11,13,120670.69,653146.58
ONE_BOOK,2021-07-30,531426.28,11,13,120678.35,652104.63
ONE_BOOK,2021-08-02,530641.34,11,13,120685.97,651327.31
ONE_BOOK,2021-08-03,536846.97,11,13,120693.58,657540.55
ONE_BOOK,2021-08-04,531948.32,11,13,120701.2,652649.52
ONE_BOOK,2021-08-05,538411.05,10,11,12487.55,550898.6
ONE_BOOK,2021-08-06,540923.77,12,13,122338.66,663262.44
ONE_BOOK,2021-08-09,539916.61,12,13,122346.38,662263.0
ONE_BOOK,2021-08-10,542722.22,12,13,122354.1,665076.32
ONE_BOOK,2021-08-11,547672.46,12,13,122361.82,670034.28
ONE_BOOK,2021-08-12,545477.24,12,13,122369.54,667846.78
ONE_BOOK,2021-08-13,545764.13,11,13,121083.84,666847.97
ONE_BOOK,2021-08-16,542739.11,11,13,121091.47,663830.58
ONE_BOOK,2021-08-17,538181.35,11,13,121099.12,659280.46
ONE_BOOK,2021-08-18,532742.3,10,12,67790.06,600532.36
ONE_BOOK,2021-08-19,535991.01,9,11,18483.7,554474.7
ONE_BOOK,2021-08-20,540947.09,11,13,125684.39,666631.48
ONE_BOOK,2021-08-23,548137.99,11,13,125692.32,673830.31
ONE_BOOK,2021-08-24,550926.09,11,13,125700.25,676626.34
ONE_BOOK,2021-08-25,552398.74,11,13,125708.18,678106.92
ONE_BOOK,2021-08-26,548861.05,11,13,125716.11,674577.17
ONE_BOOK,2021-08-27,556671.19,11,13,125724.04,682395.23
ONE_BOOK,2021-08-30,557367.37,11,13,125731.98,683099.34
ONE_BOOK,2021-08-31,559300.82,11,13,125739.91,685040.73
ONE_BOOK,2021-09-01,559688.78,11,12,77489.34,637178.12
ONE_BOOK,2021-09-02,563627.14,12,13,138408.61,702035.75
ONE_BOOK,2021-09-03,565352.57,12,13,138417.29,703769.86
ONE_BOOK,2021-09-07,558068.27,12,13,138425.97,696494.23
ONE_BOOK,2021-09-08,553420.9,11,12,84568.51,637989.41
ONE_BOOK,2021-09-09,551703.82,11,13,135528.21,687232.03
ONE_BOOK,2021-09-10,545827.73,11,13,135536.71,681364.43
ONE_BOOK,2021-09-13,549277.19,11,13,135545.2,684822.4
ONE_BOOK,2021-09-14,543283.27,11,13,130324.78,673608.05
ONE_BOOK,2021-09-15,545527.69,11,13,130332.95,675860.64
ONE_BOOK,2021-09-16,545647.06,11,13,130341.12,675988.18
ONE_BOOK,2021-09-17,542967.29,11,13,130349.29,673316.58
ONE_BOOK,2021-09-20,536088.69,11,13,130357.47,666446.15
ONE_BOOK,2021-09-21,534790.81,11,13,130365.64,665156.45
ONE_BOOK,2021-09-22,543738.52,11,13,130373.81,674112.33
ONE_BOOK,2021-09-23,553918.27,11,13,130381.99,684300.26
ONE_BOOK,2021-09-24,556516.55,11,13,130390.16,686906.72
ONE_BOOK,2021-09-27,558027.13,11,13,130398.34,688425.47
ONE_BOOK,2021-09-28,546837.61,11,13,130406.51,677244.13
ONE_BOOK,2021-09-29,545393.71,11,13,127323.44,672717.15
ONE_BOOK,2021-09-30,532667.35,11,13,121730.52,654397.87
ONE_BOOK,2021-10-01,542934.61,11,13,121738.15,664672.75
ONE_BOOK,2021-10-04,538414.59,11,13,121745.78,660160.37
ONE_BOOK,2021-10-05,539709.45,11,13,121753.41,661462.86
ONE_BOOK,2021-10-06,542017.44,11,13,121761.05,663778.49
ONE_BOOK,2021-10-07,544661.83,11,13,121768.68,666430.51
ONE_BOOK,2021-10-08,539118.82,11,13,121776.32,660895.13
ONE_BOOK,2021-10-11,532487.14,11,13,121783.95,654271.09
ONE_BOOK,2021-10-12,529794.69,11,13,121791.59,651586.28
ONE_BOOK,2021-10-13,529968.03,11,13,121799.22,651767.25
ONE_BOOK,2021-10-14,536221.96,11,13,121806.86,658028.82
ONE_BOOK,2021-10-15,535010.41,11,13,121814.5,656824.91
ONE_BOOK,2021-10-18,537454.08,11,13,121822.13,659276.22
ONE_BOOK,2021-10-19,539757.42,11,13,121829.77,661587.2
ONE_BOOK,2021-10-20,545258.7,11,13,121837.41,667096.11
ONE_BOOK,2021-10-21,540664.9,11,13,121845.05,662509.95
ONE_BOOK,2021-10-22,535283.98,11,13,118681.72,653965.7
ONE_BOOK,2021-10-25,535733.01,11,13,118689.16,654422.17
ONE_BOOK,2021-10-26,536852.18,11,13,118696.6,655548.78
ONE_BOOK,2021-10-27,527747.31,11,13,118704.04,646451.36
ONE_BOOK,2021-10-28,534899.86,11,13,118711.49,653611.34
ONE_BOOK,2021-10-29,530043.38,11,13,118718.93,648762.31
ONE_BOOK,2021-11-01,538801.54,10,12,61801.83,600603.38
ONE_BOOK,2021-11-02,536909.6,11,13,115821.91,652731.51
ONE_BOOK,2021-11-03,544547.93,11,13,115829.17,660377.1
ONE_BOOK,2021-11-04,542353.85,11,13,115836.43,658190.29
ONE_BOOK,2021-11-05,555086.92,11,13,115843.7,670930.62
ONE_BOOK,2021-11-08,551844.26,11,13,115850.96,667695.22
ONE_BOOK,2021-11-09,551111.08,9,10,0.0,503465.81
ONE_BOOK,2021-11-10,547336.13,11,13,117100.35,664436.48
ONE_BOOK,2021-11-11,546783.83,10,13,127704.9,674488.72
ONE_BOOK,2021-11-12,548612.54,10,13,124544.01,673156.55
ONE_BOOK,2021-11-15,551721.05,10,13,124551.82,676272.87
ONE_BOOK,2021-11-16,543673.96,10,13,124559.63,668233.59
ONE_BOOK,2021-11-17,537263.86,10,13,129626.53,666890.39
ONE_BOOK,2021-11-18,528030.86,10,13,129634.65,657665.51
ONE_BOOK,2021-11-19,519438.81,10,13,129642.78,649081.6
ONE_BOOK,2021-11-22,522133.3,10,13,129650.91,651784.22
ONE_BOOK,2021-11-23,525285.34,10,13,129659.04,654944.38
ONE_BOOK,2021-11-24,526298.81,10,13,129667.17,655965.98
ONE_BOOK,2021-11-26,514257.29,10,13,129675.3,643932.59
ONE_BOOK,2021-11-29,515083.8,10,13,129683.43,644767.23
ONE_BOOK,2021-11-30,499431.96,10,13,129691.56,629123.52
ONE_BOOK,2021-12-01,492106.48,10,13,129699.69,621806.17
ONE_BOOK,2021-12-02,503871.33,10,13,129707.82,633579.16
ONE_BOOK,2021-12-03,501191.4,10,13,129715.96,630907.36
ONE_BOOK,2021-12-06,511694.84,10,13,129724.09,641418.93
ONE_BOOK,2021-12-07,522215.78,10,13,129732.22,651948.01
ONE_BOOK,2021-12-08,519321.83,10,13,129740.36,649062.19
ONE_BOOK,2021-12-09,515056.73,9,13,123037.25,638093.98
ONE_BOOK,2021-12-10,521295.65,9,13,123044.96,644340.62
ONE_BOOK,2021-12-13,514456.58,9,13,123052.68,637509.26
ONE_BOOK,2021-12-14,515363.06,9,13,123060.39,638423.46
ONE_BOOK,2021-12-15,517079.99,9,13,123068.11,640148.1
ONE_BOOK,2021-12-16,529792.7,9,13,123075.83,652868.52
ONE_BOOK,2021-12-17,525060.24,9,13,123083.54,648143.78
ONE_BOOK,2021-12-20,519873.1,9,13,122353.53,642226.63
ONE_BOOK,2021-12-21,531569.2,9,13,122361.2,653930.4
ONE_BOOK,2021-12-22,533254.83,9,13,122368.87,655623.7
ONE_BOOK,2021-12-23,535528.14,9,13,122376.54,657904.68
ONE_BOOK,2021-12-27,538893.38,9,13,122384.21,661277.6
ONE_BOOK,2021-12-28,536747.18,9,13,122391.89,659139.06
ONE_BOOK,2021-12-29,531926.53,9,13,122685.1,654611.63
ONE_BOOK,2021-12-30,536261.11,9,13,128980.88,665241.99
ONE_BOOK,2021-12-31,530993.29,9,13,126595.44,657588.73
ONE_BOOK,2022-01-03,542669.39,9,13,126603.38,669272.77
ONE_BOOK,2022-01-04,549256.64,9,13,133488.87,682745.51
ONE_BOOK,2022-01-05,544126.95,9,13,133497.24,677624.19
ONE_BOOK,2022-01-06,550164.69,8,11,20893.18,571057.88
ONE_BOOK,2022-01-07,560624.06,8,11,20894.49,581518.55
ONE_BOOK,2022-01-10,557835.57,10,13,133077.21,690912.78
ONE_BOOK,2022-01-11,563374.47,10,13,133085.56,696460.02
ONE_BOOK,2022-01-12,565069.99,10,13,134345.96,699415.95
ONE_BOOK,2022-01-13,564413.64,10,13,134354.38,698768.02
ONE_BOOK,2022-01-14,578142.03,10,13,134362.8,712504.84
ONE_BOOK,2022-01-18,567371.81,10,13,134371.23,701743.03
ONE_BOOK,2022-01-19,561802.13,9,12,77038.22,638840.35
ONE_BOOK,2022-01-20,552949.18,9,12,77043.05,629992.24
ONE_BOOK,2022-01-21,537367.44,8,10,0.0,495766.84
ONE_BOOK,2022-01-24,539704.95,6,7,0.0,331519.53
ONE_BOOK,2022-01-25,539246.19,6,7,0.0,331060.77
ONE_BOOK,2022-01-26,533441.42,7,8,0.0,379672.47
ONE_BOOK,2022-01-27,526626.62,7,9,0.0,426595.25
ONE_BOOK,2022-01-28,540365.23,11,13,102451.59,642816.82
ONE_BOOK,2022-01-31,553488.65,11,14,156240.17,709728.81
ONE_BOOK,2022-02-01,558853.75,11,14,156249.96,715103.71
ONE_BOOK,2022-02-02,557652.89,11,14,156434.89,714087.78
ONE_BOOK,2022-02-03,549377.36,11,14,156444.7,705822.06
ONE_BOOK,2022-02-04,555434.06,11,14,156454.5,711888.57
ONE_BOOK,2022-02-07,558063.18,11,14,156464.31,714527.49
ONE_BOOK,2022-02-08,563152.82,11,14,161015.93,724168.75
ONE_BOOK,2022-02-09,579888.92,11,14,161026.02,740914.94
ONE_BOOK,2022-02-10,570308.87,11,14,161036.12,731344.98
ONE_BOOK,2022-02-11,562121.31,10,13,104685.54,666806.85
ONE_BOOK,2022-02-14,554359.67,11,14,160698.57,715058.24
ONE_BOOK,2022-02-15,560543.31,11,14,160708.65,721251.96
ONE_BOOK,2022-02-16,539072.92,11,14,160718.72,699791.65
ONE_BOOK,2022-02-17,538126.68,11,13,115115.42,653242.1
ONE_BOOK,2022-02-18,534384.79,11,13,115122.64,649507.43
ONE_BOOK,2022-02-22,528357.83,10,13,113882.31,642240.14
ONE_BOOK,2022-02-23,528138.43,10,13,113889.45,642027.88
ONE_BOOK,2022-02-24,524535.24,10,13,113896.59,638431.83
ONE_BOOK,2022-02-25,540139.87,10,13,113903.73,654043.6
ONE_BOOK,2022-02-28,538730.96,10,13,113910.87,652641.83
ONE_BOOK,2022-03-01,537570.42,9,12,55378.93,592949.35
ONE_BOOK,2022-03-02,549221.41,9,13,109610.01,658831.42
ONE_BOOK,2022-03-03,551474.47,9,14,164815.81,716290.28
ONE_BOOK,2022-03-04,554306.26,9,14,164826.93,719133.19
ONE_BOOK,2022-03-07,548764.96,9,14,164838.05,713603.01
ONE_BOOK,2022-03-08,539137.37,9,14,161062.99,700200.36
ONE_BOOK,2022-03-09,545505.82,6,10,0.0,477051.29
ONE_BOOK,2022-03-10,547820.9,7,11,0.0,532365.99
ONE_BOOK,2022-03-11,541058.0,8,12,39569.67,580627.67
ONE_BOOK,2022-03-14,531313.19,7,12,36225.99,567539.18
ONE_BOOK,2022-03-15,543868.76,7,11,0.0,520911.21
ONE_BOOK,2022-03-16,560583.98,10,14,143117.15,703701.13
ONE_BOOK,2022-03-17,567827.88,10,14,143126.8,710954.68
ONE_BOOK,2022-03-18,575729.36,10,14,143136.46,718865.81
ONE_BOOK,2022-03-21,567276.88,10,14,143146.11,710423.0
ONE_BOOK,2022-03-22,576496.93,10,13,94692.67,671189.6
ONE_BOOK,2022-03-23,571634.8,11,14,152271.96,723906.76
ONE_BOOK,2022-03-24,574496.61,9,11,0.0,569633.22
ONE_BOOK,2022-03-25,580847.77,12,14,167590.12,748437.89
ONE_BOOK,2022-03-28,578379.62,12,14,167601.43,745981.05
ONE_BOOK,2022-03-29,588794.34,10,12,49793.87,638588.21
ONE_BOOK,2022-03-30,579238.11,12,14,167125.63,746363.74
ONE_BOOK,2022-03-31,571887.89,12,14,168365.34,740253.23
ONE_BOOK,2022-04-01,574640.22,10,10,0.0,573703.54
ONE_BOOK,2022-04-04,578281.02,10,10,0.0,577344.34
ONE_BOOK,2022-04-05,566227.35,9,9,0.0,506587.5
ONE_BOOK,2022-04-06,564135.27,9,9,0.0,504495.42
ONE_BOOK,2022-04-07,562978.0,9,9,0.0,503338.15
ONE_BOOK,2022-04-08,570500.84,10,10,0.0,565322.51
ONE_BOOK,2022-04-11,555936.84,13,13,164407.66,720344.5
ONE_BOOK,2022-04-12,560684.85,12,13,160232.74,720917.58
ONE_BOOK,2022-04-13,570170.94,11,13,156942.97,727113.92
ONE_BOOK,2022-04-14,567299.29,11,13,156954.37,724253.66
ONE_BOOK,2022-04-18,571470.3,11,13,156965.77,728436.07
ONE_BOOK,2022-04-19,573863.89,11,13,156977.17,730841.06
ONE_BOOK,2022-04-20,575785.39,11,13,156988.57,732773.95
ONE_BOOK,2022-04-21,554031.51,11,13,156999.97,711031.48
ONE_BOOK,2022-04-22,537195.27,11,13,157011.37,694206.64
ONE_BOOK,2022-04-25,527682.49,11,13,157022.77,684705.26
ONE_BOOK,2022-04-26,522846.36,11,13,157034.17,679880.53
ONE_BOOK,2022-04-27,523695.96,10,12,95969.48,619665.44
ONE_BOOK,2022-04-28,536050.01,10,12,95976.45,632026.46
ONE_BOOK,2022-04-29,515652.45,11,13,149599.73,665252.18
ONE_BOOK,2022-05-02,525387.19,11,13,149613.15,675000.33
ONE_BOOK,2022-05-03,534950.92,11,13,149626.56,684577.48
ONE_BOOK,2022-05-04,559629.59,11,13,149639.98,709269.58
ONE_BOOK,2022-05-05,544500.14,11,13,149653.4,694153.54
ONE_BOOK,2022-05-06,550404.84,10,12,98317.51,648722.35
ONE_BOOK,2022-05-09,513471.92,10,13,152167.13,665639.05
ONE_BOOK,2022-05-10,517765.53,10,13,145307.11,663072.64
ONE_BOOK,2022-05-11,519604.33,10,13,145320.14,664924.47
ONE_BOOK,2022-05-12,517134.71,10,13,145333.17,662467.89
ONE_BOOK,2022-05-13,542834.93,10,13,145346.21,688181.14
ONE_BOOK,2022-05-16,547723.55,10,13,144696.77,692420.32
ONE_BOOK,2022-05-17,562078.81,10,13,144709.75,706788.55
ONE_BOOK,2022-05-18,536020.92,10,13,144722.73,680743.65
ONE_BOOK,2022-05-19,522163.85,7,12,81104.98,603268.83
ONE_BOOK,2022-05-20,516486.04,8,13,133592.43,650078.46
ONE_BOOK,2022-05-23,526035.97,8,13,133604.41,659640.38
ONE_BOOK,2022-05-24,521668.86,8,13,133616.39,655285.25
ONE_BOOK,2022-05-25,528511.0,8,13,133628.38,662139.37
ONE_BOOK,2022-05-26,545187.78,8,13,133640.36,678828.14
ONE_BOOK,2022-05-27,553883.89,8,13,133652.34,687536.23
ONE_BOOK,2022-05-31,548995.64,8,13,133664.33,682659.98
ONE_BOOK,2022-06-01,547855.28,8,13,132613.36,680468.64
ONE_BOOK,2022-06-02,549529.14,7,12,77966.56,627495.7
ONE_BOOK,2022-06-03,539584.12,8,13,132381.6,671965.72
ONE_BOOK,2022-06-06,544775.02,7,12,76071.48,620846.5
ONE_BOOK,2022-06-07,548739.36,7,12,76079.6,624818.96
ONE_BOOK,2022-06-08,546452.04,8,13,130790.44,677242.47
ONE_BOOK,2022-06-09,532811.55,8,13,130804.4,663615.94
ONE_BOOK,2022-06-10,521164.62,7,12,79402.61,600567.23
ONE_BOOK,2022-06-13,503157.71,7,12,79411.09,582568.8
ONE_BOOK,2022-06-14,503269.37,7,12,79419.57,582688.94
ONE_BOOK,2022-06-15,512924.81,7,12,79428.04,592352.85
ONE_BOOK,2022-06-16,494826.65,7,12,79436.52,574263.17
ONE_BOOK,2022-06-17,497644.64,7,12,79445.0,577089.64
ONE_BOOK,2022-06-21,516106.35,7,12,79453.48,595559.83
ONE_BOOK,2022-06-22,513801.34,8,13,130517.75,644319.08
ONE_BOOK,2022-06-23,515921.6,8,13,130531.68,646453.28
ONE_BOOK,2022-06-24,534136.35,8,13,130545.61,664681.96
ONE_BOOK,2022-06-27,534355.77,8,13,130559.55,664915.31
ONE_BOOK,2022-06-28,520747.85,7,13,130721.8,651469.65
ONE_BOOK,2022-06-29,515242.55,7,13,130735.75,645978.3
ONE_BOOK,2022-06-30,507397.96,7,13,130749.71,638147.67
ONE_BOOK,2022-07-01,510814.51,8,13,123926.31,634740.83
ONE_BOOK,2022-07-05,507225.23,8,13,123941.8,631167.04
ONE_BOOK,2022-07-06,506945.67,8,13,123957.3,630902.97
ONE_BOOK,2022-07-07,518794.92,8,13,123972.79,642767.71
ONE_BOOK,2022-07-08,520529.64,8,13,123988.29,644517.93
ONE_BOOK,2022-07-11,511408.39,8,13,124003.79,635412.18
ONE_BOOK,2022-07-12,509931.79,8,13,124019.29,633951.08
ONE_BOOK,2022-07-13,506639.93,8,13,124034.79,630674.71
ONE_BOOK,2022-07-14,505192.52,8,13,124050.29,629242.82
ONE_BOOK,2022-07-15,518545.94,8,13,124065.8,642611.74
ONE_BOOK,2022-07-18,515988.61,8,13,124081.31,640069.91
ONE_BOOK,2022-07-19,535159.03,8,13,124096.82,659255.84
ONE_BOOK,2022-07-20,537552.63,8,13,124112.33,661664.96
ONE_BOOK,2022-07-21,546152.89,9,13,132439.84,678592.73
ONE_BOOK,2022-07-22,539238.1,9,13,132456.39,671694.49
ONE_BOOK,2022-07-25,539041.41,8,13,148638.24,687679.64
ONE_BOOK,2022-07-26,528733.31,8,13,148656.81,677390.12
ONE_BOOK,2022-07-27,553112.39,8,12,98085.16,651197.55
ONE_BOOK,2022-07-28,562617.43,9,13,153693.12,716310.55
ONE_BOOK,2022-07-29,572350.01,9,13,153712.34,726062.34
ONE_BOOK,2022-08-01,564398.98,9,13,153735.7,718134.68
ONE_BOOK,2022-08-02,559105.82,10,12,110035.68,669141.5
ONE_BOOK,2022-08-03,573983.45,9,13,167740.84,741724.29
ONE_BOOK,2022-08-04,579312.32,9,13,167766.34,747078.66
ONE_BOOK,2022-08-05,576928.03,9,13,167791.84,744719.87
ONE_BOOK,2022-08-08,581972.36,9,13,167817.34,749789.69
ONE_BOOK,2022-08-09,577364.38,9,13,167842.84,745207.22
ONE_BOOK,2022-08-10,593041.72,9,13,167868.35,760910.08
ONE_BOOK,2022-08-11,586993.46,9,13,167893.87,754887.33
ONE_BOOK,2022-08-12,599014.28,9,13,167919.38,766933.66
ONE_BOOK,2022-08-15,602920.24,9,13,167944.9,770865.15
ONE_BOOK,2022-08-16,606115.21,9,13,167970.43,774085.64
ONE_BOOK,2022-08-17,593706.16,8,12,106187.75,699893.91
ONE_BOOK,2022-08-18,591526.39,8,12,106203.89,697730.28
ONE_BOOK,2022-08-19,577005.82,10,13,162343.47,739349.29
ONE_BOOK,2022-08-22,562971.39,9,12,98510.17,661481.56
ONE_BOOK,2022-08-23,570134.45,9,12,98525.14,668659.59
ONE_BOOK,2022-08-24,576690.48,9,12,98540.12,675230.6
ONE_BOOK,2022-08-25,588523.08,9,12,98555.09,687078.17
ONE_BOOK,2022-08-26,564457.07,10,13,157447.22,721904.29
ONE_BOOK,2022-08-29,561031.03,9,12,95846.93,656877.96
ONE_BOOK,2022-08-30,552249.14,9,12,95861.49,648110.64
ONE_BOOK,2022-08-31,544424.58,9,12,95876.06,640300.64
ONE_BOOK,2022-09-01,545824.2,8,11,33503.93,579328.13
ONE_BOOK,2022-09-02,540565.83,9,12,88710.09,629275.92
ONE_BOOK,2022-09-06,542965.56,9,12,88724.46,631690.02
ONE_BOOK,2022-09-07,564247.59,9,13,143295.14,707542.73
ONE_BOOK,2022-09-08,569586.33,9,13,143318.34,712904.67
ONE_BOOK,2022-09-09,579813.72,9,13,143341.55,723155.27
ONE_BOOK,2022-09-12,587939.2,9,13,143364.75,731303.95
ONE_BOOK,2022-09-13,555851.47,9,13,143387.96,699239.43
ONE_BOOK,2022-09-14,560894.56,8,11,33664.54,594559.1
ONE_BOOK,2022-09-15,561834.18,10,13,145294.18,707128.36
ONE_BOOK,2022-09-16,549517.51,10,13,145317.7,694835.21
ONE_BOOK,2022-09-19,555399.96,10,13,145341.23,700741.18
ONE_BOOK,2022-09-20,544433.34,10,13,145364.76,689798.1
ONE_BOOK,2022-09-21,527324.89,10,13,145388.3,672713.19
ONE_BOOK,2022-09-22,515378.11,10,13,145411.83,660789.94
ONE_BOOK,2022-09-23,499797.17,10,13,145435.38,645232.55
ONE_BOOK,2022-09-26,486570.0,10,13,145458.92,632028.93
ONE_BOOK,2022-09-27,496399.68,10,13,145482.47,641882.15
ONE_BOOK,2022-09-28,511322.81,10,13,145506.03,656828.84
ONE_BOOK,2022-09-29,496220.38,10,13,145529.59,641749.97
ONE_BOOK,2022-09-30,487864.63,10,13,145553.15,633417.78
ONE_BOOK,2022-10-03,498784.1,10,13,145579.6,644363.7
ONE_BOOK,2022-10-04,530853.61,10,13,145606.06,676459.67
ONE_BOOK,2022-10-05,532000.14,10,13,145632.52,677632.66
ONE_BOOK,2022-10-06,531823.82,10,13,145658.99,677482.81
ONE_BOOK,2022-10-07,519971.9,10,13,145685.47,665657.36
ONE_BOOK,2022-10-10,511074.55,10,13,145711.94,656786.49
ONE_BOOK,2022-10-11,510144.76,10,13,145738.43,655883.19
ONE_BOOK,2022-10-12,511175.02,10,13,145764.91,656939.94
ONE_BOOK,2022-10-13,527370.78,10,13,145791.41,673162.19
ONE_BOOK,2022-10-14,516079.94,10,13,145817.9,661897.84
ONE_BOOK,2022-10-17,523974.88,10,13,132367.35,656342.23
ONE_BOOK,2022-10-18,532684.54,10,13,132391.41,665075.94
ONE_BOOK,2022-10-19,539112.86,10,13,132415.47,671528.33
ONE_BOOK,2022-10-20,533652.83,10,13,132439.54,666092.37
ONE_BOOK,2022-10-21,548320.88,11,13,132602.79,680923.66
ONE_BOOK,2022-10-24,554726.5,11,13,132626.89,687353.39
ONE_BOOK,2022-10-25,565803.58,11,13,132650.99,698454.57
ONE_BOOK,2022-10-26,563643.78,11,13,132675.1,696318.88
ONE_BOOK,2022-10-27,557487.54,11,13,132699.21,690186.75
ONE_BOOK,2022-10-28,568041.69,10,13,140089.46,708131.15
ONE_BOOK,2022-10-31,562891.84,10,13,140114.92,703006.77
ONE_BOOK,2022-11-01,561148.69,10,13,140144.17,701292.86
ONE_BOOK,2022-11-02,539756.07,10,13,140173.42,679929.5
ONE_BOOK,2022-11-03,523451.89,8,10,0.0,486098.54
ONE_BOOK,2022-11-04,531893.85,8,11,15631.16,547525.01
ONE_BOOK,2022-11-07,538688.08,9,12,69099.34,607787.42
ONE_BOOK,2022-11-08,547338.57,10,13,123319.16,670657.73
ONE_BOOK,2022-11-09,530548.75,10,13,123344.9,653893.65
ONE_BOOK,2022-11-10,566534.34,8,11,6246.99,572781.34
ONE_BOOK,2022-11-11,577112.94,9,13,119756.03,696868.97
ONE_BOOK,2022-11-14,569473.69,9,13,119781.03,689254.72
ONE_BOOK,2022-11-15,579581.25,9,13,119806.03,699387.28
ONE_BOOK,2022-11-16,560668.28,9,13,119831.04,680499.32
ONE_BOOK,2022-11-17,551990.04,7,9,0.0,458827.29
ONE_BOOK,2022-11-18,553537.34,7,9,0.0,460374.59
ONE_BOOK,2022-11-21,551987.43,8,10,0.0,514091.05
ONE_BOOK,2022-11-22,559732.98,8,10,0.0,521836.59
ONE_BOOK,2022-11-23,562412.3,9,11,18090.14,580502.43
ONE_BOOK,2022-11-25,556834.22,11,13,129721.51,686555.73
ONE_BOOK,2022-11-28,552589.48,11,13,129748.58,682338.06
ONE_BOOK,2022-11-29,551123.22,11,13,129775.66,680898.88
ONE_BOOK,2022-11-30,564242.84,11,13,129802.75,694045.59
ONE_BOOK,2022-12-01,563154.04,11,13,129831.55,692985.59
ONE_BOOK,2022-12-02,560286.08,11,13,129860.35,690146.43
ONE_BOOK,2022-12-05,549018.43,10,12,83697.29,632715.72
ONE_BOOK,2022-12-06,544595.94,8,11,23585.24,568181.18
ONE_BOOK,2022-12-07,540611.63,8,11,23590.47,564202.1
ONE_BOOK,2022-12-08,539768.09,8,11,23595.7,563363.79
ONE_BOOK,2022-12-09,537911.01,8,11,23600.94,561511.95
ONE_BOOK,2022-12-12,551914.33,7,10,0.0,516144.34
ONE_BOOK,2022-12-13,541754.48,10,13,133301.22,675055.71
ONE_BOOK,2022-12-14,541155.74,10,13,133330.79,674486.53
ONE_BOOK,2022-12-15,520835.79,10,13,133360.37,654196.16
ONE_BOOK,2022-12-16,516114.76,9,13,126297.62,642412.39
ONE_BOOK,2022-12-19,500942.85,9,13,126325.64,627268.49
ONE_BOOK,2022-12-20,499333.09,9,13,126353.66,625686.76
ONE_BOOK,2022-12-21,508579.51,9,13,126381.69,634961.21
ONE_BOOK,2022-12-22,494545.77,9,13,126409.73,620955.5
ONE_BOOK,2022-12-23,501096.55,9,13,126437.77,627534.32
ONE_BOOK,2022-12-27,495453.23,9,13,126465.81,621919.04
ONE_BOOK,2022-12-28,484248.06,9,13,126493.87,610741.93
ONE_BOOK,2022-12-29,500672.68,9,13,126521.93,627194.61
ONE_BOOK,2022-12-30,499818.35,9,13,126549.99,626368.34
ONE_BOOK,2023-01-03,502198.84,9,13,126579.27,628778.11
ONE_BOOK,2023-01-04,519601.43,9,13,126608.55,646209.98
ONE_BOOK,2023-01-05,518911.23,9,13,126637.84,645549.08
ONE_BOOK,2023-01-06,536972.73,9,13,126667.14,663639.88
ONE_BOOK,2023-01-09,545616.55,9,13,126696.45,672312.99
ONE_BOOK,2023-01-10,559693.01,9,13,126725.76,686418.77
ONE_BOOK,2023-01-11,566300.82,9,13,126755.08,693055.89
ONE_BOOK,2023-01-12,585971.65,9,13,126784.4,712756.05
ONE_BOOK,2023-01-13,589587.45,9,13,126813.73,716401.18
ONE_BOOK,2023-01-17,586777.0,9,13,126843.07,713620.07
ONE_BOOK,2023-01-18,571464.66,9,13,130730.65,702195.31
ONE_BOOK,2023-01-19,563340.44,8,11,32028.96,595369.4
ONE_BOOK,2023-01-20,575093.12,10,13,145179.73,720272.84
ONE_BOOK,2023-01-23,585449.17,10,13,145213.32,730662.48
ONE_BOOK,2023-01-24,579481.62,10,13,145246.91,724728.54
ONE_BOOK,2023-01-25,581792.94,9,11,21549.48,603342.42
ONE_BOOK,2023-01-26,592040.07,10,12,80522.31,672562.38
ONE_BOOK,2023-01-27,602214.77,10,13,139785.68,742000.46
ONE_BOOK,2023-01-30,585936.5,10,13,139818.02,725754.53
ONE_BOOK,2023-01-31,598518.32,10,13,139850.37,738368.69
ONE_BOOK,2023-02-01,602912.11,10,13,139884.06,742796.16
ONE_BOOK,2023-02-02,617234.45,10,13,139917.75,757152.2
ONE_BOOK,2023-02-03,608931.93,10,13,139951.45,748883.38
ONE_BOOK,2023-02-06,601829.32,10,13,139985.16,741814.48
ONE_BOOK,2023-02-07,613387.9,10,13,138922.02,752309.92
ONE_BOOK,2023-02-08,601037.65,10,13,125890.96,726928.61
ONE_BOOK,2023-02-09,600526.23,10,13,125921.29,726447.51
ONE_BOOK,2023-02-10,604371.35,10,13,125951.62,730322.96
ONE_BOOK,2023-02-13,604690.84,10,13,125981.96,730672.79
ONE_BOOK,2023-02-14,608481.82,10,13,126012.3,734494.12
ONE_BOOK,2023-02-15,612382.12,10,13,126042.66,738424.77
ONE_BOOK,2023-02-16,599912.14,10,13,126073.02,725985.16
ONE_BOOK,2023-02-17,593674.36,10,14,158540.41,752214.77
ONE_BOOK,2023-02-21,584043.02,10,14,158578.6,742621.62
ONE_BOOK,2023-02-22,587965.38,9,12,48656.24,636621.62
ONE_BOOK,2023-02-23,592762.23,11,14,167965.15,760727.38
ONE_BOOK,2023-02-24,600015.81,11,14,168005.61,768021.42
ONE_BOOK,2023-02-27,595806.61,11,14,168046.08,763852.69
ONE_BOOK,2023-02-28,588696.25,11,14,168086.55,756782.81
ONE_BOOK,2023-03-01,588579.23,11,14,168127.58,756706.81
ONE_BOOK,2023-03-02,594032.04,11,14,168168.61,762200.65
ONE_BOOK,2023-03-03,606101.72,11,14,168209.65,774311.37
ONE_BOOK,2023-03-06,598525.0,11,14,168250.7,766775.7
ONE_BOOK,2023-03-07,583926.81,11,14,168291.76,752218.57
ONE_BOOK,2023-03-08,586684.17,11,14,164175.12,750859.3
ONE_BOOK,2023-03-09,563154.75,11,14,164215.19,727369.94
ONE_BOOK,2023-03-10,543616.67,11,14,164255.26,707871.94
ONE_BOOK,2023-03-13,529778.5,10,13,110830.44,640608.94
ONE_BOOK,2023-03-14,539534.34,10,13,110857.49,650391.83
ONE_BOOK,2023-03-15,526989.8,10,13,110884.54,637874.34
ONE_BOOK,2023-03-16,539132.83,10,13,110911.6,650044.43
ONE_BOOK,2023-03-17,530098.28,10,13,110938.67,641036.95
ONE_BOOK,2023-03-20,538533.89,10,13,110965.74,649499.63
ONE_BOOK,2023-03-21,555394.5,10,13,110992.82,666387.33
ONE_BOOK,2023-03-22,534561.51,11,14,160826.61,695388.12
ONE_BOOK,2023-03-23,529756.17,11,14,160865.86,690622.03
ONE_BOOK,2023-03-24,531356.5,10,13,107581.05,638937.55
ONE_BOOK,2023-03-27,538277.22,10,13,107607.3,645884.53
ONE_BOOK,2023-03-28,542285.69,10,13,107633.56,649919.25
ONE_BOOK,2023-03-29,551607.84,11,14,162541.28,714149.12
ONE_BOOK,2023-03-30,550947.32,11,14,162580.94,713528.26
ONE_BOOK,2023-03-31,562057.19,11,14,162620.62,724677.82
ONE_BOOK,2023-04-03,569088.65,11,14,162661.47,731750.12
ONE_BOOK,2023-04-04,564111.15,11,14,162702.33,726813.47
ONE_BOOK,2023-04-05,558574.77,8,10,0.0,507733.1
ONE_BOOK,2023-04-06,559593.2,9,11,4762.11,564355.31
ONE_BOOK,2023-04-10,568178.82,9,11,4763.31,572942.13
ONE_BOOK,2023-04-11,567232.77,9,11,4764.51,571997.27
ONE_BOOK,2023-04-12,558233.81,9,11,4765.7,562999.51
ONE_BOOK,2023-04-13,563844.07,8,10,0.0,512023.55
ONE_BOOK,2023-04-14,560760.43,10,13,117630.94,678391.37
ONE_BOOK,2023-04-17,569653.4,10,13,117660.49,687313.89
ONE_BOOK,2023-04-18,571827.02,10,13,117690.04,689517.06
ONE_BOOK,2023-04-19,574074.87,10,13,117719.6,691794.48
ONE_BOOK,2023-04-20,567136.28,10,13,117749.17,684885.46
ONE_BOOK,2023-04-21,566280.11,10,13,115729.42,682009.53
ONE_BOOK,2023-04-24,559933.99,10,13,115758.49,675692.48
ONE_BOOK,2023-04-25,540227.7,9,11,12114.48,552342.19
ONE_BOOK,2023-04-26,535388.82,9,12,65955.93,601344.75
ONE_BOOK,2023-04-27,566138.28,10,13,120855.1,686993.38
ONE_BOOK,2023-04-28,580084.79,10,13,120885.45,700970.25
ONE_BOOK,2023-05-01,573097.36,10,13,120916.87,694014.24
ONE_BOOK,2023-05-02,555383.05,10,13,120948.3,676331.36
ONE_BOOK,2023-05-03,542777.02,10,13,120979.74,663756.76
ONE_BOOK,2023-05-04,532522.0,10,13,117831.38,650353.39
ONE_BOOK,2023-05-05,554518.21,10,13,111746.07,666264.29
ONE_BOOK,2023-05-08,555698.59,11,14,167864.42,723563.01
ONE_BOOK,2023-05-09,544309.09,10,13,109997.84,654306.93
ONE_BOOK,2023-05-10,541154.78,10,14,165207.89,706362.67
ONE_BOOK,2023-05-11,534353.96,9,13,113771.74,648125.7
ONE_BOOK,2023-05-12,540309.48,9,13,113801.31,654110.79
ONE_BOOK,2023-05-15,565374.33,9,13,113830.89,679205.22
ONE_BOOK,2023-05-16,557699.48,9,13,113860.48,671559.96
ONE_BOOK,2023-05-17,575547.58,9,13,113890.07,689437.66
ONE_BOOK,2023-05-18,591104.81,10,14,171517.23,762622.04
ONE_BOOK,2023-05-19,580829.63,10,14,171561.81,752391.44
ONE_BOOK,2023-05-22,579447.83,9,13,117325.61,696773.44
ONE_BOOK,2023-05-23,572764.1,9,13,117356.1,690120.21
ONE_BOOK,2023-05-24,561090.81,9,12,48018.03,609108.84
ONE_BOOK,2023-05-25,555802.79,10,13,103829.77,659632.55
ONE_BOOK,2023-05-26,560191.09,10,14,159724.84,719915.93
ONE_BOOK,2023-05-30,559347.4,10,14,159766.35,719113.76
ONE_BOOK,2023-05-31,544575.58,10,14,159807.88,704383.46
ONE_BOOK,2023-06-01,552655.13,10,14,159849.61,712504.73
ONE_BOOK,2023-06-02,576301.65,10,14,159891.34,736192.99
ONE_BOOK,2023-06-05,574874.44,10,14,159933.09,734807.54
ONE_BOOK,2023-06-06,588329.2,10,14,159974.85,748304.05
ONE_BOOK,2023-06-07,606169.31,10,14,160016.63,766185.93
ONE_BOOK,2023-06-08,609609.85,10,14,160058.41,769668.26
ONE_BOOK,2023-06-09,606874.88,9,13,110727.6,717602.47
ONE_BOOK,2023-06-12,604313.29,9,13,110756.51,715069.8
ONE_BOOK,2023-06-13,608598.51,10,14,171795.73,780394.24
ONE_BOOK,2023-06-14,603362.89,10,14,171840.59,775203.47
ONE_BOOK,2023-06-15,608702.46,10,14,171885.46,780587.91
ONE_BOOK,2023-06-16,604697.3,10,13,129343.38,734040.68
ONE_BOOK,2023-06-20,597226.06,10,13,129377.15,726603.21
ONE_BOOK,2023-06-21,596855.74,10,13,129410.93,726266.68
ONE_BOOK,2023-06-22,588244.41,9,12,81766.54,670010.96
ONE_BOOK,2023-06-23,582777.39,10,13,140088.35,722865.73
ONE_BOOK,2023-06-26,588203.24,10,13,140124.93,728328.17
ONE_BOOK,2023-06-27,596209.65,10,13,140161.51,736371.17
ONE_BOOK,2023-06-28,599206.2,10,13,140198.11,739404.31
ONE_BOOK,2023-06-29,606090.83,10,13,140234.72,746325.55
ONE_BOOK,2023-06-30,609125.62,10,13,140271.34,749396.96
ONE_BOOK,2023-07-03,615464.3,10,13,140308.19,755772.49
ONE_BOOK,2023-07-05,612150.29,10,13,140345.04,752495.34
ONE_BOOK,2023-07-06,600032.71,10,13,140381.91,740414.63
ONE_BOOK,2023-07-07,607635.45,9,13,137904.52,745539.96
ONE_BOOK,2023-07-10,613365.29,9,13,137940.74,751306.03
ONE_BOOK,2023-07-11,625131.6,9,13,137976.98,763108.58
ONE_BOOK,2023-07-12,633927.92,9,13,138013.23,771941.14
ONE_BOOK,2023-07-13,641197.01,9,13,138049.48,779246.49
ONE_BOOK,2023-07-14,631215.85,9,13,138085.75,769301.6
ONE_BOOK,2023-07-17,634181.65,10,13,152792.01,786973.67
ONE_BOOK,2023-07-18,657473.72,10,13,154835.33,812309.05
ONE_BOOK,2023-07-19,661951.78,10,13,154876.01,816827.79
ONE_BOOK,2023-07-20,663742.45,10,13,154916.69,818659.14
ONE_BOOK,2023-07-21,663999.72,10,13,154957.39,818957.11
ONE_BOOK,2023-07-24,666350.12,10,13,152423.34,818773.46
ONE_BOOK,2023-07-25,662197.48,10,13,156931.54,819129.02
ONE_BOOK,2023-07-26,664431.34,9,11,34409.61,698840.95
ONE_BOOK,2023-07-27,658002.6,9,11,34418.64,692421.24
ONE_BOOK,2023-07-28,663953.09,10,12,111846.36,775799.45
ONE_BOOK,2023-07-31,668665.32,12,13,182224.47,850889.79
ONE_BOOK,2023-08-01,655640.78,11,13,180312.02,835952.81
ONE_BOOK,2023-08-02,639728.82,11,13,180360.89,820089.72
ONE_BOOK,2023-08-03,635493.08,10,13,178022.4,813515.48
ONE_BOOK,2023-08-04,627693.43,10,13,178070.65,805764.09
ONE_BOOK,2023-08-07,640496.38,10,13,175800.06,816296.44
ONE_BOOK,2023-08-08,631222.25,10,13,175847.71,807069.96
ONE_BOOK,2023-08-09,619441.87,9,12,105883.5,725325.37
ONE_BOOK,2023-08-10,614073.29,9,13,168298.98,782372.26
ONE_BOOK,2023-08-11,604859.32,9,13,168344.59,773203.91
ONE_BOOK,2023-08-14,613107.84,9,13,168390.22,781498.06
ONE_BOOK,2023-08-15,606527.24,9,13,168435.86,774963.1
ONE_BOOK,2023-08-16,593192.86,9,13,168481.51,761674.37
ONE_BOOK,2023-08-17,586245.23,9,13,168527.17,754772.4
ONE_BOOK,2023-08-18,591318.17,9,13,168572.85,759891.01
ONE_BOOK,2023-08-21,596362.67,9,13,168618.54,764981.21
ONE_BOOK,2023-08-22,591801.95,9,13,168664.24,760466.18
ONE_BOOK,2023-08-23,606202.65,9,13,168709.95,774912.6
ONE_BOOK,2023-08-24,582299.0,9,13,168755.68,751054.68
ONE_BOOK,2023-08-25,591463.07,9,13,168801.41,760264.49
ONE_BOOK,2023-08-28,591586.95,9,13,168847.16,760434.11
ONE_BOOK,2023-08-29,602816.47,9,13,168892.93,771709.4
ONE_BOOK,2023-08-30,602226.35,9,13,168938.7,771165.05
ONE_BOOK,2023-08-31,597382.52,9,13,168984.49,766367.01
ONE_BOOK,2023-09-01,604162.93,9,13,169030.29,773193.22
ONE_BOOK,2023-09-05,604796.26,9,13,169076.1,773872.37
ONE_BOOK,2023-09-06,602242.55,9,13,169121.93,771364.48
ONE_BOOK,2023-09-07,596838.67,9,13,169167.77,766006.43
ONE_BOOK,2023-09-08,599559.34,9,13,169213.62,768772.95
ONE_BOOK,2023-09-11,600976.76,9,13,169259.48,770236.24
ONE_BOOK,2023-09-12,585196.79,9,13,169305.35,754502.15
ONE_BOOK,2023-09-13,584584.42,9,13,169351.24,753935.66
ONE_BOOK,2023-09-14,596231.46,9,13,169397.14,765628.59
ONE_BOOK,2023-09-15,584494.83,9,13,169443.05,753937.88
ONE_BOOK,2023-09-18,582513.71,9,13,169488.98,752002.68
ONE_BOOK,2023-09-19,583562.39,9,13,169534.91,753097.3
ONE_BOOK,2023-09-20,577473.91,9,13,169580.86,747054.77
ONE_BOOK,2023-09-21,562321.71,9,13,169626.82,731948.54
ONE_BOOK,2023-09-22,555539.71,9,13,169672.8,725212.5
ONE_BOOK,2023-09-25,554572.16,8,12,109610.42,664182.58
ONE_BOOK,2023-09-26,544333.67,8,12,109640.13,653973.8
ONE_BOOK,2023-09-27,550490.35,8,12,109669.84,660160.19
ONE_BOOK,2023-09-28,566152.09,8,12,109699.57,675851.66
ONE_BOOK,2023-09-29,556596.16,8,13,167021.84,723618.0
ONE_BOOK,2023-10-02,550470.83,7,13,164955.15,715425.99
ONE_BOOK,2023-10-03,534140.48,7,13,164999.86,699140.34
ONE_BOOK,2023-10-04,534548.26,7,12,115519.43,650067.69
ONE_BOOK,2023-10-05,532084.56,7,12,115550.74,647635.31
ONE_BOOK,2023-10-06,539120.13,7,12,115582.06,654702.19
ONE_BOOK,2023-10-09,542018.62,7,12,115613.39,657632.0
ONE_BOOK,2023-10-10,546687.53,7,12,115644.72,662332.25
ONE_BOOK,2023-10-11,545200.99,7,12,115676.07,660877.06
ONE_BOOK,2023-10-12,539505.0,7,12,115707.42,655212.42
ONE_BOOK,2023-10-13,537633.29,7,12,115738.78,653372.06
ONE_BOOK,2023-10-16,545647.02,7,12,115770.15,661417.17
ONE_BOOK,2023-10-17,550091.94,7,12,115801.52,665893.46
ONE_BOOK,2023-10-18,538640.47,7,12,115832.91,654473.38
ONE_BOOK,2023-10-19,533350.1,7,12,115864.3,649214.41
ONE_BOOK,2023-10-20,525035.05,7,11,55940.6,580975.65
ONE_BOOK,2023-10-23,523855.82,7,12,108259.03,632114.85
ONE_BOOK,2023-10-24,525058.29,7,12,108288.37,633346.66
ONE_BOOK,2023-10-25,520124.39,7,12,108317.72,628442.11
ONE_BOOK,2023-10-26,516391.43,6,11,50358.28,566749.7
ONE_BOOK,2023-10-27,510736.91,8,13,154904.21,665641.13
ONE_BOOK,2023-10-30,516199.38,7,12,103599.2,619798.58
ONE_BOOK,2023-10-31,525841.06,7,12,103627.28,629468.35
ONE_BOOK,2023-11-01,529056.76,8,13,156574.13,685630.89
ONE_BOOK,2023-11-02,546178.25,8,13,156616.57,702794.81
ONE_BOOK,2023-11-03,557386.39,8,13,156659.01,714045.4
ONE_BOOK,2023-11-06,556328.89,8,13,156701.47,713030.36
ONE_BOOK,2023-11-07,554959.96,8,13,156743.94,711703.91
ONE_BOOK,2023-11-08,558106.27,8,13,156786.43,714892.7
ONE_BOOK,2023-11-09,548794.91,8,13,156828.92,705623.83
ONE_BOOK,2023-11-10,557319.25,7,12,103267.4,660586.65
ONE_BOOK,2023-11-13,559699.37,8,13,158805.51,718504.87
ONE_BOOK,2023-11-14,579266.44,8,13,158848.55,738114.99
ONE_BOOK,2023-11-15,582016.51,8,13,158891.6,740908.11
ONE_BOOK,2023-11-16,582056.54,9,13,151752.18,733808.72
ONE_BOOK,2023-11-17,585504.07,9,13,151793.31,737297.38
ONE_BOOK,2023-11-20,589348.8,8,13,154080.7,743429.5
ONE_BOOK,2023-11-21,582474.43,8,13,154122.46,736596.89
ONE_BOOK,2023-11-22,584916.25,8,13,154164.23,739080.49
ONE_BOOK,2023-11-24,586046.01,8,13,154206.02,740252.02
ONE_BOOK,2023-11-27,582922.34,7,11,48769.12,631691.46
ONE_BOOK,2023-11-28,581465.96,5,7,0.0,376071.16
ONE_BOOK,2023-11-29,593755.16,6,8,0.0,447590.91
ONE_BOOK,2023-11-30,598327.38,7,9,0.0,511604.16
ONE_BOOK,2023-12-01,607557.24,10,12,92707.58,700264.82
ONE_BOOK,2023-12-04,613296.03,11,13,153493.1,766789.13
ONE_BOOK,2023-12-05,608912.73,10,12,95583.12,704495.85
ONE_BOOK,2023-12-06,615839.22,10,13,156884.96,772724.19
ONE_BOOK,2023-12-07,624390.51,10,13,155142.63,779533.14
ONE_BOOK,2023-12-08,631363.47,11,13,167406.12,798769.6
ONE_BOOK,2023-12-11,632786.19,11,13,167451.5,800237.69
ONE_BOOK,2023-12-12,630955.74,11,13,167496.88,798452.62
ONE_BOOK,2023-12-13,650038.79,11,13,167542.28,817581.07
ONE_BOOK,2023-12-14,655733.1,11,13,167587.69,823320.79
ONE_BOOK,2023-12-15,650418.39,11,13,167633.11,818051.5
ONE_BOOK,2023-12-18,649135.72,11,13,167678.54,816814.26
ONE_BOOK,2023-12-19,661981.13,11,13,171346.0,833327.13
ONE_BOOK,2023-12-20,652612.53,11,13,177450.85,830063.38
ONE_BOOK,2023-12-21,667088.67,9,12,116647.39,783736.05
ONE_BOOK,2023-12-22,669214.24,10,13,183529.81,852744.05
ONE_BOOK,2023-12-26,673839.77,10,13,183579.55,857419.32
ONE_BOOK,2023-12-27,673016.86,9,13,194065.72,867082.58
ONE_BOOK,2023-12-28,675439.89,7,11,61806.09,737245.99
ONE_BOOK,2023-12-29,672811.66,7,11,63074.48,735886.14
ONE_BOOK,2024-01-02,690329.21,8,12,130399.44,820728.65
ONE_BOOK,2024-01-03,682537.63,9,13,199558.7,882096.33
ONE_BOOK,2024-01-04,668851.12,8,11,62326.9,731178.02
ONE_BOOK,2024-01-05,673996.24,8,10,788.53,674784.77
ONE_BOOK,2024-01-08,675583.88,8,10,788.74,676372.62
ONE_BOOK,2024-01-09,667492.75,10,11,62418.65,729911.4
ONE_BOOK,2024-01-10,670808.4,11,13,191292.77,862101.17
ONE_BOOK,2024-01-11,670874.93,11,13,191344.61,862219.54
ONE_BOOK,2024-01-12,658944.59,11,13,191396.47,850341.06
ONE_BOOK,2024-01-16,646438.82,11,13,191448.35,837887.17
ONE_BOOK,2024-01-17,640880.47,11,13,191500.24,832380.7
ONE_BOOK,2024-01-18,651122.56,11,13,191552.14,842674.7
ONE_BOOK,2024-01-19,656347.01,11,13,191604.06,847951.07
ONE_BOOK,2024-01-22,655634.54,11,13,191655.99,847290.53
ONE_BOOK,2024-01-23,664295.44,10,13,186459.87,850755.3
ONE_BOOK,2024-01-24,660931.27,10,13,186510.41,847441.67
ONE_BOOK,2024-01-25,686077.48,9,13,183996.84,870074.33
ONE_BOOK,2024-01-26,685507.9,9,13,184046.71,869554.61
ONE_BOOK,2024-01-29,685250.8,9,13,184096.6,869347.4
ONE_BOOK,2024-01-30,675850.91,9,13,184146.49,859997.4
ONE_BOOK,2024-01-31,662470.68,9,12,115072.31,777542.99
ONE_BOOK,2024-02-01,669605.51,8,11,35122.31,704727.81
ONE_BOOK,2024-02-02,662790.13,10,13,168160.08,830950.22
ONE_BOOK,2024-02-05,646932.62,10,13,168205.66,815138.28
ONE_BOOK,2024-02-06,654658.55,10,13,168251.25,822909.8
ONE_BOOK,2024-02-07,651337.64,10,13,168296.85,819634.49
ONE_BOOK,2024-02-08,654703.02,10,13,168342.46,823045.49
ONE_BOOK,2024-02-09,651371.71,10,13,168388.09,819759.8
ONE_BOOK,2024-02-12,662937.13,10,13,168433.73,831370.86
ONE_BOOK,2024-02-13,649557.05,10,13,168479.38,818036.43
ONE_BOOK,2024-02-14,655556.29,10,13,168525.04,824081.33
ONE_BOOK,2024-02-15,662877.49,9,13,163394.09,826271.58
ONE_BOOK,2024-02-16,651343.36,9,13,163438.38,814781.74
ONE_BOOK,2024-02-20,653283.04,9,13,163482.68,816765.72
ONE_BOOK,2024-02-21,657964.95,9,13,163526.99,821491.94
ONE_BOOK,2024-02-22,664461.29,9,13,163571.31,828032.6
ONE_BOOK,2024-02-23,651943.74,9,13,162254.06,814197.8
ONE_BOOK,2024-02-26,646883.11,9,13,162298.04,809181.15
ONE_BOOK,2024-02-27,652478.0,9,12,103398.74,755876.74
ONE_BOOK,2024-02-28,648231.79,10,13,168081.06,816312.85
ONE_BOOK,2024-02-29,657589.84,9,13,168245.33,825835.18
ONE_BOOK,2024-03-01,667981.27,9,13,168290.93,836272.2
ONE_BOOK,2024-03-04,654563.17,9,13,168336.55,822899.72
ONE_BOOK,2024-03-05,653000.13,9,13,168382.17,821382.3
ONE_BOOK,2024-03-06,670060.78,9,13,167345.6,837406.38
ONE_BOOK,2024-03-07,676584.26,9,13,167390.96,843975.22
ONE_BOOK,2024-03-08,682692.21,9,13,167436.33,850128.53
ONE_BOOK,2024-03-11,691534.06,9,13,167481.71,859015.77
ONE_BOOK,2024-03-12,686996.84,8,13,165137.29,852134.13
ONE_BOOK,2024-03-13,697343.89,8,13,160905.06,858248.95
ONE_BOOK,2024-03-14,683361.52,8,13,160948.67,844310.2
ONE_BOOK,2024-03-15,680639.42,8,13,160992.3,841631.72
ONE_BOOK,2024-03-18,681858.63,8,12,95957.1,777815.73
ONE_BOOK,2024-03-19,684099.87,8,13,163962.82,848062.69
ONE_BOOK,2024-03-20,716313.89,8,13,164007.26,880321.15
ONE_BOOK,2024-03-21,713854.36,8,13,164051.71,877906.07
ONE_BOOK,2024-03-22,706678.49,9,13,192644.87,899323.36
ONE_BOOK,2024-03-25,710048.26,8,11,40659.19,750707.45
ONE_BOOK,2024-03-26,707690.98,10,13,183792.54,891483.52
ONE_BOOK,2024-03-27,723532.22,10,13,183842.35,907374.57
ONE_BOOK,2024-03-28,724313.9,10,13,183892.18,908206.07
ONE_BOOK,2024-04-01,723628.44,10,13,183942.02,907570.46
ONE_BOOK,2024-04-02,708006.51,10,13,182778.33,890784.83
ONE_BOOK,2024-04-03,711980.61,10,13,182827.87,894808.47
ONE_BOOK,2024-04-04,696729.37,10,13,182877.42,879606.79
ONE_BOOK,2024-04-05,699433.52,8,11,37334.9,736768.42
ONE_BOOK,2024-04-08,707512.93,10,13,177835.26,885348.19
ONE_BOOK,2024-04-09,707166.0,10,13,177883.46,885049.45
ONE_BOOK,2024-04-10,690087.5,10,13,177931.67,868019.17
ONE_BOOK,2024-04-11,698494.86,10,12,90911.73,789406.59
ONE_BOOK,2024-04-12,678860.58,10,13,159726.42,838586.99
ONE_BOOK,2024-04-15,669166.53,10,13,159769.71,828936.24
ONE_BOOK,2024-04-16,665612.71,10,13,159813.01,825425.72
ONE_BOOK,2024-04-17,666320.72,10,13,159856.32,826177.05
ONE_BOOK,2024-04-18,666787.56,10,13,159899.65,826687.21
ONE_BOOK,2024-04-19,663234.1,10,13,159942.99,823177.08
ONE_BOOK,2024-04-22,669476.31,10,13,159986.34,829462.65
ONE_BOOK,2024-04-23,678473.88,10,13,160029.7,838503.57
ONE_BOOK,2024-04-24,684772.07,10,13,160073.07,844845.14
ONE_BOOK,2024-04-25,686539.88,10,13,160116.46,846656.34
ONE_BOOK,2024-04-26,688277.59,10,13,160159.85,848437.44
ONE_BOOK,2024-04-29,690476.1,10,13,160203.26,850679.36
ONE_BOOK,2024-04-30,668228.57,10,13,160246.68,828475.25
ONE_BOOK,2024-05-01,653536.19,10,13,160290.11,813826.3
ONE_BOOK,2024-05-02,663896.0,10,13,160333.56,824229.56
ONE_BOOK,2024-05-03,669002.56,10,13,160377.01,829379.57
ONE_BOOK,2024-05-06,675431.86,10,13,160420.48,835852.34
ONE_BOOK,2024-05-07,670776.95,10,13,158217.84,828994.79
ONE_BOOK,2024-05-08,678131.0,10,13,158260.72,836391.72
ONE_BOOK,2024-05-09,684599.25,10,13,158303.61,842902.87
ONE_BOOK,2024-05-10,691739.62,10,13,158346.52,850086.14
ONE_BOOK,2024-05-13,697064.98,10,13,158389.44,855454.42
ONE_BOOK,2024-05-14,700707.81,10,13,158432.37,859140.18
ONE_BOOK,2024-05-15,708595.6,9,13,158982.31,867577.91
ONE_BOOK,2024-05-16,716090.32,9,13,159025.4,875115.72
ONE_BOOK,2024-05-17,719873.0,9,13,159068.5,878941.49
ONE_BOOK,2024-05-20,729895.51,9,13,162025.06,891920.58
ONE_BOOK,2024-05-21,724787.81,9,13,162068.98,886856.79
ONE_BOOK,2024-05-22,723282.65,9,13,156781.38,880064.03
ONE_BOOK,2024-05-23,697092.49,9,13,156823.87,853916.36
ONE_BOOK,2024-05-24,705551.65,8,12,84940.13,790491.78
ONE_BOOK,2024-05-28,710057.67,8,12,84963.15,795020.82
ONE_BOOK,2024-05-29,700418.39,8,12,84986.18,785404.57
ONE_BOOK,2024-05-30,711181.56,8,12,85009.21,796190.76
ONE_BOOK,2024-05-31,722998.56,9,13,156378.68,879377.24
ONE_BOOK,2024-06-03,734175.66,9,13,156421.07,890596.73
ONE_BOOK,2024-06-04,748136.44,9,13,156463.46,904599.9
ONE_BOOK,2024-06-05,748968.84,9,13,156505.87,905474.71
ONE_BOOK,2024-06-06,745488.53,9,13,157874.12,903362.65
ONE_BOOK,2024-06-07,734955.48,10,13,169859.8,904815.28
ONE_BOOK,2024-06-10,735705.52,9,11,32537.85,768243.37
ONE_BOOK,2024-06-11,732456.31,9,13,179258.16,911714.47
ONE_BOOK,2024-06-12,732633.23,9,13,179306.74,911939.97
ONE_BOOK,2024-06-13,738114.86,10,13,176493.38,914608.25
ONE_BOOK,2024-06-14,735500.85,10,13,176541.22,912042.07
ONE_BOOK,2024-06-17,748511.44,10,13,176589.07,925100.5
ONE_BOOK,2024-06-18,747277.04,10,13,176636.93,923913.97
ONE_BOOK,2024-06-20,738268.79,10,13,176684.8,914953.59
ONE_BOOK,2024-06-21,738707.7,11,13,174507.91,913215.6
ONE_BOOK,2024-06-24,735985.86,11,13,174555.2,910541.06
ONE_BOOK,2024-06-25,733104.26,11,13,170207.26,903311.53
ONE_BOOK,2024-06-26,732105.72,10,13,159351.34,891457.06
ONE_BOOK,2024-06-27,737815.63,10,13,159394.53,897210.16
ONE_BOOK,2024-06-28,738672.99,10,13,159437.73,898110.72
ONE_BOOK,2024-07-01,734900.32,10,13,159480.94,894381.27
ONE_BOOK,2024-07-02,744818.75,10,13,159524.17,904342.92
ONE_BOOK,2024-07-03,751252.48,10,13,159567.4,910819.88
ONE_BOOK,2024-07-05,753467.44,10,13,159610.65,913078.09
ONE_BOOK,2024-07-08,748744.68,9,12,81187.99,829932.67
ONE_BOOK,2024-07-09,752687.37,9,12,81210.0,833897.37
ONE_BOOK,2024-07-10,761221.17,9,13,156584.32,917805.5
ONE_BOOK,2024-07-11,761685.54,9,13,156626.76,918312.3
ONE_BOOK,2024-07-12,769745.82,9,13,156669.21,926415.04
ONE_BOOK,2024-07-15,770287.67,9,13,156711.67,926999.34
ONE_BOOK,2024-07-16,789367.3,9,13,156754.15,946121.45
ONE_BOOK,2024-07-17,803854.06,9,14,235474.81,1039328.87
ONE_BOOK,2024-07-18,800774.94,9,14,235538.63,1036313.57
ONE_BOOK,2024-07-19,798930.58,6,9,0.0,664090.26
ONE_BOOK,2024-07-22,795475.18,5,8,0.0,575009.62
ONE_BOOK,2024-07-23,789396.5,8,11,17799.01,807195.51
ONE_BOOK,2024-07-24,788228.33,7,10,0.0,731504.51
ONE_BOOK,2024-07-25,774328.32,7,10,0.0,717604.5
ONE_BOOK,2024-07-26,807725.46,8,10,0.0,798462.36
ONE_BOOK,2024-07-29,809882.37,9,11,71776.73,881659.1
ONE_BOOK,2024-07-30,815520.05,10,12,153272.25,968792.3
ONE_BOOK,2024-07-31,821976.07,11,13,235565.02,1057541.1
ONE_BOOK,2024-08-01,817022.68,11,13,235628.87,1052651.55
ONE_BOOK,2024-08-02,801154.1,11,13,235692.73,1036846.83
ONE_BOOK,2024-08-05,775692.78,10,12,156420.71,932113.49
ONE_BOOK,2024-08-06,798096.38,9,10,0.0,786978.95
ONE_BOOK,2024-08-07,789689.48,11,12,149411.38,939100.86
ONE_BOOK,2024-08-08,804724.4,12,13,228022.47,1032746.87
ONE_BOOK,2024-08-09,804427.67,12,13,228084.27,1032511.94
ONE_BOOK,2024-08-12,804442.34,12,13,228146.09,1032588.43
ONE_BOOK,2024-08-13,835284.88,12,13,228207.93,1063492.81
ONE_BOOK,2024-08-14,833687.51,12,13,228269.78,1061957.29
ONE_BOOK,2024-08-15,848155.61,12,13,228331.65,1076487.26
ONE_BOOK,2024-08-16,848812.62,12,13,228393.53,1077206.15
ONE_BOOK,2024-08-19,853028.04,11,13,220326.25,1073354.29
ONE_BOOK,2024-08-20,846432.1,11,13,220385.96,1066818.06
ONE_BOOK,2024-08-21,852830.73,11,13,216399.32,1069230.05
ONE_BOOK,2024-08-22,841846.88,11,13,216457.97,1058304.85
ONE_BOOK,2024-08-23,860901.69,11,13,216516.64,1077418.33
ONE_BOOK,2024-08-26,861627.77,11,13,218788.65,1080416.42
ONE_BOOK,2024-08-27,862137.7,11,13,218847.95,1080985.65
ONE_BOOK,2024-08-28,850723.36,10,12,130605.93,981329.29
ONE_BOOK,2024-08-29,854490.15,10,11,37734.39,892224.54
ONE_BOOK,2024-08-30,863330.85,11,12,123633.42,986964.27
ONE_BOOK,2024-09-03,845748.9,11,12,123665.95,969414.85
ONE_BOOK,2024-09-04,846902.22,10,11,35946.54,882848.76
ONE_BOOK,2024-09-05,849635.53,10,11,39570.14,889205.66
ONE_BOOK,2024-09-06,830194.84,11,12,124686.73,954881.57
ONE_BOOK,2024-09-09,839991.51,10,12,124221.42,964212.93
ONE_BOOK,2024-09-10,848273.52,11,13,208660.62,1056934.14
ONE_BOOK,2024-09-11,853938.72,11,13,208715.52,1062654.24
ONE_BOOK,2024-09-12,860927.36,11,13,208770.43,1069697.8
ONE_BOOK,2024-09-13,866642.95,11,13,208825.36,1075468.31
ONE_BOOK,2024-09-16,871576.19,11,13,208880.3,1080456.49
ONE_BOOK,2024-09-17,870103.09,11,13,207000.07,1077103.16
ONE_BOOK,2024-09-18,869157.73,10,13,208454.39,1077612.12
ONE_BOOK,2024-09-19,891306.21,10,13,208509.23,1099815.44
ONE_BOOK,2024-09-20,880048.04,10,13,208564.09,1088612.13
ONE_BOOK,2024-09-23,891078.44,11,13,203975.12,1095053.56
ONE_BOOK,2024-09-24,895810.74,11,13,204483.24,1100293.98
ONE_BOOK,2024-09-25,893465.43,10,12,114974.56,1008439.98
ONE_BOOK,2024-09-26,917261.01,11,13,206508.17,1123769.18
ONE_BOOK,2024-09-27,924532.98,11,13,206562.51,1131095.48
ONE_BOOK,2024-09-30,922625.89,11,13,206616.85,1129242.75
ONE_BOOK,2024-10-01,916551.24,10,13,204073.65,1120624.88
ONE_BOOK,2024-10-02,916525.78,7,10,0.0,852181.24
ONE_BOOK,2024-10-03,912723.38,7,11,26931.61,939655.0
ONE_BOOK,2024-10-04,918080.77,7,11,26938.38,945019.15
ONE_BOOK,2024-10-07,905139.37,9,13,210296.51,1115435.88
ONE_BOOK,2024-10-08,901530.68,9,13,210349.34,1111880.02
ONE_BOOK,2024-10-09,910212.07,9,13,207097.52,1117309.58
ONE_BOOK,2024-10-10,905480.63,9,13,207149.54,1112630.17
ONE_BOOK,2024-10-11,915823.59,9,13,207201.57,1123025.16
ONE_BOOK,2024-10-14,919990.75,9,13,207253.62,1127244.37
ONE_BOOK,2024-10-15,918237.05,9,13,207305.68,1125542.73
ONE_BOOK,2024-10-16,925618.74,8,13,210481.73,1136100.46
ONE_BOOK,2024-10-17,918456.63,8,13,210534.6,1128991.23
ONE_BOOK,2024-10-18,927595.33,8,13,208982.71,1136578.05
ONE_BOOK,2024-10-21,910482.39,8,13,209035.21,1119517.6
ONE_BOOK,2024-10-22,912536.35,8,13,204921.04,1117457.4
ONE_BOOK,2024-10-23,900481.06,8,13,204972.52,1105453.57
ONE_BOOK,2024-10-24,898672.79,8,13,201595.49,1100268.28
ONE_BOOK,2024-10-25,896202.24,8,13,201646.13,1097848.37
ONE_BOOK,2024-10-28,904764.48,8,13,201696.78,1106461.26
ONE_BOOK,2024-10-29,906067.9,8,13,201747.44,1107815.34
ONE_BOOK,2024-10-30,899627.16,8,13,201798.12,1101425.28
ONE_BOOK,2024-10-31,887245.66,8,13,201848.81,1089094.48
ONE_BOOK,2024-11-01,894953.52,8,13,201898.07,1096851.6
ONE_BOOK,2024-11-04,891201.31,8,13,201947.35,1093148.66
ONE_BOOK,2024-11-05,901404.64,8,13,201996.63,1103401.27
ONE_BOOK,2024-11-06,905558.33,8,13,202045.93,1107604.25
ONE_BOOK,2024-11-07,938622.49,8,13,202095.24,1140717.72
ONE_BOOK,2024-11-08,938169.05,8,13,202144.56,1140313.61
ONE_BOOK,2024-11-11,935422.22,8,13,202193.89,1137616.11
ONE_BOOK,2024-11-12,927124.23,8,13,202243.23,1129367.46
ONE_BOOK,2024-11-13,929332.01,8,13,200514.79,1129846.8
ONE_BOOK,2024-11-14,917023.64,8,13,200563.72,1117587.37
ONE_BOOK,2024-11-15,906496.47,8,13,200612.67,1107109.14
ONE_BOOK,2024-11-18,912121.73,8,13,190606.99,1102728.71
ONE_BOOK,2024-11-19,909071.16,8,13,190653.5,1099724.67
ONE_BOOK,2024-11-20,914775.89,8,13,190700.03,1105475.92
ONE_BOOK,2024-11-21,928055.11,8,13,190746.57,1118801.68
ONE_BOOK,2024-11-22,937558.46,8,13,190793.12,1128351.58
ONE_BOOK,2024-11-25,956039.08,8,13,190839.68,1146878.77
ONE_BOOK,2024-11-26,947772.24,9,14,275863.76,1223636.01
ONE_BOOK,2024-11-27,950894.26,9,14,266420.83,1217315.09
ONE_BOOK,2024-11-29,950828.96,9,14,266485.85,1217314.81
ONE_BOOK,2024-12-02,960076.54,9,14,266549.09,1226625.63
ONE_BOOK,2024-12-03,951874.78,9,14,266612.34,1218487.12
ONE_BOOK,2024-12-04,942346.41,9,14,266675.61,1209022.01
ONE_BOOK,2024-12-05,937870.79,9,14,268350.54,1206221.33
ONE_BOOK,2024-12-06,943579.78,9,14,268414.22,1211994.0
ONE_BOOK,2024-12-09,946276.41,9,14,268477.92,1214754.32
ONE_BOOK,2024-12-10,941148.42,9,14,268541.63,1209690.05
ONE_BOOK,2024-12-11,949396.38,8,12,118657.95,1068054.33
ONE_BOOK,2024-12-12,955207.07,8,13,213658.46,1168865.52
ONE_BOOK,2024-12-13,936536.72,9,13,207736.59,1144273.31
ONE_BOOK,2024-12-16,925337.17,9,13,207785.89,1133123.06
ONE_BOOK,2024-12-17,924092.08,9,13,207835.19,1131927.27
ONE_BOOK,2024-12-18,904525.21,9,13,198011.28,1102536.49
ONE_BOOK,2024-12-19,902509.0,8,12,101328.23,1003837.24
ONE_BOOK,2024-12-20,909617.5,8,12,101352.28,1010969.78
ONE_BOOK,2024-12-23,909604.45,9,13,192244.12,1101848.57
ONE_BOOK,2024-12-24,915096.24,9,13,192289.74,1107385.98
ONE_BOOK,2024-12-26,916005.83,9,13,192335.37,1108341.2
ONE_BOOK,2024-12-27,907683.46,8,13,190222.93,1097906.38
ONE_BOOK,2024-12-30,897992.24,8,13,190268.07,1088260.31
ONE_BOOK,2024-12-31,901540.26,8,13,190313.22,1091853.48
ONE_BOOK,2025-01-02,901964.1,8,13,190357.25,1092321.35
ONE_BOOK,2025-01-03,902093.9,8,13,190401.28,1092495.18
ONE_BOOK,2025-01-06,904405.89,8,13,190445.33,1094851.23
ONE_BOOK,2025-01-07,893431.2,8,13,190489.39,1083920.59
ONE_BOOK,2025-01-08,887977.0,8,13,186957.75,1074934.75
ONE_BOOK,2025-01-10,904064.98,8,13,187001.0,1091065.98
ONE_BOOK,2025-01-13,910709.28,8,13,187044.26,1097753.54
ONE_BOOK,2025-01-14,916549.85,8,13,187087.54,1103637.38
ONE_BOOK,2025-01-15,916106.48,8,13,187130.82,1103237.3
ONE_BOOK,2025-01-16,915456.55,8,13,187174.11,1102630.66
ONE_BOOK,2025-01-17,924469.71,8,13,187217.41,1111687.12
ONE_BOOK,2025-01-21,924042.4,8,13,187260.73,1111303.12
ONE_BOOK,2025-01-22,921987.12,8,13,187304.05,1109291.17
ONE_BOOK,2025-01-23,934828.67,8,13,187347.38,1122176.05
ONE_BOOK,2025-01-24,932863.34,8,13,187390.72,1120254.07
ONE_BOOK,2025-01-27,950451.59,8,14,281165.94,1231617.53
ONE_BOOK,2025-01-28,948739.79,8,14,270407.38,1219147.17
ONE_BOOK,2025-01-29,956326.4,8,13,179030.27,1135356.67
ONE_BOOK,2025-01-30,963850.96,9,14,275189.98,1239040.94
ONE_BOOK,2025-01-31,945448.74,9,14,275253.64,1220702.38
ONE_BOOK,2025-02-03,918580.69,8,13,205598.88,1124179.57
ONE_BOOK,2025-02-04,918899.55,7,11,15350.16,934249.71
ONE_BOOK,2025-02-05,919956.5,9,13,198585.12,1118541.61
ONE_BOOK,2025-02-06,909405.75,9,13,198631.06,1108036.81
ONE_BOOK,2025-02-07,898757.91,9,13,198677.01,1097434.92
ONE_BOOK,2025-02-10,900031.19,9,13,198722.98,1098754.16
ONE_BOOK,2025-02-11,906784.37,9,13,198768.95,1105553.32
ONE_BOOK,2025-02-12,897483.4,9,13,198814.94,1096298.33
ONE_BOOK,2025-02-13,909763.75,9,13,198860.93,1108624.68
ONE_BOOK,2025-02-14,919681.24,9,13,198906.94,1118588.17
ONE_BOOK,2025-02-18,928491.12,9,13,198952.95,1127444.08
ONE_BOOK,2025-02-19,948881.25,9,13,198998.98,1147880.23
ONE_BOOK,2025-02-20,954939.93,9,13,199045.02,1153984.95
ONE_BOOK,2025-02-21,954862.17,9,13,199091.07,1153953.24
ONE_BOOK,2025-02-24,963147.29,9,13,199137.13,1162284.42
ONE_BOOK,2025-02-25,962866.76,9,13,199183.2,1162049.96
ONE_BOOK,2025-02-26,943408.9,9,13,196188.77,1139597.67
ONE_BOOK,2025-02-27,933026.56,9,13,196234.16,1129260.72
ONE_BOOK,2025-02-28,947273.33,8,10,0.0,936882.76
ONE_BOOK,2025-03-03,935542.47,11,13,274370.8,1209913.27
ONE_BOOK,2025-03-04,922049.32,11,13,274434.27,1196483.59
ONE_BOOK,2025-03-05,933359.26,11,13,274497.76,1207857.02
ONE_BOOK,2025-03-06,934249.13,11,13,274561.27,1208810.4
ONE_BOOK,2025-03-07,957195.23,11,13,274624.79,1231820.02
ONE_BOOK,2025-03-10,964079.1,11,13,274688.32,1238767.42
ONE_BOOK,2025-03-11,940946.89,12,13,257403.03,1198349.92
ONE_BOOK,2025-03-12,918397.99,11,13,253816.78,1172214.76
ONE_BOOK,2025-03-13,911999.11,10,13,243587.0,1155586.11
ONE_BOOK,2025-03-14,933612.11,10,13,243643.36,1177255.47
ONE_BOOK,2025-03-17,966277.4,10,13,243699.72,1209977.13
ONE_BOOK,2025-03-18,957136.53,10,13,243756.1,1200892.63
ONE_BOOK,2025-03-19,965635.85,10,13,244005.14,1209640.99
ONE_BOOK,2025-03-20,962874.2,10,13,244061.59,1206935.79
ONE_BOOK,2025-03-21,952547.57,10,13,244118.06,1196665.63
ONE_BOOK,2025-03-24,967816.27,10,13,244174.53,1211990.8
ONE_BOOK,2025-03-25,962311.41,10,13,244231.02,1206542.43
ONE_BOOK,2025-03-26,952510.28,10,13,244287.53,1196797.8
ONE_BOOK,2025-03-27,940394.47,10,13,249501.43,1189895.9
ONE_BOOK,2025-03-28,934870.08,10,13,249559.15,1184429.23
ONE_BOOK,2025-03-31,941635.59,9,13,244912.74,1186548.33
ONE_BOOK,2025-04-01,937109.14,9,13,244969.4,1182078.54
ONE_BOOK,2025-04-02,939920.84,9,13,245026.07,1184946.91
ONE_BOOK,2025-04-03,880538.58,9,13,245082.76,1125621.34
ONE_BOOK,2025-04-04,828550.39,9,13,245139.46,1073689.85
ONE_BOOK,2025-04-07,814132.52,9,13,245196.17,1059328.7
ONE_BOOK,2025-04-08,769367.58,9,13,245252.9,1014620.48
ONE_BOOK,2025-04-09,831310.95,8,12,157030.33,988341.28
ONE_BOOK,2025-04-10,778999.06,9,13,237930.8,1016929.87
ONE_BOOK,2025-04-11,795626.57,8,12,157644.76,953271.33
ONE_BOOK,2025-04-14,814312.95,8,13,238735.22,1053048.17
ONE_BOOK,2025-04-15,806272.86,8,13,238790.45,1045063.32
ONE_BOOK,2025-04-16,793087.03,8,13,238845.7,1031932.73
ONE_BOOK,2025-04-17,810622.39,8,12,173235.9,983858.29
ONE_BOOK,2025-04-21,797909.69,8,12,173275.98,971185.67
ONE_BOOK,2025-04-22,819954.69,8,12,173316.07,993270.76
ONE_BOOK,2025-04-23,791898.7,8,12,173356.16,965254.87
ONE_BOOK,2025-04-24,804095.5,8,12,173396.27,977491.77
ONE_BOOK,2025-04-25,798134.87,8,12,173436.38,971571.25
ONE_BOOK,2025-04-28,797864.68,8,12,173476.51,971341.19
ONE_BOOK,2025-04-29,809325.37,8,12,173516.64,982842.01
ONE_BOOK,2025-04-30,797529.16,8,12,173556.78,971085.95
ONE_BOOK,2025-05-01,794137.6,8,12,173596.94,967734.54
ONE_BOOK,2025-05-02,804201.51,8,12,173637.1,977838.61
ONE_BOOK,2025-05-05,789451.38,8,12,173677.27,963128.65
ONE_BOOK,2025-05-06,783225.3,7,11,93595.38,876820.68
ONE_BOOK,2025-05-07,781824.1,6,9,0.0,714031.12
ONE_BOOK,2025-05-08,806152.73,6,9,0.0,723910.9
ONE_BOOK,2025-05-09,817333.32,9,12,160667.9,978001.22
ONE_BOOK,2025-05-12,837349.82,10,13,246131.92,1083481.75
ONE_BOOK,2025-05-13,847696.14,10,13,246188.87,1093885.01
ONE_BOOK,2025-05-14,843738.49,8,11,95095.32,938833.81
ONE_BOOK,2025-05-15,851986.27,9,12,178636.52,1030622.79
ONE_BOOK,2025-05-16,855401.23,9,12,178677.85,1034079.08
ONE_BOOK,2025-05-19,837949.74,9,12,178719.19,1016668.93
ONE_BOOK,2025-05-20,836374.95,9,12,178760.53,1015135.48
ONE_BOOK,2025-05-21,815325.92,9,12,178801.89,994127.81
ONE_BOOK,2025-05-22,781923.2,8,11,82369.64,864292.84
ONE_BOOK,2025-05-23,785830.48,7,10,0.0,777985.31
ONE_BOOK,2025-05-27,797243.37,9,12,150367.38,947610.74
ONE_BOOK,2025-05-28,786481.41,10,13,230439.43,1016920.84
ONE_BOOK,2025-05-29,790154.46,10,13,230492.74,1020647.2
ONE_BOOK,2025-05-30,790547.08,10,13,230546.06,1021093.14
ONE_BOOK,2025-06-02,800117.67,10,13,230599.4,1030717.07
ONE_BOOK,2025-06-03,809577.72,10,13,230652.75,1040230.46
ONE_BOOK,2025-06-04,802721.68,10,13,230706.11,1033427.79
ONE_BOOK,2025-06-05,794813.15,10,13,230759.48,1025572.63
ONE_BOOK,2025-06-06,800253.7,10,13,230812.87,1031066.57
ONE_BOOK,2025-06-09,816110.24,10,13,230866.27,1046976.51
ONE_BOOK,2025-06-10,839163.15,10,13,230919.68,1070082.83
ONE_BOOK,2025-06-11,837365.1,10,13,231427.92,1068793.02
ONE_BOOK,2025-06-12,841544.02,10,13,227112.49,1068656.5
ONE_BOOK,2025-06-13,845411.44,10,13,227165.03,1072576.47
ONE_BOOK,2025-06-16,848851.01,10,13,227217.58,1076068.59
ONE_BOOK,2025-06-17,811776.57,10,13,225576.48,1037353.06
ONE_BOOK,2025-06-18,820365.62,10,13,225628.67,1045994.29
ONE_BOOK,2025-06-20,827009.65,10,13,225680.87,1052690.52
ONE_BOOK,2025-06-23,817045.95,10,13,210805.21,1027851.16
ONE_BOOK,2025-06-24,834947.44,10,13,210853.98,1045801.42
ONE_BOOK,2025-06-25,831688.79,11,13,196342.82,1028031.61
ONE_BOOK,2025-06-26,861115.49,11,13,196388.24,1057503.74
ONE_BOOK,2025-06-27,855747.55,11,13,197695.23,1053442.78
ONE_BOOK,2025-06-30,855284.03,11,13,197740.97,1053024.99
ONE_BOOK,2025-07-01,874271.77,11,13,197786.72,1072058.49
ONE_BOOK,2025-07-02,892789.37,11,13,202144.06,1094933.43
ONE_BOOK,2025-07-03,903393.23,11,13,202190.83,1105584.05
ONE_BOOK,2025-07-07,890063.45,11,13,202237.6,1092301.06
ONE_BOOK,2025-07-08,890574.69,9,10,0.0,832517.27
ONE_BOOK,2025-07-09,916749.06,12,13,212027.06,1128776.12
ONE_BOOK,2025-07-10,914303.3,12,13,212076.12,1126379.42
ONE_BOOK,2025-07-11,905787.98,12,13,212125.18,1117913.16
ONE_BOOK,2025-07-14,900537.01,11,12,120153.02,1020690.03
ONE_BOOK,2025-07-15,892483.15,12,13,212117.95,1104601.11
ONE_BOOK,2025-07-16,893240.21,12,13,212167.03,1105407.23
ONE_BOOK,2025-07-17,902141.23,12,13,212216.11,1114357.34
ONE_BOOK,2025-07-18,905512.83,12,13,212265.21,1117778.04
ONE_BOOK,2025-07-21,897225.74,12,13,212314.31,1109540.05
ONE_BOOK,2025-07-22,911565.22,12,13,212363.43,1123928.65
ONE_BOOK,2025-07-23,903315.79,12,13,212412.56,1115728.35
ONE_BOOK,2025-07-24,900682.42,12,13,219275.79,1119958.21
ONE_BOOK,2025-07-25,893725.24,12,13,219326.52,1113051.76
ONE_BOOK,2025-07-28,898747.7,12,13,219377.26,1118124.95
ONE_BOOK,2025-07-29,884319.5,12,13,201282.89,1085602.39
ONE_BOOK,2025-07-30,879074.47,12,13,201329.46,1080403.93
ONE_BOOK,2025-07-31,873392.0,12,13,201376.04,1074768.04
ONE_BOOK,2025-08-01,849610.0,12,13,201422.63,1051032.63
ONE_BOOK,2025-08-04,858113.36,11,12,106745.64,964859.0
ONE_BOOK,2025-08-05,866880.29,12,13,193678.84,1060559.12
ONE_BOOK,2025-08-06,842451.8,12,13,193723.65,1036175.45
ONE_BOOK,2025-08-07,845806.02,12,13,193768.46,1039574.48
ONE_BOOK,2025-08-08,853326.1,12,13,193813.29,1047139.39
ONE_BOOK,2025-08-11,847742.27,12,13,193858.13,1041600.4
ONE_BOOK,2025-08-12,865374.17,11,13,189861.48,1055235.64
ONE_BOOK,2025-08-13,879478.11,11,13,189905.4,1069383.51
ONE_BOOK,2025-08-14,874776.5,11,13,189949.34,1064725.83
ONE_BOOK,2025-08-15,890796.68,11,14,251759.8,1142556.49
ONE_BOOK,2025-08-18,887283.77,11,14,251818.05,1139101.81
ONE_BOOK,2025-08-19,892330.39,11,14,251876.31,1144206.7
ONE_BOOK,2025-08-20,880704.26,11,14,251934.58,1132638.84
ONE_BOOK,2025-08-21,881336.17,11,14,251992.86,1133329.03
ONE_BOOK,2025-08-22,913049.52,11,14,252051.16,1165100.68
ONE_BOOK,2025-08-25,909782.87,11,14,252109.47,1161892.34
ONE_BOOK,2025-08-26,905905.57,11,14,252167.8,1158073.37
ONE_BOOK,2025-08-27,911493.89,10,12,77010.73,988504.62
ONE_BOOK,2025-08-28,916107.47,11,12,144092.44,1060199.9
ONE_BOOK,2025-08-29,899428.06,12,13,235460.58,1134888.64
ONE_BOOK,2025-09-02,898418.43,11,13,234607.26,1133025.69
ONE_BOOK,2025-09-03,893971.89,11,13,234660.61,1128632.5
ONE_BOOK,2025-09-04,893159.97,10,12,142864.62,1036024.59
ONE_BOOK,2025-09-05,918423.47,11,13,235228.85,1153652.32
ONE_BOOK,2025-09-08,927459.15,11,13,235282.33,1162741.48
ONE_BOOK,2025-09-09,930322.62,11,13,235335.83,1165658.46
ONE_BOOK,2025-09-10,954839.2,11,13,235389.34,1190228.54
ONE_BOOK,2025-09-11,987929.57,11,13,235442.87,1223372.44
ONE_BOOK,2025-09-12,1007488.33,11,13,235496.4,1242984.73
ONE_BOOK,2025-09-15,1014549.93,11,13,235549.95,1250099.88
ONE_BOOK,2025-09-16,1005424.97,11,13,235603.51,1241028.48
ONE_BOOK,2025-09-17,994402.17,11,13,235657.08,1230059.25
ONE_BOOK,2025-09-18,1014938.31,12,13,224200.17,1239138.48
ONE_BOOK,2025-09-19,1008464.13,12,13,224251.15,1232715.28
ONE_BOOK,2025-09-22,1009147.99,12,13,224302.14,1233450.13
ONE_BOOK,2025-09-23,1006193.91,12,13,224353.14,1230547.05
ONE_BOOK,2025-09-24,1005288.59,12,13,224404.16,1229692.75
ONE_BOOK,2025-09-25,993524.48,12,13,224455.18,1217979.66
ONE_BOOK,2025-09-26,999035.39,12,13,211916.28,1210951.66
ONE_BOOK,2025-09-29,1001095.57,12,13,211964.46,1213060.03
ONE_BOOK,2025-09-30,1008861.67,12,13,212012.66,1220874.33
ONE_BOOK,2025-10-01,1029269.46,12,13,212059.6,1241329.06
ONE_BOOK,2025-10-02,1022319.5,12,13,212106.56,1234426.06
ONE_BOOK,2025-10-03,1027033.95,12,14,271241.5,1298275.44
ONE_BOOK,2025-10-06,1032834.93,12,14,271301.56,1304136.49
ONE_BOOK,2025-10-07,1039562.15,11,14,270004.35,1309566.5
ONE_BOOK,2025-10-08,1046858.26,11,14,270064.14,1316922.39
ONE_BOOK,2025-10-09,1042207.98,11,14,270123.94,1312331.92
ONE_BOOK,2025-10-10,1000298.96,10,14,289789.47,1290088.43
ONE_BOOK,2025-10-13,1012035.29,9,14,289149.53,1301184.82
ONE_BOOK,2025-10-14,1005478.52,9,14,289213.56,1294692.07
ONE_BOOK,2025-10-15,1002347.68,9,14,289277.6,1291625.28
ONE_BOOK,2025-10-16,1000844.52,9,14,289341.65,1290186.17
ONE_BOOK,2025-10-17,1001808.36,9,14,289405.72,1291214.08
ONE_BOOK,2025-10-20,1024146.52,9,14,289469.8,1313616.32
ONE_BOOK,2025-10-21,1036835.9,9,14,289533.9,1326369.8
ONE_BOOK,2025-10-22,1022241.4,9,14,286331.5,1308572.9
ONE_BOOK,2025-10-23,1014026.2,9,14,286394.9,1300421.1
ONE_BOOK,2025-10-24,1016739.26,10,14,305308.13,1322047.39
ONE_BOOK,2025-10-27,1029053.32,10,14,305375.73,1334429.05
ONE_BOOK,2025-10-28,1021614.54,10,14,305443.35,1327057.88
ONE_BOOK,2025-10-29,1019780.09,10,14,303825.5,1323605.59
ONE_BOOK,2025-10-30,1016942.48,10,14,303892.78,1320835.26
ONE_BOOK,2025-10-31,1044124.16,10,14,303960.07,1348084.23
ONE_BOOK,2025-11-03,1058673.96,10,14,304024.96,1362698.93
ONE_BOOK,2025-11-04,1043350.93,9,12,132789.22,1176140.15
ONE_BOOK,2025-11-05,1036704.86,9,12,131018.77,1167723.63
ONE_BOOK,2025-11-06,1028316.16,10,13,234892.61,1263208.77
ONE_BOOK,2025-11-07,1039679.56,10,13,234942.76,1274622.32
ONE_BOOK,2025-11-10,1033699.25,10,13,234992.92,1268692.17
ONE_BOOK,2025-11-11,1040034.19,10,13,235043.09,1275077.28
ONE_BOOK,2025-11-12,1037890.81,10,13,235093.27,1272984.08
ONE_BOOK,2025-11-13,1023673.23,11,13,238805.62,1262478.85
ONE_BOOK,2025-11-14,1025795.28,11,13,238856.6,1264651.88
ONE_BOOK,2025-11-17,1003407.27,11,13,238907.6,1242314.86
ONE_BOOK,2025-11-18,1003288.97,9,11,33358.49,1036647.46
ONE_BOOK,2025-11-19,990161.66,11,13,233815.28,1223976.93
ONE_BOOK,2025-11-20,979130.83,11,13,233865.19,1212996.02
ONE_BOOK,2025-11-21,1002818.44,11,13,233915.12,1236733.56
ONE_BOOK,2025-11-24,1008078.85,11,13,233965.06,1242043.91
ONE_BOOK,2025-11-25,1017555.53,11,13,234015.01,1251570.54
ONE_BOOK,2025-11-26,1028450.57,11,13,234064.97,1262515.54
ONE_BOOK,2025-11-28,1036130.52,11,13,234114.94,1270245.47
ONE_BOOK,2025-12-01,1024723.41,11,13,234163.53,1258886.94
ONE_BOOK,2025-12-02,1011845.75,10,13,235045.51,1246891.26
ONE_BOOK,2025-12-03,1012880.24,10,13,235094.29,1247974.53
ONE_BOOK,2025-12-04,1025847.91,10,13,235143.08,1260990.99
ONE_BOOK,2025-12-05,1024506.62,10,13,235191.88,1259698.5
ONE_BOOK,2025-12-08,1030792.09,10,13,235240.7,1266032.78
ONE_BOOK,2025-12-09,1042604.86,10,13,235289.52,1277894.38
ONE_BOOK,2025-12-10,1061235.1,10,13,235338.35,1296573.45
ONE_BOOK,2025-12-11,1063954.72,10,13,235387.19,1299341.91
ONE_BOOK,2025-12-12,1056419.76,10,13,235436.04,1291855.8
ONE_BOOK,2025-12-15,1056906.48,8,10,0.0,980172.97
ONE_BOOK,2025-12-16,1044275.05,8,11,27044.44,1071319.49
ONE_BOOK,2025-12-17,1050512.61,8,12,131553.06,1182065.67
ONE_BOOK,2025-12-18,1047692.83,9,13,236587.38,1284280.2
ONE_BOOK,2025-12-19,1040094.87,9,13,236636.48,1276731.35
ONE_BOOK,2025-12-22,1050403.86,9,13,236685.59,1287089.45
ONE_BOOK,2025-12-23,1042436.96,9,13,236734.71,1279171.67
ONE_BOOK,2025-12-24,1050376.04,9,13,236783.84,1287159.89
ONE_BOOK,2025-12-26,1056263.57,9,13,236832.99,1293096.56
ONE_BOOK,2025-12-29,1062930.38,9,13,236882.14,1299812.52
ONE_BOOK,2025-12-30,1065373.24,8,13,227752.98,1293126.22
ONE_BOOK,2025-12-31,1060456.71,8,13,227800.25,1288256.96
