run,ticker,entry_date,entry_px,shares,last_date,bridged,exit_date,exit_px,reason,added,add_date
BASELINE,AVGO,2016-02-01,13.334,749.5877,2016-02-02,False,2016-02-03,13.725,rollback,,
BASELINE,HAL,2016-02-01,31.29,319.3354,2016-02-05,False,2016-02-08,30.74,rollback,,
BASELINE,DOW,2016-02-03,45.73,214.2506,2016-02-11,False,2016-02-12,45.28,rollback,,
BASELINE,CVX,2016-02-09,85.08,108.9885,2016-02-18,False,2016-02-19,86.33,rollback,,
BASELINE,FOXA,2016-02-01,26.84,372.2432,2016-02-23,False,2016-02-24,26.71,rollback,,
BASELINE,XRX,2016-02-01,16.996,587.8152,2016-02-23,False,2016-02-24,16.513,rollback,,
BASELINE,MDLZ,2016-02-01,42.82,233.3374,2016-02-26,False,2016-02-29,40.54,rollback,,
BASELINE,JNPR,2016-02-19,24.0,407.0166,2016-02-26,False,2016-02-29,24.59,rollback,,
BASELINE,KLAC,2016-02-01,6.64,1505.0458,2016-03-02,False,2016-03-03,6.836,rollback,,
BASELINE,LRCX,2016-02-01,7.12,1403.7223,2016-03-08,False,2016-03-09,7.355,rollback,,
BASELINE,JPM,2016-02-01,59.16,168.9318,2016-03-08,False,2016-03-09,59.15,rollback,,
BASELINE,TAP,2016-02-01,90.5,110.4199,2016-03-08,False,2016-03-09,88.6,rollback,,
BASELINE,AMAT,2016-02-01,17.45,572.6364,2016-03-08,False,2016-03-09,19.01,rollback,,
BASELINE,BAC,2016-02-29,12.7,788.5809,2016-03-08,False,2016-03-09,13.17,rollback,,
BASELINE,AIG,2016-03-14,52.59,195.6704,2016-03-21,False,2016-03-22,53.55,rollback,,
BASELINE,GILD,2016-02-16,90.72,104.7284,2016-03-23,False,2016-03-24,89.61,rollback,,
BASELINE,WY,2016-02-24,24.0,405.8842,2016-04-04,False,2016-04-05,30.87,rollback,,
BASELINE,ATVI,2016-02-25,31.98,311.365,2016-04-05,False,2016-04-06,33.89,rollback,,
BASELINE,V,2016-03-17,72.28,143.0051,2016-04-22,False,2016-04-25,78.69,rollback,,
BASELINE,GME,2016-03-30,7.8925,1191.9597,2016-04-22,False,2016-04-25,8.17,index_drop,,
BASELINE,MRO,2016-04-07,10.88,975.603,2016-04-25,False,2016-04-26,14.09,rollback,,
BASELINE,PFE,2016-03-14,30.27,339.9847,2016-04-26,False,2016-04-27,32.98,rollback,,
BASELINE,HAL,2016-04-07,35.97,295.0801,2016-05-03,False,2016-05-04,40.13,rollback,,
BASELINE,WMT,2016-03-22,22.6667,460.3875,2016-05-23,False,2016-05-24,23.2167,rollback,,
BASELINE,WFM,2016-05-06,29.95,354.802,2016-05-27,False,2016-05-31,31.96,rollback,,
BASELINE,KR,2016-03-14,38.43,267.781,2016-06-02,False,2016-06-03,36.2,rollback,,
BASELINE,MU,2016-04-27,11.34,963.9411,2016-06-09,False,2016-06-10,12.32,rollback,,
BASELINE,FE,2016-04-28,32.67,335.2745,2016-06-10,False,2016-06-13,33.68,rollback,,
BASELINE,T,2016-05-31,39.03,285.0458,2016-07-07,False,2016-07-08,42.13,rollback,,
BASELINE,ATVI,2016-06-15,38.46,284.3381,2016-07-07,False,2016-07-08,40.64,rollback,,
BASELINE,HST,2016-06-03,15.72,709.1639,2016-07-13,False,2016-07-14,16.58,rollback,,
BASELINE,DAL,2016-03-17,48.58,212.4416,2016-07-21,False,2016-07-22,39.07,rollback,,
BASELINE,GOOG,2016-02-29,35.016,285.9972,2016-07-26,False,2016-07-27,36.914,rollback,,
BASELINE,EBAY,2016-04-28,25.09,436.6087,2016-08-09,False,2016-08-10,31.11,rollback,,
BASELINE,AAPL,2016-07-08,24.1225,459.1314,2016-08-11,False,2016-08-12,26.945,rollback,,
BASELINE,AABA,2016-06-10,36.97,298.6767,2016-08-23,False,2016-08-24,42.5,rollback,,
BASELINE,WFC,2016-08-12,48.05,245.1974,2016-09-06,False,2016-09-07,49.79,rollback,,
BASELINE,NEE,2016-07-22,32.0025,360.1073,2016-09-26,False,2016-09-27,31.7725,rollback,,
BASELINE,PG,2016-03-03,82.54,124.5109,2016-10-03,False,2016-10-04,88.29,rollback,,
BASELINE,FAST,2016-04-28,11.7725,930.4707,2016-10-07,False,2016-10-10,10.6175,rollback,,
BASELINE,KLAC,2016-10-04,7.036,1688.5191,2016-10-11,False,2016-10-12,7.23,rollback,,
BASELINE,KR,2016-10-12,30.24,389.9382,2016-10-13,False,2016-10-14,31.17,rollback,,
BASELINE,FOXA,2016-07-14,28.18,403.5865,2016-10-24,False,2016-10-25,25.59,rollback,,
BASELINE,GOOGL,2016-09-07,40.3965,293.1412,2016-10-25,False,2016-10-26,41.356,rollback,,
BASELINE,SBUX,2016-08-24,57.0,207.2234,2016-11-09,False,2016-11-10,54.64,rollback,,
BASELINE,WMT,2016-08-10,24.5233,476.8963,2016-11-14,False,2016-11-15,23.5967,rollback,,
BASELINE,CMG,2016-09-27,8.39,1389.5051,2016-11-15,False,2016-11-16,7.98,rollback,,
BASELINE,FCX,2016-10-26,10.45,1114.0402,2016-11-17,False,2016-11-18,13.79,rollback,,
BASELINE,BMY,2016-10-10,50.79,234.582,2016-11-22,False,2016-11-23,56.05,rollback,,
BASELINE,C,2016-05-24,45.45,237.4858,2016-11-28,False,2016-11-29,55.5,rollback,,
BASELINE,ORLY,2016-10-14,18.6733,629.6699,2016-11-30,False,2016-12-01,18.2413,rollback,,
BASELINE,CMCSA,2016-11-10,31.765,385.4659,2016-12-02,False,2016-12-05,34.51,rollback,,
BASELINE,CVS,2016-12-01,76.62,161.6375,2016-12-08,False,2016-12-09,78.88,rollback,,
BASELINE,AVGO,2016-12-09,18.095,694.455,2016-12-12,False,2016-12-13,17.874,rollback,,
BASELINE,KO,2016-11-29,41.52,297.0225,2016-12-13,False,2016-12-14,41.89,rollback,,
BASELINE,XOM,2016-11-16,86.74,135.7702,2016-12-19,False,2016-12-20,90.51,rollback,,
BASELINE,PFE,2016-12-13,32.81,383.803,2016-12-21,False,2016-12-22,32.29,rollback,,
BASELINE,BSX,2016-07-29,24.33,476.3341,2016-12-28,False,2016-12-29,21.65,rollback,,
BASELINE,NKE,2016-11-18,51.39,242.2441,2017-01-09,False,2017-01-10,53.55,rollback,,
BASELINE,AMZN,2016-10-25,41.965,280.3,2017-01-17,False,2017-01-18,40.475,rollback,,
BASELINE,NFLX,2016-12-05,12.073,1017.6003,2017-01-20,False,2017-01-23,13.865,rollback,,
BASELINE,FB,2016-12-14,120.0,105.337,2017-01-31,False,2017-02-01,132.25,rollback,,
BASELINE,LRCX,2016-12-20,10.819,1155.8498,2017-01-31,False,2017-02-01,11.591,rollback,,
BASELINE,PG,2017-01-18,84.8,149.7101,2017-02-06,False,2017-02-07,87.64,rollback,,
BASELINE,KLAC,2016-12-22,7.898,1585.6418,2017-02-09,False,2017-02-10,8.696,rollback,,
BASELINE,HPQ,2016-07-08,13.05,848.647,2017-02-15,False,2017-02-16,15.99,rollback,,
BASELINE,COG,2017-01-03,22.98,539.0127,2017-02-16,False,2017-02-17,23.01,rollback,,
BASELINE,HBAN,2017-01-10,13.35,948.5339,2017-02-16,False,2017-02-17,14.02,rollback,,
BASELINE,BAC,2017-02-10,23.19,559.1533,2017-02-23,False,2017-02-24,24.12,rollback,,
BASELINE,EXC,2017-02-01,35.66,361.1349,2017-02-27,False,2017-02-28,36.47,rollback,,
BASELINE,ABBV,2017-02-16,61.67,214.1822,2017-03-21,False,2017-03-22,65.38,rollback,,
BASELINE,LRCX,2017-02-22,11.763,1119.3054,2017-03-21,False,2017-03-22,12.408,rollback,,
BASELINE,INTC,2017-01-23,37.07,344.8228,2017-04-28,False,2017-05-01,36.11,rollback,,
BASELINE,EW,2017-02-02,30.72,414.7387,2017-05-11,False,2017-05-12,36.6967,rollback,,
BASELINE,QCOM,2016-11-23,68.33,182.6973,2017-05-25,False,2017-05-26,57.66,rollback,,
BASELINE,F,2017-02-28,12.63,1042.6996,2017-06-02,False,2017-06-05,11.36,rollback,,
BASELINE,PHM,2017-05-12,23.0,560.2479,2017-06-05,False,2017-06-06,23.21,rollback,,
BASELINE,NEE,2017-03-22,33.0025,392.7926,2017-06-08,False,2017-06-09,35.275,rollback,,
BASELINE,AMD,2017-05-02,11.73,1103.2197,2017-06-09,False,2017-06-12,11.75,rollback,,
BASELINE,BAC,2017-06-12,23.82,537.6331,2017-06-30,False,2017-07-03,24.46,rollback,,
BASELINE,WMB,2017-02-07,28.93,448.4152,2017-07-05,False,2017-07-06,30.5,rollback,,
BASELINE,RF,2017-06-09,14.14,908.5631,2017-07-05,False,2017-07-06,14.84,rollback,,
BASELINE,GILD,2017-06-06,65.19,195.6905,2017-07-06,False,2017-07-07,69.69,rollback,,
BASELINE,PYPL,2017-07-06,54.22,236.5214,2017-07-11,False,2017-07-12,56.6,rollback,,
BASELINE,RIG,2017-02-24,13.99,939.429,2017-07-20,False,2017-07-21,8.74,rollback,,
BASELINE,HPE,2017-07-06,16.85,761.1177,2017-07-24,False,2017-07-25,17.84,rollback,,
BASELINE,AVGO,2017-07-10,24.051,526.1525,2017-07-27,False,2017-07-28,24.892,rollback,,
BASELINE,KMI,2016-11-15,21.5,574.382,2017-08-01,False,2017-08-02,20.2,rollback,,
BASELINE,NEM,2017-03-22,34.23,378.688,2017-08-04,False,2017-08-07,36.15,rollback,,
BASELINE,T,2017-02-21,41.37,318.1595,2017-08-08,False,2017-08-09,38.2,rollback,,
BASELINE,TJX,2017-07-03,36.325,351.9913,2017-08-09,False,2017-08-10,35.345,rollback,,
BASELINE,HBI,2017-08-03,23.76,558.7451,2017-08-09,False,2017-08-10,24.11,rollback,,
BASELINE,INTC,2017-05-26,36.26,351.4383,2017-08-10,False,2017-08-11,36.26,rollback,,
BASELINE,VZ,2017-07-21,44.23,295.7539,2017-08-15,False,2017-08-16,48.37,rollback,,
BASELINE,LRCX,2017-08-16,16.145,820.5671,2017-08-23,False,2017-08-24,16.221,rollback,,
BASELINE,MU,2017-07-12,31.77,406.1635,2017-08-24,False,2017-08-25,30.3,rollback,,
BASELINE,MSFT,2017-08-15,73.59,179.8648,2017-09-01,False,2017-09-05,73.34,rollback,,
BASELINE,SPLS,2017-08-15,10.2,1297.5423,2017-09-12,False,2017-09-12,10.25,delisted,,
BASELINE,FAST,2017-06-05,11.0675,1150.5157,2017-09-19,False,2017-09-20,11.1075,rollback,,
BASELINE,BAC,2017-07-26,24.67,533.2719,2017-09-25,False,2017-09-26,24.83,rollback,,
BASELINE,GPS,2017-08-25,23.39,562.536,2017-10-03,False,2017-10-04,29.04,rollback,,
BASELINE,HPE,2017-09-26,14.74,928.5947,2017-10-03,False,2017-10-04,14.7,rollback,,
BASELINE,HPQ,2017-08-25,19.54,673.4071,2017-10-09,False,2017-10-10,20.6165,rollback,,
BASELINE,WFC,2017-09-13,51.39,260.7298,2017-10-09,False,2017-10-10,55.37,rollback,,
BASELINE,AAPL,2017-10-10,39.0138,356.8172,2017-10-19,False,2017-10-20,39.1525,rollback,,
BASELINE,WMT,2017-10-10,27.56,505.0835,2017-10-30,False,2017-10-31,28.9533,rollback,,
BASELINE,NRG,2017-09-20,24.67,552.0783,2017-11-09,False,2017-11-10,27.75,rollback,,
BASELINE,SBUX,2017-07-28,55.23,240.5947,2017-11-13,False,2017-11-14,56.47,rollback,,
BASELINE,AVGO,2017-08-08,25.198,529.8672,2017-11-13,False,2017-11-14,26.33,rollback,,
BASELINE,NWL,2017-10-04,43.05,319.3285,2017-12-05,False,2017-12-06,31.7,rollback,,
BASELINE,F,2017-11-01,12.4,1082.0819,2017-12-05,False,2017-12-06,12.4,rollback,,
BASELINE,T,2017-11-14,34.19,382.3455,2017-12-06,False,2017-12-07,36.13,rollback,,
BASELINE,CMCSA,2017-11-10,36.5,358.7215,2017-12-07,False,2017-12-08,38.5,rollback,,
BASELINE,TJX,2017-11-14,33.8,386.7379,2017-12-08,False,2017-12-11,36.87,rollback,,
BASELINE,CMG,2017-09-05,6.386,2071.7752,2017-12-14,False,2017-12-15,6.256,rollback,,
BASELINE,VZ,2017-10-20,49.45,284.4574,2017-12-20,False,2017-12-21,52.81,rollback,,
BASELINE,GOOGL,2017-12-08,52.5905,264.5003,2017-12-20,False,2017-12-21,53.7695,rollback,,
BASELINE,GOOG,2017-12-08,51.8745,268.1376,2017-12-21,False,2017-12-22,53.0555,rollback,,
BASELINE,MU,2017-12-21,45.55,317.2004,2018-01-08,False,2018-01-09,45.27,rollback,,
BASELINE,AMD,2017-10-04,13.31,1032.8911,2018-01-09,False,2018-01-10,11.63,rollback,,
BASELINE,FCX,2017-12-07,14.2,972.0091,2018-01-09,False,2018-01-10,19.07,rollback,,
BASELINE,CSX,2017-08-15,16.9633,780.2487,2018-01-10,False,2018-01-11,19.54,rollback,,
BASELINE,GLW,2017-12-11,32.4,430.2287,2018-01-10,False,2018-01-11,33.44,rollback,,
BASELINE,AMAT,2017-12-21,53.18,271.6765,2018-01-10,False,2018-01-11,53.47,rollback,,
BASELINE,TJX,2018-01-11,38.075,395.8019,2018-01-16,False,2018-01-17,38.36,rollback,,
BASELINE,AES,2017-08-09,11.45,1157.8469,2018-01-24,False,2018-01-25,11.15,rollback,,
BASELINE,COP,2017-12-06,51.07,272.5582,2018-01-25,False,2018-01-26,59.7,rollback,,
BASELINE,PM,2018-01-18,105.46,146.8167,2018-01-25,False,2018-01-26,107.36,rollback,,
BASELINE,C,2017-12-22,75.89,189.5109,2018-01-30,False,2018-01-31,78.78,rollback,,
BASELINE,MGM,2018-01-10,33.44,449.2974,2018-01-31,False,2018-02-01,36.49,rollback,,
BASELINE,T,2018-01-29,37.13,433.1723,2018-02-02,False,2018-02-05,37.81,rollback,,
BASELINE,NEE,2018-01-26,38.715,411.1948,2018-02-05,False,2018-02-06,37.9575,rollback,,
BASELINE,NFLX,2017-12-18,19.12,742.4113,2018-02-20,False,2018-02-21,28.207,rollback,,
BASELINE,BA,2018-02-13,340.45,43.9681,2018-02-20,False,2018-02-21,352.56,rollback,,
BASELINE,MU,2018-01-18,44.21,350.2389,2018-02-21,False,2018-02-22,44.78,rollback,,
BASELINE,BMY,2018-01-11,61.99,243.0941,2018-02-22,False,2018-02-23,66.17,rollback,,
BASELINE,GOOGL,2018-02-22,55.9585,279.361,2018-02-27,False,2018-02-28,56.1,rollback,,
BASELINE,PFE,2018-01-17,36.82,414.2338,2018-02-28,False,2018-03-01,36.12,rollback,,
BASELINE,KLAC,2018-02-21,11.081,1416.9367,2018-03-01,False,2018-03-02,11.005,rollback,,
BASELINE,NEE,2018-03-02,38.3,409.0707,2018-03-06,False,2018-03-07,38.185,rollback,,
BASELINE,PCG,2018-03-01,41.09,386.9798,2018-03-07,False,2018-03-08,41.14,rollback,,
BASELINE,M,2018-01-11,25.47,591.7122,2018-03-08,False,2018-03-09,29.31,rollback,,
BASELINE,KO,2018-03-09,44.57,359.858,2018-03-12,False,2018-03-13,44.67,rollback,,
BASELINE,SCHW,2018-02-02,54.75,283.8201,2018-03-14,False,2018-03-15,56.32,rollback,,
BASELINE,INTC,2018-02-21,46.67,336.4444,2018-03-15,False,2018-03-16,51.17,rollback,,
BASELINE,EXC,2018-02-01,38.53,408.8779,2018-03-19,False,2018-03-20,38.29,rollback,,
BASELINE,DHI,2018-03-13,44.6,364.1233,2018-04-06,False,2018-04-09,45.52,rollback,,
BASELINE,MRK,2018-03-16,55.19,290.6463,2018-04-11,False,2018-04-12,56.6,rollback,,
BASELINE,SO,2018-03-02,43.98,356.2215,2018-04-18,False,2018-04-19,45.35,rollback,,
BASELINE,NFLX,2018-04-12,30.9719,508.3096,2018-04-23,False,2018-04-24,31.9217,rollback,,
BASELINE,HST,2018-03-15,18.96,849.2618,2018-04-24,False,2018-04-25,19.27,rollback,,
BASELINE,VZ,2018-03-09,49.2,326.0096,2018-04-26,False,2018-04-27,50.25,rollback,,
BASELINE,KIM,2018-02-23,15.06,1037.7092,2018-04-30,False,2018-05-01,14.52,rollback,,
BASELINE,ABBV,2018-04-27,97.44,165.7151,2018-04-30,False,2018-05-01,102.1,rollback,,
BASELINE,CVX,2018-04-10,117.6,133.0573,2018-05-01,False,2018-05-02,124.2,rollback,,
BASELINE,NVDA,2018-03-21,6.233,2541.4097,2018-05-15,False,2018-05-16,6.1,rollback,,
BASELINE,ORLY,2018-03-07,16.6213,963.3597,2018-05-18,False,2018-05-21,18.2567,rollback,,
BASELINE,WDC,2018-05-16,83.5,197.3388,2018-05-18,False,2018-05-21,86.63,rollback,,
BASELINE,MU,2018-04-19,52.9,303.8872,2018-05-31,False,2018-06-01,58.81,rollback,,
BASELINE,KO,2018-05-24,42.4,392.811,2018-05-31,False,2018-06-01,43.1,rollback,,
BASELINE,F,2018-04-27,11.4,1416.4989,2018-06-11,False,2018-06-12,12.07,rollback,,
BASELINE,HBAN,2018-06-04,15.22,1082.8285,2018-06-11,False,2018-06-12,15.67,rollback,,
BASELINE,CMCSA,2018-04-24,34.09,463.3943,2018-06-18,False,2018-06-19,32.17,rollback,,
BASELINE,CELG,2018-01-29,104.76,128.8449,2018-07-11,False,2018-07-12,83.88,rollback,,
BASELINE,FOXA,2018-05-01,36.43,435.9778,2018-07-11,False,2018-07-12,47.97,rollback,,
BASELINE,MGM,2018-06-13,31.47,540.9308,2018-07-19,False,2018-07-20,30.71,rollback,,
BASELINE,ORCL,2018-05-02,45.89,347.3219,2018-07-26,False,2018-07-27,48.99,rollback,,
BASELINE,PM,2018-05-24,81.6,204.0975,2018-07-31,False,2018-08-01,86.03,rollback,,
BASELINE,HST,2018-07-20,21.4,807.8071,2018-08-03,False,2018-08-06,21.56,rollback,,
BASELINE,WMB,2018-06-19,26.87,625.1848,2018-08-13,False,2018-08-14,30.76,rollback,,
BASELINE,TJX,2018-07-12,47.515,365.3309,2018-08-13,False,2018-08-14,49.8,rollback,,
BASELINE,CMG,2018-07-12,9.1978,1887.3605,2018-08-16,False,2018-08-17,10.1008,rollback,,
BASELINE,GGP,2018-05-01,20.02,793.3799,2018-08-27,False,2018-08-27,22.06,delisted,,
BASELINE,MRO,2018-06-12,21.48,785.6837,2018-08-30,False,2018-08-31,21.51,rollback,,
BASELINE,NLSN,2018-08-15,25.4,674.5103,2018-08-30,False,2018-08-31,25.93,rollback,,
BASELINE,V,2018-08-14,140.3,122.3395,2018-09-17,False,2018-09-18,146.2,rollback,,
BASELINE,GILD,2018-08-31,76.32,226.9817,2018-10-04,False,2018-10-05,76.77,rollback,,
BASELINE,INTC,2018-09-04,48.38,357.8042,2018-10-04,False,2018-10-05,48.23,rollback,,
BASELINE,GE,2018-08-01,67.5344,257.7315,2018-10-11,False,2018-10-12,62.4512,rollback,,
BASELINE,SBUX,2018-10-15,56.37,280.611,2018-10-19,False,2018-10-22,58.93,rollback,,
BASELINE,F,2018-08-28,10.08,1735.5218,2018-11-09,False,2018-11-12,9.38,rollback,,
BASELINE,BAC,2018-10-05,30.6,550.413,2018-11-09,False,2018-11-12,28.38,rollback,,
BASELINE,FITB,2018-08-17,29.78,573.9913,2018-11-12,False,2018-11-13,27.59,rollback,,
BASELINE,KEY,2018-10-05,20.55,819.5521,2018-11-12,False,2018-11-13,18.27,rollback,,
BASELINE,PBCT,2018-11-16,15.96,990.8397,2018-11-19,False,2018-11-20,15.99,rollback,,
BASELINE,AMAT,2018-07-27,48.63,362.9409,2018-11-29,False,2018-11-30,36.47,rollback,,
BASELINE,NWL,2018-02-08,29.38,520.0741,2018-12-04,False,2018-12-06,23.28,rollback,,
BASELINE,PFE,2018-10-22,44.44,354.3828,2018-12-04,False,2018-12-06,44.58,rollback,,
BASELINE,KLAC,2018-11-21,9.562,1662.7265,2018-12-04,False,2018-12-06,9.421,rollback,,
BASELINE,BAX,2018-11-23,64.96,241.8852,2018-12-04,False,2018-12-06,66.35,rollback,,
BASELINE,COTY,2018-09-18,12.33,1372.1694,2019-01-09,False,2019-01-10,7.29,rollback,,
BASELINE,FB,2018-12-07,139.25,113.9353,2019-01-11,False,2019-01-14,142.0,rollback,,
BASELINE,TXN,2018-11-21,97.75,162.6414,2019-01-14,False,2019-01-15,96.99,rollback,,
BASELINE,ANET,2018-12-07,14.8863,1065.7249,2019-01-16,False,2019-01-17,13.7369,rollback,,
BASELINE,HPQ,2018-12-07,23.9,663.7618,2019-01-22,False,2019-01-23,21.41,rollback,,
BASELINE,CSX,2019-01-10,21.27,714.3348,2019-01-22,False,2019-01-23,22.0267,rollback,,
BASELINE,ABT,2019-01-14,68.41,222.9514,2019-01-23,False,2019-01-24,70.0,rollback,,
BASELINE,WMB,2018-11-20,25.11,631.3034,2019-02-05,False,2019-02-06,27.15,rollback,,
BASELINE,KMI,2018-08-07,18.05,978.0264,2019-02-06,False,2019-02-07,18.02,rollback,,
BASELINE,ORLY,2019-01-15,22.75,675.088,2019-02-06,False,2019-02-07,24.1067,rollback,,
BASELINE,AAPL,2019-01-28,38.9475,392.0275,2019-02-11,False,2019-02-12,42.525,rollback,,
BASELINE,WDC,2019-01-25,45.5,341.316,2019-02-15,False,2019-02-19,48.42,rollback,,
BASELINE,WMT,2019-02-08,32.1133,490.5857,2019-02-20,False,2019-02-21,33.22,rollback,,
BASELINE,KEY,2019-02-08,17.01,926.2266,2019-02-21,False,2019-02-22,17.71,rollback,,
BASELINE,MDT,2019-01-18,88.52,177.1109,2019-02-25,False,2019-02-26,92.25,rollback,,
BASELINE,BMY,2018-12-07,53.23,298.0108,2019-03-06,False,2019-03-07,52.7,rollback,,
BASELINE,WFC,2019-02-26,49.49,326.2625,2019-03-19,False,2019-03-20,51.19,rollback,,
BASELINE,NVDA,2019-02-13,3.809,4240.7387,2019-03-20,False,2019-03-21,4.3833,rollback,,
BASELINE,AMZN,2019-02-06,83.5375,191.8979,2019-03-22,False,2019-03-25,87.8895,rollback,,
BASELINE,AMD,2019-03-20,26.49,622.3762,2019-03-22,False,2019-03-25,26.29,rollback,,
BASELINE,DHI,2019-03-08,40.34,386.299,2019-03-26,False,2019-03-27,42.14,rollback,,
BASELINE,FCX,2019-03-21,12.71,1284.5059,2019-04-05,False,2019-04-08,13.45,rollback,,
BASELINE,F,2019-03-27,8.75,1862.9398,2019-04-15,False,2019-04-16,9.32,rollback,,
BASELINE,BKNG,2018-06-01,84.8396,194.4125,2019-04-16,False,2019-04-17,73.9452,rollback,,
BASELINE,BAC,2019-02-19,28.93,567.6795,2019-04-22,False,2019-04-23,29.99,rollback,,
BASELINE,HRB,2019-02-22,24.66,657.3563,2019-04-23,False,2019-04-24,26.35,rollback,,
BASELINE,WMT,2019-04-08,32.8167,495.8744,2019-04-26,False,2019-04-29,33.96,rollback,,
BASELINE,NEE,2019-04-16,47.765,346.4755,2019-05-01,False,2019-05-02,48.21,rollback,,
BASELINE,FB,2019-03-27,167.85,97.11,2019-05-02,False,2019-05-03,194.38,rollback,,
BASELINE,JNJ,2019-04-17,139.0,123.8998,2019-05-02,False,2019-05-03,141.29,rollback,,
BASELINE,CVS,2019-01-24,65.5,235.3829,2019-05-03,False,2019-05-06,55.97,rollback,,
BASELINE,GE,2019-04-29,47.6984,366.6042,2019-05-07,False,2019-05-08,50.24,rollback,,
BASELINE,QCOM,2018-11-30,58.22,278.7898,2019-05-08,False,2019-05-09,83.37,rollback,,
BASELINE,PFE,2019-05-03,41.22,429.538,2019-05-17,False,2019-05-20,41.4,rollback,,
BASELINE,COTY,2019-05-06,11.26,1544.3434,2019-05-22,False,2019-05-23,13.03,rollback,,
BASELINE,DWDP,2019-02-21,56.28,290.222,2019-05-31,False,2019-05-31,30.52,delisted,,
BASELINE,AMD,2019-05-03,28.3,625.7006,2019-06-12,False,2019-06-13,32.39,rollback,,
BASELINE,AMAT,2019-05-20,41.8,410.8953,2019-06-12,False,2019-06-13,41.61,rollback,,
BASELINE,CMG,2019-05-03,14.1514,1251.2149,2019-06-13,False,2019-06-14,14.6776,rollback,,
BASELINE,CVX,2019-05-10,121.17,140.882,2019-06-19,False,2019-06-20,124.31,rollback,,
BASELINE,CTL,2019-03-27,12.25,1330.5383,2019-06-21,False,2019-06-24,11.38,rollback,,
BASELINE,STX,2019-05-09,48.21,354.241,2019-06-25,False,2019-06-26,47.24,rollback,,
BASELINE,WMT,2019-05-23,33.94,492.7302,2019-06-26,False,2019-06-27,36.6867,rollback,,
BASELINE,NVDA,2019-06-14,3.6128,4893.9915,2019-07-02,False,2019-07-03,4.0793,rollback,,
BASELINE,JCI,2019-06-13,39.82,443.1437,2019-07-08,False,2019-07-09,41.66,rollback,,
BASELINE,ANET,2019-06-27,16.0494,1138.5167,2019-07-08,False,2019-07-09,16.6244,rollback,,
BASELINE,ORLY,2019-07-03,25.5333,729.5685,2019-07-19,False,2019-07-22,26.5413,rollback,,
BASELINE,EW,2019-07-10,63.01,297.7995,2019-08-05,False,2019-08-06,70.4867,rollback,,
BASELINE,APC,2019-06-27,70.69,258.475,2019-08-08,False,2019-08-08,72.77,delisted,,
BASELINE,NEE,2019-08-07,52.8475,332.5602,2019-08-14,False,2019-08-15,53.6575,rollback,,
BASELINE,F,2019-06-14,10.01,1766.2466,2019-09-10,False,2019-09-11,9.29,rollback,,
BASELINE,AAPL,2019-08-19,52.655,338.5022,2019-09-13,False,2019-09-16,54.4325,rollback,,
BASELINE,ATVI,2019-04-24,46.45,375.1085,2019-09-16,False,2019-09-17,55.5,rollback,,
BASELINE,VZ,2019-06-20,57.9,313.4658,2019-09-16,False,2019-09-17,59.32,rollback,,
BASELINE,C,2019-06-05,65.45,259.9334,2019-09-19,False,2019-09-20,70.15,rollback,,
BASELINE,FCX,2019-07-22,11.56,1584.3065,2019-09-23,False,2019-09-24,10.31,rollback,,
BASELINE,NFLX,2019-04-23,37.545,460.383,2019-10-18,False,2019-10-21,27.289,rollback,,
BASELINE,ALXN,2019-09-11,109.87,166.8949,2019-10-25,False,2019-10-28,105.0,rollback,,
BASELINE,AMD,2019-06-28,31.08,593.1482,2019-10-29,False,2019-10-30,32.93,rollback,,
BASELINE,MSFT,2019-08-09,138.61,131.3206,2019-10-31,False,2019-11-01,144.26,rollback,,
BASELINE,FTNT,2019-09-17,15.98,1151.5819,2019-10-31,False,2019-11-01,17.732,rollback,,
BASELINE,MRK,2019-09-23,84.91,214.5675,2019-11-01,False,2019-11-04,85.59,rollback,,
BASELINE,XOM,2019-11-04,70.07,267.7108,2019-11-06,False,2019-11-07,72.03,rollback,,
BASELINE,MRO,2019-11-04,12.32,1522.5289,2019-11-06,False,2019-11-07,12.61,rollback,,
BASELINE,JNJ,2019-07-09,141.46,131.324,2019-11-18,False,2019-11-19,135.0,rollback,,
BASELINE,HPQ,2019-10-28,17.46,1057.2427,2019-11-20,False,2019-11-21,19.81,rollback,,
BASELINE,CMG,2019-09-18,16.5,1111.3494,2019-12-04,False,2019-12-05,16.18,rollback,,
BASELINE,KO,2019-10-21,54.45,335.4846,2019-12-05,False,2019-12-06,54.31,rollback,,
BASELINE,NEM,2019-09-18,39.53,463.859,2019-12-06,False,2019-12-09,40.12,rollback,,
BASELINE,SLB,2019-11-21,36.42,517.3927,2019-12-13,False,2019-12-16,39.11,rollback,,
BASELINE,F,2019-11-04,8.93,2100.7201,2019-12-17,False,2019-12-18,9.39,rollback,,
BASELINE,ATVI,2019-10-31,55.93,332.6199,2019-12-24,False,2019-12-26,58.81,rollback,,
BASELINE,HAL,2019-12-05,21.6,876.1245,2019-12-26,False,2019-12-27,24.55,rollback,,
BASELINE,NVDA,2019-11-19,5.2758,3592.4854,2019-12-27,False,2019-12-30,5.8998,rollback,,
BASELINE,NFLX,2019-12-18,31.626,630.9438,2019-12-27,False,2019-12-30,32.908,rollback,,
BASELINE,AMZN,2019-12-17,88.9005,223.6268,2019-12-31,False,2020-01-02,93.75,rollback,,
BASELINE,GIS,2020-01-02,53.63,375.392,2020-01-22,False,2020-01-23,53.83,rollback,,
BASELINE,TSCO,2019-12-06,19.51,973.1726,2020-02-07,False,2020-02-10,19.234,rollback,,
BASELINE,MPC,2019-11-08,65.87,283.0055,2020-02-14,False,2020-02-18,57.18,rollback,,
BASELINE,PEP,2019-12-30,136.7,147.269,2020-02-18,False,2020-02-19,145.62,rollback,,
BASELINE,WMT,2019-11-07,40.0,473.6463,2020-02-19,False,2020-02-20,39.07,rollback,,
BASELINE,AMD,2020-02-10,49.47,398.698,2020-02-21,False,2020-02-24,48.175,rollback,,
BASELINE,NFLX,2020-03-03,38.103,472.1624,2020-04-01,False,2020-04-02,36.408,rollback,,
BASELINE,PM,2019-09-26,74.91,241.2754,2020-04-07,False,2020-04-08,75.17,rollback,,
BASELINE,CVS,2019-12-26,74.7,270.5542,2020-04-13,False,2020-04-14,59.88,rollback,,
BASELINE,HBI,2020-01-02,14.77,1363.1198,2020-04-13,False,2020-04-14,9.49,rollback,,
BASELINE,F,2020-04-09,5.51,2666.4437,2020-04-13,False,2020-04-14,5.27,rollback,,
BASELINE,USB,2019-12-27,60.36,335.6816,2020-04-14,False,2020-04-15,35.13,rollback,,
BASELINE,BAC,2019-12-09,33.5,569.5749,2020-04-15,False,2020-04-16,22.15,rollback,,
BASELINE,T,2020-01-23,38.96,506.9055,2020-04-21,False,2020-04-22,30.9,rollback,,
BASELINE,AAPL,2020-02-20,80.6575,249.5786,2020-04-21,False,2020-04-22,68.4025,rollback,,
BASELINE,GILD,2020-04-17,85.17,168.6111,2020-04-28,False,2020-04-29,83.97,rollback,,
BASELINE,TWTR,2020-04-23,28.43,492.1585,2020-04-28,False,2020-04-29,30.06,rollback,,
BASELINE,CCL,2020-04-15,11.88,1207.8086,2020-04-30,False,2020-05-01,14.9,rollback,,
BASELINE,PFE,2020-04-03,32.63,407.9317,2020-05-01,False,2020-05-04,37.6,rollback,,
BASELINE,HBAN,2020-04-23,7.87,1777.7213,2020-05-01,False,2020-05-04,8.34,rollback,,
BASELINE,SYF,2020-04-23,16.06,871.1063,2020-05-01,False,2020-05-04,17.95,rollback,,
BASELINE,BEN,2020-02-19,26.16,773.94,2020-05-05,False,2020-05-06,18.12,rollback,,
BASELINE,AMAT,2020-05-08,52.41,292.7874,2020-05-21,False,2020-05-22,55.02,rollback,,
BASELINE,FTNT,2020-04-30,21.6,746.4385,2020-05-26,False,2020-05-27,27.45,rollback,,
BASELINE,AAL,2020-04-15,12.52,1146.0103,2020-05-28,False,2020-05-29,10.48,rollback,,
BASELINE,BAC,2020-05-11,23.11,671.8397,2020-05-28,False,2020-05-29,24.42,rollback,,
BASELINE,C,2020-05-11,45.21,343.39,2020-05-28,False,2020-05-29,48.02,rollback,,
BASELINE,F,2020-05-11,5.18,2997.4886,2020-05-29,False,2020-06-01,5.73,rollback,,
BASELINE,GPS,2020-05-22,8.21,1939.4218,2020-05-29,False,2020-06-01,9.38,rollback,,
BASELINE,VZ,2020-05-29,55.33,292.0222,2020-06-01,False,2020-06-02,55.82,rollback,,
BASELINE,HPQ,2020-04-29,15.9,997.8072,2020-06-09,False,2020-06-10,17.36,rollback,,
BASELINE,MRK,2020-05-29,79.46,203.3323,2020-06-09,False,2020-06-10,82.44,rollback,,
BASELINE,OXY,2020-02-20,42.7,471.414,2020-06-10,False,2020-06-11,17.84,rollback,,
BASELINE,SLB,2020-04-23,15.85,882.736,2020-06-10,False,2020-06-11,19.12,rollback,,
BASELINE,WFC,2020-05-27,27.8,615.8009,2020-06-10,False,2020-06-11,27.2,rollback,,
BASELINE,UA,2020-06-02,8.39,1923.5523,2020-06-10,False,2020-06-11,8.62,rollback,,
BASELINE,LRCX,2020-05-11,26.247,591.5129,2020-06-11,False,2020-06-12,29.2803,rollback,,
BASELINE,COTY,2020-06-02,4.5,3586.5357,2020-06-11,False,2020-06-12,4.95,rollback,,
BASELINE,CRM,2020-06-11,176.64,94.9201,2020-06-23,False,2020-06-24,187.51,rollback,,
BASELINE,NFLX,2020-06-10,43.6,420.7267,2020-06-24,False,2020-06-25,45.886,rollback,,
BASELINE,ORCL,2020-06-19,54.21,312.6535,2020-07-13,False,2020-07-14,56.67,rollback,,
BASELINE,GOOGL,2020-06-26,71.6315,226.5586,2020-07-13,False,2020-07-14,74.6395,rollback,,
BASELINE,PFE,2020-05-29,38.27,422.221,2020-07-14,False,2020-07-15,35.99,rollback,,
BASELINE,F,2020-07-15,6.54,2574.1845,2020-07-17,False,2020-07-20,6.8,rollback,,
BASELINE,KO,2020-07-15,46.3,363.5923,2020-07-23,False,2020-07-24,48.4,rollback,,
BASELINE,AMD,2020-06-10,57.2,320.7098,2020-08-17,False,2020-08-18,82.8,rollback,,
BASELINE,V,2020-07-20,194.74,87.2666,2020-08-31,False,2020-09-01,212.21,rollback,,
BASELINE,CMG,2020-06-19,20.8,814.7719,2020-09-03,False,2020-09-04,26.6578,rollback,,
BASELINE,GOOG,2020-08-18,76.309,242.9532,2020-09-03,False,2020-09-04,81.213,rollback,,
BASELINE,KSS,2020-09-04,22.05,834.6068,2020-09-18,False,2020-09-21,22.53,index_drop,,
BASELINE,TWTR,2020-09-21,39.43,442.8311,2020-09-24,False,2020-09-25,43.21,rollback,,
BASELINE,LRCX,2020-09-25,32.472,519.0972,2020-10-16,False,2020-10-19,36.75,rollback,,
BASELINE,CSX,2020-07-15,23.5,716.3185,2020-11-06,False,2020-11-09,30.1167,rollback,,
BASELINE,MS,2020-06-26,48.3,335.9818,2020-11-10,False,2020-11-11,55.94,rollback,,
BASELINE,XOM,2020-07-28,43.91,399.076,2020-11-10,False,2020-11-11,37.09,rollback,,
BASELINE,BAC,2020-09-08,26.14,689.9975,2020-11-12,False,2020-11-13,26.88,rollback,,
BASELINE,MYL,2020-11-11,15.71,1219.3002,2020-11-16,False,2020-11-16,15.855,delisted,,
BASELINE,KMI,2020-11-11,13.07,1465.659,2020-11-18,False,2020-11-19,13.7,rollback,,
BASELINE,MRO,2020-06-19,6.7,2529.8203,2020-11-25,False,2020-11-27,6.46,rollback,,
BASELINE,DVN,2020-06-19,13.42,1262.7726,2020-11-25,False,2020-11-27,14.98,rollback,,
BASELINE,AAL,2020-11-16,12.87,1504.5822,2020-11-27,False,2020-11-30,14.92,rollback,,
BASELINE,ABBV,2020-09-01,95.52,193.4749,2020-12-01,False,2020-12-02,104.0,rollback,,
BASELINE,NFLX,2020-11-30,49.008,425.0558,2020-12-08,False,2020-12-09,51.053,rollback,,
BASELINE,ATVI,2020-10-19,82.28,211.6229,2021-01-04,False,2021-01-05,90.32,rollback,,
BASELINE,NEE,2020-11-27,76.05,274.2269,2021-01-11,False,2021-01-12,79.65,rollback,,
BASELINE,GILD,2020-06-01,75.47,212.8078,2021-01-13,False,2021-01-14,61.64,rollback,,
BASELINE,EBAY,2020-11-20,49.8,395.9481,2021-01-13,False,2021-01-14,55.83,rollback,,
BASELINE,GOOGL,2021-01-14,87.4435,251.943,2021-01-27,False,2021-01-28,91.55,rollback,,
BASELINE,AAPL,2021-01-14,130.8,168.4395,2021-01-28,False,2021-01-29,135.83,rollback,,
BASELINE,KR,2020-11-09,31.98,581.6038,2021-01-29,False,2021-02-01,34.51,rollback,,
BASELINE,MSFT,2020-12-02,214.88,96.9311,2021-01-29,False,2021-02-01,235.06,rollback,,
BASELINE,NOW,2020-11-18,102.25,192.753,2021-02-09,False,2021-02-10,117.152,rollback,,
BASELINE,CSCO,2021-02-02,45.52,480.3585,2021-02-09,False,2021-02-10,46.15,rollback,,
BASELINE,NVDA,2021-02-03,13.636,1608.8794,2021-02-09,False,2021-02-10,14.4633,rollback,,
BASELINE,CMCSA,2021-01-29,50.31,435.9069,2021-02-12,False,2021-02-16,53.0,rollback,,
BASELINE,HPE,2021-01-12,12.04,1814.1094,2021-02-17,False,2021-02-18,13.91,rollback,,
BASELINE,LRCX,2021-02-12,57.018,396.5914,2021-02-22,False,2021-02-23,55.655,rollback,,
BASELINE,AAL,2021-01-28,20.33,1098.2209,2021-02-25,False,2021-02-26,20.61,rollback,,
BASELINE,SCHW,2021-02-16,58.93,390.4859,2021-02-25,False,2021-02-26,62.91,rollback,,
BASELINE,VZ,2021-02-18,56.94,401.7723,2021-02-25,False,2021-02-26,56.47,rollback,,
BASELINE,ORCL,2021-02-23,64.42,359.985,2021-03-04,False,2021-03-05,67.3101,rollback,,
BASELINE,AVGO,2021-03-02,49.037,473.2901,2021-03-29,False,2021-03-30,46.388,rollback,,
BASELINE,WMT,2021-01-05,48.8667,437.075,2021-03-30,False,2021-03-31,45.1833,rollback,,
BASELINE,ORLY,2021-02-11,30.3853,751.5347,2021-04-05,False,2021-04-06,33.8347,rollback,,
BASELINE,CPRT,2020-12-14,29.375,720.6409,2021-04-06,False,2021-04-07,28.1525,rollback,,
BASELINE,NFLX,2021-03-02,55.334,419.4508,2021-04-12,False,2021-04-13,55.7,rollback,,
BASELINE,CMG,2021-03-02,29.8682,776.9992,2021-04-13,False,2021-04-14,30.719,rollback,,
BASELINE,TWTR,2021-04-07,66.64,357.213,2021-04-14,False,2021-04-15,70.55,rollback,,
BASELINE,AMZN,2020-11-27,160.563,129.8929,2021-04-19,False,2021-04-20,168.68,rollback,,
BASELINE,WFC,2021-03-31,39.27,593.185,2021-04-20,False,2021-04-21,42.24,rollback,,
BASELINE,T,2021-03-05,29.01,778.3042,2021-04-26,False,2021-04-27,30.84,rollback,,
BASELINE,MOS,2021-04-14,32.44,735.0426,2021-04-30,False,2021-05-03,35.3,rollback,,
BASELINE,MDLZ,2021-04-21,59.37,393.632,2021-05-04,False,2021-05-05,60.94,rollback,,
BASELINE,JNJ,2021-04-20,161.0,142.3639,2021-05-05,False,2021-05-06,166.79,rollback,,
BASELINE,VZ,2021-05-03,58.23,419.5863,2021-05-07,False,2021-05-10,59.08,rollback,,
BASELINE,NKE,2021-04-13,135.6,176.9718,2021-05-10,False,2021-05-11,138.38,rollback,,
BASELINE,HAL,2020-06-19,13.78,1229.9058,2021-05-11,False,2021-05-12,22.63,rollback,,
BASELINE,ABBV,2021-03-30,106.86,216.8655,2021-05-11,False,2021-05-12,114.85,rollback,,
BASELINE,MS,2021-04-15,81.35,296.7922,2021-05-11,False,2021-05-12,85.4,rollback,,
BASELINE,KMI,2021-02-16,15.07,1527.0395,2021-05-13,False,2021-05-14,18.23,rollback,,
BASELINE,MRK,2021-05-06,77.44,319.5075,2021-05-18,False,2021-05-19,78.925,rollback,,
BASELINE,BMY,2021-05-14,65.2,382.4199,2021-05-25,False,2021-05-26,66.72,rollback,,
BASELINE,CCL,2021-04-27,27.59,875.9172,2021-06-03,False,2021-06-04,30.92,rollback,,
BASELINE,AAL,2021-05-17,22.32,1126.761,2021-06-03,False,2021-06-04,25.13,rollback,,
BASELINE,NCLH,2021-05-19,28.31,888.5415,2021-06-03,False,2021-06-04,32.37,rollback,,
BASELINE,APH,2021-05-10,34.06,744.7634,2021-06-07,False,2021-06-08,34.27,rollback,,
BASELINE,MSFT,2021-06-07,249.98,110.6876,2021-06-11,False,2021-06-14,257.9,rollback,,
BASELINE,F,2021-04-06,12.7,1865.1396,2021-06-14,False,2021-06-15,14.91,rollback,,
BASELINE,EBAY,2021-05-11,60.0443,412.9617,2021-06-14,False,2021-06-15,66.0,rollback,,
BASELINE,ORLY,2021-06-16,35.8133,764.8709,2021-06-23,False,2021-06-24,36.544,rollback,,
BASELINE,AMZN,2021-06-09,163.6435,168.2095,2021-06-24,False,2021-06-25,173.2,rollback,,
BASELINE,AMD,2021-05-26,77.83,337.4181,2021-07-07,False,2021-07-08,87.86,rollback,,
BASELINE,NFLX,2021-06-15,50.123,549.9736,2021-07-07,False,2021-07-08,53.093,rollback,,
BASELINE,MU,2021-06-16,82.73,331.1244,2021-08-05,False,2021-08-06,81.2,rollback,,
BASELINE,CNP,2021-07-09,25.38,1076.8939,2021-08-12,False,2021-08-13,26.87,rollback,,
BASELINE,WMT,2021-05-19,46.9033,536.3615,2021-08-18,False,2021-08-19,49.4433,rollback,,
BASELINE,GILD,2021-06-07,67.605,409.264,2021-08-19,False,2021-08-20,71.67,rollback,,
BASELINE,CSCO,2021-05-07,52.48,472.1899,2021-08-31,False,2021-09-01,59.02,rollback,,
BASELINE,MGM,2021-06-24,44.15,622.9049,2021-09-01,False,2021-09-02,42.48,rollback,,
BASELINE,MO,2021-06-08,50.55,546.2497,2021-09-07,False,2021-09-08,50.66,rollback,,
BASELINE,AAPL,2021-08-13,148.97,187.6596,2021-09-08,False,2021-09-09,155.49,rollback,,
BASELINE,NOW,2021-08-20,118.21,233.3971,2021-09-08,False,2021-09-09,131.156,rollback,,
BASELINE,NFLX,2021-08-06,52.4,528.441,2021-09-13,False,2021-09-14,58.489,rollback,,
BASELINE,UAL,2021-09-08,46.7,616.2376,2021-09-28,False,2021-09-29,48.8808,rollback,,
BASELINE,CCL,2021-09-14,23.2,1212.1144,2021-09-29,False,2021-09-30,25.44,rollback,,
BASELINE,ORCL,2021-09-09,89.6,318.1901,2021-10-21,False,2021-10-22,96.29,rollback,,
BASELINE,UAA,2021-10-22,20.82,1346.0834,2021-10-29,False,2021-11-01,22.0,rollback,,
BASELINE,SBUX,2021-09-01,118.01,243.5564,2021-11-08,False,2021-11-09,114.65,rollback,,
BASELINE,GPS,2021-09-29,25.49,1131.4228,2021-11-08,False,2021-11-09,24.59,rollback,,
BASELINE,UAL,2021-11-02,47.915,579.9998,2021-11-11,False,2021-11-12,51.35,rollback,,
BASELINE,BA,2021-06-25,250.75,110.6323,2021-11-16,False,2021-11-17,229.54,rollback,,
BASELINE,INTC,2021-11-09,51.54,547.4298,2021-12-08,False,2021-12-09,51.3,rollback,,
BASELINE,KHC,2021-09-09,36.92,772.2442,2021-12-17,False,2021-12-20,35.26,rollback,,
BASELINE,CMG,2021-11-10,35.88,781.6516,2021-12-28,False,2021-12-29,34.789,rollback,,
BASELINE,VZ,2021-07-08,55.75,484.6324,2021-12-29,False,2021-12-30,52.38,rollback,,
BASELINE,FCX,2021-11-12,40.67,688.3604,2021-12-30,False,2021-12-31,41.64,rollback,,
BASELINE,BMY,2021-08-20,68.71,401.561,2022-01-03,False,2022-01-04,61.5,rollback,,
BASELINE,LUV,2021-12-29,42.23,640.6927,2022-01-05,False,2022-01-06,44.48,rollback,,
BASELINE,LUMN,2021-12-20,12.48,2122.6998,2022-01-11,False,2022-01-12,13.31,rollback,,
BASELINE,T,2021-09-30,27.48,1038.5227,2022-01-21,False,2022-01-24,26.19,rollback,,
BASELINE,WFC,2022-01-04,51.58,536.4888,2022-01-21,False,2022-01-24,52.73,rollback,,
BASELINE,LVS,2022-01-12,39.25,719.4224,2022-01-27,False,2022-01-28,42.33,rollback,,
BASELINE,GPS,2022-01-26,17.88,1540.0815,2022-02-01,False,2022-02-02,18.46,index_drop,,
BASELINE,SLB,2021-12-31,29.57,918.6569,2022-02-02,False,2022-02-03,39.43,rollback,,
BASELINE,GOOGL,2022-02-02,151.25,181.5615,2022-02-07,False,2022-02-08,139.0265,rollback,,
BASELINE,NCLH,2022-01-10,22.44,1251.8708,2022-02-10,False,2022-02-11,22.57,rollback,,
BASELINE,MS,2022-01-28,99.1,270.0736,2022-02-11,False,2022-02-14,104.03,rollback,,
BASELINE,AAL,2022-02-08,17.4,1549.5853,2022-02-11,False,2022-02-14,17.85,rollback,,
BASELINE,VIAC,2021-05-19,39.43,637.988,2022-02-16,False,2022-02-16,29.58,delisted,,
BASELINE,NEM,2022-02-14,64.17,418.6908,2022-02-28,False,2022-03-01,66.94,rollback,,
BASELINE,MO,2022-02-14,50.37,533.3739,2022-03-07,False,2022-03-08,52.9,rollback,,
BASELINE,JNJ,2022-01-28,170.86,156.6368,2022-03-08,False,2022-03-09,170.01,rollback,,
BASELINE,KHC,2022-02-17,36.525,724.2584,2022-03-08,False,2022-03-09,39.11,rollback,,
BASELINE,CTRA,2022-03-01,23.68,1121.4816,2022-03-08,False,2022-03-09,25.65,rollback,,
BASELINE,SLB,2022-03-08,43.05,626.4959,2022-03-09,False,2022-03-10,43.1,rollback,,
BASELINE,KMI,2022-02-14,17.51,1534.4792,2022-03-11,False,2022-03-14,17.9,rollback,,
BASELINE,AVGO,2022-03-10,58.556,454.1941,2022-03-21,False,2022-03-22,60.172,rollback,,
BASELINE,HST,2022-03-11,18.47,1452.6734,2022-03-21,False,2022-03-22,18.47,rollback,,
BASELINE,ORCL,2021-11-17,95.76,291.7743,2022-03-23,False,2022-03-24,80.65,rollback,,
BASELINE,PYPL,2021-12-09,196.06,134.9899,2022-03-23,False,2022-03-24,115.82,rollback,,
BASELINE,KIM,2022-03-10,23.54,1129.7561,2022-03-23,False,2022-03-24,24.02,rollback,,
BASELINE,KMI,2022-03-22,17.99,1532.5448,2022-03-28,False,2022-03-29,18.52,rollback,,
BASELINE,SCHW,2022-03-15,84.11,313.9333,2022-03-30,False,2022-03-31,88.45,rollback,,
BASELINE,TWTR,2021-09-02,65.97,436.6791,2022-03-31,False,2022-04-01,39.16,rollback,,
BASELINE,NKE,2021-12-30,168.31,160.3475,2022-03-31,False,2022-04-01,134.45,rollback,,
BASELINE,PM,2022-03-31,93.78,295.2296,2022-04-04,False,2022-04-05,95.41,rollback,,
BASELINE,VZ,2022-02-03,54.0,498.8176,2022-04-07,False,2022-04-08,52.73,rollback,,
BASELINE,XOM,2022-03-22,81.63,337.7662,2022-04-11,False,2022-04-12,85.71,rollback,,
BASELINE,GILD,2022-03-30,60.42,463.4714,2022-04-12,False,2022-04-13,61.62,rollback,,
BASELINE,KO,2022-03-25,61.12,450.2795,2022-04-26,False,2022-04-27,65.0,rollback,,
BASELINE,UAL,2022-04-14,45.49,605.2664,2022-04-26,False,2022-04-27,48.75,rollback,,
BASELINE,QCOM,2022-03-25,157.97,174.2084,2022-05-05,False,2022-05-06,141.248,rollback,,
BASELINE,DVN,2022-04-08,60.34,451.5224,2022-05-09,False,2022-05-10,63.51,rollback,,
BASELINE,MRK,2022-04-29,88.66,300.0223,2022-05-13,False,2022-05-16,90.79,rollback,,
BASELINE,OXY,2022-04-08,57.7,472.205,2022-05-18,False,2022-05-19,63.03,rollback,,
BASELINE,SLB,2022-04-11,42.64,642.9617,2022-05-18,False,2022-05-19,40.04,rollback,,
BASELINE,KMI,2022-05-09,19.0,1390.2694,2022-05-18,False,2022-05-19,18.97,rollback,,
BASELINE,MU,2022-05-16,71.51,366.8077,2022-05-18,False,2022-05-19,70.76,rollback,,
BASELINE,APA,2022-05-20,41.08,621.6146,2022-05-24,False,2022-05-25,43.51,rollback,,
BASELINE,BKR,2022-04-11,36.72,746.6573,2022-05-31,False,2022-06-01,36.53,rollback,,
BASELINE,V,2022-04-29,218.62,121.6661,2022-06-01,False,2022-06-02,211.89,rollback,,
BASELINE,C,2022-05-20,50.26,508.1019,2022-06-01,False,2022-06-02,52.4,rollback,,
BASELINE,BEN,2022-05-23,26.24,970.6533,2022-06-01,False,2022-06-02,26.63,rollback,,
BASELINE,GOOG,2022-06-01,114.9315,235.0164,2022-06-03,False,2022-06-06,116.7425,rollback,,
BASELINE,JPM,2022-05-24,124.36,205.7514,2022-06-08,False,2022-06-09,127.37,rollback,,
BASELINE,FB,2022-06-03,195.98,136.0474,2022-06-08,False,2022-06-09,194.28,index_drop,,
BASELINE,GOOGL,2022-06-22,110.5565,217.6602,2022-06-27,False,2022-06-28,115.8025,rollback,,
BASELINE,GOOG,2022-06-22,111.163,216.4618,2022-06-27,False,2022-06-28,116.351,rollback,,
BASELINE,BMY,2022-06-08,76.52,347.0882,2022-06-30,False,2022-07-01,76.98,rollback,,
BASELINE,MSFT,2022-06-30,257.05,93.1464,2022-07-11,False,2022-07-12,265.88,rollback,,
BASELINE,CCL,2022-04-14,19.71,1397.0038,2022-07-21,False,2022-07-22,9.9,rollback,,
BASELINE,NCLH,2022-06-03,15.65,1703.5939,2022-07-21,False,2022-07-22,12.7,rollback,,
BASELINE,HPE,2022-05-10,16.0,1600.952,2022-07-22,False,2022-07-25,13.89,rollback,,
BASELINE,NFLX,2022-05-26,18.649,1393.2712,2022-07-22,False,2022-07-25,22.131,rollback,,
BASELINE,F,2022-03-25,16.74,1644.1134,2022-07-26,False,2022-07-27,12.75,rollback,,
BASELINE,TSLA,2022-06-03,243.225,109.6265,2022-07-26,False,2022-07-27,263.81,rollback,,
BASELINE,CSCO,2022-03-16,55.93,481.1116,2022-08-01,False,2022-08-02,45.52,rollback,,
BASELINE,SLB,2022-07-25,35.65,735.8908,2022-08-01,False,2022-08-02,36.5,rollback,,
BASELINE,WMB,2022-07-14,30.2,789.8948,2022-08-02,False,2022-08-03,33.27,rollback,,
BASELINE,KO,2022-07-27,62.88,421.7737,2022-08-02,False,2022-08-03,63.55,rollback,,
BASELINE,MDLZ,2022-07-25,62.06,422.707,2022-08-04,False,2022-08-05,64.15,rollback,,
BASELINE,SCHW,2022-07-22,63.37,415.7387,2022-08-08,False,2022-08-09,68.81,rollback,,
BASELINE,GILD,2022-08-09,61.58,446.32,2022-08-11,False,2022-08-12,62.71,rollback,,
BASELINE,VTRS,2022-08-09,10.0301,2740.3278,2022-08-16,False,2022-08-17,10.99,rollback,,
BASELINE,CCL,2022-08-03,9.5,2874.2127,2022-08-17,False,2022-08-18,10.56,rollback,,
BASELINE,JPM,2022-08-08,116.25,237.2102,2022-08-18,False,2022-08-19,120.62,rollback,,
BASELINE,CMG,2022-07-01,26.0416,916.1892,2022-08-19,False,2022-08-22,32.8,rollback,,
BASELINE,BSX,2022-07-22,38.18,690.0649,2022-08-19,False,2022-08-22,41.62,rollback,,
BASELINE,WMT,2022-08-12,43.3333,656.8632,2022-08-19,False,2022-08-22,45.4,rollback,,
BASELINE,HAL,2022-08-19,29.55,965.5566,2022-08-26,False,2022-08-29,31.17,rollback,,
BASELINE,APA,2022-08-19,35.962,793.3589,2022-08-31,False,2022-09-01,38.405,rollback,,
BASELINE,GILD,2022-09-02,65.04,424.8304,2022-09-13,False,2022-09-14,64.41,rollback,,
BASELINE,GM,2022-09-08,39.45,702.3059,2022-09-13,False,2022-09-14,40.74,rollback,,
BASELINE,NCLH,2022-09-08,13.72,2019.5872,2022-09-16,False,2022-09-19,15.1,rollback,,
BASELINE,DXCM,2022-08-26,87.73,327.9184,2022-10-14,False,2022-10-17,99.41,rollback,,
BASELINE,AAL,2022-08-02,14.05,1937.7582,2022-10-20,False,2022-10-21,13.36,rollback,,
BASELINE,PFE,2022-07-27,51.94,510.5854,2022-10-27,False,2022-10-28,45.98,rollback,,
BASELINE,UAL,2022-08-02,37.22,731.4385,2022-11-02,False,2022-11-03,40.57,rollback,,
BASELINE,WMT,2022-09-08,45.1333,613.9004,2022-11-02,False,2022-11-03,46.5033,rollback,,
BASELINE,JNJ,2022-09-23,165.74,157.0443,2022-11-02,False,2022-11-03,169.81,rollback,,
BASELINE,CCL,2022-10-21,7.93,3427.0973,2022-11-02,False,2022-11-03,8.34,rollback,,
BASELINE,XOM,2022-09-15,96.22,290.1114,2022-11-09,False,2022-11-10,110.19,rollback,,
BASELINE,USB,2022-10-17,43.88,619.2841,2022-11-09,False,2022-11-10,44.0,rollback,,
BASELINE,MU,2022-08-19,61.835,461.4478,2022-11-16,False,2022-11-17,57.3,rollback,,
BASELINE,NEM,2022-11-09,43.66,646.9699,2022-11-16,False,2022-11-17,44.48,rollback,,
BASELINE,QCOM,2022-11-11,118.99,245.6593,2022-11-16,False,2022-11-17,118.95,rollback,,
BASELINE,V,2022-11-11,206.0,141.891,2022-11-16,False,2022-11-17,207.96,rollback,,
BASELINE,AMD,2022-10-31,60.75,475.2196,2022-11-21,False,2022-11-22,72.72,rollback,,
BASELINE,KDP,2022-11-09,37.82,746.8349,2022-12-05,False,2022-12-06,37.98,rollback,,
BASELINE,MO,2022-11-23,45.21,641.4035,2022-12-05,False,2022-12-06,47.18,rollback,,
BASELINE,ABBV,2022-11-08,148.83,190.4352,2022-12-09,False,2022-12-12,163.21,rollback,,
BASELINE,PCG,2022-11-21,15.1,1904.3959,2022-12-15,False,2022-12-16,16.09,rollback,,
BASELINE,LUMN,2022-06-28,11.5,2213.7042,2023-01-17,False,2023-01-18,5.59,rollback,,
BASELINE,LRCX,2022-12-13,48.554,590.8132,2023-01-17,False,2023-01-18,47.718,rollback,,
BASELINE,HAL,2022-12-21,37.96,687.8056,2023-01-17,False,2023-01-18,43.0,rollback,,
BASELINE,CCL,2022-11-30,9.81,2918.8042,2023-01-19,False,2023-01-20,10.28,rollback,,
BASELINE,AAL,2022-11-25,14.4,2014.3965,2023-01-24,False,2023-01-25,15.97,rollback,,
BASELINE,DIS,2022-11-25,98.81,293.5519,2023-02-06,False,2023-02-07,109.295,rollback,,
BASELINE,HBAN,2023-01-24,14.76,2034.0579,2023-02-06,False,2023-02-07,15.34,rollback,,
BASELINE,WBD,2022-12-13,11.65,2462.5932,2023-02-07,False,2023-02-08,15.26,rollback,,
BASELINE,TSLA,2023-01-18,136.555,222.3273,2023-02-16,False,2023-02-17,199.985,rollback,,
BASELINE,PCG,2023-01-26,15.96,1919.6828,2023-03-07,False,2023-03-08,16.32,rollback,,
BASELINE,BMY,2023-01-20,73.9,396.7505,2023-04-04,False,2023-04-05,69.46,rollback,,
BASELINE,APA,2023-01-20,44.86,653.5532,2023-04-04,False,2023-04-05,37.89,rollback,,
BASELINE,GILD,2023-02-07,86.6,363.9408,2023-04-04,False,2023-04-05,82.3,rollback,,
BASELINE,CNC,2023-04-06,66.28,431.9147,2023-04-12,False,2023-04-13,67.52,rollback,,
BASELINE,MS,2023-04-14,86.43,333.5087,2023-04-20,False,2023-04-21,90.48,rollback,,
BASELINE,CSX,2022-12-13,33.25,862.7903,2023-04-24,False,2023-04-25,31.06,rollback,,
BASELINE,MSFT,2023-04-27,295.97,95.9449,2023-05-03,False,2023-05-04,306.24,rollback,,
BASELINE,CMCSA,2023-02-17,39.71,775.1804,2023-05-04,False,2023-05-05,40.57,rollback,,
BASELINE,EQT,2022-11-07,42.57,658.6037,2023-05-19,False,2023-05-22,35.46,rollback,,
BASELINE,AAL,2023-03-08,16.41,1834.5869,2023-05-19,False,2023-05-22,14.915,rollback,,
BASELINE,KLAC,2023-02-08,41.298,765.7023,2023-05-23,False,2023-05-24,40.685,rollback,,
BASELINE,LRCX,2023-04-21,52.419,554.4084,2023-05-23,False,2023-05-24,56.354,rollback,,
BASELINE,AMAT,2023-05-04,113.05,249.9059,2023-05-23,False,2023-05-24,121.92,rollback,,
BASELINE,ANET,2023-05-22,36.31,817.8183,2023-06-06,False,2023-06-07,39.9175,rollback,,
BASELINE,KEY,2023-04-14,12.55,2296.94,2023-06-08,False,2023-06-09,10.98,rollback,,
BASELINE,WBD,2023-06-07,12.12,2521.3112,2023-06-15,False,2023-06-16,13.09,rollback,,
BASELINE,PYPL,2022-09-15,95.1,293.5134,2023-06-21,False,2023-06-22,67.52,rollback,,
BASELINE,INTC,2023-05-05,31.38,914.465,2023-06-21,False,2023-06-22,32.69,rollback,,
BASELINE,F,2023-05-24,11.64,2528.4915,2023-06-21,False,2023-06-22,13.91,rollback,,
BASELINE,VZ,2023-06-13,35.5,890.8736,2023-07-06,False,2023-07-07,36.22,rollback,,
BASELINE,MRO,2023-05-22,23.13,1283.7656,2023-07-14,False,2023-07-17,24.05,rollback,,
BASELINE,OXY,2023-05-24,60.17,489.117,2023-07-14,False,2023-07-17,59.1,rollback,,
BASELINE,CRM,2023-06-23,210.5,145.9535,2023-07-17,False,2023-07-18,227.05,rollback,,
BASELINE,SLB,2023-05-24,45.96,640.3111,2023-07-21,False,2023-07-24,56.22,rollback,,
BASELINE,HBAN,2023-07-10,10.82,2929.9262,2023-07-21,False,2023-07-24,11.85,rollback,,
BASELINE,KO,2023-06-16,61.6,517.2004,2023-07-25,False,2023-07-26,61.86,rollback,,
BASELINE,SCHW,2023-02-07,79.13,398.3173,2023-07-27,False,2023-07-28,66.1,rollback,,
BASELINE,INTC,2023-07-18,34.28,946.3399,2023-07-31,False,2023-08-01,35.82,rollback,,
BASELINE,KLAC,2023-07-28,50.0,654.4451,2023-08-02,False,2023-08-03,49.727,rollback,,
BASELINE,TSCO,2023-07-28,45.06,726.1567,2023-08-04,False,2023-08-07,44.462,rollback,,
BASELINE,AMZN,2023-08-07,140.99,229.5275,2023-08-08,False,2023-08-09,139.97,rollback,,
BASELINE,WBD,2023-08-04,12.94,2493.2403,2023-08-09,False,2023-08-10,14.28,rollback,,
BASELINE,MRK,2023-07-24,109.99,299.3369,2023-08-24,False,2023-08-25,109.94,rollback,,
BASELINE,VZ,2023-08-14,33.19,960.6489,2023-09-05,False,2023-09-06,34.1,rollback,,
BASELINE,MO,2023-04-14,45.14,638.5405,2023-09-13,False,2023-09-14,43.82,rollback,,
BASELINE,T,2023-06-28,15.81,1966.3597,2023-09-18,False,2023-09-19,15.06,rollback,,
BASELINE,KHC,2023-07-17,35.69,901.7997,2023-09-22,False,2023-09-25,34.11,rollback,,
BASELINE,KMI,2023-08-14,17.81,1790.1372,2023-10-19,False,2023-10-20,17.04,rollback,,
BASELINE,MRO,2023-09-28,27.265,1118.8245,2023-10-23,False,2023-10-24,28.37,rollback,,
BASELINE,T,2023-10-20,15.19,2036.4746,2023-10-25,False,2023-10-26,15.17,rollback,,
BASELINE,IBM,2023-10-27,143.62,206.4307,2023-11-09,False,2023-11-10,147.44,rollback,,
BASELINE,GOOG,2023-08-28,132.08,240.3654,2023-11-17,False,2023-11-20,135.5,rollback,,
BASELINE,GOOGL,2023-11-13,131.78,244.8933,2023-11-17,False,2023-11-20,133.69,rollback,,
BASELINE,CCL,2023-07-24,17.88,1841.483,2023-11-24,False,2023-11-27,14.38,rollback,,
BASELINE,META,2023-09-06,301.71,106.4685,2023-11-24,False,2023-11-27,336.18,rollback,,
BASELINE,CMG,2023-06-22,41.38,750.2497,2023-11-27,False,2023-11-28,44.2,rollback,,
BASELINE,ORCL,2023-07-17,118.85,270.819,2023-11-27,False,2023-11-28,116.0,rollback,,
BASELINE,AMD,2023-08-01,114.26,287.4103,2023-11-27,False,2023-11-28,121.98,rollback,,
BASELINE,DIS,2023-09-15,85.22,377.5085,2023-11-28,False,2023-11-29,92.6,rollback,,
BASELINE,HPE,2023-11-30,16.84,1976.1553,2023-12-04,False,2023-12-05,16.43,rollback,,
BASELINE,MRK,2023-10-26,103.1,288.4141,2023-12-07,False,2023-12-08,103.79,rollback,,
BASELINE,NEE,2023-11-20,57.0,584.3373,2023-12-15,False,2023-12-18,61.6,rollback,,
BASELINE,BMY,2023-12-06,50.32,667.5153,2023-12-15,False,2023-12-18,51.15,rollback,,
BASELINE,GILD,2023-12-01,76.78,434.9754,2023-12-18,False,2023-12-19,79.58,rollback,,
BASELINE,WBD,2023-12-04,11.24,2977.8611,2023-12-18,False,2023-12-19,11.94,rollback,,
BASELINE,KR,2023-12-01,44.51,750.3724,2023-12-19,False,2023-12-20,44.88,rollback,,
BASELINE,CMCSA,2023-09-19,45.57,696.6709,2023-12-20,False,2023-12-21,44.22,rollback,,
BASELINE,AMD,2023-12-08,129.54,262.5631,2023-12-20,False,2023-12-21,138.14,rollback,,
BASELINE,GOOGL,2023-12-19,136.84,257.358,2023-12-27,False,2023-12-28,140.78,rollback,,
BASELINE,GOOG,2023-12-19,138.0,255.1692,2023-12-27,False,2023-12-28,141.85,rollback,,
BASELINE,WMT,2023-12-19,51.6133,682.2875,2023-12-28,False,2023-12-29,52.51,rollback,,
BASELINE,OXY,2023-12-19,59.12,595.5953,2023-12-28,False,2023-12-29,60.0,rollback,,
BASELINE,WBA,2023-12-05,20.73,1623.8825,2024-01-03,False,2024-01-04,24.19,rollback,,
BASELINE,PFE,2023-12-01,28.97,1152.9426,2024-01-04,False,2024-01-05,29.02,rollback,,
BASELINE,CVS,2023-11-20,68.4,486.9234,2024-01-08,False,2024-01-09,80.55,rollback,,
BASELINE,T,2023-12-20,16.57,2105.9714,2024-01-08,False,2024-01-09,16.97,rollback,,
BASELINE,NI,2023-12-29,26.41,1364.7652,2024-01-09,False,2024-01-10,27.13,rollback,,
BASELINE,VZ,2024-01-03,39.53,891.2832,2024-01-09,False,2024-01-10,39.08,rollback,,
BASELINE,TSCO,2024-01-05,42.742,838.2187,2024-01-09,False,2024-01-10,44.146,rollback,,
BASELINE,PYPL,2024-01-09,60.28,593.6757,2024-01-22,False,2024-01-23,64.525,rollback,,
BASELINE,PG,2024-01-02,146.36,246.1488,2024-01-24,False,2024-01-25,152.4,rollback,,
BASELINE,AAL,2024-01-09,14.51,2466.4753,2024-01-30,False,2024-01-31,14.49,rollback,,
BASELINE,AMZN,2024-01-10,152.06,234.6453,2024-01-30,False,2024-01-31,157.0,rollback,,
BASELINE,PANW,2024-01-10,152.6,233.8033,2024-01-31,False,2024-02-01,169.5,rollback,,
BASELINE,NOW,2024-01-10,141.5,252.1315,2024-01-31,False,2024-02-01,153.818,rollback,,
BASELINE,T,2024-01-23,17.04,2115.5356,2024-02-06,False,2024-02-07,17.6,rollback,,
BASELINE,F,2024-01-31,11.76,3103.0852,2024-02-14,False,2024-02-15,12.35,rollback,,
BASELINE,MRO,2023-12-22,24.89,1444.5869,2024-02-28,False,2024-02-29,24.23,rollback,,
BASELINE,AMD,2024-02-15,179.14,197.1803,2024-03-11,False,2024-03-12,200.52,rollback,,
BASELINE,DVN,2024-01-31,43.18,845.0778,2024-03-12,False,2024-03-13,47.02,rollback,,
BASELINE,PARA,2024-02-01,14.9,2435.6088,2024-03-21,False,2024-03-22,11.84,rollback,,
BASELINE,DAL,2024-01-09,41.4,864.3715,2024-03-22,False,2024-03-25,45.48,rollback,,
BASELINE,TFC,2024-01-25,38.0,957.4339,2024-04-01,False,2024-04-02,38.12,rollback,,
BASELINE,BMY,2024-03-26,52.39,691.253,2024-04-01,False,2024-04-02,53.1,rollback,,
BASELINE,KDP,2023-12-22,32.465,956.5516,2024-04-04,False,2024-04-05,30.7,rollback,,
BASELINE,AMZN,2024-03-13,175.9,202.6417,2024-04-10,False,2024-04-11,186.74,rollback,,
BASELINE,MO,2024-02-02,41.49,871.7345,2024-05-06,False,2024-05-07,43.6,rollback,,
BASELINE,KO,2024-03-12,60.32,594.8452,2024-05-14,False,2024-05-15,63.06,rollback,,
BASELINE,NFLX,2024-05-07,59.628,592.8382,2024-05-14,False,2024-05-15,61.857,rollback,,
BASELINE,MSFT,2024-04-08,425.17,83.771,2024-05-17,False,2024-05-20,420.21,rollback,,
BASELINE,AVGO,2024-03-22,135.0,268.4535,2024-05-21,False,2024-05-22,139.601,rollback,,
BASELINE,AAPL,2024-02-07,190.64,189.2447,2024-05-23,False,2024-05-24,188.82,rollback,,
BASELINE,VZ,2024-05-31,40.14,883.9418,2024-06-05,False,2024-06-06,41.31,rollback,,
BASELINE,SBUX,2024-04-02,91.11,397.0069,2024-06-07,False,2024-06-10,81.49,rollback,,
BASELINE,NCLH,2024-05-22,16.93,2130.3601,2024-06-07,False,2024-06-10,17.67,rollback,,
BASELINE,WMT,2024-04-11,60.75,583.2019,2024-06-12,False,2024-06-13,66.3,rollback,,
BASELINE,AVGO,2024-06-06,142.187,255.9119,2024-06-25,False,2024-06-26,159.762,rollback,,
BASELINE,F,2024-05-15,12.49,2880.2729,2024-07-05,False,2024-07-08,12.97,rollback,,
BASELINE,BKR,2024-05-15,32.6,1103.4605,2024-07-05,False,2024-07-08,34.14,rollback,,
BASELINE,CRM,2024-06-26,241.47,150.1793,2024-07-08,False,2024-07-09,256.09,rollback,,
BASELINE,VTRS,2024-04-04,12.16,2984.5974,2024-07-15,False,2024-07-16,11.0,rollback,,
BASELINE,MDT,2024-06-10,83.72,433.4738,2024-07-18,False,2024-07-19,81.58,rollback,,
BASELINE,XOM,2024-05-20,119.73,302.7298,2024-07-19,False,2024-07-22,115.18,rollback,,
BASELINE,TSLA,2024-06-13,188.39,194.8469,2024-07-19,False,2024-07-22,244.21,rollback,,
BASELINE,PCAR,2024-07-16,104.92,367.5445,2024-07-19,False,2024-07-22,108.4,rollback,,
BASELINE,PFE,2024-07-11,28.78,1336.6895,2024-07-23,False,2024-07-24,29.51,rollback,,
BASELINE,MTCH,2024-07-10,31.16,1226.2312,2024-07-24,False,2024-07-25,33.06,rollback,,
BASELINE,WBD,2024-01-03,11.48,3183.1992,2024-07-25,False,2024-07-26,8.1,rollback,,
BASELINE,PYPL,2024-07-23,60.72,645.9472,2024-08-02,False,2024-08-05,60.7,rollback,,
BASELINE,NEE,2024-07-11,73.5,523.3742,2024-08-05,False,2024-08-06,76.85,rollback,,
BASELINE,PG,2024-08-05,170.88,225.0376,2024-08-09,False,2024-08-12,169.4,rollback,,
BASELINE,MMM,2024-06-10,100.43,361.3324,2024-08-16,False,2024-08-19,127.08,rollback,,
BASELINE,CNC,2024-07-26,69.45,559.1815,2024-08-20,False,2024-08-21,78.46,rollback,,
BASELINE,WBD,2024-08-21,7.8,5208.0702,2024-08-27,False,2024-08-28,8.12,rollback,,
BASELINE,NFLX,2024-08-12,63.1,611.684,2024-08-28,False,2024-08-29,69.0,rollback,,
BASELINE,SBUX,2024-07-22,78.33,504.19,2024-09-03,False,2024-09-04,93.37,rollback,,
BASELINE,PEP,2024-09-04,177.9,225.8338,2024-09-06,False,2024-09-09,177.05,rollback,,
BASELINE,PFE,2024-09-10,29.42,1374.7746,2024-09-17,False,2024-09-18,30.0,rollback,,
BASELINE,MNST,2024-07-29,51.0,780.7976,2024-09-20,False,2024-09-23,51.19,rollback,,
BASELINE,TSLA,2024-08-19,217.07,186.6417,2024-09-20,False,2024-09-23,242.61,rollback,,
BASELINE,T,2024-08-07,19.2,2009.772,2024-09-23,False,2024-09-24,21.38,rollback,,
BASELINE,CRM,2024-07-26,258.17,150.4323,2024-10-01,False,2024-10-02,273.72,rollback,,
BASELINE,MU,2024-09-24,94.73,440.152,2024-10-01,False,2024-10-02,100.59,rollback,,
BASELINE,BMY,2024-09-23,49.56,833.812,2024-10-08,False,2024-10-09,52.25,rollback,,
BASELINE,XOM,2024-08-30,116.79,349.0214,2024-10-15,False,2024-10-16,120.89,rollback,,
BASELINE,KEY,2024-10-07,16.69,2512.9884,2024-10-17,False,2024-10-18,17.16,rollback,,
BASELINE,BAC,2024-10-07,40.21,1043.1205,2024-10-21,False,2024-10-22,41.65,rollback,,
BASELINE,NFLX,2024-10-09,71.925,575.2723,2024-10-23,False,2024-10-24,75.197,rollback,,
BASELINE,KVUE,2024-10-22,22.55,1865.0681,2024-11-12,False,2024-11-13,23.45,rollback,,
BASELINE,AMZN,2024-10-18,187.15,226.6254,2024-11-15,False,2024-11-18,204.15,rollback,,
BASELINE,BKR,2024-10-24,37.1,1131.9716,2024-11-25,False,2024-11-26,43.75,rollback,,
BASELINE,VTRS,2024-08-29,11.91,3436.9342,2024-11-26,False,2024-11-27,13.08,rollback,,
BASELINE,VZ,2024-11-18,41.67,1000.2518,2024-12-04,False,2024-12-05,42.59,rollback,,
BASELINE,BA,2024-02-29,206.44,170.1807,2024-12-05,False,2024-12-06,157.03,rollback,,
BASELINE,MRK,2024-07-30,123.48,324.5442,2024-12-10,False,2024-12-11,100.7,rollback,,
BASELINE,META,2024-11-27,574.89,74.4022,2024-12-17,False,2024-12-18,621.0,rollback,,
BASELINE,MSFT,2024-11-13,421.64,100.6865,2024-12-18,False,2024-12-19,441.62,rollback,,
BASELINE,PFE,2024-10-16,29.5,1430.7758,2024-12-26,False,2024-12-27,26.43,rollback,,
BASELINE,NVDA,2024-12-05,145.11,294.7764,2025-01-07,False,2025-01-08,142.58,rollback,,
BASELINE,OXY,2024-12-27,48.2,859.796,2025-01-21,False,2025-01-22,50.4,rollback,,
BASELINE,NEM,2024-12-12,41.62,1024.7697,2025-01-22,False,2025-01-23,41.51,rollback,,
BASELINE,WBA,2025-01-08,9.5,4327.1903,2025-01-27,False,2025-01-28,11.27,rollback,,
BASELINE,KO,2024-12-18,62.81,668.0684,2025-01-28,False,2025-01-29,62.56,rollback,,
BASELINE,PLTR,2025-01-23,76.04,562.4427,2025-01-29,False,2025-01-30,80.02,rollback,,
BASELINE,NKE,2024-09-23,85.4,483.9085,2025-01-31,False,2025-02-03,74.9,rollback,,
BASELINE,CCL,2024-12-23,26.52,1563.8187,2025-02-03,False,2025-02-04,27.18,rollback,,
BASELINE,GILD,2024-12-06,93.5,456.4732,2025-02-07,False,2025-02-10,96.04,rollback,,
BASELINE,SMCI,2025-01-22,33.98,1265.1557,2025-02-11,False,2025-02-12,42.3,rollback,,
BASELINE,MO,2025-02-03,52.0,808.6474,2025-02-11,False,2025-02-12,53.51,rollback,,
BASELINE,FCX,2025-02-10,38.88,1108.4557,2025-02-14,False,2025-02-18,39.48,rollback,,
BASELINE,MU,2025-02-18,102.635,437.8803,2025-02-19,False,2025-02-20,103.98,rollback,,
BASELINE,INTC,2025-02-12,21.98,1979.3744,2025-02-24,False,2025-02-25,24.21,rollback,,
BASELINE,AAPL,2025-01-29,234.12,183.3906,2025-02-25,False,2025-02-26,244.33,rollback,,
BASELINE,WBA,2025-02-25,10.91,4195.4238,2025-02-26,False,2025-02-27,11.7,rollback,,
BASELINE,MCHP,2024-07-23,91.77,427.3723,2025-02-27,False,2025-02-28,57.16,rollback,,
BASELINE,PARA,2024-11-26,11.11,3888.6102,2025-03-10,False,2025-03-11,11.96,rollback,,
BASELINE,NEE,2025-01-30,71.99,602.3784,2025-03-12,False,2025-03-13,73.2,rollback,,
BASELINE,MRK,2025-02-28,90.705,499.8463,2025-03-12,False,2025-03-13,93.4,rollback,,
BASELINE,GM,2025-03-11,48.0,968.8181,2025-03-26,False,2025-03-27,46.99,rollback,,
BASELINE,MU,2025-03-13,94.25,480.0601,2025-05-05,False,2025-05-06,79.04,rollback,,
BASELINE,PFE,2025-01-28,26.78,1595.7602,2025-05-06,False,2025-05-07,22.99,rollback,,
BASELINE,DIS,2025-02-20,111.24,411.7457,2025-05-06,False,2025-05-07,102.42,rollback,,
BASELINE,F,2024-09-18,10.93,3774.5089,2025-05-07,False,2025-05-08,10.34,rollback,,
BASELINE,UPS,2025-05-09,97.2,439.7638,2025-05-13,False,2025-05-14,99.85,rollback,,
BASELINE,LUV,2025-02-27,30.87,1473.1697,2025-05-21,False,2025-05-22,31.67,rollback,,
BASELINE,FSLR,2025-05-09,134.115,318.7034,2025-05-21,False,2025-05-22,159.95,rollback,,
BASELINE,FCX,2025-05-27,39.14,1104.1163,2025-06-10,False,2025-06-11,41.385,rollback,,
BASELINE,FAST,2025-05-15,40.265,1102.7989,2025-06-11,False,2025-06-12,42.495,rollback,,
BASELINE,SLB,2025-02-12,41.53,1047.5433,2025-06-16,False,2025-06-17,36.22,rollback,,
BASELINE,PFE,2025-05-27,23.55,1835.1283,2025-06-16,False,2025-06-17,24.27,rollback,,
BASELINE,NEM,2025-05-12,51.02,860.5299,2025-06-20,False,2025-06-23,58.36,rollback,,
BASELINE,XOM,2025-02-05,109.74,390.9017,2025-06-24,False,2025-06-25,108.11,rollback,,
BASELINE,CMG,2025-06-17,52.25,857.0079,2025-06-26,False,2025-06-27,54.195,rollback,,
BASELINE,KMI,2025-06-23,28.22,1592.3289,2025-07-01,False,2025-07-02,28.33,rollback,,
BASELINE,DOC,2025-02-26,20.22,2257.3233,2025-07-07,False,2025-07-08,17.935,rollback,,
BASELINE,AAPL,2025-05-13,210.43,212.3398,2025-07-07,False,2025-07-08,210.1,rollback,,
BASELINE,GM,2025-06-12,49.46,898.8557,2025-07-07,False,2025-07-08,52.16,rollback,,
BASELINE,F,2025-06-11,10.64,4205.6953,2025-07-11,False,2025-07-14,11.76,rollback,,
BASELINE,DOW,2025-07-09,29.365,1609.949,2025-07-11,False,2025-07-14,29.25,rollback,,
BASELINE,NKE,2025-06-27,69.79,660.1447,2025-07-14,False,2025-07-15,72.26,rollback,,
BASELINE,HAL,2025-07-09,22.07,2185.8951,2025-07-14,False,2025-07-15,22.05,rollback,,
BASELINE,AES,2025-07-02,10.85,4315.9495,2025-07-28,False,2025-07-29,13.49,rollback,,
BASELINE,KVUE,2025-07-14,22.58,2123.0091,2025-07-28,False,2025-07-29,22.38,rollback,,
BASELINE,META,2025-07-29,720.0,67.713,2025-08-01,False,2025-08-04,760.0,rollback,,
BASELINE,CSCO,2025-08-05,68.69,704.691,2025-08-11,False,2025-08-12,70.785,rollback,,
BASELINE,PLTR,2025-07-08,138.775,339.8566,2025-08-14,False,2025-08-15,179.725,rollback,,
BASELINE,VZ,2025-03-27,44.48,1044.3918,2025-08-22,False,2025-08-25,44.44,rollback,,
BASELINE,UBER,2025-08-12,91.19,520.0732,2025-08-25,False,2025-08-26,94.88,rollback,,
BASELINE,CMCSA,2025-07-15,35.62,1352.3885,2025-08-26,False,2025-08-27,33.59,rollback,,
BASELINE,INTC,2025-03-14,23.675,1927.8648,2025-08-29,False,2025-09-02,23.88,rollback,,
BASELINE,XOM,2025-07-29,111.9,435.7086,2025-09-03,False,2025-09-04,112.105,rollback,,
BASELINE,AVGO,2025-09-04,305.06,157.9918,2025-09-17,False,2025-09-18,350.0,rollback,,
BASELINE,TSLA,2025-08-25,338.9,144.9732,2025-09-25,False,2025-09-26,428.3,rollback,,
BASELINE,IBKR,2025-09-03,63.95,757.2361,2025-09-30,False,2025-10-01,67.86,rollback,,
BASELINE,WBD,2025-08-28,12.19,4048.0072,2025-10-02,False,2025-10-03,19.378,rollback,,
BASELINE,CMG,2025-10-03,40.27,1344.7694,2025-10-06,False,2025-10-07,41.5,rollback,,
BASELINE,EQT,2025-07-15,58.3,822.9739,2025-10-09,False,2025-10-10,54.7,rollback,,
BASELINE,PYPL,2025-09-18,70.08,755.3064,2025-10-10,False,2025-10-13,70.72,rollback,,
BASELINE,KO,2025-10-13,66.23,808.7738,2025-10-20,False,2025-10-21,70.565,rollback,,
BASELINE,CRM,2025-06-25,272.0,167.0585,2025-10-23,False,2025-10-24,257.42,rollback,,
BASELINE,AAPL,2025-10-21,261.88,210.4649,2025-10-31,False,2025-11-03,270.42,rollback,,
BASELINE,BMY,2025-07-15,47.15,1021.6261,2025-11-03,False,2025-11-04,45.49,rollback,,
BASELINE,PLTR,2025-10-24,182.88,297.2653,2025-11-04,False,2025-11-05,189.0,rollback,,
BASELINE,AMZN,2025-08-15,232.58,208.6723,2025-11-12,False,2025-11-13,243.05,rollback,,
BASELINE,GOOGL,2025-10-07,248.27,222.8466,2025-11-13,False,2025-11-14,271.405,rollback,,
BASELINE,CTRA,2025-08-27,23.95,2047.5326,2025-11-17,False,2025-11-18,25.74,rollback,,
BASELINE,VZ,2025-10-01,43.915,1220.6572,2025-11-17,False,2025-11-18,41.03,rollback,,
BASELINE,KHC,2025-11-19,24.915,2128.9797,2025-12-01,False,2025-12-02,25.38,rollback,,
BASELINE,SCHW,2025-09-26,95.13,558.2382,2025-12-12,False,2025-12-15,96.73,rollback,,
BASELINE,KDP,2025-11-19,27.29,1943.6013,2025-12-15,False,2025-12-16,29.34,rollback,,
BASELINE,SLB,2025-12-02,36.31,1503.708,2025-12-15,False,2025-12-16,38.6,rollback,,
BASELINE,DAL,2025-10-10,59.93,920.1742,2025-12-17,False,2025-12-18,70.82,rollback,,
BASELINE,MRK,2025-12-19,100.6,541.1042,2025-12-30,False,2025-12-31,105.935,rollback,,
BASELINE,SMCI,2025-06-17,43.24,1035.636,2025-12-31,False,,29.27,open,,
BASELINE,HOOD,2025-11-03,148.79,382.8514,2025-12-31,False,,113.1,open,,
BASELINE,CNC,2025-11-05,35.815,1543.1331,2025-12-31,False,,41.15,open,,
BASELINE,PCG,2025-11-06,16.45,3379.0475,2025-12-31,False,,16.07,open,,
BASELINE,T,2025-11-13,25.65,2144.1524,2025-12-31,False,,24.84,open,,
BASELINE,NKE,2025-11-14,64.935,824.8861,2025-12-31,False,,63.71,open,,
BASELINE,VICI,2025-12-16,28.61,1939.1476,2025-12-31,False,,28.12,open,,
BASELINE,VZ,2025-12-18,40.78,1354.9024,2025-12-31,False,,40.73,open,,
BASELINE,PG,2025-12-18,146.62,376.8255,2025-12-31,False,,143.31,open,,
BASELINE,OXY,2025-12-31,41.46,1334.9238,2025-12-31,False,,41.12,open,,
ADDS_ONLY,AVGO,2016-02-01,13.334,749.5877,2016-02-02,False,2016-02-03,13.725,rollback,,
ADDS_ONLY,HAL,2016-02-01,31.0203,637.9591,2016-02-05,False,2016-02-08,30.74,rollback,1.0,2016-02-03
ADDS_ONLY,CVX,2016-02-09,83.903,222.1974,2016-02-18,False,2016-02-19,86.33,rollback,1.0,2016-02-10
ADDS_ONLY,FOXA,2016-02-01,26.84,372.2432,2016-02-23,False,2016-02-24,26.71,rollback,,
ADDS_ONLY,XRX,2016-02-01,16.996,587.8152,2016-02-23,False,2016-02-24,16.513,rollback,,
ADDS_ONLY,MDLZ,2016-02-01,42.82,233.3374,2016-02-26,False,2016-02-29,40.54,rollback,,
ADDS_ONLY,KLAC,2016-02-01,6.5996,3005.8678,2016-03-02,False,2016-03-03,6.836,rollback,1.0,2016-02-19
ADDS_ONLY,LRCX,2016-02-01,7.0356,2819.6313,2016-03-08,False,2016-03-09,7.355,rollback,1.0,2016-02-19
ADDS_ONLY,JPM,2016-02-01,59.16,168.9318,2016-03-08,False,2016-03-09,59.15,rollback,,
ADDS_ONLY,TAP,2016-02-01,87.7644,225.5217,2016-03-08,False,2016-03-09,88.6,rollback,1.0,2016-02-24
ADDS_ONLY,AMAT,2016-02-01,17.45,572.6364,2016-03-08,False,2016-03-09,19.01,rollback,,
ADDS_ONLY,BAC,2016-02-29,12.7,800.5771,2016-03-08,False,2016-03-09,13.17,rollback,,
ADDS_ONLY,AIG,2016-03-14,52.59,199.5694,2016-03-21,False,2016-03-22,53.55,rollback,,
ADDS_ONLY,RRC,2016-03-03,28.4,364.1096,2016-03-22,False,2016-03-23,32.18,rollback,,
ADDS_ONLY,GILD,2016-03-14,90.0,116.6267,2016-03-23,False,2016-03-24,89.61,rollback,,
ADDS_ONLY,WY,2016-02-24,24.0,408.3032,2016-04-04,False,2016-04-05,30.87,rollback,,
ADDS_ONLY,ABBV,2016-03-30,57.43,187.5037,2016-04-07,False,2016-04-08,59.49,rollback,,
ADDS_ONLY,V,2016-03-17,72.28,125.5369,2016-04-22,False,2016-04-25,78.69,rollback,,
ADDS_ONLY,GME,2016-03-30,7.7948,2771.0718,2016-04-22,False,2016-04-25,8.17,index_drop,1.0,2016-04-05
ADDS_ONLY,WMB,2016-04-11,16.37,664.6659,2016-04-25,False,2016-04-26,19.25,rollback,,
ADDS_ONLY,PFE,2016-03-14,29.8896,703.615,2016-04-26,False,2016-04-27,32.98,rollback,1.0,2016-03-16
ADDS_ONLY,NEE,2016-04-28,28.95,386.6394,2016-05-13,False,2016-05-16,30.085,rollback,,
ADDS_ONLY,WMT,2016-03-22,22.6667,471.0107,2016-05-23,False,2016-05-24,23.2167,rollback,,
ADDS_ONLY,MSFT,2016-05-17,51.72,209.9582,2016-06-01,False,2016-06-02,52.64,rollback,,
ADDS_ONLY,KR,2016-03-14,38.219,548.755,2016-06-02,False,2016-06-03,36.2,rollback,1.0,2016-03-15
ADDS_ONLY,MU,2016-04-27,11.34,987.9108,2016-06-09,False,2016-06-10,12.32,rollback,,
ADDS_ONLY,FE,2016-04-28,32.67,342.6486,2016-06-10,False,2016-06-13,33.68,rollback,,
ADDS_ONLY,SYY,2016-06-10,48.87,230.3279,2016-07-01,False,2016-07-05,50.75,rollback,,
ADDS_ONLY,HST,2016-04-28,15.5657,1450.7977,2016-07-13,False,2016-07-14,16.58,rollback,1.0,2016-06-02
ADDS_ONLY,M,2016-06-03,33.93,336.9949,2016-07-13,False,2016-07-14,35.53,rollback,,
ADDS_ONLY,SCHW,2016-07-15,27.22,434.7807,2016-07-29,False,2016-08-01,28.55,rollback,,
ADDS_ONLY,EBAY,2016-04-28,25.09,446.2116,2016-08-09,False,2016-08-10,31.11,rollback,,
ADDS_ONLY,AABA,2016-06-03,36.9063,612.3956,2016-08-23,False,2016-08-24,42.5,rollback,1.0,2016-06-13
ADDS_ONLY,BLL,2016-07-14,71.62,164.0497,2016-08-24,False,2016-08-25,79.76,rollback,,
ADDS_ONLY,PG,2016-03-03,82.54,126.3239,2016-10-03,False,2016-10-04,88.29,rollback,,
ADDS_ONLY,FAST,2016-04-28,11.1903,2068.8288,2016-10-07,False,2016-10-10,10.6175,rollback,1.0,2016-08-01
ADDS_ONLY,KLAC,2016-10-04,7.036,1750.081,2016-10-11,False,2016-10-12,7.23,rollback,,
ADDS_ONLY,KR,2016-10-12,30.24,405.0868,2016-10-13,False,2016-10-14,31.17,rollback,,
ADDS_ONLY,FOXA,2016-07-14,28.18,416.9563,2016-10-24,False,2016-10-25,25.59,rollback,,
ADDS_ONLY,GOOGL,2016-10-11,40.7085,302.996,2016-10-25,False,2016-10-26,41.356,rollback,,
ADDS_ONLY,SBUX,2016-08-24,57.0,218.9827,2016-11-09,False,2016-11-10,54.64,rollback,,
ADDS_ONLY,WMT,2016-08-10,23.7366,1032.4277,2016-11-14,False,2016-11-15,23.5967,rollback,1.0,2016-10-25
ADDS_ONLY,FCX,2016-10-26,10.45,1170.9354,2016-11-17,False,2016-11-18,13.79,rollback,,
ADDS_ONLY,BMY,2016-10-10,50.79,243.873,2016-11-22,False,2016-11-23,56.05,rollback,,
ADDS_ONLY,C,2016-05-24,43.2779,516.4841,2016-11-28,False,2016-11-29,55.5,rollback,1.0,2016-07-05
ADDS_ONLY,ORLY,2016-10-14,18.6733,661.3816,2016-11-30,False,2016-12-01,18.2413,rollback,,
ADDS_ONLY,CMCSA,2016-11-10,31.765,406.652,2016-12-02,False,2016-12-05,34.51,rollback,,
ADDS_ONLY,CVS,2016-12-01,76.62,172.406,2016-12-08,False,2016-12-09,78.88,rollback,,
ADDS_ONLY,PHM,2016-08-24,21.87,570.7082,2016-12-09,False,2016-12-12,19.51,rollback,,
ADDS_ONLY,EBAY,2016-08-25,31.08,400.1296,2016-12-13,False,2016-12-14,29.85,rollback,,
ADDS_ONLY,KO,2016-11-29,41.5098,647.4354,2016-12-13,False,2016-12-14,41.89,rollback,1.0,2016-12-09
ADDS_ONLY,NRG,2016-11-29,11.4194,2306.8605,2016-12-14,False,2016-12-15,12.42,rollback,1.0,2016-12-05
ADDS_ONLY,XOM,2016-11-16,86.74,148.7186,2016-12-19,False,2016-12-20,90.51,rollback,,
ADDS_ONLY,NKE,2016-11-18,51.39,257.3984,2017-01-09,False,2017-01-10,53.55,rollback,,
ADDS_ONLY,LLY,2016-12-16,72.86,188.2147,2017-01-11,False,2017-01-12,74.85,rollback,,
ADDS_ONLY,AMZN,2016-12-14,38.9125,355.2317,2017-01-17,False,2017-01-18,40.475,rollback,,
ADDS_ONLY,MRK,2017-01-12,62.53,222.3226,2017-01-17,False,2017-01-18,61.38,rollback,,
ADDS_ONLY,FB,2016-12-14,120.0,114.6727,2017-01-31,False,2017-02-01,132.25,rollback,,
ADDS_ONLY,LRCX,2016-12-20,10.819,1264.5837,2017-01-31,False,2017-02-01,11.591,rollback,,
ADDS_ONLY,PG,2017-01-18,84.8,164.7552,2017-02-06,False,2017-02-07,87.64,rollback,,
ADDS_ONLY,MO,2017-01-18,68.56,203.7711,2017-02-06,False,2017-02-07,71.53,rollback,,
ADDS_ONLY,KLAC,2016-12-16,7.962,1722.4323,2017-02-09,False,2017-02-10,8.696,rollback,,
ADDS_ONLY,BAC,2017-02-10,23.19,589.5107,2017-02-23,False,2017-02-24,24.12,rollback,,
ADDS_ONLY,EXC,2017-02-01,35.5497,766.0229,2017-02-27,False,2017-02-28,36.47,rollback,1.0,2017-02-02
ADDS_ONLY,BMY,2016-12-12,54.0364,509.7575,2017-03-02,False,2017-03-03,56.74,rollback,1.0,2017-02-07
ADDS_ONLY,QCOM,2016-11-23,67.0915,407.4215,2017-05-25,False,2017-05-26,57.66,rollback,1.0,2017-01-10
ADDS_ONLY,F,2017-02-28,12.63,1112.4404,2017-06-02,False,2017-06-05,11.36,rollback,,
ADDS_ONLY,WMB,2017-02-07,28.93,474.6126,2017-07-05,False,2017-07-06,30.5,rollback,,
ADDS_ONLY,GILD,2017-02-28,68.041,389.3669,2017-07-06,False,2017-07-07,69.69,rollback,1.0,2017-06-05
ADDS_ONLY,ORCL,2017-05-26,45.21,276.3691,2017-07-17,False,2017-07-18,50.34,rollback,,
ADDS_ONLY,RIG,2017-02-24,13.99,1002.4998,2017-07-20,False,2017-07-21,8.74,rollback,,
ADDS_ONLY,F,2017-07-10,11.24,1100.9522,2017-07-20,False,2017-07-21,11.59,rollback,,
ADDS_ONLY,AVGO,2017-07-10,24.051,514.545,2017-07-27,False,2017-07-28,24.892,rollback,,
ADDS_ONLY,KMI,2016-11-15,21.3447,1259.9269,2017-08-01,False,2017-08-02,20.2,rollback,1.0,2016-12-14
ADDS_ONLY,TSCO,2017-03-03,14.479,1952.0059,2017-08-03,False,2017-08-04,11.14,rollback,1.0,2017-03-06
ADDS_ONLY,CF,2017-08-04,30.86,430.3791,2017-08-08,False,2017-08-09,31.24,rollback,,
ADDS_ONLY,HBI,2017-08-03,23.76,557.0376,2017-08-09,False,2017-08-10,24.11,rollback,,
ADDS_ONLY,INTC,2017-05-26,35.1516,714.8727,2017-08-10,False,2017-08-11,36.26,rollback,1.0,2017-07-06
ADDS_ONLY,VZ,2017-07-21,44.23,291.8776,2017-08-15,False,2017-08-16,48.37,rollback,,
ADDS_ONLY,MU,2017-08-16,30.02,440.7013,2017-08-24,False,2017-08-25,30.3,rollback,,
ADDS_ONLY,BMY,2017-08-04,55.56,239.0359,2017-09-01,False,2017-09-05,59.54,rollback,,
ADDS_ONLY,MSFT,2017-08-15,73.59,179.8287,2017-09-01,False,2017-09-05,73.34,rollback,,
ADDS_ONLY,CSCO,2017-07-18,31.41,405.873,2017-09-05,False,2017-09-06,31.75,rollback,,
ADDS_ONLY,SPLS,2017-08-15,10.2,1297.2818,2017-09-12,False,2017-09-12,10.25,delisted,,
ADDS_ONLY,BAC,2017-07-26,24.271,1078.4299,2017-09-25,False,2017-09-26,24.83,rollback,1.0,2017-08-25
ADDS_ONLY,PFE,2017-08-04,33.58,395.5379,2017-09-25,False,2017-09-26,35.51,rollback,,
ADDS_ONLY,GE,2017-09-05,124.4791,212.4576,2017-09-26,False,2017-09-27,124.6032,rollback,1.0,2017-09-06
ADDS_ONLY,GOOGL,2017-09-28,47.8125,284.3617,2017-10-02,False,2017-10-03,48.378,rollback,,
ADDS_ONLY,GOOG,2017-09-28,47.068,288.8451,2017-10-02,False,2017-10-03,47.7,rollback,,
ADDS_ONLY,HPE,2017-09-26,14.74,924.3412,2017-10-03,False,2017-10-04,14.7,rollback,,
ADDS_ONLY,WFC,2017-09-13,51.39,256.9256,2017-10-09,False,2017-10-10,55.37,rollback,,
ADDS_ONLY,MO,2017-09-26,64.15,212.3789,2017-10-13,False,2017-10-16,65.05,rollback,,
ADDS_ONLY,MDLZ,2017-10-03,41.29,327.5374,2017-10-13,False,2017-10-16,41.64,rollback,,
ADDS_ONLY,SBUX,2017-07-28,55.23,238.693,2017-11-13,False,2017-11-14,56.47,rollback,,
ADDS_ONLY,PG,2017-10-16,92.97,149.2433,2017-11-17,False,2017-11-20,88.43,rollback,,
ADDS_ONLY,VIAB,2017-11-20,26.41,494.2457,2017-11-24,False,2017-11-27,26.26,rollback,,
ADDS_ONLY,T,2017-11-14,34.19,379.1869,2017-12-06,False,2017-12-07,36.13,rollback,,
ADDS_ONLY,TJX,2017-09-26,37.0,368.2007,2017-12-08,False,2017-12-11,36.87,rollback,,
ADDS_ONLY,CMG,2017-09-05,6.2298,4309.5313,2017-12-14,False,2017-12-15,6.256,rollback,1.0,2017-10-10
ADDS_ONLY,GOOGL,2017-12-08,52.5905,263.2795,2017-12-20,False,2017-12-21,53.7695,rollback,,
ADDS_ONLY,INTC,2017-12-18,45.15,306.4243,2017-12-26,False,2017-12-27,46.11,rollback,,
ADDS_ONLY,MU,2017-12-21,45.55,313.185,2018-01-08,False,2018-01-09,45.27,rollback,,
ADDS_ONLY,FCX,2017-10-03,14.42,937.8186,2018-01-09,False,2018-01-10,19.07,rollback,,
ADDS_ONLY,CSX,2017-08-15,17.2833,1568.4921,2018-01-10,False,2018-01-11,19.54,rollback,1.0,2017-10-16
ADDS_ONLY,GLW,2017-12-11,32.4,428.8094,2018-01-10,False,2018-01-11,33.44,rollback,,
ADDS_ONLY,MRO,2017-11-27,14.87,880.6333,2018-01-16,False,2018-01-17,18.35,rollback,,
ADDS_ONLY,TJX,2018-01-11,38.075,391.0241,2018-01-16,False,2018-01-17,38.36,rollback,,
ADDS_ONLY,AES,2017-08-09,11.307,2371.8104,2018-01-24,False,2018-01-25,11.15,rollback,1.0,2017-10-04
ADDS_ONLY,PM,2018-01-18,105.46,146.1293,2018-01-25,False,2018-01-26,107.36,rollback,,
ADDS_ONLY,C,2018-01-10,75.7,196.1053,2018-01-30,False,2018-01-31,78.78,rollback,,
ADDS_ONLY,MGM,2017-12-28,33.73,423.1041,2018-01-31,False,2018-02-01,36.49,rollback,,
ADDS_ONLY,T,2018-01-29,37.13,428.6713,2018-02-02,False,2018-02-05,37.81,rollback,,
ADDS_ONLY,NEE,2018-01-26,38.715,406.9217,2018-02-05,False,2018-02-06,37.9575,rollback,,
ADDS_ONLY,NFLX,2017-12-18,19.12,723.627,2018-02-20,False,2018-02-21,28.207,rollback,,
ADDS_ONLY,MU,2018-01-18,44.21,348.599,2018-02-21,False,2018-02-22,44.78,rollback,,
ADDS_ONLY,BMY,2018-01-11,61.99,240.1597,2018-02-22,False,2018-02-23,66.17,rollback,,
ADDS_ONLY,PFE,2018-01-17,36.3317,842.1835,2018-02-28,False,2018-03-01,36.12,rollback,1.0,2018-02-22
ADDS_ONLY,PCG,2018-03-01,41.09,384.2,2018-03-07,False,2018-03-08,41.14,rollback,,
ADDS_ONLY,M,2018-01-11,24.7889,1198.1318,2018-03-08,False,2018-03-09,29.31,rollback,1.0,2018-02-13
ADDS_ONLY,KO,2018-03-09,44.57,360.053,2018-03-12,False,2018-03-13,44.67,rollback,,
ADDS_ONLY,SCHW,2018-02-02,54.75,278.8586,2018-03-14,False,2018-03-15,56.32,rollback,,
ADDS_ONLY,EXC,2018-02-01,37.9361,821.663,2018-03-19,False,2018-03-20,38.29,rollback,1.0,2018-02-23
ADDS_ONLY,MRO,2018-03-21,15.38,1027.0047,2018-03-22,False,2018-03-23,15.88,rollback,,
ADDS_ONLY,DHI,2018-03-13,44.6,364.8293,2018-04-06,False,2018-04-09,45.52,rollback,,
ADDS_ONLY,HST,2018-03-15,18.96,848.7672,2018-04-24,False,2018-04-25,19.27,rollback,,
ADDS_ONLY,HAL,2018-03-26,47.01,329.7635,2018-04-24,False,2018-04-25,51.0,rollback,,
ADDS_ONLY,VZ,2018-03-09,49.2,326.1863,2018-04-26,False,2018-04-27,50.25,rollback,,
ADDS_ONLY,KIM,2018-03-01,14.6017,2147.3823,2018-04-30,False,2018-05-01,14.52,rollback,1.0,2018-04-10
ADDS_ONLY,ABBV,2018-04-27,97.44,164.2956,2018-04-30,False,2018-05-01,102.1,rollback,,
ADDS_ONLY,NVDA,2018-03-21,6.233,2534.2727,2018-05-15,False,2018-05-16,6.1,rollback,,
ADDS_ONLY,F,2018-04-27,11.3246,2823.3857,2018-06-11,False,2018-06-12,12.07,rollback,1.0,2018-05-01
ADDS_ONLY,CMCSA,2018-04-26,33.1813,958.0408,2018-06-18,False,2018-06-19,32.17,rollback,1.0,2018-05-16
ADDS_ONLY,NEE,2018-06-19,40.16,401.7384,2018-06-20,False,2018-06-21,40.6625,rollback,,
ADDS_ONLY,CELG,2018-01-29,98.6988,297.2697,2018-07-11,False,2018-07-12,83.88,rollback,1.0,2018-02-21
ADDS_ONLY,FOXA,2018-05-01,36.43,438.166,2018-07-11,False,2018-07-12,47.97,rollback,,
ADDS_ONLY,PM,2018-06-12,80.26,200.4837,2018-07-31,False,2018-08-01,86.03,rollback,,
ADDS_ONLY,WMB,2018-06-19,26.87,600.4696,2018-08-13,False,2018-08-14,30.76,rollback,,
ADDS_ONLY,TJX,2018-07-12,47.515,357.4052,2018-08-13,False,2018-08-14,49.8,rollback,,
ADDS_ONLY,CMG,2018-07-12,9.1978,1846.4153,2018-08-16,False,2018-08-17,10.1008,rollback,,
ADDS_ONLY,WMT,2018-06-22,28.1533,588.7774,2018-08-24,False,2018-08-27,31.7533,rollback,,
ADDS_ONLY,GGP,2018-05-01,20.02,797.3619,2018-08-27,False,2018-08-27,22.06,delisted,,
ADDS_ONLY,MRO,2018-06-12,21.48,749.1447,2018-08-30,False,2018-08-31,21.51,rollback,,
ADDS_ONLY,NLSN,2018-08-15,25.4,655.2841,2018-08-30,False,2018-08-31,25.93,rollback,,
ADDS_ONLY,NVDA,2018-07-13,6.2995,2689.792,2018-09-06,False,2018-09-07,6.725,rollback,,
ADDS_ONLY,V,2018-08-14,140.3,118.2805,2018-09-17,False,2018-09-18,146.2,rollback,,
ADDS_ONLY,GILD,2018-08-31,76.32,225.5581,2018-10-04,False,2018-10-05,76.77,rollback,,
ADDS_ONLY,GE,2018-08-01,64.7392,526.8646,2018-10-11,False,2018-10-12,62.4512,rollback,1.0,2018-08-27
ADDS_ONLY,SBUX,2018-10-15,56.37,280.3436,2018-10-19,False,2018-10-22,58.93,rollback,,
ADDS_ONLY,SO,2018-09-07,44.4169,741.1569,2018-10-23,False,2018-10-24,44.92,rollback,1.0,2018-10-12
ADDS_ONLY,KR,2018-10-24,28.34,552.8612,2018-11-01,False,2018-11-02,29.25,rollback,,
ADDS_ONLY,F,2018-08-28,9.8562,3511.2427,2018-11-09,False,2018-11-12,9.38,rollback,1.0,2018-08-31
ADDS_ONLY,FITB,2018-08-17,29.1311,1147.3719,2018-11-12,False,2018-11-13,27.59,rollback,1.0,2018-10-05
ADDS_ONLY,PBCT,2018-11-16,15.96,1018.8111,2018-11-19,False,2018-11-20,15.99,rollback,,
ADDS_ONLY,NWL,2018-02-08,28.2718,1101.4786,2018-12-04,False,2018-12-06,23.28,rollback,1.0,2018-03-08
ADDS_ONLY,PFE,2018-10-22,44.1233,711.5648,2018-12-04,False,2018-12-06,44.58,rollback,1.0,2018-10-24
ADDS_ONLY,LRCX,2018-11-02,14.6332,2230.3653,2018-12-04,False,2018-12-06,14.5,rollback,1.0,2018-11-20
ADDS_ONLY,KLAC,2018-11-21,9.562,1704.5377,2018-12-04,False,2018-12-06,9.421,rollback,,
ADDS_ONLY,AVGO,2018-12-11,24.346,658.9423,2018-12-18,False,2018-12-19,24.9,rollback,,
ADDS_ONLY,COTY,2018-09-18,10.6724,3132.4155,2019-01-09,False,2019-01-10,7.29,rollback,1.0,2018-11-19
ADDS_ONLY,FB,2018-12-07,139.25,116.2231,2019-01-11,False,2019-01-14,142.0,rollback,,
ADDS_ONLY,GILD,2018-12-07,69.78,231.8718,2019-01-14,False,2019-01-15,67.19,rollback,,
ADDS_ONLY,ANET,2018-12-07,14.8863,1087.1239,2019-01-16,False,2019-01-17,13.7369,rollback,,
ADDS_ONLY,HPQ,2018-12-07,23.9,677.0897,2019-01-22,False,2019-01-23,21.41,rollback,,
ADDS_ONLY,GE,2018-12-20,38.128,390.266,2019-01-22,False,2019-01-23,43.3128,rollback,,
ADDS_ONLY,CSX,2019-01-10,21.27,730.8587,2019-01-22,False,2019-01-23,22.0267,rollback,,
ADDS_ONLY,ABT,2019-01-14,68.41,228.4311,2019-01-23,False,2019-01-24,70.0,rollback,,
ADDS_ONLY,WMB,2018-11-20,25.11,647.5859,2019-02-05,False,2019-02-06,27.15,rollback,,
ADDS_ONLY,ORLY,2019-01-10,22.6773,685.469,2019-02-06,False,2019-02-07,24.1067,rollback,,
ADDS_ONLY,AAPL,2019-01-28,38.9475,404.0233,2019-02-11,False,2019-02-12,42.525,rollback,,
ADDS_ONLY,WDC,2019-01-25,45.5,352.279,2019-02-15,False,2019-02-19,48.42,rollback,,
ADDS_ONLY,KEY,2019-02-08,17.01,955.0601,2019-02-21,False,2019-02-22,17.71,rollback,,
ADDS_ONLY,MDT,2019-01-18,88.52,182.2572,2019-02-25,False,2019-02-26,92.25,rollback,,
ADDS_ONLY,BMY,2018-12-07,51.138,625.5063,2019-03-06,False,2019-03-07,52.7,rollback,1.0,2019-01-17
ADDS_ONLY,WFC,2019-02-26,49.49,332.7906,2019-03-19,False,2019-03-20,51.19,rollback,,
ADDS_ONLY,NVDA,2019-02-13,3.809,4368.5034,2019-03-20,False,2019-03-21,4.3833,rollback,,
ADDS_ONLY,AMZN,2019-02-06,81.7319,409.2764,2019-03-22,False,2019-03-25,87.8895,rollback,1.0,2019-02-19
ADDS_ONLY,DHI,2019-03-08,40.34,391.5316,2019-03-26,False,2019-03-27,42.14,rollback,,
ADDS_ONLY,FCX,2019-03-21,12.71,1321.7181,2019-04-05,False,2019-04-08,13.45,rollback,,
ADDS_ONLY,F,2019-03-27,8.75,1912.87,2019-04-15,False,2019-04-16,9.32,rollback,,
ADDS_ONLY,BKNG,2018-12-07,74.6888,216.6433,2019-04-16,False,2019-04-17,73.9452,rollback,,
ADDS_ONLY,HRB,2019-02-22,24.4825,1363.0585,2019-04-23,False,2019-04-24,26.35,rollback,1.0,2019-03-20
ADDS_ONLY,WMT,2019-04-08,32.8167,521.5052,2019-04-26,False,2019-04-29,33.96,rollback,,
ADDS_ONLY,NEE,2019-04-16,47.765,364.5942,2019-05-01,False,2019-05-02,48.21,rollback,,
ADDS_ONLY,FB,2019-03-27,167.85,99.7127,2019-05-02,False,2019-05-03,194.38,rollback,,
ADDS_ONLY,JNJ,2019-04-17,139.0,125.8993,2019-05-02,False,2019-05-03,141.29,rollback,,
ADDS_ONLY,CVS,2019-01-24,65.5351,487.1103,2019-05-03,False,2019-05-06,55.97,rollback,1.0,2019-01-25
ADDS_ONLY,GE,2019-04-29,47.6984,369.1662,2019-05-07,False,2019-05-08,50.24,rollback,,
ADDS_ONLY,PFE,2019-05-03,41.22,436.7433,2019-05-17,False,2019-05-20,41.4,rollback,,
ADDS_ONLY,COTY,2019-05-06,11.26,1572.468,2019-05-22,False,2019-05-23,13.03,rollback,,
ADDS_ONLY,AMD,2019-05-03,27.4881,1291.5943,2019-06-12,False,2019-06-13,32.39,rollback,1.0,2019-05-09
ADDS_ONLY,CMG,2019-05-03,14.1514,1272.2035,2019-06-13,False,2019-06-14,14.6776,rollback,,
ADDS_ONLY,CTL,2019-03-27,12.25,1366.1992,2019-06-21,False,2019-06-24,11.38,rollback,,
ADDS_ONLY,NVDA,2019-06-14,3.6128,5084.0839,2019-07-02,False,2019-07-03,4.0793,rollback,,
ADDS_ONLY,JCI,2019-06-13,39.82,460.5915,2019-07-08,False,2019-07-09,41.66,rollback,,
ADDS_ONLY,ANET,2019-06-27,16.0494,1184.4843,2019-07-08,False,2019-07-09,16.6244,rollback,,
ADDS_ONLY,ORLY,2019-07-03,25.5333,760.1795,2019-07-19,False,2019-07-22,26.5413,rollback,,
ADDS_ONLY,EW,2019-07-10,63.01,308.7199,2019-08-05,False,2019-08-06,70.4867,rollback,,
ADDS_ONLY,NEE,2019-08-07,52.8475,340.6584,2019-08-14,False,2019-08-15,53.6575,rollback,,
ADDS_ONLY,F,2019-06-14,10.01,1834.8512,2019-09-10,False,2019-09-11,9.29,rollback,,
ADDS_ONLY,ATVI,2019-04-24,46.0447,763.7578,2019-09-16,False,2019-09-17,55.5,rollback,1.0,2019-05-20
ADDS_ONLY,VZ,2019-08-16,56.47,312.8176,2019-09-16,False,2019-09-17,59.32,rollback,,
ADDS_ONLY,WBA,2019-05-06,53.72,329.5812,2019-09-17,False,2019-09-18,54.64,rollback,,
ADDS_ONLY,PBCT,2019-04-24,17.18,1018.6998,2019-09-23,False,2019-09-24,15.99,rollback,,
ADDS_ONLY,FCX,2019-07-22,11.56,1602.1992,2019-09-23,False,2019-09-24,10.31,rollback,,
ADDS_ONLY,NFLX,2019-03-12,35.7374,937.9363,2019-10-18,False,2019-10-21,27.289,rollback,1.0,2019-05-23
ADDS_ONLY,ALXN,2019-09-17,108.86,175.0238,2019-10-25,False,2019-10-28,105.0,rollback,,
ADDS_ONLY,AMD,2019-09-17,31.07,613.2926,2019-10-29,False,2019-10-30,32.93,rollback,,
ADDS_ONLY,CTL,2019-10-21,12.5,1499.8593,2019-10-30,False,2019-10-31,12.86,rollback,,
ADDS_ONLY,FTNT,2019-09-17,15.98,1192.3685,2019-10-31,False,2019-11-01,17.732,rollback,,
ADDS_ONLY,MSFT,2019-09-26,139.44,132.9815,2019-10-31,False,2019-11-01,144.26,rollback,,
ADDS_ONLY,MRK,2019-10-30,85.0,224.6229,2019-11-01,False,2019-11-04,85.59,rollback,,
ADDS_ONLY,XOM,2019-11-04,70.07,275.6077,2019-11-06,False,2019-11-07,72.03,rollback,,
ADDS_ONLY,MRO,2019-11-04,12.32,1567.4404,2019-11-06,False,2019-11-07,12.61,rollback,,
ADDS_ONLY,JNJ,2019-07-09,135.4503,283.4564,2019-11-18,False,2019-11-19,135.0,rollback,1.0,2019-09-11
ADDS_ONLY,HPQ,2019-10-28,17.46,1087.8591,2019-11-20,False,2019-11-21,19.81,rollback,,
ADDS_ONLY,CMG,2019-09-18,16.5,1149.1254,2019-12-04,False,2019-12-05,16.18,rollback,,
ADDS_ONLY,KO,2019-10-21,53.7759,715.1747,2019-12-05,False,2019-12-06,54.31,rollback,1.0,2019-11-19
ADDS_ONLY,F,2019-11-04,8.915,4335.7592,2019-12-17,False,2019-12-18,9.39,rollback,1.0,2019-11-08
ADDS_ONLY,ATVI,2019-10-31,54.9118,705.7967,2019-12-24,False,2019-12-26,58.81,rollback,1.0,2019-11-21
ADDS_ONLY,HAL,2019-12-05,21.6,915.4621,2019-12-26,False,2019-12-27,24.55,rollback,,
ADDS_ONLY,NVDA,2019-11-19,5.2758,3735.7388,2019-12-27,False,2019-12-30,5.8998,rollback,,
ADDS_ONLY,NFLX,2019-12-18,31.626,656.5024,2019-12-27,False,2019-12-30,32.908,rollback,,
ADDS_ONLY,EXC,2019-12-06,44.84,443.295,2020-01-27,False,2020-01-28,47.26,rollback,,
ADDS_ONLY,TSCO,2019-12-06,19.1068,2132.9124,2020-02-07,False,2020-02-10,19.234,rollback,1.0,2020-01-02
ADDS_ONLY,PEP,2019-12-30,136.7,152.5434,2020-02-18,False,2020-02-19,145.62,rollback,,
ADDS_ONLY,WMT,2019-11-07,40.0,490.1505,2020-02-19,False,2020-02-20,39.07,rollback,,
ADDS_ONLY,PM,2019-09-26,74.91,247.5239,2020-04-07,False,2020-04-08,75.17,rollback,,
ADDS_ONLY,CVS,2019-12-26,73.1097,568.3623,2020-04-13,False,2020-04-14,59.88,rollback,1.0,2020-02-10
ADDS_ONLY,HBI,2020-01-02,14.77,1413.2502,2020-04-13,False,2020-04-14,9.49,rollback,,
ADDS_ONLY,USB,2019-12-27,57.2787,724.5491,2020-04-14,False,2020-04-15,35.13,rollback,1.0,2020-02-10
ADDS_ONLY,AVGO,2020-01-29,32.082,643.647,2020-04-20,False,2020-04-21,25.456,rollback,,
ADDS_ONLY,AAPL,2020-02-20,80.6575,254.6802,2020-04-21,False,2020-04-22,68.4025,rollback,,
ADDS_ONLY,GILD,2020-04-17,85.17,188.2768,2020-04-28,False,2020-04-29,83.97,rollback,,
ADDS_ONLY,TWTR,2020-04-23,28.43,547.8578,2020-04-28,False,2020-04-29,30.06,rollback,,
ADDS_ONLY,CCL,2020-04-15,11.88,1329.3846,2020-04-30,False,2020-05-01,14.9,rollback,,
ADDS_ONLY,ORLY,2019-12-18,29.5793,701.8931,2020-05-01,False,2020-05-04,24.9827,rollback,,
ADDS_ONLY,HBAN,2020-04-23,7.87,1978.9124,2020-05-01,False,2020-05-04,8.34,rollback,,
ADDS_ONLY,SYF,2020-04-23,16.06,969.6925,2020-05-01,False,2020-05-04,17.95,rollback,,
ADDS_ONLY,BEN,2020-02-19,21.3474,1725.3505,2020-05-05,False,2020-05-06,18.12,rollback,1.0,2020-04-09
ADDS_ONLY,AMAT,2020-05-08,52.41,327.1604,2020-05-21,False,2020-05-22,55.02,rollback,,
ADDS_ONLY,FTNT,2020-04-30,21.6,827.9263,2020-05-26,False,2020-05-27,27.45,rollback,,
ADDS_ONLY,AAL,2020-04-15,10.7235,2986.5075,2020-05-28,False,2020-05-29,10.48,rollback,1.0,2020-05-04
ADDS_ONLY,BAC,2020-05-11,23.11,750.402,2020-05-28,False,2020-05-29,24.42,rollback,,
ADDS_ONLY,C,2020-05-11,45.21,381.1147,2020-05-28,False,2020-05-29,48.02,rollback,,
ADDS_ONLY,F,2020-05-11,5.18,3348.0035,2020-05-29,False,2020-06-01,5.73,rollback,,
ADDS_ONLY,GPS,2020-05-22,8.21,2172.7218,2020-05-29,False,2020-06-01,9.38,rollback,,
ADDS_ONLY,VZ,2020-05-29,55.33,329.1257,2020-06-01,False,2020-06-02,55.82,rollback,,
ADDS_ONLY,PG,2020-05-29,116.13,142.2269,2020-06-04,False,2020-06-05,116.25,rollback,,
ADDS_ONLY,HPQ,2020-04-29,15.9,1106.9602,2020-06-09,False,2020-06-10,17.36,rollback,,
ADDS_ONLY,MRK,2020-05-29,79.46,229.167,2020-06-09,False,2020-06-10,82.44,rollback,,
ADDS_ONLY,SLB,2020-04-23,15.85,982.6384,2020-06-10,False,2020-06-11,19.12,rollback,,
ADDS_ONLY,WFC,2020-05-27,27.8,703.4701,2020-06-10,False,2020-06-11,27.2,rollback,,
ADDS_ONLY,LRCX,2020-05-11,26.247,660.6822,2020-06-11,False,2020-06-12,29.2803,rollback,,
ADDS_ONLY,COTY,2020-06-02,4.5,4039.2872,2020-06-11,False,2020-06-12,4.95,rollback,,
ADDS_ONLY,CRM,2020-06-11,176.2699,211.0121,2020-06-23,False,2020-06-24,187.51,rollback,1.0,2020-06-12
ADDS_ONLY,NFLX,2020-06-10,43.2427,847.7331,2020-06-24,False,2020-06-25,45.886,rollback,1.0,2020-06-12
ADDS_ONLY,KR,2020-06-05,33.05,601.1515,2020-06-30,False,2020-07-01,33.86,rollback,,
ADDS_ONLY,GOOGL,2020-06-26,71.6315,264.1037,2020-07-13,False,2020-07-14,74.6395,rollback,,
ADDS_ONLY,PFE,2020-05-29,38.27,475.8671,2020-07-14,False,2020-07-15,35.99,rollback,,
ADDS_ONLY,F,2020-07-15,6.54,2983.4126,2020-07-17,False,2020-07-20,6.8,rollback,,
ADDS_ONLY,AMD,2020-06-10,54.8988,697.174,2020-08-17,False,2020-08-18,82.8,rollback,1.0,2020-06-15
ADDS_ONLY,V,2020-07-20,194.74,101.0838,2020-08-31,False,2020-09-01,212.21,rollback,,
ADDS_ONLY,GOOGL,2020-08-18,76.306,275.199,2020-08-31,False,2020-09-01,81.608,rollback,,
ADDS_ONLY,GOOG,2020-08-18,76.309,275.202,2020-09-03,False,2020-09-04,81.213,rollback,,
ADDS_ONLY,KSS,2020-09-04,22.05,987.3143,2020-09-18,False,2020-09-21,22.53,index_drop,,
ADDS_ONLY,MU,2020-07-01,50.8508,760.7059,2020-09-21,False,2020-09-22,49.27,rollback,1.0,2020-07-15
ADDS_ONLY,TWTR,2020-09-21,39.8942,1072.782,2020-09-24,False,2020-09-25,43.21,rollback,1.0,2020-09-22
ADDS_ONLY,NVDA,2020-09-28,13.0403,1657.347,2020-10-02,False,2020-10-05,13.236,rollback,,
ADDS_ONLY,KLAC,2020-09-28,18.814,1148.6777,2020-10-02,False,2020-10-05,19.328,rollback,,
ADDS_ONLY,LRCX,2020-09-25,32.472,654.5659,2020-10-16,False,2020-10-19,36.75,rollback,,
ADDS_ONLY,MS,2020-06-26,48.3,391.6604,2020-11-10,False,2020-11-11,55.94,rollback,,
ADDS_ONLY,KMI,2020-11-11,13.07,1771.2094,2020-11-18,False,2020-11-19,13.7,rollback,,
ADDS_ONLY,AAL,2020-10-05,13.09,1683.23,2020-11-27,False,2020-11-30,14.92,rollback,,
ADDS_ONLY,ABBV,2020-09-01,95.52,227.076,2020-12-01,False,2020-12-02,104.0,rollback,,
ADDS_ONLY,CSCO,2020-06-29,46.34,404.6122,2020-12-08,False,2020-12-09,44.47,rollback,,
ADDS_ONLY,NFLX,2020-11-30,49.008,481.5321,2020-12-08,False,2020-12-09,51.053,rollback,,
ADDS_ONLY,ATVI,2020-10-19,82.28,274.3077,2021-01-04,False,2021-01-05,90.32,rollback,,
ADDS_ONLY,GILD,2020-06-01,74.9153,484.6864,2021-01-13,False,2021-01-14,61.64,rollback,1.0,2020-06-02
ADDS_ONLY,ORLY,2020-09-01,30.8999,1415.0124,2021-01-13,False,2021-01-14,32.224,rollback,1.0,2020-10-05
ADDS_ONLY,EBAY,2020-11-20,49.8,470.0599,2021-01-13,False,2021-01-14,55.83,rollback,,
ADDS_ONLY,GOOGL,2021-01-14,87.4435,285.8252,2021-01-27,False,2021-01-28,91.55,rollback,,
ADDS_ONLY,GOOG,2021-01-14,87.681,242.1637,2021-01-27,False,2021-01-28,92.197,rollback,,
ADDS_ONLY,AAPL,2021-01-14,130.8,191.0918,2021-01-28,False,2021-01-29,135.83,rollback,,
ADDS_ONLY,MSFT,2020-12-02,215.4065,226.496,2021-01-29,False,2021-02-01,235.06,rollback,1.0,2021-01-14
ADDS_ONLY,CSCO,2021-02-02,45.52,537.5674,2021-02-09,False,2021-02-10,46.15,rollback,,
ADDS_ONLY,CMCSA,2021-01-29,50.0852,974.7891,2021-02-12,False,2021-02-16,53.0,rollback,1.0,2021-02-01
ADDS_ONLY,AAL,2021-01-28,20.33,1219.4417,2021-02-25,False,2021-02-26,20.61,rollback,,
ADDS_ONLY,SCHW,2021-02-16,58.93,441.5315,2021-02-25,False,2021-02-26,62.91,rollback,,
ADDS_ONLY,ORCL,2021-01-28,62.55,378.167,2021-03-04,False,2021-03-05,67.3101,rollback,,
ADDS_ONLY,GPS,2020-06-29,16.6416,2555.3031,2021-03-16,False,2021-03-17,31.12,rollback,1.0,2020-12-10
ADDS_ONLY,AVGO,2021-03-02,49.037,537.1224,2021-03-29,False,2021-03-30,46.388,rollback,,
ADDS_ONLY,WMT,2021-01-05,48.4364,1019.5152,2021-03-30,False,2021-03-31,45.1833,rollback,1.0,2021-02-11
ADDS_ONLY,CPRT,2020-12-14,29.5788,1647.6397,2021-04-06,False,2021-04-07,28.1525,rollback,1.0,2021-01-14
ADDS_ONLY,NFLX,2021-03-02,53.6798,1008.1723,2021-04-12,False,2021-04-13,55.7,rollback,1.0,2021-03-17
ADDS_ONLY,TWTR,2021-04-07,66.64,430.7199,2021-04-14,False,2021-04-15,70.55,rollback,,
ADDS_ONLY,AAPL,2021-03-17,124.05,223.9167,2021-04-20,False,2021-04-21,132.36,rollback,,
ADDS_ONLY,WFC,2021-03-31,39.27,708.1477,2021-04-20,False,2021-04-21,42.24,rollback,,
ADDS_ONLY,GOOGL,2021-03-31,102.72,270.7123,2021-04-22,False,2021-04-23,113.35,rollback,,
ADDS_ONLY,T,2021-03-05,29.5039,1871.2725,2021-04-26,False,2021-04-27,30.84,rollback,1.0,2021-04-21
ADDS_ONLY,KEY,2021-04-07,20.41,1406.2585,2021-04-30,False,2021-05-03,22.0,rollback,,
ADDS_ONLY,MOS,2021-04-14,32.44,898.8688,2021-04-30,False,2021-05-03,35.3,rollback,,
ADDS_ONLY,MDLZ,2021-04-21,59.37,490.9506,2021-05-04,False,2021-05-05,60.94,rollback,,
ADDS_ONLY,VZ,2021-05-03,58.23,521.7956,2021-05-07,False,2021-05-10,59.08,rollback,,
ADDS_ONLY,NKE,2021-04-13,134.4545,443.5336,2021-05-10,False,2021-05-11,138.38,rollback,1.0,2021-05-03
ADDS_ONLY,ABBV,2021-03-30,106.4105,536.4585,2021-05-11,False,2021-05-12,114.85,rollback,1.0,2021-04-15
ADDS_ONLY,MS,2021-04-26,81.81,366.7716,2021-05-11,False,2021-05-12,85.4,rollback,,
ADDS_ONLY,KMI,2021-02-16,15.07,1726.6591,2021-05-13,False,2021-05-14,18.23,rollback,,
ADDS_ONLY,MRK,2021-05-06,77.44,392.5478,2021-05-18,False,2021-05-19,78.925,rollback,,
ADDS_ONLY,BMY,2021-05-14,65.0186,943.3223,2021-05-25,False,2021-05-26,66.72,rollback,1.0,2021-05-17
ADDS_ONLY,CCL,2021-04-27,27.59,1086.0215,2021-06-03,False,2021-06-04,30.92,rollback,,
ADDS_ONLY,AAL,2021-05-17,22.32,1380.4007,2021-06-03,False,2021-06-04,25.13,rollback,,
ADDS_ONLY,APH,2021-05-10,33.4458,1836.1173,2021-06-07,False,2021-06-08,34.27,rollback,1.0,2021-05-11
ADDS_ONLY,GM,2021-05-26,56.97,556.575,2021-06-10,False,2021-06-11,61.36,rollback,,
ADDS_ONLY,MSFT,2021-06-07,249.98,133.4119,2021-06-11,False,2021-06-14,257.9,rollback,,
ADDS_ONLY,EBAY,2021-05-11,59.8666,1014.0171,2021-06-14,False,2021-06-15,66.0,rollback,1.0,2021-05-12
ADDS_ONLY,ORLY,2021-06-16,35.8133,926.4301,2021-06-23,False,2021-06-24,36.544,rollback,,
ADDS_ONLY,NOW,2021-06-11,98.0,341.5458,2021-07-01,False,2021-07-02,109.65,rollback,,
ADDS_ONLY,AMD,2021-05-26,77.83,407.4221,2021-07-07,False,2021-07-08,87.86,rollback,,
ADDS_ONLY,NFLX,2021-06-15,50.123,665.3471,2021-07-07,False,2021-07-08,53.093,rollback,,
ADDS_ONLY,MU,2021-06-16,82.73,401.0659,2021-08-05,False,2021-08-06,81.2,rollback,,
ADDS_ONLY,CNP,2021-07-09,25.38,1306.3238,2021-08-12,False,2021-08-13,26.87,rollback,,
ADDS_ONLY,BAC,2021-07-02,41.37,827.4414,2021-08-17,False,2021-08-18,40.77,rollback,,
ADDS_ONLY,WMT,2021-05-19,46.9033,653.9149,2021-08-18,False,2021-08-19,49.4433,rollback,,
ADDS_ONLY,GILD,2021-06-07,67.5224,987.5886,2021-08-19,False,2021-08-20,71.67,rollback,1.0,2021-06-08
ADDS_ONLY,CSCO,2021-08-20,57.2537,592.9927,2021-08-31,False,2021-09-01,59.02,rollback,,
ADDS_ONLY,MGM,2021-06-24,44.15,756.8935,2021-09-01,False,2021-09-02,42.48,rollback,,
ADDS_ONLY,MO,2021-06-08,50.55,659.4275,2021-09-07,False,2021-09-08,50.66,rollback,,
ADDS_ONLY,NOW,2021-08-20,118.21,287.1807,2021-09-08,False,2021-09-09,131.156,rollback,,
ADDS_ONLY,NFLX,2021-08-06,52.4,644.5247,2021-09-13,False,2021-09-14,58.489,rollback,,
ADDS_ONLY,ORLY,2021-08-23,39.7432,1725.6467,2021-09-28,False,2021-09-29,40.9773,rollback,1.0,2021-09-14
ADDS_ONLY,UAL,2021-09-08,46.7,746.9608,2021-09-28,False,2021-09-29,48.8808,rollback,,
ADDS_ONLY,MRK,2021-09-30,75.58,455.0879,2021-10-14,False,2021-10-15,78.2,rollback,,
ADDS_ONLY,SBUX,2021-09-01,118.01,296.6277,2021-11-08,False,2021-11-09,114.65,rollback,,
ADDS_ONLY,GPS,2021-09-29,25.49,1358.0544,2021-11-08,False,2021-11-09,24.59,rollback,,
ADDS_ONLY,LRCX,2021-04-27,64.736,462.8311,2021-11-10,False,2021-11-11,61.359,rollback,,
ADDS_ONLY,NVDA,2021-10-15,21.81,1552.5724,2021-11-26,False,2021-11-29,32.366,rollback,,
ADDS_ONLY,INTC,2021-11-09,51.2579,1373.1408,2021-12-08,False,2021-12-09,51.3,rollback,1.0,2021-11-10
ADDS_ONLY,KHC,2021-09-09,36.92,939.4354,2021-12-17,False,2021-12-20,35.26,rollback,,
ADDS_ONLY,VZ,2021-07-08,55.7245,1200.7489,2021-12-29,False,2021-12-30,52.38,rollback,1.0,2021-08-13
ADDS_ONLY,BMY,2021-08-20,68.71,494.0959,2022-01-03,False,2022-01-04,61.5,rollback,,
ADDS_ONLY,LUMN,2021-12-20,12.48,2707.9188,2022-01-11,False,2022-01-12,13.31,rollback,,
ADDS_ONLY,MDT,2021-11-11,117.0313,590.689,2022-01-18,False,2022-01-19,107.39,rollback,1.0,2021-12-09
ADDS_ONLY,T,2021-09-30,25.0726,2727.0159,2022-01-21,False,2022-01-24,26.19,rollback,1.0,2021-12-09
ADDS_ONLY,CVX,2021-11-30,113.45,296.373,2022-01-21,False,2022-01-24,124.45,rollback,,
ADDS_ONLY,WFC,2022-01-04,51.58,678.5655,2022-01-21,False,2022-01-24,52.73,rollback,,
ADDS_ONLY,LVS,2022-01-12,39.25,914.2493,2022-01-27,False,2022-01-28,42.33,rollback,,
ADDS_ONLY,GPS,2022-01-26,17.87,3943.5869,2022-02-01,False,2022-02-02,18.46,index_drop,1.0,2022-01-27
ADDS_ONLY,MS,2022-01-28,99.1,349.5632,2022-02-11,False,2022-02-14,104.03,rollback,,
ADDS_ONLY,VIAC,2021-12-31,32.3182,2183.8896,2022-02-16,False,2022-02-16,29.58,delisted,1.0,2022-02-02
ADDS_ONLY,ABBV,2022-01-28,135.99,254.7118,2022-02-18,False,2022-02-22,141.25,rollback,,
ADDS_ONLY,JNJ,2022-01-28,170.86,202.739,2022-03-08,False,2022-03-09,170.01,rollback,,
ADDS_ONLY,CTRA,2022-01-28,21.22,1632.2584,2022-03-08,False,2022-03-09,25.65,rollback,,
ADDS_ONLY,KHC,2022-02-17,36.525,954.6549,2022-03-08,False,2022-03-09,39.11,rollback,,
ADDS_ONLY,KMI,2022-02-14,17.51,2083.1337,2022-03-11,False,2022-03-14,17.9,rollback,,
ADDS_ONLY,XEL,2022-01-28,67.2904,1049.8513,2022-03-14,False,2022-03-15,70.11,rollback,1.0,2022-02-02
ADDS_ONLY,AVGO,2022-03-10,58.556,596.1659,2022-03-21,False,2022-03-22,60.172,rollback,,
ADDS_ONLY,HST,2022-03-11,18.3403,3813.7559,2022-03-21,False,2022-03-22,18.47,rollback,1.0,2022-03-14
ADDS_ONLY,KIM,2022-03-10,23.54,1482.895,2022-03-23,False,2022-03-24,24.02,rollback,,
ADDS_ONLY,KMI,2022-03-22,17.99,2021.5908,2022-03-28,False,2022-03-29,18.52,rollback,,
ADDS_ONLY,WMB,2022-03-22,32.33,1124.8562,2022-03-28,False,2022-03-29,32.86,rollback,,
ADDS_ONLY,SCHW,2022-03-15,84.11,410.3571,2022-03-30,False,2022-03-31,88.45,rollback,,
ADDS_ONLY,TWTR,2021-09-02,65.97,530.7297,2022-03-31,False,2022-04-01,39.16,rollback,,
ADDS_ONLY,NKE,2021-12-30,153.7415,450.0517,2022-03-31,False,2022-04-01,134.45,rollback,1.0,2022-02-22
ADDS_ONLY,PG,2022-02-18,154.9059,451.742,2022-03-31,False,2022-04-01,153.52,rollback,1.0,2022-03-16
ADDS_ONLY,PM,2022-03-31,93.78,390.9757,2022-04-04,False,2022-04-05,95.41,rollback,,
ADDS_ONLY,XOM,2022-03-22,81.63,445.5499,2022-04-11,False,2022-04-12,85.71,rollback,,
ADDS_ONLY,GILD,2022-03-30,60.42,611.5308,2022-04-12,False,2022-04-13,61.62,rollback,,
ADDS_ONLY,TJX,2022-04-11,61.98,573.3479,2022-04-22,False,2022-04-25,62.29,rollback,,
ADDS_ONLY,DVN,2022-04-08,60.34,600.2182,2022-05-09,False,2022-05-10,63.51,rollback,,
ADDS_ONLY,OXY,2022-04-08,57.7,627.7118,2022-05-18,False,2022-05-19,63.03,rollback,,
ADDS_ONLY,SLB,2022-04-11,42.64,857.7177,2022-05-18,False,2022-05-19,40.04,rollback,,
ADDS_ONLY,BKR,2022-04-11,36.7949,1988.5125,2022-05-31,False,2022-06-01,36.53,rollback,1.0,2022-04-13
ADDS_ONLY,RF,2022-04-26,21.36,1597.627,2022-06-01,False,2022-06-02,21.47,rollback,,
ADDS_ONLY,C,2022-05-20,50.26,683.5868,2022-06-01,False,2022-06-02,52.4,rollback,,
ADDS_ONLY,GOOG,2022-06-01,114.9315,313.4404,2022-06-03,False,2022-06-06,116.7425,rollback,,
ADDS_ONLY,GOOGL,2022-06-01,114.855,313.6335,2022-06-03,False,2022-06-06,116.7045,rollback,,
ADDS_ONLY,BMY,2022-06-08,76.52,463.72,2022-06-30,False,2022-07-01,76.98,rollback,,
ADDS_ONLY,CVS,2022-04-11,105.3728,692.7655,2022-07-20,False,2022-07-21,92.52,rollback,1.0,2022-04-12
ADDS_ONLY,HPE,2022-05-10,15.6783,4348.7299,2022-07-22,False,2022-07-25,13.89,rollback,1.0,2022-05-19
ADDS_ONLY,F,2022-03-25,16.74,2169.522,2022-07-26,False,2022-07-27,12.75,rollback,,
ADDS_ONLY,TSLA,2022-06-03,243.225,145.4582,2022-07-26,False,2022-07-27,263.81,rollback,,
ADDS_ONLY,FCX,2022-07-21,28.5151,2451.1098,2022-08-01,False,2022-08-02,29.63,rollback,1.0,2022-07-25
ADDS_ONLY,KO,2022-07-27,62.88,558.0747,2022-08-02,False,2022-08-03,63.55,rollback,,
ADDS_ONLY,CSX,2022-06-08,32.27,1099.5378,2022-08-18,False,2022-08-19,34.09,rollback,,
ADDS_ONLY,MSFT,2022-07-21,260.3947,268.4011,2022-08-18,False,2022-08-19,288.9,rollback,1.0,2022-07-25
ADDS_ONLY,CMG,2022-07-01,26.0416,1280.419,2022-08-19,False,2022-08-22,32.8,rollback,,
ADDS_ONLY,HAL,2022-08-19,29.55,1265.8721,2022-08-26,False,2022-08-29,31.17,rollback,,
ADDS_ONLY,APA,2022-08-19,35.962,1040.116,2022-08-31,False,2022-09-01,38.405,rollback,,
ADDS_ONLY,GILD,2022-09-02,64.3513,1116.5788,2022-09-13,False,2022-09-14,64.41,rollback,1.0,2022-09-07
ADDS_ONLY,DXCM,2022-08-26,87.73,430.3695,2022-10-14,False,2022-10-17,99.41,rollback,,
ADDS_ONLY,AAL,2022-08-02,14.1236,5086.3431,2022-10-20,False,2022-10-21,13.36,rollback,1.0,2022-08-03
ADDS_ONLY,PFE,2022-07-27,51.94,647.1177,2022-10-27,False,2022-10-28,45.98,rollback,,
ADDS_ONLY,UAL,2022-08-02,37.22,971.161,2022-11-02,False,2022-11-03,40.57,rollback,,
ADDS_ONLY,CCL,2022-10-21,7.93,4501.5468,2022-11-02,False,2022-11-03,8.34,rollback,,
ADDS_ONLY,XOM,2022-09-15,96.22,378.8104,2022-11-09,False,2022-11-10,110.19,rollback,,
ADDS_ONLY,USB,2022-10-17,43.88,815.0146,2022-11-09,False,2022-11-10,44.0,rollback,,
ADDS_ONLY,MU,2022-08-19,58.4619,1242.2864,2022-11-16,False,2022-11-17,57.3,rollback,1.0,2022-11-04
ADDS_ONLY,QCOM,2022-11-11,118.99,313.6097,2022-11-16,False,2022-11-17,118.95,rollback,,
ADDS_ONLY,KDP,2022-11-22,38.31,939.3925,2022-12-05,False,2022-12-06,37.98,rollback,,
ADDS_ONLY,MO,2022-11-23,45.21,801.4817,2022-12-05,False,2022-12-06,47.18,rollback,,
ADDS_ONLY,PCG,2022-11-21,15.1,2397.7729,2022-12-15,False,2022-12-16,16.09,rollback,,
ADDS_ONLY,AMZN,2022-10-21,105.4771,692.2235,2023-01-18,False,2023-01-19,94.74,rollback,1.0,2022-11-11
ADDS_ONLY,AAL,2022-12-07,14.24,2452.5419,2023-01-24,False,2023-01-25,15.97,rollback,,
ADDS_ONLY,WBD,2022-12-13,11.65,3104.8186,2023-02-07,False,2023-02-08,15.26,rollback,,
ADDS_ONLY,ATVI,2022-03-30,79.0122,913.457,2023-02-21,False,2023-02-22,77.28,rollback,1.0,2022-06-02
ADDS_ONLY,PCG,2023-01-26,15.96,2297.9662,2023-03-07,False,2023-03-08,16.32,rollback,,
ADDS_ONLY,PG,2023-02-23,140.23,255.5816,2023-03-21,False,2023-03-22,144.04,rollback,,
ADDS_ONLY,BMY,2023-01-20,73.9,486.3079,2023-04-04,False,2023-04-05,69.46,rollback,,
ADDS_ONLY,APA,2023-01-20,41.6765,1712.9604,2023-04-04,False,2023-04-05,37.89,rollback,1.0,2023-03-08
ADDS_ONLY,CNC,2023-04-06,66.28,526.5137,2023-04-12,False,2023-04-13,67.52,rollback,,
ADDS_ONLY,MS,2023-04-14,86.43,406.2045,2023-04-20,False,2023-04-21,90.48,rollback,,
ADDS_ONLY,EQT,2022-11-07,39.7844,1748.1541,2023-05-19,False,2023-05-22,35.46,rollback,1.0,2022-12-16
ADDS_ONLY,KLAC,2023-02-08,41.298,878.2554,2023-05-23,False,2023-05-24,40.685,rollback,,
ADDS_ONLY,LRCX,2023-04-21,52.419,659.3319,2023-05-23,False,2023-05-24,56.354,rollback,,
ADDS_ONLY,KEY,2023-04-14,11.0996,6237.3388,2023-06-08,False,2023-06-09,10.98,rollback,1.0,2023-05-22
ADDS_ONLY,WBD,2023-02-23,15.43,2322.8771,2023-06-15,False,2023-06-16,13.09,rollback,,
ADDS_ONLY,PYPL,2022-09-15,90.0165,815.5759,2023-06-21,False,2023-06-22,67.52,rollback,1.0,2022-10-31
ADDS_ONLY,INTC,2023-05-22,29.5781,2302.102,2023-06-21,False,2023-06-22,32.69,rollback,1.0,2023-05-24
ADDS_ONLY,F,2023-05-24,11.64,2918.3648,2023-06-21,False,2023-06-22,13.91,rollback,,
ADDS_ONLY,TSLA,2023-03-22,199.3,174.7688,2023-06-23,False,2023-06-26,250.065,rollback,,
ADDS_ONLY,VZ,2023-06-13,35.5,1072.7034,2023-07-06,False,2023-07-07,36.22,rollback,,
ADDS_ONLY,KMI,2023-06-28,16.88,2231.9668,2023-07-14,False,2023-07-17,17.25,rollback,,
ADDS_ONLY,CRM,2023-06-23,210.5,179.4607,2023-07-17,False,2023-07-18,227.05,rollback,,
ADDS_ONLY,HPQ,2023-06-13,30.34,1255.078,2023-07-18,False,2023-07-19,33.05,rollback,,
ADDS_ONLY,KO,2023-06-16,60.9562,1264.4491,2023-07-25,False,2023-07-26,61.86,rollback,1.0,2023-07-07
ADDS_ONLY,SCHW,2023-06-28,55.46,679.2953,2023-07-27,False,2023-07-28,66.1,rollback,,
ADDS_ONLY,INTC,2023-07-18,34.28,1135.1185,2023-07-31,False,2023-08-01,35.82,rollback,,
ADDS_ONLY,MO,2023-04-14,44.6273,1630.9714,2023-09-13,False,2023-09-14,43.82,rollback,1.0,2023-06-28
ADDS_ONLY,T,2023-06-28,15.3376,5016.3444,2023-09-18,False,2023-09-19,15.06,rollback,1.0,2023-07-26
ADDS_ONLY,KMI,2023-09-14,17.2349,4329.4143,2023-10-19,False,2023-10-20,17.04,rollback,1.0,2023-09-19
ADDS_ONLY,T,2023-10-20,15.19,2320.508,2023-10-25,False,2023-10-26,15.17,rollback,,
ADDS_ONLY,C,2023-07-19,47.08,838.1027,2023-11-06,False,2023-11-07,41.7,rollback,,
ADDS_ONLY,CCL,2023-07-28,18.365,2134.961,2023-11-24,False,2023-11-27,14.38,rollback,,
ADDS_ONLY,CMG,2023-06-22,38.8357,1866.2509,2023-11-27,False,2023-11-28,44.2,rollback,1.0,2023-10-23
ADDS_ONLY,ORCL,2023-07-17,117.7445,659.6376,2023-11-27,False,2023-11-28,116.0,rollback,1.0,2023-07-28
ADDS_ONLY,AMD,2023-08-01,114.26,341.9011,2023-11-27,False,2023-11-28,121.98,rollback,,
ADDS_ONLY,DIS,2023-09-15,85.22,440.083,2023-11-28,False,2023-11-29,92.6,rollback,,
ADDS_ONLY,HPE,2023-11-30,16.84,2304.6297,2023-12-04,False,2023-12-05,16.43,rollback,,
ADDS_ONLY,MRK,2023-10-26,103.1,332.8745,2023-12-07,False,2023-12-08,103.79,rollback,,
ADDS_ONLY,GILD,2023-12-01,76.78,507.733,2023-12-18,False,2023-12-19,79.58,rollback,,
ADDS_ONLY,WBD,2023-12-04,11.24,3475.7208,2023-12-18,False,2023-12-19,11.94,rollback,,
ADDS_ONLY,KR,2023-12-01,44.51,875.886,2023-12-19,False,2023-12-20,44.88,rollback,,
ADDS_ONLY,CMCSA,2023-09-19,43.9556,1687.2404,2023-12-20,False,2023-12-21,44.22,rollback,1.0,2023-11-07
ADDS_ONLY,AMD,2023-12-08,129.54,309.0841,2023-12-20,False,2023-12-21,138.14,rollback,,
ADDS_ONLY,GOOGL,2023-12-19,136.84,306.223,2023-12-27,False,2023-12-28,140.78,rollback,,
ADDS_ONLY,WMT,2023-12-19,51.6133,811.8344,2023-12-28,False,2023-12-29,52.51,rollback,,
ADDS_ONLY,WBA,2023-12-05,20.6549,3800.7029,2024-01-03,False,2024-01-04,24.19,rollback,1.0,2023-12-06
ADDS_ONLY,PFE,2023-12-01,28.3821,2861.0782,2024-01-04,False,2024-01-05,29.02,rollback,1.0,2023-12-21
ADDS_ONLY,CVS,2023-11-29,68.74,566.1642,2024-01-08,False,2024-01-09,80.55,rollback,,
ADDS_ONLY,T,2023-12-20,16.57,2557.3845,2024-01-08,False,2024-01-09,16.97,rollback,,
ADDS_ONLY,NI,2023-12-29,26.41,1630.1675,2024-01-09,False,2024-01-10,27.13,rollback,,
ADDS_ONLY,TSCO,2024-01-05,42.742,994.6097,2024-01-09,False,2024-01-10,44.146,rollback,,
ADDS_ONLY,PYPL,2024-01-09,60.28,705.2047,2024-01-22,False,2024-01-23,64.525,rollback,,
ADDS_ONLY,PG,2024-01-02,146.36,291.0705,2024-01-24,False,2024-01-25,152.4,rollback,,
ADDS_ONLY,AAL,2024-01-09,14.3219,5879.8871,2024-01-30,False,2024-01-31,14.49,rollback,1.0,2024-01-23
ADDS_ONLY,AMZN,2024-01-10,152.06,279.014,2024-01-30,False,2024-01-31,157.0,rollback,,
ADDS_ONLY,F,2024-01-31,11.76,3599.5479,2024-02-14,False,2024-02-15,12.35,rollback,,
ADDS_ONLY,EXC,2024-01-09,35.8379,2367.2165,2024-02-26,False,2024-02-27,35.88,rollback,1.0,2024-01-31
ADDS_ONLY,MRO,2023-12-22,24.89,1716.5803,2024-02-28,False,2024-02-29,24.23,rollback,,
ADDS_ONLY,ANET,2024-02-27,68.52,630.0953,2024-03-05,False,2024-03-06,71.0775,rollback,,
ADDS_ONLY,AMD,2024-02-15,179.14,235.6032,2024-03-11,False,2024-03-12,200.52,rollback,,
ADDS_ONLY,DVN,2024-01-31,43.18,980.2818,2024-03-12,False,2024-03-13,47.02,rollback,,
ADDS_ONLY,HPQ,2024-01-09,30.4278,2791.3406,2024-03-15,False,2024-03-18,30.39,rollback,1.0,2024-01-10
ADDS_ONLY,PARA,2024-03-12,12.2,3689.5617,2024-03-21,False,2024-03-22,11.84,rollback,,
ADDS_ONLY,DAL,2024-01-09,40.1943,2108.6767,2024-03-22,False,2024-03-25,45.48,rollback,1.0,2024-01-25
ADDS_ONLY,BMY,2024-03-26,52.39,894.3265,2024-04-01,False,2024-04-02,53.1,rollback,,
ADDS_ONLY,KDP,2023-12-22,32.465,993.3122,2024-04-04,False,2024-04-05,30.7,rollback,,
ADDS_ONLY,GM,2024-03-18,40.89,1095.7703,2024-04-04,False,2024-04-05,43.72,rollback,,
ADDS_ONLY,MRK,2024-03-26,125.78,372.4871,2024-04-04,False,2024-04-05,127.65,rollback,,
ADDS_ONLY,AMZN,2024-03-13,175.0557,512.1068,2024-04-10,False,2024-04-11,186.74,rollback,1.0,2024-03-19
ADDS_ONLY,CSCO,2024-04-10,49.524,1828.1819,2024-05-16,False,2024-05-17,48.26,rollback,1.0,2024-04-11
ADDS_ONLY,MSFT,2024-04-08,425.17,107.933,2024-05-17,False,2024-05-20,420.21,rollback,,
ADDS_ONLY,AVGO,2024-03-22,135.0,344.2657,2024-05-21,False,2024-05-22,139.601,rollback,,
ADDS_ONLY,ANET,2024-04-08,74.2525,617.9939,2024-05-23,False,2024-05-24,76.1075,rollback,,
ADDS_ONLY,VZ,2024-05-31,40.14,1121.1444,2024-06-05,False,2024-06-06,41.31,rollback,,
ADDS_ONLY,CCL,2024-02-28,15.6193,5499.8398,2024-06-06,False,2024-06-07,16.44,rollback,1.0,2024-02-29
ADDS_ONLY,T,2024-03-06,17.1,2611.469,2024-06-07,False,2024-06-10,18.0,rollback,,
ADDS_ONLY,SBUX,2024-04-02,91.11,508.0027,2024-06-07,False,2024-06-10,81.49,rollback,,
ADDS_ONLY,NCLH,2024-05-22,16.93,2727.8372,2024-06-07,False,2024-06-10,17.67,rollback,,
ADDS_ONLY,WMT,2024-04-11,60.75,745.5554,2024-06-12,False,2024-06-13,66.3,rollback,,
ADDS_ONLY,AMZN,2024-06-07,184.9,251.7228,2024-06-24,False,2024-06-25,186.81,rollback,,
ADDS_ONLY,F,2024-06-25,12.17,3819.3629,2024-07-05,False,2024-07-08,12.97,rollback,,
ADDS_ONLY,INTC,2024-05-17,31.1216,2967.7558,2024-07-11,False,2024-07-12,33.77,rollback,1.0,2024-06-07
ADDS_ONLY,HST,2024-05-17,18.4349,5036.139,2024-07-18,False,2024-07-19,17.79,rollback,1.0,2024-06-06
ADDS_ONLY,MDT,2024-06-10,83.3779,1116.0848,2024-07-18,False,2024-07-19,81.58,rollback,1.0,2024-06-11
ADDS_ONLY,GM,2024-07-12,48.02,1013.202,2024-07-18,False,2024-07-19,49.54,rollback,,
ADDS_ONLY,XOM,2024-05-20,119.73,383.3061,2024-07-19,False,2024-07-22,115.18,rollback,,
ADDS_ONLY,TSLA,2024-06-13,188.39,246.7628,2024-07-19,False,2024-07-22,244.21,rollback,,
ADDS_ONLY,MTCH,2024-07-10,31.16,1566.5665,2024-07-24,False,2024-07-25,33.06,rollback,,
ADDS_ONLY,PYPL,2024-07-23,60.72,813.8213,2024-08-02,False,2024-08-05,60.7,rollback,,
ADDS_ONLY,NEE,2024-07-23,72.5792,1356.8944,2024-08-05,False,2024-08-06,76.85,rollback,1.0,2024-07-24
ADDS_ONLY,PG,2024-08-05,170.88,286.1766,2024-08-09,False,2024-08-12,169.4,rollback,,
ADDS_ONLY,MMM,2024-06-10,100.43,462.302,2024-08-16,False,2024-08-19,127.08,rollback,,
ADDS_ONLY,CNC,2024-07-26,69.45,704.6389,2024-08-20,False,2024-08-21,78.46,rollback,,
ADDS_ONLY,META,2024-08-07,503.13,98.7085,2024-08-23,False,2024-08-26,527.6,rollback,,
ADDS_ONLY,UBER,2024-07-12,72.11,674.7524,2024-08-26,False,2024-08-27,72.49,rollback,,
ADDS_ONLY,WBD,2024-08-21,7.8,6751.5189,2024-08-27,False,2024-08-28,8.12,rollback,,
ADDS_ONLY,NFLX,2024-08-12,63.1,790.4649,2024-08-28,False,2024-08-29,69.0,rollback,,
ADDS_ONLY,SBUX,2024-07-22,78.33,631.8794,2024-09-03,False,2024-09-04,93.37,rollback,,
ADDS_ONLY,PEP,2024-09-04,177.9,290.9451,2024-09-06,False,2024-09-09,177.05,rollback,,
ADDS_ONLY,MNST,2024-07-29,51.0,982.3967,2024-09-20,False,2024-09-23,51.19,rollback,,
ADDS_ONLY,TSLA,2024-08-26,217.4874,480.9687,2024-09-20,False,2024-09-23,242.61,rollback,1.0,2024-09-09
ADDS_ONLY,T,2024-08-07,19.2,2586.7552,2024-09-23,False,2024-09-24,21.38,rollback,,
ADDS_ONLY,WMB,2024-09-23,45.44,1188.5883,2024-09-24,False,2024-09-25,46.0,rollback,,
ADDS_ONLY,CRM,2024-07-26,258.17,189.5635,2024-10-01,False,2024-10-02,273.72,rollback,,
ADDS_ONLY,MU,2024-09-24,94.73,578.0354,2024-10-01,False,2024-10-02,100.59,rollback,,
ADDS_ONLY,CVS,2024-09-25,58.82,927.127,2024-10-01,False,2024-10-02,63.01,rollback,,
ADDS_ONLY,BMY,2024-09-23,49.56,1089.8335,2024-10-08,False,2024-10-09,52.25,rollback,,
ADDS_ONLY,XOM,2024-08-27,118.0731,894.5349,2024-10-15,False,2024-10-16,120.89,rollback,1.0,2024-08-29
ADDS_ONLY,KEY,2024-10-07,16.69,3369.1709,2024-10-17,False,2024-10-18,17.16,rollback,,
ADDS_ONLY,BAC,2024-10-07,40.21,1398.5146,2024-10-21,False,2024-10-22,41.65,rollback,,
ADDS_ONLY,NFLX,2024-10-09,71.925,769.4856,2024-10-23,False,2024-10-24,75.197,rollback,,
ADDS_ONLY,KVUE,2024-10-22,22.55,2475.9624,2024-11-12,False,2024-11-13,23.45,rollback,,
ADDS_ONLY,AMZN,2024-10-18,187.15,301.8188,2024-11-15,False,2024-11-18,204.15,rollback,,
ADDS_ONLY,BKR,2024-10-24,37.1,1504.6225,2024-11-25,False,2024-11-26,43.75,rollback,,
ADDS_ONLY,VTRS,2024-08-29,11.6371,9335.283,2024-11-26,False,2024-11-27,13.08,rollback,1.0,2024-10-03
ADDS_ONLY,VZ,2024-11-18,41.67,1335.6285,2024-12-04,False,2024-12-05,42.59,rollback,,
ADDS_ONLY,META,2024-11-27,574.89,99.7339,2024-12-17,False,2024-12-18,621.0,rollback,,
ADDS_ONLY,MSFT,2024-11-13,421.64,134.5382,2024-12-18,False,2024-12-19,441.62,rollback,,
ADDS_ONLY,WBA,2024-11-29,9.08,6314.0091,2024-12-18,False,2024-12-19,9.61,rollback,,
ADDS_ONLY,PFE,2024-10-16,27.705,4129.3957,2024-12-26,False,2024-12-27,26.43,rollback,1.0,2024-11-26
ADDS_ONLY,NVDA,2024-12-05,145.11,389.5874,2025-01-07,False,2025-01-08,142.58,rollback,,
ADDS_ONLY,OXY,2024-12-27,48.2,1171.0739,2025-01-21,False,2025-01-22,50.4,rollback,,
ADDS_ONLY,WBA,2025-01-08,9.5,5797.7698,2025-01-27,False,2025-01-28,11.27,rollback,,
ADDS_ONLY,KO,2024-12-18,62.7555,1801.186,2025-01-28,False,2025-01-29,62.56,rollback,1.0,2024-12-19
ADDS_ONLY,NKE,2024-09-23,83.7038,1318.5626,2025-01-31,False,2025-02-03,74.9,rollback,1.0,2024-10-16
ADDS_ONLY,CCL,2024-12-23,25.9523,4343.7804,2025-02-03,False,2025-02-04,27.18,rollback,1.0,2024-12-27
ADDS_ONLY,SMCI,2025-01-22,32.4487,3523.7454,2025-02-11,False,2025-02-12,42.3,rollback,1.0,2025-02-05
ADDS_ONLY,MO,2025-02-03,52.0,1077.6676,2025-02-11,False,2025-02-12,53.51,rollback,,
ADDS_ONLY,INTC,2025-02-12,21.98,2729.5532,2025-02-24,False,2025-02-25,24.21,rollback,,
ADDS_ONLY,AAPL,2025-01-29,234.12,245.5652,2025-02-25,False,2025-02-26,244.33,rollback,,
ADDS_ONLY,WBA,2025-02-25,10.91,5774.3197,2025-02-26,False,2025-02-27,11.7,rollback,,
ADDS_ONLY,MCHP,2024-07-23,85.628,1189.0547,2025-02-27,False,2025-02-28,57.16,rollback,1.0,2024-08-19
ADDS_ONLY,NEE,2025-01-30,70.6017,1671.0809,2025-03-12,False,2025-03-13,73.2,rollback,1.0,2025-02-12
ADDS_ONLY,MRK,2025-02-28,90.705,685.8713,2025-03-12,False,2025-03-13,93.4,rollback,,
ADDS_ONLY,GM,2025-03-03,49.98,1258.9065,2025-03-26,False,2025-03-27,46.99,rollback,,
ADDS_ONLY,MU,2025-03-13,96.4575,1303.179,2025-05-05,False,2025-05-06,79.04,rollback,1.0,2025-03-14
ADDS_ONLY,PFE,2025-01-28,26.5401,4262.7516,2025-05-06,False,2025-05-07,22.99,rollback,1.0,2025-02-03
ADDS_ONLY,F,2025-02-05,10.16,5585.9288,2025-05-07,False,2025-05-08,10.34,rollback,,
ADDS_ONLY,UPS,2025-05-09,97.2,586.3851,2025-05-13,False,2025-05-14,99.85,rollback,,
ADDS_ONLY,LUV,2025-02-27,30.87,2034.101,2025-05-21,False,2025-05-22,31.67,rollback,,
ADDS_ONLY,FSLR,2025-05-09,134.115,424.9621,2025-05-21,False,2025-05-22,159.95,rollback,,
ADDS_ONLY,FCX,2025-05-27,39.14,1477.3273,2025-06-10,False,2025-06-11,41.385,rollback,,
ADDS_ONLY,FAST,2025-05-15,40.265,1452.6769,2025-06-11,False,2025-06-12,42.495,rollback,,
ADDS_ONLY,SLB,2025-02-12,40.7769,3005.8075,2025-06-16,False,2025-06-17,36.22,rollback,1.0,2025-03-13
ADDS_ONLY,PFE,2025-05-27,23.55,2455.4343,2025-06-16,False,2025-06-17,24.27,rollback,,
ADDS_ONLY,NEM,2025-05-12,51.02,1131.0686,2025-06-20,False,2025-06-23,58.36,rollback,,
ADDS_ONLY,XOM,2025-05-09,107.14,532.0094,2025-06-24,False,2025-06-25,108.11,rollback,,
ADDS_ONLY,CMG,2025-06-17,52.25,1154.0686,2025-06-26,False,2025-06-27,54.195,rollback,,
ADDS_ONLY,KMI,2025-06-23,28.22,2136.8092,2025-07-01,False,2025-07-02,28.33,rollback,,
ADDS_ONLY,DOC,2025-02-26,20.22,3118.1769,2025-07-07,False,2025-07-08,17.935,rollback,,
ADDS_ONLY,GM,2025-06-12,49.46,1206.5062,2025-07-07,False,2025-07-08,52.16,rollback,,
ADDS_ONLY,PEP,2025-06-17,131.16,459.7215,2025-07-07,False,2025-07-08,133.41,rollback,,
ADDS_ONLY,F,2025-06-11,10.64,5641.0375,2025-07-11,False,2025-07-14,11.76,rollback,,
ADDS_ONLY,DOW,2025-07-09,29.365,2049.1806,2025-07-11,False,2025-07-14,29.25,rollback,,
ADDS_ONLY,HAL,2025-07-09,22.07,2920.4981,2025-07-14,False,2025-07-15,22.05,rollback,,
ADDS_ONLY,AES,2025-07-02,10.85,5794.866,2025-07-28,False,2025-07-29,13.49,rollback,,
ADDS_ONLY,KVUE,2025-07-14,22.58,2834.153,2025-07-28,False,2025-07-29,22.38,rollback,,
ADDS_ONLY,META,2025-07-29,720.0,91.4536,2025-08-01,False,2025-08-04,760.0,rollback,,
ADDS_ONLY,CSCO,2025-08-05,68.69,953.6098,2025-08-11,False,2025-08-12,70.785,rollback,,
ADDS_ONLY,PLTR,2025-07-08,138.775,452.4577,2025-08-14,False,2025-08-15,179.725,rollback,,
ADDS_ONLY,VZ,2025-03-27,43.299,2892.1362,2025-08-22,False,2025-08-25,44.44,rollback,1.0,2025-06-27
ADDS_ONLY,CMCSA,2025-07-15,34.2615,3804.6881,2025-08-26,False,2025-08-27,33.59,rollback,1.0,2025-08-15
ADDS_ONLY,INTC,2025-05-08,21.01,2694.7591,2025-08-29,False,2025-09-02,23.88,rollback,,
ADDS_ONLY,CCL,2025-08-25,31.11,2155.6071,2025-08-29,False,2025-09-02,30.7,rollback,,
ADDS_ONLY,XOM,2025-07-29,111.9,588.471,2025-09-03,False,2025-09-04,112.105,rollback,,
ADDS_ONLY,AVGO,2025-09-04,305.06,214.7134,2025-09-17,False,2025-09-18,350.0,rollback,,
ADDS_ONLY,TSLA,2025-08-25,338.9,197.8881,2025-09-25,False,2025-09-26,428.3,rollback,,
ADDS_ONLY,IBKR,2025-09-03,63.95,1029.8867,2025-09-30,False,2025-10-01,67.86,rollback,,
ADDS_ONLY,WBD,2025-08-28,12.19,5541.7742,2025-10-02,False,2025-10-03,19.378,rollback,,
ADDS_ONLY,CMG,2025-10-03,40.27,1815.0585,2025-10-06,False,2025-10-07,41.5,rollback,,
ADDS_ONLY,PYPL,2025-09-18,70.08,1024.175,2025-10-10,False,2025-10-13,70.72,rollback,,
ADDS_ONLY,CRM,2025-06-25,255.3341,524.9736,2025-10-23,False,2025-10-24,257.42,rollback,1.0,2025-10-13
ADDS_ONLY,BMY,2025-07-15,46.6051,2714.2616,2025-11-03,False,2025-11-04,45.49,rollback,1.0,2025-08-12
ADDS_ONLY,PLTR,2025-10-24,182.88,403.4655,2025-11-04,False,2025-11-05,189.0,rollback,,
ADDS_ONLY,AMZN,2025-10-24,221.97,332.3966,2025-11-12,False,2025-11-13,243.05,rollback,,
ADDS_ONLY,CTRA,2025-08-27,23.639,5898.9853,2025-11-17,False,2025-11-18,25.74,rollback,1.0,2025-10-01
ADDS_ONLY,VZ,2025-11-07,39.94,1855.6597,2025-11-17,False,2025-11-18,41.03,rollback,,
ADDS_ONLY,KHC,2025-11-19,24.915,2947.7741,2025-12-01,False,2025-12-02,25.38,rollback,,
ADDS_ONLY,SCHW,2025-09-26,95.13,751.3871,2025-12-12,False,2025-12-15,96.73,rollback,,
ADDS_ONLY,KDP,2025-11-19,27.29,2691.1001,2025-12-15,False,2025-12-16,29.34,rollback,,
ADDS_ONLY,HBAN,2025-11-24,15.89,4650.9867,2025-12-18,False,2025-12-19,17.55,rollback,,
ADDS_ONLY,MRK,2025-12-19,100.6,742.5394,2025-12-30,False,2025-12-31,105.935,rollback,,
ADDS_ONLY,SMCI,2025-06-17,43.24,1394.6137,2025-12-31,False,,29.27,open,,
ADDS_ONLY,CAG,2025-09-04,18.9772,7399.4006,2025-12-31,False,,17.31,open,1.0,2025-10-07
ADDS_ONLY,CNC,2025-11-05,35.815,2087.5195,2025-12-31,False,,41.15,open,,
ADDS_ONLY,PCG,2025-11-06,16.1761,9222.2398,2025-12-31,False,,16.07,open,1.0,2025-12-02
ADDS_ONLY,T,2025-11-13,25.65,2902.1945,2025-12-31,False,,24.84,open,,
ADDS_ONLY,VICI,2025-12-16,28.2521,5284.6645,2025-12-31,False,,28.12,open,1.0,2025-12-17
ADDS_ONLY,VZ,2025-12-31,40.71,1857.9525,2025-12-31,False,,40.73,open,,
BRIDGE_ONLY,AVGO,2016-02-01,13.334,749.5877,2016-02-02,False,2016-02-03,13.725,rollback,,
BRIDGE_ONLY,HAL,2016-02-01,31.29,319.3354,2016-02-05,False,2016-02-08,30.74,rollback,,
BRIDGE_ONLY,DOW,2016-02-03,45.73,211.9676,2016-02-11,True,2016-02-12,45.28,rollback,,
BRIDGE_ONLY,TXN,2016-02-01,52.3,191.004,2016-02-18,True,2016-02-19,52.83,rollback,,
BRIDGE_ONLY,FOXA,2016-02-01,26.84,372.2432,2016-02-23,False,2016-02-24,26.71,rollback,,
BRIDGE_ONLY,XRX,2016-02-01,16.996,587.8152,2016-02-23,False,2016-02-24,16.513,rollback,,
BRIDGE_ONLY,MDLZ,2016-02-01,42.82,233.3374,2016-02-26,False,2016-02-29,40.54,rollback,,
BRIDGE_ONLY,JNPR,2016-02-19,24.0,395.7564,2016-02-26,True,2016-02-29,24.59,rollback,,
BRIDGE_ONLY,KLAC,2016-02-01,6.64,1505.0458,2016-03-02,False,2016-03-03,6.836,rollback,,
BRIDGE_ONLY,LRCX,2016-02-01,7.12,1403.7223,2016-03-08,False,2016-03-09,7.355,rollback,,
BRIDGE_ONLY,JPM,2016-02-01,59.16,168.9318,2016-03-08,False,2016-03-09,59.15,rollback,,
BRIDGE_ONLY,TAP,2016-02-01,90.5,110.4199,2016-03-08,False,2016-03-09,88.6,rollback,,
BRIDGE_ONLY,AMAT,2016-02-01,17.45,572.6364,2016-03-08,False,2016-03-09,19.01,rollback,,
BRIDGE_ONLY,DVN,2016-02-01,27.03,369.5897,2016-03-08,True,2016-03-09,22.07,rollback,,
BRIDGE_ONLY,EMC,2016-02-04,24.44,403.1287,2016-03-08,True,2016-03-09,26.35,rollback,,
BRIDGE_ONLY,WDC,2016-02-19,44.23,214.7339,2016-03-08,True,2016-03-09,46.77,rollback,,
BRIDGE_ONLY,BAC,2016-02-29,12.7,771.7182,2016-03-08,True,2016-03-09,13.17,rollback,,
BRIDGE_ONLY,AIG,2016-03-14,52.59,194.3294,2016-03-21,False,2016-03-22,53.55,rollback,,
BRIDGE_ONLY,GILD,2016-02-16,90.72,102.4586,2016-03-23,True,2016-03-24,89.61,rollback,,
BRIDGE_ONLY,WY,2016-02-24,24.0,392.1464,2016-04-04,True,2016-04-05,30.87,rollback,,
BRIDGE_ONLY,ATVI,2016-02-25,31.98,303.2629,2016-04-05,True,2016-04-06,33.89,rollback,,
BRIDGE_ONLY,ABBV,2016-03-30,57.43,182.9793,2016-04-07,True,2016-04-08,59.49,rollback,,
BRIDGE_ONLY,COP,2016-04-07,40.43,260.7437,2016-04-15,True,2016-04-18,42.09,rollback,,
BRIDGE_ONLY,V,2016-03-17,72.28,141.9997,2016-04-22,False,2016-04-25,78.69,rollback,,
BRIDGE_ONLY,GME,2016-03-30,7.8925,1331.521,2016-04-22,False,2016-04-25,8.17,index_drop,,
BRIDGE_ONLY,MRO,2016-04-07,10.88,969.0184,2016-04-25,True,2016-04-26,14.09,rollback,,
BRIDGE_ONLY,WMB,2016-04-11,16.37,650.4899,2016-04-25,True,2016-04-26,19.25,rollback,,
BRIDGE_ONLY,PFE,2016-03-14,30.27,337.6547,2016-04-26,False,2016-04-27,32.98,rollback,,
BRIDGE_ONLY,HAL,2016-04-07,35.97,293.0885,2016-05-03,True,2016-05-04,40.13,rollback,,
BRIDGE_ONLY,WMT,2016-03-22,22.6667,457.1287,2016-05-23,False,2016-05-24,23.2167,rollback,,
BRIDGE_ONLY,WFM,2016-05-06,29.95,358.8062,2016-05-27,True,2016-05-31,31.96,rollback,,
BRIDGE_ONLY,KR,2016-03-14,38.43,265.9458,2016-06-02,False,2016-06-03,36.2,rollback,,
BRIDGE_ONLY,MU,2016-04-27,11.34,969.1421,2016-06-09,False,2016-06-10,12.32,rollback,,
BRIDGE_ONLY,XRAY,2016-03-30,62.19,168.9657,2016-06-10,True,2016-06-13,64.22,rollback,,
BRIDGE_ONLY,FE,2016-04-28,32.67,336.6608,2016-06-10,True,2016-06-13,33.68,rollback,,
BRIDGE_ONLY,SYY,2016-06-17,49.75,219.5696,2016-07-01,True,2016-07-05,50.75,rollback,,
BRIDGE_ONLY,T,2016-05-31,39.03,287.7085,2016-07-07,True,2016-07-08,42.13,rollback,,
BRIDGE_ONLY,ATVI,2016-06-15,38.46,283.7518,2016-07-07,True,2016-07-08,40.64,rollback,,
BRIDGE_ONLY,HST,2016-04-28,15.77,697.4103,2016-07-13,True,2016-07-14,16.58,rollback,,
BRIDGE_ONLY,M,2016-06-03,33.93,332.2575,2016-07-13,True,2016-07-14,35.53,rollback,,
BRIDGE_ONLY,DAL,2016-03-17,48.58,211.2645,2016-07-21,False,2016-07-22,39.07,rollback,,
BRIDGE_ONLY,GOOG,2016-02-29,35.016,279.8815,2016-07-26,True,2016-07-27,36.914,rollback,,
BRIDGE_ONLY,CMG,2016-04-18,9.36,1157.3096,2016-07-26,True,2016-07-27,8.638,rollback,,
BRIDGE_ONLY,EBAY,2016-04-28,25.09,438.4141,2016-08-09,False,2016-08-10,31.11,rollback,,
BRIDGE_ONLY,AAPL,2016-07-08,24.1225,461.7992,2016-08-11,True,2016-08-12,26.945,rollback,,
BRIDGE_ONLY,AABA,2016-06-10,36.97,300.009,2016-08-23,True,2016-08-24,42.5,rollback,,
BRIDGE_ONLY,BLL,2016-07-14,71.62,161.4654,2016-08-24,True,2016-08-25,79.76,rollback,,
BRIDGE_ONLY,WFC,2016-08-12,48.05,252.3736,2016-09-06,True,2016-09-07,49.79,rollback,,
BRIDGE_ONLY,NEE,2016-07-22,32.0025,361.3827,2016-09-26,True,2016-09-27,31.7725,rollback,,
BRIDGE_ONLY,PG,2016-03-03,82.54,123.5267,2016-10-03,True,2016-10-04,88.29,rollback,,
BRIDGE_ONLY,FAST,2016-04-28,11.7725,934.3181,2016-10-07,True,2016-10-10,10.6175,rollback,,
BRIDGE_ONLY,NFLX,2016-07-05,9.52,1160.6267,2016-10-07,True,2016-10-10,10.318,rollback,,
BRIDGE_ONLY,KLAC,2016-10-04,7.036,1745.3446,2016-10-11,True,2016-10-12,7.23,rollback,,
BRIDGE_ONLY,KR,2016-10-12,30.24,399.5117,2016-10-13,True,2016-10-14,31.17,rollback,,
BRIDGE_ONLY,FOXA,2016-07-14,28.18,410.3878,2016-10-24,True,2016-10-25,25.59,rollback,,
BRIDGE_ONLY,GOOGL,2016-09-07,40.3965,302.3733,2016-10-25,True,2016-10-26,41.356,rollback,,
BRIDGE_ONLY,SBUX,2016-08-24,57.0,212.0677,2016-11-09,True,2016-11-10,54.64,rollback,,
BRIDGE_ONLY,WMT,2016-08-10,24.5233,489.7238,2016-11-14,True,2016-11-15,23.5967,rollback,,
BRIDGE_ONLY,CMG,2016-09-27,8.39,1423.1993,2016-11-15,True,2016-11-16,7.98,rollback,,
BRIDGE_ONLY,FCX,2016-10-26,10.45,1126.3974,2016-11-17,True,2016-11-18,13.79,rollback,,
BRIDGE_ONLY,BMY,2016-10-10,50.79,240.9355,2016-11-22,True,2016-11-23,56.05,rollback,,
BRIDGE_ONLY,C,2016-05-24,45.45,239.1619,2016-11-28,True,2016-11-29,55.5,rollback,,
BRIDGE_ONLY,ORLY,2016-10-14,18.6733,646.167,2016-11-30,True,2016-12-01,18.2413,rollback,,
BRIDGE_ONLY,T,2016-08-01,43.25,272.0031,2016-12-02,True,2016-12-05,38.7,rollback,,
BRIDGE_ONLY,CMCSA,2016-11-10,31.765,392.5702,2016-12-02,True,2016-12-05,34.51,rollback,,
BRIDGE_ONLY,CVS,2016-12-01,76.62,166.2199,2016-12-08,True,2016-12-09,78.88,rollback,,
BRIDGE_ONLY,WFC,2016-10-11,45.8,266.8632,2016-12-12,True,2016-12-13,55.85,rollback,,
BRIDGE_ONLY,AVGO,2016-12-09,18.095,723.3332,2016-12-12,True,2016-12-13,17.874,rollback,,
BRIDGE_ONLY,EBAY,2016-08-25,31.08,385.0595,2016-12-13,True,2016-12-14,29.85,rollback,,
BRIDGE_ONLY,KO,2016-11-29,41.52,305.6385,2016-12-13,True,2016-12-14,41.89,rollback,,
BRIDGE_ONLY,XOM,2016-11-16,86.74,145.8112,2016-12-19,True,2016-12-20,90.51,rollback,,
BRIDGE_ONLY,PFE,2016-12-13,32.81,400.2351,2016-12-21,True,2016-12-22,32.29,rollback,,
BRIDGE_ONLY,BSX,2016-07-29,24.33,481.6728,2016-12-28,True,2016-12-29,21.65,rollback,,
BRIDGE_ONLY,NKE,2016-11-18,51.39,248.8004,2017-01-09,True,2017-01-10,53.55,rollback,,
BRIDGE_ONLY,V,2016-12-14,79.28,166.0997,2017-01-12,True,2017-01-13,81.02,rollback,,
BRIDGE_ONLY,AMZN,2016-10-25,41.965,283.8669,2017-01-17,True,2017-01-18,40.475,rollback,,
BRIDGE_ONLY,NFLX,2016-12-05,12.073,1050.2759,2017-01-20,True,2017-01-23,13.865,rollback,,
BRIDGE_ONLY,FAST,2017-01-13,12.035,1099.3474,2017-01-26,True,2017-01-27,12.6025,rollback,,
BRIDGE_ONLY,FB,2016-12-14,120.0,109.742,2017-01-31,True,2017-02-01,132.25,rollback,,
BRIDGE_ONLY,LRCX,2016-12-20,10.819,1202.6077,2017-01-31,True,2017-02-01,11.591,rollback,,
BRIDGE_ONLY,EBAY,2017-01-27,31.95,427.1685,2017-01-31,True,2017-02-01,31.9,rollback,,
BRIDGE_ONLY,RAI,2016-12-05,54.87,231.0798,2017-02-06,True,2017-02-07,60.41,rollback,,
BRIDGE_ONLY,PG,2017-01-18,84.8,155.8949,2017-02-06,True,2017-02-07,87.64,rollback,,
BRIDGE_ONLY,KLAC,2016-12-22,7.898,1647.7145,2017-02-09,True,2017-02-10,8.696,rollback,,
BRIDGE_ONLY,WMT,2016-12-13,23.89,549.6466,2017-02-10,True,2017-02-13,22.7733,rollback,,
BRIDGE_ONLY,HPQ,2016-07-08,13.05,853.5781,2017-02-15,True,2017-02-16,15.99,rollback,,
BRIDGE_ONLY,COG,2017-01-03,22.98,559.481,2017-02-16,True,2017-02-17,23.01,rollback,,
BRIDGE_ONLY,HBAN,2017-01-10,13.35,986.3678,2017-02-16,True,2017-02-17,14.02,rollback,,
BRIDGE_ONLY,BAC,2017-02-10,23.19,581.4051,2017-02-23,True,2017-02-24,24.12,rollback,,
BRIDGE_ONLY,EXC,2017-02-01,35.66,378.2931,2017-02-27,True,2017-02-28,36.47,rollback,,
BRIDGE_ONLY,HCP,2017-02-03,30.8,437.7559,2017-03-01,True,2017-03-02,32.14,rollback,,
BRIDGE_ONLY,MU,2017-03-02,24.88,556.9689,2017-03-08,True,2017-03-09,25.23,rollback,,
BRIDGE_ONLY,ABBV,2017-02-16,61.67,223.877,2017-03-21,True,2017-03-22,65.38,rollback,,
BRIDGE_ONLY,LRCX,2017-02-22,11.763,1173.5444,2017-03-21,True,2017-03-22,12.408,rollback,,
BRIDGE_ONLY,INTC,2017-01-23,37.07,361.5478,2017-04-28,True,2017-05-01,36.11,rollback,,
BRIDGE_ONLY,EW,2017-02-02,30.72,434.454,2017-05-11,True,2017-05-12,36.6967,rollback,,
BRIDGE_ONLY,GOOGL,2017-02-13,41.885,322.2373,2017-05-17,True,2017-05-18,47.16,rollback,,
BRIDGE_ONLY,QCOM,2016-11-23,68.33,188.1178,2017-05-25,True,2017-05-26,57.66,rollback,,
BRIDGE_ONLY,F,2017-02-28,12.63,1099.4012,2017-06-02,True,2017-06-05,11.36,rollback,,
BRIDGE_ONLY,PHM,2017-05-12,23.0,584.3608,2017-06-05,True,2017-06-06,23.21,rollback,,
BRIDGE_ONLY,NEE,2017-03-22,33.0025,409.8064,2017-06-08,True,2017-06-09,35.275,rollback,,
BRIDGE_ONLY,SBUX,2017-05-22,61.03,219.5606,2017-06-08,True,2017-06-09,62.37,rollback,,
BRIDGE_ONLY,AMD,2017-05-02,11.73,1151.8742,2017-06-09,True,2017-06-12,11.75,rollback,,
BRIDGE_ONLY,TGT,2017-06-06,55.26,239.4305,2017-06-13,True,2017-06-14,57.5,rollback,,
BRIDGE_ONLY,JPM,2017-06-09,85.51,155.0665,2017-06-20,True,2017-06-21,87.48,rollback,,
BRIDGE_ONLY,MRK,2017-06-21,64.56,200.0778,2017-06-26,True,2017-06-27,66.27,rollback,,
BRIDGE_ONLY,BAC,2017-06-12,23.82,560.0336,2017-06-30,True,2017-07-03,24.46,rollback,,
BRIDGE_ONLY,WMB,2017-02-07,28.93,470.2469,2017-07-05,True,2017-07-06,30.5,rollback,,
BRIDGE_ONLY,RF,2017-06-09,14.14,937.7935,2017-07-05,True,2017-07-06,14.84,rollback,,
BRIDGE_ONLY,GILD,2017-02-07,72.56,187.4802,2017-07-06,True,2017-07-07,69.69,rollback,,
BRIDGE_ONLY,PYPL,2017-07-06,54.22,243.1196,2017-07-11,True,2017-07-12,56.6,rollback,,
BRIDGE_ONLY,KLAC,2017-07-12,9.771,1356.3475,2017-07-17,True,2017-07-18,9.906,rollback,,
BRIDGE_ONLY,RIG,2017-02-24,13.99,986.9517,2017-07-20,True,2017-07-21,8.74,rollback,,
BRIDGE_ONLY,HPE,2017-07-06,16.85,782.3503,2017-07-24,True,2017-07-25,17.84,rollback,,
BRIDGE_ONLY,AVGO,2017-07-10,24.051,536.9285,2017-07-27,True,2017-07-28,24.892,rollback,,
BRIDGE_ONLY,HPQ,2017-06-27,18.1,722.7731,2017-07-31,True,2017-08-01,19.14,rollback,,
BRIDGE_ONLY,KMI,2016-11-15,21.5,586.9493,2017-08-01,True,2017-08-02,20.2,rollback,,
BRIDGE_ONLY,TSCO,2017-03-09,14.518,937.9714,2017-08-03,True,2017-08-04,11.14,rollback,,
BRIDGE_ONLY,NEM,2017-03-22,34.23,395.0908,2017-08-04,True,2017-08-07,36.15,rollback,,
BRIDGE_ONLY,T,2017-02-21,41.37,333.4752,2017-08-08,True,2017-08-09,38.2,rollback,,
BRIDGE_ONLY,TJX,2017-07-03,36.325,364.2976,2017-08-09,True,2017-08-10,35.345,rollback,,
BRIDGE_ONLY,HBI,2017-08-03,23.76,567.4117,2017-08-09,True,2017-08-10,24.11,rollback,,
BRIDGE_ONLY,INTC,2017-05-26,36.26,362.8471,2017-08-10,True,2017-08-11,36.26,rollback,,
BRIDGE_ONLY,MU,2017-07-12,31.77,417.1713,2017-08-24,True,2017-08-25,30.3,rollback,,
BRIDGE_ONLY,MSFT,2017-08-15,73.59,181.3585,2017-09-01,True,2017-09-05,73.34,rollback,,
BRIDGE_ONLY,CSCO,2017-07-18,31.41,425.6174,2017-09-05,True,2017-09-06,31.75,rollback,,
BRIDGE_ONLY,SPLS,2017-08-15,10.2,1308.3174,2017-09-12,True,2017-09-12,10.25,delisted,,
BRIDGE_ONLY,FAST,2017-06-05,11.0675,1195.3938,2017-09-19,True,2017-09-20,11.1075,rollback,,
BRIDGE_ONLY,RRC,2017-06-14,23.8,562.9344,2017-09-19,True,2017-09-20,19.11,rollback,,
BRIDGE_ONLY,BAC,2017-07-26,24.67,554.7494,2017-09-25,True,2017-09-26,24.83,rollback,,
BRIDGE_ONLY,PFE,2017-08-04,33.58,401.1266,2017-09-25,True,2017-09-26,35.51,rollback,,
BRIDGE_ONLY,IPG,2017-09-21,20.79,657.9277,2017-09-26,True,2017-09-27,21.12,rollback,,
BRIDGE_ONLY,GOOGL,2017-09-28,47.8125,288.7152,2017-10-02,True,2017-10-03,48.378,rollback,,
BRIDGE_ONLY,HPE,2017-09-26,14.74,928.8402,2017-10-03,True,2017-10-04,14.7,rollback,,
BRIDGE_ONLY,RF,2017-08-01,14.68,929.5246,2017-10-09,True,2017-10-10,15.0,rollback,,
BRIDGE_ONLY,HPQ,2017-08-25,19.54,682.5216,2017-10-09,True,2017-10-10,20.6165,rollback,,
BRIDGE_ONLY,WFC,2017-09-13,51.39,259.6575,2017-10-09,True,2017-10-10,55.37,rollback,,
BRIDGE_ONLY,MO,2017-09-26,64.15,213.4126,2017-10-13,True,2017-10-16,65.05,rollback,,
BRIDGE_ONLY,MDLZ,2017-10-03,41.29,334.3447,2017-10-13,True,2017-10-16,41.64,rollback,,
BRIDGE_ONLY,AAPL,2017-10-10,39.0138,359.2956,2017-10-19,True,2017-10-20,39.1525,rollback,,
BRIDGE_ONLY,KO,2017-10-11,45.88,306.1835,2017-10-23,True,2017-10-24,46.26,rollback,,
BRIDGE_ONLY,NEE,2017-10-10,36.975,379.0882,2017-10-26,True,2017-10-27,38.3475,rollback,,
BRIDGE_ONLY,WMT,2017-09-06,26.6267,497.0967,2017-10-30,True,2017-10-31,28.9533,rollback,,
BRIDGE_ONLY,NRG,2017-09-20,24.67,553.5903,2017-11-09,True,2017-11-10,27.75,rollback,,
BRIDGE_ONLY,SBUX,2017-07-28,55.23,249.084,2017-11-13,True,2017-11-14,56.47,rollback,,
BRIDGE_ONLY,AVGO,2017-08-08,25.198,535.8626,2017-11-13,True,2017-11-14,26.33,rollback,,
BRIDGE_ONLY,PG,2017-10-16,92.97,154.3921,2017-11-17,True,2017-11-20,88.43,rollback,,
BRIDGE_ONLY,VIAB,2017-11-20,26.41,537.1721,2017-11-24,True,2017-11-27,26.26,rollback,,
BRIDGE_ONLY,QCOM,2017-10-24,53.44,264.7831,2017-11-29,True,2017-11-30,66.51,rollback,,
BRIDGE_ONLY,F,2017-11-01,12.4,1089.1705,2017-12-05,True,2017-12-06,12.4,rollback,,
BRIDGE_ONLY,HBI,2017-11-30,20.42,726.0113,2017-12-05,True,2017-12-06,20.63,rollback,,
BRIDGE_ONLY,T,2017-11-14,34.19,409.5463,2017-12-06,True,2017-12-07,36.13,rollback,,
BRIDGE_ONLY,CMCSA,2017-11-10,36.5,379.687,2017-12-07,True,2017-12-08,38.5,rollback,,
BRIDGE_ONLY,TJX,2017-11-14,33.8,414.2511,2017-12-08,True,2017-12-11,36.87,rollback,,
BRIDGE_ONLY,CMG,2017-09-05,6.386,2089.3423,2017-12-14,True,2017-12-15,6.256,rollback,,
BRIDGE_ONLY,ORLY,2017-10-18,14.1567,1011.0256,2017-12-14,True,2017-12-15,16.2553,rollback,,
BRIDGE_ONLY,KEY,2017-10-27,18.45,742.564,2017-12-14,True,2017-12-15,19.63,rollback,,
BRIDGE_ONLY,VZ,2017-10-20,49.45,288.9549,2017-12-20,True,2017-12-21,52.81,rollback,,
BRIDGE_ONLY,GOOGL,2017-12-08,52.5905,286.9777,2017-12-20,True,2017-12-21,53.7695,rollback,,
BRIDGE_ONLY,GOOG,2017-12-08,51.8745,290.9242,2017-12-21,True,2017-12-22,53.0555,rollback,,
BRIDGE_ONLY,INTC,2017-12-18,45.15,340.7281,2017-12-26,True,2017-12-27,46.11,rollback,,
BRIDGE_ONLY,MU,2017-12-21,45.55,347.3299,2018-01-08,True,2018-01-09,45.27,rollback,,
BRIDGE_ONLY,AMD,2017-10-04,13.31,1036.0983,2018-01-09,True,2018-01-10,11.63,rollback,,
BRIDGE_ONLY,FCX,2017-12-07,14.2,1048.7132,2018-01-09,True,2018-01-10,19.07,rollback,,
BRIDGE_ONLY,CSX,2017-08-15,16.9633,786.7281,2018-01-10,True,2018-01-11,19.54,rollback,,
BRIDGE_ONLY,GLW,2017-12-11,32.4,468.372,2018-01-10,True,2018-01-11,33.44,rollback,,
BRIDGE_ONLY,AMAT,2017-12-21,53.18,297.4819,2018-01-10,True,2018-01-11,53.47,rollback,,
BRIDGE_ONLY,MRO,2017-11-27,14.87,957.1319,2018-01-16,True,2018-01-17,18.35,rollback,,
BRIDGE_ONLY,TJX,2018-01-11,38.075,437.5936,2018-01-16,False,2018-01-17,38.36,rollback,,
BRIDGE_ONLY,AES,2017-08-09,11.45,1168.3189,2018-01-24,True,2018-01-25,11.15,rollback,,
BRIDGE_ONLY,COP,2017-12-06,51.07,295.2655,2018-01-25,True,2018-01-26,59.7,rollback,,
BRIDGE_ONLY,PM,2018-01-18,105.46,161.6004,2018-01-25,True,2018-01-26,107.36,rollback,,
BRIDGE_ONLY,MAT,2018-01-22,16.08,1065.4677,2018-01-25,True,2018-01-26,16.7,rollback,,
BRIDGE_ONLY,FB,2017-12-18,181.01,84.9848,2018-01-29,True,2018-01-30,183.01,rollback,,
BRIDGE_ONLY,C,2017-12-22,75.89,207.7352,2018-01-30,True,2018-01-31,78.78,rollback,,
BRIDGE_ONLY,MGM,2017-12-28,33.73,467.0539,2018-01-31,True,2018-02-01,36.49,rollback,,
BRIDGE_ONLY,T,2018-01-29,37.13,483.0298,2018-02-02,True,2018-02-05,37.81,rollback,,
BRIDGE_ONLY,NEE,2018-01-26,38.715,458.0386,2018-02-05,False,2018-02-06,37.9575,rollback,,
BRIDGE_ONLY,EBAY,2018-01-19,38.75,440.9359,2018-02-08,True,2018-02-09,41.5,rollback,,
BRIDGE_ONLY,NFLX,2017-12-18,19.12,804.636,2018-02-20,True,2018-02-21,28.207,rollback,,
BRIDGE_ONLY,BA,2018-02-13,340.45,48.9145,2018-02-20,False,2018-02-21,352.56,rollback,,
BRIDGE_ONLY,MU,2018-01-18,44.21,385.5062,2018-02-21,False,2018-02-22,44.78,rollback,,
BRIDGE_ONLY,AAPL,2018-02-15,42.4475,410.7816,2018-02-21,True,2018-02-22,42.95,rollback,,
BRIDGE_ONLY,BMY,2018-01-11,61.99,268.7618,2018-02-22,False,2018-02-23,66.17,rollback,,
BRIDGE_ONLY,GOOGL,2018-02-22,55.9585,312.5755,2018-02-27,True,2018-02-28,56.1,rollback,,
BRIDGE_ONLY,GOOG,2018-02-22,55.8095,313.3943,2018-02-27,True,2018-02-28,56.1515,rollback,,
BRIDGE_ONLY,PFE,2018-01-17,36.82,456.5155,2018-02-28,False,2018-03-01,36.12,rollback,,
BRIDGE_ONLY,KLAC,2018-02-21,11.081,1594.3666,2018-03-01,True,2018-03-02,11.005,rollback,,
BRIDGE_ONLY,NEE,2018-03-02,38.3,454.3112,2018-03-06,True,2018-03-07,38.185,rollback,,
BRIDGE_ONLY,CSCO,2018-02-14,41.04,407.1095,2018-03-07,True,2018-03-08,44.25,rollback,,
BRIDGE_ONLY,PCG,2018-03-01,41.09,433.6848,2018-03-07,True,2018-03-08,41.14,rollback,,
BRIDGE_ONLY,M,2018-01-11,25.47,654.1896,2018-03-08,False,2018-03-09,29.31,rollback,,
BRIDGE_ONLY,KO,2018-03-09,44.57,402.7285,2018-03-12,True,2018-03-13,44.67,rollback,,
BRIDGE_ONLY,SCHW,2018-02-02,54.75,321.0864,2018-03-14,True,2018-03-15,56.32,rollback,,
BRIDGE_ONLY,INTC,2018-02-21,46.67,378.5742,2018-03-15,True,2018-03-16,51.17,rollback,,
BRIDGE_ONLY,EXC,2018-02-01,38.53,460.1237,2018-03-19,False,2018-03-20,38.29,rollback,,
BRIDGE_ONLY,MRO,2018-03-21,15.38,1135.1787,2018-03-22,True,2018-03-23,15.88,rollback,,
BRIDGE_ONLY,DHI,2018-03-13,44.6,409.2298,2018-04-06,True,2018-04-09,45.52,rollback,,
BRIDGE_ONLY,MRK,2018-03-16,55.19,323.9127,2018-04-11,True,2018-04-12,56.6,rollback,,
BRIDGE_ONLY,SO,2018-03-02,43.98,395.6173,2018-04-18,True,2018-04-19,45.35,rollback,,
BRIDGE_ONLY,DISCK,2018-03-05,23.0,766.6396,2018-04-18,True,2018-04-19,21.73,rollback,,
BRIDGE_ONLY,NFLX,2018-04-12,30.9719,566.6329,2018-04-23,True,2018-04-24,31.9217,rollback,,
BRIDGE_ONLY,HST,2018-03-15,18.96,948.6235,2018-04-24,True,2018-04-25,19.27,rollback,,
BRIDGE_ONLY,HAL,2018-03-26,47.01,363.9204,2018-04-24,True,2018-04-25,51.0,rollback,,
BRIDGE_ONLY,VZ,2018-03-09,49.2,364.8476,2018-04-26,True,2018-04-27,50.25,rollback,,
BRIDGE_ONLY,KIM,2018-02-23,15.06,1161.1806,2018-04-30,True,2018-05-01,14.52,rollback,,
BRIDGE_ONLY,M,2018-04-19,29.22,618.593,2018-04-30,True,2018-05-01,30.85,rollback,,
BRIDGE_ONLY,ABBV,2018-04-27,97.44,186.5565,2018-04-30,True,2018-05-01,102.1,rollback,,
BRIDGE_ONLY,CVX,2018-04-10,117.6,147.7025,2018-05-01,True,2018-05-02,124.2,rollback,,
BRIDGE_ONLY,HPQ,2018-05-02,21.91,815.3087,2018-05-14,True,2018-05-15,22.4,rollback,,
BRIDGE_ONLY,NVDA,2018-02-15,6.1196,2849.4547,2018-05-15,True,2018-05-16,6.1,rollback,,
BRIDGE_ONLY,ORLY,2018-03-07,16.6213,1075.0458,2018-05-18,True,2018-05-21,18.2567,rollback,,
BRIDGE_ONLY,WDC,2018-05-16,83.5,220.8253,2018-05-18,True,2018-05-21,86.63,rollback,,
BRIDGE_ONLY,MU,2018-04-19,52.9,341.7049,2018-05-31,True,2018-06-01,58.81,rollback,,
BRIDGE_ONLY,KO,2018-05-24,42.4,439.2816,2018-05-31,True,2018-06-01,43.1,rollback,,
BRIDGE_ONLY,NEE,2018-04-27,40.6775,446.8603,2018-06-01,True,2018-06-04,40.6275,rollback,,
BRIDGE_ONLY,F,2018-04-27,11.4,1594.6471,2018-06-11,True,2018-06-12,12.07,rollback,,
BRIDGE_ONLY,HBAN,2018-06-04,15.22,1210.6333,2018-06-11,True,2018-06-12,15.67,rollback,,
BRIDGE_ONLY,HPQ,2018-06-04,22.7,811.6704,2018-06-13,True,2018-06-14,23.63,rollback,,
BRIDGE_ONLY,MDLZ,2018-03-09,44.44,403.8864,2018-06-18,True,2018-06-19,40.01,rollback,,
BRIDGE_ONLY,CMCSA,2018-04-24,34.09,521.7802,2018-06-18,True,2018-06-19,32.17,rollback,,
BRIDGE_ONLY,CVS,2018-05-15,66.48,277.4759,2018-06-18,True,2018-06-19,67.72,rollback,,
BRIDGE_ONLY,CCL,2018-06-14,64.45,299.022,2018-06-19,True,2018-06-20,63.92,rollback,,
BRIDGE_ONLY,NEE,2018-06-19,40.16,471.5608,2018-06-20,True,2018-06-21,40.6625,rollback,,
BRIDGE_ONLY,C,2018-06-22,68.04,283.112,2018-07-10,True,2018-07-11,67.97,rollback,,
BRIDGE_ONLY,CELG,2018-01-29,104.76,171.1913,2018-07-11,True,2018-07-12,83.88,rollback,,
BRIDGE_ONLY,FOXA,2018-05-01,36.43,489.0425,2018-07-11,True,2018-07-12,47.97,rollback,,
BRIDGE_ONLY,MGM,2018-06-13,31.47,611.121,2018-07-19,True,2018-07-20,30.71,rollback,,
BRIDGE_ONLY,ORCL,2018-05-02,45.89,389.2854,2018-07-26,True,2018-07-27,48.99,rollback,,
BRIDGE_ONLY,PM,2018-05-24,81.6,228.2428,2018-07-31,True,2018-08-01,86.03,rollback,,
BRIDGE_ONLY,DLTR,2018-06-19,87.6,216.1751,2018-08-01,True,2018-08-02,89.56,rollback,,
BRIDGE_ONLY,HST,2018-07-20,21.4,915.1016,2018-08-03,True,2018-08-06,21.56,rollback,,
BRIDGE_ONLY,WMB,2018-06-19,26.87,704.8317,2018-08-13,True,2018-08-14,30.76,rollback,,
BRIDGE_ONLY,TJX,2018-07-12,47.515,412.5093,2018-08-13,True,2018-08-14,49.8,rollback,,
BRIDGE_ONLY,CMG,2018-07-12,9.1978,2131.092,2018-08-16,True,2018-08-17,10.1008,rollback,,
BRIDGE_ONLY,WMT,2018-06-22,28.1533,684.2504,2018-08-24,True,2018-08-27,31.7533,rollback,,
BRIDGE_ONLY,GGP,2018-05-01,20.02,889.9455,2018-08-27,True,2018-08-27,22.06,delisted,,
BRIDGE_ONLY,MRO,2018-06-12,21.48,887.9301,2018-08-30,True,2018-08-31,21.51,rollback,,
BRIDGE_ONLY,NLSN,2018-08-15,25.4,773.3038,2018-08-30,True,2018-08-31,25.93,rollback,,
BRIDGE_ONLY,NFLX,2018-08-27,36.7145,547.9516,2018-08-31,True,2018-09-04,36.647,rollback,,
BRIDGE_ONLY,NVDA,2018-07-11,6.2375,3138.706,2018-09-06,True,2018-09-07,6.725,rollback,,
BRIDGE_ONLY,V,2018-08-14,140.3,140.1725,2018-09-17,True,2018-09-18,146.2,rollback,,
BRIDGE_ONLY,GILD,2018-08-31,76.32,263.3479,2018-10-04,True,2018-10-05,76.77,rollback,,
BRIDGE_ONLY,INTC,2018-09-04,48.38,415.014,2018-10-04,True,2018-10-05,48.23,rollback,,
BRIDGE_ONLY,GE,2018-08-01,67.5344,292.8814,2018-10-11,True,2018-10-12,62.4512,rollback,,
BRIDGE_ONLY,SBUX,2018-10-15,56.37,317.9548,2018-10-19,True,2018-10-22,58.93,rollback,,
BRIDGE_ONLY,SO,2018-09-07,45.34,426.2912,2018-10-23,True,2018-10-24,44.92,rollback,,
BRIDGE_ONLY,KR,2018-10-24,28.34,611.34,2018-11-01,True,2018-11-02,29.25,rollback,,
BRIDGE_ONLY,MGM,2018-09-04,28.7,699.5601,2018-11-06,True,2018-11-07,27.62,rollback,,
BRIDGE_ONLY,F,2018-08-28,10.08,2013.9059,2018-11-09,True,2018-11-12,9.38,rollback,,
BRIDGE_ONLY,BAC,2018-10-05,30.6,626.9778,2018-11-09,True,2018-11-12,28.38,rollback,,
BRIDGE_ONLY,AVGO,2018-11-07,23.199,795.6216,2018-11-09,True,2018-11-12,23.1,rollback,,
BRIDGE_ONLY,FITB,2018-08-17,29.78,662.9406,2018-11-12,True,2018-11-13,27.59,rollback,,
BRIDGE_ONLY,KEY,2018-10-05,20.55,933.5554,2018-11-12,True,2018-11-13,18.27,rollback,,
BRIDGE_ONLY,ABBV,2018-08-02,93.58,209.0169,2018-11-13,True,2018-11-14,89.05,rollback,,
BRIDGE_ONLY,PBCT,2018-11-16,15.96,1123.2312,2018-11-19,False,2018-11-20,15.99,rollback,,
BRIDGE_ONLY,AMAT,2018-07-27,48.63,413.3189,2018-11-29,True,2018-11-30,36.47,rollback,,
BRIDGE_ONLY,NWL,2018-02-08,29.38,580.3932,2018-12-04,False,2018-12-06,23.28,rollback,,
BRIDGE_ONLY,PFE,2018-10-22,44.44,402.6286,2018-12-04,True,2018-12-06,44.58,rollback,,
BRIDGE_ONLY,LRCX,2018-11-02,15.293,1203.1796,2018-12-04,True,2018-12-06,14.5,rollback,,
BRIDGE_ONLY,KLAC,2018-11-21,9.562,1889.2826,2018-12-04,False,2018-12-06,9.421,rollback,,
BRIDGE_ONLY,BAX,2018-11-23,64.96,274.2884,2018-12-04,True,2018-12-06,66.35,rollback,,
BRIDGE_ONLY,HPQ,2018-12-07,23.9,752.6956,2018-12-21,True,2018-12-24,19.4,forced_deleverage,,
BRIDGE_ONLY,CAT,2018-12-28,127.13,126.1642,2019-01-03,True,2019-01-04,124.17,forced_deleverage,,
BRIDGE_ONLY,COTY,2018-09-18,12.33,1573.0909,2019-01-09,True,2019-01-10,7.29,rollback,,
BRIDGE_ONLY,FB,2018-12-07,139.25,129.2009,2019-01-11,False,2019-01-14,142.0,rollback,,
BRIDGE_ONLY,TXN,2018-11-21,97.75,184.8022,2019-01-14,False,2019-01-15,96.99,rollback,,
BRIDGE_ONLY,GILD,2018-12-07,69.78,257.7762,2019-01-14,True,2019-01-15,67.19,rollback,,
BRIDGE_ONLY,AMZN,2019-01-07,80.1155,205.825,2019-01-14,True,2019-01-15,81.6,rollback,,
BRIDGE_ONLY,F,2018-11-27,9.37,1927.6341,2019-01-16,True,2019-01-17,8.27,rollback,,
BRIDGE_ONLY,ANET,2018-12-07,14.8863,1208.5154,2019-01-16,False,2019-01-17,13.7369,rollback,,
BRIDGE_ONLY,ABT,2019-01-14,68.41,249.4224,2019-01-23,True,2019-01-24,70.0,rollback,,
BRIDGE_ONLY,WMB,2018-11-20,25.11,714.6496,2019-02-05,False,2019-02-06,27.15,rollback,,
BRIDGE_ONLY,KMI,2018-08-07,18.05,1119.2177,2019-02-06,True,2019-02-07,18.02,rollback,,
BRIDGE_ONLY,ORLY,2019-01-15,22.75,757.5114,2019-02-06,False,2019-02-07,24.1067,rollback,,
BRIDGE_ONLY,AAPL,2019-01-28,38.9475,435.0904,2019-02-11,True,2019-02-12,42.525,rollback,,
BRIDGE_ONLY,WDC,2019-01-25,45.5,379.2115,2019-02-15,True,2019-02-19,48.42,rollback,,
BRIDGE_ONLY,WMT,2019-02-08,32.1133,546.858,2019-02-20,True,2019-02-21,33.22,rollback,,
BRIDGE_ONLY,KEY,2019-02-08,17.01,1032.4687,2019-02-21,True,2019-02-22,17.71,rollback,,
BRIDGE_ONLY,EBAY,2018-11-27,28.58,631.9464,2019-02-25,True,2019-02-26,37.34,rollback,,
BRIDGE_ONLY,MDT,2019-01-18,88.52,196.8219,2019-02-25,False,2019-02-26,92.25,rollback,,
BRIDGE_ONLY,PYPL,2019-02-11,92.25,192.4445,2019-03-04,True,2019-03-05,96.65,rollback,,
BRIDGE_ONLY,BMY,2018-12-07,53.23,337.9396,2019-03-06,True,2019-03-07,52.7,rollback,,
BRIDGE_ONLY,WFC,2019-02-26,49.49,368.5648,2019-03-19,True,2019-03-20,51.19,rollback,,
BRIDGE_ONLY,NVDA,2019-02-13,3.809,4765.4159,2019-03-20,True,2019-03-21,4.3833,rollback,,
BRIDGE_ONLY,AMZN,2019-02-06,83.5375,214.1537,2019-03-22,True,2019-03-25,87.8895,rollback,,
BRIDGE_ONLY,AMD,2019-03-20,26.49,699.4441,2019-03-22,True,2019-03-25,26.29,rollback,,
BRIDGE_ONLY,DHI,2019-03-08,40.34,431.7461,2019-03-26,True,2019-03-27,42.14,rollback,,
BRIDGE_ONLY,CSX,2019-03-27,24.3067,760.5072,2019-04-02,True,2019-04-03,25.44,rollback,,
BRIDGE_ONLY,FCX,2019-03-21,12.71,1449.8708,2019-04-05,True,2019-04-08,13.45,rollback,,
BRIDGE_ONLY,F,2019-03-27,8.75,2112.8307,2019-04-15,True,2019-04-16,9.32,rollback,,
BRIDGE_ONLY,BKNG,2018-06-01,84.8396,217.5361,2019-04-16,True,2019-04-17,73.9452,rollback,,
BRIDGE_ONLY,KEY,2019-04-03,16.65,1111.3877,2019-04-18,True,2019-04-22,16.7,rollback,,
BRIDGE_ONLY,BAC,2019-02-19,28.93,638.5621,2019-04-22,True,2019-04-23,29.99,rollback,,
BRIDGE_ONLY,HRB,2019-02-22,24.66,740.07,2019-04-23,True,2019-04-24,26.35,rollback,,
BRIDGE_ONLY,TWTR,2019-02-26,31.89,571.9461,2019-04-26,True,2019-04-29,38.63,rollback,,
BRIDGE_ONLY,WMT,2019-04-08,32.8167,569.2127,2019-04-26,True,2019-04-29,33.96,rollback,,
BRIDGE_ONLY,NEE,2019-04-16,47.765,396.9328,2019-05-01,True,2019-05-02,48.21,rollback,,
BRIDGE_ONLY,FB,2019-03-05,167.37,107.3715,2019-05-02,True,2019-05-03,194.38,rollback,,
BRIDGE_ONLY,JNJ,2019-04-17,139.0,142.0139,2019-05-02,True,2019-05-03,141.29,rollback,,
BRIDGE_ONLY,CVS,2019-01-24,65.5,263.003,2019-05-03,False,2019-05-06,55.97,rollback,,
BRIDGE_ONLY,GE,2019-04-29,47.6984,424.3181,2019-05-07,True,2019-05-08,50.24,rollback,,
BRIDGE_ONLY,QCOM,2018-11-30,58.22,319.0748,2019-05-08,True,2019-05-09,83.37,rollback,,
BRIDGE_ONLY,PFE,2019-05-03,41.22,496.4306,2019-05-17,True,2019-05-20,41.4,rollback,,
BRIDGE_ONLY,COTY,2019-05-06,11.26,1777.4606,2019-05-22,True,2019-05-23,13.03,rollback,,
BRIDGE_ONLY,DWDP,2019-02-21,56.28,326.3663,2019-05-31,True,2019-05-31,30.52,delisted,,
BRIDGE_ONLY,AMD,2019-05-03,28.3,723.1419,2019-06-12,True,2019-06-13,32.39,rollback,,
BRIDGE_ONLY,AMAT,2019-05-20,41.8,469.2876,2019-06-12,True,2019-06-13,41.61,rollback,,
BRIDGE_ONLY,CMG,2019-05-03,14.1514,1446.0684,2019-06-13,True,2019-06-14,14.6776,rollback,,
BRIDGE_ONLY,BA,2019-04-22,375.69,52.0894,2019-06-19,True,2019-06-20,373.0,rollback,,
BRIDGE_ONLY,CVX,2019-05-10,121.17,160.8825,2019-06-19,True,2019-06-20,124.31,rollback,,
BRIDGE_ONLY,CTL,2019-03-27,12.25,1509.0893,2019-06-21,True,2019-06-24,11.38,rollback,,
BRIDGE_ONLY,STX,2019-05-09,48.21,404.4903,2019-06-25,True,2019-06-26,47.24,rollback,,
BRIDGE_ONLY,WMT,2019-05-23,33.94,562.5643,2019-06-26,True,2019-06-27,36.6867,rollback,,
BRIDGE_ONLY,WFC,2019-04-29,47.97,421.8945,2019-07-02,True,2019-07-03,47.3,rollback,,
BRIDGE_ONLY,NVDA,2019-06-14,3.6128,5576.1298,2019-07-02,True,2019-07-03,4.0793,rollback,,
BRIDGE_ONLY,MYL,2019-06-20,18.4,1131.2451,2019-07-05,True,2019-07-08,19.41,rollback,,
BRIDGE_ONLY,JCI,2019-06-13,39.82,504.6034,2019-07-08,True,2019-07-09,41.66,rollback,,
BRIDGE_ONLY,ANET,2019-06-27,16.0494,1296.6224,2019-07-08,True,2019-07-09,16.6244,rollback,,
BRIDGE_ONLY,ORLY,2019-07-03,25.5333,840.604,2019-07-19,True,2019-07-22,26.5413,rollback,,
BRIDGE_ONLY,M,2019-07-08,21.69,991.0908,2019-07-25,True,2019-07-26,22.84,rollback,,
BRIDGE_ONLY,TWTR,2019-07-03,36.29,591.4114,2019-07-30,True,2019-07-31,41.08,rollback,,
BRIDGE_ONLY,EW,2019-07-10,63.01,342.9621,2019-08-05,True,2019-08-06,70.4867,rollback,,
BRIDGE_ONLY,APC,2019-06-27,70.69,294.3694,2019-08-08,True,2019-08-08,72.77,delisted,,
BRIDGE_ONLY,MRK,2019-07-31,82.9,261.3573,2019-08-12,True,2019-08-13,85.46,rollback,,
BRIDGE_ONLY,T,2019-07-26,33.74,642.3511,2019-08-14,True,2019-08-15,34.24,rollback,,
BRIDGE_ONLY,NEE,2019-08-07,52.8475,386.906,2019-08-14,True,2019-08-15,53.6575,rollback,,
BRIDGE_ONLY,WDC,2019-08-19,56.64,368.7694,2019-08-23,True,2019-08-26,55.49,forced_deleverage,,
BRIDGE_ONLY,F,2019-06-14,10.01,2012.4311,2019-09-10,True,2019-09-11,9.29,rollback,,
BRIDGE_ONLY,AAPL,2019-08-14,50.79,407.7518,2019-09-13,True,2019-09-16,54.4325,rollback,,
BRIDGE_ONLY,ATVI,2019-04-24,46.45,435.1962,2019-09-16,True,2019-09-17,55.5,rollback,,
BRIDGE_ONLY,VZ,2019-06-20,57.9,359.5156,2019-09-16,True,2019-09-17,59.32,rollback,,
BRIDGE_ONLY,C,2019-06-05,65.45,295.8966,2019-09-19,True,2019-09-20,70.15,rollback,,
BRIDGE_ONLY,LRCX,2019-08-19,21.0,994.7231,2019-09-20,True,2019-09-23,23.5,rollback,,
BRIDGE_ONLY,FCX,2019-07-22,11.56,1820.9322,2019-09-23,True,2019-09-24,10.31,rollback,,
BRIDGE_ONLY,ABBV,2019-01-22,88.86,197.8705,2019-09-25,False,2019-09-26,72.95,rollback,,
BRIDGE_ONLY,ORCL,2019-09-26,54.11,397.9199,2019-10-16,True,2019-10-17,56.01,rollback,,
BRIDGE_ONLY,NFLX,2019-04-23,37.545,528.8611,2019-10-18,True,2019-10-21,27.289,rollback,,
BRIDGE_ONLY,ALXN,2019-09-17,108.86,201.4772,2019-10-25,True,2019-10-28,105.0,rollback,,
BRIDGE_ONLY,AMD,2019-06-28,31.08,679.1021,2019-10-29,True,2019-10-30,32.93,rollback,,
BRIDGE_ONLY,CTL,2019-10-17,12.2,1815.1664,2019-10-30,True,2019-10-31,12.86,rollback,,
BRIDGE_ONLY,MSFT,2019-08-09,138.61,153.3963,2019-10-31,True,2019-11-01,144.26,rollback,,
BRIDGE_ONLY,FTNT,2019-09-17,15.98,1372.5849,2019-10-31,True,2019-11-01,17.732,rollback,,
BRIDGE_ONLY,MRK,2019-09-23,84.91,255.5486,2019-11-01,True,2019-11-04,85.59,rollback,,
BRIDGE_ONLY,XOM,2019-11-04,70.07,324.8257,2019-11-06,True,2019-11-07,72.03,rollback,,
BRIDGE_ONLY,MRO,2019-11-04,12.32,1847.3539,2019-11-06,True,2019-11-07,12.61,rollback,,
BRIDGE_ONLY,QCOM,2019-08-19,74.58,280.077,2019-11-13,True,2019-11-14,90.31,rollback,,
BRIDGE_ONLY,JNJ,2019-07-09,141.46,150.7002,2019-11-18,True,2019-11-19,135.0,rollback,,
BRIDGE_ONLY,HPQ,2019-10-28,17.46,1274.3993,2019-11-20,True,2019-11-21,19.81,rollback,,
BRIDGE_ONLY,CMG,2019-09-18,16.5,1329.0223,2019-12-04,True,2019-12-05,16.18,rollback,,
BRIDGE_ONLY,KO,2019-10-21,54.45,402.4731,2019-12-05,True,2019-12-06,54.31,rollback,,
BRIDGE_ONLY,NEM,2019-09-18,39.53,554.7122,2019-12-06,True,2019-12-09,40.12,rollback,,
BRIDGE_ONLY,SLB,2019-11-21,36.42,628.2718,2019-12-13,True,2019-12-16,39.11,rollback,,
BRIDGE_ONLY,F,2019-11-04,8.93,2548.8998,2019-12-17,False,2019-12-18,9.39,rollback,,
BRIDGE_ONLY,SBUX,2019-11-14,84.1,272.7479,2019-12-17,True,2019-12-18,88.39,rollback,,
BRIDGE_ONLY,ATVI,2019-10-31,55.93,401.5592,2019-12-24,True,2019-12-26,58.81,rollback,,
BRIDGE_ONLY,HAL,2019-12-05,21.6,1062.8028,2019-12-26,True,2019-12-27,24.55,rollback,,
BRIDGE_ONLY,NVDA,2019-11-19,5.2758,4368.4707,2019-12-27,True,2019-12-30,5.8998,rollback,,
BRIDGE_ONLY,NFLX,2019-12-18,31.626,772.6339,2019-12-27,True,2019-12-30,32.908,rollback,,
BRIDGE_ONLY,AMZN,2019-09-05,91.0975,235.8171,2019-12-31,True,2020-01-02,93.75,rollback,,
BRIDGE_ONLY,KMI,2019-11-04,20.54,1107.9972,2020-01-02,True,2020-01-03,21.07,rollback,,
BRIDGE_ONLY,GIS,2020-01-02,53.63,459.7767,2020-01-22,True,2020-01-23,53.83,rollback,,
BRIDGE_ONLY,GOOG,2020-01-03,67.393,360.1213,2020-01-27,True,2020-01-28,72.15,rollback,,
BRIDGE_ONLY,TSCO,2019-12-06,19.51,1181.2867,2020-02-07,True,2020-02-10,19.234,rollback,,
BRIDGE_ONLY,MPC,2019-11-08,65.87,344.5636,2020-02-14,True,2020-02-18,57.18,rollback,,
BRIDGE_ONLY,PEP,2019-12-30,136.7,180.3144,2020-02-18,True,2020-02-19,145.62,rollback,,
BRIDGE_ONLY,WMT,2019-11-07,40.0,577.8592,2020-02-19,True,2020-02-20,39.07,rollback,,
BRIDGE_ONLY,AMD,2020-02-10,49.47,478.0781,2020-02-21,True,2020-02-24,48.175,rollback,,
BRIDGE_ONLY,OXY,2020-02-20,42.7,565.5205,2020-03-16,True,2020-03-17,12.38,forced_deleverage,,
BRIDGE_ONLY,PM,2019-09-26,74.91,287.4452,2020-04-07,True,2020-04-08,75.17,rollback,,
BRIDGE_ONLY,CVS,2019-12-26,74.7,331.7691,2020-04-13,True,2020-04-14,59.88,rollback,,
BRIDGE_ONLY,HBI,2020-01-02,14.77,1669.5367,2020-04-13,True,2020-04-14,9.49,rollback,,
BRIDGE_ONLY,F,2020-04-09,5.51,2895.8589,2020-04-13,True,2020-04-14,5.27,rollback,,
BRIDGE_ONLY,WFC,2019-12-17,54.11,450.144,2020-04-14,True,2020-04-15,28.77,rollback,,
BRIDGE_ONLY,USB,2019-12-27,60.36,411.5769,2020-04-14,True,2020-04-15,35.13,rollback,,
BRIDGE_ONLY,C,2020-04-09,46.94,339.9102,2020-04-14,True,2020-04-15,43.37,rollback,,
BRIDGE_ONLY,BAC,2019-12-09,33.5,692.0511,2020-04-15,True,2020-04-16,22.15,rollback,,
BRIDGE_ONLY,AVGO,2020-01-29,32.082,740.2108,2020-04-20,True,2020-04-21,25.456,rollback,,
BRIDGE_ONLY,T,2020-01-23,38.96,619.3268,2020-04-21,True,2020-04-22,30.9,rollback,,
BRIDGE_ONLY,AAPL,2020-02-20,80.6575,299.4009,2020-04-21,True,2020-04-22,68.4025,rollback,,
BRIDGE_ONLY,GILD,2020-04-17,85.17,184.0733,2020-04-28,False,2020-04-29,83.97,rollback,,
BRIDGE_ONLY,TWTR,2020-04-23,28.43,535.0074,2020-04-28,False,2020-04-29,30.06,rollback,,
BRIDGE_ONLY,CCL,2020-04-15,11.88,1297.4172,2020-04-30,False,2020-05-01,14.9,rollback,,
BRIDGE_ONLY,KEY,2020-04-24,10.78,1418.0153,2020-04-30,True,2020-05-01,11.26,rollback,,
BRIDGE_ONLY,ORLY,2019-12-18,29.5793,826.054,2020-05-01,True,2020-05-04,24.9827,rollback,,
BRIDGE_ONLY,HBAN,2020-04-23,7.87,1932.4955,2020-05-01,False,2020-05-04,8.34,rollback,,
BRIDGE_ONLY,SYF,2020-04-23,16.06,946.9477,2020-05-01,False,2020-05-04,17.95,rollback,,
BRIDGE_ONLY,BEN,2020-02-19,26.16,929.4817,2020-05-05,True,2020-05-06,18.12,rollback,,
BRIDGE_ONLY,CSCO,2020-05-11,42.78,396.3664,2020-05-19,True,2020-05-20,45.05,rollback,,
BRIDGE_ONLY,AMAT,2020-05-08,52.41,320.8807,2020-05-21,False,2020-05-22,55.02,rollback,,
BRIDGE_ONLY,FTNT,2020-04-30,21.6,850.6727,2020-05-26,True,2020-05-27,27.45,rollback,,
BRIDGE_ONLY,AAL,2020-04-15,12.52,1231.034,2020-05-28,False,2020-05-29,10.48,rollback,,
BRIDGE_ONLY,BAC,2020-05-11,23.11,733.8424,2020-05-28,False,2020-05-29,24.42,rollback,,
BRIDGE_ONLY,C,2020-05-11,45.21,375.0808,2020-05-28,True,2020-05-29,48.02,rollback,,
BRIDGE_ONLY,F,2020-05-11,5.18,3274.1208,2020-05-29,False,2020-06-01,5.73,rollback,,
BRIDGE_ONLY,GPS,2020-05-22,8.21,2181.1789,2020-05-29,True,2020-06-01,9.38,rollback,,
BRIDGE_ONLY,VZ,2020-05-29,55.33,331.3416,2020-06-01,True,2020-06-02,55.82,rollback,,
BRIDGE_ONLY,NCLH,2020-04-24,11.37,1344.5004,2020-06-09,True,2020-06-10,22.71,rollback,,
BRIDGE_ONLY,HPQ,2020-04-29,15.9,1124.8047,2020-06-09,True,2020-06-10,17.36,rollback,,
BRIDGE_ONLY,FTI,2020-06-02,8.02,2389.1462,2020-06-09,True,2020-06-10,9.14,rollback,,
BRIDGE_ONLY,SLB,2020-04-23,15.85,959.5899,2020-06-10,False,2020-06-11,19.12,rollback,,
BRIDGE_ONLY,OXY,2020-04-24,14.18,1078.1194,2020-06-10,False,2020-06-11,17.84,rollback,,
BRIDGE_ONLY,CCL,2020-05-19,14.61,1191.9199,2020-06-10,True,2020-06-11,17.29,rollback,,
BRIDGE_ONLY,WFC,2020-05-27,27.8,732.2488,2020-06-10,True,2020-06-11,27.2,rollback,,
BRIDGE_ONLY,UA,2020-06-02,8.39,2283.8987,2020-06-10,True,2020-06-11,8.62,rollback,,
BRIDGE_ONLY,LRCX,2020-05-11,26.247,646.1024,2020-06-11,False,2020-06-12,29.2803,rollback,,
BRIDGE_ONLY,LUV,2020-05-20,28.47,619.5166,2020-06-11,True,2020-06-12,36.06,rollback,,
BRIDGE_ONLY,COTY,2020-06-02,4.5,4258.4151,2020-06-11,True,2020-06-12,4.95,rollback,,
BRIDGE_ONLY,CRM,2020-06-11,176.64,117.6727,2020-06-23,False,2020-06-24,187.51,rollback,,
BRIDGE_ONLY,NFLX,2020-06-10,43.6,541.5183,2020-06-24,True,2020-06-25,45.886,rollback,,
BRIDGE_ONLY,ORCL,2020-06-19,54.21,391.3122,2020-07-13,False,2020-07-14,56.67,rollback,,
BRIDGE_ONLY,GOOGL,2020-06-23,72.6,291.4282,2020-07-13,True,2020-07-14,74.6395,rollback,,
BRIDGE_ONLY,PFE,2020-05-29,38.27,479.071,2020-07-14,True,2020-07-15,35.99,rollback,,
BRIDGE_ONLY,F,2020-07-15,6.54,3219.0401,2020-07-17,True,2020-07-20,6.8,rollback,,
BRIDGE_ONLY,KO,2020-07-15,46.3,454.6754,2020-07-23,True,2020-07-24,48.4,rollback,,
BRIDGE_ONLY,WMT,2020-06-23,40.9167,517.0659,2020-07-27,True,2020-07-28,43.8333,rollback,,
BRIDGE_ONLY,CTL,2020-07-29,9.91,2249.8393,2020-08-12,True,2020-08-13,10.73,rollback,,
BRIDGE_ONLY,AMD,2020-06-10,57.2,412.7863,2020-08-17,True,2020-08-18,82.8,rollback,,
BRIDGE_ONLY,WMT,2020-08-13,43.7367,547.3752,2020-08-18,True,2020-08-19,44.7367,rollback,,
BRIDGE_ONLY,NFLX,2020-08-19,49.393,483.7928,2020-08-20,True,2020-08-21,49.646,forced_deleverage,,
BRIDGE_ONLY,V,2020-07-20,194.74,109.5963,2020-08-31,True,2020-09-01,212.21,rollback,,
BRIDGE_ONLY,GOOGL,2020-08-18,76.306,314.2962,2020-08-31,True,2020-09-01,81.608,rollback,,
BRIDGE_ONLY,CMG,2020-06-19,20.8,1019.7555,2020-09-03,False,2020-09-04,26.6578,rollback,,
BRIDGE_ONLY,GOOG,2020-08-18,76.309,314.2995,2020-09-03,True,2020-09-04,81.213,rollback,,
BRIDGE_ONLY,NFLX,2020-08-21,49.646,473.9685,2020-09-03,True,2020-09-04,52.018,rollback,,
BRIDGE_ONLY,KSS,2020-09-04,22.05,1115.1762,2020-09-18,True,2020-09-21,22.53,index_drop,,
BRIDGE_ONLY,TWTR,2020-09-21,39.43,571.2225,2020-09-24,True,2020-09-25,43.21,rollback,,
BRIDGE_ONLY,PEP,2020-06-10,133.28,177.1385,2020-10-14,True,2020-10-15,141.16,rollback,,
BRIDGE_ONLY,LRCX,2020-09-25,32.472,664.3482,2020-10-16,True,2020-10-19,36.75,rollback,,
BRIDGE_ONLY,CSX,2020-07-15,23.5,895.7625,2020-11-06,True,2020-11-09,30.1167,rollback,,
BRIDGE_ONLY,MS,2020-06-26,48.3,417.8511,2020-11-10,True,2020-11-11,55.94,rollback,,
BRIDGE_ONLY,XOM,2020-07-28,43.91,503.4437,2020-11-10,True,2020-11-11,37.09,rollback,,
BRIDGE_ONLY,BAC,2020-09-08,26.14,917.1108,2020-11-12,True,2020-11-13,26.88,rollback,,
BRIDGE_ONLY,MYL,2020-11-11,15.71,1667.6574,2020-11-16,True,2020-11-16,15.855,delisted,,
BRIDGE_ONLY,C,2020-09-08,51.92,461.7118,2020-11-18,True,2020-11-19,51.6,rollback,,
BRIDGE_ONLY,KMI,2020-10-15,12.81,1789.607,2020-11-18,True,2020-11-19,13.7,rollback,,
BRIDGE_ONLY,MRO,2020-06-19,6.7,3166.2829,2020-11-25,False,2020-11-27,6.46,rollback,,
BRIDGE_ONLY,DVN,2020-06-19,13.42,1580.4661,2020-11-25,True,2020-11-27,14.98,rollback,,
BRIDGE_ONLY,IBM,2020-11-11,112.9254,231.9902,2020-11-25,True,2020-11-27,118.738,rollback,,
BRIDGE_ONLY,AAL,2020-11-16,12.87,2058.2976,2020-11-27,True,2020-11-30,14.92,rollback,,
BRIDGE_ONLY,ABBV,2020-09-01,95.52,257.8057,2020-12-01,True,2020-12-02,104.0,rollback,,
BRIDGE_ONLY,NFLX,2020-11-30,49.008,582.7333,2020-12-08,True,2020-12-09,51.053,rollback,,
BRIDGE_ONLY,PYPL,2020-11-23,194.53,141.4517,2020-12-09,True,2020-12-10,208.36,rollback,,
BRIDGE_ONLY,ATVI,2020-10-19,82.28,282.2216,2021-01-04,True,2021-01-05,90.32,rollback,,
BRIDGE_ONLY,NEE,2020-11-27,76.05,376.7974,2021-01-11,True,2021-01-12,79.65,rollback,,
BRIDGE_ONLY,GILD,2020-06-01,75.47,243.7259,2021-01-13,True,2021-01-14,61.64,rollback,,
BRIDGE_ONLY,ORLY,2020-09-01,31.1567,790.3394,2021-01-13,True,2021-01-14,32.224,rollback,,
BRIDGE_ONLY,EBAY,2020-11-20,49.8,545.564,2021-01-13,True,2021-01-14,55.83,rollback,,
BRIDGE_ONLY,BMY,2020-12-16,62.5,465.9991,2021-01-13,True,2021-01-14,64.91,rollback,,
BRIDGE_ONLY,GOOGL,2021-01-14,87.4435,348.4225,2021-01-27,True,2021-01-28,91.55,rollback,,
BRIDGE_ONLY,GOOG,2021-01-14,87.681,347.4614,2021-01-27,True,2021-01-28,92.197,rollback,,
BRIDGE_ONLY,AAPL,2021-01-14,130.8,232.942,2021-01-28,False,2021-01-29,135.83,rollback,,
BRIDGE_ONLY,KR,2020-11-09,31.98,793.0607,2021-01-29,True,2021-02-01,34.51,rollback,,
BRIDGE_ONLY,MSFT,2020-12-02,214.88,133.103,2021-01-29,True,2021-02-01,235.06,rollback,,
BRIDGE_ONLY,NOW,2020-11-18,102.25,265.5609,2021-02-09,True,2021-02-10,117.152,rollback,,
BRIDGE_ONLY,CSCO,2021-02-02,45.52,679.1416,2021-02-09,True,2021-02-10,46.15,rollback,,
BRIDGE_ONLY,NVDA,2021-02-03,13.636,2286.7866,2021-02-09,True,2021-02-10,14.4633,rollback,,
BRIDGE_ONLY,CMCSA,2021-01-29,50.31,614.1579,2021-02-12,True,2021-02-16,53.0,rollback,,
BRIDGE_ONLY,HPE,2021-01-12,12.04,2511.6175,2021-02-17,True,2021-02-18,13.91,rollback,,
BRIDGE_ONLY,LRCX,2021-02-12,57.018,583.3595,2021-02-22,True,2021-02-23,55.655,rollback,,
BRIDGE_ONLY,AAL,2021-01-15,16.17,1869.7571,2021-02-25,True,2021-02-26,20.61,rollback,,
BRIDGE_ONLY,SCHW,2021-02-16,58.93,579.1024,2021-02-25,True,2021-02-26,62.91,rollback,,
BRIDGE_ONLY,VZ,2021-02-18,56.94,592.8447,2021-02-25,True,2021-02-26,56.47,rollback,,
BRIDGE_ONLY,TWTR,2021-01-29,51.02,605.5809,2021-03-02,True,2021-03-03,74.01,rollback,,
BRIDGE_ONLY,ORCL,2021-01-28,62.55,503.971,2021-03-04,True,2021-03-05,67.3101,rollback,,
BRIDGE_ONLY,GPS,2020-06-29,12.89,1533.6381,2021-03-16,True,2021-03-17,31.12,rollback,,
BRIDGE_ONLY,AVGO,2021-03-02,49.037,718.1228,2021-03-29,True,2021-03-30,46.388,rollback,,
BRIDGE_ONLY,WMT,2021-01-05,48.8667,589.0454,2021-03-30,True,2021-03-31,45.1833,rollback,,
BRIDGE_ONLY,ORLY,2021-02-11,30.3853,1103.8254,2021-04-05,True,2021-04-06,33.8347,rollback,,
BRIDGE_ONLY,CPRT,2020-12-14,29.375,981.7895,2021-04-06,True,2021-04-07,28.1525,rollback,,
BRIDGE_ONLY,GM,2021-03-03,54.5,635.7148,2021-04-07,True,2021-04-08,60.36,rollback,,
BRIDGE_ONLY,NFLX,2021-03-02,55.334,636.4324,2021-04-12,True,2021-04-13,55.7,rollback,,
BRIDGE_ONLY,CMG,2021-03-02,29.8682,1178.9405,2021-04-13,True,2021-04-14,30.719,rollback,,
BRIDGE_ONLY,TWTR,2021-04-07,66.64,562.8561,2021-04-14,True,2021-04-15,70.55,rollback,,
BRIDGE_ONLY,AMZN,2020-11-27,160.563,178.4774,2021-04-19,True,2021-04-20,168.68,rollback,,
BRIDGE_ONLY,AAPL,2021-03-17,124.05,290.5388,2021-04-20,True,2021-04-21,132.36,rollback,,
BRIDGE_ONLY,WFC,2021-03-31,39.27,920.1168,2021-04-20,True,2021-04-21,42.24,rollback,,
BRIDGE_ONLY,GOOGL,2021-03-17,103.4235,348.4656,2021-04-22,True,2021-04-23,113.35,rollback,,
BRIDGE_ONLY,T,2021-03-05,29.01,1174.8608,2021-04-26,True,2021-04-27,30.84,rollback,,
BRIDGE_ONLY,MOS,2021-04-14,32.44,1166.1623,2021-04-30,True,2021-05-03,35.3,rollback,,
BRIDGE_ONLY,SCHW,2021-04-26,67.53,567.0632,2021-04-30,True,2021-05-03,70.83,rollback,,
BRIDGE_ONLY,MDLZ,2021-04-21,59.37,622.3586,2021-05-04,True,2021-05-05,60.94,rollback,,
BRIDGE_ONLY,JNJ,2021-04-20,161.0,235.2909,2021-05-05,True,2021-05-06,166.79,rollback,,
BRIDGE_ONLY,VZ,2021-05-03,58.23,667.9781,2021-05-07,True,2021-05-10,59.08,rollback,,
BRIDGE_ONLY,NKE,2021-04-13,135.6,280.5716,2021-05-10,True,2021-05-11,138.38,rollback,,
BRIDGE_ONLY,HAL,2020-06-19,13.78,1539.3306,2021-05-11,False,2021-05-12,22.63,rollback,,
BRIDGE_ONLY,ABBV,2021-02-23,106.97,322.9286,2021-05-11,True,2021-05-12,114.85,rollback,,
BRIDGE_ONLY,JPM,2021-04-08,154.0,245.0361,2021-05-11,True,2021-05-12,159.61,rollback,,
BRIDGE_ONLY,MS,2021-04-15,81.35,468.9889,2021-05-11,True,2021-05-12,85.4,rollback,,
BRIDGE_ONLY,KMI,2021-02-16,15.07,2264.6458,2021-05-13,True,2021-05-14,18.23,rollback,,
BRIDGE_ONLY,MRK,2021-05-06,77.44,504.625,2021-05-18,True,2021-05-19,78.925,rollback,,
BRIDGE_ONLY,BMY,2021-05-14,65.2,598.2167,2021-05-25,False,2021-05-26,66.72,rollback,,
BRIDGE_ONLY,FB,2021-05-20,313.58,127.4978,2021-05-28,True,2021-06-01,330.15,rollback,,
BRIDGE_ONLY,CCL,2021-04-27,27.59,1393.6479,2021-06-03,True,2021-06-04,30.92,rollback,,
BRIDGE_ONLY,AAL,2021-05-17,22.32,1762.9889,2021-06-03,False,2021-06-04,25.13,rollback,,
BRIDGE_ONLY,NCLH,2021-05-19,28.31,1384.8111,2021-06-03,True,2021-06-04,32.37,rollback,,
BRIDGE_ONLY,APH,2021-05-10,34.06,1179.5784,2021-06-07,True,2021-06-08,34.27,rollback,,
BRIDGE_ONLY,GM,2021-05-26,56.97,728.9105,2021-06-10,True,2021-06-11,61.36,rollback,,
BRIDGE_ONLY,MSFT,2021-06-07,249.98,176.5012,2021-06-11,True,2021-06-14,257.9,rollback,,
BRIDGE_ONLY,F,2021-04-06,12.7,2933.2308,2021-06-14,True,2021-06-15,14.91,rollback,,
BRIDGE_ONLY,EBAY,2021-05-11,60.0443,649.6174,2021-06-14,True,2021-06-15,66.0,rollback,,
BRIDGE_ONLY,ORLY,2021-06-16,35.8133,1222.3989,2021-06-23,True,2021-06-24,36.544,rollback,,
BRIDGE_ONLY,AMZN,2021-06-09,163.6435,268.4216,2021-06-24,True,2021-06-25,173.2,rollback,,
BRIDGE_ONLY,NOW,2021-06-11,98.0,450.5581,2021-07-01,True,2021-07-02,109.65,rollback,,
BRIDGE_ONLY,AMD,2021-04-22,81.61,464.3084,2021-07-07,True,2021-07-08,87.86,rollback,,
BRIDGE_ONLY,NFLX,2021-06-15,50.123,880.7852,2021-07-07,True,2021-07-08,53.093,rollback,,
BRIDGE_ONLY,DIS,2021-05-03,187.69,207.2269,2021-07-13,True,2021-07-14,185.2,rollback,,
BRIDGE_ONLY,CMG,2021-06-01,27.44,1572.6746,2021-07-15,True,2021-07-16,31.852,rollback,,
BRIDGE_ONLY,KR,2021-07-16,38.9,1143.5327,2021-07-22,True,2021-07-23,39.74,rollback,,
BRIDGE_ONLY,CSX,2021-07-23,32.385,1366.397,2021-07-27,True,2021-07-28,32.25,rollback,,
BRIDGE_ONLY,MU,2021-06-16,82.73,529.1953,2021-08-05,True,2021-08-06,81.2,rollback,,
BRIDGE_ONLY,CNP,2021-07-09,25.38,1748.3608,2021-08-12,True,2021-08-13,26.87,rollback,,
BRIDGE_ONLY,WFC,2021-07-15,44.59,993.4719,2021-08-16,True,2021-08-17,48.88,rollback,,
BRIDGE_ONLY,BAC,2021-07-02,41.37,1106.6153,2021-08-17,True,2021-08-18,40.77,rollback,,
BRIDGE_ONLY,WMT,2021-05-19,46.9033,835.931,2021-08-18,False,2021-08-19,49.4433,rollback,,
BRIDGE_ONLY,GILD,2021-06-07,67.605,652.608,2021-08-19,True,2021-08-20,71.67,rollback,,
BRIDGE_ONLY,CSCO,2021-05-07,52.48,746.1576,2021-08-31,True,2021-09-01,59.02,rollback,,
BRIDGE_ONLY,MGM,2021-06-24,44.15,1010.4308,2021-09-01,True,2021-09-02,42.48,rollback,,
BRIDGE_ONLY,MO,2021-06-08,50.55,869.5764,2021-09-07,True,2021-09-08,50.66,rollback,,
BRIDGE_ONLY,AAPL,2021-08-13,148.97,313.2538,2021-09-08,True,2021-09-09,155.49,rollback,,
BRIDGE_ONLY,NOW,2021-08-20,118.21,384.0566,2021-09-08,True,2021-09-09,131.156,rollback,,
BRIDGE_ONLY,NFLX,2021-08-06,52.4,867.3805,2021-09-13,True,2021-09-14,58.489,rollback,,
BRIDGE_ONLY,ORLY,2021-08-23,40.3247,1139.6389,2021-09-28,True,2021-09-29,40.9773,rollback,,
BRIDGE_ONLY,UAL,2021-09-08,46.7,1019.6203,2021-09-28,True,2021-09-29,48.8808,rollback,,
BRIDGE_ONLY,CCL,2021-09-14,23.2,2005.1584,2021-09-29,True,2021-09-30,25.44,rollback,,
BRIDGE_ONLY,MRK,2021-09-30,75.58,631.4405,2021-10-14,True,2021-10-15,78.2,rollback,,
BRIDGE_ONLY,TSLA,2021-08-24,236.8933,195.8527,2021-10-19,True,2021-10-20,288.45,rollback,,
BRIDGE_ONLY,ORCL,2021-09-09,89.6,526.4686,2021-10-21,True,2021-10-22,96.29,rollback,,
BRIDGE_ONLY,PG,2021-10-27,143.14,333.3289,2021-10-27,True,2021-10-28,141.89,forced_deleverage,,
BRIDGE_ONLY,UAA,2021-10-22,20.82,2277.9121,2021-10-29,True,2021-11-01,22.0,rollback,,
BRIDGE_ONLY,SBUX,2021-09-01,118.01,403.2281,2021-11-08,True,2021-11-09,114.65,rollback,,
BRIDGE_ONLY,GPS,2021-09-29,25.49,1891.1175,2021-11-08,True,2021-11-09,24.59,rollback,,
BRIDGE_ONLY,FB,2021-10-20,343.445,139.6694,2021-11-08,True,2021-11-09,340.0,rollback,,
BRIDGE_ONLY,NCLH,2021-11-02,26.92,1777.8083,2021-11-08,True,2021-11-09,28.11,rollback,,
BRIDGE_ONLY,GE,2021-07-28,65.5416,680.122,2021-11-10,True,2021-11-11,67.6285,rollback,,
BRIDGE_ONLY,UAL,2021-11-02,47.915,998.8728,2021-11-11,True,2021-11-12,51.35,rollback,,
BRIDGE_ONLY,BA,2021-06-25,250.75,180.0279,2021-11-16,True,2021-11-17,229.54,rollback,,
BRIDGE_ONLY,NVDA,2021-10-15,21.81,2172.8541,2021-11-26,True,2021-11-29,32.366,rollback,,
BRIDGE_ONLY,INTC,2021-11-09,51.54,983.0629,2021-12-08,True,2021-12-09,51.3,rollback,,
BRIDGE_ONLY,ORLY,2021-11-30,42.7913,1084.6189,2021-12-13,True,2021-12-14,44.822,rollback,,
BRIDGE_ONLY,WMT,2021-12-14,47.7667,979.1199,2021-12-16,True,2021-12-17,47.5833,rollback,,
BRIDGE_ONLY,KHC,2021-09-09,36.92,1277.7341,2021-12-17,True,2021-12-20,35.26,rollback,,
BRIDGE_ONLY,CMG,2021-11-10,35.88,1383.8487,2021-12-28,True,2021-12-29,34.789,rollback,,
BRIDGE_ONLY,VZ,2021-07-08,55.75,782.202,2021-12-29,True,2021-12-30,52.38,rollback,,
BRIDGE_ONLY,FCX,2021-11-12,40.67,1213.779,2021-12-30,True,2021-12-31,41.64,rollback,,
BRIDGE_ONLY,BMY,2021-08-17,68.68,664.0949,2022-01-03,True,2022-01-04,61.5,rollback,,
BRIDGE_ONLY,LUV,2021-12-29,42.23,1132.9488,2022-01-05,True,2022-01-06,44.48,rollback,,
BRIDGE_ONLY,C,2022-01-04,64.06,771.9711,2022-01-05,True,2022-01-06,64.22,rollback,,
BRIDGE_ONLY,LUMN,2021-12-20,12.48,3689.2466,2022-01-11,True,2022-01-12,13.31,rollback,,
BRIDGE_ONLY,MDT,2021-11-11,122.39,406.0942,2022-01-18,True,2022-01-19,107.39,rollback,,
BRIDGE_ONLY,MPC,2021-11-10,66.56,745.9437,2022-01-20,True,2022-01-21,71.45,rollback,,
BRIDGE_ONLY,T,2021-09-30,27.48,1736.778,2022-01-21,True,2022-01-24,26.19,rollback,,
BRIDGE_ONLY,CVX,2021-11-30,113.45,409.1192,2022-01-21,True,2022-01-24,124.45,rollback,,
BRIDGE_ONLY,WFC,2021-12-17,49.7,949.8611,2022-01-21,True,2022-01-24,52.73,rollback,,
BRIDGE_ONLY,LVS,2022-01-12,39.25,1307.7253,2022-01-27,True,2022-01-28,42.33,rollback,,
BRIDGE_ONLY,GPS,2022-01-26,17.88,2753.5418,2022-02-01,False,2022-02-02,18.46,index_drop,,
BRIDGE_ONLY,SLB,2021-12-31,29.57,1618.4295,2022-02-02,True,2022-02-03,39.43,rollback,,
BRIDGE_ONLY,GOOGL,2022-02-02,151.25,328.0517,2022-02-07,True,2022-02-08,139.0265,rollback,,
BRIDGE_ONLY,NCLH,2022-01-10,22.44,2258.4221,2022-02-10,True,2022-02-11,22.57,rollback,,
BRIDGE_ONLY,MS,2022-01-28,99.1,481.7246,2022-02-11,False,2022-02-14,104.03,rollback,,
BRIDGE_ONLY,AAL,2022-02-08,17.4,2815.4446,2022-02-11,True,2022-02-14,17.85,rollback,,
BRIDGE_ONLY,VIAC,2021-05-19,39.43,994.3181,2022-02-16,True,2022-02-16,29.58,delisted,,
BRIDGE_ONLY,ABBV,2022-01-28,135.99,351.0121,2022-02-18,True,2022-02-22,141.25,rollback,,
BRIDGE_ONLY,NEM,2022-02-14,64.17,761.7092,2022-02-28,True,2022-03-01,66.94,rollback,,
BRIDGE_ONLY,MO,2022-02-14,50.37,970.3482,2022-03-07,True,2022-03-08,52.9,rollback,,
BRIDGE_ONLY,MDT,2022-02-23,104.24,454.7932,2022-03-07,True,2022-03-08,106.32,rollback,,
BRIDGE_ONLY,JNJ,2022-01-28,170.86,279.3897,2022-03-08,True,2022-03-09,170.01,rollback,,
BRIDGE_ONLY,CTRA,2022-01-28,21.22,2249.3758,2022-03-08,True,2022-03-09,25.65,rollback,,
BRIDGE_ONLY,KHC,2022-02-17,36.525,1310.6326,2022-03-08,True,2022-03-09,39.11,rollback,,
BRIDGE_ONLY,SLB,2022-03-08,43.05,1157.6388,2022-03-09,True,2022-03-10,43.1,rollback,,
BRIDGE_ONLY,KMI,2022-02-14,17.51,2791.6232,2022-03-11,True,2022-03-14,17.9,rollback,,
BRIDGE_ONLY,XEL,2022-01-28,66.4193,718.6069,2022-03-14,True,2022-03-15,70.11,rollback,,
BRIDGE_ONLY,XOM,2022-03-02,80.6,598.8867,2022-03-14,True,2022-03-15,78.82,rollback,,
BRIDGE_ONLY,AVGO,2022-03-10,58.556,827.723,2022-03-21,False,2022-03-22,60.172,rollback,,
BRIDGE_ONLY,HST,2022-03-11,18.47,2652.8471,2022-03-21,True,2022-03-22,18.47,rollback,,
BRIDGE_ONLY,CMG,2022-03-16,30.4724,1601.9115,2022-03-21,True,2022-03-22,30.9548,rollback,,
BRIDGE_ONLY,ORCL,2021-11-17,95.76,512.9986,2022-03-23,True,2022-03-24,80.65,rollback,,
BRIDGE_ONLY,PYPL,2021-12-09,196.06,240.8167,2022-03-23,True,2022-03-24,115.82,rollback,,
BRIDGE_ONLY,KIM,2022-03-10,23.54,2058.8669,2022-03-23,True,2022-03-24,24.02,rollback,,
BRIDGE_ONLY,NVDA,2022-03-17,24.12,2035.2826,2022-03-23,True,2022-03-24,26.166,rollback,,
BRIDGE_ONLY,KMI,2022-03-22,17.99,2827.5353,2022-03-28,True,2022-03-29,18.52,rollback,,
BRIDGE_ONLY,WMB,2022-03-22,32.33,1573.3009,2022-03-28,True,2022-03-29,32.86,rollback,,
BRIDGE_ONLY,SCHW,2022-03-15,84.11,568.5873,2022-03-30,False,2022-03-31,88.45,rollback,,
BRIDGE_ONLY,TWTR,2021-09-02,65.97,721.8021,2022-03-31,True,2022-04-01,39.16,rollback,,
BRIDGE_ONLY,NKE,2021-12-30,168.31,283.273,2022-03-31,True,2022-04-01,134.45,rollback,,
BRIDGE_ONLY,EBAY,2022-01-12,66.87,767.5438,2022-03-31,True,2022-04-01,57.87,rollback,,
BRIDGE_ONLY,PM,2022-03-31,93.78,546.1697,2022-04-04,True,2022-04-05,95.41,rollback,,
BRIDGE_ONLY,VZ,2022-02-03,54.0,905.0245,2022-04-07,True,2022-04-08,52.73,rollback,,
BRIDGE_ONLY,MO,2022-03-16,51.16,954.0979,2022-04-07,True,2022-04-08,53.75,rollback,,
BRIDGE_ONLY,XOM,2022-03-22,81.63,623.1766,2022-04-11,True,2022-04-12,85.71,rollback,,
BRIDGE_ONLY,GILD,2022-03-30,60.42,857.6232,2022-04-12,True,2022-04-13,61.62,rollback,,
BRIDGE_ONLY,TJX,2022-04-11,61.98,818.9435,2022-04-22,True,2022-04-25,62.29,rollback,,
BRIDGE_ONLY,KO,2022-03-25,61.12,832.5776,2022-04-26,True,2022-04-27,65.0,rollback,,
BRIDGE_ONLY,UAL,2022-04-14,45.49,1121.4172,2022-04-26,True,2022-04-27,48.75,rollback,,
BRIDGE_ONLY,QCOM,2022-03-25,157.97,322.1156,2022-05-05,True,2022-05-06,141.248,rollback,,
BRIDGE_ONLY,DVN,2022-04-08,60.34,836.0645,2022-05-09,False,2022-05-10,63.51,rollback,,
BRIDGE_ONLY,MRK,2022-04-29,88.66,549.4807,2022-05-13,True,2022-05-16,90.79,rollback,,
BRIDGE_ONLY,OXY,2022-04-08,57.7,874.3615,2022-05-18,False,2022-05-19,63.03,rollback,,
BRIDGE_ONLY,SLB,2022-04-11,42.64,1190.5064,2022-05-18,True,2022-05-19,40.04,rollback,,
BRIDGE_ONLY,KMI,2022-05-09,19.0,2542.524,2022-05-18,True,2022-05-19,18.97,rollback,,
BRIDGE_ONLY,MU,2022-05-16,71.51,666.6016,2022-05-18,True,2022-05-19,70.76,rollback,,
BRIDGE_ONLY,APA,2022-05-20,41.08,1126.9275,2022-05-24,True,2022-05-25,43.51,rollback,,
BRIDGE_ONLY,BKR,2022-04-11,36.72,1382.509,2022-05-31,False,2022-06-01,36.53,rollback,,
BRIDGE_ONLY,RF,2022-04-26,21.36,2277.4467,2022-06-01,True,2022-06-02,21.47,rollback,,
BRIDGE_ONLY,V,2022-04-29,218.62,222.8274,2022-06-01,True,2022-06-02,211.89,rollback,,
BRIDGE_ONLY,C,2022-05-20,50.26,921.1399,2022-06-01,False,2022-06-02,52.4,rollback,,
BRIDGE_ONLY,BEN,2022-05-23,26.24,1767.5864,2022-06-01,True,2022-06-02,26.63,rollback,,
BRIDGE_ONLY,GOOG,2022-06-01,114.9315,431.7042,2022-06-03,True,2022-06-06,116.7425,rollback,,
BRIDGE_ONLY,JPM,2022-05-24,124.36,374.3244,2022-06-08,True,2022-06-09,127.37,rollback,,
BRIDGE_ONLY,FB,2022-06-03,195.98,248.931,2022-06-08,True,2022-06-09,194.28,index_drop,,
BRIDGE_ONLY,GOOGL,2022-06-22,110.5565,388.9793,2022-06-27,True,2022-06-28,115.8025,rollback,,
BRIDGE_ONLY,GOOG,2022-06-22,111.163,386.8377,2022-06-27,True,2022-06-28,116.351,rollback,,
BRIDGE_ONLY,BMY,2022-06-08,76.52,633.8285,2022-06-30,True,2022-07-01,76.98,rollback,,
BRIDGE_ONLY,MSFT,2022-06-30,257.05,167.428,2022-07-11,True,2022-07-12,265.88,rollback,,
BRIDGE_ONLY,CVS,2022-04-11,106.36,477.2533,2022-07-20,True,2022-07-21,92.52,rollback,,
BRIDGE_ONLY,CCL,2022-04-14,19.71,2588.3215,2022-07-21,True,2022-07-22,9.9,rollback,,
BRIDGE_ONLY,NCLH,2022-06-03,15.65,3117.1281,2022-07-21,True,2022-07-22,12.7,rollback,,
BRIDGE_ONLY,HPE,2022-05-10,16.0,2926.4,2022-07-22,True,2022-07-25,13.89,rollback,,
BRIDGE_ONLY,NFLX,2022-05-26,18.649,2548.2419,2022-07-22,True,2022-07-25,22.131,rollback,,
BRIDGE_ONLY,F,2022-03-25,16.74,3040.0053,2022-07-26,True,2022-07-27,12.75,rollback,,
BRIDGE_ONLY,TSLA,2022-06-03,243.225,200.5876,2022-07-26,False,2022-07-27,263.81,rollback,,
BRIDGE_ONLY,CSCO,2022-03-16,55.93,872.8147,2022-08-01,True,2022-08-02,45.52,rollback,,
BRIDGE_ONLY,SLB,2022-07-25,35.65,1336.0862,2022-08-01,True,2022-08-02,36.5,rollback,,
BRIDGE_ONLY,WMB,2022-07-14,30.2,1408.0859,2022-08-02,True,2022-08-03,33.27,rollback,,
BRIDGE_ONLY,AVGO,2022-07-20,50.954,918.2892,2022-08-02,True,2022-08-03,53.529,rollback,,
BRIDGE_ONLY,KO,2022-07-27,62.88,767.1705,2022-08-02,True,2022-08-03,63.55,rollback,,
BRIDGE_ONLY,MDLZ,2022-07-25,62.06,767.4685,2022-08-04,True,2022-08-05,64.15,rollback,,
BRIDGE_ONLY,SCHW,2022-07-22,63.37,755.673,2022-08-08,True,2022-08-09,68.81,rollback,,
BRIDGE_ONLY,GILD,2022-08-09,61.58,820.0767,2022-08-11,True,2022-08-12,62.71,rollback,,
BRIDGE_ONLY,VTRS,2022-08-09,10.0301,5035.1293,2022-08-16,True,2022-08-17,10.99,rollback,,
BRIDGE_ONLY,CCL,2022-08-03,9.5,5259.1716,2022-08-17,True,2022-08-18,10.56,rollback,,
BRIDGE_ONLY,CSX,2022-06-03,32.39,1506.0394,2022-08-18,True,2022-08-19,34.09,rollback,,
BRIDGE_ONLY,JPM,2022-08-08,116.25,436.142,2022-08-18,True,2022-08-19,120.62,rollback,,
BRIDGE_ONLY,CMG,2022-07-01,26.0416,1648.5213,2022-08-19,True,2022-08-22,32.8,rollback,,
BRIDGE_ONLY,BSX,2022-07-22,38.18,1254.3056,2022-08-19,True,2022-08-22,41.62,rollback,,
BRIDGE_ONLY,WMT,2022-08-12,43.3333,1211.7322,2022-08-19,True,2022-08-22,45.4,rollback,,
BRIDGE_ONLY,HAL,2022-08-19,29.55,1775.4669,2022-08-26,True,2022-08-29,31.17,rollback,,
BRIDGE_ONLY,APA,2022-08-19,35.962,1458.8294,2022-08-31,True,2022-09-01,38.405,rollback,,
BRIDGE_ONLY,GILD,2022-09-02,65.04,769.5615,2022-09-13,False,2022-09-14,64.41,rollback,,
BRIDGE_ONLY,GM,2022-09-08,39.45,1264.4189,2022-09-13,True,2022-09-14,40.74,rollback,,
BRIDGE_ONLY,NCLH,2022-09-08,13.72,3636.0284,2022-09-16,True,2022-09-19,15.1,rollback,,
BRIDGE_ONLY,DXCM,2022-08-26,87.73,601.8646,2022-10-14,True,2022-10-17,99.41,rollback,,
BRIDGE_ONLY,KHC,2022-08-10,38.51,1339.3905,2022-10-17,True,2022-10-18,35.67,rollback,,
BRIDGE_ONLY,AAL,2022-08-02,14.05,3551.1172,2022-10-20,True,2022-10-21,13.36,rollback,,
BRIDGE_ONLY,NFLX,2022-10-18,24.98,1940.5753,2022-10-24,True,2022-10-25,28.695,rollback,,
BRIDGE_ONLY,PFE,2022-07-27,51.94,928.7115,2022-10-27,True,2022-10-28,45.98,rollback,,
BRIDGE_ONLY,UAL,2022-08-02,37.22,1340.4273,2022-11-02,True,2022-11-03,40.57,rollback,,
BRIDGE_ONLY,WMT,2022-09-08,45.1333,1105.2553,2022-11-02,True,2022-11-03,46.5033,rollback,,
BRIDGE_ONLY,JNJ,2022-09-23,165.74,278.517,2022-11-02,True,2022-11-03,169.81,rollback,,
BRIDGE_ONLY,CCL,2022-10-21,7.93,6079.0198,2022-11-02,True,2022-11-03,8.34,rollback,,
BRIDGE_ONLY,XOM,2022-09-15,96.22,518.2462,2022-11-09,True,2022-11-10,110.19,rollback,,
BRIDGE_ONLY,USB,2022-10-17,43.88,1092.2346,2022-11-09,True,2022-11-10,44.0,rollback,,
BRIDGE_ONLY,AVGO,2022-10-25,45.799,1100.1964,2022-11-09,True,2022-11-10,49.1,rollback,,
BRIDGE_ONLY,MU,2022-08-19,61.835,848.5108,2022-11-16,False,2022-11-17,57.3,rollback,,
BRIDGE_ONLY,QCOM,2022-08-19,149.29,351.3953,2022-11-16,True,2022-11-17,118.95,rollback,,
BRIDGE_ONLY,NEM,2022-11-09,43.66,1160.9608,2022-11-16,True,2022-11-17,44.48,rollback,,
BRIDGE_ONLY,V,2022-11-11,206.0,257.201,2022-11-16,True,2022-11-17,207.96,rollback,,
BRIDGE_ONLY,GOOGL,2022-11-14,95.09,569.1565,2022-11-18,True,2022-11-21,97.29,rollback,,
BRIDGE_ONLY,AMD,2022-10-26,59.69,857.0026,2022-11-21,True,2022-11-22,72.72,rollback,,
BRIDGE_ONLY,VFC,2022-11-11,30.26,1750.7639,2022-11-28,True,2022-11-29,32.43,rollback,,
BRIDGE_ONLY,KDP,2022-11-09,37.82,1340.1643,2022-12-05,True,2022-12-06,37.98,rollback,,
BRIDGE_ONLY,MO,2022-11-23,45.21,1180.4994,2022-12-05,False,2022-12-06,47.18,rollback,,
BRIDGE_ONLY,ABBV,2022-11-08,148.83,341.9279,2022-12-09,True,2022-12-12,163.21,rollback,,
BRIDGE_ONLY,PCG,2022-11-21,15.1,3484.5197,2022-12-15,False,2022-12-16,16.09,rollback,,
BRIDGE_ONLY,F,2023-01-06,12.12,4047.281,2023-01-13,True,2023-01-17,12.71,rollback,,
BRIDGE_ONLY,LUMN,2022-06-28,11.5,4007.0596,2023-01-17,True,2023-01-18,5.59,rollback,,
BRIDGE_ONLY,LRCX,2022-12-13,48.554,1082.1967,2023-01-17,True,2023-01-18,47.718,rollback,,
BRIDGE_ONLY,HAL,2022-12-21,37.96,1236.9947,2023-01-17,True,2023-01-18,43.0,rollback,,
BRIDGE_ONLY,CCL,2022-11-30,9.81,5343.7856,2023-01-19,True,2023-01-20,10.28,rollback,,
BRIDGE_ONLY,AAL,2022-11-25,14.4,3696.43,2023-01-24,True,2023-01-25,15.97,rollback,,
BRIDGE_ONLY,HST,2022-11-11,18.43,2874.7023,2023-02-06,True,2023-02-07,18.52,rollback,,
BRIDGE_ONLY,DIS,2022-11-25,98.81,538.6695,2023-02-06,True,2023-02-07,109.295,rollback,,
BRIDGE_ONLY,HBAN,2022-11-30,15.32,3421.6656,2023-02-06,True,2023-02-07,15.34,rollback,,
BRIDGE_ONLY,WBD,2022-12-13,11.65,4510.7493,2023-02-07,True,2023-02-08,15.26,rollback,,
BRIDGE_ONLY,TSLA,2023-01-18,136.555,403.8976,2023-02-16,True,2023-02-17,199.985,rollback,,
BRIDGE_ONLY,ATVI,2022-03-30,80.51,643.5847,2023-02-21,True,2023-02-22,77.28,rollback,,
BRIDGE_ONLY,PCG,2023-01-26,15.96,3512.2015,2023-03-07,True,2023-03-08,16.32,rollback,,
BRIDGE_ONLY,AAL,2023-03-08,16.41,3279.876,2023-03-09,True,2023-03-10,15.98,forced_deleverage,,
BRIDGE_ONLY,BMY,2023-01-20,73.9,717.8473,2023-04-04,True,2023-04-05,69.46,rollback,,
BRIDGE_ONLY,APA,2023-01-20,44.86,1182.4846,2023-04-04,True,2023-04-05,37.89,rollback,,
BRIDGE_ONLY,GILD,2023-02-07,86.6,662.5531,2023-04-04,True,2023-04-05,82.3,rollback,,
BRIDGE_ONLY,CNC,2023-04-06,66.28,768.7318,2023-04-12,True,2023-04-13,67.52,rollback,,
BRIDGE_ONLY,MS,2023-04-14,86.43,594.5772,2023-04-20,True,2023-04-21,90.48,rollback,,
BRIDGE_ONLY,CSX,2022-12-13,33.25,1580.379,2023-04-24,True,2023-04-25,31.06,rollback,,
BRIDGE_ONLY,MSFT,2023-04-27,295.97,167.3351,2023-05-03,True,2023-05-04,306.24,rollback,,
BRIDGE_ONLY,CMCSA,2023-02-17,39.71,1409.5417,2023-05-04,True,2023-05-05,40.57,rollback,,
BRIDGE_ONLY,KHC,2023-02-21,40.0,1382.9614,2023-05-08,True,2023-05-09,41.025,rollback,,
BRIDGE_ONLY,EQT,2022-11-07,42.57,1175.0454,2023-05-19,False,2023-05-22,35.46,rollback,,
BRIDGE_ONLY,KLAC,2023-02-08,41.298,1392.5754,2023-05-23,True,2023-05-24,40.685,rollback,,
BRIDGE_ONLY,LRCX,2023-04-21,52.419,981.8639,2023-05-23,True,2023-05-24,56.354,rollback,,
BRIDGE_ONLY,AMAT,2023-05-04,113.05,429.7362,2023-05-23,True,2023-05-24,121.92,rollback,,
BRIDGE_ONLY,ANET,2023-05-22,36.31,1397.268,2023-06-06,True,2023-06-07,39.9175,rollback,,
BRIDGE_ONLY,KEY,2023-04-14,12.55,4094.9698,2023-06-08,True,2023-06-09,10.98,rollback,,
BRIDGE_ONLY,WBD,2023-02-23,15.43,3600.9138,2023-06-15,True,2023-06-16,13.09,rollback,,
BRIDGE_ONLY,PYPL,2022-09-15,95.1,524.3234,2023-06-21,True,2023-06-22,67.52,rollback,,
BRIDGE_ONLY,INTC,2023-05-05,31.38,1575.7933,2023-06-21,True,2023-06-22,32.69,rollback,,
BRIDGE_ONLY,F,2023-05-24,11.64,4287.6189,2023-06-21,True,2023-06-22,13.91,rollback,,
BRIDGE_ONLY,TSLA,2023-05-09,168.95,291.2187,2023-06-23,True,2023-06-26,250.065,rollback,,
BRIDGE_ONLY,PCG,2023-06-07,17.04,3142.6724,2023-07-06,True,2023-07-07,17.41,rollback,,
BRIDGE_ONLY,VZ,2023-06-13,35.5,1578.2275,2023-07-06,True,2023-07-07,36.22,rollback,,
BRIDGE_ONLY,OXY,2023-05-24,60.17,829.4065,2023-07-14,True,2023-07-17,59.1,rollback,,
BRIDGE_ONLY,KMI,2023-06-28,16.88,3269.527,2023-07-14,True,2023-07-17,17.25,rollback,,
BRIDGE_ONLY,MRO,2023-07-10,23.32,2423.5678,2023-07-14,True,2023-07-17,24.05,rollback,,
BRIDGE_ONLY,CRM,2023-06-23,210.5,260.2032,2023-07-17,True,2023-07-18,227.05,rollback,,
BRIDGE_ONLY,HAL,2023-01-27,40.9,1378.2554,2023-07-19,True,2023-07-20,37.01,rollback,,
BRIDGE_ONLY,SLB,2023-05-24,45.96,1085.7897,2023-07-21,True,2023-07-24,56.22,rollback,,
BRIDGE_ONLY,HBAN,2023-07-10,10.82,5223.1772,2023-07-21,True,2023-07-24,11.85,rollback,,
BRIDGE_ONLY,KO,2023-06-16,61.6,923.4658,2023-07-25,True,2023-07-26,61.86,rollback,,
BRIDGE_ONLY,SCHW,2023-02-07,79.13,725.1354,2023-07-27,True,2023-07-28,66.1,rollback,,
BRIDGE_ONLY,CVS,2023-02-09,89.33,645.4109,2023-07-28,True,2023-07-31,74.86,rollback,,
BRIDGE_ONLY,PG,2023-07-17,149.65,388.2732,2023-07-31,True,2023-08-01,155.88,rollback,,
BRIDGE_ONLY,INTC,2023-07-18,34.28,1711.7254,2023-07-31,True,2023-08-01,35.82,rollback,,
BRIDGE_ONLY,KLAC,2023-07-28,50.0,1191.0686,2023-08-02,True,2023-08-03,49.727,rollback,,
BRIDGE_ONLY,AMZN,2023-07-31,133.2,448.6136,2023-08-08,True,2023-08-09,139.97,rollback,,
BRIDGE_ONLY,WBD,2023-08-04,12.94,4543.7139,2023-08-09,True,2023-08-10,14.28,rollback,,
BRIDGE_ONLY,XOM,2023-08-01,106.95,557.7114,2023-08-15,True,2023-08-16,108.28,rollback,,
BRIDGE_ONLY,MRK,2023-07-24,109.99,542.9833,2023-08-24,True,2023-08-25,109.94,rollback,,
BRIDGE_ONLY,VZ,2023-08-14,33.19,1755.4994,2023-09-05,True,2023-09-06,34.1,rollback,,
BRIDGE_ONLY,BSX,2023-08-16,51.7,1116.5545,2023-09-12,True,2023-09-13,53.38,rollback,,
BRIDGE_ONLY,MO,2023-04-14,45.14,1138.3858,2023-09-13,True,2023-09-14,43.82,rollback,,
BRIDGE_ONLY,T,2023-06-28,15.81,3490.9787,2023-09-18,True,2023-09-19,15.06,rollback,,
BRIDGE_ONLY,KHC,2023-07-17,35.69,1628.131,2023-09-22,True,2023-09-25,34.11,rollback,,
BRIDGE_ONLY,KMI,2023-08-14,17.81,3271.3147,2023-10-19,True,2023-10-20,17.04,rollback,,
BRIDGE_ONLY,MRO,2023-09-28,27.265,2008.6389,2023-10-23,True,2023-10-24,28.37,rollback,,
BRIDGE_ONLY,T,2023-10-20,15.19,3640.8387,2023-10-25,True,2023-10-26,15.17,rollback,,
BRIDGE_ONLY,IBM,2023-10-27,143.62,366.5536,2023-11-09,True,2023-11-10,147.44,rollback,,
BRIDGE_ONLY,WFC,2023-09-13,42.705,1347.3279,2023-11-16,True,2023-11-17,42.825,rollback,,
BRIDGE_ONLY,GOOG,2023-08-28,132.08,436.4154,2023-11-17,True,2023-11-20,135.5,rollback,,
BRIDGE_ONLY,GOOGL,2023-11-13,131.78,435.9649,2023-11-17,True,2023-11-20,133.69,rollback,,
BRIDGE_ONLY,CCL,2023-07-24,17.88,3340.3643,2023-11-24,True,2023-11-27,14.38,rollback,,
BRIDGE_ONLY,META,2023-09-06,301.71,192.4974,2023-11-24,True,2023-11-27,336.18,rollback,,
BRIDGE_ONLY,CMG,2023-06-22,41.38,1331.2499,2023-11-27,True,2023-11-28,44.2,rollback,,
BRIDGE_ONLY,ORCL,2023-07-17,118.85,488.9432,2023-11-27,True,2023-11-28,116.0,rollback,,
BRIDGE_ONLY,MDLZ,2023-07-20,73.5,809.7302,2023-11-27,True,2023-11-28,71.55,rollback,,
BRIDGE_ONLY,AMD,2023-08-01,114.26,522.0569,2023-11-27,True,2023-11-28,121.98,rollback,,
BRIDGE_ONLY,DIS,2023-09-15,85.22,686.9718,2023-11-28,True,2023-11-29,92.6,rollback,,
BRIDGE_ONLY,HPE,2023-11-30,16.84,3587.0226,2023-12-04,False,2023-12-05,16.43,rollback,,
BRIDGE_ONLY,NEM,2023-05-05,48.62,1016.9873,2023-12-06,True,2023-12-07,39.99,rollback,,
BRIDGE_ONLY,MRK,2023-10-26,103.1,511.5542,2023-12-07,True,2023-12-08,103.79,rollback,,
BRIDGE_ONLY,JNJ,2023-11-17,150.55,400.343,2023-12-07,True,2023-12-08,155.42,rollback,,
BRIDGE_ONLY,NEE,2023-11-20,57.0,1048.7364,2023-12-15,True,2023-12-18,61.6,rollback,,
BRIDGE_ONLY,BMY,2023-12-06,50.32,1216.2084,2023-12-15,True,2023-12-18,51.15,rollback,,
BRIDGE_ONLY,GILD,2023-12-01,76.78,791.8179,2023-12-18,False,2023-12-19,79.58,rollback,,
BRIDGE_ONLY,WBD,2023-12-04,11.24,5429.5587,2023-12-18,True,2023-12-19,11.94,rollback,,
BRIDGE_ONLY,KR,2023-12-01,44.51,1365.9586,2023-12-19,False,2023-12-20,44.88,rollback,,
BRIDGE_ONLY,CMCSA,2023-09-19,45.57,1270.6758,2023-12-20,True,2023-12-21,44.22,rollback,,
BRIDGE_ONLY,AMD,2023-12-08,129.54,477.0718,2023-12-20,True,2023-12-21,138.14,rollback,,
BRIDGE_ONLY,GOOGL,2023-12-08,134.2,460.4828,2023-12-27,True,2023-12-28,140.78,rollback,,
BRIDGE_ONLY,GOOG,2023-12-08,135.66,455.5042,2023-12-27,True,2023-12-28,141.85,rollback,,
BRIDGE_ONLY,WMT,2023-12-19,51.6133,1228.5647,2023-12-28,False,2023-12-29,52.51,rollback,,
BRIDGE_ONLY,OXY,2023-12-19,59.12,1072.5154,2023-12-28,True,2023-12-29,60.0,rollback,,
BRIDGE_ONLY,WBA,2023-12-05,20.73,2961.027,2024-01-03,True,2024-01-04,24.19,rollback,,
BRIDGE_ONLY,PFE,2023-12-01,28.97,2098.7869,2024-01-04,False,2024-01-05,29.02,rollback,,
BRIDGE_ONLY,CVS,2023-11-20,68.4,873.9033,2024-01-08,True,2024-01-09,80.55,rollback,,
BRIDGE_ONLY,T,2023-12-20,16.57,3895.3817,2024-01-08,True,2024-01-09,16.97,rollback,,
BRIDGE_ONLY,NI,2023-12-29,26.41,2459.7379,2024-01-09,False,2024-01-10,27.13,rollback,,
BRIDGE_ONLY,VZ,2024-01-03,39.53,1671.5972,2024-01-09,True,2024-01-10,39.08,rollback,,
BRIDGE_ONLY,TSCO,2024-01-05,42.742,1511.3369,2024-01-09,True,2024-01-10,44.146,rollback,,
BRIDGE_ONLY,PYPL,2024-01-09,60.28,1070.6492,2024-01-22,True,2024-01-23,64.525,rollback,,
BRIDGE_ONLY,PG,2024-01-02,146.36,444.1342,2024-01-24,True,2024-01-25,152.4,rollback,,
BRIDGE_ONLY,AAL,2024-01-09,14.51,4448.1018,2024-01-30,True,2024-01-31,14.49,rollback,,
BRIDGE_ONLY,AMZN,2024-01-10,152.06,421.8443,2024-01-30,True,2024-01-31,157.0,rollback,,
BRIDGE_ONLY,XOM,2023-12-20,103.5,623.6063,2024-01-31,True,2024-02-01,103.57,rollback,,
BRIDGE_ONLY,PANW,2024-01-10,152.6,420.3306,2024-01-31,True,2024-02-01,169.5,rollback,,
BRIDGE_ONLY,NOW,2024-01-10,141.5,453.2808,2024-01-31,True,2024-02-01,153.818,rollback,,
BRIDGE_ONLY,T,2024-01-23,17.04,3751.5508,2024-02-06,True,2024-02-07,17.6,rollback,,
BRIDGE_ONLY,F,2024-01-31,11.76,5559.2537,2024-02-14,True,2024-02-15,12.35,rollback,,
BRIDGE_ONLY,KO,2024-02-02,60.82,1059.299,2024-02-22,True,2024-02-23,61.09,rollback,,
BRIDGE_ONLY,EXC,2023-12-07,39.52,1562.0462,2024-02-26,True,2024-02-27,35.88,rollback,,
BRIDGE_ONLY,EQT,2023-12-19,38.57,1643.8668,2024-02-27,True,2024-02-28,36.67,rollback,,
BRIDGE_ONLY,MRO,2023-12-22,24.89,2606.1333,2024-02-28,True,2024-02-29,24.23,rollback,,
BRIDGE_ONLY,ANET,2024-02-27,68.52,908.5812,2024-03-05,True,2024-03-06,71.0775,rollback,,
BRIDGE_ONLY,AMD,2024-02-15,179.14,348.3026,2024-03-11,True,2024-03-12,200.52,rollback,,
BRIDGE_ONLY,DVN,2024-01-31,43.18,1513.9777,2024-03-12,True,2024-03-13,47.02,rollback,,
BRIDGE_ONLY,MSFT,2024-02-23,415.67,151.3499,2024-03-15,True,2024-03-18,414.25,rollback,,
BRIDGE_ONLY,PARA,2024-02-01,14.9,4345.6185,2024-03-21,True,2024-03-22,11.84,rollback,,
BRIDGE_ONLY,DAL,2024-01-09,41.4,1558.8287,2024-03-22,True,2024-03-25,45.48,rollback,,
BRIDGE_ONLY,TFC,2024-01-25,38.0,1703.8785,2024-04-01,True,2024-04-02,38.12,rollback,,
BRIDGE_ONLY,BMY,2024-03-26,52.39,1262.0091,2024-04-01,True,2024-04-02,53.1,rollback,,
BRIDGE_ONLY,KDP,2023-12-22,32.465,1997.9491,2024-04-04,True,2024-04-05,30.7,rollback,,
BRIDGE_ONLY,GM,2024-03-18,40.89,1554.4835,2024-04-04,True,2024-04-05,43.72,rollback,,
BRIDGE_ONLY,AMZN,2024-03-13,175.9,365.9239,2024-04-10,True,2024-04-11,186.74,rollback,,
BRIDGE_ONLY,MO,2024-02-02,41.49,1552.8992,2024-05-06,True,2024-05-07,43.6,rollback,,
BRIDGE_ONLY,KO,2024-03-12,60.32,1070.6413,2024-05-14,True,2024-05-15,63.06,rollback,,
BRIDGE_ONLY,NFLX,2024-05-07,59.628,1053.1803,2024-05-14,True,2024-05-15,61.857,rollback,,
BRIDGE_ONLY,MSFT,2024-04-08,425.17,151.1237,2024-05-17,True,2024-05-20,420.21,rollback,,
BRIDGE_ONLY,AVGO,2024-03-22,135.0,488.5693,2024-05-21,True,2024-05-22,139.601,rollback,,
BRIDGE_ONLY,AAPL,2024-02-07,190.64,335.5471,2024-05-23,True,2024-05-24,188.82,rollback,,
BRIDGE_ONLY,ANET,2024-04-08,74.2525,865.2914,2024-05-23,True,2024-05-24,76.1075,rollback,,
BRIDGE_ONLY,VZ,2024-05-31,40.14,1595.8304,2024-06-05,True,2024-06-06,41.31,rollback,,
BRIDGE_ONLY,CCL,2024-02-28,15.72,3944.3695,2024-06-06,True,2024-06-07,16.44,rollback,,
BRIDGE_ONLY,T,2024-03-06,17.1,3696.2586,2024-06-07,True,2024-06-10,18.0,rollback,,
BRIDGE_ONLY,SBUX,2024-04-02,91.11,721.5341,2024-06-07,True,2024-06-10,81.49,rollback,,
BRIDGE_ONLY,NCLH,2024-05-22,16.93,3878.7275,2024-06-07,True,2024-06-10,17.67,rollback,,
BRIDGE_ONLY,WMT,2024-04-11,60.75,1042.7502,2024-06-12,True,2024-06-13,66.3,rollback,,
BRIDGE_ONLY,GM,2024-06-03,44.96,1458.7966,2024-06-13,True,2024-06-14,47.135,rollback,,
BRIDGE_ONLY,AMZN,2024-06-07,184.9,359.0004,2024-06-24,True,2024-06-25,186.81,rollback,,
BRIDGE_ONLY,AVGO,2024-06-06,142.187,468.9007,2024-06-25,True,2024-06-26,159.762,rollback,,
BRIDGE_ONLY,F,2024-05-15,12.49,5194.3337,2024-07-05,True,2024-07-08,12.97,rollback,,
BRIDGE_ONLY,BKR,2024-05-15,32.6,1989.9996,2024-07-05,True,2024-07-08,34.14,rollback,,
BRIDGE_ONLY,CRM,2024-06-26,241.47,274.2393,2024-07-08,True,2024-07-09,256.09,rollback,,
BRIDGE_ONLY,INTC,2024-06-11,30.77,2169.2918,2024-07-11,True,2024-07-12,33.77,rollback,,
BRIDGE_ONLY,VTRS,2024-04-04,12.16,5429.466,2024-07-15,True,2024-07-16,11.0,rollback,,
BRIDGE_ONLY,MDT,2024-06-10,83.72,790.4519,2024-07-18,True,2024-07-19,81.58,rollback,,
BRIDGE_ONLY,HPQ,2024-07-11,36.2,1986.0527,2024-07-18,True,2024-07-19,37.41,rollback,,
BRIDGE_ONLY,XOM,2024-05-20,119.73,549.4446,2024-07-19,True,2024-07-22,115.18,rollback,,
BRIDGE_ONLY,TSLA,2024-06-13,188.39,357.5195,2024-07-19,True,2024-07-22,244.21,rollback,,
BRIDGE_ONLY,PCAR,2024-07-16,104.92,687.0432,2024-07-19,True,2024-07-22,108.4,rollback,,
BRIDGE_ONLY,PFE,2024-06-25,28.4,2347.585,2024-07-23,True,2024-07-24,29.51,rollback,,
BRIDGE_ONLY,MTCH,2024-07-10,31.16,2275.5158,2024-07-24,True,2024-07-25,33.06,rollback,,
BRIDGE_ONLY,WBD,2024-01-03,11.48,5756.2317,2024-07-25,True,2024-07-26,8.1,rollback,,
BRIDGE_ONLY,PYPL,2024-07-23,60.72,1182.0497,2024-08-02,False,2024-08-05,60.7,rollback,,
BRIDGE_ONLY,NEE,2024-07-11,73.5,978.2136,2024-08-05,True,2024-08-06,76.85,rollback,,
BRIDGE_ONLY,PG,2024-08-05,170.88,385.8748,2024-08-09,True,2024-08-12,169.4,rollback,,
BRIDGE_ONLY,MMM,2024-06-10,100.43,658.9,2024-08-16,True,2024-08-19,127.08,rollback,,
BRIDGE_ONLY,CNC,2024-07-26,69.45,1012.8417,2024-08-20,False,2024-08-21,78.46,rollback,,
BRIDGE_ONLY,UBER,2024-07-12,72.11,986.8732,2024-08-26,True,2024-08-27,72.49,rollback,,
BRIDGE_ONLY,WBD,2024-08-21,7.8,9360.767,2024-08-27,True,2024-08-28,8.12,rollback,,
BRIDGE_ONLY,NFLX,2024-08-12,63.1,1073.5582,2024-08-28,True,2024-08-29,69.0,rollback,,
BRIDGE_ONLY,SBUX,2024-07-22,78.33,924.6935,2024-09-03,False,2024-09-04,93.37,rollback,,
BRIDGE_ONLY,C,2024-07-31,65.91,1108.3642,2024-09-03,True,2024-09-04,61.57,rollback,,
BRIDGE_ONLY,PEP,2024-09-04,177.9,395.9078,2024-09-06,True,2024-09-09,177.05,rollback,,
BRIDGE_ONLY,AMZN,2024-09-06,177.24,400.5495,2024-09-16,True,2024-09-17,186.85,rollback,,
BRIDGE_ONLY,PFE,2024-09-10,29.42,2396.1671,2024-09-17,True,2024-09-18,30.0,rollback,,
BRIDGE_ONLY,MNST,2024-07-29,51.0,1413.5342,2024-09-20,True,2024-09-23,51.19,rollback,,
BRIDGE_ONLY,TSLA,2024-08-19,217.07,335.1397,2024-09-20,True,2024-09-23,242.61,rollback,,
BRIDGE_ONLY,T,2024-08-07,19.2,3520.5348,2024-09-23,True,2024-09-24,21.38,rollback,,
BRIDGE_ONLY,INTC,2024-09-17,21.71,3360.002,2024-09-30,True,2024-10-01,23.46,rollback,,
BRIDGE_ONLY,CRM,2024-07-26,258.17,272.4769,2024-10-01,False,2024-10-02,273.72,rollback,,
BRIDGE_ONLY,CVS,2024-09-05,59.5,1193.1803,2024-10-01,True,2024-10-02,63.01,rollback,,
BRIDGE_ONLY,MU,2024-09-24,94.73,787.8647,2024-10-01,True,2024-10-02,100.59,rollback,,
BRIDGE_ONLY,BMY,2024-09-23,49.56,1481.6948,2024-10-08,True,2024-10-09,52.25,rollback,,
BRIDGE_ONLY,XOM,2024-08-27,118.96,609.886,2024-10-15,True,2024-10-16,120.89,rollback,,
BRIDGE_ONLY,LVS,2024-09-10,40.05,1760.0927,2024-10-15,True,2024-10-16,51.37,rollback,,
BRIDGE_ONLY,KEY,2024-10-07,16.69,4628.5067,2024-10-17,True,2024-10-18,17.16,rollback,,
BRIDGE_ONLY,BAC,2024-10-07,40.21,1921.2544,2024-10-21,True,2024-10-22,41.65,rollback,,
BRIDGE_ONLY,NFLX,2024-10-09,71.925,1058.8007,2024-10-23,True,2024-10-24,75.197,rollback,,
BRIDGE_ONLY,SCHW,2024-10-07,64.48,1197.9826,2024-10-29,True,2024-10-30,71.75,rollback,,
BRIDGE_ONLY,KVUE,2024-10-22,22.55,3471.1074,2024-11-12,True,2024-11-13,23.45,rollback,,
BRIDGE_ONLY,AMZN,2024-10-18,187.15,422.984,2024-11-15,True,2024-11-18,204.15,rollback,,
BRIDGE_ONLY,BKR,2024-10-24,37.1,2112.283,2024-11-25,True,2024-11-26,43.75,rollback,,
BRIDGE_ONLY,VTRS,2024-08-29,11.91,6046.4711,2024-11-26,True,2024-11-27,13.08,rollback,,
BRIDGE_ONLY,SMCI,2024-06-14,84.693,777.5697,2024-11-29,True,2024-12-02,37.78,rollback,,
BRIDGE_ONLY,VZ,2024-11-18,41.67,1776.2341,2024-12-04,True,2024-12-05,42.59,rollback,,
BRIDGE_ONLY,BA,2024-02-29,206.44,303.9957,2024-12-05,True,2024-12-06,157.03,rollback,,
BRIDGE_ONLY,GILD,2024-12-06,93.5,829.0351,2024-12-09,True,2024-12-10,91.35,forced_deleverage,,
BRIDGE_ONLY,MRK,2024-07-30,123.48,586.0531,2024-12-10,True,2024-12-11,100.7,rollback,,
BRIDGE_ONLY,META,2024-11-27,574.89,135.0919,2024-12-17,True,2024-12-18,621.0,rollback,,
BRIDGE_ONLY,MSFT,2024-11-13,421.64,179.1704,2024-12-18,True,2024-12-19,441.62,rollback,,
BRIDGE_ONLY,PFE,2024-10-16,29.5,2670.5598,2024-12-26,True,2024-12-27,26.43,rollback,,
BRIDGE_ONLY,NVDA,2024-12-05,145.11,536.5818,2025-01-07,True,2025-01-08,142.58,rollback,,
BRIDGE_ONLY,OXY,2024-12-27,48.2,1543.2367,2025-01-21,True,2025-01-22,50.4,rollback,,
BRIDGE_ONLY,NEM,2024-12-12,41.62,1845.7789,2025-01-22,True,2025-01-23,41.51,rollback,,
BRIDGE_ONLY,WBA,2025-01-08,9.5,7764.3188,2025-01-27,True,2025-01-28,11.27,rollback,,
BRIDGE_ONLY,KO,2024-11-26,64.31,1226.2998,2025-01-28,True,2025-01-29,62.56,rollback,,
BRIDGE_ONLY,PLTR,2025-01-23,76.04,1002.3267,2025-01-29,True,2025-01-30,80.02,rollback,,
BRIDGE_ONLY,NKE,2024-09-23,85.4,859.9117,2025-01-31,True,2025-02-03,74.9,rollback,,
BRIDGE_ONLY,CCL,2024-12-23,26.52,2795.3406,2025-02-03,True,2025-02-04,27.18,rollback,,
BRIDGE_ONLY,CSCO,2024-12-24,58.8,1270.1118,2025-02-11,True,2025-02-12,61.44,rollback,,
BRIDGE_ONLY,SMCI,2025-01-22,33.98,2254.5376,2025-02-11,True,2025-02-12,42.3,rollback,,
BRIDGE_ONLY,JNJ,2024-10-16,164.0,480.3511,2025-02-18,True,2025-02-19,155.0,rollback,,
BRIDGE_ONLY,INTC,2025-02-12,21.98,3518.2673,2025-02-24,True,2025-02-25,24.21,rollback,,
BRIDGE_ONLY,AAPL,2025-01-29,234.12,326.8168,2025-02-25,True,2025-02-26,244.33,rollback,,
BRIDGE_ONLY,WBA,2025-02-25,10.91,7620.7896,2025-02-26,True,2025-02-27,11.7,rollback,,
BRIDGE_ONLY,MCHP,2024-07-23,91.77,782.069,2025-02-27,True,2025-02-28,57.16,rollback,,
BRIDGE_ONLY,KHC,2025-02-12,27.53,2808.71,2025-02-27,True,2025-02-28,30.88,rollback,,
BRIDGE_ONLY,NKE,2025-02-19,76.82,1066.3697,2025-02-27,True,2025-02-28,79.25,rollback,,
BRIDGE_ONLY,KVUE,2025-01-28,21.4,3538.4164,2025-03-05,True,2025-03-06,23.09,rollback,,
BRIDGE_ONLY,PARA,2024-11-26,11.11,7098.7654,2025-03-10,True,2025-03-11,11.96,rollback,,
BRIDGE_ONLY,NEE,2025-01-30,71.99,1075.9596,2025-03-12,True,2025-03-13,73.2,rollback,,
BRIDGE_ONLY,MRK,2025-02-28,90.705,898.068,2025-03-12,True,2025-03-13,93.4,rollback,,
BRIDGE_ONLY,GM,2025-03-03,49.98,1654.3053,2025-03-26,True,2025-03-27,46.99,rollback,,
BRIDGE_ONLY,AMD,2024-10-30,153.01,498.7487,2025-03-27,True,2025-03-28,105.525,rollback,,
BRIDGE_ONLY,CMG,2025-03-28,50.22,1638.0007,2025-04-08,True,2025-04-09,45.9,forced_deleverage,,
BRIDGE_ONLY,KLAC,2025-03-18,71.19,1189.183,2025-04-28,True,2025-04-29,68.363,rollback,,
BRIDGE_ONLY,MU,2025-03-13,94.25,851.9937,2025-05-05,True,2025-05-06,79.04,rollback,,
BRIDGE_ONLY,PFE,2025-01-28,26.78,2827.7033,2025-05-06,True,2025-05-07,22.99,rollback,,
BRIDGE_ONLY,CRWD,2025-04-10,92.25,768.2354,2025-05-06,True,2025-05-07,106.355,rollback,,
BRIDGE_ONLY,F,2024-09-18,10.93,6662.8578,2025-05-07,True,2025-05-08,10.34,rollback,,
BRIDGE_ONLY,WBD,2025-04-29,8.645,8412.5674,2025-05-13,True,2025-05-14,9.12,rollback,,
BRIDGE_ONLY,UPS,2025-05-09,97.2,776.9389,2025-05-13,False,2025-05-14,99.85,rollback,,
BRIDGE_ONLY,LUV,2025-02-27,30.87,2657.1417,2025-05-21,True,2025-05-22,31.67,rollback,,
BRIDGE_ONLY,FSLR,2025-05-09,134.115,563.0592,2025-05-21,True,2025-05-22,159.95,rollback,,
BRIDGE_ONLY,HSIC,2025-03-11,75.35,1108.1354,2025-05-22,True,2025-05-23,70.73,rollback,,
BRIDGE_ONLY,FCX,2025-05-27,39.14,1926.8672,2025-06-10,True,2025-06-11,41.385,rollback,,
BRIDGE_ONLY,FAST,2025-05-15,40.265,1957.3876,2025-06-11,True,2025-06-12,42.495,rollback,,
BRIDGE_ONLY,SLB,2025-02-12,41.53,1861.9709,2025-06-16,True,2025-06-17,36.22,rollback,,
BRIDGE_ONLY,PFE,2025-05-27,23.55,3202.6052,2025-06-16,True,2025-06-17,24.27,rollback,,
BRIDGE_ONLY,NEM,2025-05-12,51.02,1545.8947,2025-06-20,True,2025-06-23,58.36,rollback,,
BRIDGE_ONLY,XOM,2025-02-05,109.74,689.6863,2025-06-24,True,2025-06-25,108.11,rollback,,
BRIDGE_ONLY,CMG,2025-06-17,52.25,1452.2686,2025-06-26,True,2025-06-27,54.195,rollback,,
BRIDGE_ONLY,KMI,2025-06-23,28.22,2710.3115,2025-07-01,True,2025-07-02,28.33,rollback,,
BRIDGE_ONLY,DOC,2025-02-26,20.22,4101.813,2025-07-07,True,2025-07-08,17.935,rollback,,
BRIDGE_ONLY,AAPL,2025-05-13,210.43,374.9454,2025-07-07,True,2025-07-08,210.1,rollback,,
BRIDGE_ONLY,GM,2025-06-12,49.46,1552.6183,2025-07-07,True,2025-07-08,52.16,rollback,,
BRIDGE_ONLY,F,2025-06-11,10.64,7287.0011,2025-07-11,True,2025-07-14,11.76,rollback,,
BRIDGE_ONLY,DOW,2025-07-09,29.365,2817.3748,2025-07-11,True,2025-07-14,29.25,rollback,,
BRIDGE_ONLY,NKE,2025-06-27,69.79,1141.3151,2025-07-14,True,2025-07-15,72.26,rollback,,
BRIDGE_ONLY,HAL,2025-07-09,22.07,3748.8149,2025-07-14,True,2025-07-15,22.05,rollback,,
BRIDGE_ONLY,MDLZ,2025-05-28,67.005,1137.4992,2025-07-23,True,2025-07-24,70.07,rollback,,
BRIDGE_ONLY,AES,2025-07-02,10.85,7427.1879,2025-07-28,True,2025-07-29,13.49,rollback,,
BRIDGE_ONLY,KVUE,2025-07-14,22.58,3657.5608,2025-07-28,True,2025-07-29,22.38,rollback,,
BRIDGE_ONLY,META,2025-07-29,720.0,116.3547,2025-08-01,True,2025-08-04,760.0,rollback,,
BRIDGE_ONLY,CSCO,2025-08-05,68.69,1201.2184,2025-08-11,True,2025-08-12,70.785,rollback,,
BRIDGE_ONLY,PLTR,2025-07-08,138.775,583.1078,2025-08-14,True,2025-08-15,179.725,rollback,,
BRIDGE_ONLY,PCG,2025-05-16,17.45,4573.2138,2025-08-15,True,2025-08-18,15.1,rollback,,
BRIDGE_ONLY,EW,2024-10-09,68.72,1108.1262,2025-08-21,True,2025-08-22,81.51,rollback,,
BRIDGE_ONLY,UBER,2025-08-12,91.19,884.2928,2025-08-25,True,2025-08-26,94.88,rollback,,
BRIDGE_ONLY,CMCSA,2025-07-15,35.62,2331.6201,2025-08-26,True,2025-08-27,33.59,rollback,,
BRIDGE_ONLY,SLB,2025-07-24,34.94,2399.8721,2025-08-26,True,2025-08-27,35.27,rollback,,
BRIDGE_ONLY,ENPH,2025-03-11,63.32,1318.733,2025-08-27,True,2025-08-28,38.09,rollback,,
BRIDGE_ONLY,INTC,2025-03-14,23.675,3425.7281,2025-08-29,True,2025-09-02,23.88,rollback,,
BRIDGE_ONLY,XOM,2025-07-29,111.9,748.7007,2025-09-03,True,2025-09-04,112.105,rollback,,
BRIDGE_ONLY,AVGO,2025-08-28,302.928,282.5106,2025-09-17,True,2025-09-18,350.0,rollback,,
BRIDGE_ONLY,TSLA,2025-08-25,338.9,251.2421,2025-09-25,True,2025-09-26,428.3,rollback,,
BRIDGE_ONLY,CRWD,2025-08-29,111.2163,768.3173,2025-09-25,True,2025-09-26,118.025,rollback,,
BRIDGE_ONLY,IBKR,2025-09-03,63.95,1303.5575,2025-09-30,True,2025-10-01,67.86,rollback,,
BRIDGE_ONLY,WBD,2025-08-28,12.19,7020.8891,2025-10-02,True,2025-10-03,19.378,rollback,,
BRIDGE_ONLY,CMG,2025-10-03,40.27,2359.7357,2025-10-06,True,2025-10-07,41.5,rollback,,
BRIDGE_ONLY,EQT,2025-07-15,58.3,1424.4255,2025-10-09,True,2025-10-10,54.7,rollback,,
BRIDGE_ONLY,PYPL,2025-09-18,70.08,1319.2423,2025-10-10,True,2025-10-13,70.72,rollback,,
BRIDGE_ONLY,KO,2025-10-13,66.23,1410.6494,2025-10-20,True,2025-10-21,70.565,rollback,,
BRIDGE_ONLY,JNJ,2025-09-26,178.6,518.3316,2025-10-21,True,2025-10-22,192.0,rollback,,
BRIDGE_ONLY,TGT,2025-10-03,89.8,1058.1493,2025-10-22,True,2025-10-23,94.07,rollback,,
BRIDGE_ONLY,CRM,2025-06-25,272.0,286.3467,2025-10-23,True,2025-10-24,257.42,rollback,,
BRIDGE_ONLY,WBD,2025-10-22,20.68,4695.1804,2025-10-28,True,2025-10-29,20.92,rollback,,
BRIDGE_ONLY,AAPL,2025-10-21,261.88,369.302,2025-10-31,True,2025-11-03,270.42,rollback,,
BRIDGE_ONLY,SLB,2025-10-23,35.65,2698.278,2025-10-31,True,2025-11-03,36.1,rollback,,
BRIDGE_ONLY,BMY,2025-07-15,47.15,1761.3607,2025-11-03,True,2025-11-04,45.49,rollback,,
BRIDGE_ONLY,AMZN,2025-08-15,232.58,355.6967,2025-11-12,True,2025-11-13,243.05,rollback,,
BRIDGE_ONLY,JPM,2025-08-15,294.84,280.5719,2025-11-13,True,2025-11-14,307.51,rollback,,
BRIDGE_ONLY,GOOGL,2025-10-07,248.27,389.2745,2025-11-13,True,2025-11-14,271.405,rollback,,
BRIDGE_ONLY,CTRA,2025-08-27,23.95,3545.6602,2025-11-17,True,2025-11-18,25.74,rollback,,
BRIDGE_ONLY,VZ,2025-10-01,43.915,2141.9052,2025-11-17,True,2025-11-18,41.03,rollback,,
BRIDGE_ONLY,KHC,2025-11-14,25.035,3655.6996,2025-12-01,True,2025-12-02,25.38,rollback,,
BRIDGE_ONLY,SCHW,2025-09-26,95.13,973.1805,2025-12-12,True,2025-12-15,96.73,rollback,,
BRIDGE_ONLY,HPE,2025-10-29,24.55,3955.3048,2025-12-12,True,2025-12-15,24.0,rollback,,
BRIDGE_ONLY,KDP,2025-11-19,27.29,3286.9778,2025-12-15,True,2025-12-16,29.34,rollback,,
BRIDGE_ONLY,SLB,2025-12-02,36.31,2565.8844,2025-12-15,True,2025-12-16,38.6,rollback,,
BRIDGE_ONLY,DAL,2025-10-10,59.93,1611.5075,2025-12-17,True,2025-12-18,70.82,rollback,,
BRIDGE_ONLY,HBAN,2025-11-24,15.89,5609.2351,2025-12-18,True,2025-12-19,17.55,rollback,,
BRIDGE_ONLY,MRNA,2025-10-31,27.825,3527.8214,2025-12-26,True,2025-12-29,31.0,rollback,,
BRIDGE_ONLY,MRK,2025-12-19,100.6,955.73,2025-12-30,True,2025-12-31,105.935,rollback,,
BRIDGE_ONLY,SMCI,2025-06-17,43.24,1754.9682,2025-12-31,True,,29.27,open,,
BRIDGE_ONLY,CAG,2025-09-04,19.22,4320.1521,2025-12-31,True,,17.31,open,,
BRIDGE_ONLY,HOOD,2025-11-03,148.79,660.849,2025-12-31,True,,113.1,open,,
BRIDGE_ONLY,CVX,2025-11-03,157.41,624.6287,2025-12-31,True,,152.41,open,,
BRIDGE_ONLY,T,2025-11-13,25.65,3706.1644,2025-12-31,True,,24.84,open,,
BRIDGE_ONLY,NKE,2025-11-14,64.935,1409.4866,2025-12-31,True,,63.71,open,,
BRIDGE_ONLY,VICI,2025-12-16,28.61,3412.4451,2025-12-31,False,,28.12,open,,
BRIDGE_ONLY,PCG,2025-12-18,15.7,6221.3179,2025-12-31,False,,16.07,open,,
BRIDGE_ONLY,VZ,2025-12-18,40.78,2395.0419,2025-12-31,True,,40.73,open,,
BRIDGE_ONLY,PG,2025-12-18,146.62,666.1092,2025-12-31,True,,143.31,open,,
BRIDGE_ONLY,NVDA,2025-12-22,183.92,525.8693,2025-12-31,True,,186.5,open,,
BRIDGE_ONLY,TTD,2025-12-29,38.09,2549.1971,2025-12-31,True,,37.96,open,,
BRIDGE_ONLY,MOS,2025-12-29,24.1,4028.7994,2025-12-31,True,,24.09,open,,
BRIDGE_ONLY,OXY,2025-12-31,41.46,2350.9182,2025-12-31,True,,41.12,open,,
ONE_BOOK,AVGO,2016-02-01,13.334,749.5877,2016-02-02,False,2016-02-03,13.725,rollback,,
ONE_BOOK,HAL,2016-02-01,31.0217,634.564,2016-02-05,False,2016-02-08,30.74,rollback,1.0,2016-02-03
ONE_BOOK,DOW,2016-02-03,45.73,211.957,2016-02-11,True,2016-02-12,45.28,rollback,,
ONE_BOOK,TXN,2016-02-01,52.3,191.004,2016-02-18,True,2016-02-19,52.83,rollback,,
ONE_BOOK,CVX,2016-02-09,85.08,106.6857,2016-02-18,True,2016-02-19,86.33,rollback,,
ONE_BOOK,FOXA,2016-02-01,26.84,372.2432,2016-02-23,False,2016-02-24,26.71,rollback,,
ONE_BOOK,XRX,2016-02-01,16.996,587.8152,2016-02-23,False,2016-02-24,16.513,rollback,,
ONE_BOOK,MDLZ,2016-02-01,42.82,233.3374,2016-02-26,False,2016-02-29,40.54,rollback,,
ONE_BOOK,KLAC,2016-02-01,6.6001,2965.0351,2016-03-02,False,2016-03-03,6.836,rollback,1.0,2016-02-19
ONE_BOOK,LRCX,2016-02-01,7.0368,2781.1088,2016-03-08,False,2016-03-09,7.355,rollback,1.0,2016-02-19
ONE_BOOK,JPM,2016-02-01,59.16,168.9318,2016-03-08,False,2016-03-09,59.15,rollback,,
ONE_BOOK,TAP,2016-02-01,87.8085,221.7928,2016-03-08,False,2016-03-09,88.6,rollback,1.0,2016-02-24
ONE_BOOK,AMAT,2016-02-01,17.1735,1130.9673,2016-03-08,False,2016-03-09,19.01,rollback,1.0,2016-02-17
ONE_BOOK,DVN,2016-02-01,23.2694,857.3691,2016-03-08,True,2016-03-09,22.07,rollback,1.0,2016-02-29
ONE_BOOK,AIG,2016-03-14,52.59,197.9117,2016-03-21,False,2016-03-22,53.55,rollback,,
ONE_BOOK,RRC,2016-03-03,28.4,361.9883,2016-03-22,True,2016-03-23,32.18,rollback,,
ONE_BOOK,GILD,2016-02-16,90.3219,218.5051,2016-03-23,True,2016-03-24,89.61,rollback,1.0,2016-03-11
ONE_BOOK,WY,2016-02-24,24.0,395.0754,2016-04-04,True,2016-04-05,30.87,rollback,,
ONE_BOOK,ABBV,2016-03-30,57.43,186.2984,2016-04-07,True,2016-04-08,59.49,rollback,,
ONE_BOOK,V,2016-03-17,72.28,145.8126,2016-04-22,True,2016-04-25,78.69,rollback,,
ONE_BOOK,GME,2016-03-30,7.7951,2743.8748,2016-04-22,False,2016-04-25,8.17,index_drop,1.0,2016-04-05
ONE_BOOK,MRO,2016-04-07,10.88,993.9966,2016-04-25,True,2016-04-26,14.09,rollback,,
ONE_BOOK,WMB,2016-04-11,16.37,660.829,2016-04-25,True,2016-04-26,19.25,rollback,,
ONE_BOOK,PFE,2016-03-14,29.8898,697.3765,2016-04-26,False,2016-04-27,32.98,rollback,1.0,2016-03-16
ONE_BOOK,NEE,2016-04-28,28.95,389.7615,2016-05-13,True,2016-05-16,30.085,rollback,,
ONE_BOOK,WMT,2016-03-22,22.6667,470.2411,2016-05-23,True,2016-05-24,23.2167,rollback,,
ONE_BOOK,MSFT,2016-05-17,51.72,211.9398,2016-06-01,True,2016-06-02,52.64,rollback,,
ONE_BOOK,KR,2016-03-14,38.219,544.1685,2016-06-02,False,2016-06-03,36.2,rollback,1.0,2016-03-15
ONE_BOOK,MU,2016-04-27,11.34,996.1894,2016-06-09,False,2016-06-10,12.32,rollback,,
ONE_BOOK,XRAY,2016-03-30,62.19,172.0306,2016-06-10,True,2016-06-13,64.22,rollback,,
ONE_BOOK,FE,2016-04-28,32.67,345.4155,2016-06-10,False,2016-06-13,33.68,rollback,,
ONE_BOOK,COG,2016-04-28,23.79,474.2762,2016-06-10,True,2016-06-13,24.92,rollback,,
ONE_BOOK,SYY,2016-06-10,48.87,234.3309,2016-07-01,True,2016-07-05,50.75,rollback,,
ONE_BOOK,ATVI,2016-06-15,38.46,291.8912,2016-07-07,True,2016-07-08,40.64,rollback,,
ONE_BOOK,HST,2016-04-28,15.5654,1464.5917,2016-07-13,True,2016-07-14,16.58,rollback,1.0,2016-06-02
ONE_BOOK,M,2016-06-03,33.93,341.2312,2016-07-13,True,2016-07-14,35.53,rollback,,
ONE_BOOK,DAL,2016-03-17,44.69,489.1574,2016-07-21,True,2016-07-22,39.07,rollback,1.0,2016-06-13
ONE_BOOK,SCHW,2016-07-15,27.22,441.7372,2016-07-29,True,2016-08-01,28.55,rollback,,
ONE_BOOK,ORLY,2016-07-26,18.6667,642.7196,2016-08-03,True,2016-08-04,19.15,rollback,,
ONE_BOOK,EBAY,2016-04-28,25.09,449.8147,2016-08-09,False,2016-08-10,31.11,rollback,,
ONE_BOOK,AAPL,2016-07-08,24.1225,476.459,2016-08-11,True,2016-08-12,26.945,rollback,,
ONE_BOOK,AABA,2016-06-03,36.9061,620.482,2016-08-23,True,2016-08-24,42.5,rollback,1.0,2016-06-13
ONE_BOOK,BLL,2016-07-14,71.62,166.3445,2016-08-24,True,2016-08-25,79.76,rollback,,
ONE_BOOK,WFC,2016-08-12,48.05,263.1966,2016-09-06,True,2016-09-07,49.79,rollback,,
ONE_BOOK,NEE,2016-07-22,32.0025,376.2053,2016-09-26,True,2016-09-27,31.7725,rollback,,
ONE_BOOK,PG,2016-03-03,82.54,124.5576,2016-10-03,True,2016-10-04,88.29,rollback,,
ONE_BOOK,FAST,2016-04-28,11.1873,2098.1409,2016-10-07,False,2016-10-10,10.6175,rollback,1.0,2016-08-01
ONE_BOOK,KLAC,2016-10-04,7.036,1780.6627,2016-10-11,True,2016-10-12,7.23,rollback,,
ONE_BOOK,KR,2016-10-12,30.24,411.3224,2016-10-13,True,2016-10-14,31.17,rollback,,
ONE_BOOK,FOXA,2016-07-14,27.0543,892.0058,2016-10-24,True,2016-10-25,25.59,rollback,1.0,2016-08-04
ONE_BOOK,GOOGL,2016-09-07,40.3965,312.0947,2016-10-25,True,2016-10-26,41.356,rollback,,
ONE_BOOK,SBUX,2016-08-24,55.4878,447.7051,2016-11-09,True,2016-11-10,54.64,rollback,1.0,2016-09-27
ONE_BOOK,WMT,2016-08-10,23.7357,1052.6456,2016-11-14,True,2016-11-15,23.5967,rollback,1.0,2016-10-25
ONE_BOOK,FCX,2016-10-26,10.45,1193.1161,2016-11-17,True,2016-11-18,13.79,rollback,,
ONE_BOOK,BMY,2016-10-10,50.79,247.5055,2016-11-22,True,2016-11-23,56.05,rollback,,
ONE_BOOK,C,2016-05-24,43.2915,515.5086,2016-11-28,True,2016-11-29,55.5,rollback,1.0,2016-07-05
ONE_BOOK,ORLY,2016-10-14,18.6733,671.0857,2016-11-30,True,2016-12-01,18.2413,rollback,,
ONE_BOOK,CMCSA,2016-11-10,31.765,415.3355,2016-12-02,True,2016-12-05,34.51,rollback,,
ONE_BOOK,CVS,2016-12-01,76.62,177.1639,2016-12-08,True,2016-12-09,78.88,rollback,,
ONE_BOOK,PHM,2016-08-24,20.0827,1300.4875,2016-12-09,True,2016-12-12,19.51,rollback,1.0,2016-11-17
ONE_BOOK,WFC,2016-10-11,45.8,273.7827,2016-12-12,True,2016-12-13,55.85,rollback,,
ONE_BOOK,EBAY,2016-08-25,31.08,405.6281,2016-12-13,True,2016-12-14,29.85,rollback,,
ONE_BOOK,KO,2016-11-29,41.5098,669.8539,2016-12-13,True,2016-12-14,41.89,rollback,1.0,2016-12-09
ONE_BOOK,NRG,2016-11-29,11.4195,2368.7002,2016-12-14,True,2016-12-15,12.42,rollback,1.0,2016-12-05
ONE_BOOK,XOM,2016-11-16,86.74,154.6965,2016-12-19,True,2016-12-20,90.51,rollback,,
ONE_BOOK,NKE,2016-11-18,51.39,264.5205,2017-01-09,True,2017-01-10,53.55,rollback,,
ONE_BOOK,ABT,2016-12-12,38.9802,731.648,2017-01-12,True,2017-01-13,40.75,rollback,1.0,2016-12-15
ONE_BOOK,V,2016-12-14,79.28,181.5218,2017-01-12,True,2017-01-13,81.02,rollback,,
ONE_BOOK,AMZN,2016-10-25,39.8981,673.453,2017-01-17,True,2017-01-18,40.475,rollback,1.0,2016-12-13
ONE_BOOK,FAST,2017-01-13,12.035,1224.2119,2017-01-26,True,2017-01-27,12.6025,rollback,,
ONE_BOOK,FB,2016-12-14,120.0,119.9314,2017-01-31,True,2017-02-01,132.25,rollback,,
ONE_BOOK,LRCX,2016-12-20,10.819,1307.807,2017-01-31,True,2017-02-01,11.591,rollback,,
ONE_BOOK,EBAY,2017-01-27,31.95,453.032,2017-01-31,True,2017-02-01,31.9,rollback,,
ONE_BOOK,PG,2017-01-18,84.8,172.5574,2017-02-06,True,2017-02-07,87.64,rollback,,
ONE_BOOK,MO,2017-01-18,68.56,213.4209,2017-02-06,True,2017-02-07,71.53,rollback,,
ONE_BOOK,KLAC,2016-12-16,7.962,1790.066,2017-02-09,True,2017-02-10,8.696,rollback,,
ONE_BOOK,RF,2017-01-17,14.51,1022.4699,2017-02-17,True,2017-02-21,15.495,rollback,,
ONE_BOOK,BAC,2017-02-10,23.19,627.1124,2017-02-23,True,2017-02-24,24.12,rollback,,
ONE_BOOK,JPM,2017-01-17,84.93,174.6942,2017-02-24,True,2017-02-27,90.32,rollback,,
ONE_BOOK,EXC,2017-02-01,35.5498,810.5434,2017-02-27,True,2017-02-28,36.47,rollback,1.0,2017-02-02
ONE_BOOK,BMY,2016-12-12,54.0091,535.3531,2017-03-02,True,2017-03-03,56.74,rollback,1.0,2017-02-07
ONE_BOOK,HBI,2017-02-27,21.01,721.4883,2017-03-30,True,2017-03-31,20.75,rollback,,
ONE_BOOK,EW,2017-02-02,30.72,468.1821,2017-05-11,True,2017-05-12,36.6967,rollback,,
ONE_BOOK,QCOM,2016-11-23,67.0798,423.7378,2017-05-25,True,2017-05-26,57.66,rollback,1.0,2017-01-10
ONE_BOOK,F,2017-02-28,12.63,1194.2553,2017-06-02,True,2017-06-05,11.36,rollback,,
ONE_BOOK,WMB,2017-02-07,28.93,503.3231,2017-07-05,True,2017-07-06,30.5,rollback,,
ONE_BOOK,GILD,2017-02-28,68.0622,414.4153,2017-07-06,True,2017-07-07,69.69,rollback,1.0,2017-06-05
ONE_BOOK,ORCL,2017-05-26,45.21,292.7903,2017-07-17,True,2017-07-18,50.34,rollback,,
ONE_BOOK,M,2017-07-18,23.0,573.7289,2017-07-18,True,2017-07-19,22.83,forced_deleverage,,
ONE_BOOK,RIG,2017-02-24,12.4221,2330.7519,2017-07-20,True,2017-07-21,8.74,rollback,1.0,2017-05-12
ONE_BOOK,F,2017-07-10,11.24,1136.1216,2017-07-20,True,2017-07-21,11.59,rollback,,
ONE_BOOK,AVGO,2017-07-10,24.051,530.9819,2017-07-27,True,2017-07-28,24.892,rollback,,
ONE_BOOK,KMI,2016-11-10,21.3377,1292.7798,2017-08-01,True,2017-08-02,20.2,rollback,1.0,2016-12-14
ONE_BOOK,TSCO,2017-03-03,14.479,2088.8073,2017-08-03,True,2017-08-04,11.14,rollback,1.0,2017-03-06
ONE_BOOK,T,2017-02-21,41.5764,713.5476,2017-08-08,True,2017-08-09,38.2,rollback,1.0,2017-03-31
ONE_BOOK,CF,2017-08-04,30.86,451.3312,2017-08-08,True,2017-08-09,31.24,rollback,,
ONE_BOOK,HBI,2017-08-03,23.76,581.6785,2017-08-09,True,2017-08-10,24.11,rollback,,
ONE_BOOK,INTC,2017-05-26,35.1611,750.3993,2017-08-10,True,2017-08-11,36.26,rollback,1.0,2017-07-06
ONE_BOOK,VZ,2017-07-21,44.23,302.6135,2017-08-15,True,2017-08-16,48.37,rollback,,
ONE_BOOK,BMY,2017-08-04,55.56,250.6729,2017-09-01,True,2017-09-05,59.54,rollback,,
ONE_BOOK,MSFT,2017-08-15,73.59,187.3738,2017-09-01,False,2017-09-05,73.34,rollback,,
ONE_BOOK,CSCO,2017-07-18,31.41,420.1345,2017-09-05,True,2017-09-06,31.75,rollback,,
ONE_BOOK,SPLS,2017-08-15,10.2,1351.7116,2017-09-12,True,2017-09-12,10.25,delisted,,
ONE_BOOK,FAST,2017-08-15,10.7436,2558.8317,2017-09-19,True,2017-09-20,11.1075,rollback,1.0,2017-08-16
ONE_BOOK,PFE,2017-07-20,33.47,802.4672,2017-09-25,True,2017-09-26,35.51,rollback,1.0,2017-07-21
ONE_BOOK,BAC,2017-09-05,23.83,581.4623,2017-09-25,True,2017-09-26,24.83,rollback,,
ONE_BOOK,HPE,2017-09-26,14.74,958.3078,2017-10-03,True,2017-10-04,14.7,rollback,,
ONE_BOOK,WFC,2017-09-13,51.39,271.3447,2017-10-09,True,2017-10-10,55.37,rollback,,
ONE_BOOK,MO,2017-09-26,64.15,220.1832,2017-10-13,True,2017-10-16,65.05,rollback,,
ONE_BOOK,WMT,2017-09-06,26.6267,516.7734,2017-10-30,True,2017-10-31,28.9533,rollback,,
ONE_BOOK,NRG,2017-09-20,24.299,1169.6572,2017-11-09,True,2017-11-10,27.75,rollback,1.0,2017-09-21
ONE_BOOK,SBUX,2017-07-28,55.4153,503.4429,2017-11-13,True,2017-11-14,56.47,rollback,1.0,2017-08-07
ONE_BOOK,JNPR,2017-11-10,25.1,560.9804,2017-11-15,True,2017-11-16,26.13,rollback,,
ONE_BOOK,CVS,2017-11-14,70.6198,402.5925,2017-12-04,True,2017-12-05,71.92,rollback,1.0,2017-11-16
ONE_BOOK,F,2017-11-01,12.4,1117.0954,2017-12-05,True,2017-12-06,12.4,rollback,,
ONE_BOOK,T,2017-11-14,34.19,414.8042,2017-12-06,True,2017-12-07,36.13,rollback,,
ONE_BOOK,CMCSA,2017-11-10,36.5,385.7894,2017-12-07,True,2017-12-08,38.5,rollback,,
ONE_BOOK,TJX,2017-09-26,37.0,381.731,2017-12-08,True,2017-12-11,36.87,rollback,,
ONE_BOOK,CMG,2017-09-05,6.2284,4542.0359,2017-12-14,True,2017-12-15,6.256,rollback,1.0,2017-10-10
ONE_BOOK,TPR,2017-08-15,43.16,319.418,2017-12-20,True,2017-12-21,43.65,rollback,,
ONE_BOOK,GOOGL,2017-12-08,52.5905,292.3627,2017-12-20,True,2017-12-21,53.7695,rollback,,
ONE_BOOK,GOOG,2017-12-08,51.8745,296.3833,2017-12-21,True,2017-12-22,53.0555,rollback,,
ONE_BOOK,INTC,2017-12-18,45.15,343.2558,2017-12-26,True,2017-12-27,46.11,rollback,,
ONE_BOOK,MU,2017-12-21,45.55,349.7648,2018-01-08,True,2018-01-09,45.27,rollback,,
ONE_BOOK,FCX,2017-12-05,13.92,1118.7202,2018-01-09,True,2018-01-10,19.07,rollback,,
ONE_BOOK,CSX,2017-08-15,17.2864,1650.0429,2018-01-10,False,2018-01-11,19.54,rollback,1.0,2017-10-16
ONE_BOOK,GLW,2017-12-11,32.4,475.6424,2018-01-10,True,2018-01-11,33.44,rollback,,
ONE_BOOK,AMAT,2017-12-21,53.18,299.5674,2018-01-10,True,2018-01-11,53.47,rollback,,
ONE_BOOK,TJX,2018-01-11,38.075,435.3239,2018-01-16,False,2018-01-17,38.36,rollback,,
ONE_BOOK,AES,2017-08-09,11.3062,2492.005,2018-01-24,True,2018-01-25,11.15,rollback,1.0,2017-10-04
ONE_BOOK,COP,2017-12-06,51.07,301.7866,2018-01-25,True,2018-01-26,59.7,rollback,,
ONE_BOOK,PM,2018-01-18,105.46,162.7859,2018-01-25,True,2018-01-26,107.36,rollback,,
ONE_BOOK,C,2017-12-22,75.89,208.2749,2018-01-30,True,2018-01-31,78.78,rollback,,
ONE_BOOK,MGM,2017-12-28,33.73,469.7053,2018-01-31,True,2018-02-01,36.49,rollback,,
ONE_BOOK,KO,2017-12-05,46.25,336.7214,2018-02-01,True,2018-02-02,47.35,rollback,,
ONE_BOOK,T,2018-01-29,37.13,481.2646,2018-02-02,True,2018-02-05,37.81,rollback,,
ONE_BOOK,NEE,2018-01-26,38.715,456.1968,2018-02-05,False,2018-02-06,37.9575,rollback,,
ONE_BOOK,EBAY,2018-01-19,38.75,443.0163,2018-02-08,True,2018-02-09,41.5,rollback,,
ONE_BOOK,NFLX,2017-12-18,19.12,810.6053,2018-02-20,True,2018-02-21,28.207,rollback,,
ONE_BOOK,MU,2018-01-18,43.0528,811.1596,2018-02-21,True,2018-02-22,44.78,rollback,1.0,2018-01-30
ONE_BOOK,BMY,2018-01-11,61.99,267.3678,2018-02-22,False,2018-02-23,66.17,rollback,,
ONE_BOOK,GOOGL,2018-02-22,55.9585,312.2037,2018-02-27,True,2018-02-28,56.1,rollback,,
ONE_BOOK,PFE,2018-01-17,36.38,944.8577,2018-02-28,False,2018-03-01,36.12,rollback,1.0,2018-02-21
ONE_BOOK,NEE,2018-03-02,38.3,456.82,2018-03-06,True,2018-03-07,38.185,rollback,,
ONE_BOOK,PCG,2018-03-01,41.09,433.0286,2018-03-07,True,2018-03-08,41.14,rollback,,
ONE_BOOK,M,2018-01-11,24.7865,1338.8084,2018-03-08,False,2018-03-09,29.31,rollback,1.0,2018-02-13
ONE_BOOK,KO,2018-03-09,44.57,407.3626,2018-03-12,True,2018-03-13,44.67,rollback,,
ONE_BOOK,SCHW,2018-02-02,53.7021,651.8213,2018-03-14,True,2018-03-15,56.32,rollback,1.0,2018-02-22
ONE_BOOK,EXC,2018-02-01,37.9395,929.0624,2018-03-19,True,2018-03-20,38.29,rollback,1.0,2018-02-23
ONE_BOOK,MRO,2018-03-21,15.38,1154.8462,2018-03-22,True,2018-03-23,15.88,rollback,,
ONE_BOOK,DHI,2018-03-13,44.6,414.847,2018-04-06,True,2018-04-09,45.52,rollback,,
ONE_BOOK,SO,2018-03-15,44.0,413.7155,2018-04-18,True,2018-04-19,45.35,rollback,,
ONE_BOOK,HST,2018-03-15,18.96,960.1473,2018-04-24,True,2018-04-25,19.27,rollback,,
ONE_BOOK,HAL,2018-03-26,47.01,368.9448,2018-04-24,True,2018-04-25,51.0,rollback,,
ONE_BOOK,VZ,2018-03-09,49.2,369.0459,2018-04-26,True,2018-04-27,50.25,rollback,,
ONE_BOOK,KIM,2018-03-01,14.6024,2414.8505,2018-04-30,True,2018-05-01,14.52,rollback,1.0,2018-04-10
ONE_BOOK,ABBV,2018-04-27,97.44,184.7677,2018-04-30,True,2018-05-01,102.1,rollback,,
ONE_BOOK,NVDA,2018-03-21,6.233,2849.7388,2018-05-15,True,2018-05-16,6.1,rollback,,
ONE_BOOK,ORLY,2018-03-07,16.6213,1084.8643,2018-05-18,True,2018-05-21,18.2567,rollback,,
ONE_BOOK,MU,2018-04-19,52.9,339.9237,2018-05-31,True,2018-06-01,58.81,rollback,,
ONE_BOOK,KO,2018-05-24,42.4,428.9817,2018-05-31,True,2018-06-01,43.1,rollback,,
ONE_BOOK,F,2018-04-27,11.3251,3152.7139,2018-06-11,True,2018-06-12,12.07,rollback,1.0,2018-05-01
ONE_BOOK,HBAN,2018-06-04,15.22,1177.2741,2018-06-11,True,2018-06-12,15.67,rollback,,
ONE_BOOK,MDLZ,2018-03-09,44.44,408.5338,2018-06-18,True,2018-06-19,40.01,rollback,,
ONE_BOOK,CMCSA,2018-04-26,33.1717,1081.3494,2018-06-18,True,2018-06-19,32.17,rollback,1.0,2018-05-16
ONE_BOOK,NEE,2018-06-19,40.16,460.2299,2018-06-20,True,2018-06-21,40.6625,rollback,,
ONE_BOOK,CELG,2018-01-29,100.2247,354.1073,2018-07-11,True,2018-07-12,83.88,rollback,1.0,2018-02-16
ONE_BOOK,FOXA,2018-05-01,36.43,485.8221,2018-07-11,True,2018-07-12,47.97,rollback,,
ONE_BOOK,MGM,2018-06-13,31.47,593.1382,2018-07-19,True,2018-07-20,30.71,rollback,,
ONE_BOOK,PM,2018-06-12,80.26,230.4599,2018-07-31,True,2018-08-01,86.03,rollback,,
ONE_BOOK,HST,2018-07-20,21.4,894.4596,2018-08-03,True,2018-08-06,21.56,rollback,,
ONE_BOOK,WMB,2018-06-19,26.87,687.8956,2018-08-13,True,2018-08-14,30.76,rollback,,
ONE_BOOK,TJX,2018-07-12,47.515,406.5285,2018-08-13,True,2018-08-14,49.8,rollback,,
ONE_BOOK,CMG,2018-07-12,9.1978,2100.1942,2018-08-16,True,2018-08-17,10.1008,rollback,,
ONE_BOOK,WMT,2018-06-22,28.1533,673.515,2018-08-24,True,2018-08-27,31.7533,rollback,,
ONE_BOOK,GGP,2018-05-01,20.02,884.085,2018-08-27,True,2018-08-27,22.06,delisted,,
ONE_BOOK,MRO,2018-06-12,21.48,861.1563,2018-08-30,True,2018-08-31,21.51,rollback,,
ONE_BOOK,NLSN,2018-08-15,25.4,736.2064,2018-08-30,True,2018-08-31,25.93,rollback,,
ONE_BOOK,NFLX,2018-08-27,36.7145,531.7517,2018-08-31,True,2018-09-04,36.647,rollback,,
ONE_BOOK,NVDA,2018-07-13,6.2995,3065.5952,2018-09-06,True,2018-09-07,6.725,rollback,,
ONE_BOOK,CSCO,2018-06-07,44.24,412.974,2018-09-07,True,2018-09-10,47.3,rollback,,
ONE_BOOK,V,2018-08-14,140.3,133.4172,2018-09-17,True,2018-09-18,146.2,rollback,,
ONE_BOOK,KHC,2018-09-13,58.5427,653.0615,2018-09-24,True,2018-09-25,56.65,forced_deleverage,1.0,2018-09-18
ONE_BOOK,INTC,2018-09-04,48.38,407.4095,2018-10-04,True,2018-10-05,48.23,rollback,,
ONE_BOOK,GE,2018-08-01,66.4382,581.4895,2018-10-11,True,2018-10-12,62.4512,rollback,1.0,2018-08-06
ONE_BOOK,SBUX,2018-10-15,56.37,313.2867,2018-10-19,True,2018-10-22,58.93,rollback,,
ONE_BOOK,SO,2018-09-07,44.4247,835.7814,2018-10-23,True,2018-10-24,44.92,rollback,1.0,2018-10-12
ONE_BOOK,MO,2018-10-24,62.03,282.5755,2018-10-24,True,2018-10-25,61.5,forced_deleverage,,
ONE_BOOK,KR,2018-10-24,28.0538,1242.1162,2018-11-01,True,2018-11-02,29.25,rollback,1.0,2018-10-26
ONE_BOOK,F,2018-08-28,9.8561,4004.1399,2018-11-09,True,2018-11-12,9.38,rollback,1.0,2018-08-31
ONE_BOOK,BAC,2018-10-05,29.2579,1280.7767,2018-11-09,True,2018-11-12,28.38,rollback,1.0,2018-11-02
ONE_BOOK,FITB,2018-08-17,29.7045,1282.772,2018-11-12,True,2018-11-13,27.59,rollback,1.0,2018-09-10
ONE_BOOK,FOXA,2018-09-25,45.0,417.1248,2018-11-12,True,2018-11-13,48.19,rollback,,
ONE_BOOK,PBCT,2018-11-16,15.96,1179.0869,2018-11-19,False,2018-11-20,15.99,rollback,,
ONE_BOOK,NWL,2018-02-08,28.1761,1193.7672,2018-12-04,True,2018-12-06,23.28,rollback,1.0,2018-02-13
ONE_BOOK,PFE,2018-10-22,44.124,797.7153,2018-12-04,True,2018-12-06,44.58,rollback,1.0,2018-10-24
ONE_BOOK,LRCX,2018-11-02,14.6298,2546.041,2018-12-04,True,2018-12-06,14.5,rollback,1.0,2018-11-20
ONE_BOOK,KLAC,2018-11-21,9.562,1971.3409,2018-12-04,False,2018-12-06,9.421,rollback,,
ONE_BOOK,BAX,2018-11-23,64.96,285.7944,2018-12-04,True,2018-12-06,66.35,rollback,,
ONE_BOOK,AVGO,2018-12-11,24.346,773.4065,2018-12-18,True,2018-12-19,24.9,rollback,,
ONE_BOOK,GE,2018-12-20,38.128,450.4867,2018-12-24,True,2018-12-26,34.8392,forced_deleverage,,
ONE_BOOK,FB,2018-12-07,139.25,137.4873,2019-01-11,False,2019-01-14,142.0,rollback,,
ONE_BOOK,TXN,2018-11-21,97.75,192.8288,2019-01-14,True,2019-01-15,96.99,rollback,,
ONE_BOOK,GILD,2018-12-07,69.78,274.309,2019-01-14,True,2019-01-15,67.19,rollback,,
ONE_BOOK,F,2018-11-27,9.37,2024.6986,2019-01-16,True,2019-01-17,8.27,rollback,,
ONE_BOOK,ANET,2018-12-07,14.8863,1286.0248,2019-01-16,False,2019-01-17,13.7369,rollback,,
ONE_BOOK,HPQ,2018-12-07,23.9,800.9705,2019-01-22,False,2019-01-23,21.41,rollback,,
ONE_BOOK,GE,2018-12-27,35.7856,462.9871,2019-01-22,True,2019-01-23,43.3128,rollback,,
ONE_BOOK,ABT,2019-01-14,68.41,269.9613,2019-01-23,True,2019-01-24,70.0,rollback,,
ONE_BOOK,CMG,2018-12-11,9.54,1973.6282,2019-01-29,True,2019-01-30,10.6988,rollback,,
ONE_BOOK,WMB,2018-11-20,25.11,743.0775,2019-02-05,False,2019-02-06,27.15,rollback,,
ONE_BOOK,KMI,2018-11-23,16.9,1098.5877,2019-02-06,True,2019-02-07,18.02,rollback,,
ONE_BOOK,ORLY,2019-01-15,22.75,820.4808,2019-02-06,True,2019-02-07,24.1067,rollback,,
ONE_BOOK,CMCSA,2019-01-30,36.03,521.0901,2019-02-08,True,2019-02-11,37.7,rollback,,
ONE_BOOK,WDC,2019-01-25,45.5,417.14,2019-02-15,True,2019-02-19,48.42,rollback,,
ONE_BOOK,WMT,2019-02-08,31.9974,1202.7691,2019-02-20,True,2019-02-21,33.22,rollback,1.0,2019-02-11
ONE_BOOK,KEY,2019-02-08,17.01,1126.9703,2019-02-21,True,2019-02-22,17.71,rollback,,
ONE_BOOK,MDT,2019-01-18,88.52,216.5554,2019-02-25,True,2019-02-26,92.25,rollback,,
ONE_BOOK,BMY,2018-12-07,51.1407,738.9425,2019-03-06,False,2019-03-07,52.7,rollback,1.0,2019-01-17
ONE_BOOK,WFC,2019-02-26,49.49,394.9974,2019-03-19,True,2019-03-20,51.19,rollback,,
ONE_BOOK,NVDA,2019-03-12,4.0565,4697.9983,2019-03-20,True,2019-03-21,4.3833,rollback,,
ONE_BOOK,AMZN,2019-02-06,81.7193,485.6637,2019-03-22,True,2019-03-25,87.8895,rollback,1.0,2019-02-19
ONE_BOOK,AMD,2019-03-20,26.49,743.0092,2019-03-22,True,2019-03-25,26.29,rollback,,
ONE_BOOK,DHI,2019-03-08,40.34,456.2523,2019-03-26,True,2019-03-27,42.14,rollback,,
ONE_BOOK,CSX,2019-03-27,24.3067,802.5656,2019-04-02,True,2019-04-03,25.44,rollback,,
ONE_BOOK,FCX,2019-03-21,12.71,1538.2034,2019-04-05,True,2019-04-08,13.45,rollback,,
ONE_BOOK,WY,2019-02-21,25.815,1528.2087,2019-04-08,True,2019-04-09,26.96,rollback,1.0,2019-02-22
ONE_BOOK,FTNT,2019-04-09,17.094,1151.0987,2019-04-11,True,2019-04-12,18.06,rollback,,
ONE_BOOK,F,2019-03-27,8.75,2229.7881,2019-04-15,False,2019-04-16,9.32,rollback,,
ONE_BOOK,BKNG,2018-06-01,80.3105,466.2139,2019-04-16,True,2019-04-17,73.9452,rollback,1.0,2018-08-27
ONE_BOOK,KEY,2019-04-03,16.65,1165.7575,2019-04-18,True,2019-04-22,16.7,rollback,,
ONE_BOOK,WMT,2019-04-08,32.8167,600.0163,2019-04-26,True,2019-04-29,33.96,rollback,,
ONE_BOOK,NEE,2019-04-16,47.765,416.608,2019-05-01,True,2019-05-02,48.21,rollback,,
ONE_BOOK,FB,2019-03-27,167.85,116.2328,2019-05-02,True,2019-05-03,194.38,rollback,,
ONE_BOOK,JNJ,2019-04-17,139.0,141.1429,2019-05-02,True,2019-05-03,141.29,rollback,,
ONE_BOOK,CVS,2019-01-24,65.5352,576.2254,2019-05-03,True,2019-05-06,55.97,rollback,1.0,2019-01-25
ONE_BOOK,USB,2019-04-09,49.59,396.7715,2019-05-07,True,2019-05-08,52.42,rollback,,
ONE_BOOK,CNC,2019-04-09,55.8363,709.9603,2019-05-09,True,2019-05-10,54.99,rollback,1.0,2019-04-12
ONE_BOOK,PFE,2019-05-03,41.22,482.0187,2019-05-17,True,2019-05-20,41.4,rollback,,
ONE_BOOK,COTY,2019-05-06,11.26,1729.6813,2019-05-22,True,2019-05-23,13.03,rollback,,
ONE_BOOK,DWDP,2019-02-21,56.28,352.402,2019-05-31,True,2019-05-31,30.52,delisted,,
ONE_BOOK,AMD,2019-05-03,27.4845,1432.0637,2019-06-12,True,2019-06-13,32.39,rollback,1.0,2019-05-09
ONE_BOOK,AMAT,2019-05-20,41.8,474.5537,2019-06-12,True,2019-06-13,41.61,rollback,,
ONE_BOOK,CMG,2019-05-03,14.1514,1404.0874,2019-06-13,True,2019-06-14,14.6776,rollback,,
ONE_BOOK,NI,2019-05-13,28.02,684.8471,2019-06-18,True,2019-06-19,28.89,rollback,,
ONE_BOOK,BA,2019-04-22,375.5938,104.0533,2019-06-19,True,2019-06-20,373.0,rollback,1.0,2019-05-02
ONE_BOOK,CVX,2019-05-10,121.17,160.236,2019-06-19,True,2019-06-20,124.31,rollback,,
ONE_BOOK,CTL,2019-03-27,11.2605,3445.3505,2019-06-21,True,2019-06-24,11.38,rollback,1.0,2019-06-03
ONE_BOOK,WMT,2019-05-23,33.94,572.6528,2019-06-26,True,2019-06-27,36.6867,rollback,,
ONE_BOOK,SLB,2019-06-14,36.67,569.6878,2019-07-01,True,2019-07-02,39.44,rollback,,
ONE_BOOK,NVDA,2019-06-14,3.6128,5782.9219,2019-07-02,True,2019-07-03,4.0793,rollback,,
ONE_BOOK,MYL,2019-06-20,18.4,1170.1247,2019-07-05,True,2019-07-08,19.41,rollback,,
ONE_BOOK,JCI,2019-06-13,39.82,522.1281,2019-07-08,True,2019-07-09,41.66,rollback,,
ONE_BOOK,ANET,2019-06-27,16.0494,1338.9019,2019-07-08,True,2019-07-09,16.6244,rollback,,
ONE_BOOK,WDC,2019-06-20,39.91,539.4442,2019-07-17,True,2019-07-18,51.36,rollback,,
ONE_BOOK,ORLY,2019-07-03,25.5333,877.7696,2019-07-19,True,2019-07-22,26.5413,rollback,,
ONE_BOOK,TWTR,2019-07-08,36.04,620.8687,2019-07-30,True,2019-07-31,41.08,rollback,,
ONE_BOOK,EW,2019-07-10,63.01,360.8517,2019-08-05,True,2019-08-06,70.4867,rollback,,
ONE_BOOK,APC,2019-06-27,70.69,303.968,2019-08-08,True,2019-08-08,72.77,delisted,,
ONE_BOOK,NEE,2019-08-07,52.8475,394.8373,2019-08-14,True,2019-08-15,53.6575,rollback,,
ONE_BOOK,CVS,2019-08-08,58.72,363.7328,2019-08-14,True,2019-08-15,58.8,rollback,,
ONE_BOOK,AAPL,2019-08-19,52.655,404.044,2019-08-23,True,2019-08-26,51.465,forced_deleverage,,
ONE_BOOK,F,2019-06-14,9.7654,4351.2363,2019-09-10,True,2019-09-11,9.29,rollback,1.0,2019-08-09
ONE_BOOK,VZ,2019-06-20,57.5547,755.4849,2019-09-16,True,2019-09-17,59.32,rollback,1.0,2019-07-18
ONE_BOOK,MSFT,2019-09-18,137.36,159.9753,2019-09-18,True,2019-09-19,140.3,forced_deleverage,,
ONE_BOOK,CSX,2019-07-02,26.1667,851.9942,2019-09-19,True,2019-09-20,23.5733,rollback,,
ONE_BOOK,CTL,2019-08-29,11.28,1872.1708,2019-09-20,True,2019-09-23,12.46,rollback,,
ONE_BOOK,FCX,2019-07-22,11.56,1884.2875,2019-09-23,True,2019-09-24,10.31,rollback,,
ONE_BOOK,ABBV,2019-01-22,84.3622,460.8884,2019-09-25,True,2019-09-26,72.95,rollback,1.0,2019-04-29
ONE_BOOK,NFLX,2019-06-19,32.2506,1346.5416,2019-10-18,True,2019-10-21,27.289,rollback,1.0,2019-09-19
ONE_BOOK,ALXN,2019-09-11,109.87,198.4327,2019-10-25,True,2019-10-28,105.0,rollback,,
ONE_BOOK,AMD,2019-06-28,30.8589,1382.0153,2019-10-29,True,2019-10-30,32.93,rollback,1.0,2019-08-15
ONE_BOOK,CTL,2019-10-21,12.5,1744.3424,2019-10-30,True,2019-10-31,12.86,rollback,,
ONE_BOOK,FTNT,2019-09-17,15.98,1382.114,2019-10-31,True,2019-11-01,17.732,rollback,,
ONE_BOOK,MSFT,2019-09-26,139.44,153.2571,2019-10-31,True,2019-11-01,144.26,rollback,,
ONE_BOOK,MRK,2019-09-23,84.729,511.1428,2019-11-01,True,2019-11-04,85.59,rollback,1.0,2019-09-24
ONE_BOOK,XOM,2019-11-04,70.07,321.9473,2019-11-06,False,2019-11-07,72.03,rollback,,
ONE_BOOK,MRO,2019-11-04,12.32,1830.9835,2019-11-06,False,2019-11-07,12.61,rollback,,
ONE_BOOK,HST,2019-11-04,16.85,1338.6031,2019-11-07,True,2019-11-08,16.9,rollback,,
ONE_BOOK,JNJ,2019-07-09,136.3925,325.8975,2019-11-18,True,2019-11-19,135.0,rollback,1.0,2019-07-31
ONE_BOOK,HPQ,2019-10-28,17.46,1268.6292,2019-11-20,True,2019-11-21,19.81,rollback,,
ONE_BOOK,DIS,2019-11-04,134.12,168.1653,2019-12-03,True,2019-12-04,149.3,rollback,,
ONE_BOOK,CMG,2019-09-18,16.5,1331.8364,2019-12-04,True,2019-12-05,16.18,rollback,,
ONE_BOOK,KO,2019-10-21,53.7722,836.7022,2019-12-05,True,2019-12-06,54.31,rollback,1.0,2019-11-19
ONE_BOOK,F,2019-11-04,8.915,5065.2014,2019-12-17,False,2019-12-18,9.39,rollback,1.0,2019-11-08
ONE_BOOK,ATVI,2019-10-31,54.9093,827.191,2019-12-24,True,2019-12-26,58.81,rollback,1.0,2019-11-21
ONE_BOOK,HAL,2019-12-05,21.6,1068.3152,2019-12-26,True,2019-12-27,24.55,rollback,,
ONE_BOOK,NVDA,2019-11-19,5.2758,4394.5566,2019-12-27,True,2019-12-30,5.8998,rollback,,
ONE_BOOK,NFLX,2019-12-18,31.626,776.4595,2019-12-27,True,2019-12-30,32.908,rollback,,
ONE_BOOK,KMI,2019-11-04,20.4387,2225.2807,2020-01-02,True,2020-01-03,21.07,rollback,1.0,2019-11-07
ONE_BOOK,EXC,2019-12-06,44.84,519.8635,2020-01-27,True,2020-01-28,47.26,rollback,,
ONE_BOOK,GOOG,2020-01-03,67.393,363.7394,2020-01-27,True,2020-01-28,72.15,rollback,,
ONE_BOOK,GOOGL,2020-01-03,67.4,363.6834,2020-01-27,True,2020-01-28,72.087,rollback,,
ONE_BOOK,TSCO,2019-12-06,19.1037,2522.3383,2020-02-07,True,2020-02-10,19.234,rollback,1.0,2020-01-02
ONE_BOOK,PEP,2019-12-30,136.7,181.7063,2020-02-18,True,2020-02-19,145.62,rollback,,
ONE_BOOK,WMT,2019-11-07,40.0,573.1027,2020-02-19,True,2020-02-20,39.07,rollback,,
ONE_BOOK,EBAY,2020-01-29,35.055,709.3846,2020-02-24,True,2020-02-25,37.31,rollback,,
ONE_BOOK,NFLX,2020-03-03,38.103,595.5792,2020-03-09,True,2020-03-10,35.6425,forced_deleverage,,
ONE_BOOK,PM,2019-09-26,78.6544,565.9417,2020-04-07,True,2020-04-08,75.17,rollback,1.0,2019-12-04
ONE_BOOK,CVS,2019-12-26,73.0982,682.4483,2020-04-13,True,2020-04-14,59.88,rollback,1.0,2020-02-10
ONE_BOOK,HBI,2020-01-02,14.77,1684.0164,2020-04-13,True,2020-04-14,9.49,rollback,,
ONE_BOOK,F,2020-04-09,5.51,3442.2816,2020-04-13,True,2020-04-14,5.27,rollback,,
ONE_BOOK,USB,2019-12-27,57.2578,870.3481,2020-04-14,True,2020-04-15,35.13,rollback,1.0,2020-02-10
ONE_BOOK,C,2020-04-09,46.94,404.0482,2020-04-14,True,2020-04-15,43.37,rollback,,
ONE_BOOK,AVGO,2020-01-29,32.082,775.1999,2020-04-20,True,2020-04-21,25.456,rollback,,
ONE_BOOK,VZ,2020-01-29,60.85,408.6889,2020-04-21,True,2020-04-22,57.41,rollback,,
ONE_BOOK,AAPL,2020-02-20,80.6575,308.0559,2020-04-21,True,2020-04-22,68.4025,rollback,,
ONE_BOOK,GILD,2020-04-17,85.17,219.5764,2020-04-28,False,2020-04-29,83.97,rollback,,
ONE_BOOK,TWTR,2020-04-23,28.43,637.827,2020-04-28,False,2020-04-29,30.06,rollback,,
ONE_BOOK,CCL,2020-04-15,11.88,1548.271,2020-04-30,False,2020-05-01,14.9,rollback,,
ONE_BOOK,ORLY,2019-12-18,29.5793,830.1441,2020-05-01,True,2020-05-04,24.9827,rollback,,
ONE_BOOK,HBAN,2020-04-23,7.9836,4552.797,2020-05-01,False,2020-05-04,8.34,rollback,1.0,2020-04-24
ONE_BOOK,SYF,2020-04-23,16.06,1128.9355,2020-05-01,False,2020-05-04,17.95,rollback,,
ONE_BOOK,BEN,2020-02-19,21.4111,2059.5731,2020-05-05,True,2020-05-06,18.12,rollback,1.0,2020-04-09
ONE_BOOK,LRCX,2020-05-11,26.247,781.0118,2020-05-12,True,2020-05-13,25.596,forced_deleverage,,
ONE_BOOK,CSCO,2020-05-11,42.78,479.1297,2020-05-19,True,2020-05-20,45.05,rollback,,
ONE_BOOK,AMAT,2020-05-08,52.41,387.3554,2020-05-21,False,2020-05-22,55.02,rollback,,
ONE_BOOK,FTNT,2020-04-30,21.6,1029.6309,2020-05-26,True,2020-05-27,27.45,rollback,,
ONE_BOOK,AAL,2020-04-15,10.7135,3505.0286,2020-05-28,False,2020-05-29,10.48,rollback,1.0,2020-05-04
ONE_BOOK,BAC,2020-05-11,22.8894,1821.9948,2020-05-28,False,2020-05-29,24.42,rollback,1.0,2020-05-20
ONE_BOOK,C,2020-05-11,45.21,453.3995,2020-05-28,True,2020-05-29,48.02,rollback,,
ONE_BOOK,F,2020-05-11,5.18,3957.7732,2020-05-29,False,2020-06-01,5.73,rollback,,
ONE_BOOK,VZ,2020-05-29,55.33,389.3924,2020-06-01,False,2020-06-02,55.82,rollback,,
ONE_BOOK,PG,2020-05-29,116.13,185.507,2020-06-04,True,2020-06-05,116.25,rollback,,
ONE_BOOK,NCLH,2020-04-24,11.37,1601.9641,2020-06-09,True,2020-06-10,22.71,rollback,,
ONE_BOOK,HPQ,2020-04-29,15.9,1353.929,2020-06-09,True,2020-06-10,17.36,rollback,,
ONE_BOOK,MRK,2020-05-29,79.46,271.1302,2020-06-09,True,2020-06-10,82.44,rollback,,
ONE_BOOK,SLB,2020-04-23,15.85,1144.0073,2020-06-10,False,2020-06-11,19.12,rollback,,
ONE_BOOK,OXY,2020-04-24,14.1692,2799.6941,2020-06-10,True,2020-06-11,17.84,rollback,1.0,2020-05-22
ONE_BOOK,WFC,2020-05-27,27.8,863.1657,2020-06-10,True,2020-06-11,27.2,rollback,,
ONE_BOOK,COTY,2020-06-02,4.5,4901.3066,2020-06-11,True,2020-06-12,4.95,rollback,,
ONE_BOOK,CRM,2020-06-11,176.2707,273.7051,2020-06-23,False,2020-06-24,187.51,rollback,1.0,2020-06-12
ONE_BOOK,NFLX,2020-06-10,43.2676,1179.1526,2020-06-24,True,2020-06-25,45.886,rollback,1.0,2020-06-12
ONE_BOOK,KR,2020-06-05,33.05,784.7906,2020-06-30,True,2020-07-01,33.86,rollback,,
ONE_BOOK,GOOGL,2020-06-26,71.6315,337.943,2020-07-13,True,2020-07-14,74.6395,rollback,,
ONE_BOOK,PFE,2020-05-29,38.27,563.0039,2020-07-14,False,2020-07-15,35.99,rollback,,
ONE_BOOK,F,2020-07-15,6.54,3879.1788,2020-07-17,True,2020-07-20,6.8,rollback,,
ONE_BOOK,WMT,2020-05-18,41.2388,1091.7901,2020-07-27,True,2020-07-28,43.8333,rollback,1.0,2020-06-24
ONE_BOOK,AMD,2020-06-10,54.9493,920.2998,2020-08-17,True,2020-08-18,82.8,rollback,1.0,2020-06-15
ONE_BOOK,V,2020-07-20,194.74,131.0688,2020-08-31,True,2020-09-01,212.21,rollback,,
ONE_BOOK,GOOGL,2020-08-18,76.306,364.1669,2020-08-31,True,2020-09-01,81.608,rollback,,
ONE_BOOK,GOOG,2020-08-18,76.309,364.1708,2020-09-03,True,2020-09-04,81.213,rollback,,
ONE_BOOK,KSS,2020-09-04,22.05,1268.8049,2020-09-18,True,2020-09-21,22.53,index_drop,,
ONE_BOOK,MU,2020-07-01,50.8468,983.3155,2020-09-21,True,2020-09-22,49.27,rollback,1.0,2020-07-15
ONE_BOOK,TWTR,2020-09-21,39.8935,1344.9077,2020-09-24,True,2020-09-25,43.21,rollback,1.0,2020-09-22
ONE_BOOK,NVDA,2020-09-28,13.0403,2051.1685,2020-10-02,True,2020-10-05,13.236,rollback,,
ONE_BOOK,PEP,2020-06-10,134.6396,399.1604,2020-10-14,True,2020-10-15,141.16,rollback,1.0,2020-09-28
ONE_BOOK,LRCX,2020-09-25,32.472,804.8147,2020-10-16,True,2020-10-19,36.75,rollback,,
ONE_BOOK,MS,2020-06-26,48.3,501.1626,2020-11-10,True,2020-11-11,55.94,rollback,,
ONE_BOOK,XOM,2020-07-28,38.0284,1437.4207,2020-11-10,True,2020-11-11,37.09,rollback,1.0,2020-10-15
ONE_BOOK,TJX,2020-09-02,55.4,508.6537,2020-11-12,True,2020-11-13,59.77,rollback,,
ONE_BOOK,MYL,2020-11-11,15.71,1949.5266,2020-11-16,True,2020-11-16,15.855,delisted,,
ONE_BOOK,KMI,2020-10-15,12.81,2176.9001,2020-11-18,True,2020-11-19,13.7,rollback,,
ONE_BOOK,MRO,2020-06-19,6.0424,8525.9205,2020-11-25,True,2020-11-27,6.46,rollback,1.0,2020-07-28
ONE_BOOK,IBM,2020-11-11,112.9254,271.2014,2020-11-25,True,2020-11-27,118.738,rollback,,
ONE_BOOK,AAL,2020-11-16,12.87,2384.3593,2020-11-27,True,2020-11-30,14.92,rollback,,
ONE_BOOK,ABBV,2020-08-18,96.62,287.5878,2020-12-01,True,2020-12-02,104.0,rollback,,
ONE_BOOK,NFLX,2020-11-30,49.008,655.0448,2020-12-08,True,2020-12-09,51.053,rollback,,
ONE_BOOK,PFE,2020-11-30,37.95,845.8717,2020-12-14,True,2020-12-15,39.06,rollback,,
ONE_BOOK,ATVI,2020-10-19,79.7266,738.6601,2021-01-04,True,2021-01-05,90.32,rollback,1.0,2020-11-17
ONE_BOOK,NEE,2020-11-27,76.05,423.7929,2021-01-11,True,2021-01-12,79.65,rollback,,
ONE_BOOK,GILD,2020-06-01,74.9071,579.6141,2021-01-13,True,2021-01-14,61.64,rollback,1.0,2020-06-02
ONE_BOOK,ORLY,2020-09-01,30.9047,1794.2552,2021-01-13,True,2021-01-14,32.224,rollback,1.0,2020-10-05
ONE_BOOK,EBAY,2020-11-20,49.8,621.5174,2021-01-13,True,2021-01-14,55.83,rollback,,
ONE_BOOK,BMY,2020-12-16,61.799,1057.4931,2021-01-13,True,2021-01-14,64.91,rollback,1.0,2021-01-05
ONE_BOOK,GOOGL,2021-01-14,87.4435,401.4218,2021-01-27,True,2021-01-28,91.55,rollback,,
ONE_BOOK,GOOG,2021-01-14,87.681,400.3144,2021-01-27,True,2021-01-28,92.197,rollback,,
ONE_BOOK,AAPL,2021-01-14,130.8,268.3752,2021-01-28,False,2021-01-29,135.83,rollback,,
ONE_BOOK,MSFT,2020-11-12,216.5072,300.7481,2021-01-29,True,2021-02-01,235.06,rollback,1.0,2021-01-14
ONE_BOOK,JNJ,2020-12-02,147.85,220.0756,2021-01-29,True,2021-02-01,165.31,rollback,,
ONE_BOOK,CSCO,2021-02-02,45.52,797.9467,2021-02-09,True,2021-02-10,46.15,rollback,,
ONE_BOOK,NVDA,2021-02-03,13.636,2691.6487,2021-02-09,True,2021-02-10,14.4633,rollback,,
ONE_BOOK,CMCSA,2021-01-29,50.0855,1436.0242,2021-02-12,True,2021-02-16,53.0,rollback,1.0,2021-02-01
ONE_BOOK,HPE,2021-01-12,12.04,2908.4417,2021-02-17,True,2021-02-18,13.91,rollback,,
ONE_BOOK,AAL,2021-01-15,16.17,2152.9413,2021-02-25,True,2021-02-26,20.61,rollback,,
ONE_BOOK,SCHW,2021-02-16,58.93,673.9217,2021-02-25,True,2021-02-26,62.91,rollback,,
ONE_BOOK,VZ,2021-02-18,56.94,689.4325,2021-02-25,True,2021-02-26,56.47,rollback,,
ONE_BOOK,TWTR,2021-01-29,51.02,709.4263,2021-03-02,True,2021-03-03,74.01,rollback,,
ONE_BOOK,ORCL,2021-01-28,62.55,589.8115,2021-03-04,True,2021-03-05,67.3101,rollback,,
ONE_BOOK,GPS,2020-06-29,16.8025,3363.6095,2021-03-16,True,2021-03-17,31.12,rollback,1.0,2020-12-10
ONE_BOOK,AVGO,2021-03-02,49.037,833.0455,2021-03-29,True,2021-03-30,46.388,rollback,,
ONE_BOOK,WMT,2021-01-05,48.4157,1481.9703,2021-03-30,True,2021-03-31,45.1833,rollback,1.0,2021-02-11
ONE_BOOK,ORLY,2021-02-11,30.3853,1288.7021,2021-04-05,True,2021-04-06,33.8347,rollback,,
ONE_BOOK,NFLX,2021-03-02,53.6861,1556.949,2021-04-12,True,2021-04-13,55.7,rollback,1.0,2021-03-17
ONE_BOOK,CMG,2021-03-02,29.6013,2740.8133,2021-04-13,True,2021-04-14,30.719,rollback,1.0,2021-03-03
ONE_BOOK,AMZN,2020-11-27,159.4153,422.4064,2021-04-19,True,2021-04-20,168.68,rollback,1.0,2021-01-14
ONE_BOOK,AAPL,2021-03-17,124.05,344.4763,2021-04-20,True,2021-04-21,132.36,rollback,,
ONE_BOOK,WFC,2021-03-31,39.27,1089.1702,2021-04-20,True,2021-04-21,42.24,rollback,,
ONE_BOOK,GOOGL,2021-03-17,103.0353,828.3262,2021-04-22,True,2021-04-23,113.35,rollback,1.0,2021-03-30
ONE_BOOK,T,2021-03-05,29.5074,2861.1319,2021-04-26,True,2021-04-27,30.84,rollback,1.0,2021-04-21
ONE_BOOK,MOS,2021-04-14,32.44,1409.255,2021-04-30,True,2021-05-03,35.3,rollback,,
ONE_BOOK,SCHW,2021-04-26,67.53,690.7657,2021-04-30,True,2021-05-03,70.83,rollback,,
ONE_BOOK,MDLZ,2021-04-21,59.37,755.9815,2021-05-04,True,2021-05-05,60.94,rollback,,
ONE_BOOK,JNJ,2021-04-20,161.0,284.6264,2021-05-05,True,2021-05-06,166.79,rollback,,
ONE_BOOK,VZ,2021-05-03,58.23,803.6901,2021-05-07,True,2021-05-10,59.08,rollback,,
ONE_BOOK,NKE,2021-04-13,134.4645,689.1311,2021-05-10,True,2021-05-11,138.38,rollback,1.0,2021-05-03
ONE_BOOK,RF,2021-04-15,21.23,2168.7815,2021-05-10,True,2021-05-11,22.46,rollback,,
ONE_BOOK,MS,2021-04-15,81.35,566.0176,2021-05-11,True,2021-05-12,85.4,rollback,,
ONE_BOOK,KMI,2021-02-16,15.07,2635.4472,2021-05-13,True,2021-05-14,18.23,rollback,,
ONE_BOOK,MRK,2021-05-06,77.44,601.1195,2021-05-18,True,2021-05-19,78.925,rollback,,
ONE_BOOK,BMY,2021-05-14,65.2,716.1797,2021-05-25,True,2021-05-26,66.72,rollback,,
ONE_BOOK,CCL,2021-04-27,27.59,1696.1967,2021-06-03,True,2021-06-04,30.92,rollback,,
ONE_BOOK,APH,2021-05-10,33.4501,2811.4808,2021-06-07,True,2021-06-08,34.27,rollback,1.0,2021-05-11
ONE_BOOK,GM,2021-05-26,56.97,869.4854,2021-06-10,True,2021-06-11,61.36,rollback,,
ONE_BOOK,MSFT,2021-06-07,249.98,215.8606,2021-06-11,True,2021-06-14,257.9,rollback,,
ONE_BOOK,F,2021-04-06,12.4867,7321.129,2021-06-14,True,2021-06-15,14.91,rollback,1.0,2021-04-27
ONE_BOOK,EBAY,2021-05-11,59.8664,1543.9259,2021-06-14,True,2021-06-15,66.0,rollback,1.0,2021-05-12
ONE_BOOK,ORLY,2021-06-16,35.8133,1476.8523,2021-06-23,True,2021-06-24,36.544,rollback,,
ONE_BOOK,AMZN,2021-06-09,163.6435,327.0659,2021-06-24,True,2021-06-25,173.2,rollback,,
ONE_BOOK,NOW,2021-06-11,98.0,547.5527,2021-07-01,True,2021-07-02,109.65,rollback,,
ONE_BOOK,AMD,2021-04-22,81.61,565.644,2021-07-07,True,2021-07-08,87.86,rollback,,
ONE_BOOK,NFLX,2021-06-15,50.123,1060.7393,2021-07-07,False,2021-07-08,53.093,rollback,,
ONE_BOOK,MDT,2021-06-16,124.821,842.4914,2021-08-04,True,2021-08-05,128.51,rollback,1.0,2021-06-17
ONE_BOOK,MU,2021-06-16,82.73,639.3521,2021-08-05,False,2021-08-06,81.2,rollback,,
ONE_BOOK,CNP,2021-07-09,25.38,2083.7792,2021-08-12,True,2021-08-13,26.87,rollback,,
ONE_BOOK,BAC,2021-07-02,41.37,1308.315,2021-08-17,True,2021-08-18,40.77,rollback,,
ONE_BOOK,WMT,2021-05-19,46.9033,997.7529,2021-08-18,True,2021-08-19,49.4433,rollback,,
ONE_BOOK,CSCO,2021-05-07,52.2967,1768.8259,2021-08-31,True,2021-09-01,59.02,rollback,1.0,2021-05-13
ONE_BOOK,MGM,2021-06-24,44.15,1213.1748,2021-09-01,True,2021-09-02,42.48,rollback,,
ONE_BOOK,MO,2021-06-08,50.55,1062.5177,2021-09-07,True,2021-09-08,50.66,rollback,,
ONE_BOOK,CMCSA,2021-08-06,58.2,925.8419,2021-09-07,True,2021-09-08,60.16,rollback,,
ONE_BOOK,NOW,2021-08-20,118.21,453.1618,2021-09-08,True,2021-09-09,131.156,rollback,,
ONE_BOOK,NFLX,2021-08-06,52.4,1028.372,2021-09-13,True,2021-09-14,58.489,rollback,,
ONE_BOOK,UAL,2021-09-08,46.7,1190.1603,2021-09-28,True,2021-09-29,48.8808,rollback,,
ONE_BOOK,CCL,2021-09-14,23.2,2364.7564,2021-09-29,True,2021-09-30,25.44,rollback,,
ONE_BOOK,KIM,2021-08-06,21.62,2492.1973,2021-10-21,True,2021-10-22,22.92,rollback,,
ONE_BOOK,UAA,2021-10-22,20.82,2588.6111,2021-10-29,True,2021-11-01,22.0,rollback,,
ONE_BOOK,SBUX,2021-09-01,118.01,475.0482,2021-11-08,True,2021-11-09,114.65,rollback,,
ONE_BOOK,KO,2021-09-02,56.4762,1971.3219,2021-11-08,True,2021-11-09,56.41,rollback,1.0,2021-09-09
ONE_BOOK,GPS,2021-09-29,25.49,2158.8205,2021-11-08,True,2021-11-09,24.59,rollback,,
ONE_BOOK,LRCX,2021-04-27,64.736,722.8703,2021-11-10,True,2021-11-11,61.359,rollback,,
ONE_BOOK,UAL,2021-11-02,47.915,1126.6998,2021-11-11,True,2021-11-12,51.35,rollback,,
ONE_BOOK,BA,2021-06-25,250.75,214.6675,2021-11-16,True,2021-11-17,229.54,rollback,,
ONE_BOOK,INTC,2021-11-09,51.2565,2146.2011,2021-12-08,False,2021-12-09,51.3,rollback,1.0,2021-11-10
ONE_BOOK,KHC,2021-09-09,36.92,1493.7495,2021-12-17,True,2021-12-20,35.26,rollback,,
ONE_BOOK,CMG,2021-11-10,35.88,1529.6911,2021-12-28,True,2021-12-29,34.789,rollback,,
ONE_BOOK,VZ,2021-07-08,55.7244,1913.5739,2021-12-29,True,2021-12-30,52.38,rollback,1.0,2021-08-13
ONE_BOOK,FCX,2021-11-12,40.67,1343.2775,2021-12-30,True,2021-12-31,41.64,rollback,,
ONE_BOOK,BMY,2021-08-20,68.71,779.6672,2022-01-03,True,2022-01-04,61.5,rollback,,
ONE_BOOK,LUV,2021-12-29,42.1099,2532.8618,2022-01-05,True,2022-01-06,44.48,rollback,1.0,2021-12-30
ONE_BOOK,LUMN,2021-12-20,12.48,4157.023,2022-01-11,True,2022-01-12,13.31,rollback,,
ONE_BOOK,MDT,2022-01-10,104.94,534.1887,2022-01-18,True,2022-01-19,107.39,rollback,,
ONE_BOOK,MPC,2021-11-10,66.0815,1661.3436,2022-01-20,True,2022-01-21,71.45,rollback,1.0,2021-11-11
ONE_BOOK,T,2021-09-30,25.1186,4225.7209,2022-01-21,True,2022-01-24,26.19,rollback,1.0,2021-12-09
ONE_BOOK,WFC,2022-01-04,51.58,1061.9482,2022-01-21,True,2022-01-24,52.73,rollback,,
ONE_BOOK,LVS,2022-01-12,39.25,1440.1535,2022-01-27,True,2022-01-28,42.33,rollback,,
ONE_BOOK,GPS,2022-01-26,17.8701,6049.2254,2022-02-01,False,2022-02-02,18.46,index_drop,1.0,2022-01-27
ONE_BOOK,GOOGL,2022-02-02,151.25,369.3531,2022-02-07,True,2022-02-08,139.0265,rollback,,
ONE_BOOK,NCLH,2022-01-10,22.44,2498.2424,2022-02-10,True,2022-02-11,22.57,rollback,,
ONE_BOOK,MS,2022-01-28,99.1,531.3874,2022-02-11,False,2022-02-14,104.03,rollback,,
ONE_BOOK,AAL,2022-02-08,17.4,3209.0689,2022-02-11,True,2022-02-14,17.85,rollback,,
ONE_BOOK,VIAC,2021-12-31,31.902,3361.4801,2022-02-16,True,2022-02-16,29.58,delisted,1.0,2022-01-31
ONE_BOOK,ABBV,2022-01-28,135.99,387.1992,2022-02-18,True,2022-02-22,141.25,rollback,,
ONE_BOOK,NEM,2022-02-14,64.17,874.8874,2022-02-28,True,2022-03-01,66.94,rollback,,
ONE_BOOK,MO,2022-02-14,50.37,1114.5268,2022-03-07,True,2022-03-08,52.9,rollback,,
ONE_BOOK,JNJ,2022-01-28,167.5265,637.8359,2022-03-08,False,2022-03-09,170.01,rollback,1.0,2022-03-02
ONE_BOOK,CTRA,2022-01-28,21.22,2481.272,2022-03-08,True,2022-03-09,25.65,rollback,,
ONE_BOOK,KHC,2022-02-17,36.525,1471.4709,2022-03-08,True,2022-03-09,39.11,rollback,,
ONE_BOOK,SLB,2022-03-08,43.05,1280.2673,2022-03-09,True,2022-03-10,43.1,rollback,,
ONE_BOOK,KMI,2022-02-14,17.51,3206.4151,2022-03-11,True,2022-03-14,17.9,rollback,,
ONE_BOOK,XEL,2022-01-28,67.2992,1612.4626,2022-03-14,True,2022-03-15,70.11,rollback,1.0,2022-02-02
ONE_BOOK,AVGO,2022-03-10,58.556,923.0498,2022-03-21,False,2022-03-22,60.172,rollback,,
ONE_BOOK,HST,2022-03-11,18.3403,5942.5195,2022-03-21,True,2022-03-22,18.47,rollback,1.0,2022-03-14
ONE_BOOK,CMG,2022-03-16,30.4724,1815.6546,2022-03-21,True,2022-03-22,30.9548,rollback,,
ONE_BOOK,ORCL,2021-11-17,86.485,1265.5237,2022-03-23,True,2022-03-24,80.65,rollback,1.0,2022-03-03
ONE_BOOK,KIM,2022-03-10,23.54,2295.9813,2022-03-23,True,2022-03-24,24.02,rollback,,
ONE_BOOK,KMI,2022-03-22,17.99,3202.6367,2022-03-28,True,2022-03-29,18.52,rollback,,
ONE_BOOK,WMB,2022-03-22,32.33,1782.0153,2022-03-28,True,2022-03-29,32.86,rollback,,
ONE_BOOK,SCHW,2022-03-15,84.11,639.434,2022-03-30,True,2022-03-31,88.45,rollback,,
ONE_BOOK,TWTR,2021-09-02,55.4223,1945.4895,2022-03-31,True,2022-04-01,39.16,rollback,1.0,2021-12-09
ONE_BOOK,NKE,2021-12-30,153.7753,693.2045,2022-03-31,True,2022-04-01,134.45,rollback,1.0,2022-02-22
ONE_BOOK,PM,2022-03-31,93.78,615.5805,2022-04-04,True,2022-04-05,95.41,rollback,,
ONE_BOOK,MO,2022-03-16,51.16,1081.4032,2022-04-07,True,2022-04-08,53.75,rollback,,
ONE_BOOK,XOM,2022-03-22,81.63,705.8473,2022-04-11,True,2022-04-12,85.71,rollback,,
ONE_BOOK,GILD,2022-03-30,60.42,970.4137,2022-04-12,True,2022-04-13,61.62,rollback,,
ONE_BOOK,KO,2022-03-25,61.12,940.0341,2022-04-26,True,2022-04-27,65.0,rollback,,
ONE_BOOK,QCOM,2022-03-25,157.97,363.6894,2022-05-05,True,2022-05-06,141.248,rollback,,
ONE_BOOK,DVN,2022-04-08,60.34,932.2077,2022-05-09,False,2022-05-10,63.51,rollback,,
ONE_BOOK,MRK,2022-04-29,88.66,604.3946,2022-05-13,True,2022-05-16,90.79,rollback,,
ONE_BOOK,OXY,2022-04-08,57.7,974.9085,2022-05-18,False,2022-05-19,63.03,rollback,,
ONE_BOOK,SLB,2022-04-11,42.64,1324.9633,2022-05-18,True,2022-05-19,40.04,rollback,,
ONE_BOOK,MU,2022-05-16,71.51,757.3215,2022-05-18,True,2022-05-19,70.76,rollback,,
ONE_BOOK,BKR,2022-04-11,36.7948,3069.3699,2022-05-31,True,2022-06-01,36.53,rollback,1.0,2022-04-13
ONE_BOOK,C,2022-05-20,50.26,1043.5584,2022-06-01,True,2022-06-02,52.4,rollback,,
ONE_BOOK,GOOG,2022-06-01,114.9315,482.6555,2022-06-03,True,2022-06-06,116.7425,rollback,,
ONE_BOOK,LVS,2022-03-25,36.3782,3013.1041,2022-06-09,True,2022-06-10,34.44,rollback,1.0,2022-05-19
ONE_BOOK,GOOGL,2022-06-22,110.5565,461.5271,2022-06-27,True,2022-06-28,115.8025,rollback,,
ONE_BOOK,BMY,2022-06-08,75.9684,1407.8565,2022-06-30,True,2022-07-01,76.98,rollback,1.0,2022-06-10
ONE_BOOK,CVS,2022-04-11,105.373,1069.9788,2022-07-20,True,2022-07-21,92.52,rollback,1.0,2022-04-12
ONE_BOOK,HPE,2022-05-10,15.679,6661.164,2022-07-22,True,2022-07-25,13.89,rollback,1.0,2022-05-19
ONE_BOOK,F,2022-03-23,14.1844,7831.2216,2022-07-26,True,2022-07-27,12.75,rollback,1.0,2022-06-28
ONE_BOOK,TSLA,2022-06-03,243.225,223.5532,2022-07-26,True,2022-07-27,263.81,rollback,,
ONE_BOOK,CSCO,2022-03-16,50.2024,2207.1689,2022-08-01,True,2022-08-02,45.52,rollback,1.0,2022-06-01
ONE_BOOK,FCX,2022-07-21,28.5151,3783.8491,2022-08-01,True,2022-08-02,29.63,rollback,1.0,2022-07-25
ONE_BOOK,KO,2022-07-27,62.88,859.6451,2022-08-02,True,2022-08-03,63.55,rollback,,
ONE_BOOK,NOW,2022-08-02,88.932,632.2058,2022-08-16,True,2022-08-17,97.8,rollback,,
ONE_BOOK,MSFT,2022-07-21,260.395,414.3382,2022-08-18,True,2022-08-19,288.9,rollback,1.0,2022-07-25
ONE_BOOK,JPM,2022-07-28,115.25,482.0909,2022-08-18,True,2022-08-19,120.62,rollback,,
ONE_BOOK,CMG,2022-07-01,26.0416,1947.5673,2022-08-19,True,2022-08-22,32.8,rollback,,
ONE_BOOK,HAL,2022-08-19,29.55,1977.7247,2022-08-26,True,2022-08-29,31.17,rollback,,
ONE_BOOK,APA,2022-08-19,35.962,1625.0165,2022-08-31,True,2022-09-01,38.405,rollback,,
ONE_BOOK,GILD,2022-09-02,64.3517,1704.4522,2022-09-13,True,2022-09-14,64.41,rollback,1.0,2022-09-07
ONE_BOOK,DXCM,2022-08-26,87.73,670.6803,2022-10-14,True,2022-10-17,99.41,rollback,,
ONE_BOOK,AAL,2022-08-02,14.1245,7953.803,2022-10-20,False,2022-10-21,13.36,rollback,1.0,2022-08-03
ONE_BOOK,PFE,2022-07-27,51.94,1040.6581,2022-10-27,True,2022-10-28,45.98,rollback,,
ONE_BOOK,UAL,2022-08-02,37.4434,3000.2089,2022-11-02,True,2022-11-03,40.57,rollback,1.0,2022-08-03
ONE_BOOK,CCL,2022-10-21,7.93,6702.2912,2022-11-02,True,2022-11-03,8.34,rollback,,
ONE_BOOK,XOM,2022-09-15,96.22,579.6774,2022-11-09,True,2022-11-10,110.19,rollback,,
ONE_BOOK,USB,2022-10-17,43.88,1210.9803,2022-11-09,True,2022-11-10,44.0,rollback,,
ONE_BOOK,MU,2022-08-19,58.5249,1903.4556,2022-11-16,False,2022-11-17,57.3,rollback,1.0,2022-11-04
ONE_BOOK,QCOM,2022-08-19,129.8881,874.5888,2022-11-16,True,2022-11-17,118.95,rollback,1.0,2022-10-28
ONE_BOOK,EXC,2022-07-01,45.2,1122.0185,2022-12-02,True,2022-12-05,41.18,rollback,,
ONE_BOOK,KDP,2022-11-11,38.04,1490.8583,2022-12-05,True,2022-12-06,37.98,rollback,,
ONE_BOOK,MO,2022-11-23,45.21,1237.6637,2022-12-05,True,2022-12-06,47.18,rollback,,
ONE_BOOK,ABBV,2022-11-08,148.83,363.9522,2022-12-09,True,2022-12-12,163.21,rollback,,
ONE_BOOK,PCG,2022-11-21,15.1,3658.1951,2022-12-15,False,2022-12-16,16.09,rollback,,
ONE_BOOK,LRCX,2022-12-13,48.554,1159.8683,2023-01-17,True,2023-01-18,47.718,rollback,,
ONE_BOOK,AMZN,2022-10-21,105.3913,1042.4159,2023-01-18,True,2023-01-19,94.74,rollback,1.0,2022-11-11
ONE_BOOK,AAL,2022-11-25,14.2699,7749.7997,2023-01-24,True,2023-01-25,15.97,rollback,1.0,2022-12-06
ONE_BOOK,DIS,2022-11-25,98.81,564.4456,2023-02-06,True,2023-02-07,109.295,rollback,,
ONE_BOOK,WBD,2022-12-13,11.65,4834.4955,2023-02-07,True,2023-02-08,15.26,rollback,,
ONE_BOOK,TSLA,2023-01-18,136.555,433.1346,2023-02-16,True,2023-02-17,199.985,rollback,,
ONE_BOOK,ATVI,2022-03-30,79.001,1423.254,2023-02-21,True,2023-02-22,77.28,rollback,1.0,2022-05-09
ONE_BOOK,PCG,2023-01-26,15.9148,7422.4264,2023-03-07,True,2023-03-08,16.32,rollback,1.0,2023-01-27
ONE_BOOK,AAL,2023-03-08,16.41,3560.4932,2023-03-10,True,2023-03-13,15.02,forced_deleverage,,
ONE_BOOK,PG,2023-02-23,140.23,425.037,2023-03-21,True,2023-03-22,144.04,rollback,,
ONE_BOOK,TSLA,2023-03-22,199.3,278.308,2023-03-23,True,2023-03-24,191.65,forced_deleverage,,
ONE_BOOK,BMY,2023-01-20,73.9,764.9762,2023-04-04,True,2023-04-05,69.46,rollback,,
ONE_BOOK,APA,2023-01-20,41.6073,2762.9674,2023-04-04,True,2023-04-05,37.89,rollback,1.0,2023-03-08
ONE_BOOK,KMI,2023-03-29,17.24,3181.0112,2023-04-04,True,2023-04-05,17.55,rollback,,
ONE_BOOK,CNC,2023-04-06,66.28,838.4853,2023-04-12,True,2023-04-13,67.52,rollback,,
ONE_BOOK,MS,2023-04-14,86.43,653.0479,2023-04-20,True,2023-04-21,90.48,rollback,,
ONE_BOOK,CSX,2022-12-13,32.3583,3338.6637,2023-04-24,True,2023-04-25,31.06,rollback,1.0,2022-12-16
ONE_BOOK,MSFT,2023-04-27,295.97,185.2938,2023-05-03,True,2023-05-04,306.24,rollback,,
ONE_BOOK,CMCSA,2023-02-17,39.71,1497.6565,2023-05-04,True,2023-05-05,40.57,rollback,,
ONE_BOOK,CCL,2023-05-08,10.15,5521.8421,2023-05-08,True,2023-05-09,10.49,forced_deleverage,,
ONE_BOOK,INTC,2023-05-05,31.38,1739.5762,2023-05-10,True,2023-05-11,29.6,forced_deleverage,,
ONE_BOOK,EQT,2022-11-07,35.6863,3163.734,2023-05-19,True,2023-05-22,35.46,rollback,1.0,2023-02-17
ONE_BOOK,KLAC,2023-02-08,41.298,1468.4928,2023-05-23,True,2023-05-24,40.685,rollback,,
ONE_BOOK,LRCX,2023-04-21,51.3807,2156.0391,2023-05-23,True,2023-05-24,56.354,rollback,1.0,2023-04-26
ONE_BOOK,AMAT,2023-05-04,113.05,473.3327,2023-05-23,True,2023-05-24,121.92,rollback,,
ONE_BOOK,KEY,2023-04-14,12.55,4497.6692,2023-06-08,True,2023-06-09,10.98,rollback,,
ONE_BOOK,WBD,2023-02-23,14.4655,7932.3284,2023-06-15,True,2023-06-16,13.09,rollback,1.0,2023-05-10
ONE_BOOK,PYPL,2022-09-15,95.1,586.475,2023-06-21,True,2023-06-22,67.52,rollback,,
ONE_BOOK,F,2023-05-24,11.64,4851.3604,2023-06-21,False,2023-06-22,13.91,rollback,,
ONE_BOOK,VZ,2023-06-13,35.5,1717.2928,2023-07-06,True,2023-07-07,36.22,rollback,,
ONE_BOOK,OXY,2023-05-24,59.6434,1882.7349,2023-07-14,True,2023-07-17,59.1,rollback,1.0,2023-05-26
ONE_BOOK,CRM,2023-06-23,210.5,276.7511,2023-07-17,True,2023-07-18,227.05,rollback,,
ONE_BOOK,SLB,2023-05-24,45.96,1228.5507,2023-07-21,True,2023-07-24,56.22,rollback,,
ONE_BOOK,BKNG,2023-03-22,103.0948,537.9904,2023-07-24,True,2023-07-25,115.4204,rollback,,
ONE_BOOK,KO,2023-06-16,60.9565,1981.7697,2023-07-25,True,2023-07-26,61.86,rollback,1.0,2023-07-07
ONE_BOOK,SCHW,2023-02-07,63.3291,1847.2059,2023-07-27,True,2023-07-28,66.1,rollback,1.0,2023-04-14
ONE_BOOK,BAC,2023-05-18,28.3697,4067.3075,2023-07-28,True,2023-07-31,31.9,rollback,1.0,2023-05-22
ONE_BOOK,INTC,2023-07-18,34.28,1889.5913,2023-07-31,True,2023-08-01,35.82,rollback,,
ONE_BOOK,KLAC,2023-07-28,50.0,1328.9196,2023-08-02,True,2023-08-03,49.727,rollback,,
ONE_BOOK,TSCO,2023-07-28,45.06,1474.5374,2023-08-04,True,2023-08-07,44.462,rollback,,
ONE_BOOK,AMZN,2023-07-31,133.2,500.3066,2023-08-08,True,2023-08-09,139.97,rollback,,
ONE_BOOK,KHC,2023-07-17,35.69,1762.5956,2023-09-22,True,2023-09-25,34.11,rollback,,
ONE_BOOK,AMD,2023-08-07,113.7907,1103.0516,2023-09-29,True,2023-10-02,102.21,forced_deleverage,1.0,2023-08-10
ONE_BOOK,NCLH,2023-07-31,18.8997,6449.4511,2023-10-03,True,2023-10-04,15.97,forced_deleverage,1.0,2023-10-02
ONE_BOOK,DVN,2023-05-25,48.8416,2313.7101,2023-10-19,True,2023-10-20,49.06,rollback,1.0,2023-09-29
ONE_BOOK,NKE,2023-10-04,95.58,558.7759,2023-10-25,True,2023-10-26,102.18,rollback,,
ONE_BOOK,T,2023-10-20,15.19,3521.2807,2023-10-25,True,2023-10-26,15.17,rollback,,
ONE_BOOK,TFC,2023-10-27,28.35,1842.1363,2023-10-27,True,2023-10-30,27.88,forced_deleverage,,
ONE_BOOK,IBM,2023-10-27,143.62,363.6483,2023-11-09,True,2023-11-10,147.44,rollback,,
ONE_BOOK,CSX,2023-07-31,33.3803,3963.2522,2023-11-15,True,2023-11-16,31.18,rollback,1.0,2023-08-01
ONE_BOOK,GOOGL,2023-11-13,131.78,420.9087,2023-11-17,True,2023-11-20,133.69,rollback,,
ONE_BOOK,CCL,2023-07-24,17.727,7336.7778,2023-11-24,True,2023-11-27,14.38,rollback,1.0,2023-08-03
ONE_BOOK,CMG,2023-06-22,38.8915,2869.3985,2023-11-27,True,2023-11-28,44.2,rollback,1.0,2023-10-23
ONE_BOOK,ORCL,2023-07-17,117.7253,1098.8245,2023-11-27,True,2023-11-28,116.0,rollback,1.0,2023-07-28
ONE_BOOK,HPE,2023-11-30,16.84,3527.9889,2023-12-04,False,2023-12-05,16.43,rollback,,
ONE_BOOK,SCHW,2023-11-01,52.06,1015.7123,2023-12-06,True,2023-12-07,62.69,rollback,,
ONE_BOOK,MRK,2023-10-26,101.9663,1087.7959,2023-12-07,True,2023-12-08,103.79,rollback,1.0,2023-11-20
ONE_BOOK,GILD,2023-12-01,76.78,778.4452,2023-12-18,True,2023-12-19,79.58,rollback,,
ONE_BOOK,WBD,2023-12-04,11.24,5401.5628,2023-12-18,True,2023-12-19,11.94,rollback,,
ONE_BOOK,KR,2023-12-01,44.51,1342.8894,2023-12-19,True,2023-12-20,44.88,rollback,,
ONE_BOOK,CMCSA,2023-11-16,42.78,1359.0071,2023-12-20,True,2023-12-21,44.22,rollback,,
ONE_BOOK,AMD,2023-12-08,129.54,482.4944,2023-12-20,True,2023-12-21,138.14,rollback,,
ONE_BOOK,GM,2023-07-25,35.3416,3445.2082,2023-12-26,True,2023-12-27,36.1,rollback,1.0,2023-10-02
ONE_BOOK,GOOGL,2023-12-08,134.2,465.7168,2023-12-27,True,2023-12-28,140.78,rollback,,
ONE_BOOK,GOOG,2023-12-19,138.0,470.7714,2023-12-27,True,2023-12-28,141.85,rollback,,
ONE_BOOK,WMT,2023-12-19,51.6133,1258.7784,2023-12-28,True,2023-12-29,52.51,rollback,,
ONE_BOOK,WBA,2023-11-16,21.0273,5676.6164,2024-01-03,True,2024-01-04,24.19,rollback,1.0,2023-12-06
ONE_BOOK,PFE,2023-12-01,28.3775,4425.7144,2024-01-04,False,2024-01-05,29.02,rollback,1.0,2023-12-21
ONE_BOOK,CVS,2023-11-29,68.74,861.2299,2024-01-08,False,2024-01-09,80.55,rollback,,
ONE_BOOK,T,2023-12-20,16.5296,8082.4027,2024-01-08,True,2024-01-09,16.97,rollback,1.0,2023-12-27
ONE_BOOK,NI,2023-12-29,26.41,2547.6356,2024-01-09,True,2024-01-10,27.13,rollback,,
ONE_BOOK,TSCO,2024-01-05,42.742,1562.8196,2024-01-09,False,2024-01-10,44.146,rollback,,
ONE_BOOK,PYPL,2024-01-09,60.28,1111.1186,2024-01-22,False,2024-01-23,64.525,rollback,,
ONE_BOOK,PG,2024-01-02,146.36,459.5245,2024-01-24,True,2024-01-25,152.4,rollback,,
ONE_BOOK,AAL,2024-01-09,14.3209,9312.3264,2024-01-30,False,2024-01-31,14.49,rollback,1.0,2024-01-23
ONE_BOOK,AMZN,2024-01-10,152.06,438.5376,2024-01-30,True,2024-01-31,157.0,rollback,,
ONE_BOOK,PANW,2024-01-10,152.6,436.9639,2024-01-31,True,2024-02-01,169.5,rollback,,
ONE_BOOK,NOW,2024-01-10,141.5,471.2181,2024-01-31,True,2024-02-01,153.818,rollback,,
ONE_BOOK,F,2024-01-31,11.76,5719.1695,2024-02-14,True,2024-02-15,12.35,rollback,,
ONE_BOOK,KO,2024-02-02,60.82,1092.7526,2024-02-22,True,2024-02-23,61.09,rollback,,
ONE_BOOK,EXC,2023-12-07,37.3515,3458.1636,2024-02-26,True,2024-02-27,35.88,rollback,1.0,2023-12-27
ONE_BOOK,MRO,2023-12-22,24.89,2683.7804,2024-02-28,True,2024-02-29,24.23,rollback,,
ONE_BOOK,ANET,2024-02-27,68.52,949.4604,2024-03-05,True,2024-03-06,71.0775,rollback,,
ONE_BOOK,AMD,2024-02-23,181.86,359.2269,2024-03-11,True,2024-03-12,200.52,rollback,,
ONE_BOOK,DVN,2024-01-31,43.18,1557.5283,2024-03-12,True,2024-03-13,47.02,rollback,,
ONE_BOOK,HPQ,2024-01-09,30.4282,4392.6026,2024-03-15,True,2024-03-18,30.39,rollback,1.0,2024-01-10
ONE_BOOK,PARA,2024-02-01,13.6982,9626.7937,2024-03-21,True,2024-03-22,11.84,rollback,1.0,2024-02-15
ONE_BOOK,DAL,2024-01-09,40.187,3343.7276,2024-03-22,False,2024-03-25,45.48,rollback,1.0,2024-01-25
ONE_BOOK,BMY,2024-03-26,52.39,1364.9133,2024-04-01,True,2024-04-02,53.1,rollback,,
ONE_BOOK,GM,2024-03-18,40.89,1671.0464,2024-04-04,True,2024-04-05,43.72,rollback,,
ONE_BOOK,MRK,2024-03-26,125.78,568.4865,2024-04-04,True,2024-04-05,127.65,rollback,,
ONE_BOOK,AMZN,2024-03-13,175.0594,781.5373,2024-04-10,True,2024-04-11,186.74,rollback,1.0,2024-03-19
ONE_BOOK,AES,2024-03-22,15.97,4458.0606,2024-04-10,True,2024-04-11,17.91,rollback,,
ONE_BOOK,MO,2024-02-02,41.49,1601.9411,2024-05-06,True,2024-05-07,43.6,rollback,,
ONE_BOOK,NFLX,2024-05-07,59.628,1132.5289,2024-05-14,True,2024-05-15,61.857,rollback,,
ONE_BOOK,MSFT,2024-04-08,425.17,165.0934,2024-05-17,True,2024-05-20,420.21,rollback,,
ONE_BOOK,AVGO,2024-03-22,135.0,527.3984,2024-05-21,True,2024-05-22,139.601,rollback,,
ONE_BOOK,PANW,2024-04-11,141.335,490.1756,2024-05-21,True,2024-05-22,156.045,rollback,,
ONE_BOOK,ANET,2024-04-08,74.2525,945.2778,2024-05-23,True,2024-05-24,76.1075,rollback,,
ONE_BOOK,VZ,2024-05-31,40.14,1776.0702,2024-06-05,True,2024-06-06,41.31,rollback,,
ONE_BOOK,CCL,2024-02-28,15.619,8303.1038,2024-06-06,True,2024-06-07,16.44,rollback,1.0,2024-02-29
ONE_BOOK,T,2024-03-06,17.1,3879.3244,2024-06-07,True,2024-06-10,18.0,rollback,,
ONE_BOOK,SBUX,2024-04-02,82.8497,1710.1243,2024-06-07,True,2024-06-10,81.49,rollback,1.0,2024-05-15
ONE_BOOK,NCLH,2024-05-22,16.93,4271.7351,2024-06-07,True,2024-06-10,17.67,rollback,,
ONE_BOOK,WMT,2024-04-11,60.3742,2286.0688,2024-06-12,True,2024-06-13,66.3,rollback,1.0,2024-04-12
ONE_BOOK,CMG,2024-06-07,63.4166,2325.0894,2024-06-20,True,2024-06-21,64.504,rollback,1.0,2024-06-11
ONE_BOOK,AMZN,2024-06-07,184.9,401.0383,2024-06-24,True,2024-06-25,186.81,rollback,,
ONE_BOOK,ANET,2024-06-13,80.0,928.4463,2024-06-24,True,2024-06-25,82.835,rollback,,
ONE_BOOK,AVGO,2024-06-06,142.187,524.8085,2024-06-25,True,2024-06-26,159.762,rollback,,
ONE_BOOK,F,2024-06-25,12.17,6051.187,2024-07-05,True,2024-07-08,12.97,rollback,,
ONE_BOOK,GEHC,2024-05-22,79.1354,1865.2991,2024-07-18,True,2024-07-19,81.23,rollback,1.0,2024-07-10
ONE_BOOK,MDT,2024-06-10,83.3792,1761.3453,2024-07-18,False,2024-07-19,81.58,rollback,1.0,2024-06-11
ONE_BOOK,CSCO,2024-06-21,47.1,1566.9669,2024-07-18,True,2024-07-19,48.09,rollback,,
ONE_BOOK,XOM,2024-05-20,119.73,603.155,2024-07-19,True,2024-07-22,115.18,rollback,,
ONE_BOOK,TSLA,2024-06-13,188.39,394.2854,2024-07-19,True,2024-07-22,244.21,rollback,,
ONE_BOOK,PFE,2024-06-25,28.1542,5203.7162,2024-07-23,True,2024-07-24,29.51,rollback,1.0,2024-06-26
ONE_BOOK,WBD,2024-01-03,10.1917,13603.5444,2024-07-25,True,2024-07-26,8.1,rollback,1.0,2024-03-12
ONE_BOOK,PYPL,2024-07-23,60.72,1307.316,2024-08-02,False,2024-08-05,60.7,rollback,,
ONE_BOOK,NEE,2024-07-23,72.5793,2181.1576,2024-08-05,False,2024-08-06,76.85,rollback,1.0,2024-07-24
ONE_BOOK,MMM,2024-06-10,100.43,732.436,2024-08-16,True,2024-08-19,127.08,rollback,,
ONE_BOOK,CNC,2024-07-26,69.45,1133.9931,2024-08-20,False,2024-08-21,78.46,rollback,,
ONE_BOOK,META,2024-08-07,503.13,159.4062,2024-08-23,True,2024-08-26,527.6,rollback,,
ONE_BOOK,WBD,2024-08-21,7.8,10877.0403,2024-08-27,True,2024-08-28,8.12,rollback,,
ONE_BOOK,KVUE,2024-06-21,18.5744,8205.8161,2024-08-28,True,2024-08-29,21.81,rollback,1.0,2024-07-17
ONE_BOOK,SBUX,2024-07-22,78.33,1021.4694,2024-09-03,False,2024-09-04,93.37,rollback,,
ONE_BOOK,C,2024-07-31,65.91,1246.9709,2024-09-03,True,2024-09-04,61.57,rollback,,
ONE_BOOK,WMB,2024-08-08,43.21,1816.9416,2024-09-04,True,2024-09-05,44.74,rollback,,
ONE_BOOK,PEP,2024-09-04,177.9,473.8252,2024-09-06,True,2024-09-09,177.05,rollback,,
ONE_BOOK,AMZN,2024-09-06,177.24,479.8086,2024-09-16,True,2024-09-17,186.85,rollback,,
ONE_BOOK,PFE,2024-09-10,29.42,2866.8304,2024-09-17,True,2024-09-18,30.0,rollback,,
ONE_BOOK,MNST,2024-07-29,51.0,1587.841,2024-09-20,True,2024-09-23,51.19,rollback,,
ONE_BOOK,TSLA,2024-08-26,217.4895,779.5295,2024-09-20,True,2024-09-23,242.61,rollback,1.0,2024-09-09
ONE_BOOK,T,2024-08-07,19.2,4177.3995,2024-09-23,True,2024-09-24,21.38,rollback,,
ONE_BOOK,WMB,2024-09-23,45.44,1947.472,2024-09-24,True,2024-09-25,46.0,rollback,,
ONE_BOOK,INTC,2024-09-17,21.71,4036.3392,2024-09-30,True,2024-10-01,23.46,rollback,,
ONE_BOOK,CRM,2024-07-26,258.17,305.0694,2024-10-01,False,2024-10-02,273.72,rollback,,
ONE_BOOK,CVS,2024-09-05,59.5,1425.5479,2024-10-01,True,2024-10-02,63.01,rollback,,
ONE_BOOK,MU,2024-09-24,94.73,946.6657,2024-10-01,True,2024-10-02,100.59,rollback,,
ONE_BOOK,BMY,2024-09-23,49.56,1785.6649,2024-10-08,True,2024-10-09,52.25,rollback,,
ONE_BOOK,XOM,2024-08-30,115.4229,1500.0523,2024-10-15,True,2024-10-16,120.89,rollback,1.0,2024-09-18
ONE_BOOK,KEY,2024-10-07,16.69,5488.5901,2024-10-17,True,2024-10-18,17.16,rollback,,
ONE_BOOK,BAC,2024-10-07,40.21,2278.2678,2024-10-21,True,2024-10-22,41.65,rollback,,
ONE_BOOK,NFLX,2024-10-09,71.925,1249.9904,2024-10-23,True,2024-10-24,75.197,rollback,,
ONE_BOOK,KVUE,2024-10-22,22.55,4019.1337,2024-11-12,True,2024-11-13,23.45,rollback,,
ONE_BOOK,AMZN,2024-10-18,187.15,494.1838,2024-11-15,True,2024-11-18,204.15,rollback,,
ONE_BOOK,BKR,2024-10-24,37.1,2438.6965,2024-11-25,True,2024-11-26,43.75,rollback,,
ONE_BOOK,VTRS,2024-08-29,11.6365,15226.1235,2024-11-26,True,2024-11-27,13.08,rollback,1.0,2024-10-03
ONE_BOOK,VZ,2024-11-18,41.67,2177.5768,2024-12-04,True,2024-12-05,42.59,rollback,,
ONE_BOOK,MRK,2024-07-30,116.5245,1489.4421,2024-12-10,True,2024-12-11,100.7,rollback,1.0,2024-10-16
ONE_BOOK,TJX,2024-09-26,117.9963,1554.6103,2024-12-12,True,2024-12-13,126.43,rollback,1.0,2024-10-01
ONE_BOOK,META,2024-11-27,574.89,164.7713,2024-12-17,True,2024-12-18,621.0,rollback,,
ONE_BOOK,MSFT,2024-11-13,421.64,219.0921,2024-12-18,True,2024-12-19,441.62,rollback,,
ONE_BOOK,PFE,2024-12-18,26.19,3526.3357,2024-12-26,True,2024-12-27,26.43,rollback,,
ONE_BOOK,NVDA,2024-12-05,145.11,649.5815,2025-01-07,True,2025-01-08,142.58,rollback,,
ONE_BOOK,WBA,2025-01-08,9.5,9363.3318,2025-01-27,True,2025-01-28,11.27,rollback,,
ONE_BOOK,KO,2024-11-26,63.9294,2982.1994,2025-01-28,True,2025-01-29,62.56,rollback,1.0,2024-12-12
ONE_BOOK,NKE,2024-09-23,83.7055,2158.0486,2025-01-31,True,2025-02-03,74.9,rollback,1.0,2024-10-16
ONE_BOOK,CCL,2024-12-23,25.9527,7003.2171,2025-02-03,True,2025-02-04,27.18,rollback,1.0,2024-12-27
ONE_BOOK,AAPL,2025-01-29,234.12,405.8051,2025-02-25,True,2025-02-26,244.33,rollback,,
ONE_BOOK,MCHP,2024-07-23,85.6056,1918.5453,2025-02-27,True,2025-02-28,57.16,rollback,1.0,2024-08-19
ONE_BOOK,KHC,2024-12-13,30.5903,6173.7865,2025-02-27,True,2025-02-28,30.88,rollback,1.0,2025-01-27
ONE_BOOK,PARA,2024-11-26,10.8556,17546.9846,2025-03-10,True,2025-03-11,11.96,rollback,1.0,2024-11-27
ONE_BOOK,EIX,2025-03-03,54.65,1735.5377,2025-03-11,True,2025-03-12,56.38,rollback,,
ONE_BOOK,NEE,2025-01-30,71.99,1334.1858,2025-03-12,True,2025-03-13,73.2,rollback,,
ONE_BOOK,MRK,2025-02-28,90.705,1030.6923,2025-03-12,False,2025-03-13,93.4,rollback,,
ONE_BOOK,KMI,2025-03-03,27.5,3449.1592,2025-03-18,True,2025-03-19,27.64,rollback,,
ONE_BOOK,GM,2025-03-03,49.98,1897.8915,2025-03-26,True,2025-03-27,46.99,rollback,,
ONE_BOOK,CMCSA,2025-03-19,36.05,2647.2117,2025-03-28,True,2025-03-31,36.83,rollback,,
ONE_BOOK,VZ,2025-03-27,44.48,2118.8491,2025-04-08,True,2025-04-09,41.675,forced_deleverage,,
ONE_BOOK,CRWD,2025-04-10,92.25,875.9353,2025-04-10,True,2025-04-11,91.745,forced_deleverage,,
ONE_BOOK,MU,2025-03-13,83.9296,2057.9104,2025-04-16,True,2025-04-17,70.435,forced_deleverage,1.0,2025-04-14
ONE_BOOK,ABT,2025-04-17,130.375,607.3786,2025-05-05,True,2025-05-06,131.95,rollback,,
ONE_BOOK,PFE,2025-01-28,26.5414,7023.4493,2025-05-06,True,2025-05-07,22.99,rollback,1.0,2025-02-03
ONE_BOOK,F,2025-02-05,10.16,9010.9275,2025-05-07,True,2025-05-08,10.34,rollback,,
ONE_BOOK,TGT,2024-12-13,135.72,701.3705,2025-05-13,True,2025-05-14,97.05,rollback,,
ONE_BOOK,UPS,2025-05-09,97.2,832.4801,2025-05-13,True,2025-05-14,99.85,rollback,,
ONE_BOOK,FSLR,2025-05-09,134.115,603.3107,2025-05-21,True,2025-05-22,159.95,rollback,,
ONE_BOOK,HSIC,2025-03-11,75.35,1276.1195,2025-05-22,True,2025-05-23,70.73,rollback,,
ONE_BOOK,FCX,2025-05-27,39.14,2019.6061,2025-06-10,True,2025-06-11,41.385,rollback,,
ONE_BOOK,FAST,2025-05-15,40.265,2072.7222,2025-06-11,True,2025-06-12,42.495,rollback,,
ONE_BOOK,SLB,2025-05-09,34.76,2327.995,2025-06-16,False,2025-06-17,36.22,rollback,,
ONE_BOOK,PFE,2025-05-27,23.55,3356.7444,2025-06-16,True,2025-06-17,24.27,rollback,,
ONE_BOOK,NEM,2025-05-12,51.02,1673.1558,2025-06-20,True,2025-06-23,58.36,rollback,,
ONE_BOOK,XOM,2025-02-05,109.0297,1680.9714,2025-06-24,True,2025-06-25,108.11,rollback,1.0,2025-03-13
ONE_BOOK,CMG,2025-06-17,52.25,1568.6693,2025-06-26,True,2025-06-27,54.195,rollback,,
ONE_BOOK,KMI,2025-06-23,28.22,2928.094,2025-07-01,True,2025-07-02,28.33,rollback,,
ONE_BOOK,DOC,2025-02-26,20.269,9310.3574,2025-07-07,True,2025-07-08,17.935,rollback,1.0,2025-03-31
ONE_BOOK,GM,2025-06-12,49.46,1690.7908,2025-07-07,True,2025-07-08,52.16,rollback,,
ONE_BOOK,MRNA,2025-06-25,26.85,3109.771,2025-07-07,True,2025-07-08,30.08,rollback,,
ONE_BOOK,F,2025-06-11,10.64,7890.2576,2025-07-11,True,2025-07-14,11.76,rollback,,
ONE_BOOK,DOW,2025-07-09,29.365,3063.7437,2025-07-11,True,2025-07-14,29.25,rollback,,
ONE_BOOK,NKE,2025-06-27,69.79,1234.9863,2025-07-14,True,2025-07-15,72.26,rollback,,
ONE_BOOK,HAL,2025-07-09,22.07,4076.6348,2025-07-14,True,2025-07-15,22.05,rollback,,
ONE_BOOK,MDLZ,2025-05-28,67.005,1193.6238,2025-07-23,True,2025-07-24,70.07,rollback,,
ONE_BOOK,AES,2025-07-02,10.85,8034.8781,2025-07-28,True,2025-07-29,13.49,rollback,,
ONE_BOOK,KVUE,2025-07-14,22.58,3997.6815,2025-07-28,True,2025-07-29,22.38,rollback,,
ONE_BOOK,META,2025-07-29,720.0,124.6698,2025-08-01,True,2025-08-04,760.0,rollback,,
ONE_BOOK,CSCO,2025-08-05,68.69,1264.3031,2025-08-11,True,2025-08-12,70.785,rollback,,
ONE_BOOK,PLTR,2025-07-08,138.775,635.5708,2025-08-14,False,2025-08-15,179.725,rollback,,
ONE_BOOK,CMCSA,2025-07-15,34.2959,5195.8911,2025-08-26,True,2025-08-27,33.59,rollback,1.0,2025-08-15
ONE_BOOK,SLB,2025-07-24,34.94,2586.2257,2025-08-26,True,2025-08-27,35.27,rollback,,
ONE_BOOK,ENPH,2025-03-11,62.5488,3041.9292,2025-08-27,True,2025-08-28,38.09,rollback,1.0,2025-03-12
ONE_BOOK,INTC,2025-05-08,21.01,3742.8961,2025-08-29,False,2025-09-02,23.88,rollback,,
ONE_BOOK,OXY,2025-07-09,45.58,1973.7239,2025-09-03,True,2025-09-04,46.3,rollback,,
ONE_BOOK,XOM,2025-07-29,111.9,802.2051,2025-09-03,True,2025-09-04,112.105,rollback,,
ONE_BOOK,AVGO,2025-08-28,296.0913,607.1289,2025-09-17,True,2025-09-18,350.0,rollback,1.0,2025-09-02
ONE_BOOK,CRWD,2025-08-29,111.2163,820.6355,2025-09-25,True,2025-09-26,118.025,rollback,,
ONE_BOOK,MU,2025-09-05,127.77,722.1149,2025-09-25,True,2025-09-26,158.52,rollback,,
ONE_BOOK,WBD,2025-08-28,12.19,7496.7477,2025-10-02,True,2025-10-03,19.378,rollback,,
ONE_BOOK,CMG,2025-10-03,40.27,2534.9769,2025-10-06,True,2025-10-07,41.5,rollback,,
ONE_BOOK,EQT,2025-07-15,58.3,1548.3548,2025-10-09,True,2025-10-10,54.7,rollback,,
ONE_BOOK,PYPL,2025-09-18,70.08,1432.5458,2025-10-10,True,2025-10-13,70.72,rollback,,
ONE_BOOK,JNJ,2025-09-26,178.6,555.79,2025-10-21,True,2025-10-22,192.0,rollback,,
ONE_BOOK,CRM,2025-06-25,255.2884,720.7781,2025-10-23,True,2025-10-24,257.42,rollback,1.0,2025-10-13
ONE_BOOK,WBD,2025-10-22,20.68,4997.1405,2025-10-28,True,2025-10-29,20.92,rollback,,
ONE_BOOK,BMY,2025-07-15,46.6288,3766.7567,2025-11-03,True,2025-11-04,45.49,rollback,1.0,2025-08-12
ONE_BOOK,PLTR,2025-10-24,182.88,558.2857,2025-11-04,True,2025-11-05,189.0,rollback,,
ONE_BOOK,AMZN,2025-08-15,227.5782,834.8956,2025-11-12,True,2025-11-13,243.05,rollback,1.0,2025-10-03
ONE_BOOK,CTRA,2025-08-27,23.6468,8229.2251,2025-11-17,True,2025-11-18,25.74,rollback,1.0,2025-10-10
ONE_BOOK,VZ,2025-09-18,43.88,2287.7801,2025-11-17,True,2025-11-18,41.03,rollback,,
ONE_BOOK,KHC,2025-11-19,24.915,4019.9023,2025-12-01,True,2025-12-02,25.38,rollback,,
ONE_BOOK,SCHW,2025-09-26,95.13,1043.5095,2025-12-12,True,2025-12-15,96.73,rollback,,
ONE_BOOK,HPE,2025-10-29,23.3324,8807.7935,2025-12-12,True,2025-12-15,24.0,rollback,1.0,2025-12-02
ONE_BOOK,KDP,2025-11-19,27.29,3669.8739,2025-12-15,True,2025-12-16,29.34,rollback,,
ONE_BOOK,USB,2025-10-24,48.21,2117.6973,2025-12-29,True,2025-12-30,54.6,rollback,,
ONE_BOOK,SMCI,2025-06-17,43.24,1895.6306,2025-12-31,True,,29.27,open,,
ONE_BOOK,CAG,2025-09-04,18.9756,10175.7556,2025-12-31,True,,17.31,open,1.0,2025-10-07
ONE_BOOK,CNC,2025-11-05,35.815,2893.0062,2025-12-31,True,,41.15,open,,
ONE_BOOK,PCG,2025-11-06,15.8599,13204.2782,2025-12-31,True,,16.07,open,1.0,2025-12-16
ONE_BOOK,T,2025-11-13,25.65,4023.0657,2025-12-31,True,,24.84,open,,
ONE_BOOK,CVS,2025-11-13,78.7946,2577.7822,2025-12-31,True,,79.36,open,1.0,2025-11-18
ONE_BOOK,VICI,2025-12-16,28.2526,7435.4233,2025-12-31,True,,28.12,open,1.0,2025-12-17
ONE_BOOK,VZ,2025-12-18,40.6284,5200.0913,2025-12-31,True,,40.73,open,1.0,2025-12-30
